stable_id,k,y,g,c,err_D_g_raw,err_M_g_raw,err_D_g_cal,err_M_g_cal,err_D_y_raw,err_M_y_raw,err_D_y_cal,err_M_y_cal,abs_err_D_y_cal,abs_err_M_y_cal,abs_err_D_g_cal,abs_err_M_g_cal
train:0000,0,0.8350355625,0.8344565053,0.0005790572,-0.0272970181,-0.0627921205,-0.0156269073,-0.0314137813,0.0117115974,0.0057085752,0.0250292420,0.0261887908,0.0250292420,0.0261887908,0.0156269073,0.0314137813
train:0005,0,0.5229709148,0.5223918576,0.0005790572,0.0219644327,-0.0235185008,0.0336345434,0.0078598384,-0.0247893333,-0.0705925226,-0.0114716887,-0.0501123071,0.0114716887,0.0501123071,0.0336345434,0.0078598384
train:0009,0,1.1187778711,1.1181988139,0.0005790572,-0.0985010247,-0.1514933686,-0.0868309140,-0.1201150294,-0.0404695272,-0.1148973703,-0.0271518826,-0.0944171548,0.0271518826,0.0944171548,0.0868309140,0.1201150294
train:0014,0,0.8305689692,0.8299899120,0.0005790572,0.0256202240,-0.0164839607,0.0372903347,0.0148943785,0.0360913873,-0.1124966145,0.0494090319,-0.0920163989,0.0494090319,0.0920163989,0.0372903347,0.0148943785
train:0020,0,1.9809824228,1.9804033656,0.0005790572,0.0524866004,0.0603083987,0.0641567111,0.0916867379,0.0944155455,-0.0112909079,0.1077331901,0.0091893077,0.1077331901,0.0091893077,0.0641567111,0.0916867379
train:0032,0,-1.3486143351,-1.3491933923,0.0005790572,-0.1048454623,-0.1461213212,-0.0931753516,-0.1147429820,0.0035879612,-0.0442775488,0.0169056058,-0.0237973332,0.0169056058,0.0237973332,0.0931753516,0.1147429820
train:0046,0,1.7545804977,1.7540014405,0.0005790572,-0.1897343974,-0.0446410756,-0.1780642867,-0.0132627364,-0.1787339449,-0.2749178410,-0.1654163003,-0.2544376254,0.1654163003,0.2544376254,0.1780642867,0.0132627364
train:0047,0,-2.2389152050,-2.2394942622,0.0005790572,-0.0202915054,-0.0775541644,-0.0086213946,-0.0461758252,-0.1093530655,0.0284621716,-0.0960354209,0.0489423871,0.0960354209,0.0489423871,0.0086213946,0.0461758252
train:0048,0,1.0445847511,1.0440056939,0.0005790572,0.0004686732,0.0557732601,0.0121387839,0.0871515993,-0.0240832567,-0.0828151703,-0.0107656121,-0.0623349547,0.0107656121,0.0623349547,0.0121387839,0.0871515993
train:0076,0,0.1403542608,0.1397752036,0.0005790572,0.1202644650,0.0310169403,0.1319345757,0.0623952795,-0.0265067071,0.1551628411,-0.0131890625,0.1756430566,0.0131890625,0.1756430566,0.1319345757,0.0623952795
train:0081,0,-1.9892654419,-1.9898444991,0.0005790572,-0.3795954566,-0.1276432853,-0.3679253459,-0.0962649461,-0.4392558336,-0.1406056881,-0.4259381890,-0.1201254725,0.4259381890,0.1201254725,0.3679253459,0.0962649461
train:0087,0,0.9651907682,0.9646117110,0.0005790572,0.0799425859,0.0931390543,0.0916126966,0.1245173935,0.1159760952,0.0757262111,0.1292937398,0.0962064266,0.1292937398,0.0962064266,0.0916126966,0.1245173935
train:0097,0,0.6646496058,0.6640705485,0.0005790572,-0.0207581501,0.0549091120,-0.0090880394,0.0862874512,-0.0446636677,-0.1094369292,-0.0313460231,-0.0889567137,0.0313460231,0.0889567137,0.0090880394,0.0862874512
train:0101,-1,-3.4425287247,0.0225108039,-3.4650395286,0.1244910803,0.1519380581,0.1361611910,0.1833163973,0.2577993870,0.0825638771,0.2711170316,0.1030440927,0.2711170316,0.1030440927,0.1361611910,0.1833163973
train:0104,0,-1.1194200516,-1.1199991088,0.0005790572,-0.0206937175,-0.0309982877,-0.0090236068,0.0003800515,0.0224752426,-0.0276951790,0.0357928872,-0.0072149634,0.0357928872,0.0072149634,0.0090236068,0.0003800515
train:0137,0,-1.8379578590,-1.8385369163,0.0005790572,-0.0154888015,-0.1270737033,-0.0038186908,-0.0956953641,-0.1489250660,-0.1320121288,-0.1356074214,-0.1115319133,0.1356074214,0.1115319133,0.0038186908,0.0956953641
train:0138,0,1.2539839745,1.2534049172,0.0005790572,-0.0024812799,-0.0355690103,0.0091888309,-0.0041906711,0.0559201241,0.0206997395,0.0692377687,0.0411799550,0.0692377687,0.0411799550,0.0091888309,0.0041906711
train:0142,0,-0.5453354716,-0.5459145289,0.0005790572,-0.1215548496,-0.2277591806,-0.1098847389,-0.1963808414,-0.2305055559,0.0093818903,-0.2171879113,0.0298621058,0.2171879113,0.0298621058,0.1098847389,0.1963808414
train:0150,0,3.2302160263,3.2296369691,0.0005790572,-0.1382376533,0.0959687848,-0.1265675426,0.1273471240,0.0588474274,0.0992345810,0.0721650720,0.1197147965,0.0721650720,0.1197147965,0.1265675426,0.1273471240
train:0158,0,0.0055958917,0.0050168345,0.0005790572,-0.0101637607,-0.1194954207,0.0015063500,-0.0881170815,-0.0350942435,-0.0920849452,-0.0217765989,-0.0716047296,0.0217765989,0.0716047296,0.0015063500,0.0881170815
train:0162,0,-2.7706990242,-2.7712780814,0.0005790572,-0.1039659362,-0.1323532443,-0.0922958255,-0.1009749051,-0.1385214329,-0.1155331135,-0.1252037883,-0.0950528979,0.1252037883,0.0950528979,0.0922958255,0.1009749051
train:0175,0,-0.3574006855,-0.3579797428,0.0005790572,0.0329036135,-0.0493947249,0.0445737243,-0.0180163857,0.0357723236,-0.0004215837,0.0490899682,0.0200586319,0.0490899682,0.0200586319,0.0445737243,0.0180163857
train:0177,0,2.5282692909,2.5276902337,0.0005790572,-0.0739132743,-0.1188339572,-0.0622431636,-0.0874556180,-0.0135965347,-0.1945402622,-0.0002788901,-0.1740600467,0.0002788901,0.1740600467,0.0622431636,0.0874556180
train:0178,0,1.1220678091,1.1214887519,0.0005790572,0.0365555901,0.0704920907,0.0482257009,0.1018704299,-0.2277652025,-0.1559249163,-0.2144475579,-0.1354447007,0.2144475579,0.1354447007,0.0482257009,0.1018704299
train:0182,0,2.1861765385,2.1855974812,0.0005790572,0.2358958144,0.2357577700,0.2475659251,0.2671361092,0.0057244301,0.1048812866,0.0190420747,0.1253615022,0.0190420747,0.1253615022,0.2475659251,0.2671361092
train:0191,0,0.7837314010,0.7831523437,0.0005790572,-0.0822426658,-0.1110041719,-0.0705725551,-0.0796258327,-0.0581480861,-0.1184996367,-0.0448304415,-0.0980194211,0.0448304415,0.0980194211,0.0705725551,0.0796258327
train:0196,0,2.5256993771,2.5251203198,0.0005790572,0.0637381692,-0.0274314265,0.0754082799,0.0039469127,0.0265057087,0.0186352730,0.0398233533,0.0391154885,0.0398233533,0.0391154885,0.0754082799,0.0039469127
train:0197,0,2.5138449669,2.5132659096,0.0005790572,-0.0560838561,-0.1239475589,-0.0444137454,-0.0925692197,0.0478317738,-0.1279423237,0.0611494184,-0.1074621081,0.0611494184,0.1074621081,0.0444137454,0.0925692197
train:0203,0,-2.0329470634,-2.0335261207,0.0005790572,0.1578815598,-0.0089535098,0.1695516706,0.0224248294,0.0355787277,-0.1340301037,0.0488963723,-0.1135498881,0.0488963723,0.1135498881,0.1695516706,0.0224248294
train:0220,0,-1.2253183126,-1.2258973699,0.0005790572,0.0243096967,-0.0839235168,0.0359798074,-0.0525451776,-0.1042538881,-0.0738857985,-0.0909362435,-0.0534055829,0.0909362435,0.0534055829,0.0359798074,0.0525451776
train:0221,0,-0.4932444692,-0.4938235264,0.0005790572,0.0077629108,-0.1158658843,0.0194330215,-0.0844875451,0.0969761014,0.1239730120,0.1102937460,0.1444532275,0.1102937460,0.1444532275,0.0194330215,0.0844875451
train:0223,0,0.6699057221,0.6693266649,0.0005790572,-0.0684422236,-0.1079959254,-0.0567721128,-0.0766175862,0.0337309241,-0.0972038507,0.0470485687,-0.0767236352,0.0470485687,0.0767236352,0.0567721128,0.0766175862
train:0235,0,-3.4710645676,-3.4716436248,0.0005790572,-0.2107462268,-0.3167421203,-0.1990761161,-0.2853637811,-0.2902038097,-0.5326495171,-0.2768861651,-0.5121693015,0.2768861651,0.5121693015,0.1990761161,0.2853637811
train:0243,-1,-1.9469616413,1.5180778873,-3.4650395286,0.1216593158,0.0650608909,0.1333294265,0.0964392301,-0.1262323856,0.0259978771,-0.1129147410,0.0464780927,0.1129147410,0.0464780927,0.1333294265,0.0964392301
train:0253,0,0.5600351095,0.5594560523,0.0005790572,-0.0356859546,0.0246101637,-0.0240158439,0.0559885029,0.0498183966,-0.0332654119,0.0631360412,-0.0127851963,0.0631360412,0.0127851963,0.0240158439,0.0559885029
train:0255,0,-2.6615762711,-2.6621553283,0.0005790572,0.2109377999,0.0776680131,0.2226079106,0.1090463523,0.0932443142,0.1441912651,0.1065619588,0.1646714807,0.1065619588,0.1646714807,0.2226079106,0.1090463523
train:0257,0,-0.7404508591,-0.7410299163,0.0005790572,0.0303999800,-0.0458977204,0.0420700908,-0.0145193812,-0.0272835493,-0.0046198368,-0.0139659047,0.0158603787,0.0139659047,0.0158603787,0.0420700908,0.0145193812
train:0268,0,-0.9118789434,-0.9124580007,0.0005790572,-0.0233967285,-0.0526922922,-0.0117266178,-0.0213139530,-0.1196137667,-0.1407372952,-0.1062961221,-0.1202570796,0.1062961221,0.1202570796,0.0117266178,0.0213139530
train:0270,0,-1.6134635210,-1.6140425782,0.0005790572,0.1311329026,-0.0595656018,0.1428030133,-0.0281872626,0.1355611086,0.0976809263,0.1488787532,0.1181611419,0.1488787532,0.1181611419,0.1428030133,0.0281872626
train:0272,0,-0.3632321656,-0.3638112228,0.0005790572,0.0707344134,0.0722377915,0.0824045241,0.1036161307,0.1201460958,0.0343022048,0.1334637403,0.0547824204,0.1334637403,0.0547824204,0.0824045241,0.1036161307
train:0282,0,0.0229033455,0.0223242883,0.0005790572,0.0851255376,-0.0990517121,0.0967956483,-0.0676733729,0.0201731846,-0.0582170412,0.0334908292,-0.0377368256,0.0334908292,0.0377368256,0.0967956483,0.0676733729
train:0286,0,0.1883670688,0.1877880115,0.0005790572,-0.0074604135,-0.0110815149,0.0042096972,0.0202968243,-0.0241642743,-0.0574137419,-0.0108466297,-0.0369335264,0.0108466297,0.0369335264,0.0042096972,0.0202968243
train:0288,0,-0.4417529404,-0.4423319977,0.0005790572,-0.0682570319,-0.1079367678,-0.0565869212,-0.0765584286,-0.0214643776,-0.1099778712,-0.0081467330,-0.0894976556,0.0081467330,0.0894976556,0.0565869212,0.0765584286
train:0289,0,-2.7726945877,-2.7732736449,0.0005790572,0.0479288716,0.0259557385,0.0595989823,0.0573340777,0.0192101002,-0.0102667809,0.0325277448,0.0102134347,0.0325277448,0.0102134347,0.0595989823,0.0573340777
train:0290,0,1.4158906937,1.4153116364,0.0005790572,-0.0206376891,-0.0006945710,-0.0089675784,0.0306837682,-0.0538156033,-0.0522050858,-0.0404979587,-0.0317248702,0.0404979587,0.0317248702,0.0089675784,0.0306837682
train:0292,0,-2.4168756008,-2.4174546581,0.0005790572,-0.6041992288,-0.5801296811,-0.5925291181,-0.5487513419,-0.4053287506,-0.4915106297,-0.3920111060,-0.4710304141,0.3920111060,0.4710304141,0.5925291181,0.5487513419
train:0295,0,1.4014668465,1.4008877892,0.0005790572,0.0889205355,0.0482679028,0.1005906463,0.0796462420,0.1738247871,0.1287333965,0.1871424317,0.1492136121,0.1871424317,0.1492136121,0.1005906463,0.0796462420
train:0297,0,0.6743839979,0.6738049407,0.0005790572,-0.2062118631,-0.4830993991,-0.1945417523,-0.4517210599,-0.2496860027,-0.3672136068,-0.2363683581,-0.3467333913,0.2363683581,0.3467333913,0.1945417523,0.4517210599
train:0301,0,0.9316703677,0.9310913105,0.0005790572,-0.0121684056,-0.0713452082,-0.0004982948,-0.0399668690,-0.0533792377,-0.0340880752,-0.0400615931,-0.0136078596,0.0400615931,0.0136078596,0.0004982948,0.0399668690
train:0306,0,-1.2578071356,-1.2583861928,0.0005790572,0.1352152247,-0.1134526115,0.1468853354,-0.0820742723,0.0921914577,-0.1972411871,0.1055091023,-0.1767609715,0.1055091023,0.1767609715,0.1468853354,0.0820742723
train:0309,0,0.6101143360,0.6095352788,0.0005790572,-0.0677607637,-0.0412645917,-0.0560906529,-0.0098862525,-0.0696169138,0.0338280797,-0.0562992692,0.0543082952,0.0562992692,0.0543082952,0.0560906529,0.0098862525
train:0314,-1,-4.3355264664,-0.8704869378,-3.4650395286,0.2389940393,0.0334162485,0.2506641500,0.0647945877,0.0779547691,-0.2118477821,0.0912724137,-0.1913675666,0.0912724137,0.1913675666,0.2506641500,0.0647945877
train:0316,0,-1.3991554976,-1.3997345548,0.0005790572,0.1445646901,0.0996246953,0.1562348008,0.1310030345,0.0515997410,0.0010570288,0.0649173856,0.0215372443,0.0649173856,0.0215372443,0.1562348008,0.1310030345
train:0320,0,1.3209449053,1.3203658480,0.0005790572,-0.0262762885,0.0288535971,-0.0146061778,0.0602319363,-0.0235313177,-0.0082617998,-0.0102136731,0.0122184157,0.0102136731,0.0122184157,0.0146061778,0.0602319363
train:0322,0,-0.2064435631,-0.2070226203,0.0005790572,-0.0388949644,-0.1467823740,-0.0272248536,-0.1154040348,-0.0062865466,-0.0628088266,0.0070310980,-0.0423286110,0.0070310980,0.0423286110,0.0272248536,0.1154040348
train:0324,0,-5.5826463699,-5.5832254272,0.0005790572,0.0673583169,-0.0059940200,0.0790284276,0.0253843192,0.0673089027,-0.0756325722,0.0806265473,-0.0551523566,0.0806265473,0.0551523566,0.0790284276,0.0253843192
train:0333,0,1.8696109056,1.8690318484,0.0005790572,-0.2590096574,-0.1153944116,-0.2473395467,-0.0840160724,0.1302102804,-0.0516353846,0.1435279250,-0.0311551690,0.1435279250,0.0311551690,0.2473395467,0.0840160724
train:0334,0,-0.7786469460,-0.7792260032,0.0005790572,0.0802028198,-0.0970216375,0.0918729305,-0.0656432983,-0.0564683676,0.0379841924,-0.0431507230,0.0584644079,0.0431507230,0.0584644079,0.0918729305,0.0656432983
train:0341,0,2.1230792999,2.1225002427,0.0005790572,0.1149535794,0.0838637967,0.1266236901,0.1152421359,0.0475275517,0.2989599705,0.0608451962,0.3194401860,0.0608451962,0.3194401860,0.1266236901,0.1152421359
train:0346,0,1.5151396990,1.5145606417,0.0005790572,0.1190254111,-0.0386597495,0.1306955218,-0.0072814103,-0.2051087618,0.0369747877,-0.1917911172,0.0574550033,0.1917911172,0.0574550033,0.1306955218,0.0072814103
train:0347,0,0.0182029568,0.0176238995,0.0005790572,0.0024790522,-0.0517889578,0.0141491629,-0.0204106186,0.1675451361,0.0598682426,0.1808627807,0.0803484581,0.1808627807,0.0803484581,0.0141491629,0.0204106186
train:0350,0,1.4524577856,1.4518787284,0.0005790572,0.1238258500,0.1588934083,0.1354959607,0.1902717475,0.0862296820,0.3408077955,0.0995473266,0.3612880111,0.0995473266,0.3612880111,0.1354959607,0.1902717475
train:0353,0,-3.9324529171,-3.9330319743,0.0005790572,-0.1145083289,-0.0470117908,-0.1028382182,-0.0156334516,0.0008082390,-0.1201744080,0.0141258836,-0.0996941924,0.0141258836,0.0996941924,0.1028382182,0.0156334516
train:0354,-1,-1.3356685638,2.1293709647,-3.4650395286,0.0719037425,0.0296638381,0.0835738532,0.0610421773,0.0208587646,0.0961787701,0.0341764092,0.1166589856,0.0341764092,0.1166589856,0.0835738532,0.0610421773
train:0359,0,-2.0056395531,-2.0062186103,0.0005790572,-0.1640987973,-0.2739592176,-0.1524286866,-0.2425808784,-0.4096826315,-0.0568468571,-0.3963649869,-0.0363666415,0.3963649869,0.0363666415,0.1524286866,0.2425808784
train:0363,0,-4.1523399353,-4.1529189925,0.0005790572,-0.5219859462,-0.4523472171,-0.5103158355,-0.4209688779,0.6565108299,0.0693092346,0.6698284745,0.0897894502,0.6698284745,0.0897894502,0.5103158355,0.4209688779
train:0373,0,0.5947220325,0.5941429753,0.0005790572,-0.0830706935,0.0246279259,-0.0714005828,0.0560062651,0.0211658478,0.0456272960,0.0344834924,0.0661075115,0.0344834924,0.0661075115,0.0714005828,0.0560062651
train:0375,0,0.9419683814,0.9413893242,0.0005790572,0.1061533112,-0.0034647565,0.1178234220,0.0279135827,0.1527686715,0.0071076751,0.1660863161,0.0275878906,0.1660863161,0.0275878906,0.1178234220,0.0279135827
train:0378,0,2.3931765556,2.3925974984,0.0005790572,-0.0725583415,0.0497239251,-0.0608882308,0.0811022643,0.0852487087,0.1346297264,0.0985663533,0.1551099420,0.0985663533,0.1551099420,0.0608882308,0.0811022643
train:0379,0,0.7512609959,0.7506819386,0.0005790572,-0.0928319674,-0.1332474332,-0.0811618567,-0.1018690940,0.1191827059,0.0440702438,0.1325003505,0.0645504594,0.1325003505,0.0645504594,0.0811618567,0.1018690940
train:0380,0,0.3686134517,0.3680343945,0.0005790572,0.0782406349,0.0140600819,0.0899107456,0.0454384211,-0.1209277213,0.2115349919,-0.1076100767,0.2320152074,0.1076100767,0.2320152074,0.0899107456,0.0454384211
train:0387,0,1.7225983143,1.7220192570,0.0005790572,-0.0908805709,-0.0335776191,-0.0792104602,-0.0021992799,-0.0620107651,-0.0792703629,-0.0486931205,-0.0587901473,0.0486931205,0.0587901473,0.0792104602,0.0021992799
train:0393,0,0.7568614483,0.7562823910,0.0005790572,-0.1401019078,-0.0806244593,-0.1284317970,-0.0492461201,-0.0464340448,-0.1643375754,-0.0331164002,-0.1438573599,0.0331164002,0.1438573599,0.1284317970,0.0492461201
train:0394,-1,-3.7757899761,-0.3107504475,-3.4650395286,-0.1241254735,-0.1497158337,-0.1124553628,-0.1183374945,-0.0682334900,-0.2283005714,-0.0549158454,-0.2078203559,0.0549158454,0.2078203559,0.1124553628,0.1183374945
train:0396,0,0.3502503932,0.3496713359,0.0005790572,0.0365778823,0.0512738843,0.0482479930,0.0826522235,0.0555362999,0.0451113284,0.0688539445,0.0655915439,0.0688539445,0.0655915439,0.0482479930,0.0826522235
train:0398,0,-0.3249827623,-0.3255618196,0.0005790572,0.2684646864,0.0744907875,0.2801347971,0.1058691267,0.3308213949,0.0977382660,0.3441390395,0.1182184815,0.3441390395,0.1182184815,0.2801347971,0.1058691267
train:0412,0,-0.4145249426,-0.4151039999,0.0005790572,-0.1995276790,-0.1159123759,-0.1878575683,-0.0845340367,-0.0354845226,0.0004821122,-0.0221668780,0.0209623277,0.0221668780,0.0209623277,0.1878575683,0.0845340367
train:0414,0,0.3129098415,0.3123307843,0.0005790572,-0.0969440024,-0.0355576556,-0.0852738917,-0.0041793164,-0.0588999391,-0.0123275518,-0.0455822945,0.0081526637,0.0455822945,0.0081526637,0.0852738917,0.0041793164
train:0415,0,1.8414021730,1.8408231158,0.0005790572,-0.0886206012,-0.0894604306,-0.0769504905,-0.0580820914,0.0038523674,-0.0367358923,0.0171700120,-0.0162556767,0.0171700120,0.0162556767,0.0769504905,0.0580820914
train:0419,0,1.9772578478,1.9766787905,0.0005790572,0.0320749898,-0.0784402471,0.0437451005,-0.0470619079,0.0894877911,0.0898400545,0.1028054357,0.1103202701,0.1028054357,0.1103202701,0.0437451005,0.0470619079
train:0425,0,1.2542315722,1.2536525149,0.0005790572,0.0470958371,0.0408945699,0.0587659478,0.0722729091,-0.0296839476,0.0059543848,-0.0163663030,0.0264346004,0.0163663030,0.0264346004,0.0587659478,0.0722729091
train:0435,0,-1.7407385111,-1.7413175683,0.0005790572,0.0581150670,0.2082803864,0.0697851777,0.2396587256,-0.1455188990,-0.0156084299,-0.1322012544,0.0048717856,0.1322012544,0.0048717856,0.0697851777,0.2396587256
train:0436,0,-0.0582856797,-0.0588647369,0.0005790572,-0.0731683541,-0.1698260102,-0.0614982434,-0.1384476710,-0.1719074659,-0.2322686277,-0.1585898213,-0.2117884122,0.1585898213,0.2117884122,0.0614982434,0.1384476710
train:0442,0,1.6504267454,1.6498476882,0.0005790572,0.0693543572,0.0354152341,0.0810244679,0.0667935733,0.0703943968,0.0221525431,0.0837120414,0.0426327586,0.0837120414,0.0426327586,0.0810244679,0.0667935733
train:0446,0,-0.5063868165,-0.5069658737,0.0005790572,-0.1084791701,-0.0495860260,-0.0968090594,-0.0182076868,-0.0565294921,-0.0389839411,-0.0432118475,-0.0185037255,0.0432118475,0.0185037255,0.0968090594,0.0182076868
train:0448,0,1.6944385767,1.6938595195,0.0005790572,0.0789850373,0.1819384713,0.0906551480,0.2133168105,0.1258797646,0.0070699453,0.1391974092,0.0275501609,0.1391974092,0.0275501609,0.0906551480,0.2133168105
train:0450,0,0.5662899613,0.5657109041,0.0005790572,0.0281464476,-0.1055819969,0.0398165584,-0.0742036577,0.0156418681,-0.1746500731,0.0289595127,-0.1541698575,0.0289595127,0.1541698575,0.0398165584,0.0742036577
train:0453,0,0.1782927811,0.1777137239,0.0005790572,-0.0196779351,-0.0182552617,-0.0080078244,0.0131230775,-0.0452066362,-0.0530637205,-0.0318889916,-0.0325835049,0.0318889916,0.0325835049,0.0080078244,0.0131230775
train:0462,0,-2.0783612728,-2.0789403301,0.0005790572,0.1432984490,0.1284111161,0.1549685597,0.1597894553,-0.0656359196,0.0770990849,-0.0523182750,0.0975793004,0.0523182750,0.0975793004,0.1549685597,0.1597894553
train:0471,0,1.0278472900,1.0272682328,0.0005790572,-0.0106088500,0.0145047326,0.0010612607,0.0458830718,-0.0186510086,0.0231966972,-0.0053333640,0.0436769128,0.0053333640,0.0436769128,0.0010612607,0.0458830718
train:0472,0,-1.2108380795,-1.2114171367,0.0005790572,-0.1569643598,-0.3176654558,-0.1452942491,-0.2862871166,-0.1120823622,-0.1831088066,-0.0987647176,-0.1626285911,0.0987647176,0.1626285911,0.1452942491,0.2862871166
train:0473,0,1.1036465168,1.1030674596,0.0005790572,-0.0314881187,0.0099982638,-0.0198180079,0.0413766030,0.0675647259,0.0248196125,0.0808823705,0.0452998281,0.0808823705,0.0452998281,0.0198180079,0.0413766030
train:0483,0,0.7695562243,0.7689771671,0.0005790572,0.0061209221,0.0534662027,0.0177910328,0.0848445419,-0.0227771401,0.1818642020,-0.0094594955,0.2023444176,0.0094594955,0.2023444176,0.0177910328,0.0848445419
train:0487,0,-0.9616103172,-0.9621893745,0.0005790572,0.0311850328,-0.0539989453,0.0428551435,-0.0226206061,0.1120922565,0.0868246555,0.1254099011,0.1073048711,0.1254099011,0.1073048711,0.0428551435,0.0226206061
train:0488,0,-1.9450353384,-1.9456143956,0.0005790572,0.2971927542,0.3366474528,0.3088628650,0.3680257920,0.3364452124,0.5803548098,0.3497628570,0.6008350253,0.3497628570,0.6008350253,0.3088628650,0.3680257920
train:0501,0,0.2400437444,0.2394646872,0.0005790572,0.2392664943,0.3086643312,0.2509366050,0.3400426704,0.2176406831,0.2312174439,0.2309583277,0.2516976595,0.2309583277,0.2516976595,0.2509366050,0.3400426704
train:0502,0,2.3121047020,2.3115256448,0.0005790572,-0.0319516044,0.0774398465,-0.0202814937,0.1088181857,-0.0307669640,0.0195114613,-0.0174493194,0.0399916768,0.0174493194,0.0399916768,0.0202814937,0.1088181857
train:0507,0,0.6220212579,0.6214422006,0.0005790572,-0.0741152148,-0.1293309312,-0.0624451041,-0.0979525920,-0.0262520909,-0.1272523403,-0.0129344463,-0.1067721248,0.0129344463,0.1067721248,0.0624451041,0.0979525920
train:0508,0,-1.2622686625,-1.2628477197,0.0005790572,-0.1404651981,-0.2005271297,-0.1287950873,-0.1691487905,0.0107833147,-0.1488887072,0.0241009593,-0.1284084916,0.0241009593,0.1284084916,0.1287950873,0.1691487905
train:0509,0,2.7355115414,2.7349324841,0.0005790572,-0.0889384132,-0.0728258472,-0.0772683024,-0.0414475080,-0.0054111481,-0.0132706165,0.0079064965,0.0072095990,0.0079064965,0.0072095990,0.0772683024,0.0414475080
train:0523,0,1.1751692295,1.1745901723,0.0005790572,-0.2458701711,-0.3556779008,-0.2342000604,-0.3242995616,-0.3052752018,-0.3227295876,-0.2919575572,-0.3022493720,0.2919575572,0.3022493720,0.2342000604,0.3242995616
train:0530,0,1.9785541296,1.9779750724,0.0005790572,-0.0180837493,0.0075754542,-0.0064136386,0.0389537934,-0.0522028208,0.0480524302,-0.0388851762,0.0685326457,0.0388851762,0.0685326457,0.0064136386,0.0389537934
train:0531,0,-1.9184054136,-1.9189844709,0.0005790572,0.1712905783,0.1151220221,0.1829606891,0.1465003613,0.1119521856,0.0861521959,0.1252698302,0.1066324115,0.1252698302,0.1066324115,0.1829606891,0.1465003613
train:0533,0,-1.2425993681,-1.2431784253,0.0005790572,-0.0232427697,-0.2149553876,-0.0115726590,-0.1835770484,-0.2602533102,0.0470701456,-0.2469356656,0.0675503612,0.2469356656,0.0675503612,0.0115726590,0.1835770484
train:0536,0,-0.8375642300,-0.8381432872,0.0005790572,-0.1268591862,-0.0306517463,-0.1151890755,0.0007265929,0.0172759295,-0.0054592490,0.0305935740,0.0150209665,0.0305935740,0.0150209665,0.1151890755,0.0007265929
train:0537,0,2.3084824085,2.3079033513,0.0005790572,-0.0300647598,-0.0860721450,-0.0183946490,-0.0546938058,0.0645704269,0.0411133766,0.0778880715,0.0615935922,0.0778880715,0.0615935922,0.0183946490,0.0546938058
train:0540,0,-0.4759926796,-0.4765717368,0.0005790572,-0.0553106349,0.0299203415,-0.0436405241,0.0612986807,-0.0995728672,-0.0077446699,-0.0862552226,0.0127355456,0.0862552226,0.0127355456,0.0436405241,0.0612986807
train:0544,0,2.0161740780,2.0155950207,0.0005790572,-0.0473133903,-0.1979607921,-0.0356432796,-0.1665824529,-0.1334776878,-0.2043509483,-0.1201600432,-0.1838707328,0.1201600432,0.1838707328,0.0356432796,0.1665824529
train:0548,0,1.7248095274,1.7242304702,0.0005790572,-0.2405409198,-0.2735285144,-0.2288708091,-0.2421501752,-0.2078424692,-0.0956670046,-0.1945248246,-0.0751867890,0.1945248246,0.0751867890,0.2288708091,0.2421501752
train:0551,0,0.7806594968,0.7800804395,0.0005790572,-0.0384967904,-0.1110280733,-0.0268266797,-0.0796497341,-0.0843475461,-0.0756137371,-0.0710299015,-0.0551335216,0.0710299015,0.0551335216,0.0268266797,0.0796497341
train:0552,0,-0.0840545446,-0.0846336018,0.0005790572,-0.0367541965,-0.0265784021,-0.0250840858,0.0047999371,-0.0826837569,-0.1454651654,-0.0693661124,-0.1249849498,0.0693661124,0.1249849498,0.0250840858,0.0047999371
train:0562,0,-1.7144901752,-1.7150692325,0.0005790572,-0.3134639840,-0.2362859826,-0.3017938733,-0.2049076434,-0.2395665646,-0.1765942574,-0.2262489200,-0.1561140418,0.2262489200,0.1561140418,0.3017938733,0.2049076434
train:0567,0,-1.0633236170,-1.0639026742,0.0005790572,0.4460038562,0.3878658433,0.4576739669,0.4192441825,0.7233680487,0.5687872171,0.7366856933,0.5892674327,0.7366856933,0.5892674327,0.4576739669,0.4192441825
train:0572,0,-1.0791510344,-1.0797300916,0.0005790572,-0.0291275363,0.0802214761,-0.0174574256,0.1115998153,0.0365225077,0.2264415026,0.0498401523,0.2469217181,0.0498401523,0.2469217181,0.0174574256,0.1115998153
train:0579,0,0.7714812160,0.7709021587,0.0005790572,0.2663633246,0.2693268080,0.2780334353,0.3007051472,0.2046176791,0.2795468569,0.2179353237,0.3000270724,0.2179353237,0.3000270724,0.2780334353,0.3007051472
train:0591,0,-1.9338063002,-1.9343853574,0.0005790572,0.0122090001,-0.0509416442,0.0238791108,-0.0195633050,0.0291401148,-0.0056499243,0.0424577594,0.0148302913,0.0424577594,0.0148302913,0.0238791108,0.0195633050
train:0592,0,1.1809451580,1.1803661008,0.0005790572,-0.0047721248,-0.0074915271,0.0068979859,0.0238868121,-0.0714432001,-0.0981407166,-0.0581255555,-0.0776605010,0.0581255555,0.0776605010,0.0068979859,0.0238868121
train:0593,-5,-15.5405235291,1.7869903428,-17.3275138718,-0.1919271367,-0.1876543182,-0.1802570260,-0.1562759790,-13.9689645767,-9.3679494858,-13.9556469321,-9.3474692702,13.9556469321,9.3474692702,0.1802570260,0.1562759790
train:0600,0,-0.0513363443,-0.0519154016,0.0005790572,-0.1703018266,-0.0641683433,-0.1586317159,-0.0327900041,-0.0502240323,-0.0465094559,-0.0369063877,-0.0260292403,0.0369063877,0.0260292403,0.1586317159,0.0327900041
train:0624,0,1.9048137665,1.9042347092,0.0005790572,-0.1063267570,-0.0908222776,-0.0946566463,-0.0594439384,-0.0603312254,-0.1212527752,-0.0470135808,-0.1007725596,0.0470135808,0.1007725596,0.0946566463,0.0594439384
train:0626,0,-1.7125129700,-1.7130920272,0.0005790572,0.3312767167,0.1343982835,0.3429468274,0.1657766227,0.0085923672,0.0399372578,0.0219100118,0.0604174733,0.0219100118,0.0604174733,0.3429468274,0.1657766227
train:0631,0,-1.1425108910,-1.1430899482,0.0005790572,-0.2632182222,-0.1010144334,-0.2515481114,-0.0696360942,0.0305488110,-0.0013594627,0.0438664556,0.0191207528,0.0438664556,0.0191207528,0.2515481114,0.0696360942
train:0633,0,-2.1905317307,-2.1911107879,0.0005790572,-0.0832034927,-0.0005411487,-0.0715333819,0.0308371905,-0.0969185829,0.0036675930,-0.0836009383,0.0241478086,0.0836009383,0.0241478086,0.0715333819,0.0308371905
train:0639,0,1.3629910946,1.3624120374,0.0005790572,-0.0765712838,-0.0741353612,-0.0649011731,-0.0427570220,-0.0174043179,-0.0796291828,-0.0040866733,-0.0591489673,0.0040866733,0.0591489673,0.0649011731,0.0427570220
train:0643,0,0.3491723537,0.3485932965,0.0005790572,0.0105025489,-0.0667451899,0.0221726596,-0.0353668507,-0.0141817629,0.0050536394,-0.0008641183,0.0255338550,0.0008641183,0.0255338550,0.0221726596,0.0353668507
train:0646,0,-2.6998767853,-2.7004558425,0.0005790572,-0.0283705573,0.0209403653,-0.0167004466,0.0523187045,-0.0367763042,-0.0133726597,-0.0234586596,0.0071075559,0.0234586596,0.0071075559,0.0167004466,0.0523187045
train:0648,0,1.4179954529,1.4174163956,0.0005790572,-0.1952415090,-0.0939359050,-0.1835713983,-0.0625575658,-0.1180605888,-0.0448644161,-0.1047429442,-0.0243842006,0.1047429442,0.0243842006,0.1835713983,0.0625575658
train:0652,0,0.4506928027,0.4501137454,0.0005790572,-0.0850805323,-0.1039954703,-0.0734104216,-0.0726171311,-0.0466895401,-0.1111069024,-0.0333718956,-0.0906266868,0.0333718956,0.0906266868,0.0734104216,0.0726171311
train:0656,0,1.4166902304,1.4161111731,0.0005790572,-0.0373586993,-0.0358174424,-0.0256885886,-0.0044391032,-0.0085425377,-0.0494481325,0.0047751069,-0.0289679170,0.0047751069,0.0289679170,0.0256885886,0.0044391032
train:0659,0,-0.1155397668,-0.1161188241,0.0005790572,0.0153837446,-0.0516047012,0.0270538554,-0.0202263620,0.0483485088,0.0711480603,0.0616661534,0.0916282758,0.0616661534,0.0916282758,0.0270538554,0.0202263620
train:0665,0,-1.9763137102,-1.9768927675,0.0005790572,-0.0523437839,-0.0651032310,-0.0406736732,-0.0337248918,0.0393663645,-0.0110365152,0.0526840091,0.0094437003,0.0526840091,0.0094437003,0.0406736732,0.0337248918
train:0669,0,0.2784121335,0.2778330762,0.0005790572,-0.4472127836,-0.4890943449,-0.4355426729,-0.4577160057,-0.3203793466,-0.4663694203,-0.3070617020,-0.4458892047,0.3070617020,0.4458892047,0.4355426729,0.4577160057
train:0672,0,0.0008425756,0.0002635184,0.0005790572,0.1105068761,-0.0889776957,0.1221769868,-0.0575993565,0.0290354236,-0.0288950906,0.0423530682,-0.0084148751,0.0423530682,0.0084148751,0.1221769868,0.0575993565
train:0674,0,0.9266340137,0.9260549564,0.0005790572,-0.0042406302,-0.0400747638,0.0074294806,-0.0086964246,-0.0143830180,-0.0326109529,-0.0010653734,-0.0121307373,0.0010653734,0.0121307373,0.0074294806,0.0086964246
train:0679,0,-1.2434048653,-1.2439839225,0.0005790572,0.0546666999,0.0257272143,0.0663368106,0.0571055535,0.0530703068,0.0308086872,0.0663879514,0.0512889028,0.0663879514,0.0512889028,0.0663368106,0.0571055535
train:0684,0,-1.5538016558,-1.5543807130,0.0005790572,0.1147342343,0.0096651931,0.1264043450,0.0410435323,-0.0874103308,-0.0314496756,-0.0740926862,-0.0109694600,0.0740926862,0.0109694600,0.1264043450,0.0410435323
train:0686,0,0.6752663851,0.6746873278,0.0005790572,0.0509579797,0.0776922722,0.0626280904,0.1090706114,-0.0257661343,-0.0164123178,-0.0124484897,0.0040678978,0.0124484897,0.0040678978,0.0626280904,0.1090706114
train:0700,0,0.8332591057,0.8326800484,0.0005790572,0.1848257799,0.3255559821,0.1964958906,0.3569343213,0.3015084267,0.1538333297,0.3148260713,0.1743135452,0.3148260713,0.1743135452,0.1964958906,0.3569343213
train:0701,0,3.1416707039,3.1410916466,0.0005790572,-0.0286120754,0.0857804436,-0.0169419646,0.1171587828,-0.0897631645,-0.0199069977,-0.0764455199,0.0005732179,0.0764455199,0.0005732179,0.0169419646,0.1171587828
train:0703,0,0.4733085334,0.4727294762,0.0005790572,-0.0026006680,-0.0131918769,0.0090694427,0.0181864623,-0.0734603107,-0.1139372885,-0.0601426661,-0.0934570730,0.0601426661,0.0934570730,0.0090694427,0.0181864623
train:0705,0,-0.5327754617,-0.5333545189,0.0005790572,-0.3115210812,-0.2580628674,-0.2998509705,-0.2266845282,-0.1649529636,-0.3373447061,-0.1516353190,-0.3168644905,0.1516353190,0.3168644905,0.2998509705,0.2266845282
train:0712,0,-0.7979788184,-0.7985578757,0.0005790572,-0.0097399335,0.1126521249,0.0019301772,0.1440304641,-0.1023535132,-0.1436440349,-0.0890358686,-0.1231638193,0.0890358686,0.1231638193,0.0019301772,0.1440304641
train:0718,0,0.3455254734,0.3449464161,0.0005790572,-0.0384360831,-0.0661997776,-0.0267659724,-0.0348214384,-0.0624469221,-0.0105851293,-0.0491292775,0.0098950863,0.0491292775,0.0098950863,0.0267659724,0.0348214384
train:0719,0,1.4717054367,1.4711263795,0.0005790572,0.0396280904,-0.0011051278,0.0512982011,0.0302732114,0.0502316952,0.0855302811,0.0635493398,0.1060104966,0.0635493398,0.1060104966,0.0512982011,0.0302732114
train:0721,0,0.7605077624,0.7599287052,0.0005790572,-0.0201365333,-0.0377247911,-0.0084664226,-0.0063464519,-0.0938532948,-0.0621845722,-0.0805356503,-0.0417043567,0.0805356503,0.0417043567,0.0084664226,0.0063464519
train:0725,0,-0.2715537250,-0.2721327822,0.0005790572,-0.0627835672,-0.1087732296,-0.0511134565,-0.0773948904,0.0126243234,0.0141007006,0.0259419680,0.0345809162,0.0259419680,0.0345809162,0.0511134565,0.0773948904
train:0729,0,1.9353734255,1.9347943682,0.0005790572,0.0087909121,-0.0380766969,0.0204610229,-0.0066983577,-0.0824788809,-0.1339777708,-0.0691612363,-0.1134975553,0.0691612363,0.1134975553,0.0204610229,0.0066983577
train:0734,0,0.8481232524,0.8475441952,0.0005790572,0.0823065657,0.0400788207,0.0939766765,0.0714571599,0.1672963500,0.0853964686,0.1806139946,0.1058766842,0.1806139946,0.1058766842,0.0939766765,0.0714571599
train:0746,0,0.0902603567,0.0896812994,0.0005790572,-0.0884846132,-0.0418856423,-0.0768145025,-0.0105073031,-0.1152603924,-0.1625507772,-0.1019427478,-0.1420705616,0.1019427478,0.1420705616,0.0768145025,0.0105073031
train:0747,0,-0.3120828569,-0.3126619141,0.0005790572,-0.1691968422,-0.2131069507,-0.1575267315,-0.1817286115,-0.1531601548,-0.0873841643,-0.1398425102,-0.0669039488,0.1398425102,0.0669039488,0.1575267315,0.1817286115
train:0752,0,2.0448420048,2.0442629475,0.0005790572,0.0314717908,-0.0902561527,0.0431419015,-0.0588778135,0.0049388409,-0.0250084400,0.0182564855,-0.0045282245,0.0182564855,0.0045282245,0.0431419015,0.0588778135
train:0754,0,-2.5792784691,-2.5798575263,0.0005790572,0.0247843880,-0.1256579738,0.0364544988,-0.0942796346,-0.0389091969,-0.0279126167,-0.0255915523,-0.0074324012,0.0255915523,0.0074324012,0.0364544988,0.0942796346
train:0760,0,0.4960182607,0.4954392035,0.0005790572,0.0220912118,-0.1712826174,0.0337613225,-0.1399042782,-0.0621630251,-0.0536003411,-0.0488453805,-0.0331201255,0.0488453805,0.0331201255,0.0337613225,0.1399042782
train:0764,0,1.2497484684,1.2491694112,0.0005790572,0.0153552909,-0.0000855308,0.0270254016,0.0312928084,0.0039738417,0.1186099052,0.0172914863,0.1390901208,0.0172914863,0.1390901208,0.0270254016,0.0312928084
train:0767,0,2.7515017986,2.7509227414,0.0005790572,-0.0799474101,-0.0507113319,-0.0682772994,-0.0193329927,-0.0109744072,-0.0626251698,0.0023432374,-0.0421449542,0.0023432374,0.0421449542,0.0682772994,0.0193329927
train:0769,0,-1.5350707769,-1.5356498342,0.0005790572,0.0269401688,-0.0626869779,0.0386102796,-0.0313086387,-0.0123432875,-0.0920726061,0.0009743571,-0.0715923905,0.0009743571,0.0715923905,0.0386102796,0.0313086387
train:0770,0,-3.7436060905,-3.7441851478,0.0005790572,-0.1033419948,-0.1148893218,-0.0916718841,-0.0835109826,0.0438010693,-0.0686531067,0.0571187139,-0.0481728911,0.0571187139,0.0481728911,0.0916718841,0.0835109826
train:0771,0,-1.6735403538,-1.6741194110,0.0005790572,0.0955807585,-0.0151138883,0.1072508693,0.0162644509,-0.0532220602,0.1646645069,-0.0399044156,0.1851447225,0.0399044156,0.1851447225,0.1072508693,0.0162644509
train:0774,0,0.2224946171,0.2219155599,0.0005790572,-0.1782138180,-0.0736946594,-0.1665437073,-0.0423163202,-0.0295290500,-0.2486597151,-0.0162114054,-0.2281794995,0.0162114054,0.2281794995,0.1665437073,0.0423163202
train:0789,0,0.7043455243,0.7037664671,0.0005790572,-0.0774952750,-0.0874972325,-0.0658251643,-0.0561188933,-0.0113845468,-0.0570845604,0.0019330978,-0.0366043448,0.0019330978,0.0366043448,0.0658251643,0.0561188933
train:0793,0,0.3097774386,0.3091983814,0.0005790572,-0.0110973101,0.1328349728,0.0005728006,0.1642133120,0.0964299142,-0.0950740576,0.1097475588,-0.0745938420,0.1097475588,0.0745938420,0.0005728006,0.1642133120
train:0794,0,1.0407416821,1.0401626248,0.0005790572,-0.0048450809,-0.0182185750,0.0068250299,0.0131597642,-0.0877668858,-0.0152587891,-0.0744492412,0.0052214265,0.0744492412,0.0052214265,0.0068250299,0.0131597642
train:0796,0,1.7547885180,1.7542094607,0.0005790572,-0.0678363424,0.0861671586,-0.0561662316,0.1175454978,-0.0383557081,0.0008085966,-0.0250380635,0.0212888122,0.0250380635,0.0212888122,0.0561662316,0.1175454978
train:0798,0,0.1428301334,0.1422510762,0.0005790572,0.0336710457,0.0298759658,0.0453411564,0.0612543050,0.0723191351,0.0156985968,0.0856367797,0.0361788124,0.0856367797,0.0361788124,0.0453411564,0.0612543050
train:0802,0,-1.9525911808,-1.9531702380,0.0005790572,-0.0797882657,-0.0138669591,-0.0681181550,0.0175113801,-0.0855844021,-0.0389249325,-0.0722667575,-0.0184447169,0.0722667575,0.0184447169,0.0681181550,0.0175113801
train:0804,0,0.1382925808,0.1377135236,0.0005790572,0.1305047069,0.1059026700,0.1421748176,0.1372810092,0.2124781013,0.1230932102,0.2257957458,0.1435734257,0.2257957458,0.1435734257,0.1421748176,0.1372810092
train:0806,0,2.4645354748,2.4639564175,0.0005790572,0.0959439893,0.0467460770,0.1076141000,0.0781244162,0.1302509308,0.1195662022,0.1435685754,0.1400464177,0.1435685754,0.1400464177,0.1076141000,0.0781244162
train:0808,0,0.6172079444,0.6166288872,0.0005790572,0.0734432955,0.0297876019,0.0851134062,0.0611659411,-0.0833502412,0.1453504562,-0.0700325966,0.1658306718,0.0700325966,0.1658306718,0.0851134062,0.0611659411
train:0814,0,2.5544703007,2.5538912434,0.0005790572,-0.0194072108,-0.0297149997,-0.0077371001,0.0016633395,-0.0109493732,-0.0021879673,0.0023682714,0.0182922482,0.0023682714,0.0182922482,0.0077371001,0.0016633395
train:0822,0,1.7329496145,1.7323705573,0.0005790572,0.0342106242,-0.0127615314,0.0458807349,0.0186168078,0.0565999746,-0.0681496859,0.0699176192,-0.0476694703,0.0699176192,0.0476694703,0.0458807349,0.0186168078
train:0828,0,2.1798660755,2.1792870183,0.0005790572,0.0715201516,0.1098461766,0.0831902623,0.1412245158,0.0702638626,0.1479759216,0.0835815072,0.1684561372,0.0835815072,0.1684561372,0.0831902623,0.1412245158
train:0830,0,-1.5921416283,-1.5927206855,0.0005790572,-0.0424852948,-0.0982527118,-0.0308151841,-0.0668743726,-0.0625422001,-0.0382280350,-0.0492245555,-0.0177478194,0.0492245555,0.0177478194,0.0308151841,0.0668743726
train:0843,0,-0.2293595374,-0.2299385946,0.0005790572,-0.0149812978,-0.0419779401,-0.0033111870,-0.0105996009,-0.0435930192,-0.0030939877,-0.0302753747,0.0173862278,0.0302753747,0.0173862278,0.0033111870,0.0105996009
train:0856,0,-0.0141936289,-0.0147726862,0.0005790572,0.0411863672,-0.0893100751,0.0528564779,-0.0579317359,-0.0558954524,-0.1033516796,-0.0425778078,-0.0828714641,0.0425778078,0.0828714641,0.0528564779,0.0579317359
train:0858,0,-3.3387982845,-3.3393773418,0.0005790572,-0.3117672782,-0.1810142379,-0.3000971675,-0.1496358987,-0.1074657440,-0.0148799419,-0.0941480994,0.0056002736,0.0941480994,0.0056002736,0.3000971675,0.1496358987
train:0862,0,0.9443345070,0.9437554497,0.0005790572,-0.0569897275,0.0210896749,-0.0453196168,0.0524680141,-0.0917041302,0.0181816220,-0.0783864856,0.0386618376,0.0783864856,0.0386618376,0.0453196168,0.0524680141
train:0872,0,-1.4985474348,-1.4991264920,0.0005790572,-0.1261935811,-0.5007508974,-0.1145234704,-0.4693725582,-0.6035079956,-0.1953490973,-0.5901903510,-0.1748688817,0.5901903510,0.1748688817,0.1145234704,0.4693725582
train:0873,0,1.6158579588,1.6152789016,0.0005790572,-0.0012971740,0.0391754527,0.0103729367,0.0705537919,0.1108603477,-0.0421279669,0.1241779923,-0.0216477513,0.1241779923,0.0216477513,0.0103729367,0.0705537919
train:0875,0,2.3853042126,2.3847251553,0.0005790572,0.0637982507,0.0552673955,0.0754683614,0.0866457347,-0.0072226524,0.0374944210,0.0060949922,0.0579746366,0.0060949922,0.0579746366,0.0754683614,0.0866457347
train:0885,0,-3.5200793743,-3.5206584316,0.0005790572,-0.0586141925,-0.0813650470,-0.0469440818,-0.0499867078,-0.4803922176,-0.3928921223,-0.4670745730,-0.3724119067,0.4670745730,0.3724119067,0.0469440818,0.0499867078
train:0891,0,2.0335264206,2.0329473634,0.0005790572,-0.1879114490,-0.1500655990,-0.1762413383,-0.1186872598,-0.1471590996,-0.1986255646,-0.1338414550,-0.1781453490,0.1338414550,0.1781453490,0.1762413383,0.1186872598
train:0893,0,0.6084220409,0.6078429837,0.0005790572,0.1718248148,0.1175483186,0.1834949255,0.1489266578,0.0759904385,-0.0719066858,0.0893080831,-0.0514264703,0.0893080831,0.0514264703,0.1834949255,0.1489266578
train:0905,0,-1.9387621880,-1.9393412452,0.0005790572,-0.2070916276,-0.1652281862,-0.1954215169,-0.1338498470,-0.0297219753,-0.1746976376,-0.0164043307,-0.1542174220,0.0164043307,0.1542174220,0.1954215169,0.1338498470
train:0909,-1,-5.3451380730,-1.8800985444,-3.4650395286,-0.3489554751,-0.3360982764,-0.3372853644,-0.3047199372,0.1256313324,-0.3928894997,0.1389489770,-0.3724092841,0.1389489770,0.3724092841,0.3372853644,0.3047199372
train:0914,0,-0.2155901641,-0.2161692213,0.0005790572,-0.1062664296,-0.1988319438,-0.0945963189,-0.1674536046,-0.1285316199,-0.2056106925,-0.1152139753,-0.1851304770,0.1152139753,0.1851304770,0.0945963189,0.1674536046
train:0916,0,-0.6318063140,-0.6323853712,0.0005790572,-0.1065961700,0.0352537055,-0.0949260592,0.0666320447,-0.0312409997,-0.0648355484,-0.0179233551,-0.0443553329,0.0179233551,0.0443553329,0.0949260592,0.0666320447
train:0919,0,-2.9953417778,-2.9959208350,0.0005790572,-0.0027713161,-0.1081091743,0.0088987947,-0.0767308351,0.0480687618,-0.0479755402,0.0613864064,-0.0274953246,0.0613864064,0.0274953246,0.0088987947,0.0767308351
train:0923,0,-2.0375220776,-2.0381011348,0.0005790572,-0.2931857686,-0.2898249011,-0.2815156579,-0.2584465619,-0.2157123089,-0.3228425980,-0.2023946643,-0.3023623824,0.2023946643,0.3023623824,0.2815156579,0.2584465619
train:0928,0,2.2513942719,2.2508152146,0.0005790572,-0.0301477294,-0.0961272102,-0.0184776187,-0.0647488710,-0.0505311489,-0.0726203918,-0.0372135043,-0.0521401763,0.0372135043,0.0521401763,0.0184776187,0.0647488710
train:0934,0,-0.0598455667,-0.0604246240,0.0005790572,0.5411679168,0.6131876726,0.5528380275,0.6445660118,0.4185346067,0.4149565101,0.4318522513,0.4354367256,0.4318522513,0.4354367256,0.5528380275,0.6445660118
train:0936,0,1.7909017801,1.7903227229,0.0005790572,-0.0032556634,0.0027459283,0.0084144473,0.0341242675,0.1057840586,0.0415984392,0.1191017032,0.0620786548,0.1191017032,0.0620786548,0.0084144473,0.0341242675
train:0939,0,-0.0050996421,-0.0056786993,0.0005790572,0.1240855893,0.0225300109,0.1357557001,0.0539083501,0.2187715890,0.1911869766,0.2320892336,0.2116671922,0.2320892336,0.2116671922,0.1357557001,0.0539083501
train:0940,0,1.8829351664,1.8823561091,0.0005790572,-0.0302867275,0.0157468934,-0.0186166167,0.0471252326,-0.0301264524,-0.0373526812,-0.0168088078,-0.0168724656,0.0168088078,0.0168724656,0.0186166167,0.0471252326
train:0942,-1,-3.7410819530,-0.2760424245,-3.4650395286,-0.0026851523,0.0419268679,0.0089849584,0.0733052071,0.1186451912,0.2064931393,0.1319628358,0.2269733548,0.1319628358,0.2269733548,0.0089849584,0.0733052071
train:0946,0,-1.9671732187,-1.9677522760,0.0005790572,-0.0303828101,-0.2676730733,-0.0187126994,-0.2362947341,-0.0476998091,-0.3017176390,-0.0343821645,-0.2812374234,0.0343821645,0.2812374234,0.0187126994,0.2362947341
train:0952,0,0.8655314445,0.8649523873,0.0005790572,0.0834003706,0.0621698518,0.0950704813,0.0935481910,0.0324078798,0.0354499221,0.0457255244,0.0559301376,0.0457255244,0.0559301376,0.0950704813,0.0935481910
train:0954,0,-1.2234722376,-1.2240512948,0.0005790572,-0.0004623513,-0.1091062408,0.0112077594,-0.0777279016,-0.1541485786,-0.1878691912,-0.1408309340,-0.1673889756,0.1408309340,0.1673889756,0.0112077594,0.0777279016
train:0957,0,-0.6931995749,-0.6937786322,0.0005790572,0.1098281760,-0.0902509670,0.1214982867,-0.0588726278,-0.0451554656,0.0018388629,-0.0318378210,0.0223190784,0.0318378210,0.0223190784,0.1214982867,0.0588726278
train:0967,0,0.6090074778,0.6084284205,0.0005790572,0.0196272750,-0.0384857636,0.0312973857,-0.0071074244,0.0108714104,-0.0681058764,0.0241890550,-0.0476256609,0.0241890550,0.0476256609,0.0312973857,0.0071074244
train:0970,0,2.0217380524,2.0211589951,0.0005790572,-0.0851368289,-0.1296829562,-0.0734667182,-0.0983046170,-0.0093004704,-0.0905542374,0.0040171742,-0.0700740218,0.0040171742,0.0700740218,0.0734667182,0.0983046170
train:0985,0,2.5786144733,2.5780354161,0.0005790572,0.0551345963,-0.0247754436,0.0668047071,0.0066028956,0.0425577164,0.1015248299,0.0558753610,0.1220050454,0.0558753610,0.1220050454,0.0668047071,0.0066028956
train:0996,0,-1.3507822752,-1.3513613324,0.0005790572,-0.0681725126,-0.3067079168,-0.0565024018,-0.2753295776,-0.0925303698,-0.2088526487,-0.0792127252,-0.1883724332,0.0792127252,0.1883724332,0.0565024018,0.2753295776
train:0998,0,0.4423989356,0.4418198783,0.0005790572,-0.0052605849,-0.0462358575,0.0064095259,-0.0148575183,-0.0502486527,-0.0458012819,-0.0369310081,-0.0253210664,0.0369310081,0.0253210664,0.0064095259,0.0148575183
train:1005,0,-2.1453905106,-2.1459695678,0.0005790572,0.2309210915,-0.0293158870,0.2425912023,0.0020624522,-0.0671970844,-0.0068206787,-0.0538794398,0.0136595368,0.0538794398,0.0136595368,0.2425912023,0.0020624522
train:1011,0,-0.0079795998,-0.0085586570,0.0005790572,0.0848965608,-0.0357933007,0.0965666715,-0.0044149615,0.0834611077,0.0415129084,0.0967787523,0.0619931240,0.0967787523,0.0619931240,0.0965666715,0.0044149615
train:1014,0,1.1293330193,1.1287539620,0.0005790572,-0.0483410936,-0.0515657048,-0.0366709828,-0.0201873656,-0.1509456635,-0.0605022907,-0.1376280189,-0.0400220752,0.1376280189,0.0400220752,0.0366709828,0.0201873656
train:1032,0,-0.9788387418,-0.9794177990,0.0005790572,0.2696098108,0.0492955465,0.2812799215,0.0806738857,-0.0459730029,-0.0774402618,-0.0326553583,-0.0569600463,0.0326553583,0.0569600463,0.2812799215,0.0806738857
train:1039,0,1.1610723734,1.1604933162,0.0005790572,0.0672423262,0.0612236876,0.0789124370,0.0926020268,0.0652002096,0.1253081560,0.0785178542,0.1457883716,0.0785178542,0.1457883716,0.0789124370,0.0926020268
train:1043,0,2.1213643551,2.1207852978,0.0005790572,0.0625455994,0.0041192193,0.0742157102,0.0354975585,-0.0249173641,-0.0272958279,-0.0115997195,-0.0068156123,0.0115997195,0.0068156123,0.0742157102,0.0354975585
train:1048,0,-0.3808020055,-0.3813810628,0.0005790572,-0.0409446936,-0.0294908266,-0.0292745829,0.0018875126,-0.0751411319,-0.0321140587,-0.0618234873,-0.0116338432,0.0618234873,0.0116338432,0.0292745829,0.0018875126
train:1049,0,-2.4369444847,-2.4375235419,0.0005790572,0.1402509827,0.1107426305,0.1519210935,0.1421209697,0.0953257084,-0.0843853951,0.1086433530,-0.0639051795,0.1086433530,0.0639051795,0.1519210935,0.1421209697
train:1053,0,0.4263184369,0.4257393796,0.0005790572,-0.0318617206,-0.0615626555,-0.0201916099,-0.0301843163,0.0183959603,-0.0870086849,0.0317136049,-0.0665284693,0.0317136049,0.0665284693,0.0201916099,0.0301843163
train:1057,0,-0.0870182514,-0.0875973087,0.0005790572,0.0396393258,0.0584451277,0.0513094366,0.0898234669,-0.0221335590,0.0582028627,-0.0088159144,0.0786830783,0.0088159144,0.0786830783,0.0513094366,0.0898234669
train:1062,0,0.3316640556,0.3310849983,0.0005790572,-0.3475699108,-0.5517105143,-0.3358998001,-0.5203321751,-0.2319499552,-0.4229814708,-0.2186323106,-0.4025012553,0.2186323106,0.4025012553,0.3358998001,0.5203321751
train:1069,0,-0.7954422235,-0.7960212808,0.0005790572,-0.0274918061,-0.1346516590,-0.0158216953,-0.1032733198,-0.1286892891,-0.0580318570,-0.1153716445,-0.0375516415,0.1153716445,0.0375516415,0.0158216953,0.1032733198
train:1085,0,2.4417753220,2.4411962647,0.0005790572,0.0121179242,-0.0021104198,0.0237880349,0.0292679194,0.0077383518,-0.0183382034,0.0210559964,0.0021420121,0.0210559964,0.0021420121,0.0237880349,0.0292679194
train:1086,0,0.4054135382,0.4048344810,0.0005790572,-0.0860668104,-0.2059946339,-0.0743966997,-0.1746162947,-0.4349680841,-0.3061248362,-0.4216504395,-0.2856446207,0.4216504395,0.2856446207,0.0743966997,0.1746162947
train:1087,0,-0.8436836004,-0.8442626577,0.0005790572,-0.0801684838,-0.1218709331,-0.0684983730,-0.0904925939,-0.1440972090,-0.1247648001,-0.1307795644,-0.1042845845,0.1307795644,0.1042845845,0.0684983730,0.0904925939
train:1091,0,1.2345454693,1.2339664120,0.0005790572,-0.0801251512,-0.0766472202,-0.0684550405,-0.0452688810,-0.0092017651,-0.0713558197,0.0041158795,-0.0508756042,0.0041158795,0.0508756042,0.0684550405,0.0452688810
train:1096,0,2.0896227360,2.0890436787,0.0005790572,-0.0142809730,0.0258515496,-0.0026108623,0.0572298888,0.0318479538,-0.0166552067,0.0451655984,0.0038250089,0.0451655984,0.0038250089,0.0026108623,0.0572298888
train:1097,0,2.4405407906,2.4399617333,0.0005790572,-0.0437192302,0.0161874909,-0.0320491195,0.0475658301,-0.0350933075,-0.0053219795,-0.0217756629,0.0151582360,0.0217756629,0.0151582360,0.0320491195,0.0475658301
train:1106,0,1.6084201336,1.6078410764,0.0005790572,-0.1003054958,0.0094152112,-0.0886353850,0.0407935504,-0.0318181515,0.0503661633,-0.0185005069,0.0708463788,0.0185005069,0.0708463788,0.0886353850,0.0407935504
train:1109,0,-1.4795677662,-1.4801468234,0.0005790572,0.0431031604,0.0004959721,0.0547732711,0.0318743113,-0.0347430706,-0.1674733162,-0.0214254260,-0.1469931006,0.0214254260,0.1469931006,0.0547732711,0.0318743113
train:1112,0,0.6703935862,0.6698145289,0.0005790572,0.2263673861,0.0675166864,0.2380374968,0.0988950256,0.2072370946,0.1751090586,0.2205547392,0.1955892742,0.2205547392,0.1955892742,0.2380374968,0.0988950256
train:1123,0,-4.5039796829,-4.5045587402,0.0005790572,-0.2516919952,-0.3110844474,-0.2400218844,-0.2797061082,-0.0856041908,-0.1788949966,-0.0722865462,-0.1584147811,0.0722865462,0.1584147811,0.2400218844,0.2797061082
train:1125,0,1.8814158440,1.8808367867,0.0005790572,0.0046851058,-0.0034286361,0.0163552165,0.0279497031,0.0297753811,-0.0804479122,0.0430930257,-0.0599676967,0.0430930257,0.0599676967,0.0163552165,0.0279497031
train:1129,0,-1.4906969070,-1.4912759643,0.0005790572,-0.0158308130,0.0872051139,-0.0041607022,0.1185834531,-0.0645322800,-0.2475793362,-0.0512146354,-0.2270991206,0.0512146354,0.2270991206,0.0041607022,0.1185834531
train:1132,0,1.4527385235,1.4521594662,0.0005790572,-0.0959780793,-0.1605551820,-0.0843079686,-0.1291768428,-0.1078019142,-0.1290502548,-0.0944842696,-0.1085700393,0.0944842696,0.1085700393,0.0843079686,0.1291768428
train:1133,0,-0.1368901432,-0.1374692004,0.0005790572,-0.0278056171,-0.2096502837,-0.0161355063,-0.1782719445,0.0960880220,-0.2312000543,0.1094056666,-0.2107198387,0.1094056666,0.2107198387,0.0161355063,0.1782719445
train:1135,0,2.3274877071,2.3269086499,0.0005790572,-0.0495044570,-0.0621263366,-0.0378343463,-0.0307479974,0.0052857399,-0.0597584248,0.0186033845,-0.0392782092,0.0186033845,0.0392782092,0.0378343463,0.0307479974
train:1136,0,-0.5823496580,-0.5829287153,0.0005790572,0.0203663726,0.0559047479,0.0320364833,0.0872830871,0.0222018957,0.0389875770,0.0355195403,0.0594677925,0.0355195403,0.0594677925,0.0320364833,0.0872830871
train:1137,0,1.1241371632,1.1235581059,0.0005790572,0.0183654446,0.0255875010,0.0300355554,0.0569658402,-0.0183821917,0.0122270584,-0.0050645471,0.0327072740,0.0050645471,0.0327072740,0.0300355554,0.0569658402
train:1149,0,2.0419087410,2.0413296838,0.0005790572,-0.0600151401,0.0372532029,-0.0483450294,0.0686315421,0.0026237965,0.1284439564,0.0159414411,0.1489241719,0.0159414411,0.1489241719,0.0483450294,0.0686315421
train:1158,0,2.5620954037,2.5615163464,0.0005790572,-0.4954661708,-0.4002708774,-0.4837960601,-0.3688925382,-0.4797954559,-0.4785447121,-0.4664778113,-0.4580644965,0.4664778113,0.4580644965,0.4837960601,0.3688925382
train:1164,0,2.8004710674,2.7998920102,0.0005790572,0.0479157586,-0.0520119052,0.0595858693,-0.0206335660,-0.0112762451,-0.0115401745,0.0020413995,0.0089400411,0.0020413995,0.0089400411,0.0595858693,0.0206335660
train:1170,0,0.7790292501,0.7784501929,0.0005790572,0.2000190038,0.0840305109,0.2116891146,0.1154088501,-0.0522311926,-0.0962586403,-0.0389135480,-0.0757784247,0.0389135480,0.0757784247,0.2116891146,0.1154088501
train:1172,0,-1.4941611290,-1.4947401862,0.0005790572,-0.0570901017,-0.1131165605,-0.0454199910,-0.0817382213,-0.0538232327,-0.0634341240,-0.0405055881,-0.0429539084,0.0405055881,0.0429539084,0.0454199910,0.0817382213
train:1182,0,1.9432430267,1.9426639695,0.0005790572,0.0468413253,0.0273806472,0.0585114360,0.0587589864,0.0123648643,0.0329000950,0.0256825089,0.0533803105,0.0256825089,0.0533803105,0.0585114360,0.0587589864
train:1183,0,1.8339061737,1.8333271165,0.0005790572,-0.0127133708,0.0278717894,-0.0010432601,0.0592501286,0.0619988441,0.0539846420,0.0753164887,0.0744648576,0.0753164887,0.0744648576,0.0010432601,0.0592501286
train:1199,0,1.2203133106,1.2197342534,0.0005790572,0.0717561860,-0.0220162254,0.0834262967,0.0093621138,0.1649415493,0.1199126244,0.1782591939,0.1403928399,0.1782591939,0.1403928399,0.0834262967,0.0093621138
train:1201,0,0.1257988662,0.1252198089,0.0005790572,-0.1572356652,-0.1143083703,-0.1455655545,-0.0829300311,-0.0894719064,-0.0713273585,-0.0761542618,-0.0508471429,0.0761542618,0.0508471429,0.1455655545,0.0829300311
train:1202,0,2.2620296478,2.2614505906,0.0005790572,0.1388116498,0.0177560467,0.1504817605,0.0491343860,0.1018121243,0.0439462662,0.1151297688,0.0644264817,0.1151297688,0.0644264817,0.1504817605,0.0491343860
train:1206,0,-2.6569750309,-2.6575540881,0.0005790572,-0.6179100852,-0.6742048841,-0.6062399745,-0.6428265449,-0.6080877781,-0.5097620487,-0.5947701335,-0.4892818332,0.5947701335,0.4892818332,0.6062399745,0.6428265449
train:1209,0,-3.8434205055,-3.8439995628,0.0005790572,0.3493259568,0.0257125516,0.3609960675,0.0570908908,0.3040552139,0.2641015053,0.3173728585,0.2845817208,0.3173728585,0.2845817208,0.3609960675,0.0570908908
train:1211,0,-1.6436899900,-1.6442690473,0.0005790572,-0.0036036353,0.0251192469,0.0080664754,0.0564975861,-0.0326579809,-0.0091625452,-0.0193403363,0.0113176703,0.0193403363,0.0113176703,0.0080664754,0.0564975861
train:1217,0,-1.3443522453,-1.3449313026,0.0005790572,0.0635885615,-0.0038405042,0.0752586722,0.0275378350,0.0532096624,0.0855715275,0.0665273070,0.1060517430,0.0665273070,0.1060517430,0.0752586722,0.0275378350
train:1220,0,1.1486281157,1.1480490584,0.0005790572,-0.0970920902,-0.0956178289,-0.0854219794,-0.0642394897,-0.0313640833,-0.0318125486,-0.0180464387,-0.0113323331,0.0180464387,0.0113323331,0.0854219794,0.0642394897
train:1222,0,-2.4987728596,-2.4993519168,0.0005790572,0.2026641984,0.2213442940,0.2143343091,0.2527226332,0.0767793655,0.2385277748,0.0900970101,0.2590079904,0.0900970101,0.2590079904,0.2143343091,0.2527226332
train:1223,0,0.4880653620,0.4874863047,0.0005790572,0.1109356601,0.0672886688,0.1226057708,0.0986670080,0.0767348707,0.0626973808,0.0900525153,0.0831775963,0.0900525153,0.0831775963,0.1226057708,0.0986670080
train:1226,0,-0.6982063055,-0.6987853627,0.0005790572,-0.0190579276,-0.1099377852,-0.0073878169,-0.0785594460,0.0781469345,-0.0500168204,0.0914645791,-0.0295366049,0.0914645791,0.0295366049,0.0073878169,0.0785594460
train:1234,0,0.2510952055,0.2505161483,0.0005790572,-0.0384962540,-0.1166122835,-0.0268261433,-0.0852339443,-0.1050678194,-0.0060933232,-0.0917501748,0.0143868923,0.0917501748,0.0143868923,0.0268261433,0.0852339443
train:1235,0,0.5226115584,0.5220325012,0.0005790572,-0.0300201159,0.0132411737,-0.0183500051,0.0446195129,-0.1147528291,0.0450334549,-0.1014351845,0.0655136704,0.1014351845,0.0655136704,0.0183500051,0.0446195129
train:1236,0,1.9877643585,1.9871853013,0.0005790572,0.0443250556,-0.0184308868,0.0559951663,0.0129474524,0.0425384045,0.0074059963,0.0558560491,0.0278862119,0.0558560491,0.0278862119,0.0559951663,0.0129474524
train:1242,0,1.2763000727,1.2757210154,0.0005790572,0.0080881734,-0.0134137254,0.0197582841,0.0179646138,0.0220904350,0.0411754847,0.0354080796,0.0616557002,0.0354080796,0.0616557002,0.0197582841,0.0179646138
train:1245,0,-0.1626341194,-0.1632131766,0.0005790572,-0.1741015520,-0.0300174784,-0.1624314412,0.0013608608,-0.0783824772,-0.1868874505,-0.0650648326,-0.1664072350,0.0650648326,0.1664072350,0.1624314412,0.0013608608
train:1251,0,2.7530007362,2.7524216790,0.0005790572,0.0044532437,0.0200215001,0.0161233544,0.0513998393,0.0336143970,-0.0247056484,0.0469320416,-0.0042254329,0.0469320416,0.0042254329,0.0161233544,0.0513998393
train:1252,0,1.1226105690,1.1220315118,0.0005790572,-0.0023221355,-0.0485451799,0.0093479753,-0.0171668407,0.0581042767,0.2011932731,0.0714219213,0.2216734886,0.0714219213,0.2216734886,0.0093479753,0.0171668407
train:1254,0,0.2646961808,0.2641171236,0.0005790572,-0.0323652904,-0.1234764140,-0.0206951797,-0.0920980748,0.0255254805,-0.0229822397,0.0388431251,-0.0025020242,0.0388431251,0.0025020242,0.0206951797,0.0920980748
train:1255,0,1.9217083454,1.9211292882,0.0005790572,-0.1047427039,-0.0174608808,-0.0930725932,0.0139174584,-0.0026820898,-0.0280158520,0.0106355548,-0.0075356364,0.0106355548,0.0075356364,0.0930725932,0.0139174584
train:1261,0,1.3289787769,1.3283997197,0.0005790572,-0.4636332374,-0.6446369272,-0.4519631267,-0.6132585879,-0.2120240927,-0.4765653610,-0.1987064481,-0.4560851455,0.1987064481,0.4560851455,0.4519631267,0.6132585879
train:1262,0,-0.7408145666,-0.7413936239,0.0005790572,0.1234734077,-0.0279195886,0.1351435184,0.0034587506,0.1104681492,-0.0619409680,0.1237857938,-0.0414607525,0.1237857938,0.0414607525,0.1351435184,0.0034587506
train:1266,0,0.6909763813,0.6903973241,0.0005790572,-0.1185519080,-0.1678066235,-0.1068817973,-0.1364282843,-0.1028127670,-0.0740696192,-0.0894951224,-0.0535894036,0.0894951224,0.0535894036,0.1068817973,0.1364282843
train:1270,0,-0.2880156934,-0.2885947507,0.0005790572,-0.0037431698,0.0045605321,0.0079269409,0.0359388713,0.1993086934,0.1405976713,0.2126263380,0.1610778868,0.2126263380,0.1610778868,0.0079269409,0.0359388713
train:1271,0,-2.5127475262,-2.5133265834,0.0005790572,-0.1539141517,-0.1180328708,-0.1422440410,-0.0866545316,-0.1805052757,-0.2023236752,-0.1671876311,-0.1818434596,0.1671876311,0.1818434596,0.1422440410,0.0866545316
train:1272,0,3.1058070660,3.1052280087,0.0005790572,-0.0038444381,0.0224531312,0.0078256726,0.0538314704,0.0327956676,0.0900025368,0.0461133122,0.1104827523,0.0461133122,0.1104827523,0.0078256726,0.0538314704
train:1275,0,1.8285739422,1.8279948849,0.0005790572,0.2378820796,0.2186885495,0.2495521903,0.2500668887,0.1980303526,0.0883414745,0.2113479972,0.1088216901,0.2113479972,0.1088216901,0.2495521903,0.2500668887
train:1285,0,0.2461865842,0.2456075270,0.0005790572,-0.4499849956,-0.6256394069,-0.4383148849,-0.5942610677,-0.6420861781,-0.6517709196,-0.6287685335,-0.6312907040,0.6287685335,0.6312907040,0.4383148849,0.5942610677
train:1286,0,-0.6553778052,-0.6559568625,0.0005790572,-0.0748679023,-0.1238936763,-0.0631977916,-0.0925153371,-0.0818818212,-0.2035216093,-0.0685641766,-0.1830413938,0.0685641766,0.1830413938,0.0631977916,0.0925153371
train:1294,0,0.7041792870,0.7036002297,0.0005790572,-0.2197809201,-0.1597444396,-0.2081108093,-0.1283661004,-0.1592715979,-0.1582679749,-0.1459539533,-0.1377877593,0.1459539533,0.1377877593,0.2081108093,0.1283661004
train:1298,0,2.3347682953,2.3341892380,0.0005790572,-0.0282468181,-0.0855659824,-0.0165767074,-0.0541876432,-0.1108121872,-0.0970273018,-0.0974945426,-0.0765470862,0.0974945426,0.0765470862,0.0165767074,0.0541876432
train:1304,0,-4.1535367966,-4.1541158538,0.0005790572,0.0003002305,-0.2350859027,0.0119703412,-0.2037075635,-0.2113516331,-0.0836439133,-0.1980339885,-0.0631636977,0.1980339885,0.0631636977,0.0119703412,0.2037075635
train:1308,0,-1.2646231651,-1.2652022224,0.0005790572,-0.0952766519,-0.0974354129,-0.0836065412,-0.0660570737,-0.0626587868,-0.0613327026,-0.0493411422,-0.0408524871,0.0493411422,0.0408524871,0.0836065412,0.0660570737
train:1312,0,0.5670450330,0.5664659757,0.0005790572,-0.1663733702,-0.0971447807,-0.1547032595,-0.0657664415,0.0683541298,-0.2549678087,0.0816717744,-0.2344875932,0.0816717744,0.2344875932,0.1547032595,0.0657664415
train:1320,0,-0.2698825896,-0.2704616468,0.0005790572,0.0820010621,0.0885981936,0.0936711729,0.1199765328,-0.1373590678,-0.1763184667,-0.1240414232,-0.1558382511,0.1240414232,0.1558382511,0.0936711729,0.1199765328
train:1321,0,-1.4095594883,-1.4101385455,0.0005790572,0.0375271458,-0.0387585740,0.0491972566,-0.0073802348,-0.0157657862,0.0064308643,-0.0024481416,0.0269110799,0.0024481416,0.0269110799,0.0491972566,0.0073802348
train:1328,0,2.4356930256,2.4351139683,0.0005790572,-0.0013753753,-0.0613891464,0.0102947354,-0.0300108071,0.0231709480,-0.0384278297,0.0364885926,-0.0179476142,0.0364885926,0.0179476142,0.0102947354,0.0300108071
train:1329,0,-0.0787809715,-0.0793600287,0.0005790572,-0.0044006984,0.0157566387,0.0072694123,0.0471349779,0.0294232741,-0.0158607885,0.0427409187,0.0046194270,0.0427409187,0.0046194270,0.0072694123,0.0471349779
train:1337,0,0.2436569780,0.2430779208,0.0005790572,-0.0711577963,-0.0749759208,-0.0594876856,-0.0435975816,-0.1118533760,-0.1179195195,-0.0985357314,-0.0974393040,0.0985357314,0.0974393040,0.0594876856,0.0435975816
train:1340,0,1.7162582874,1.7156792302,0.0005790572,-0.0975529533,-0.1464007478,-0.0858828425,-0.1150224086,-0.1032242775,-0.0465106964,-0.0899066329,-0.0260304809,0.0899066329,0.0260304809,0.0858828425,0.1150224086
train:1342,0,-3.1023771763,-3.1029562335,0.0005790572,-0.1526340823,-0.2718567233,-0.1409639716,-0.2404783841,-0.1602091789,-0.0374033451,-0.1468915343,-0.0169231296,0.1468915343,0.0169231296,0.1409639716,0.2404783841
train:1346,0,-0.0662401840,-0.0668192412,0.0005790572,-0.0347298216,-0.0118549149,-0.0230597109,0.0195234243,-0.0204058066,0.0052155182,-0.0070881620,0.0256957337,0.0070881620,0.0256957337,0.0230597109,0.0195234243
train:1350,0,-0.0103180353,-0.0108970925,0.0005790572,-0.0381529480,0.0691747815,-0.0264828373,0.1005531207,0.0741002616,-0.0312565584,0.0874179062,-0.0107763428,0.0874179062,0.0107763428,0.0264828373,0.1005531207
train:1351,-1,-2.0829911232,1.3820484054,-3.4650395286,-0.0591479171,-0.1395905841,-0.0474778063,-0.1082122449,-0.0339710712,-0.0027978420,-0.0206534266,0.0176823735,0.0206534266,0.0176823735,0.0474778063,0.1082122449
train:1354,0,1.1139000654,1.1133210082,0.0005790572,-0.0279533248,-0.0218422990,-0.0162832141,0.0095360402,-0.0698310137,-0.0492042303,-0.0565133691,-0.0287240148,0.0565133691,0.0287240148,0.0162832141,0.0095360402
train:1357,0,2.5863540173,2.5857749600,0.0005790572,0.0144231934,0.0145128388,0.0260933042,0.0458911780,-0.0220308304,0.0551619530,-0.0087131858,0.0756421685,0.0087131858,0.0756421685,0.0260933042,0.0458911780
train:1361,0,2.1668250561,2.1662459988,0.0005790572,-0.0219897609,-0.1814045291,-0.0103196502,-0.1500261899,-0.1151618958,-0.0462124348,-0.1018442512,-0.0257322192,0.1018442512,0.0257322192,0.0103196502,0.1500261899
train:1362,0,1.7460343838,1.7454553265,0.0005790572,-0.0663825851,-0.0073721986,-0.0547124743,0.0240061406,0.0396928787,-0.0083248615,0.0530105233,0.0121553540,0.0530105233,0.0121553540,0.0547124743,0.0240061406
train:1365,0,1.5763062239,1.5757271666,0.0005790572,-0.2197152953,-0.2763280254,-0.2080451846,-0.2449496862,-0.1640230417,-0.1747835875,-0.1507053971,-0.1543033719,0.1507053971,0.1543033719,0.2080451846,0.2449496862
train:1378,0,1.1248073578,1.1242283005,0.0005790572,0.0910174269,-0.1204187255,0.1026875377,-0.0890403863,-0.0751578808,-0.0276677608,-0.0618402362,-0.0071875453,0.0618402362,0.0071875453,0.1026875377,0.0890403863
train:1389,0,-2.9111011028,-2.9116801601,0.0005790572,-0.1047388892,-0.0869852882,-0.0930687785,-0.0556069490,0.0275321007,-0.0880403519,0.0408497453,-0.0675601363,0.0408497453,0.0675601363,0.0930687785,0.0556069490
train:1391,0,-0.0639580041,-0.0645370614,0.0005790572,-0.0287270751,0.0530924741,-0.0170569643,0.0844708133,0.0001978725,0.1668971032,0.0135155171,0.1873773187,0.0135155171,0.1873773187,0.0170569643,0.0844708133
train:1410,0,2.3240473270,2.3234682698,0.0005790572,-0.0660662036,-0.0207526069,-0.0543960929,0.0106257323,0.0088450909,0.0275311470,0.0221627355,0.0480113626,0.0221627355,0.0480113626,0.0543960929,0.0106257323
train:1421,-1,-5.4202790260,-1.9552394975,-3.4650395286,-0.0079236853,-0.0648555386,0.0037464254,-0.0334771994,-0.3322734833,-0.3009343147,-0.3189558387,-0.2804540992,0.3189558387,0.2804540992,0.0037464254,0.0334771994
train:1426,0,-2.9214844704,-2.9220635276,0.0005790572,0.1804805417,0.1879120488,0.1921506524,0.2192903880,0.0658705235,0.0461611748,0.0791881680,0.0666413903,0.0791881680,0.0666413903,0.1921506524,0.2192903880
train:1443,0,0.6980571747,0.6974781174,0.0005790572,0.0607317109,0.0309991259,0.0724018216,0.0623774651,-0.0360525846,0.1247881651,-0.0227349401,0.1452683806,0.0227349401,0.1452683806,0.0724018216,0.0623774651
train:1444,0,-0.1064494625,-0.1070285197,0.0005790572,0.0419000928,-0.1299182605,0.0535702035,-0.0985399213,0.0139841661,-0.0174306557,0.0273018107,0.0030495599,0.0273018107,0.0030495599,0.0535702035,0.0985399213
train:1447,0,0.4169098437,0.4163307864,0.0005790572,0.1055281479,0.0308690686,0.1171982586,0.0622474078,-0.0848601758,-0.0184210241,-0.0715425313,0.0020591915,0.0715425313,0.0020591915,0.1171982586,0.0622474078
train:1457,0,-1.3461914062,-1.3467704635,0.0005790572,-0.0935371499,-0.2103628497,-0.0818670392,-0.1789845105,0.0142035484,-0.1295022964,0.0275211930,-0.1090220809,0.0275211930,0.1090220809,0.0818670392,0.1789845105
train:1460,0,0.3771460950,0.3765670378,0.0005790572,0.0517369528,-0.0766705554,0.0634070635,-0.0452922162,0.0014280081,-0.0545367897,0.0147456527,-0.0340565741,0.0147456527,0.0340565741,0.0634070635,0.0452922162
train:1466,0,0.4407669604,0.4401879031,0.0005790572,-0.0839314740,-0.0572553556,-0.0722613633,-0.0258770164,-0.1005928218,-0.0170892775,-0.0872751772,0.0033909380,0.0872751772,0.0033909380,0.0722613633,0.0258770164
train:1472,0,0.7393434048,0.7387643475,0.0005790572,-0.2087532263,-0.1505045872,-0.1970831156,-0.1191262480,-0.2014840841,-0.1809617877,-0.1881664395,-0.1604815722,0.1881664395,0.1604815722,0.1970831156,0.1191262480
train:1476,0,1.9373288155,1.9367497582,0.0005790572,0.0497387070,0.0250534434,0.0614088178,0.0564317826,0.1151423454,-0.0160126686,0.1284599900,0.0044675469,0.1284599900,0.0044675469,0.0614088178,0.0564317826
train:1485,0,0.7355527282,0.7349736709,0.0005790572,-0.1860082727,-0.1962764244,-0.1743381619,-0.1648980852,-0.1495336890,-0.1794250011,-0.1362160444,-0.1589447856,0.1362160444,0.1589447856,0.1743381619,0.1648980852
train:1486,0,-3.0334315300,-3.0340105872,0.0005790572,-0.0468034129,-0.0752329211,-0.0351333022,-0.0438545819,-0.1186559200,0.0720441341,-0.1053382754,0.0925243497,0.1053382754,0.0925243497,0.0351333022,0.0438545819
train:1488,0,-1.3691409826,-1.3697200399,0.0005790572,0.0375018735,-0.2014332395,0.0491719842,-0.1700549003,-0.0315042734,-0.1013444662,-0.0181866288,-0.0808642507,0.0181866288,0.0808642507,0.0491719842,0.1700549003
train:1504,0,0.8280615807,0.8274825234,0.0005790572,-0.0528367739,0.0077801962,-0.0411666632,0.0391585354,-0.0584473610,-0.0573397279,-0.0451297164,-0.0368595123,0.0451297164,0.0368595123,0.0411666632,0.0391585354
train:1506,0,2.1390876770,2.1385086198,0.0005790572,0.0207002778,-0.0073193889,0.0323703885,0.0240589503,0.1186525822,0.0129611492,0.1319702268,0.0334413648,0.1319702268,0.0334413648,0.0323703885,0.0240589503
train:1507,0,1.0482577085,1.0476786513,0.0005790572,0.0104575772,0.0778335352,0.0221276879,0.1092118744,0.0058175325,0.0608552098,0.0191351771,0.0813354254,0.0191351771,0.0813354254,0.0221276879,0.1092118744
train:1510,0,0.4423268139,0.4417477567,0.0005790572,-0.0785910766,-0.1513338368,-0.0669209659,-0.1199554976,-0.1111809909,-0.0491383970,-0.0978633463,-0.0286581814,0.0978633463,0.0286581814,0.0669209659,0.1199554976
train:1512,0,1.2700636387,1.2694845814,0.0005790572,0.0704268832,0.0763131995,0.0820969939,0.1076915387,0.0243762732,-0.0551855564,0.0376939178,-0.0347053409,0.0376939178,0.0347053409,0.0820969939,0.1076915387
train:1518,0,-1.4994566441,-1.5000357013,0.0005790572,-0.0701640229,-0.0620382409,-0.0584939122,-0.0306599017,-0.0900993347,0.0666275024,-0.0767816901,0.0871077180,0.0767816901,0.0871077180,0.0584939122,0.0306599017
train:1520,0,0.1267660856,0.1261870284,0.0005790572,-0.8240632992,-1.2832676749,-0.8123931885,-1.2518893357,-1.0253664255,-1.1713670492,-1.0120487809,-1.1508868337,1.0120487809,1.1508868337,0.8123931885,1.2518893357
train:1526,0,1.1697708368,1.1691917796,0.0005790572,-0.1151131969,-0.1761055570,-0.1034430861,-0.1447272178,-0.0615776777,-0.1611369848,-0.0482600331,-0.1406567693,0.0482600331,0.1406567693,0.1034430861,0.1447272178
train:1532,-1,-4.3876905441,-0.9226510156,-3.4650395286,0.0576377880,0.0436439287,0.0693078987,0.0750222679,-0.0271782875,0.0387468338,-0.0138606429,0.0592270494,0.0138606429,0.0592270494,0.0693078987,0.0750222679
train:1535,0,0.5758292675,0.5752502103,0.0005790572,-0.3980867844,-0.4087225180,-0.3864166737,-0.3773441788,-0.4674128294,-0.2896252275,-0.4540951848,-0.2691450119,0.4540951848,0.2691450119,0.3864166737,0.3773441788
train:1548,0,-3.4396021366,-3.4401811939,0.0005790572,-0.3109106403,-0.3533968311,-0.2992405295,-0.3220184919,-0.2949695587,-0.3021857738,-0.2816519141,-0.2817055583,0.2816519141,0.2817055583,0.2992405295,0.3220184919
train:1551,0,2.2877187729,2.2871397156,0.0005790572,-0.0663208347,-0.1184164863,-0.0546507239,-0.0870381471,-0.0815379620,-0.1686680317,-0.0682203174,-0.1481878161,0.0682203174,0.1481878161,0.0546507239,0.0870381471
train:1555,0,1.8928194046,1.8922403474,0.0005790572,-0.0410956722,-0.0719329696,-0.0294255614,-0.0405546304,-0.0037238598,0.0045669079,0.0095937848,0.0250471234,0.0095937848,0.0250471234,0.0294255614,0.0405546304
train:1556,0,-2.1227087975,-2.1232878547,0.0005790572,-0.0542864185,-0.1910846811,-0.0426163077,-0.1597063419,-0.0706996918,-0.0891895294,-0.0573820472,-0.0687093139,0.0573820472,0.0687093139,0.0426163077,0.1597063419
train:1563,-1,-2.2161233425,1.2489161861,-3.4650395286,0.0645403039,-0.0066802132,0.0762104146,0.0246981260,0.0465006828,-0.0759978294,0.0598183274,-0.0555176139,0.0598183274,0.0555176139,0.0762104146,0.0246981260
train:1574,0,2.3241479397,2.3235688824,0.0005790572,-0.1793529372,-0.2092637401,-0.1676828265,-0.1778854009,-0.1957750320,-0.1495602131,-0.1824573874,-0.1290799975,0.1824573874,0.1290799975,0.1676828265,0.1778854009
train:1578,-1,-5.8023719788,-2.3373324502,-3.4650395286,0.0773129832,0.2380197417,0.0889830940,0.2693980809,-0.0710473061,0.3846044540,-0.0577296615,0.4050846696,0.0577296615,0.4050846696,0.0889830940,0.2693980809
train:1580,0,2.7240371704,2.7234581132,0.0005790572,-0.1283792835,-0.0933842044,-0.1167091727,-0.0620058652,-0.0512483120,-0.1217539310,-0.0379306674,-0.1012737155,0.0379306674,0.1012737155,0.1167091727,0.0620058652
train:1592,0,2.9218771458,2.9212980885,0.0005790572,0.1051183362,0.0804715771,0.1167884469,0.1118499163,0.0760562420,0.0531098843,0.0893738866,0.0735900998,0.0893738866,0.0735900998,0.1167884469,0.1118499163
train:1608,0,1.7521210909,1.7515420336,0.0005790572,-0.0829773526,-0.1453017574,-0.0713072419,-0.1139234182,-0.0618464947,-0.1132007837,-0.0485288501,-0.0927205682,0.0485288501,0.0927205682,0.0713072419,0.1139234182
train:1609,0,-1.7994890213,-1.8000680785,0.0005790572,-0.0236726384,0.0334374327,-0.0120025277,0.0648157719,0.0895340443,-0.0284135342,0.1028516889,-0.0079333186,0.1028516889,0.0079333186,0.0120025277,0.0648157719
train:1615,0,-0.6361209750,-0.6367000323,0.0005790572,-0.0238043647,0.0655730386,-0.0121342540,0.0969513778,0.0872579217,-0.0387920141,0.1005755663,-0.0183117986,0.1005755663,0.0183117986,0.0121342540,0.0969513778
train:1619,0,-2.2251763344,-2.2257553916,0.0005790572,0.5009551663,0.4487441201,0.5126252770,0.4801224593,0.4441301823,0.4373099804,0.4574478269,0.4577901959,0.4574478269,0.4577901959,0.5126252770,0.4801224593
train:1621,0,0.2041160464,0.2035369892,0.0005790572,-0.0537028890,-0.0231819134,-0.0420327783,0.0081964258,-0.0816847980,-0.0688738823,-0.0683671534,-0.0483936667,0.0683671534,0.0483936667,0.0420327783,0.0081964258
train:1622,0,-2.7518393993,-2.7524184566,0.0005790572,-0.1575407367,-0.0937885623,-0.1458706260,-0.0624102231,0.0082521439,0.0497462749,0.0215697885,0.0702264905,0.0215697885,0.0702264905,0.1458706260,0.0624102231
train:1625,0,1.1391173601,1.1385383029,0.0005790572,-0.0379945617,-0.0301223378,-0.0263244510,0.0012560014,0.0156430006,0.0018225908,0.0289606452,0.0223028064,0.0289606452,0.0223028064,0.0263244510,0.0012560014
train:1627,0,2.3992404938,2.3986614365,0.0005790572,-0.0693573337,-0.0628475528,-0.0576872230,-0.0314692136,-0.0040833950,-0.0041809082,0.0092342496,0.0162993073,0.0092342496,0.0162993073,0.0576872230,0.0314692136
train:1629,0,-5.2502779961,-5.2508570533,0.0005790572,-0.1418539863,-0.3612462859,-0.1301838756,-0.3298679467,-0.0420722961,-0.1186099052,-0.0287546515,-0.0981296897,0.0287546515,0.0981296897,0.1301838756,0.3298679467
train:1630,0,1.5376386642,1.5370596070,0.0005790572,0.0036872048,-0.0830340963,0.0153573155,-0.0516557571,-0.0379698277,-0.1034812927,-0.0246521831,-0.0830010772,0.0246521831,0.0830010772,0.0153573155,0.0516557571
train:1634,0,-0.4069314003,-0.4075104575,0.0005790572,-0.0888640862,-0.1078956406,-0.0771939754,-0.0765173014,-0.1434691250,-0.1102418303,-0.1301514804,-0.0897616148,0.1301514804,0.0897616148,0.0771939754,0.0765173014
train:1640,0,1.4385963678,1.4380173106,0.0005790572,0.0616802592,-0.0374912601,0.0733503699,-0.0061129209,0.0307618380,0.0332816839,0.0440794826,0.0537618995,0.0440794826,0.0537618995,0.0733503699,0.0061129209
train:1641,-1,-7.6482362747,-4.1831967461,-3.4650395286,-0.1665565598,-0.1517955888,-0.1548864491,-0.1204172496,-0.1042618752,0.0955152512,-0.0909442306,0.1159954667,0.0909442306,0.1159954667,0.1548864491,0.1204172496
train:1642,0,2.2157361507,2.2151570935,0.0005790572,-0.0048868041,-0.0453402381,0.0067833066,-0.0139618989,-0.0131402016,-0.1042544842,0.0001774430,-0.0837742686,0.0001774430,0.0837742686,0.0067833066,0.0139618989
train:1645,0,1.2697772980,1.2691982407,0.0005790572,-0.0235411506,-0.0355364661,-0.0118710399,-0.0041581269,0.0398057699,-0.0206937790,0.0531234145,-0.0002135634,0.0531234145,0.0002135634,0.0118710399,0.0041581269
train:1646,0,1.7579210997,1.7573420424,0.0005790572,-0.0533092599,-0.0590197425,-0.0416391492,-0.0276414033,-0.0680871010,-0.0393646955,-0.0547694564,-0.0188844800,0.0547694564,0.0188844800,0.0416391492,0.0276414033
train:1653,0,1.1804993153,1.1799202580,0.0005790572,-0.0222658496,0.0005254168,-0.0105957389,0.0319037560,0.0267225504,0.0490691662,0.0400401950,0.0695493817,0.0400401950,0.0695493817,0.0105957389,0.0319037560
train:1663,-1,-2.5951411724,0.8698983562,-3.4650395286,0.0051632297,0.0237753760,0.0168333404,0.0551537152,-0.0140295029,0.2054603100,-0.0007118583,0.2259405255,0.0007118583,0.2259405255,0.0168333404,0.0551537152
train:1672,0,0.6697327495,0.6691536922,0.0005790572,0.1425930280,-0.0899771433,0.1542631388,-0.0585988041,-0.1228007674,-0.0866391063,-0.1094831228,-0.0661588907,0.1094831228,0.0661588907,0.1542631388,0.0585988041
train:1680,0,0.8175939918,0.8170149345,0.0005790572,0.1191656012,-0.0250601154,0.1308357120,0.0063182238,0.1359196305,0.1026142240,0.1492372751,0.1230944395,0.1492372751,0.1230944395,0.1308357120,0.0063182238
train:1691,0,-0.5347205400,-0.5352995973,0.0005790572,0.0817641039,-0.2859532814,0.0934342146,-0.2545749422,0.0884319544,0.0567070842,0.1017495990,0.0771872997,0.1017495990,0.0771872997,0.0934342146,0.2545749422
train:1694,0,-0.5327019691,-0.5332810264,0.0005790572,0.0184190292,-0.0590634029,0.0300891399,-0.0276850637,-0.0759095252,-0.1331515908,-0.0625918806,-0.1126713753,0.0625918806,0.1126713753,0.0300891399,0.0276850637
train:1699,0,-0.0902816430,-0.0908607002,0.0005790572,0.0582123343,0.0041807760,0.0698824450,0.0355591152,-0.0173439458,-0.0947611704,-0.0040263012,-0.0742809549,0.0040263012,0.0742809549,0.0698824450,0.0355591152
train:1705,0,-2.0862522125,-2.0868312698,0.0005790572,0.0013890881,-0.0525392871,0.0130591989,-0.0211609479,-0.0409739017,0.0255951881,-0.0276562572,0.0460754037,0.0276562572,0.0460754037,0.0130591989,0.0211609479
train:1706,0,-1.6380503178,-1.6386293750,0.0005790572,0.2274552006,0.1336142440,0.2391253114,0.1649925832,0.2170491219,0.1138010025,0.2303667665,0.1342812181,0.2303667665,0.1342812181,0.2391253114,0.1649925832
train:1719,0,-1.1635726690,-1.1641517263,0.0005790572,-0.0251666885,-0.0026965718,-0.0134965777,0.0286817674,-0.1361593008,-0.0903898478,-0.1228416562,-0.0699096322,0.1228416562,0.0699096322,0.0134965777,0.0286817674
train:1720,0,2.3547663689,2.3541873116,0.0005790572,0.0256481786,0.0042236466,0.0373182893,0.0356019858,-0.0210397243,-0.0100257397,-0.0077220798,0.0104544759,0.0077220798,0.0104544759,0.0373182893,0.0356019858
train:1722,0,-2.4557437897,-2.4563228469,0.0005790572,0.1094701905,-0.1585754733,0.1211403012,-0.1271971341,-0.0463483334,-0.0961019993,-0.0330306888,-0.0756217837,0.0330306888,0.0756217837,0.1211403012,0.1271971341
train:1730,-2,-4.4505019188,2.4801561956,-6.9306581144,0.0888106946,0.0541684751,0.1004808054,0.0855468143,-1.1628544331,-0.1890206337,-1.1495367885,-0.1685404181,1.1495367885,0.1685404181,0.1004808054,0.0855468143
train:1731,0,-1.8452274799,-1.8458065372,0.0005790572,-0.0820583682,-0.1450191121,-0.0703882575,-0.1136407729,-0.3466956615,-0.0698158741,-0.3333780169,-0.0493356586,0.3333780169,0.0493356586,0.0703882575,0.1136407729
train:1732,0,0.0106056286,0.0100265714,0.0005790572,-0.1140564633,-0.0653491048,-0.1023863526,-0.0339707656,-0.0688076885,-0.1488100039,-0.0554900439,-0.1283297883,0.0554900439,0.1283297883,0.1023863526,0.0339707656
train:1737,0,-1.1693232059,-1.1699022632,0.0005790572,-0.2728552799,-0.2168248873,-0.2611851692,-0.1854465481,-0.3376715183,-0.1942628026,-0.3243538737,-0.1737825871,0.3243538737,0.1737825871,0.2611851692,0.1854465481
train:1742,0,0.6916496754,0.6910706181,0.0005790572,-0.1506424527,-0.0551989060,-0.1389723420,-0.0238205668,-0.1311509609,-0.1669397950,-0.1178333163,-0.1464595795,0.1178333163,0.1464595795,0.1389723420,0.0238205668
train:1743,0,2.0609052181,2.0603261609,0.0005790572,-0.0554670673,-0.0187351089,-0.0437969565,0.0126432303,-0.0707197189,-0.0151581764,-0.0574020743,0.0053220391,0.0574020743,0.0053220391,0.0437969565,0.0126432303
train:1749,0,0.6386228204,0.6380437631,0.0005790572,0.1276086588,0.1464725454,0.1392787695,0.1778508846,0.0873292089,0.1211078763,0.1006468534,0.1415880919,0.1006468534,0.1415880919,0.1392787695,0.1778508846
train:1759,0,0.5218269825,0.5212479253,0.0005790572,-0.0984088164,-0.0810661297,-0.0867387056,-0.0496877905,-0.1265808344,-0.0863661170,-0.1132631898,-0.0658859015,0.1132631898,0.0658859015,0.0867387056,0.0496877905
train:1760,-5,-21.9070549011,-4.5795410293,-17.3275138718,-0.1726320404,-1.1644302028,-0.1609619296,-1.1330518636,-13.2445821762,-9.3452339172,-13.2312645316,-9.3247537017,13.2312645316,9.3247537017,0.1609619296,1.1330518636
train:1767,0,1.4885001183,1.4879210610,0.0005790572,-0.0447077136,-0.1646860223,-0.0330376029,-0.1333076831,-0.0024467707,-0.0576963425,0.0108708739,-0.0372161269,0.0108708739,0.0372161269,0.0330376029,0.1333076831
train:1768,-1,-0.8537222743,2.6113172543,-3.4650395286,0.0870889198,0.0652144920,0.0987590306,0.0965928312,-0.0046799779,-0.1236267686,0.0086376667,-0.1031465530,0.0086376667,0.1031465530,0.0987590306,0.0965928312
train:1774,0,0.5937489867,0.5931699295,0.0005790572,-0.1192283612,0.0679729600,-0.1075582504,0.0993512992,0.1183891892,0.0601090789,0.1317068338,0.0805892944,0.1317068338,0.0805892944,0.1075582504,0.0993512992
train:1777,0,-2.1659533978,-2.1665324550,0.0005790572,-0.1463555675,-0.0775226932,-0.1346854568,-0.0461443540,-0.0479903221,0.1497395039,-0.0346726775,0.1702197194,0.0346726775,0.1702197194,0.1346854568,0.0461443540
train:1779,0,0.4304302633,0.4298512060,0.0005790572,0.0769926924,0.0516415853,0.0886628032,0.0830199245,0.0929504037,0.0815336108,0.1062680483,0.1020138264,0.1062680483,0.1020138264,0.0886628032,0.0830199245
train:1785,-1,-7.3310341835,-3.8659946549,-3.4650395286,0.3349287879,0.3642681014,0.3465988986,0.3956464406,0.6965174675,0.8472514153,0.7098351121,0.8677316308,0.7098351121,0.8677316308,0.3465988986,0.3956464406
train:1789,0,0.1302134395,0.1296343822,0.0005790572,0.0754321013,-0.0012474637,0.0871022120,0.0301308755,0.1170750856,-0.0101937354,0.1303927302,0.0102864802,0.1303927302,0.0102864802,0.0871022120,0.0301308755
train:1790,0,-1.4123927355,-1.4129717927,0.0005790572,0.1509603877,0.0839751382,0.1626304984,0.1153534774,0.1046615839,0.1487370729,0.1179792285,0.1692172885,0.1179792285,0.1692172885,0.1626304984,0.1153534774
train:1791,0,1.6223744154,1.6217953582,0.0005790572,-0.1250609737,-0.0647755246,-0.1133908629,-0.0333971854,-0.0650106668,-0.0503195524,-0.0516930223,-0.0298393369,0.0516930223,0.0298393369,0.1133908629,0.0333971854
train:1816,0,1.3072808981,1.3067018409,0.0005790572,0.0432620663,0.1043711324,0.0549321771,0.1357494716,0.0804249048,0.1112841368,0.0937425494,0.1317643523,0.0937425494,0.1317643523,0.0549321771,0.1357494716
train:1817,0,-0.7463840842,-0.7469631415,0.0005790572,0.0475102682,-0.0075504761,0.0591803789,0.0238278631,-0.0648731589,-0.0022355318,-0.0515555143,0.0182446837,0.0515555143,0.0182446837,0.0591803789,0.0238278631
train:1820,0,2.6882798672,2.6877008099,0.0005790572,-0.0270404201,-0.0197109561,-0.0153703094,0.0116673831,0.0159225464,-0.0268609524,0.0292401910,-0.0063807368,0.0292401910,0.0063807368,0.0153703094,0.0116673831
train:1822,-1,-6.2772364616,-2.8121969331,-3.4650395286,0.3996229541,0.2404394519,0.4112930648,0.2718177911,0.0965375900,0.3315129280,0.1098552346,0.3519931436,0.1098552346,0.3519931436,0.4112930648,0.2718177911
train:1828,0,0.5243139267,0.5237348695,0.0005790572,-0.1427493673,-0.0884925108,-0.1310792565,-0.0571141716,-0.1422864199,-0.0959451795,-0.1289687753,-0.0754649639,0.1289687753,0.0754649639,0.1310792565,0.0571141716
train:1841,0,-0.2723644674,-0.2729435246,0.0005790572,0.1182907839,-0.0612552445,0.1299608946,-0.0298769053,0.0004281700,0.0499598682,0.0137458146,0.0704400837,0.0137458146,0.0704400837,0.1299608946,0.0298769053
train:1847,0,-3.8691632748,-3.8697423320,0.0005790572,0.0332849641,-0.0112611633,0.0449550748,0.0201171759,0.0812940598,0.1202828884,0.0946117043,0.1407631040,0.0946117043,0.1407631040,0.0449550748,0.0201171759
train:1850,0,-4.0593023300,-4.0598813873,0.0005790572,-0.0765103679,0.1028159280,-0.0648402572,0.1341942672,0.0466313362,0.1389675140,0.0599489808,0.1594477296,0.0599489808,0.1594477296,0.0648402572,0.1341942672
train:1855,0,-0.8385183215,-0.8390973788,0.0005790572,0.0360715408,0.0097044725,0.0477416515,0.0410828117,0.0296036601,0.1050305367,0.0429213047,0.1255107522,0.0429213047,0.1255107522,0.0477416515,0.0410828117
train:1861,0,-0.9345658422,-0.9351448994,0.0005790572,0.2484481354,0.2178647537,0.2601182461,0.2492430929,0.0544454455,0.2010580897,0.0677630901,0.2215383053,0.0677630901,0.2215383053,0.2601182461,0.2492430929
train:1868,0,0.4827702343,0.4821911771,0.0005790572,0.0162442941,-0.0803438108,0.0279144049,-0.0489654716,-0.1002494991,0.0085609853,-0.0869318545,0.0290412009,0.0869318545,0.0290412009,0.0279144049,0.0489654716
train:1870,0,0.3049775064,0.3043984492,0.0005790572,-0.0716222804,-0.0833410602,-0.0599521697,-0.0519627210,0.0022335947,-0.0638445616,0.0155512393,-0.0433643460,0.0155512393,0.0433643460,0.0599521697,0.0519627210
train:1882,0,0.4356420934,0.4350630362,0.0005790572,0.0809705872,0.1204752643,0.0926406980,0.1518536035,0.1077708602,0.1759502590,0.1210885048,0.1964304745,0.1210885048,0.1964304745,0.0926406980,0.1518536035
train:1890,0,0.1825135499,0.1819344927,0.0005790572,0.0302882660,-0.1193407308,0.0419583768,-0.0879623916,-0.0514223427,-0.0566146523,-0.0381046981,-0.0361344367,0.0381046981,0.0361344367,0.0419583768,0.0879623916
train:1893,0,1.2966030836,1.2960240264,0.0005790572,0.0786543507,0.0572764296,0.0903244615,0.0886547688,-0.0126339197,0.0181735754,0.0006837249,0.0386537910,0.0006837249,0.0386537910,0.0903244615,0.0886547688
train:1895,0,1.4378484488,1.4372693915,0.0005790572,-0.1684853416,-0.1020576339,-0.1568152308,-0.0706792947,0.0474222898,-0.0561932325,0.0607399344,-0.0357130170,0.0607399344,0.0357130170,0.1568152308,0.0706792947
train:1902,0,-2.6494526863,-2.6500317435,0.0005790572,0.0418425221,0.1320205350,0.0535126328,0.1633988742,-0.0081932545,-0.0448570251,0.0051243901,-0.0243768096,0.0051243901,0.0243768096,0.0535126328,0.1633988742
train:1904,0,1.7265932560,1.7260141988,0.0005790572,-0.2154840808,-0.1755173784,-0.2038139701,-0.1441390392,-0.0797052383,-0.0403954983,-0.0663875937,-0.0199152827,0.0663875937,0.0199152827,0.2038139701,0.1441390392
train:1905,0,0.8205227852,0.8199437279,0.0005790572,0.0328014512,-0.0260890703,0.0444715619,0.0052892689,-0.0591728687,-0.0816182494,-0.0458552241,-0.0611380339,0.0458552241,0.0611380339,0.0444715619,0.0052892689
train:1911,0,1.0325608253,1.0319817681,0.0005790572,0.1260309834,0.0425044913,0.1377010942,0.0738828305,0.1365894079,0.0207493305,0.1499070525,0.0412295461,0.1499070525,0.0412295461,0.1377010942,0.0738828305
train:1913,0,0.8055513501,0.8049722929,0.0005790572,0.0379776377,0.0980343241,0.0496477485,0.1294126633,0.0262373090,0.0458357930,0.0395549536,0.0663160086,0.0395549536,0.0663160086,0.0496477485,0.1294126633
train:1915,0,0.4966414869,0.4960624296,0.0005790572,-0.0311558526,0.0164411683,-0.0194857419,0.0478195075,0.0096046329,0.0270398259,0.0229222775,0.0475200415,0.0229222775,0.0475200415,0.0194857419,0.0478195075
train:1926,0,1.9569890499,1.9564099927,0.0005790572,-0.0518853050,-0.0549849849,-0.0402151942,-0.0236066457,0.0023567677,0.0258905888,0.0156744123,0.0463708043,0.0156744123,0.0463708043,0.0402151942,0.0236066457
train:1929,0,-1.4845434427,-1.4851225000,0.0005790572,0.1955123563,0.0514225383,0.2071824670,0.0828008775,0.1162315607,0.0616334677,0.1295492053,0.0821136832,0.1295492053,0.0821136832,0.2071824670,0.0828008775
train:1931,0,0.2048935741,0.2043145169,0.0005790572,-0.1039012503,-0.0956863593,-0.0922311395,-0.0643080201,-0.0310260057,-0.0649834722,-0.0177083611,-0.0445032567,0.0177083611,0.0445032567,0.0922311395,0.0643080201
train:1934,0,0.7747309208,0.7741518636,0.0005790572,0.0075039882,-0.0867779236,0.0191740990,-0.0553995844,0.0153152943,-0.0234799981,0.0286329389,-0.0029997826,0.0286329389,0.0029997826,0.0191740990,0.0553995844
train:1936,0,-1.4775335789,-1.4781126361,0.0005790572,-0.3320614677,-0.3072970491,-0.3203913569,-0.2759187099,-0.2716177702,-0.1381895542,-0.2583001256,-0.1177093387,0.2583001256,0.1177093387,0.3203913569,0.2759187099
train:1939,0,0.6929284334,0.6923493762,0.0005790572,-0.0353197437,-0.2043610792,-0.0236496329,-0.1729827400,-0.0646272898,-0.0581853986,-0.0513096452,-0.0377051830,0.0513096452,0.0377051830,0.0236496329,0.1729827400
train:1942,0,1.0112450123,1.0106659550,0.0005790572,-0.0764666181,-0.0610794406,-0.0647965074,-0.0297011014,-0.0279862881,-0.0636556149,-0.0146686435,-0.0431753993,0.0146686435,0.0431753993,0.0647965074,0.0297011014
train:1945,0,0.2286798954,0.2281008382,0.0005790572,0.1487068925,0.0490248818,0.1603770033,0.0804032210,0.0524449646,-0.0697983503,0.0657626092,-0.0493181348,0.0657626092,0.0493181348,0.1603770033,0.0804032210
train:1947,0,0.1526608616,0.1520818044,0.0005790572,-0.0440727006,0.0824051816,-0.0324025899,0.1137835208,0.0071347207,-0.0108922869,0.0204523653,0.0095879287,0.0204523653,0.0095879287,0.0324025899,0.1137835208
train:1949,0,-0.2149350196,-0.2155140769,0.0005790572,-0.1801133957,-0.1245475169,-0.1684432849,-0.0931691777,-0.1616853476,-0.1762750596,-0.1483677030,-0.1557948440,0.1483677030,0.1557948440,0.1684432849,0.0931691777
train:1950,0,-1.6674367189,-1.6680157762,0.0005790572,0.0256761927,0.0264053960,0.0373463035,0.0577837352,-0.1226673126,0.0285362005,-0.1093496680,0.0490164161,0.1093496680,0.0490164161,0.0373463035,0.0577837352
train:1952,0,0.7220260501,0.7214469929,0.0005790572,-0.1065508108,-0.2449271660,-0.0948807001,-0.2135488268,-0.1576789021,-0.2665838003,-0.1443612576,-0.2461035848,0.1443612576,0.2461035848,0.0948807001,0.2135488268
train:1960,0,1.6123057604,1.6117267031,0.0005790572,0.1977995057,0.0057066102,0.2094696164,0.0370849494,0.0723103285,0.0573433638,0.0856279731,0.0778235793,0.0856279731,0.0778235793,0.2094696164,0.0370849494
train:1961,0,1.9183790684,1.9178000111,0.0005790572,0.0642657895,0.0507294554,0.0759359002,0.0821077946,0.0446405411,0.0463993549,0.0579581857,0.0668795705,0.0579581857,0.0668795705,0.0759359002,0.0821077946
train:1964,0,0.7727354169,0.7721563597,0.0005790572,-0.1057979446,-0.0650479179,-0.0941278338,-0.0336695787,-0.0675091147,-0.0031858683,-0.0541914701,0.0172943473,0.0541914701,0.0172943473,0.0941278338,0.0336695787
train:1970,0,2.7358281612,2.7352491040,0.0005790572,0.0464451928,-0.0087651592,0.0581153035,0.0226131800,0.0389118195,0.0048258305,0.0522294641,0.0253060460,0.0522294641,0.0253060460,0.0581153035,0.0226131800
train:1971,0,1.0483990908,1.0478200335,0.0005790572,-0.0262060743,-0.0263524633,-0.0145359635,0.0050258759,-0.1795774698,-0.0016132593,-0.1662598252,0.0188669562,0.1662598252,0.0188669562,0.0145359635,0.0050258759
train:1975,0,-0.1228495762,-0.1234286334,0.0005790572,0.0109669958,-0.0524599384,0.0226371065,-0.0210815992,-0.0706174374,-0.1250737458,-0.0572997928,-0.1045935303,0.0572997928,0.1045935303,0.0226371065,0.0210815992
train:1986,0,-2.4291214943,-2.4297005515,0.0005790572,-0.1339556556,-0.2332691531,-0.1222855449,-0.2018908139,-0.2299120426,-0.2046222687,-0.2165943980,-0.1841420531,0.2165943980,0.1841420531,0.1222855449,0.2018908139
train:1988,0,1.5216190815,1.5210400243,0.0005790572,0.0937053580,0.0275368113,0.1053754687,0.0589151505,-0.0072170496,0.0197918415,0.0061005950,0.0402720571,0.0061005950,0.0402720571,0.1053754687,0.0589151505
train:1994,0,-1.3428198099,-1.3433988672,0.0005790572,-0.0823013168,-0.0379416328,-0.0706312060,-0.0065632936,-0.0034176111,-0.0353201628,0.0099000335,-0.0148399472,0.0099000335,0.0148399472,0.0706312060,0.0065632936
train:1995,0,1.1552044153,1.1546253581,0.0005790572,-0.0209377389,-0.0841866117,-0.0092676282,-0.0528082725,-0.0716060400,-0.0516730547,-0.0582883954,-0.0311928391,0.0582883954,0.0311928391,0.0092676282,0.0528082725
train:1998,0,0.7718379498,0.7712588925,0.0005790572,0.2691087146,0.1514264960,0.2807788253,0.1828048352,0.3397446871,0.0847350955,0.3530623317,0.1052153111,0.3530623317,0.1052153111,0.2807788253,0.1828048352
train:2013,0,0.8287537694,0.8281747122,0.0005790572,0.0291799326,0.0242060442,0.0408500433,0.0555843834,0.0106520057,-0.0861880779,0.0239696503,-0.0657078624,0.0239696503,0.0657078624,0.0408500433,0.0555843834
train:2015,0,0.7369913459,0.7364122886,0.0005790572,-0.0565075259,-0.2650390845,-0.0448374152,-0.2336607453,-0.0777032971,-0.1918836832,-0.0643856525,-0.1714034677,0.0643856525,0.1714034677,0.0448374152,0.2336607453
train:2023,0,-1.0367934704,-1.0373725276,0.0005790572,-0.0335637908,-0.0999852400,-0.0218936801,-0.0686069008,0.0292507410,-0.0543919206,0.0425683856,-0.0339117050,0.0425683856,0.0339117050,0.0218936801,0.0686069008
train:2028,0,-2.2946770191,-2.2952560764,0.0005790572,-0.0401806216,-0.0922614913,-0.0285105109,-0.0608831521,0.0087215900,-0.0389683247,0.0220392346,-0.0184881091,0.0220392346,0.0184881091,0.0285105109,0.0608831521
train:2033,0,0.8249745369,0.8243954797,0.0005790572,-0.1135261040,-0.0787360649,-0.1018559933,-0.0473577257,-0.0804613829,-0.0102991462,-0.0671437383,0.0101810694,0.0671437383,0.0101810694,0.1018559933,0.0473577257
train:2034,0,1.2285288572,1.2279498000,0.0005790572,-0.0592774730,-0.0583563428,-0.0476073623,-0.0269780036,0.0477802753,-0.0451003313,0.0610979199,-0.0246201158,0.0610979199,0.0246201158,0.0476073623,0.0269780036
train:2055,0,-1.0287657976,-1.0293448549,0.0005790572,-0.0564833861,-0.1193746310,-0.0448132753,-0.0879962918,-0.0853316784,-0.0097211599,-0.0720140338,0.0107590556,0.0720140338,0.0107590556,0.0448132753,0.0879962918
train:2058,0,2.5876386166,2.5870595593,0.0005790572,0.2656648774,-0.0043527465,0.2773349881,0.0270255927,-0.0202126503,0.1712913513,-0.0068950057,0.1917715669,0.0068950057,0.1917715669,0.2773349881,0.0270255927
train:2068,0,-0.1619612128,-0.1625402700,0.0005790572,-0.0556231197,-0.0157822203,-0.0439530089,0.0155961189,-0.0934681594,-0.0473479331,-0.0801505148,-0.0268677175,0.0801505148,0.0268677175,0.0439530089,0.0155961189
train:2071,0,1.0152752399,1.0146961827,0.0005790572,-0.1814870219,-0.2249763589,-0.1698169112,-0.1935980197,-0.1604491472,-0.0156643391,-0.1471315026,0.0048158765,0.1471315026,0.0048158765,0.1698169112,0.1935980197
train:2083,0,2.4193539619,2.4187749047,0.0005790572,0.0744338650,0.0303965230,0.0861039758,0.0617748622,0.3244383335,0.0757827759,0.3377559781,0.0962629914,0.3377559781,0.0962629914,0.0861039758,0.0617748622
train:2087,0,-2.0396525860,-2.0402316432,0.0005790572,-0.0073685031,-0.1452987771,0.0043016076,-0.1139204379,-0.0881929398,-0.0761363506,-0.0748752952,-0.0556561351,0.0748752952,0.0556561351,0.0043016076,0.1139204379
train:2089,0,1.1515804529,1.1510013957,0.0005790572,0.3126767297,0.3081442137,0.3243468404,0.3395225529,0.3260272741,0.0681575537,0.3393449187,0.0886377692,0.3393449187,0.0886377692,0.3243468404,0.3395225529
train:2091,0,0.6654258966,0.6648468394,0.0005790572,0.0525122900,0.1206253190,0.0641824007,0.1520036582,0.0384262800,0.0789588690,0.0517439246,0.0994390845,0.0517439246,0.0994390845,0.0641824007,0.1520036582
train:2099,0,-0.0271390378,-0.0277180951,0.0005790572,-0.0260873046,-0.1098648663,-0.0144171938,-0.0784865271,-0.0149068534,0.0501609147,-0.0015892088,0.0706411302,0.0015892088,0.0706411302,0.0144171938,0.0784865271
train:2105,0,2.0561795235,2.0556004662,0.0005790572,0.0873914380,-0.0490805488,0.0990615487,-0.0177022096,0.0322329998,-0.1069145203,0.0455506444,-0.0864343047,0.0455506444,0.0864343047,0.0990615487,0.0177022096
train:2106,0,0.6149137020,0.6143346448,0.0005790572,-0.0105503779,0.0863289852,0.0011197329,0.1177073244,0.0302530527,0.0755643845,0.0435706973,0.0960446000,0.0435706973,0.0960446000,0.0011197329,0.1177073244
train:2116,0,0.0473240130,0.0467449557,0.0005790572,-0.0515546147,-0.1104445327,-0.0398845039,-0.0790661935,0.0484445430,-0.1137127019,0.0617621876,-0.0932324864,0.0617621876,0.0932324864,0.0398845039,0.0790661935
train:2121,0,0.9774073362,0.9768282790,0.0005790572,-0.2531966548,-0.3025739770,-0.2415265441,-0.2711956378,-0.0994061232,-0.2198029757,-0.0860884786,-0.1993227601,0.0860884786,0.1993227601,0.2415265441,0.2711956378
train:2126,0,-0.7228200436,-0.7233991008,0.0005790572,-0.0197572689,-0.1290987711,-0.0080871582,-0.0977204319,-0.1455692053,-0.1600518823,-0.1322515607,-0.1395716667,0.1322515607,0.1395716667,0.0080871582,0.0977204319
train:2128,0,-0.0403717011,-0.0409507584,0.0005790572,0.0073459465,0.0176519845,0.0190160573,0.0490303237,0.0342077762,-0.0512882024,0.0475254208,-0.0308079869,0.0475254208,0.0308079869,0.0190160573,0.0490303237
train:2133,0,0.5739650726,0.5733860154,0.0005790572,-0.0236493330,-0.0166476350,-0.0119792223,0.0147307042,0.1002103388,-0.0423575044,0.1135279834,-0.0218772888,0.1135279834,0.0218772888,0.0119792223,0.0147307042
train:2135,0,-1.8318953514,-1.8324744086,0.0005790572,-0.0493007283,0.0194659848,-0.0376306176,0.0508443240,-0.0671725273,-0.0157690048,-0.0538548827,0.0047112107,0.0538548827,0.0047112107,0.0376306176,0.0508443240
train:2137,0,-1.4418272972,-1.4424063544,0.0005790572,-0.3723078351,-0.3743980508,-0.3606377244,-0.3430197116,-0.5236399174,-0.1225843430,-0.5103222728,-0.1021041274,0.5103222728,0.1021041274,0.3606377244,0.3430197116
train:2141,0,1.4613370895,1.4607580323,0.0005790572,0.0299475808,-0.0353346448,0.0416176915,-0.0039563056,-0.0713624954,-0.0291690826,-0.0580448508,-0.0086888671,0.0580448508,0.0086888671,0.0416176915,0.0039563056
train:2142,0,0.8645460010,0.8639669437,0.0005790572,-0.0601856690,-0.0501691680,-0.0485155582,-0.0187908288,-0.0357102752,-0.0178335309,-0.0223926306,0.0026466846,0.0223926306,0.0026466846,0.0485155582,0.0187908288
train:2157,0,0.4846242368,0.4840451796,0.0005790572,-0.0048621874,-0.0021470766,0.0068079233,0.0292312626,0.1195251942,0.0384103358,0.1328428388,0.0588905513,0.1328428388,0.0588905513,0.0068079233,0.0292312626
train:2162,0,1.1552782059,1.1546991486,0.0005790572,-0.0637257676,0.0700516124,-0.0520556569,0.1014299516,0.0326234102,0.0597602129,0.0459410548,0.0802404284,0.0459410548,0.0802404284,0.0520556569,0.1014299516
train:2171,0,-3.1361429691,-3.1367220264,0.0005790572,-0.5873576980,-0.6784216743,-0.5756875873,-0.6470433351,-0.6667695045,-0.4994194508,-0.6534518600,-0.4789392352,0.6534518600,0.4789392352,0.5756875873,0.6470433351
train:2172,0,-1.9248330593,-1.9254121165,0.0005790572,-0.1779087167,-0.2275283914,-0.1662386060,-0.1961500522,-0.1335847378,0.0127713680,-0.1202670932,0.0332515836,0.1202670932,0.0332515836,0.1662386060,0.1961500522
train:2173,0,1.2864266634,1.2858476062,0.0005790572,-0.0794990640,0.0190640111,-0.0678289533,0.0504423503,-0.1199418306,-0.1277173758,-0.1066241860,-0.1072371602,0.1066241860,0.1072371602,0.0678289533,0.0504423503
train:2183,0,1.0425697565,1.0419906993,0.0005790572,-0.1411944013,0.0007595439,-0.1295242906,0.0321378831,-0.0135271549,0.0449877381,-0.0002095103,0.0654679537,0.0002095103,0.0654679537,0.1295242906,0.0321378831
train:2188,0,-0.0764557794,-0.0770348366,0.0005790572,-0.0278109591,-0.1100838464,-0.0161408484,-0.0787055072,-0.0511652008,-0.2296899781,-0.0378475562,-0.2092097625,0.0378475562,0.2092097625,0.0161408484,0.0787055072
train:2199,0,1.6995015144,1.6989224572,0.0005790572,-0.0121458154,-0.0684834104,-0.0004757047,-0.0371050712,0.0387756824,0.0373353958,0.0520933270,0.0578156114,0.0520933270,0.0578156114,0.0004757047,0.0371050712
train:2201,0,-2.1729176044,-2.1734966617,0.0005790572,-0.0109466892,-0.0886391978,0.0007234216,-0.0572608586,0.0235075951,-0.0255532265,0.0368252397,-0.0050730109,0.0368252397,0.0050730109,0.0007234216,0.0572608586
train:2203,0,0.8331992030,0.8326201458,0.0005790572,0.0739321728,-0.0566063504,0.0856022835,-0.0252280112,-0.1429021955,-0.1220821142,-0.1295845509,-0.1016018987,0.1295845509,0.1016018987,0.0856022835,0.0252280112
train:2217,0,-2.0119612217,-2.0125402789,0.0005790572,-0.0949733834,-0.1355847697,-0.0833032727,-0.1042064305,-0.1836264133,-0.2257347107,-0.1703087687,-0.2052544951,0.1703087687,0.2052544951,0.0833032727,0.1042064305
train:2218,0,-3.3709118366,-3.3714908939,0.0005790572,0.0426548142,-0.1086601596,0.0543249249,-0.0772818204,-0.1151981354,0.0148715973,-0.1018804908,0.0353518128,0.1018804908,0.0353518128,0.0543249249,0.0772818204
train:2219,0,0.4197209179,0.4191418607,0.0005790572,-0.0514952522,-0.0790604930,-0.0398251414,-0.0476821538,-0.0420330763,-0.0464838743,-0.0287154317,-0.0260036588,0.0287154317,0.0260036588,0.0398251414,0.0476821538
train:2220,-1,-7.7143540382,-4.2493145097,-3.4650395286,0.0101454627,0.2663972747,0.0218155734,0.2977756139,0.0333328247,0.5788664818,0.0466504693,0.5993466973,0.0466504693,0.5993466973,0.0218155734,0.2977756139
train:2223,0,0.1098772138,0.1092981566,0.0005790572,0.0214177240,-0.0063448455,0.0330878347,0.0250334937,0.0483079143,-0.0078035891,0.0616255589,0.0126766264,0.0616255589,0.0126766264,0.0330878347,0.0250334937
train:2224,0,-2.9981169701,-2.9986960273,0.0005790572,0.5042615552,0.2384701390,0.5159316659,0.2698484782,0.3300120831,0.6460635662,0.3433297276,0.6665437818,0.3433297276,0.6665437818,0.5159316659,0.2698484782
train:2233,0,1.2608985901,1.2603195328,0.0005790572,-0.0121605973,-0.0107977967,-0.0004904866,0.0205805425,-0.0478906631,-0.0489702225,-0.0345730186,-0.0284900069,0.0345730186,0.0284900069,0.0004904866,0.0205805425
train:2261,0,-2.8298449516,-2.8304240089,0.0005790572,0.0957394261,0.2025271077,0.1074095368,0.2339054469,0.0375177860,-0.0081915855,0.0508354306,0.0122886300,0.0508354306,0.0122886300,0.1074095368,0.2339054469
train:2262,0,0.7264572382,0.7258781810,0.0005790572,-0.0903756004,-0.0673981886,-0.0787054896,-0.0360198494,-0.1142910719,-0.0703930855,-0.1009734273,-0.0499128699,0.1009734273,0.0499128699,0.0787054896,0.0360198494
train:2263,0,-0.6468917131,-0.6474707704,0.0005790572,0.0664758701,-0.0563899260,0.0781459808,-0.0250115868,0.1115728617,0.0350840092,0.1248905063,0.0555642247,0.1248905063,0.0555642247,0.0781459808,0.0250115868
train:2267,0,-2.0815489292,-2.0821279865,0.0005790572,-0.0439977031,-0.1806557756,-0.0323275924,-0.1492774364,0.0442261696,-0.1394083500,0.0575438142,-0.1189281344,0.0575438142,0.1189281344,0.0323275924,0.1492774364
train:2272,0,-0.4400158823,-0.4405949395,0.0005790572,0.0035599489,-0.0128719192,0.0152300596,0.0185064200,-0.1050851047,-0.1255641282,-0.0917674601,-0.1050839126,0.0917674601,0.1050839126,0.0152300596,0.0185064200
train:2273,0,1.3631774187,1.3625983615,0.0005790572,-0.0827190261,-0.0913842302,-0.0710489154,-0.0600058910,-0.0753232241,-0.1319457293,-0.0620055795,-0.1114655137,0.0620055795,0.1114655137,0.0710489154,0.0600058910
train:2280,0,-2.8367710114,-2.8373500686,0.0005790572,-0.0079163890,-0.1999482494,0.0037537217,-0.1685699102,-0.1803040504,0.1143274307,-0.1669864058,0.1348076463,0.1669864058,0.1348076463,0.0037537217,0.1685699102
train:2288,0,0.8541002274,0.8535211701,0.0005790572,0.0813376922,0.0528050680,0.0930078030,0.0841834072,0.0380446911,0.0228862166,0.0513623357,0.0433664322,0.0513623357,0.0433664322,0.0930078030,0.0841834072
train:2289,0,1.5500701666,1.5494911093,0.0005790572,0.2927449364,0.2344127316,0.3044150472,0.2657910708,0.2353510857,0.1498535872,0.2486687303,0.1703338027,0.2486687303,0.1703338027,0.3044150472,0.2657910708
train:2290,0,1.4454956055,1.4449165482,0.0005790572,0.0505461116,0.0546799321,0.0622162223,0.0860582713,-0.0414328575,-0.0044264793,-0.0281152129,0.0160537362,0.0281152129,0.0160537362,0.0622162223,0.0860582713
train:2293,0,0.7781782746,0.7775992174,0.0005790572,0.0263003726,-0.0200672727,0.0379704833,0.0113110665,0.0457099080,-0.0011583567,0.0590275526,0.0193218589,0.0590275526,0.0193218589,0.0379704833,0.0113110665
train:2295,0,1.4248703718,1.4242913146,0.0005790572,-0.0308193546,-0.0104579311,-0.0191492438,0.0209204081,-0.0992332697,-0.0781382322,-0.0859156251,-0.0576580167,0.0859156251,0.0576580167,0.0191492438,0.0209204081
train:2296,0,1.8168392181,1.8162601609,0.0005790572,-0.0119366031,0.0224762578,-0.0002664924,0.0538545970,0.0885848999,-0.0137538910,0.1019025445,0.0067263246,0.1019025445,0.0067263246,0.0002664924,0.0538545970
train:2297,0,-4.4170250893,-4.4176041465,0.0005790572,0.2247226853,0.3522356171,0.2363927960,0.3836139563,0.1180229187,0.3182430267,0.1313405633,0.3387232423,0.1313405633,0.3387232423,0.2363927960,0.3836139563
train:2298,0,2.5689368248,2.5683577676,0.0005790572,0.0788860936,0.0629883427,0.0905562043,0.0943666819,0.0586311817,0.0865554810,0.0719488263,0.1070356965,0.0719488263,0.1070356965,0.0905562043,0.0943666819
train:2303,0,-2.3641722202,-2.3647512775,0.0005790572,-0.0743381362,-0.1018053870,-0.0626680255,-0.0704270478,-0.0003101826,-0.0272567272,0.0130074620,-0.0067765117,0.0130074620,0.0067765117,0.0626680255,0.0704270478
train:2304,0,1.1046369076,1.1040578503,0.0005790572,0.2591809053,0.3220822830,0.2708510160,0.3534606222,0.2959542274,0.2115175128,0.3092718720,0.2319977283,0.3092718720,0.2319977283,0.2708510160,0.3534606222
train:2308,0,-0.6825054884,-0.6830845456,0.0005790572,0.0146541614,-0.0949348192,0.0263242722,-0.0635564800,0.0327956676,-0.0412276983,0.0461133122,-0.0207474828,0.0461133122,0.0207474828,0.0263242722,0.0635564800
train:2310,0,3.0332655907,3.0326865334,0.0005790572,-0.0291456561,0.0248566289,-0.0174755454,0.0562349681,0.0708506107,-0.0604190826,0.0841682553,-0.0399388671,0.0841682553,0.0399388671,0.0174755454,0.0562349681
train:2313,0,1.9381968975,1.9376178403,0.0005790572,-0.0257179122,-0.0290805679,-0.0140478015,0.0022977713,0.0088205338,-0.0170264244,0.0221381783,0.0034537911,0.0221381783,0.0034537911,0.0140478015,0.0022977713
train:2316,0,1.7545493841,1.7539703269,0.0005790572,0.0473096986,-0.0758520942,0.0589798093,-0.0444737550,-0.0094183683,-0.0136255026,0.0038992763,0.0068547130,0.0038992763,0.0068547130,0.0589798093,0.0444737550
train:2319,0,-0.6931327581,-0.6937118154,0.0005790572,-0.3920022230,-0.4526586812,-0.3803321123,-0.4212803420,-0.5040592551,-0.3110511303,-0.4907416105,-0.2905709147,0.4907416105,0.2905709147,0.3803321123,0.4212803420
train:2324,0,-1.5509141684,-1.5514932256,0.0005790572,0.0719044823,0.0878672023,0.0835745931,0.1192455415,-0.0408724546,-0.0406204462,-0.0275548100,-0.0201402307,0.0275548100,0.0201402307,0.0835745931,0.1192455415
train:2330,0,1.6931794882,1.6926004309,0.0005790572,-0.1287700515,-0.0678669791,-0.1170999408,-0.0364886399,0.0195101500,-0.0650142431,0.0328277946,-0.0445340276,0.0328277946,0.0445340276,0.1170999408,0.0364886399
train:2332,0,0.1460733563,0.1454942990,0.0005790572,0.2253330890,0.0980017279,0.2370031998,0.1293800671,0.1048352271,0.0709899366,0.1181528717,0.0914701521,0.1181528717,0.0914701521,0.2370031998,0.1293800671
train:2338,0,0.9252928495,0.9247137923,0.0005790572,0.0532071609,-0.0162644963,0.0648772717,0.0151138429,0.1325061321,0.1130496860,0.1458237767,0.1335299015,0.1458237767,0.1335299015,0.0648772717,0.0151138429
train:2343,0,-1.8414579630,-1.8420370202,0.0005790572,-0.4138084035,-0.7945258003,-0.4021382928,-0.7631474611,-0.7115864754,-0.8031743765,-0.6982688308,-0.7826941609,0.6982688308,0.7826941609,0.4021382928,0.7631474611
train:2345,0,1.6036421061,1.6030630488,0.0005790572,-0.0650208574,-0.0473404508,-0.0533507466,-0.0159621116,-0.0055333376,-0.0428270102,0.0077843070,-0.0223467946,0.0077843070,0.0223467946,0.0533507466,0.0159621116
train:2349,-1,-1.2842613459,2.1807781827,-3.4650395286,0.0889224183,0.0331837308,0.1005925290,0.0645620700,0.0449436903,0.0315195322,0.0582613349,0.0519997478,0.0582613349,0.0519997478,0.1005925290,0.0645620700
train:2353,0,-4.6525459290,-4.6531249862,0.0005790572,-0.0685712676,-0.0241815429,-0.0569011569,0.0071967963,-0.1419696808,-0.0181670189,-0.1286520362,0.0023131967,0.1286520362,0.0023131967,0.0569011569,0.0071967963
train:2360,0,-1.4871752262,-1.4877542835,0.0005790572,0.0676545520,-0.0826130491,0.0793246627,-0.0512347099,-0.0407481194,0.0126886368,-0.0274304748,0.0331688523,0.0274304748,0.0331688523,0.0793246627,0.0512347099
train:2361,0,0.8781839609,0.8776049037,0.0005790572,-0.0870686751,-0.1181064229,-0.0753985643,-0.0867280837,-0.0799475908,-0.1780169010,-0.0666299462,-0.1575366855,0.0666299462,0.1575366855,0.0753985643,0.0867280837
train:2366,0,-4.1242947578,-4.1248738151,0.0005790572,-0.4458703380,-0.4512948375,-0.4342002273,-0.4199164983,-0.2807295322,-0.5246281624,-0.2674118876,-0.5041479468,0.2674118876,0.5041479468,0.4342002273,0.4199164983
train:2371,0,1.0869454145,1.0863663573,0.0005790572,-0.2835726123,-0.1585572343,-0.2719025016,-0.1271788951,-0.1832467318,-0.1905809641,-0.1699290872,-0.1701007485,0.1699290872,0.1701007485,0.2719025016,0.1271788951
train:2374,0,0.7965686321,0.7959895749,0.0005790572,0.1690275092,-0.0990514736,0.1806976199,-0.0676731344,-0.0490598679,-0.0502949357,-0.0357422233,-0.0298147202,0.0357422233,0.0298147202,0.1806976199,0.0676731344
train:2375,0,0.2955675423,0.2949884851,0.0005790572,0.1324030329,0.0651119370,0.1440731436,0.0964902762,0.0610499680,0.0524520725,0.0743676126,0.0729322881,0.0743676126,0.0729322881,0.1440731436,0.0964902762
train:2385,0,-0.6887772083,-0.6893562656,0.0005790572,-0.0660593491,-0.0541468244,-0.0543892384,-0.0227684852,0.0678377151,0.1407447457,0.0811553597,0.1612249613,0.0811553597,0.1612249613,0.0543892384,0.0227684852
train:2395,0,-1.4883224964,-1.4889015537,0.0005790572,-0.1651352029,-0.1360868793,-0.1534650922,-0.1047085401,-0.1662065983,-0.1271049976,-0.1528889537,-0.1066247821,0.1528889537,0.1066247821,0.1534650922,0.1047085401
train:2397,0,0.0773776993,0.0767986421,0.0005790572,0.0314623062,-0.0375595744,0.0431324169,-0.0061812352,0.0335440561,0.0066220835,0.0468617007,0.0271022990,0.0468617007,0.0271022990,0.0431324169,0.0061812352
train:2401,0,1.2398579121,1.2392788548,0.0005790572,-0.0669491868,-0.0320934634,-0.0552790761,-0.0007151242,-0.0127038956,-0.0569975376,0.0006137490,-0.0365173221,0.0006137490,0.0365173221,0.0552790761,0.0007151242
train:2403,0,0.8322468996,0.8316678424,0.0005790572,-0.0880053025,-0.0833327155,-0.0763351917,-0.0519543763,-0.0750277042,-0.0654727221,-0.0617100596,-0.0449925065,0.0617100596,0.0449925065,0.0763351917,0.0519543763
train:2411,0,-0.3352655768,-0.3358446341,0.0005790572,0.1324066241,0.1142676193,0.1440767348,0.1456459585,0.1524323523,0.1190404296,0.1657499969,0.1395206451,0.1657499969,0.1395206451,0.1440767348,0.1456459585
train:2415,0,0.8094496727,0.8088706155,0.0005790572,0.0478601475,-0.0279459338,0.0595302582,0.0034324054,0.0146837234,0.0340060592,0.0280013680,0.0544862747,0.0280013680,0.0544862747,0.0595302582,0.0034324054
train:2423,0,2.1193265915,2.1187475343,0.0005790572,-0.0230156760,-0.0367545467,-0.0113455653,-0.0053762075,-0.0117561817,-0.0183880329,0.0015614629,0.0020921826,0.0015614629,0.0020921826,0.0113455653,0.0053762075
train:2425,0,-0.7237359881,-0.7243150454,0.0005790572,-0.0555587988,-0.1167168002,-0.0438886881,-0.0853384610,-0.0696662068,0.0104254484,-0.0563485622,0.0309056640,0.0563485622,0.0309056640,0.0438886881,0.0853384610
train:2428,0,0.4510011971,0.4504221399,0.0005790572,0.0155296345,-0.2784026544,0.0271997452,-0.2470243152,-0.1010027826,-0.0502663553,-0.0876851380,-0.0297861397,0.0876851380,0.0297861397,0.0271997452,0.2470243152
train:2433,0,1.8294591904,1.8288801331,0.0005790572,0.0078733582,0.0165876765,0.0195434690,0.0479660157,0.1919236183,0.0270466805,0.2052412629,0.0475268960,0.2052412629,0.0475268960,0.0195434690,0.0479660157
train:2435,0,0.2351075411,0.2345284838,0.0005790572,-0.2337147277,-0.0902548414,-0.2220446169,-0.0588765021,-0.3490412235,-0.2184101343,-0.3357235789,-0.1979299188,0.3357235789,0.1979299188,0.2220446169,0.0588765021
train:2439,0,0.2716064751,0.2710274179,0.0005790572,0.2176703308,0.4021690209,0.2293404415,0.4335473601,0.2059600800,0.3258038461,0.2192777246,0.3462840617,0.2192777246,0.3462840617,0.2293404415,0.4335473601
train:2440,0,2.0588364601,2.0582574029,0.0005790572,0.0634426493,-0.0303983073,0.0751127601,0.0009800319,0.0663146973,-0.0266668797,0.0796323419,-0.0061866641,0.0796323419,0.0061866641,0.0751127601,0.0009800319
train:2453,0,0.3221585155,0.3215794582,0.0005790572,0.1586632151,-0.1041454654,0.1703333259,-0.0727671262,-0.0682785213,-0.1146805286,-0.0549608767,-0.0942003131,0.0549608767,0.0942003131,0.1703333259,0.0727671262
train:2466,0,-0.6064862609,-0.6070653181,0.0005790572,-0.1644838135,-0.1121559422,-0.1528137028,-0.0807776030,-0.1324547827,-0.1995795965,-0.1191371381,-0.1790993810,0.1191371381,0.1790993810,0.1528137028,0.0807776030
train:2484,0,0.4864030480,0.4858239908,0.0005790572,0.0426166672,-0.0348138194,0.0542867780,-0.0034354802,0.0386244953,-0.0428928733,0.0519421399,-0.0224126577,0.0519421399,0.0224126577,0.0542867780,0.0034354802
train:2499,0,1.8379529715,1.8373739142,0.0005790572,-0.0196475368,-0.0017141681,-0.0079774261,0.0296641711,-0.0671533346,0.0441311598,-0.0538356900,0.0646113753,0.0538356900,0.0646113753,0.0079774261,0.0296641711
train:2501,0,1.9204133749,1.9198343177,0.0005790572,0.0156107564,-0.0632297378,0.0272808671,-0.0318513986,-0.0502767563,-0.0880793333,-0.0369591117,-0.0675991178,0.0369591117,0.0675991178,0.0272808671,0.0318513986
train:2502,0,-1.2301586866,-1.2307377439,0.0005790572,0.1108641047,-0.0302821975,0.1225342155,0.0010961417,0.1273503304,-0.0630007982,0.1406679749,-0.0425205827,0.1406679749,0.0425205827,0.1225342155,0.0010961417
train:2508,0,0.7403742671,0.7397952099,0.0005790572,0.0232360978,-0.0633777361,0.0349062085,-0.0319993969,-0.0666258931,0.0062692165,-0.0533082485,0.0267494321,0.0533082485,0.0267494321,0.0349062085,0.0319993969
train:2512,0,1.3466911316,1.3461120744,0.0005790572,-0.1097286325,-0.0211649518,-0.0980585217,0.0102133874,0.0217101574,0.0834162235,0.0350278020,0.1038964391,0.0350278020,0.1038964391,0.0980585217,0.0102133874
train:2518,0,0.6802186370,0.6796395798,0.0005790572,-0.2148274164,-0.2165859919,-0.2031573057,-0.1852076527,-0.1792953610,-0.2095085382,-0.1659777164,-0.1890283227,0.1659777164,0.1890283227,0.2031573057,0.1852076527
train:2531,0,-0.0851774514,-0.0857565086,0.0005790572,-0.0009539034,-0.0162308421,0.0107162073,0.0151474971,-0.0000916719,-0.0286658406,0.0132259727,-0.0081856251,0.0132259727,0.0081856251,0.0107162073,0.0151474971
train:2534,0,1.9923275709,1.9917485137,0.0005790572,-0.0351935010,-0.0366647821,-0.0235233903,-0.0052864429,0.0964522362,0.0366600752,0.1097698808,0.0571402907,0.1097698808,0.0571402907,0.0235233903,0.0052864429
train:2540,0,1.2552148104,1.2546357531,0.0005790572,-0.0415446143,-0.0299763065,-0.0298745036,0.0014020327,-0.0098385811,-0.0845772028,0.0034790635,-0.0640969872,0.0034790635,0.0640969872,0.0298745036,0.0014020327
train:2557,0,2.0115776062,2.0109985490,0.0005790572,0.0683843512,0.0864145179,0.0800544620,0.1177928571,0.0451793671,0.0774753094,0.0584970117,0.0979555249,0.0584970117,0.0979555249,0.0800544620,0.1177928571
train:2567,0,2.1490375996,2.1484585423,0.0005790572,0.0642679353,-0.0067798476,0.0759380460,0.0245984916,0.1491730213,0.0386555195,0.1624906659,0.0591357350,0.1624906659,0.0591357350,0.0759380460,0.0245984916
train:2569,0,0.4255934060,0.4250143487,0.0005790572,-0.0383139532,0.0638131816,-0.0266438425,0.0951915208,0.0491312146,0.0468297601,0.0624488592,0.0673099756,0.0624488592,0.0673099756,0.0266438425,0.0951915208
train:2570,0,2.0782966614,2.0777176041,0.0005790572,-0.0917529445,-0.1142503600,-0.0800828338,-0.0828720208,-0.1023294926,-0.0279479027,-0.0890118480,-0.0074676871,0.0890118480,0.0074676871,0.0800828338,0.0828720208
train:2573,0,-0.1054542065,-0.1060332637,0.0005790572,0.0100064073,0.1225557942,0.0216765180,0.1539341334,0.0583481789,0.1653920412,0.0716658235,0.1858722568,0.0716658235,0.1858722568,0.0216765180,0.1539341334
train:2583,0,1.1375765800,1.1369975228,0.0005790572,-0.0754944663,0.1065332312,-0.0638243556,0.1379115704,0.0707371235,-0.1003997326,0.0840547681,-0.0799195170,0.0840547681,0.0799195170,0.0638243556,0.1379115704
train:2592,0,1.0669803619,1.0664013047,0.0005790572,0.1066094656,0.1513065715,0.1182795763,0.1826849107,0.0898621082,0.1134206653,0.1031797528,0.1339008808,0.1031797528,0.1339008808,0.1182795763,0.1826849107
train:2600,0,-0.5539830327,-0.5545620899,0.0005790572,-0.0917269271,0.0096895714,-0.0800568163,0.0410679106,0.0558410287,-0.0153329372,0.0691586733,0.0051472783,0.0691586733,0.0051472783,0.0800568163,0.0410679106
train:2601,0,-1.4623707533,-1.4629498105,0.0005790572,-0.2606281619,-0.1729959827,-0.2489580512,-0.1416176435,-0.3155752420,-0.3666504622,-0.3022575974,-0.3461702466,0.3022575974,0.3461702466,0.2489580512,0.1416176435
train:2604,0,-0.5040363073,-0.5046153646,0.0005790572,-0.0135287922,-0.1182503681,-0.0018586814,-0.0868720289,-0.0034627914,-0.0523502231,0.0098548532,-0.0318700075,0.0098548532,0.0318700075,0.0018586814,0.0868720289
train:2616,0,0.9228386283,0.9222595711,0.0005790572,-0.0936708431,-0.2978402357,-0.0820007324,-0.2664618965,-0.2435621619,-0.3418722749,-0.2302445173,-0.3213920593,0.2302445173,0.3213920593,0.0820007324,0.2664618965
train:2625,0,0.9555728436,0.9549937863,0.0005790572,-0.0268095713,-0.0471211057,-0.0151394606,-0.0157427665,0.0046181679,-0.0658290386,0.0179358125,-0.0453488231,0.0179358125,0.0453488231,0.0151394606,0.0157427665
train:2632,0,3.5571119785,3.5565329213,0.0005790572,-0.0751869064,-0.0266124587,-0.0635167956,0.0047658805,-0.0508284569,0.0187957287,-0.0375108123,0.0392759442,0.0375108123,0.0392759442,0.0635167956,0.0047658805
train:2638,0,0.5149713159,0.5143922586,0.0005790572,-0.0305360537,-0.0782073121,-0.0188659430,-0.0468289729,-0.0463325977,-0.0684010983,-0.0330149531,-0.0479208827,0.0330149531,0.0479208827,0.0188659430,0.0468289729
train:2640,0,-1.9493272305,-1.9499062877,0.0005790572,0.0545299668,-0.0649593454,0.0662000775,-0.0335810062,0.1445446014,0.0647492409,0.1578622460,0.0852294564,0.1578622460,0.0852294564,0.0662000775,0.0335810062
train:2641,0,0.4990926981,0.4985136409,0.0005790572,0.0055809338,0.0183877666,0.0172510445,0.0497661058,-0.0297280550,0.0089101493,-0.0164104104,0.0293903649,0.0164104104,0.0293903649,0.0172510445,0.0497661058
train:2645,0,0.5938626528,0.5932835955,0.0005790572,-0.0398124438,-0.0313143115,-0.0281423330,0.0000640277,-0.0369316339,-0.0405334234,-0.0236139894,-0.0200532079,0.0236139894,0.0200532079,0.0281423330,0.0000640277
train:2662,0,0.0625093281,0.0619302709,0.0005790572,0.1635240112,0.0085276384,0.1751941219,0.0399059776,0.1737315655,0.1558651328,0.1870492101,0.1763453484,0.1870492101,0.1763453484,0.1751941219,0.0399059776
train:2671,0,0.7227024436,0.7221233864,0.0005790572,-0.2685165386,-0.3102951031,-0.2568464279,-0.2789167639,-0.0626830459,-0.1545895338,-0.0493654013,-0.1341093183,0.0493654013,0.1341093183,0.2568464279,0.2789167639
train:2674,0,2.0646402836,2.0640612263,0.0005790572,-0.0730687957,-0.0388898235,-0.0613986850,-0.0075114843,0.0713288784,-0.0475208759,0.0846465230,-0.0270406604,0.0846465230,0.0270406604,0.0613986850,0.0075114843
train:2676,0,-0.5933827162,-0.5939617734,0.0005790572,-0.5670265611,-1.1774825435,-0.5553564504,-1.1461042043,-0.4726200253,-0.8896814883,-0.4593023807,-0.8692012727,0.4593023807,0.8692012727,0.5553564504,1.1461042043
train:2677,0,-2.7802383900,-2.7808174472,0.0005790572,-0.0883924346,-0.1986119132,-0.0767223239,-0.1672335740,-0.0913820267,-0.1691560745,-0.0780643821,-0.1486758590,0.0780643821,0.1486758590,0.0767223239,0.1672335740
train:2682,0,1.4831224680,1.4825434108,0.0005790572,-0.0304076057,-0.0096831899,-0.0187374949,0.0216951493,-0.0886411667,-0.0418478251,-0.0753235221,-0.0213676095,0.0753235221,0.0213676095,0.0187374949,0.0216951493
train:2683,0,1.2388304472,1.2382513900,0.0005790572,-0.0029726606,0.0477290768,0.0086974502,0.0791074160,-0.0118507147,0.0301853418,0.0014669299,0.0506655574,0.0014669299,0.0506655574,0.0086974502,0.0791074160
train:2686,0,-2.2847590446,-2.2853381019,0.0005790572,0.1990938802,0.0202508588,0.2107639909,0.0516291980,-0.0027949810,0.1005113125,0.0105226636,0.1209915280,0.0105226636,0.1209915280,0.2107639909,0.0516291980
train:2692,0,-3.7694444656,-3.7700235229,0.0005790572,-0.2183415275,-0.2223390918,-0.2066714168,-0.1909607526,-0.3145778179,-0.4058260918,-0.3012601733,-0.3853458762,0.3012601733,0.3853458762,0.2066714168,0.1909607526
train:2698,0,0.6527310610,0.6521520037,0.0005790572,-0.1040169578,-0.0998961907,-0.0923468471,-0.0685178515,0.0211613178,-0.1217663884,0.0344789624,-0.1012861729,0.0344789624,0.1012861729,0.0923468471,0.0685178515
train:2705,0,1.7013672590,1.7007882018,0.0005790572,-0.0542787891,-0.0396541934,-0.0426086783,-0.0082758542,0.0113132000,-0.0456284285,0.0246308446,-0.0251482129,0.0246308446,0.0251482129,0.0426086783,0.0082758542
train:2707,0,-0.2849864662,-0.2855655234,0.0005790572,-0.1921708043,-0.0795161705,-0.1805006936,-0.0481378313,-0.2912481725,-0.1851760149,-0.2779305279,-0.1646957994,0.2779305279,0.1646957994,0.1805006936,0.0481378313
train:2709,0,1.6597812176,1.6592021603,0.0005790572,0.0042025466,-0.0016148668,0.0158726573,0.0297634724,-0.1032747030,-0.1610074043,-0.0899570584,-0.1405271888,0.0899570584,0.1405271888,0.0158726573,0.0297634724
train:2711,0,0.5765470266,0.5759679694,0.0005790572,0.0387095828,-0.0015235524,0.0503796935,0.0298547868,0.0304797888,0.0111976266,0.0437974334,0.0316778421,0.0437974334,0.0316778421,0.0503796935,0.0298547868
train:2716,0,-2.3654778004,-2.3660568576,0.0005790572,-0.1365920882,0.0685675759,-0.1249219775,0.0999459151,-0.3199293613,0.0907230377,-0.3066117167,0.1112032533,0.3066117167,0.1112032533,0.1249219775,0.0999459151
train:2722,0,-0.0814735368,-0.0820525940,0.0005790572,-0.0007518511,-0.0756237041,0.0109182596,-0.0442453649,-0.1976157799,0.0057600960,-0.1842981353,0.0262403116,0.1842981353,0.0262403116,0.0109182596,0.0442453649
train:2740,0,0.9984886646,0.9979096074,0.0005790572,0.1032689233,-0.0517148357,0.1149390340,-0.0203364965,0.0636899471,-0.0196287632,0.0770075917,0.0008514524,0.0770075917,0.0008514524,0.1149390340,0.0203364965
train:2747,0,2.0425813198,2.0420022626,0.0005790572,0.0029686112,0.0186644215,0.0146387219,0.0500427607,0.0143797398,0.0344760418,0.0276973844,0.0549562573,0.0276973844,0.0549562573,0.0146387219,0.0500427607
train:2749,0,-0.0496627837,-0.0502418410,0.0005790572,0.0456038658,0.0177892093,0.0572739765,0.0491675485,0.0409644693,0.0139233321,0.0542821139,0.0344035476,0.0542821139,0.0344035476,0.0572739765,0.0491675485
train:2753,0,2.6771073341,2.6765282769,0.0005790572,0.0233145375,-0.0081121307,0.0349846482,0.0232662085,0.0073502064,0.0834140778,0.0206678510,0.1038942933,0.0206678510,0.1038942933,0.0349846482,0.0232662085
train:2757,0,-0.5227960944,-0.5233751517,0.0005790572,0.0007856507,-0.0320797246,0.0124557614,-0.0007013854,-0.0686519444,-0.0003654957,-0.0553342998,0.0201147199,0.0553342998,0.0201147199,0.0124557614,0.0007013854
train:2761,0,0.6208902001,0.6203111429,0.0005790572,-0.1342697721,-0.1102204900,-0.1225996614,-0.0788421508,-0.0919504762,-0.1130715609,-0.0786328316,-0.0925913453,0.0786328316,0.0925913453,0.1225996614,0.0788421508
train:2773,0,2.2363495827,2.2357705254,0.0005790572,-0.1138409953,-0.0798735004,-0.1021708846,-0.0484951612,-0.0107986927,-0.0802049637,0.0025189519,-0.0597247481,0.0025189519,0.0597247481,0.1021708846,0.0484951612
train:2780,0,-2.4446117878,-2.4451908450,0.0005790572,-1.5021055322,-1.6650844794,-1.4904354215,-1.6337061402,-0.5504291058,-0.5170142651,-0.5371114612,-0.4965340495,0.5371114612,0.4965340495,1.4904354215,1.6337061402
train:2784,0,1.5151526928,1.5145736356,0.0005790572,-0.1182661634,-0.0459226947,-0.1065960526,-0.0145443555,-0.0758295059,-0.0216891766,-0.0625118613,-0.0012089610,0.0625118613,0.0012089610,0.1065960526,0.0145443555
train:2790,0,1.5449665785,1.5443875212,0.0005790572,-0.0266203265,-0.0576778035,-0.0149502158,-0.0262994643,-0.0371204615,-0.0989209414,-0.0238028169,-0.0784407258,0.0238028169,0.0784407258,0.0149502158,0.0262994643
train:2792,0,0.3090984225,0.3085193653,0.0005790572,-0.1072638016,-0.1618593614,-0.0955936909,-0.1304810222,-0.0892757475,-0.2103019953,-0.0759581029,-0.1898217797,0.0759581029,0.1898217797,0.0955936909,0.1304810222
train:2793,0,0.9393112659,0.9387322087,0.0005790572,0.4968900401,0.3482884784,0.5085601509,0.3796668176,0.4731708169,0.4052851796,0.4864884615,0.4257653952,0.4864884615,0.4257653952,0.5085601509,0.3796668176
train:2798,0,1.0317922831,1.0312132258,0.0005790572,0.0963892956,0.0729354639,0.1080594063,0.1043138031,0.0414898396,0.0762509704,0.0548074841,0.0967311859,0.0548074841,0.0967311859,0.1080594063,0.1043138031
train:2806,0,-0.0289558023,-0.0295348596,0.0005790572,0.0440892820,-0.0428714063,0.0557593927,-0.0114930671,0.0026055127,-0.0182677358,0.0159231573,0.0022124797,0.0159231573,0.0022124797,0.0557593927,0.0114930671
train:2807,0,1.6467363834,1.6461573262,0.0005790572,-0.1272200923,-0.1128419023,-0.1155499816,-0.0814635631,-0.0407304764,-0.0857717991,-0.0274128318,-0.0652915835,0.0274128318,0.0652915835,0.1155499816,0.0814635631
train:2811,0,0.4567105174,0.4561314602,0.0005790572,-0.0359698515,-0.1001878958,-0.0242997408,-0.0688095566,-0.0464415550,-0.1043454409,-0.0331239104,-0.0838652253,0.0331239104,0.0838652253,0.0242997408,0.0688095566
train:2814,0,1.4641366005,1.4635575433,0.0005790572,-0.0885797124,-0.0533342939,-0.0769096017,-0.0219559547,-0.0753726959,-0.0456972122,-0.0620550513,-0.0252169967,0.0620550513,0.0252169967,0.0769096017,0.0219559547
train:2820,0,-1.5205881596,-1.5211672168,0.0005790572,-0.0067067723,0.0396456141,0.0049633384,0.0710239533,0.1135184765,0.0371959209,0.1268361211,0.0576761365,0.1268361211,0.0576761365,0.0049633384,0.0710239533
train:2826,0,0.2542288005,0.2536497433,0.0005790572,-0.0059939008,0.0002686102,0.0056762099,0.0316469494,-0.0053114891,0.0023953021,0.0080061555,0.0228755176,0.0080061555,0.0228755176,0.0056762099,0.0316469494
train:2827,0,-0.2794093490,-0.2799884062,0.0005790572,-0.0605712812,-0.0635243635,-0.0489011705,-0.0321460243,-0.1740938872,-0.0415380299,-0.1607762426,-0.0210578144,0.1607762426,0.0210578144,0.0489011705,0.0321460243
train:2829,0,0.6247044206,0.6241253633,0.0005790572,0.0382926483,-0.0072738509,0.0499627590,0.0241044883,0.0523177981,-0.0220953226,0.0656354427,-0.0016151071,0.0656354427,0.0016151071,0.0499627590,0.0241044883
train:2851,0,-0.0693464801,-0.0699255373,0.0005790572,-0.0869337450,-0.1682771649,-0.0752636343,-0.1368988257,-0.0306231901,-0.0771043077,-0.0173055455,-0.0566240922,0.0173055455,0.0566240922,0.0752636343,0.1368988257
train:2858,0,1.4124227762,1.4118437190,0.0005790572,-0.0124658923,-0.0620866399,-0.0007957816,-0.0307083007,-0.0086965561,-0.0845307112,0.0046210885,-0.0640504956,0.0046210885,0.0640504956,0.0007957816,0.0307083007
train:2862,0,1.0964639187,1.0958848614,0.0005790572,-0.0042009931,-0.0332105737,0.0074691176,-0.0018322345,0.0404723883,0.0112377405,0.0537900329,0.0317179561,0.0537900329,0.0317179561,0.0074691176,0.0018322345
train:2864,0,-0.1464861035,-0.1470651608,0.0005790572,-0.0255388077,-0.1049095597,-0.0138686970,-0.0735312205,-0.1737014800,-0.1349024475,-0.1603838354,-0.1144222319,0.1603838354,0.1144222319,0.0138686970,0.0735312205
train:2865,-1,-6.4059119225,-2.9408723939,-3.4650395286,0.2607446086,0.0796838176,0.2724147193,0.1110621568,0.1490802765,0.3933167458,0.1623979211,0.4137969613,0.1623979211,0.4137969613,0.2724147193,0.1110621568
train:2867,0,0.3919720054,0.3913929481,0.0005790572,0.0292430241,-0.0256402772,0.0409131348,0.0057380620,-0.1936702132,-0.1039800346,-0.1803525686,-0.0834998190,0.1803525686,0.0834998190,0.0409131348,0.0057380620
train:2876,0,-0.6920191646,-0.6925982218,0.0005790572,-0.0737668853,0.0027105827,-0.0620967746,0.0340889219,-0.0034202933,-0.1501881480,0.0098973513,-0.1297079325,0.0098973513,0.1297079325,0.0620967746,0.0340889219
train:2882,0,2.2424709797,2.2418919225,0.0005790572,0.0513201375,-0.0298263412,0.0629902482,0.0015519980,0.0148787498,0.0468537807,0.0281963944,0.0673339963,0.0281963944,0.0673339963,0.0629902482,0.0015519980
train:2886,0,-2.2228477001,-2.2234267574,0.0005790572,-0.0352594238,0.0574424882,-0.0235893130,0.0888208274,0.1853618622,0.1428039074,0.1986795068,0.1632841229,0.1986795068,0.1632841229,0.0235893130,0.0888208274
train:2888,0,2.9405143261,2.9399352689,0.0005790572,0.0315631051,0.0437744279,0.0432332158,0.0751527671,0.0453753471,-0.0784494877,0.0586929917,-0.0579692721,0.0586929917,0.0579692721,0.0432332158,0.0751527671
train:2890,0,0.2806823254,0.2801032681,0.0005790572,-0.2224764805,-0.1520774048,-0.2108063698,-0.1206990656,-0.1531491578,-0.0641489625,-0.1398315132,-0.0436687469,0.1398315132,0.0436687469,0.2108063698,0.1206990656
train:2893,-1,-2.5816214085,0.8834181201,-3.4650395286,-0.0168609846,-0.0461427796,-0.0051908739,-0.0147644404,0.0661144257,-0.0878884792,0.0794320703,-0.0674082637,0.0794320703,0.0674082637,0.0051908739,0.0147644404
train:2905,0,-2.2767755985,-2.2773546558,0.0005790572,0.0209072251,0.1122153420,0.0325773358,0.1435936812,-0.0269672871,0.1329810619,-0.0136496425,0.1534612775,0.0136496425,0.1534612775,0.0325773358,0.1435936812
train:2906,0,-1.1121068001,-1.1126858573,0.0005790572,-0.0348288398,-0.1790398340,-0.0231587291,-0.1476614948,0.1451044083,-0.0894193649,0.1584220529,-0.0689391494,0.1584220529,0.0689391494,0.0231587291,0.1476614948
train:2907,0,2.1607439518,2.1601648946,0.0005790572,-0.0832862239,-0.0077070575,-0.0716161132,0.0236712817,-0.0143766403,0.0293996334,-0.0010589957,0.0498798490,0.0010589957,0.0498798490,0.0716161132,0.0236712817
train:2925,0,0.5216661692,0.5210871119,0.0005790572,0.0616465528,-0.1635174136,0.0733166635,-0.1321390744,-0.0076372623,-0.0134921074,0.0056803823,0.0069881082,0.0056803823,0.0069881082,0.0733166635,0.1321390744
train:2928,0,2.3381776810,2.3375986237,0.0005790572,0.0370879788,-0.0032405238,0.0487580895,0.0281378154,0.0210413933,0.0088453293,0.0343590379,0.0293255448,0.0343590379,0.0293255448,0.0487580895,0.0281378154
train:2937,0,1.8836804628,1.8831014056,0.0005790572,0.0258798022,-0.0397133212,0.0375499129,-0.0083349820,0.0090864897,-0.0264722109,0.0224041343,-0.0059919953,0.0224041343,0.0059919953,0.0375499129,0.0083349820
train:2946,0,-0.0665415153,-0.0671205725,0.0005790572,0.0147994329,0.0098604132,0.0264695436,0.0412387524,-0.0063903406,-0.0894415751,0.0069273040,-0.0689613596,0.0069273040,0.0689613596,0.0264695436,0.0412387524
train:2948,0,2.8453011513,2.8447220940,0.0005790572,0.0151558537,0.0750892777,0.0268259645,0.1064676169,0.0562670231,0.0495243073,0.0695846677,0.0700045228,0.0695846677,0.0700045228,0.0268259645,0.1064676169
train:2955,0,-2.1815938950,-2.1821729522,0.0005790572,-0.0313753467,-0.0962306838,-0.0197052360,-0.0648523446,-0.0194280148,-0.0300190449,-0.0061103702,-0.0095388293,0.0061103702,0.0095388293,0.0197052360,0.0648523446
train:2972,0,0.0193080567,0.0187289994,0.0005790572,-0.0987688992,-0.0580667499,-0.0870987885,-0.0266884107,-0.0007653944,-0.1157866754,0.0125522502,-0.0953064598,0.0125522502,0.0953064598,0.0870987885,0.0266884107
train:2973,0,-0.0371067636,-0.0376858208,0.0005790572,0.0062519294,-0.0703925509,0.0179220401,-0.0390142117,-0.0365521424,-0.0016895197,-0.0232344978,0.0187906958,0.0232344978,0.0187906958,0.0179220401,0.0390142117
train:2974,0,1.4197082520,1.4191291947,0.0005790572,-0.0377399307,0.0428763051,-0.0260698199,0.0742546443,0.0204542875,0.0045499802,0.0337719321,0.0250301957,0.0337719321,0.0250301957,0.0260698199,0.0742546443
train:2975,0,-0.9255697727,-0.9261488300,0.0005790572,0.2664888520,0.0905087609,0.2781589627,0.1218871001,-0.0146512985,0.0016300082,-0.0013336539,0.0221102238,0.0013336539,0.0221102238,0.2781589627,0.1218871001
train:2977,-1,-3.8807859421,-0.4157464135,-3.4650395286,-0.1086010564,-0.1654434133,-0.0969309456,-0.1340650741,-0.3231360912,-0.2282423973,-0.3098184466,-0.2077621818,0.3098184466,0.2077621818,0.0969309456,0.1340650741
train:2982,0,0.8237011433,0.8231220860,0.0005790572,-0.0470184665,0.0575875659,-0.0353483558,0.0889659051,0.0913964510,0.1192932129,0.1047140956,0.1397734284,0.1047140956,0.1397734284,0.0353483558,0.0889659051
train:2983,0,-4.4270043373,-4.4275833945,0.0005790572,-0.2425748687,-0.0609351974,-0.2309047580,-0.0295568582,-0.9163999557,-0.7660112381,-0.9030823112,-0.7455310225,0.9030823112,0.7455310225,0.2309047580,0.0295568582
train:2986,0,0.5349033475,0.5343242903,0.0005790572,0.2546373029,-0.0592537503,0.2663074136,-0.0278754111,-0.0134093165,-0.0555846691,-0.0000916719,-0.0351044536,0.0000916719,0.0351044536,0.2663074136,0.0278754111
train:2988,0,-1.1831798553,-1.1837589126,0.0005790572,-0.0369089227,-0.2070763092,-0.0252388120,-0.1756979700,-0.1598985195,-0.0993986130,-0.1465808749,-0.0789183974,0.1465808749,0.0789183974,0.0252388120,0.1756979700
train:2999,0,-1.0226153135,-1.0231943708,0.0005790572,0.0244181771,-0.1378794890,0.0360882878,-0.1065011498,-0.0899785757,-0.1345342994,-0.0766609311,-0.1140540838,0.0766609311,0.1140540838,0.0360882878,0.1065011498
train:3000,0,-0.7286928892,-0.7292719465,0.0005790572,-0.2991278749,-0.4334269743,-0.2874577641,-0.4020486351,-0.1244510412,-0.7180795819,-0.1111333966,-0.6975993663,0.1111333966,0.6975993663,0.2874577641,0.4020486351
train:3012,0,-0.7147161365,-0.7152951937,0.0005790572,0.0367177148,-0.0030232053,0.0483878255,0.0283551339,0.0593419671,0.0970137119,0.0726596117,0.1174939275,0.0726596117,0.1174939275,0.0483878255,0.0283551339
train:3019,0,1.3072013855,1.3066223283,0.0005790572,-0.0189465862,-0.0612927060,-0.0072764754,-0.0299143668,0.0123102665,-0.0390684605,0.0256279111,-0.0185882449,0.0256279111,0.0185882449,0.0072764754,0.0299143668
train:3025,0,-1.9710835218,-1.9716625791,0.0005790572,0.2514583487,0.0354749579,0.2631284595,0.0668532971,0.2950216532,0.1450654268,0.3083392978,0.1655456424,0.3083392978,0.1655456424,0.2631284595,0.0668532971
train:3031,0,0.1182128116,0.1176337544,0.0005790572,0.0844401587,0.0611041766,0.0961102694,0.0924825158,0.0603821203,0.0855107754,0.0736997649,0.1059909910,0.0736997649,0.1059909910,0.0961102694,0.0924825158
train:3048,0,-3.1126484871,-3.1132275443,0.0005790572,-0.0512647014,-0.0313028674,-0.0395945907,0.0000754718,-0.0488824844,-0.0772147179,-0.0355648398,-0.0567345023,0.0355648398,0.0567345023,0.0395945907,0.0000754718
train:3051,0,-2.2059264183,-2.2065054755,0.0005790572,0.0360558648,0.0377078671,0.0477259755,0.0690862063,-0.2445795536,-0.1166949272,-0.2312619090,-0.0962147117,0.2312619090,0.0962147117,0.0477259755,0.0690862063
train:3055,0,0.5418507457,0.5412716884,0.0005790572,-0.1817964893,-0.1336976867,-0.1701263785,-0.1023193475,-0.0836415887,-0.1395850182,-0.0703239441,-0.1191048026,0.0703239441,0.1191048026,0.1701263785,0.1023193475
train:3063,0,2.3888406754,2.3882616181,0.0005790572,-0.0585312228,-0.0121237617,-0.0468611121,0.0192545775,-0.0846736431,-0.0538396835,-0.0713559985,-0.0333594680,0.0713559985,0.0333594680,0.0468611121,0.0192545775
train:3064,0,-0.0696866885,-0.0702657457,0.0005790572,0.0789115671,0.1030127052,0.0905816779,0.1343910444,0.1035452411,0.1225849614,0.1168628857,0.1430651769,0.1168628857,0.1430651769,0.0905816779,0.1343910444
train:3070,0,1.2924185991,1.2918395419,0.0005790572,0.0321789403,-0.0122888665,0.0438490510,0.0190894727,-0.0142472982,0.0637935400,-0.0009296536,0.0842737556,0.0009296536,0.0842737556,0.0438490510,0.0190894727
train:3071,-1,-1.9208149910,1.5442245376,-3.4650395286,-0.0546575415,-0.0257678855,-0.0429874308,0.0056104537,-0.2833831310,-0.3105645180,-0.2700654864,-0.2900843024,0.2700654864,0.2900843024,0.0429874308,0.0056104537
train:3078,0,1.8604745865,1.8598955292,0.0005790572,0.0911046881,0.0359435696,0.1027747989,0.0673219088,0.1104540825,0.1250600815,0.1237717271,0.1455402970,0.1237717271,0.1455402970,0.1027747989,0.0673219088
train:3083,0,1.9229357243,1.9223566670,0.0005790572,-0.1779450755,-0.2230536323,-0.1662749648,-0.1916752931,-0.1970591545,-0.1336200237,-0.1837415099,-0.1131398082,0.1837415099,0.1131398082,0.1662749648,0.1916752931
train:3084,0,2.2982850075,2.2977059502,0.0005790572,-0.0906206947,-0.1227831226,-0.0789505839,-0.0914047834,-0.0544922352,-0.1232516766,-0.0411745906,-0.1027714610,0.0411745906,0.1027714610,0.0789505839,0.0914047834
train:3088,0,1.4261794090,1.4256003518,0.0005790572,0.0366331954,0.2030989547,0.0483033061,0.2344772939,-0.0879752636,0.2967152596,-0.0746576190,0.3171954751,0.0746576190,0.3171954751,0.0483033061,0.2344772939
train:3096,0,2.7767784595,2.7761994023,0.0005790572,-0.0195428710,0.0061560292,-0.0078727603,0.0375343684,0.0457942486,-0.0233409405,0.0591118932,-0.0028607249,0.0591118932,0.0028607249,0.0078727603,0.0375343684
train:3100,0,-0.1313440204,-0.1319230776,0.0005790572,0.0342980940,0.0426065643,0.0459682047,0.0739849035,-0.1960268170,-0.0456187129,-0.1827091724,-0.0251384974,0.1827091724,0.0251384974,0.0459682047,0.0739849035
train:3101,0,-1.8055857420,-1.8061647992,0.0005790572,-0.1087399106,-0.1874653678,-0.0970697999,-0.1560870286,-0.1909855604,-0.0957900286,-0.1776679158,-0.0753098130,0.1776679158,0.0753098130,0.0970697999,0.1560870286
train:3105,0,1.5394312143,1.5388521571,0.0005790572,-0.0784773212,-0.1577247958,-0.0668072104,-0.1263464566,-0.2307398319,-0.2172969580,-0.2174221873,-0.1968167424,0.2174221873,0.1968167424,0.0668072104,0.1263464566
train:3112,0,0.9873198271,0.9867407698,0.0005790572,0.0334140081,0.0031626243,0.0450841188,0.0345409635,0.1447621584,-0.0226926804,0.1580798030,-0.0022124648,0.1580798030,0.0022124648,0.0450841188,0.0345409635
train:3113,0,1.6400346756,1.6394556184,0.0005790572,-0.0804612022,-0.0793877225,-0.0687910914,-0.0480093833,-0.0548967123,-0.0736656189,-0.0415790677,-0.0531854033,0.0415790677,0.0531854033,0.0687910914,0.0480093833
train:3115,0,1.8209348917,1.8203558345,0.0005790572,0.0526296515,-0.1439449172,0.0642997622,-0.1125665780,0.0571345091,-0.0807715654,0.0704521537,-0.0602913499,0.0704521537,0.0602913499,0.0642997622,0.1125665780
train:3119,0,-0.2135493606,-0.2141284179,0.0005790572,0.0424518455,-0.0339520406,0.0541219562,-0.0025737014,-0.0581190437,0.0129741579,-0.0448013991,0.0334543735,0.0448013991,0.0334543735,0.0541219562,0.0025737014
train:3121,0,-2.3678584099,-2.3684374671,0.0005790572,-0.0096711498,-0.1133417468,0.0019989610,-0.0819634076,-0.0278165340,0.0627026558,-0.0144988894,0.0831828713,0.0144988894,0.0831828713,0.0019989610,0.0819634076
train:3123,-1,-5.7870721817,-2.3220326531,-3.4650395286,0.1003246677,0.0173173320,0.1119947784,0.0486956712,-0.0419745445,0.0055994987,-0.0286568999,0.0260797143,0.0286568999,0.0260797143,0.1119947784,0.0486956712
train:3134,0,1.5207060575,1.5201270003,0.0005790572,0.0286639352,-0.0035607200,0.0403340459,0.0278176192,0.0596328974,-0.0062545538,0.0729505420,0.0142256618,0.0729505420,0.0142256618,0.0403340459,0.0278176192
train:3137,0,2.1673667431,2.1667876858,0.0005790572,0.0919130463,0.1348252911,0.1035831571,0.1662036303,0.1811428070,0.0928921700,0.1944604516,0.1133723855,0.1944604516,0.1133723855,0.1035831571,0.1662036303
train:3141,0,1.1002632380,1.0996841807,0.0005790572,-0.0859233718,-0.1686900239,-0.0742532611,-0.1373116847,-0.0813648701,0.0181760788,-0.0680472255,0.0386562943,0.0680472255,0.0386562943,0.0742532611,0.1373116847
train:3152,0,-2.2704429626,-2.2710220199,0.0005790572,0.0821385999,-0.0013307910,0.0938087106,0.0300475482,-0.2734057903,-0.1909837723,-0.2600881457,-0.1705035567,0.2600881457,0.1705035567,0.0938087106,0.0300475482
train:3158,-1,-2.8050663471,0.6599731815,-3.4650395286,-0.1426168907,-0.0294853676,-0.1309467800,0.0018929716,0.6158537865,0.2150387764,0.6291714311,0.2355189919,0.6291714311,0.2355189919,0.1309467800,0.0018929716
train:3161,0,-1.0778692961,-1.0784483533,0.0005790572,-0.4487210493,-0.4701769929,-0.4370509386,-0.4387986537,-0.2805595398,-0.3426842690,-0.2672418952,-0.3222040534,0.2672418952,0.3222040534,0.4370509386,0.4387986537
train:3176,0,-1.5037678480,-1.5043469053,0.0005790572,-0.1081723552,-0.2548376899,-0.0965022445,-0.2234593507,-0.3005311489,-0.1272152662,-0.2872135043,-0.1067350507,0.2872135043,0.1067350507,0.0965022445,0.2234593507
train:3183,0,1.2726551294,1.2720760722,0.0005790572,0.0363523383,0.0212532897,0.0480224490,0.0526316289,0.0021986961,-0.0067456961,0.0155163407,0.0137345195,0.0155163407,0.0137345195,0.0480224490,0.0526316289
train:3190,0,3.2106339931,3.2100549359,0.0005790572,-0.0395323615,-0.1417705398,-0.0278622508,-0.1103922006,-0.0010001659,0.0782213211,0.0123174787,0.0987015367,0.0123174787,0.0987015367,0.0278622508,0.1103922006
train:3193,0,1.0569759607,1.0563969035,0.0005790572,-0.0119296890,0.0391152520,-0.0002595782,0.0704935912,0.1380919218,0.0143078566,0.1514095664,0.0347880721,0.1514095664,0.0347880721,0.0002595782,0.0704935912
train:3201,0,-1.3355855942,-1.3361646514,0.0005790572,-0.2286424022,-0.4222116451,-0.2169722915,-0.3908333059,-0.1259174347,-0.1742515564,-0.1125997901,-0.1537713408,0.1125997901,0.1537713408,0.2169722915,0.3908333059
train:3202,-1,-1.0002466440,2.4647928846,-3.4650395286,-0.1029837954,0.0083181035,-0.0913136847,0.0396964427,-0.1473046541,-0.0904003978,-0.1339870095,-0.0699201822,0.1339870095,0.0699201822,0.0913136847,0.0396964427
train:3208,0,-0.8411029577,-0.8416820150,0.0005790572,-0.1568009238,-0.0842795949,-0.1451308131,-0.0529012557,-0.1830383539,0.0348007083,-0.1697207093,0.0552809238,0.1697207093,0.0552809238,0.1451308131,0.0529012557
train:3210,0,1.4152714014,1.4146923442,0.0005790572,-0.1442306619,-0.1724266391,-0.1325605512,-0.1410482999,0.0429995060,-0.0611728430,0.0563171506,-0.0406926274,0.0563171506,0.0406926274,0.1325605512,0.1410482999
train:3214,0,1.0728209019,1.0722418446,0.0005790572,-0.3216019254,-0.2935612779,-0.3099318147,-0.2621829387,-0.1107004881,-0.3107094765,-0.0973828435,-0.2902292609,0.0973828435,0.2902292609,0.3099318147,0.2621829387
train:3218,0,2.4721543789,2.4715753217,0.0005790572,0.0214608331,0.0048626084,0.0331309438,0.0362409476,-0.0044300556,0.0651831627,0.0088875890,0.0856633782,0.0088875890,0.0856633782,0.0331309438,0.0362409476
train:3221,0,-0.1104523018,-0.1110313590,0.0005790572,0.1931828503,-0.0163536649,0.2048529610,0.0150246743,0.0468988642,0.0006398782,0.0602165088,0.0211200938,0.0602165088,0.0211200938,0.2048529610,0.0150246743
train:3227,0,-0.3179864883,-0.3185655456,0.0005790572,0.0122153480,-0.0452632587,0.0238854587,-0.0138849195,-0.0417680144,-0.1631351113,-0.0284503698,-0.1426548958,0.0284503698,0.1426548958,0.0238854587,0.0138849195
train:3231,0,3.0757932663,3.0752142091,0.0005790572,0.1119530816,0.0765205045,0.1236231923,0.1078988437,0.0049245358,-0.0136718750,0.0182421803,0.0068083405,0.0182421803,0.0068083405,0.1236231923,0.1078988437
train:3241,0,0.2247195244,0.2241404671,0.0005790572,0.0072705467,0.0042169113,0.0189406574,0.0355952505,-0.1038760841,-0.0768950582,-0.0905584395,-0.0564148426,0.0905584395,0.0564148426,0.0189406574,0.0355952505
train:3242,0,0.3438240588,0.3432450015,0.0005790572,-0.0853355806,0.0594824273,-0.0736654699,0.0908607665,-0.0100224018,-0.1227594912,0.0032952428,-0.1022792757,0.0032952428,0.1022792757,0.0736654699,0.0908607665
train:3248,0,-1.3072378635,-1.3078169208,0.0005790572,0.0303730387,-0.0384563785,0.0420431495,-0.0070780393,-0.0272223949,-0.0336480141,-0.0139047503,-0.0131677985,0.0139047503,0.0131677985,0.0420431495,0.0070780393
train:3250,0,1.5983239412,1.5977448840,0.0005790572,0.0583819766,-0.1243404727,0.0700520873,-0.0929621335,-0.0756210089,-0.0940328836,-0.0623033643,-0.0735526681,0.0623033643,0.0735526681,0.0700520873,0.0929621335
train:3260,0,0.8175723553,0.8169932980,0.0005790572,0.0288003702,0.0606823582,0.0404704809,0.0920606974,-0.1173555851,-0.0133304596,-0.1040379405,0.0071497560,0.1040379405,0.0071497560,0.0404704809,0.0920606974
train:3262,0,-1.6813085079,-1.6818875652,0.0005790572,0.0183169265,-0.1056891065,0.0299870372,-0.0743107673,-0.0150613785,-0.0378262997,-0.0017437339,-0.0173460841,0.0017437339,0.0173460841,0.0299870372,0.0743107673
train:3264,0,1.1496260166,1.1490469594,0.0005790572,-0.0715988260,-0.0929325204,-0.0599287152,-0.0615541812,-0.0674953461,-0.0384001732,-0.0541777015,-0.0179199576,0.0541777015,0.0179199576,0.0599287152,0.0615541812
train:3270,0,0.1568878889,0.1563088317,0.0005790572,-0.0565325003,-0.1427048128,-0.0448623896,-0.1113264736,-0.1218376160,-0.1482608020,-0.1085199714,-0.1277805865,0.1085199714,0.1277805865,0.0448623896,0.1113264736
train:3275,0,-2.7200117111,-2.7205907684,0.0005790572,0.2673540730,-0.2426566463,0.2790241838,-0.2112783071,-0.0800650120,-0.0881795883,-0.0667473674,-0.0676993728,0.0667473674,0.0676993728,0.2790241838,0.2112783071
train:3277,0,-0.9298897982,-0.9304688554,0.0005790572,0.0335772056,-0.0677848439,0.0452473164,-0.0364065047,-0.1125741005,-0.1063029766,-0.0992564559,-0.0858227611,0.0992564559,0.0858227611,0.0452473164,0.0364065047
train:3286,0,1.2951252460,1.2945461888,0.0005790572,-0.0050454717,0.0627382417,0.0066246390,0.0941165809,-0.0177110434,0.0345678329,-0.0043933988,0.0550480485,0.0043933988,0.0550480485,0.0066246390,0.0941165809
train:3290,0,1.5865253210,1.5859462638,0.0005790572,-0.2635526042,-0.1988740545,-0.2518824935,-0.1674957153,-0.1401238441,-0.1462851763,-0.1268061996,-0.1258049607,0.1268061996,0.1258049607,0.2518824935,0.1674957153
train:3293,0,1.2917497158,1.2911706586,0.0005790572,-0.0006855111,-0.0237758737,0.0109845996,0.0076024655,0.0282905102,-0.0287261009,0.0416081548,-0.0082458854,0.0416081548,0.0082458854,0.0109845996,0.0076024655
train:3296,0,-0.0293102469,-0.0298893042,0.0005790572,-0.0855161361,0.1146097593,-0.0738460254,0.1459880985,0.0377228651,-0.1682181563,0.0510405097,-0.1477379408,0.0510405097,0.1477379408,0.0738460254,0.1459880985
train:3297,0,2.1686639786,2.1680849213,0.0005790572,-0.0284768920,-0.0356945377,-0.0168067813,-0.0043161985,-0.0245149136,-0.0422978401,-0.0111972690,-0.0218176246,0.0111972690,0.0218176246,0.0168067813,0.0043161985
train:3303,0,2.0674903393,2.0669112820,0.0005790572,-0.0063435416,-0.0116719585,0.0053265691,0.0197063807,0.1031076908,0.1239147186,0.1164253354,0.1443949342,0.1164253354,0.1443949342,0.0053265691,0.0197063807
train:3316,0,0.7261838317,0.7256047745,0.0005790572,-0.2126595955,-0.0676350575,-0.2009894848,-0.0362567183,-0.1801703572,-0.0362529159,-0.1668527126,-0.0157727003,0.1668527126,0.0157727003,0.2009894848,0.0362567183
train:3325,0,-0.3628733158,-0.3634523731,0.0005790572,0.0572299976,-0.0623387377,0.0689001083,-0.0309603985,-0.0644058287,-0.0768945813,-0.0510881841,-0.0564143658,0.0510881841,0.0564143658,0.0689001083,0.0309603985
train:3326,0,-0.4779781103,-0.4785571676,0.0005790572,-0.1743705850,-0.1636394243,-0.1627004743,-0.1322610851,-0.0655215979,-0.0700719357,-0.0522039533,-0.0495917201,0.0522039533,0.0495917201,0.1627004743,0.1322610851
train:3328,0,0.7114626765,0.7108836193,0.0005790572,-0.0519710164,-0.1098638158,-0.0403009057,-0.0784854766,0.0188477635,0.0403533578,0.0321654081,0.0608335733,0.0321654081,0.0608335733,0.0403009057,0.0784854766
train:3333,0,0.9478051066,0.9472260494,0.0005790572,-0.0485135298,-0.0881344061,-0.0368434191,-0.0567560669,0.0182401538,-0.0677028298,0.0315577984,-0.0472226143,0.0315577984,0.0472226143,0.0368434191,0.0567560669
train:3337,0,-1.7582718134,-1.7588508706,0.0005790572,0.0799134393,-0.0767782312,0.0915835500,-0.0453998920,-0.0653094053,0.0013893843,-0.0519917607,0.0218695998,0.0519917607,0.0218695998,0.0915835500,0.0453998920
train:3342,0,2.6279234886,2.6273444314,0.0005790572,-0.0900673251,-0.0290541034,-0.0783972144,0.0023242358,0.0187752247,-0.0351119041,0.0320928693,-0.0146316886,0.0320928693,0.0146316886,0.0783972144,0.0023242358
train:3353,0,0.1930617839,0.1924827267,0.0005790572,-0.1057817470,-0.1262058150,-0.0941116363,-0.0948274758,0.0489556640,-0.0330649167,0.0622733086,-0.0125847012,0.0622733086,0.0125847012,0.0941116363,0.0948274758
train:3354,0,0.8320009708,0.8314219136,0.0005790572,0.0097763557,-0.0005283933,0.0214464664,0.0308499459,-0.0042053461,0.0069788098,0.0091122985,0.0274590254,0.0091122985,0.0274590254,0.0214464664,0.0308499459
train:3360,0,1.1352661848,1.1346871276,0.0005790572,0.1514112372,0.1913891454,0.1630813479,0.2227674846,0.2160782814,0.3479596972,0.2293959260,0.3684399128,0.2293959260,0.3684399128,0.1630813479,0.2227674846
train:3364,0,1.3718310595,1.3712520022,0.0005790572,-0.0253559928,-0.0074627977,-0.0136858821,0.0239155415,0.0385171175,0.0054703951,0.0518347621,0.0259506106,0.0518347621,0.0259506106,0.0136858821,0.0239155415
train:3377,0,-2.6149976254,-2.6155766826,0.0005790572,0.0434947629,-0.0247451644,0.0551648736,0.0066331748,0.0642764568,0.0732140541,0.0775941014,0.0936942697,0.0775941014,0.0936942697,0.0551648736,0.0066331748
train:3384,0,0.8219535351,0.8213744778,0.0005790572,-0.0490596276,-0.1934580188,-0.0373895168,-0.1620796796,0.0028131008,-0.1356030703,0.0161307454,-0.1151228547,0.0161307454,0.1151228547,0.0373895168,0.1620796796
train:3387,0,0.9869803786,0.9864013214,0.0005790572,-0.0758419018,-0.0689804535,-0.0641717911,-0.0376021143,-0.0752378106,-0.0775738358,-0.0619201660,-0.0570936203,0.0619201660,0.0570936203,0.0641717911,0.0376021143
train:3388,0,0.1825333238,0.1819542665,0.0005790572,0.1323234830,0.0604545269,0.1439935938,0.0918328661,-0.0118669719,0.0609013885,0.0014506727,0.0813816041,0.0014506727,0.0813816041,0.1439935938,0.0918328661
train:3391,0,0.2622956038,0.2617165465,0.0005790572,0.0182913263,-0.0774415713,0.0299614370,-0.0460632321,-0.1625138223,-0.0454167128,-0.1491961777,-0.0249364972,0.1491961777,0.0249364972,0.0299614370,0.0460632321
train:3397,0,-1.2443337440,-1.2449128013,0.0005790572,0.1366249938,-0.0624297242,0.1482951045,-0.0310513850,0.2093478441,0.1173119545,0.2226654887,0.1377921700,0.2226654887,0.1377921700,0.1482951045,0.0310513850
train:3399,0,-0.0878021717,-0.0883812289,0.0005790572,-0.2058651801,0.0095350985,-0.1941950694,0.0409134377,-0.1417875588,-0.0681970716,-0.1284699142,-0.0477168560,0.1284699142,0.0477168560,0.1941950694,0.0409134377
train:3402,0,-0.5539179444,-0.5544970017,0.0005790572,0.0508822222,-0.0099260788,0.0625523329,0.0214522604,0.1381019950,-0.0196666121,0.1514196396,0.0008136034,0.1514196396,0.0008136034,0.0625523329,0.0214522604
train:3409,0,0.4893972278,0.4888181705,0.0005790572,0.0477764625,-0.0387721639,0.0594465733,-0.0073938247,0.0608023703,-0.0223652720,0.0741200149,-0.0018850565,0.0741200149,0.0018850565,0.0594465733,0.0073938247
train:3410,0,-3.1874115467,-3.1879906039,0.0005790572,-0.1477152686,-0.0908700805,-0.1360451579,-0.0594917413,-0.1393597126,-0.0110189915,-0.1260420680,0.0094612241,0.1260420680,0.0094612241,0.1360451579,0.0594917413
train:3429,0,0.7685850859,0.7680060286,0.0005790572,-0.0540923457,-0.0857759695,-0.0424222350,-0.0543976303,-0.0092102289,-0.0481471419,0.0041074157,-0.0276669264,0.0041074157,0.0276669264,0.0424222350,0.0543976303
train:3430,0,1.2304643393,1.2298852820,0.0005790572,0.0437303204,-0.0457846503,0.0554004312,-0.0144063111,0.0533823967,0.1176429987,0.0667000413,0.1381232142,0.0667000413,0.1381232142,0.0554004312,0.0144063111
train:3437,0,0.5982795358,0.5977004785,0.0005790572,-0.6666787844,-0.4205405693,-0.6550086737,-0.3891622301,-0.7105826735,-0.7674154639,-0.6972650290,-0.7469352484,0.6972650290,0.7469352484,0.6550086737,0.3891622301
train:3442,0,1.6801514626,1.6795724053,0.0005790572,0.0580775161,0.0075766463,0.0697476268,0.0389549855,-0.0074008703,-0.0484244823,0.0059167743,-0.0279442668,0.0059167743,0.0279442668,0.0697476268,0.0389549855
train:3448,0,0.4625097811,0.4619307239,0.0005790572,-0.0794666093,0.0404437203,-0.0677964985,0.0718220595,0.1505937278,0.1216512918,0.1639113724,0.1421315074,0.1639113724,0.1421315074,0.0677964985,0.0718220595
train:3451,0,-1.1515449286,-1.1521239858,0.0005790572,0.0932808537,-0.0344786029,0.1049509645,-0.0031002637,-0.0958317518,-0.1470788717,-0.0825141072,-0.1265986562,0.0825141072,0.1265986562,0.1049509645,0.0031002637
train:3453,0,3.0656716824,3.0650926251,0.0005790572,0.0308230538,-0.0778962951,0.0424931645,-0.0465179559,-0.0215923786,0.0567984581,-0.0082747340,0.0772786736,0.0082747340,0.0772786736,0.0424931645,0.0465179559
train:3456,0,2.0155718327,2.0149927754,0.0005790572,0.0419239421,-0.0055000167,0.0535940528,0.0258783225,0.0301005840,-0.0040471554,0.0434182286,0.0164330602,0.0434182286,0.0164330602,0.0535940528,0.0258783225
train:3457,0,1.5979571342,1.5973780770,0.0005790572,-0.0400652271,-0.0577556472,-0.0283951163,-0.0263773080,0.0154383183,-0.0159783363,0.0287559628,0.0045018792,0.0287559628,0.0045018792,0.0283951163,0.0263773080
train:3487,-2,-5.3939194679,1.5367386465,-6.9306581144,0.0250046377,0.0255128269,0.0366747484,0.0568911661,-0.0191750526,-0.3422064781,-0.0058574080,-0.3217262626,0.0058574080,0.3217262626,0.0366747484,0.0568911661
train:3491,0,0.4510067701,0.4504277129,0.0005790572,-0.0668197255,-0.1863702517,-0.0551496148,-0.1549919125,-0.1163489819,0.0723896623,-0.1030313373,0.0928698778,0.1030313373,0.0928698778,0.0551496148,0.1549919125
train:3518,0,-5.1454930305,-5.1460720878,0.0005790572,-0.0608021598,-0.1950785499,-0.0491320491,-0.1637002107,-0.1016635895,-0.2320108414,-0.0883459449,-0.2115306258,0.0883459449,0.2115306258,0.0491320491,0.1637002107
train:3520,0,0.5167547464,0.5161756892,0.0005790572,-0.1008393150,-0.2126824837,-0.0891692042,-0.1813041445,-0.1609899998,-0.1916862130,-0.1476723552,-0.1712059975,0.1476723552,0.1712059975,0.0891692042,0.1813041445
train:3536,0,1.4683972597,1.4678182025,0.0005790572,-0.1816019397,-0.1187675576,-0.1699318290,-0.0873892184,-0.1746681929,-0.0619078875,-0.1613505483,-0.0414276719,0.1613505483,0.0414276719,0.1699318290,0.0873892184
train:3539,0,-2.3428900242,-2.3434690814,0.0005790572,-0.0381845813,-0.0866839271,-0.0265144706,-0.0553055879,-0.1371874809,-0.1122424603,-0.1238698363,-0.0917622447,0.1238698363,0.0917622447,0.0265144706,0.0553055879
train:3545,0,1.5436255932,1.5430465359,0.0005790572,-0.0240709167,-0.1952288728,-0.0124008060,-0.1638505336,-0.4272543192,-0.3135352135,-0.4139366746,-0.2930549979,0.4139366746,0.2930549979,0.0124008060,0.1638505336
train:3546,0,1.4942407608,1.4936617036,0.0005790572,0.0448796172,0.0598707814,0.0565497279,0.0912491206,0.1131100655,0.1396529675,0.1264277101,0.1601331830,0.1264277101,0.1601331830,0.0565497279,0.0912491206
train:3548,0,2.0921137333,2.0915346761,0.0005790572,-0.1268169265,-0.1772243362,-0.1151468158,-0.1458459970,-0.1428308487,-0.1975204945,-0.1295132041,-0.1770402789,0.1295132041,0.1770402789,0.1151468158,0.1458459970
train:3551,0,-1.3417176008,-1.3422966581,0.0005790572,0.0273659844,0.0462470670,0.0390360951,0.0776254062,0.0501738787,-0.0005897284,0.0634915233,0.0198904872,0.0634915233,0.0198904872,0.0390360951,0.0776254062
train:3552,0,0.7936094403,0.7930303831,0.0005790572,-0.1646510940,-0.3258370142,-0.1529809833,-0.2944586750,-0.3310174346,-0.2523645759,-0.3176997900,-0.2318843603,0.3176997900,0.2318843603,0.1529809833,0.2944586750
train:3554,0,2.9942553043,2.9936762471,0.0005790572,-0.0249480586,-0.0430294852,-0.0132779479,-0.0116511460,0.0933871269,-0.0272972584,0.1067047715,-0.0068170428,0.1067047715,0.0068170428,0.0132779479,0.0116511460
train:3556,0,-0.0845097974,-0.0850888546,0.0005790572,-0.1463770550,-0.1153407227,-0.1347069442,-0.0839623835,-0.1131743342,-0.0169619992,-0.0998566896,0.0035182163,0.0998566896,0.0035182163,0.1347069442,0.0839623835
train:3579,0,-0.2824476361,-0.2830266934,0.0005790572,0.0289827306,0.0373803098,0.0406528413,0.0687586490,-0.0255916417,0.0317560136,-0.0122739971,0.0522362292,0.0122739971,0.0522362292,0.0406528413,0.0687586490
train:3592,0,1.9972684383,1.9966893811,0.0005790572,0.0122205634,0.0362603087,0.0238906741,0.0676386479,0.0261029005,0.0292670727,0.0394205451,0.0497472882,0.0394205451,0.0497472882,0.0238906741,0.0676386479
train:3595,0,-4.9305291176,-4.9311081748,0.0005790572,-0.3097020965,-0.2024013381,-0.2980319858,-0.1710229989,-0.1366939545,-0.3443889618,-0.1233763099,-0.3239087462,0.1233763099,0.3239087462,0.2980319858,0.1710229989
train:3602,0,2.8234801292,2.8229010720,0.0005790572,-0.0212001186,-0.0032085757,-0.0095300078,0.0281697635,0.0688846111,-0.0168905258,0.0822022557,0.0035896897,0.0822022557,0.0035896897,0.0095300078,0.0281697635
train:3604,0,-1.9614962339,-1.9620752912,0.0005790572,-0.0509023051,-0.0017356258,-0.0392321944,0.0296427134,0.0460604429,-0.0963743925,0.0593780875,-0.0758941770,0.0593780875,0.0758941770,0.0392321944,0.0296427134
train:3609,0,-1.8285784721,-1.8291575294,0.0005790572,0.0847622771,0.0310739894,0.0964323878,0.0624523286,0.1280436516,0.0111551285,0.1413612962,0.0316353440,0.1413612962,0.0316353440,0.0964323878,0.0624523286
train:3613,0,2.1851847172,2.1846056599,0.0005790572,0.0081227441,-0.0366439204,0.0197928548,-0.0052655812,0.0443217754,0.0327944756,0.0576394200,0.0532746911,0.0576394200,0.0532746911,0.0197928548,0.0052655812
train:3619,0,2.1598708630,2.1592918057,0.0005790572,-0.0535914283,-0.0403897147,-0.0419213176,-0.0090113755,0.0554933548,-0.0700933933,0.0688109994,-0.0496131778,0.0688109994,0.0496131778,0.0419213176,0.0090113755
train:3621,0,-0.7976928353,-0.7982718926,0.0005790572,0.0458946843,0.0623275060,0.0575647950,0.0937058452,-0.0708470941,0.0268309712,-0.0575294495,0.0473111868,0.0575294495,0.0473111868,0.0575647950,0.0937058452
train:3623,0,-2.5140843391,-2.5146633964,0.0005790572,-0.1786760669,-0.2017464023,-0.1670059562,-0.1703680631,-0.0488426685,-0.1722083092,-0.0355250239,-0.1517280936,0.0355250239,0.1517280936,0.1670059562,0.1703680631
train:3626,0,-0.9027226567,-0.9033017140,0.0005790572,-0.2403197866,-0.7653322797,-0.2286496758,-0.7339539405,0.4895026088,0.7842997909,0.5028202534,0.8047800064,0.5028202534,0.8047800064,0.2286496758,0.7339539405
train:3637,0,-1.3284760714,-1.3290551286,0.0005790572,-0.0315116029,-0.0312659126,-0.0198414922,0.0001124266,-0.0169156790,0.0426806211,-0.0035980344,0.0631608367,0.0035980344,0.0631608367,0.0198414922,0.0001124266
train:3650,-1,-3.0741813183,0.3908582103,-3.4650395286,0.1114350032,0.2177314978,0.1231051140,0.2491098370,0.4158160686,0.1908216476,0.4291337132,0.2113018632,0.4291337132,0.2113018632,0.1231051140,0.2491098370
train:3651,0,0.0054300353,0.0048509781,0.0005790572,-0.3515930529,-0.2967160400,-0.3399229422,-0.2653377008,0.0432194397,-0.0457694158,0.0565370843,-0.0252892002,0.0565370843,0.0252892002,0.3399229422,0.2653377008
train:3657,0,-4.7881183624,-4.7886974197,0.0005790572,0.0570371766,0.0045245309,0.0687072873,0.0359028701,0.0598874092,0.2557249069,0.0732050538,0.2762051225,0.0732050538,0.2762051225,0.0687072873,0.0359028701
train:3663,0,-0.1042144895,-0.1047935467,0.0005790572,-0.0074831899,-0.0015256610,0.0041869208,0.0298526782,0.0239259601,-0.0404436737,0.0372436047,-0.0199634582,0.0372436047,0.0199634582,0.0041869208,0.0298526782
train:3677,0,2.1482322216,2.1476531644,0.0005790572,0.1741974969,0.2125336547,0.1858676076,0.2439119939,0.2964555025,0.4450285435,0.3097731471,0.4655087590,0.3097731471,0.4655087590,0.1858676076,0.2439119939
train:3678,0,1.5961338282,1.5955547709,0.0005790572,-0.0407177787,-0.0469936710,-0.0290476680,-0.0156153318,0.0093560219,-0.0926319361,0.0226736665,-0.0721517205,0.0226736665,0.0721517205,0.0290476680,0.0156153318
train:3687,0,1.1980714798,1.1974924226,0.0005790572,0.3932504673,-0.2538669687,0.4049205780,-0.2224886295,0.4995578527,0.2352281213,0.5128754973,0.2557083368,0.5128754973,0.2557083368,0.4049205780,0.2224886295
train:3689,0,1.2262468338,1.2256677766,0.0005790572,0.1245731730,0.0529198069,0.1362432837,0.0842981461,0.1135904789,0.1203529835,0.1269081235,0.1408331990,0.1269081235,0.1408331990,0.1362432837,0.0842981461
train:3690,0,2.2497954369,2.2492163796,0.0005790572,-0.0821823459,-0.1125048976,-0.0705122352,-0.0811265584,-0.0375759602,-0.0920290947,-0.0242583156,-0.0715488791,0.0242583156,0.0715488791,0.0705122352,0.0811265584
train:3697,0,1.7980066538,1.7974275965,0.0005790572,0.0214266200,-0.0400544982,0.0330967307,-0.0086761590,0.0252124071,-0.0157958269,0.0385300517,0.0046843886,0.0385300517,0.0046843886,0.0330967307,0.0086761590
train:3709,0,1.1944094896,1.1938304324,0.0005790572,0.0543444772,0.0060896296,0.0660145879,0.0374679688,0.1150532961,0.0079551935,0.1283709407,0.0284354091,0.1283709407,0.0284354091,0.0660145879,0.0374679688
train:3716,0,1.1983904839,1.1978114266,0.0005790572,0.0623413939,0.0393475909,0.0740115047,0.0707259301,0.1040241718,0.0946556330,0.1173418164,0.1151358485,0.1173418164,0.1151358485,0.0740115047,0.0707259301
train:3719,0,0.9474543333,0.9468752761,0.0005790572,-0.0801514964,-0.0600797515,-0.0684813857,-0.0287014123,0.0211852789,-0.0970007181,0.0345029235,-0.0765205026,0.0345029235,0.0765205026,0.0684813857,0.0287014123
train:3720,0,3.0562877655,3.0557087083,0.0005790572,-0.0272139888,-0.0195459705,-0.0155438781,0.0118323687,0.0447161198,-0.0450632572,0.0580337644,-0.0245830417,0.0580337644,0.0245830417,0.0155438781,0.0118323687
train:3725,0,2.1967918873,2.1962128300,0.0005790572,0.0267646928,-0.0647041183,0.0384348035,-0.0333257791,-0.0529670715,-0.0711550713,-0.0396494269,-0.0506748557,0.0396494269,0.0506748557,0.0384348035,0.0333257791
train:3732,0,-0.2196315825,-0.2202106397,0.0005790572,-0.0443703513,-0.0235497933,-0.0327002406,0.0078285459,-0.1559427083,-0.0145968795,-0.1426250637,0.0058833361,0.1426250637,0.0058833361,0.0327002406,0.0078285459
train:3733,0,-4.2547774315,-4.2553564887,0.0005790572,-0.1145402770,-0.0838653426,-0.1028701663,-0.0524870034,-0.0690174103,-0.0915088654,-0.0556997657,-0.0710286498,0.0556997657,0.0710286498,0.1028701663,0.0524870034
train:3735,0,-0.4347185791,-0.4352976363,0.0005790572,-0.0485845785,-0.0273436885,-0.0369144678,0.0040346507,0.0169996023,0.0065351427,0.0303172469,0.0270153582,0.0303172469,0.0270153582,0.0369144678,0.0040346507
train:3737,0,-0.9131817222,-0.9137607794,0.0005790572,-0.2155914884,-0.1791887264,-0.2039213777,-0.1478103872,-0.1647004485,-0.1052346230,-0.1513828039,-0.0847544074,0.1513828039,0.0847544074,0.2039213777,0.1478103872
train:3739,0,-1.5413919687,-1.5419710260,0.0005790572,0.0523486752,0.0894840379,0.0640187860,0.1208623771,0.0432088375,0.1780585051,0.0565264821,0.1985387206,0.0565264821,0.1985387206,0.0640187860,0.1208623771
train:3740,0,0.3294491470,0.3288700897,0.0005790572,-0.0577281695,-0.2195642870,-0.0460580587,-0.1881859478,-0.1220244765,-0.1284334660,-0.1087068319,-0.1079532504,0.1087068319,0.1079532504,0.0460580587,0.1881859478
train:3745,0,0.0709992722,0.0704202149,0.0005790572,-0.1179315652,-0.0090003367,-0.1062614545,0.0223780025,-0.1616269574,-0.1050223485,-0.1483093128,-0.0845421329,0.1483093128,0.0845421329,0.1062614545,0.0223780025
train:3752,0,-1.0567471981,-1.0573262553,0.0005790572,-0.2364197355,-0.1374177914,-0.2247496247,-0.1060394522,-0.3872364759,-0.1441586614,-0.3739188313,-0.1236784458,0.3739188313,0.1236784458,0.2247496247,0.1060394522
train:3754,0,0.6565555334,0.6559764762,0.0005790572,0.0955611486,0.0752688665,0.1072312593,0.1066472057,0.1501258612,0.0518569946,0.1634435058,0.0723372102,0.1634435058,0.0723372102,0.1072312593,0.1066472057
train:3760,0,1.4974750280,1.4968959708,0.0005790572,0.0196146388,0.0449405331,0.0312847495,0.0763188723,-0.0477575064,-0.0133842230,-0.0344398618,0.0070959926,0.0344398618,0.0070959926,0.0312847495,0.0763188723
train:3765,0,-2.5362112522,-2.5367903095,0.0005790572,0.0719848294,0.1091902871,0.0836549401,0.1405686263,0.0039496422,-0.0589668751,0.0172672868,-0.0384866595,0.0172672868,0.0384866595,0.0836549401,0.1405686263
train:3768,0,-1.6027376652,-1.6033167224,0.0005790572,-0.0944454055,-0.0853257756,-0.0827752948,-0.0539474364,0.0534815788,-0.0190889835,0.0667992234,0.0013912320,0.0667992234,0.0013912320,0.0827752948,0.0539474364
train:3773,0,1.4908387661,1.4902597089,0.0005790572,-0.1703239064,-0.1059672218,-0.1586537957,-0.0745888826,-0.1137855053,-0.0469682217,-0.1004678607,-0.0264880061,0.1004678607,0.0264880061,0.1586537957,0.0745888826
train:3779,0,-0.7489942312,-0.7495732885,0.0005790572,-0.0746451001,-0.0635728817,-0.0629749894,-0.0321945425,-0.0071314573,-0.0751585364,0.0061861873,-0.0546783209,0.0061861873,0.0546783209,0.0629749894,0.0321945425
train:3784,0,1.5747356415,1.5741565842,0.0005790572,-0.0393825155,-0.0506406408,-0.0277124047,-0.0192623016,0.0337684155,-0.0206420422,0.0470860600,-0.0001618266,0.0470860600,0.0001618266,0.0277124047,0.0192623016
train:3785,-2,-6.8392443657,0.0914137487,-6.9306581144,0.1149191458,-0.0975696917,0.1265892566,-0.0661913525,-0.2243819237,-0.3588738441,-0.2110642791,-0.3383936286,0.2110642791,0.3383936286,0.1265892566,0.0661913525
train:3787,0,3.3207871914,3.3202081342,0.0005790572,-0.0287231784,0.0007362981,-0.0170530677,0.0321146373,0.0339827538,-0.0348045826,0.0473003983,-0.0143243670,0.0473003983,0.0143243670,0.0170530677,0.0321146373
train:3788,0,2.3904542923,2.3898752351,0.0005790572,-0.0033387523,-0.0981926303,0.0083313584,-0.0668142911,-0.0245015621,0.0584175587,-0.0111839175,0.0788977742,0.0111839175,0.0788977742,0.0083313584,0.0668142911
train:3789,0,-1.2686464787,-1.2692255359,0.0005790572,0.3262624163,0.0588746686,0.3379325271,0.0902530078,0.1048715115,0.0681593418,0.1181891561,0.0886395574,0.1181891561,0.0886395574,0.3379325271,0.0902530078
train:3791,0,-3.1277279854,-3.1283070426,0.0005790572,-0.1606079917,-0.2774395328,-0.1489378810,-0.2460611936,-0.3615024090,-0.3009672165,-0.3481847644,-0.2804870009,0.3481847644,0.2804870009,0.1489378810,0.2460611936
train:3793,0,1.5131791830,1.5126001258,0.0005790572,0.0474391598,-0.0038420539,0.0591092706,0.0275362853,0.0132465363,0.0378960371,0.0265641809,0.0583762527,0.0265641809,0.0583762527,0.0591092706,0.0275362853
train:3796,0,0.6174308062,0.6168517489,0.0005790572,-0.0276547652,-0.0437512975,-0.0159846544,-0.0123729583,-0.0480141640,0.0042276978,-0.0346965194,0.0247079134,0.0346965194,0.0247079134,0.0159846544,0.0123729583
train:3799,0,0.4424400926,0.4418610353,0.0005790572,-0.1542475801,-0.1445396524,-0.1425774693,-0.1131613132,-0.1512027383,-0.0539309382,-0.1378850937,-0.0334507227,0.1378850937,0.0334507227,0.1425774693,0.1131613132
train:3809,0,1.2376453876,1.2370663304,0.0005790572,-0.0613175016,-0.1308692079,-0.0496473908,-0.0994908687,-0.0102813244,-0.0763344765,0.0030363202,-0.0558542609,0.0030363202,0.0558542609,0.0496473908,0.0994908687
train:3810,-1,-6.2391834259,-2.7741438973,-3.4650395286,-0.1986813176,-0.2086591351,-0.1870112069,-0.1772807959,-0.1964440346,-0.3066148758,-0.1831263900,-0.2861346602,0.1831263900,0.2861346602,0.1870112069,0.1772807959
train:3812,0,-1.5465637445,-1.5471428018,0.0005790572,0.0509539265,-0.0672267061,0.0626240373,-0.0358483668,-0.0585919619,0.0369361639,-0.0452743173,0.0574163795,0.0452743173,0.0574163795,0.0626240373,0.0358483668
train:3817,0,0.3125965297,0.3120174725,0.0005790572,-0.4161904137,-0.4848099034,-0.4045203030,-0.4534315642,-0.3379744589,-0.2952215374,-0.3246568143,-0.2747413218,0.3246568143,0.2747413218,0.4045203030,0.4534315642
train:3822,0,2.5621869564,2.5616078992,0.0005790572,0.0462427754,0.0407534261,0.0579128861,0.0721317653,0.0756285191,0.0622503757,0.0889461637,0.0827305913,0.0889461637,0.0827305913,0.0579128861,0.0721317653
train:3828,0,-4.4814333916,-4.4820124488,0.0005790572,0.3426569123,-0.0110141616,0.3543270230,0.0203641776,0.1320257187,-0.1079206467,0.1453433633,-0.0874404311,0.1453433633,0.0874404311,0.3543270230,0.0203641776
train:3831,0,0.5611363649,0.5605573077,0.0005790572,-0.1047605257,-0.0809677820,-0.0930904150,-0.0495894428,-0.0924828053,-0.0719249249,-0.0791651607,-0.0514447093,0.0791651607,0.0514447093,0.0930904150,0.0495894428
train:3832,0,-1.0541095734,-1.0546886306,0.0005790572,0.0962476153,-0.0962010603,0.1079177260,-0.0648227211,0.1139914989,-0.1234932542,0.1273091435,-0.1030130386,0.1273091435,0.1030130386,0.1079177260,0.0648227211
train:3838,0,-0.6935943961,-0.6941734534,0.0005790572,0.0370746870,0.0975601096,0.0487447977,0.1289384488,-0.0310195088,0.0483189225,-0.0177018642,0.0687991381,0.0177018642,0.0687991381,0.0487447977,0.1289384488
train:3839,0,-2.2457799911,-2.2463590484,0.0005790572,-0.1792365890,-0.1860720496,-0.1675664783,-0.1546937104,-0.0687882900,0.0743527412,-0.0554706454,0.0948329568,0.0554706454,0.0948329568,0.1675664783,0.1546937104
train:3852,0,-0.6000962257,-0.6006752830,0.0005790572,0.0144178886,-0.0955756288,0.0260879993,-0.0641972896,-0.1032824814,-0.1303813457,-0.0899648368,-0.1099011302,0.0899648368,0.1099011302,0.0260879993,0.0641972896
train:3854,0,-3.1657156944,-3.1662947517,0.0005790572,0.0861926694,-0.3488611560,0.0978627801,-0.3174828168,-0.1539096832,-0.0145566463,-0.1405920386,0.0059235692,0.1405920386,0.0059235692,0.0978627801,0.3174828168
train:3862,0,-4.2580394745,-4.2586185317,0.0005790572,0.1017010827,-0.1748267989,0.1133711934,-0.1434484597,-0.1057276726,-0.3650567532,-0.0924100280,-0.3445765376,0.0924100280,0.3445765376,0.1133711934,0.1434484597
train:3866,0,2.3668649197,2.3662858624,0.0005790572,0.0947912354,0.0526345391,0.1064613461,0.0840128783,0.1140880585,0.0560188293,0.1274057031,0.0764990449,0.1274057031,0.0764990449,0.1064613461,0.0840128783
train:3867,0,0.6381263733,0.6375473161,0.0005790572,-0.0025148373,-0.0059301834,0.0091552734,0.0254481558,-0.0233856440,0.0156144500,-0.0100679994,0.0360946655,0.0100679994,0.0360946655,0.0091552734,0.0254481558
train:3871,0,0.7199913859,0.7194123287,0.0005790572,0.0348986406,-0.0471218209,0.0465687513,-0.0157434817,-0.0064174533,-0.1197265983,0.0069001913,-0.0992463827,0.0069001913,0.0992463827,0.0465687513,0.0157434817
train:3876,0,1.2247710228,1.2241919656,0.0005790572,-0.0057470184,-0.0136335473,0.0059230924,0.0177447919,-0.0472772121,0.0385410786,-0.0339595675,0.0590212941,0.0339595675,0.0590212941,0.0059230924,0.0177447919
train:3878,0,0.8953915834,0.8948125262,0.0005790572,0.0225712080,0.0209139604,0.0342413187,0.0522922996,0.0011897087,0.0354303718,0.0145073533,0.0559105873,0.0145073533,0.0559105873,0.0342413187,0.0522922996
train:3889,0,1.2491214275,1.2485423703,0.0005790572,0.0691642184,0.0307387728,0.0808343291,0.0621171120,0.0590517521,0.0636467934,0.0723693967,0.0841270089,0.0723693967,0.0841270089,0.0808343291,0.0621171120
train:3894,0,-0.1361997277,-0.1367787849,0.0005790572,-0.0410161968,-0.0576309021,-0.0293460861,-0.0262525629,-0.2246558219,-0.2024696991,-0.2113381773,-0.1819894835,0.2113381773,0.1819894835,0.0293460861,0.0262525629
train:3895,0,1.1859190464,1.1853399892,0.0005790572,-0.1230321508,-0.0133460145,-0.1113620400,0.0180323247,0.1478654146,-0.0130841732,0.1611830592,0.0073960423,0.1611830592,0.0073960423,0.1113620400,0.0180323247
train:3896,0,-2.3672702312,-2.3678492885,0.0005790572,-0.1168543678,-0.1135398727,-0.1051842570,-0.0821615335,-0.2463719845,-0.1349632740,-0.2330543399,-0.1144830585,0.2330543399,0.1144830585,0.1051842570,0.0821615335
train:3897,0,-1.7635421753,-1.7641212325,0.0005790572,-0.2028928380,-0.2161983829,-0.1912227273,-0.1848200437,-0.0661379099,-0.3319916725,-0.0528202653,-0.3115114570,0.0528202653,0.3115114570,0.1912227273,0.1848200437
train:3902,0,1.4321004152,1.4315213580,0.0005790572,0.1299678702,0.1694738288,0.1416379809,0.2008521680,0.0345577002,0.0858918428,0.0478753448,0.1063720584,0.0478753448,0.1063720584,0.1416379809,0.2008521680
train:3904,0,-0.6098167896,-0.6103958469,0.0005790572,0.0440520663,-0.0689983349,0.0557221770,-0.0376199957,0.0075670481,-0.0307163000,0.0208846927,-0.0102360845,0.0208846927,0.0102360845,0.0557221770,0.0376199957
train:3909,0,-4.1637611389,-4.1643401962,0.0005790572,-0.0526143890,0.0347293038,-0.0409442782,0.0661076430,-0.0500817299,-0.1148424149,-0.0367640853,-0.0943621993,0.0367640853,0.0943621993,0.0409442782,0.0661076430
train:3913,0,-0.0858833045,-0.0864623617,0.0005790572,-0.0355136003,-0.1188204419,-0.0238434896,-0.0874421027,-0.0423558354,-0.1165866405,-0.0290381908,-0.0961064249,0.0290381908,0.0961064249,0.0238434896,0.0874421027
train:3918,0,1.8080101013,1.8074310441,0.0005790572,0.0468768496,0.0082423110,0.0585469604,0.0396206502,0.0428410769,-0.0491259098,0.0561587214,-0.0286456943,0.0561587214,0.0286456943,0.0585469604,0.0396206502
train:3922,0,-1.3787426949,-1.3793217521,0.0005790572,0.0469414611,-0.0481858831,0.0586115718,-0.0168075439,-0.0849703550,-0.1641287804,-0.0716527104,-0.1436485648,0.0716527104,0.1436485648,0.0586115718,0.0168075439
train:3930,0,1.0547759533,1.0541968961,0.0005790572,-0.1057210546,-0.0898579936,-0.0940509439,-0.0584796544,-0.0427422523,-0.0054175854,-0.0294246078,0.0150626302,0.0294246078,0.0150626302,0.0940509439,0.0584796544
train:3941,0,0.3859606385,0.3853815813,0.0005790572,0.0075289924,-0.0309110265,0.0191991031,0.0004673127,0.0305835307,-0.0142022371,0.0439011753,0.0062779784,0.0439011753,0.0062779784,0.0191991031,0.0004673127
train:3942,0,-1.7885413170,-1.7891203742,0.0005790572,-0.0428356509,-0.0320730787,-0.0311655402,-0.0006947395,-0.0797536373,-0.0064983368,-0.0664359927,0.0139818788,0.0664359927,0.0139818788,0.0311655402,0.0006947395
train:3944,0,-1.3872015476,-1.3877806049,0.0005790572,0.1429184098,0.3682619948,0.1545885205,0.3996403340,-0.0752693415,0.0226802826,-0.0619516969,0.0431604981,0.0619516969,0.0431604981,0.1545885205,0.3996403340
train:3951,0,-2.9842798710,-2.9848589282,0.0005790572,-0.0462266784,-0.2078077178,-0.0345565677,-0.1764293786,-0.1389913559,0.0038669109,-0.1256737113,0.0243471265,0.1256737113,0.0243471265,0.0345565677,0.1764293786
train:3969,0,0.4425615370,0.4419824798,0.0005790572,0.0992763061,0.1637263317,0.1109464169,0.1951046709,0.0599694848,-0.0090470314,0.0732871294,0.0114331841,0.0732871294,0.0114331841,0.1109464169,0.1951046709
train:3972,0,0.6430480480,0.6424689908,0.0005790572,0.0078074355,-0.0214498620,0.0194775462,0.0099284772,0.0081148148,-0.0523417592,0.0214324594,-0.0318615437,0.0214324594,0.0318615437,0.0194775462,0.0099284772
train:3980,0,0.5995450020,0.5989659447,0.0005790572,-0.1283504944,-0.0432155709,-0.1166803837,-0.0118372317,0.0088064671,-0.0736826658,0.0221241117,-0.0532024503,0.0221241117,0.0532024503,0.1166803837,0.0118372317
train:3987,0,0.3057295084,0.3051504512,0.0005790572,0.0933813472,0.0950106401,0.1050514579,0.1263889793,0.4460247904,0.1788631380,0.4593424350,0.1993433535,0.4593424350,0.1993433535,0.1050514579,0.1263889793
train:4008,0,-5.4939169884,-5.4944960456,0.0005790572,-0.1723343711,-0.2559587341,-0.1606642604,-0.2245803949,-0.0144553185,-0.0289635658,-0.0011376739,-0.0084833503,0.0011376739,0.0084833503,0.1606642604,0.2245803949
train:4015,0,-0.8154687881,-0.8160478454,0.0005790572,-0.0138779860,-0.0993283968,-0.0022078753,-0.0679500576,-0.1468950510,-0.1409786344,-0.1335774064,-0.1204984188,0.1335774064,0.1204984188,0.0022078753,0.0679500576
train:4016,0,-1.0343492031,-1.0349282603,0.0005790572,-0.1390501242,-0.3324848395,-0.1273800135,-0.3011065003,-0.4462620020,-0.4223371148,-0.4329443574,-0.4018568993,0.4329443574,0.4018568993,0.1273800135,0.3011065003
train:4048,-1,-3.2590932846,0.2059462440,-3.4650395286,0.1275579330,0.0432878357,0.1392280437,0.0746661749,-0.0105159283,-0.1797862053,0.0028017163,-0.1593059897,0.0028017163,0.1593059897,0.1392280437,0.0746661749
train:4054,0,1.9864338636,1.9858548064,0.0005790572,-0.0773187261,-0.0102999788,-0.0656486154,0.0210783604,0.0263148546,0.0310250521,0.0396324992,0.0515052676,0.0396324992,0.0515052676,0.0656486154,0.0210783604
train:4059,0,1.4124617577,1.4118827004,0.0005790572,0.0325838942,0.0064912457,0.0442540050,0.0378695849,-0.0066955090,-0.0498013496,0.0066221356,-0.0293211341,0.0066221356,0.0293211341,0.0442540050,0.0378695849
train:4072,0,-1.3278871775,-1.3284662347,0.0005790572,-1.2013007980,-0.7228454929,-1.1896306872,-0.6914671537,-1.0290477276,-0.5672696829,-1.0157300830,-0.5467894673,1.0157300830,0.5467894673,1.1896306872,0.6914671537
train:4076,0,2.2423887253,2.2418096680,0.0005790572,-0.0576352458,0.0737035889,-0.0459651351,0.1050819281,0.0465810299,0.1169078350,0.0598986745,0.1373880506,0.0598986745,0.1373880506,0.0459651351,0.1050819281
train:4085,0,1.0538914204,1.0533123631,0.0005790572,-0.0526928287,-0.0198221784,-0.0410227180,0.0115561608,-0.0863983631,-0.0411119461,-0.0730807185,-0.0206317306,0.0730807185,0.0206317306,0.0410227180,0.0115561608
train:4087,0,1.1398569345,1.1392778773,0.0005790572,0.1391351838,0.0225514788,0.1508052945,0.0539298180,0.1114274263,0.0219770670,0.1247450709,0.0424572825,0.1247450709,0.0424572825,0.1508052945,0.0539298180
train:4088,0,1.3200390339,1.3194599767,0.0005790572,-0.0543735605,-0.0085895639,-0.0427034497,0.0227887753,0.0089755058,-0.0400383472,0.0222931504,-0.0195581317,0.0222931504,0.0195581317,0.0427034497,0.0227887753
train:4089,0,0.3398981094,0.3393190522,0.0005790572,0.2180171777,0.1172616799,0.2296872884,0.1486400191,0.2977821082,0.2454061210,0.3110997528,0.2658863366,0.3110997528,0.2658863366,0.2296872884,0.1486400191
train:4093,0,-0.5798804164,-0.5804594736,0.0005790572,-0.0525255780,-0.0452203732,-0.0408554673,-0.0138420340,-0.0859487355,-0.1028569937,-0.0726310909,-0.0823767781,0.0726310909,0.0823767781,0.0408554673,0.0138420340
train:4100,0,1.3443008661,1.3437218089,0.0005790572,-0.0727247577,-0.0983958822,-0.0610546470,-0.0670175430,-0.0186204910,-0.0609010458,-0.0053028464,-0.0404208302,0.0053028464,0.0404208302,0.0610546470,0.0670175430
train:4105,0,2.6662807465,2.6657016892,0.0005790572,-0.0449168067,-0.0029191356,-0.0332466960,0.0284592036,0.0442149639,-0.0586538315,0.0575326085,-0.0381736159,0.0575326085,0.0381736159,0.0332466960,0.0284592036
train:4107,0,-0.0388441645,-0.0394232217,0.0005790572,-0.0440550614,-0.0750043075,-0.0323849507,-0.0436259683,-0.0527488478,-0.0380256884,-0.0394312032,-0.0175454728,0.0394312032,0.0175454728,0.0323849507,0.0436259683
train:4116,0,0.0297095552,0.0291304980,0.0005790572,0.0048405249,-0.0159718301,0.0165106356,0.0154065091,-0.0505770817,0.1407447532,-0.0372594371,0.1612249687,0.0372594371,0.1612249687,0.0165106356,0.0154065091
train:4117,0,0.2983926237,0.2978135664,0.0005790572,-0.0222142320,-0.0860791486,-0.0105441213,-0.0547008094,-0.0041498244,-0.0495021939,0.0091678202,-0.0290219784,0.0091678202,0.0290219784,0.0105441213,0.0547008094
train:4120,0,-0.7695123553,-0.7700914126,0.0005790572,-0.0725565534,-0.1036807280,-0.0608864427,-0.0723023888,-0.0053687692,-0.1637600064,0.0079488754,-0.1432797909,0.0079488754,0.1432797909,0.0608864427,0.0723023888
train:4121,0,2.2493171692,2.2487381120,0.0005790572,-0.0039841514,0.0066016335,0.0076859593,0.0379799727,0.0572702885,0.0358710289,0.0705879331,0.0563512444,0.0705879331,0.0563512444,0.0076859593,0.0379799727
train:4123,0,-2.2758419514,-2.2764210086,0.0005790572,0.0271542687,0.1125848908,0.0388243794,0.1439632300,0.0572214127,0.0917177200,0.0705390573,0.1121979356,0.0705390573,0.1121979356,0.0388243794,0.1439632300
train:4127,0,-2.2104473114,-2.2110263686,0.0005790572,-0.2654734235,-0.3230112176,-0.2538033128,-0.2916328784,-0.2055151463,-0.1917762756,-0.1921975017,-0.1712960601,0.1921975017,0.1712960601,0.2538033128,0.2916328784
train:4129,-1,-0.8299821019,2.6350574267,-3.4650395286,-0.1418011415,-0.0217464197,-0.1301310308,0.0096319195,0.3647510409,0.0945991278,0.3780686855,0.1150793433,0.3780686855,0.1150793433,0.1301310308,0.0096319195
train:4133,0,-3.5220053196,-3.5225843768,0.0005790572,0.0495026726,-0.1072677951,0.0611727834,-0.0758894559,0.1133308411,-0.0136089325,0.1266484857,0.0068712831,0.1266484857,0.0068712831,0.0611727834,0.0758894559
train:4136,0,1.6389825344,1.6384034772,0.0005790572,0.2179550547,0.2372276206,0.2296251655,0.2686059598,0.1839501858,0.2549505234,0.1972678304,0.2754307389,0.1972678304,0.2754307389,0.2296251655,0.2686059598
train:4137,0,2.4600374699,2.4594584126,0.0005790572,-0.0185734611,-0.0428733211,-0.0069033504,-0.0114949819,0.0045089722,-0.0109817982,0.0178266168,0.0094984174,0.0178266168,0.0094984174,0.0069033504,0.0114949819
train:4139,0,-1.5675128698,-1.5680919271,0.0005790572,0.2312555928,0.2636616845,0.2429257035,0.2950400237,0.0472855568,0.2873879671,0.0606032014,0.3078681827,0.0606032014,0.3078681827,0.2429257035,0.2950400237
train:4150,0,1.3238315582,1.3232525010,0.0005790572,-0.2113087754,0.0088809151,-0.1996386647,0.0402592543,-0.1334533691,-0.1220316887,-0.1201357245,-0.1015514731,0.1201357245,0.1015514731,0.1996386647,0.0402592543
train:4162,0,-1.9271433353,-1.9277223926,0.0005790572,-0.0146248918,0.0912459512,-0.0029547811,0.1226242904,0.0914239883,0.0594475269,0.1047416329,0.0799277425,0.1047416329,0.0799277425,0.0029547811,0.1226242904
train:4163,0,0.7461437583,0.7455647011,0.0005790572,-0.3200670462,-0.2662368994,-0.3083969355,-0.2348585602,-0.2982538342,-0.1134433746,-0.2849361897,-0.0929631591,0.2849361897,0.0929631591,0.3083969355,0.2348585602
train:4168,0,1.5202628374,1.5196837802,0.0005790572,-0.0682687145,-0.0117217880,-0.0565986037,0.0196565512,0.0325638056,-0.1281100512,0.0458814502,-0.1076298356,0.0458814502,0.1076298356,0.0565986037,0.0196565512
train:4175,0,-0.8003900647,-0.8009691220,0.0005790572,-0.1156994682,-0.1540830713,-0.1040293574,-0.1227047321,-0.0369375348,-0.0377185345,-0.0236198902,-0.0172383189,0.0236198902,0.0172383189,0.1040293574,0.1227047321
train:4183,0,1.6256833076,1.6251042504,0.0005790572,0.0224036593,0.0222324748,0.0340737700,0.0536108140,0.0098266602,0.0735747814,0.0231443048,0.0940549970,0.0231443048,0.0940549970,0.0340737700,0.0536108140
train:4184,0,-0.6370117068,-0.6375907641,0.0005790572,-0.2706757467,0.0101891179,-0.2590056360,0.0415674571,-0.3434215486,-0.0991004109,-0.3301039040,-0.0786201954,0.3301039040,0.0786201954,0.2590056360,0.0415674571
train:4185,0,-1.6715767384,-1.6721557956,0.0005790572,0.1317641158,-0.0028280597,0.1434342265,0.0285502795,-0.0521820784,-0.1732885838,-0.0388644338,-0.1528083682,0.0388644338,0.1528083682,0.1434342265,0.0285502795
train:4195,0,-3.2706620693,-3.2712411266,0.0005790572,-0.1897527557,-0.1911289077,-0.1780826449,-0.1597505685,-0.1039733887,-0.1856253147,-0.0906557441,-0.1651450992,0.0906557441,0.1651450992,0.1780826449,0.1597505685
train:4197,0,-4.5003528595,-4.5009319167,0.0005790572,-0.1101133208,0.0264871735,-0.0984432101,0.0578655127,-0.1780562401,0.1272072792,-0.1647385955,0.1476874948,0.1647385955,0.1476874948,0.0984432101,0.0578655127
train:4206,0,-0.3758483529,-0.3764274101,0.0005790572,0.1883630175,0.1571139712,0.2000331283,0.1884923104,-0.0159448385,0.0458334684,-0.0026271939,0.0663136840,0.0026271939,0.0663136840,0.2000331283,0.1884923104
train:4207,-1,-4.2949299812,-0.8298904527,-3.4650395286,0.6769835126,0.1745828759,0.6886536233,0.2059612151,-0.1243438721,0.5407786369,-0.1110262275,0.5612588525,0.1110262275,0.5612588525,0.6886536233,0.2059612151
train:4218,0,-4.0258879662,-4.0264670234,0.0005790572,-0.2161595206,-0.1603183131,-0.2044894099,-0.1289399739,-0.0387156010,-0.1874778271,-0.0253979564,-0.1669976115,0.0253979564,0.1669976115,0.2044894099,0.1289399739
train:4223,0,1.9078745842,1.9072955270,0.0005790572,-0.3725370746,-0.1812788825,-0.3608669639,-0.1499005433,-0.2899444103,-0.0736727715,-0.2766267657,-0.0531925559,0.2766267657,0.0531925559,0.3608669639,0.1499005433
train:4224,0,1.9238637686,1.9232847113,0.0005790572,-0.0003029685,-0.0041181426,0.0113671422,0.0272601966,0.0043032169,0.0502465963,0.0176208615,0.0707268119,0.0176208615,0.0707268119,0.0113671422,0.0272601966
train:4226,0,-4.1188387871,-4.1194178443,0.0005790572,-0.1369089465,-0.2844299655,-0.1252388358,-0.2530516263,-0.3503930569,-0.0774168968,-0.3370754123,-0.0569366813,0.3370754123,0.0569366813,0.1252388358,0.2530516263
train:4234,0,-4.4168586731,-4.4174377303,0.0005790572,0.0555647034,-0.0855242591,0.0672348142,-0.0541459199,-0.0495228767,0.0389666557,-0.0362052321,0.0594468713,0.0362052321,0.0594468713,0.0672348142,0.0541459199
train:4235,-1,-6.7503275871,-3.2852880586,-3.4650395286,0.0205045116,-0.0565015900,0.0321746223,-0.0251232508,-0.0894989967,-0.1975045204,-0.0761813521,-0.1770243049,0.0761813521,0.1770243049,0.0321746223,0.0251232508
train:4236,0,-2.5573425293,-2.5579215865,0.0005790572,-0.2138065677,-0.3829092365,-0.2021364570,-0.3515308973,-0.3658242226,-0.2102868557,-0.3525065780,-0.1898066401,0.3525065780,0.1898066401,0.2021364570,0.3515308973
train:4245,-1,-1.4318485260,2.0331910026,-3.4650395286,-0.0842830766,-0.0549101460,-0.0726129658,-0.0235318068,-0.0545182228,-0.1095297337,-0.0412005782,-0.0890495181,0.0412005782,0.0890495181,0.0726129658,0.0235318068
train:4248,0,-1.0552291870,-1.0558082443,0.0005790572,0.0871775765,-0.0483455043,0.0988476872,-0.0169671651,0.0866396427,0.0322866440,0.0999572873,0.0527668595,0.0999572873,0.0527668595,0.0988476872,0.0169671651
train:4249,0,1.4600508213,1.4594717641,0.0005790572,-0.1563878637,-0.0909923892,-0.1447177529,-0.0596140500,-0.0934182405,-0.0874118805,-0.0801005960,-0.0669316649,0.0801005960,0.0669316649,0.1447177529,0.0596140500
train:4252,0,1.4927643538,1.4921852965,0.0005790572,-0.0841109138,-0.0688959937,-0.0724408031,-0.0375176545,0.0138658285,-0.0315877199,0.0271834731,-0.0111075044,0.0271834731,0.0111075044,0.0724408031,0.0375176545
train:4259,0,-2.6569180489,-2.6574971061,0.0005790572,0.0404291768,-0.1312782150,0.0520992875,-0.0998998758,-0.0892658234,0.1546382904,-0.0759481788,0.1751185060,0.0759481788,0.1751185060,0.0520992875,0.0998998758
train:4260,0,0.1855732054,0.1849941481,0.0005790572,-0.0774639379,-0.0331611167,-0.0657938272,-0.0017827775,-0.0095860809,0.0725052208,0.0037315637,0.0929854363,0.0037315637,0.0929854363,0.0657938272,0.0017827775
train:4261,0,0.0041847564,0.0036056992,0.0005790572,0.1335941311,-0.0919384230,0.1452642418,-0.0605600838,-0.0346852802,-0.0264545493,-0.0213676356,-0.0059743337,0.0213676356,0.0059743337,0.1452642418,0.0605600838
train:4274,0,1.3375990391,1.3370199818,0.0005790572,-0.3014184814,-0.2361279111,-0.2897483706,-0.2047495719,-0.0196623802,-0.1413795948,-0.0063447356,-0.1208993793,0.0063447356,0.1208993793,0.2897483706,0.2047495719
train:4280,0,0.3253087103,0.3247296531,0.0005790572,-0.0253742616,-0.0330741983,-0.0137041509,-0.0016958591,-0.0141892135,-0.0875557959,-0.0008715689,-0.0670755804,0.0008715689,0.0670755804,0.0137041509,0.0016958591
train:4281,0,1.3836039305,1.3830248732,0.0005790572,-0.0562517028,0.0011319537,-0.0445815921,0.0325102929,0.0218616724,-0.0460284948,0.0351793170,-0.0255482793,0.0351793170,0.0255482793,0.0445815921,0.0325102929
train:4283,0,-1.2977122068,-1.2982912641,0.0005790572,-0.0791068654,-0.0838465076,-0.0674367547,-0.0524681684,-0.1915599108,-0.2896345854,-0.1782422662,-0.2691543698,0.1782422662,0.2691543698,0.0674367547,0.0524681684
train:4296,0,-1.8877122402,-1.8882912975,0.0005790572,0.1124725957,0.0714971442,0.1241427064,0.1028754834,0.1138172150,0.0901670456,0.1271348596,0.1106472611,0.1271348596,0.1106472611,0.1241427064,0.1028754834
train:4301,0,1.4549384117,1.4543593545,0.0005790572,0.0072855372,0.0115409512,0.0189556479,0.0429192904,-0.0089426041,-0.0542516708,0.0043750405,-0.0337714553,0.0043750405,0.0337714553,0.0189556479,0.0429192904
train:4302,0,-1.7417162657,-1.7422953229,0.0005790572,-0.3463677745,-0.0752784591,-0.3346976638,-0.0439001199,-0.1953227520,-0.2406483889,-0.1820051074,-0.2201681733,0.1820051074,0.2201681733,0.3346976638,0.0439001199
train:4303,0,-1.4449177980,-1.4454968553,0.0005790572,-0.0415031295,-0.2921829801,-0.0298330188,-0.2608046409,-0.0356584787,-0.1539269686,-0.0223408341,-0.1334467530,0.0223408341,0.1334467530,0.0298330188,0.2608046409
train:4308,0,0.6144146919,0.6138356347,0.0005790572,0.0323213954,0.0537123699,0.0439915061,0.0850907091,0.0041470528,0.0419827700,0.0174646974,0.0624629855,0.0174646974,0.0624629855,0.0439915061,0.0850907091
train:4311,0,-1.7606923580,-1.7612714153,0.0005790572,-0.0526195150,0.0054255147,-0.0409494042,0.0368038539,-0.1258196831,0.0165150166,-0.1125020385,0.0369952321,0.1125020385,0.0369952321,0.0409494042,0.0368038539
train:4321,0,1.4574344158,1.4568553586,0.0005790572,-0.1287508588,-0.1168392282,-0.1170807481,-0.0854608890,-0.1121559143,-0.0765604973,-0.0988382697,-0.0560802817,0.0988382697,0.0560802817,0.1170807481,0.0854608890
train:4322,0,0.8326658010,0.8320867438,0.0005790572,-0.0729838591,-0.0418304186,-0.0613137484,-0.0104520794,-0.1003094912,-0.0923707485,-0.0869918466,-0.0718905330,0.0869918466,0.0718905330,0.0613137484,0.0104520794
train:4323,0,0.1103873774,0.1098083202,0.0005790572,0.1244548876,0.0295505990,0.1361249983,0.0609289382,0.0672647133,0.3186201975,0.0805823579,0.3391004130,0.0805823579,0.3391004130,0.1361249983,0.0609289382
train:4329,0,0.5255842805,0.5250052233,0.0005790572,-0.0411875825,-0.0387861114,-0.0295174718,-0.0074077722,-0.0089609027,0.0748642683,0.0043567419,0.0953444839,0.0043567419,0.0953444839,0.0295174718,0.0074077722
train:4332,0,2.3023343086,2.3017552514,0.0005790572,-0.0113033633,0.0957246442,0.0003667474,0.1271029834,-0.0307204723,0.0860548019,-0.0174028277,0.1065350175,0.0174028277,0.1065350175,0.0003667474,0.1271029834
train:4336,0,1.8378634453,1.8372843880,0.0005790572,0.0817047972,0.0402117390,0.0933749080,0.0715900782,0.0452430248,0.0002317429,0.0585606694,0.0207119584,0.0585606694,0.0207119584,0.0933749080,0.0715900782
train:4340,0,2.6577596664,2.6571806092,0.0005790572,0.0129874367,-0.0277737956,0.0246575475,0.0036045436,0.0170466900,0.0260572433,0.0303643346,0.0465374589,0.0303643346,0.0465374589,0.0246575475,0.0036045436
train:4342,0,2.4009106159,2.4003315587,0.0005790572,-0.0311734061,0.0046113152,-0.0195032954,0.0359896544,-0.0344324112,0.0728240013,-0.0211147666,0.0933042169,0.0211147666,0.0933042169,0.0195032954,0.0359896544
train:4345,0,3.1358225346,3.1352434773,0.0005790572,0.0206659455,0.0984590668,0.0323360562,0.1298374060,-0.0083396435,0.1607701778,0.0049780011,0.1812503934,0.0049780011,0.1812503934,0.0323360562,0.1298374060
train:4362,0,-0.1217038259,-0.1222828831,0.0005790572,-0.2119004261,-0.2854888644,-0.2002303153,-0.2541105252,0.0552109554,-0.1329733357,0.0685286000,-0.1124931201,0.0685286000,0.1124931201,0.2002303153,0.2541105252
train:4364,0,1.0064048767,1.0058258195,0.0005790572,-0.0307353120,-0.1622846704,-0.0190652013,-0.1309063312,0.0213553905,0.0461113453,0.0346730351,0.0665915608,0.0346730351,0.0665915608,0.0190652013,0.1309063312
train:4366,0,0.1544065326,0.1538274754,0.0005790572,0.0669848565,0.0976095442,0.0786549672,0.1289878834,-0.0210807174,0.0321604908,-0.0077630728,0.0526407063,0.0077630728,0.0526407063,0.0786549672,0.1289878834
train:4367,0,1.1890933514,1.1885142941,0.0005790572,-0.0136278253,0.0501865763,-0.0019577146,0.0815649155,-0.0237925053,0.0049643517,-0.0104748607,0.0254445672,0.0104748607,0.0254445672,0.0019577146,0.0815649155
train:4389,0,-3.8305566311,-3.8311356883,0.0005790572,0.2256312985,0.1677163262,0.2373014092,0.1990946654,0.0445098877,0.1755549908,0.0578275323,0.1960352063,0.0578275323,0.1960352063,0.2373014092,0.1990946654
train:4399,0,-0.1502645612,-0.1508436184,0.0005790572,0.0552634020,-0.0251958053,0.0669335127,0.0061825339,-0.0633235872,-0.0109309405,-0.0500059426,0.0095492750,0.0500059426,0.0095492750,0.0669335127,0.0061825339
train:4400,0,1.3425477743,1.3419687171,0.0005790572,-0.0186983924,-0.0352210384,-0.0070282817,-0.0038426992,-0.0454020500,0.0240839720,-0.0320844054,0.0445641875,0.0320844054,0.0445641875,0.0070282817,0.0038426992
train:4404,0,1.0887249708,1.0881459136,0.0005790572,-0.1129496675,-0.1219946723,-0.1012795568,-0.0906163331,-0.0071947575,-0.1040650606,0.0061228871,-0.0835848451,0.0061228871,0.0835848451,0.1012795568,0.0906163331
train:4406,0,1.7978016138,1.7972225566,0.0005790572,0.1884338279,0.0668349881,0.2001039386,0.0982133273,0.0778899193,0.1000090837,0.0912075639,0.1204892993,0.0912075639,0.1204892993,0.2001039386,0.0982133273
train:4419,0,0.7843835950,0.7838045378,0.0005790572,-0.2490273695,-0.2616313677,-0.2373572588,-0.2302530285,-0.1684821248,-0.2849619985,-0.1551644802,-0.2644817829,0.1551644802,0.2644817829,0.2373572588,0.2302530285
train:4421,0,0.8448126316,0.8442335744,0.0005790572,0.0060963053,-0.0049681049,0.0177664161,0.0264102343,-0.0687973499,-0.1170942783,-0.0554797053,-0.0966140628,0.0554797053,0.0966140628,0.0177664161,0.0264102343
train:4422,0,2.3495481014,2.3489690442,0.0005790572,-0.1487399917,-0.0912184100,-0.1370698810,-0.0598400708,-0.0863590240,-0.1773562431,-0.0730413795,-0.1568760276,0.0730413795,0.1568760276,0.1370698810,0.0598400708
train:4424,0,-2.7510249615,-2.7516040187,0.0005790572,-0.6596433501,-0.5192167144,-0.6479732394,-0.4878383752,-0.6555266380,-0.4486610889,-0.6422089934,-0.4281808734,0.6422089934,0.4281808734,0.6479732394,0.4878383752
train:4425,0,0.9348293543,0.9342502970,0.0005790572,-0.0766864400,-0.1751291137,-0.0650163293,-0.1437507745,-0.0270555019,-0.1693439484,-0.0137378573,-0.1488637328,0.0137378573,0.1488637328,0.0650163293,0.1437507745
train:4436,0,0.8860288262,0.8854497690,0.0005790572,0.0529195685,0.0827423949,0.0645896792,0.1141207341,0.0788833499,0.0173137188,0.0922009945,0.0377939343,0.0922009945,0.0377939343,0.0645896792,0.1141207341
train:4440,0,-1.4305968285,-1.4311758857,0.0005790572,-0.6418775301,-0.6331669073,-0.6302074194,-0.6017885681,-0.6385685205,-0.5199603438,-0.6252508759,-0.4994801283,0.6252508759,0.4994801283,0.6302074194,0.6017885681
train:4449,0,-2.4937176704,-2.4942967277,0.0005790572,-0.1220564227,-0.1775910239,-0.1103863120,-0.1462126847,-0.1584813595,-0.2514007092,-0.1451637149,-0.2309204936,0.1451637149,0.2309204936,0.1103863120,0.1462126847
train:4450,0,-0.3312924504,-0.3318715077,0.0005790572,-1.0530111175,-0.8688327651,-1.0413410068,-0.8374544259,-0.9088676572,-0.8555090427,-0.8955500126,-0.8350288272,0.8955500126,0.8350288272,1.0413410068,0.8374544259
train:4464,0,-3.2534456253,-3.2540246825,0.0005790572,-0.0497700553,-0.1272994857,-0.0380999446,-0.0959211465,-0.2677714825,-0.1407792568,-0.2544538379,-0.1202990413,0.2544538379,0.1202990413,0.0380999446,0.0959211465
train:4465,0,-1.5827622414,-1.5833412986,0.0005790572,0.3912388701,0.3284317870,0.4029089808,0.3598101262,0.1983000040,0.3357105255,0.2116176486,0.3561907411,0.2116176486,0.3561907411,0.4029089808,0.3598101262
train:4473,0,1.4820164442,1.4814373870,0.0005790572,-0.0621243100,-0.0727762561,-0.0504541993,-0.0413979169,-0.0209742785,-0.0694953203,-0.0076566339,-0.0490151048,0.0076566339,0.0490151048,0.0504541993,0.0413979169
train:4483,0,1.0141335726,1.0135545153,0.0005790572,-0.1778931003,-0.1952857356,-0.1662229896,-0.1639073964,-0.1515794992,-0.1072067022,-0.1382618546,-0.0867264867,0.1382618546,0.0867264867,0.1662229896,0.1639073964
train:4486,0,1.5080875158,1.5075084586,0.0005790572,-0.0838801246,-0.0937067847,-0.0722100139,-0.0623284455,-0.0775133371,-0.1803706884,-0.0641956925,-0.1598904729,0.0641956925,0.1598904729,0.0722100139,0.0623284455
train:4490,0,-2.6531958580,-2.6537749152,0.0005790572,-0.1851372104,-0.4775606971,-0.1734670997,-0.4461823579,-0.3548982143,-0.4113769531,-0.3415805697,-0.3908967376,0.3415805697,0.3908967376,0.1734670997,0.4461823579
train:4492,0,0.8041866422,0.8036075849,0.0005790572,-0.0469623189,0.0182691235,-0.0352922082,0.0496474627,0.0055882335,-0.0121147037,0.0189058781,0.0083655119,0.0189058781,0.0083655119,0.0352922082,0.0496474627
train:4493,0,0.9855734110,0.9849943537,0.0005790572,-0.0635363441,-0.0808290820,-0.0518662333,-0.0494507428,-0.0877064466,-0.0415552855,-0.0743888021,-0.0210750699,0.0743888021,0.0210750699,0.0518662333,0.0494507428
train:4499,0,-0.4616813064,-0.4622603636,0.0005790572,0.0790963788,-0.0384779852,0.0907664895,-0.0070996460,-0.0818059146,0.0525148511,-0.0684882700,0.0729950666,0.0684882700,0.0729950666,0.0907664895,0.0070996460
train:4506,0,2.5824992657,2.5819202084,0.0005790572,0.0084684510,-0.0415241103,0.0201385617,-0.0101457711,0.0370512009,0.0137114525,0.0503688455,0.0341916680,0.0503688455,0.0341916680,0.0201385617,0.0101457711
train:4513,0,2.0665552616,2.0659762044,0.0005790572,-0.1159185748,-0.0762502532,-0.1042484641,-0.0448719140,-0.0273456573,-0.0390901566,-0.0140280128,-0.0186099410,0.0140280128,0.0186099410,0.1042484641,0.0448719140
train:4515,0,-0.0600770414,-0.0606560986,0.0005790572,-0.1952133905,-0.2330293935,-0.1835432798,-0.2016510543,-0.3195575178,-0.2330402732,-0.3062398732,-0.2125600576,0.3062398732,0.2125600576,0.1835432798,0.2016510543
train:4518,0,-0.0588800237,-0.0594590809,0.0005790572,-0.0491034817,-0.0246700179,-0.0374333709,0.0067083213,-0.0850419477,-0.0505305603,-0.0717243031,-0.0300503448,0.0717243031,0.0300503448,0.0374333709,0.0067083213
train:4520,0,2.7707843781,2.7702053208,0.0005790572,0.0003908295,-0.0904461723,0.0120609403,-0.0590678331,0.0388507843,-0.0107808113,0.0521684289,0.0096994042,0.0521684289,0.0096994042,0.0120609403,0.0590678331
train:4523,0,0.3886016607,0.3880226035,0.0005790572,-0.0744329970,-0.0550504010,-0.0627628863,-0.0236720618,-0.1438299417,-0.1133244038,-0.1305122972,-0.0928441882,0.1305122972,0.0928441882,0.0627628863,0.0236720618
train:4527,0,1.1902437210,1.1896646638,0.0005790572,-0.0654092412,-0.0593145471,-0.0537391305,-0.0279362079,-0.0130033493,-0.0453913212,0.0003142953,-0.0249111056,0.0003142953,0.0249111056,0.0537391305,0.0279362079
train:4529,0,1.1973942518,1.1968151946,0.0005790572,0.1049746890,-0.0593640189,0.1166447997,-0.0279856797,0.1098082066,-0.0340093374,0.1231258512,-0.0135291219,0.1231258512,0.0135291219,0.1166447997,0.0279856797
train:4531,0,-3.3752086163,-3.3757876735,0.0005790572,-0.0396344047,-0.4408637862,-0.0279642940,-0.4094854470,-0.1009674072,-0.3032538891,-0.0876497626,-0.2827736735,0.0876497626,0.2827736735,0.0279642940,0.4094854470
train:4542,0,1.5874226093,1.5868435521,0.0005790572,-0.0302035194,-0.0838026386,-0.0185334086,-0.0524242994,-0.0670900345,-0.1235442162,-0.0537723899,-0.1030640006,0.0537723899,0.1030640006,0.0185334086,0.0524242994
train:4550,0,1.3769484758,1.3763694186,0.0005790572,-0.1071868520,-0.0646377187,-0.0955167413,-0.0332593795,-0.0285799503,-0.0254176855,-0.0152623057,-0.0049374700,0.0152623057,0.0049374700,0.0955167413,0.0332593795
train:4552,0,0.1682440639,0.1676650066,0.0005790572,-0.0547275524,-0.0053220670,-0.0430574417,0.0260562722,-0.1400249600,-0.1602882445,-0.1267073154,-0.1398080289,0.1267073154,0.1398080289,0.0430574417,0.0260562722
train:4560,0,1.7818037271,1.7812246699,0.0005790572,0.0304957051,0.0030160565,0.0421658158,0.0343943957,0.0637339354,0.1129821539,0.0770515800,0.1334623694,0.0770515800,0.1334623694,0.0421658158,0.0343943957
train:4562,0,0.0100447433,0.0094656861,0.0005790572,-0.0088106701,0.0348272687,0.0028594406,0.0662056079,0.1222122805,0.0281314747,0.1355299251,0.0486116903,0.1355299251,0.0486116903,0.0028594406,0.0662056079
train:4565,0,-1.9103838205,-1.9109628778,0.0005790572,0.9451922793,0.6156041045,0.9568623900,0.6469824437,0.6380287409,0.6540275812,0.6513463855,0.6745077968,0.6513463855,0.6745077968,0.9568623900,0.6469824437
train:4572,0,0.8782832026,0.8777041454,0.0005790572,0.1246266980,0.0859205742,0.1362968087,0.1172989134,0.1386986375,0.0200774074,0.1520162821,0.0405576229,0.1520162821,0.0405576229,0.1362968087,0.1172989134
train:4574,0,1.6103606224,1.6097815652,0.0005790572,0.0469368119,0.0110160727,0.0586069226,0.0423944119,0.0406970978,0.0531606674,0.0540147424,0.0736408830,0.0540147424,0.0736408830,0.0586069226,0.0423944119
train:4577,0,0.1838597059,0.1832806487,0.0005790572,-0.1172939818,0.1093295906,-0.1056238711,0.1407079298,0.0326583683,0.1015488058,0.0459760129,0.1220290214,0.0459760129,0.1220290214,0.1056238711,0.1407079298
train:4591,0,-1.1370363235,-1.1376153808,0.0005790572,0.2204245944,0.1623099465,0.2320947051,0.1936882857,0.3014570475,0.1770012379,0.3147746921,0.1974814534,0.3147746921,0.1974814534,0.2320947051,0.1936882857
train:4597,0,-1.9931787252,-1.9937577825,0.0005790572,-0.0622052531,-0.0162658077,-0.0505351424,0.0151125315,-0.0901672840,-0.2664569616,-0.0768496394,-0.2459767461,0.0768496394,0.2459767461,0.0505351424,0.0151125315
train:4604,0,1.6855235100,1.6849444527,0.0005790572,0.0309670586,-0.0496204477,0.0426371694,-0.0182421085,0.0561227798,-0.0004134178,0.0694404244,0.0200667977,0.0694404244,0.0200667977,0.0426371694,0.0182421085
train:4612,0,0.3938263953,0.3932473380,0.0005790572,0.1277543623,0.0844024141,0.1394244730,0.1157807533,0.0755226314,0.0885129273,0.0888402760,0.1089931428,0.0888402760,0.1089931428,0.1394244730,0.1157807533
train:4625,0,1.7371885777,1.7366095204,0.0005790572,-0.0554999690,-0.1091112476,-0.0438298583,-0.0777329084,0.0004760027,-0.1089065075,0.0137936473,-0.0884262919,0.0137936473,0.0884262919,0.0438298583,0.0777329084
train:4629,0,-0.7353609204,-0.7359399777,0.0005790572,0.0695560593,-0.0419264417,0.0812261701,-0.0105481025,-0.0193521380,0.0002641678,-0.0060344934,0.0207443833,0.0060344934,0.0207443833,0.0812261701,0.0105481025
train:4632,0,-0.0644057170,-0.0649847742,0.0005790572,0.2372444812,0.1180045549,0.2489145920,0.1493828941,-0.0190032646,0.1745896563,-0.0056856200,0.1950698718,0.0056856200,0.1950698718,0.2489145920,0.1493828941
train:4636,0,-0.7114710808,-0.7120501380,0.0005790572,0.0113947410,-0.0608643275,0.0230648518,-0.0294859883,0.0406318903,-0.0549779534,0.0539495349,-0.0344977379,0.0539495349,0.0344977379,0.0230648518,0.0294859883
train:4647,0,0.4452381134,0.4446590562,0.0005790572,0.0244016368,-0.0241454523,0.0360717475,0.0072328869,0.0932249129,0.0047481656,0.1065425575,0.0252283812,0.1065425575,0.0252283812,0.0360717475,0.0072328869
train:4648,0,1.0610442162,1.0604651589,0.0005790572,0.0152017493,-0.0092557054,0.0268718600,0.0221226338,0.0847028494,0.0239472389,0.0980204940,0.0444274545,0.0980204940,0.0444274545,0.0268718600,0.0221226338
train:4649,0,0.4524759948,0.4518969376,0.0005790572,0.1883489210,0.1489116270,0.2000190318,0.1802899662,0.0722345114,0.1602741182,0.0855521560,0.1807543337,0.0855521560,0.1807543337,0.2000190318,0.1802899662
train:4651,0,-1.4599274397,-1.4605064969,0.0005790572,0.1630724091,0.0231774468,0.1747425199,0.0545557860,-0.2153618336,-0.1535991430,-0.2020441890,-0.1331189275,0.2020441890,0.1331189275,0.1747425199,0.0545557860
train:4658,0,1.0816482306,1.0810691733,0.0005790572,-0.0812732558,-0.1050004344,-0.0696031451,-0.0736220952,0.0148525238,-0.0476630926,0.0281701684,-0.0271828771,0.0281701684,0.0271828771,0.0696031451,0.0736220952
train:4659,0,2.2208032608,2.2202242036,0.0005790572,-0.0340570789,-0.0505067687,-0.0223869681,-0.0191284295,0.1256511211,-0.0088505745,0.1389687657,0.0116296411,0.1389687657,0.0116296411,0.0223869681,0.0191284295
train:4661,0,0.4531781077,0.4525990505,0.0005790572,0.0951425750,0.0322082360,0.1068126857,0.0635865752,0.1421646476,-0.0049253106,0.1554822922,0.0155549049,0.1554822922,0.0155549049,0.1068126857,0.0635865752
train:4663,-1,-7.3143396378,-3.8493001092,-3.4650395286,-0.3641414273,-0.5894093144,-0.3524713166,-0.5580309752,-0.5157790184,-0.6338129044,-0.5024613738,-0.6133326888,0.5024613738,0.6133326888,0.3524713166,0.5580309752
train:4670,0,-0.0263806786,-0.0269597359,0.0005790572,-0.0086325221,-0.0380068160,0.0030375887,-0.0066284768,-0.0173111167,-0.0786254834,-0.0039934721,-0.0581452679,0.0039934721,0.0581452679,0.0030375887,0.0066284768
train:4675,0,-6.4934010506,-6.4939801078,0.0005790572,-0.1608106475,-0.0988513808,-0.1491405368,-0.0674730416,-0.4609909058,-0.5649380684,-0.4476732612,-0.5444578528,0.4476732612,0.5444578528,0.1491405368,0.0674730416
train:4682,0,1.8109642267,1.8103851695,0.0005790572,-0.0184534173,-0.0430473666,-0.0067833066,-0.0116690274,0.0324205160,0.0415171385,0.0457381606,0.0619973540,0.0457381606,0.0619973540,0.0067833066,0.0116690274
train:4689,0,1.5826009512,1.5820218940,0.0005790572,-0.0891029220,-0.0918864589,-0.0774328113,-0.0605081197,-0.0780199766,-0.0691949129,-0.0647023320,-0.0487146974,0.0647023320,0.0487146974,0.0774328113,0.0605081197
train:4691,0,0.5491049886,0.5485259313,0.0005790572,-0.0799461584,-0.1411215644,-0.0682760477,-0.1097432252,-0.1430166364,-0.0047736764,-0.1296989918,0.0157065392,0.1296989918,0.0157065392,0.0682760477,0.1097432252
train:4692,0,2.0379259586,2.0373469014,0.0005790572,-0.0684322696,-0.0170604568,-0.0567621589,0.0143178824,0.0147037506,-0.0753352642,0.0280213952,-0.0548550487,0.0280213952,0.0548550487,0.0567621589,0.0143178824
train:4694,0,-0.6569268703,-0.6575059276,0.0005790572,-0.0955988150,-0.1827972214,-0.0839287043,-0.1514188822,-0.2507243454,-0.1412389874,-0.2374067008,-0.1207587719,0.2374067008,0.1207587719,0.0839287043,0.1514188822
train:4701,0,-1.3269516230,-1.3275306802,0.0005790572,0.6440675874,0.1815879960,0.6557376981,0.2129663352,0.4476995468,0.2695149183,0.4610171914,0.2899951339,0.4610171914,0.2899951339,0.6557376981,0.2129663352
train:4705,0,1.1736794710,1.1731004138,0.0005790572,0.0117779393,-0.0315086227,0.0234480500,-0.0001302835,-0.0236283541,-0.0087629557,-0.0103107095,0.0117172599,0.0103107095,0.0117172599,0.0234480500,0.0001302835
train:4709,0,0.9806673527,0.9800882954,0.0005790572,-0.2702983003,-0.2411984782,-0.2586281896,-0.2098201390,-0.1213885546,-0.1630010605,-0.1080709100,-0.1425208449,0.1080709100,0.1425208449,0.2586281896,0.2098201390
train:4711,0,-0.3021233082,-0.3027023654,0.0005790572,-0.1128089111,-0.1457082014,-0.1011388004,-0.1143298622,-0.2238012254,-0.0212985575,-0.2104835808,-0.0008183420,0.2104835808,0.0008183420,0.1011388004,0.1143298622
train:4713,-1,-4.8908276558,-1.4257881272,-3.4650395286,-0.4779916036,-0.3805118430,-0.4663214929,-0.3491335038,-0.0581307411,-0.1261420250,-0.0448130965,-0.1056618094,0.0448130965,0.1056618094,0.4663214929,0.3491335038
train:4717,0,1.6830452681,1.6824662108,0.0005790572,-0.0519556384,-0.0405107122,-0.0402855277,-0.0091323730,-0.0152829885,-0.0594581366,-0.0019653440,-0.0389779210,0.0019653440,0.0389779210,0.0402855277,0.0091323730
train:4719,0,1.6356415749,1.6350625176,0.0005790572,-0.1715511661,-0.0970359426,-0.1598810554,-0.0656576034,-0.0631479025,-0.0651896000,-0.0498302579,-0.0447093844,0.0498302579,0.0447093844,0.1598810554,0.0656576034
train:4727,0,0.7104003429,0.7098212857,0.0005790572,0.3614688833,0.5786908884,0.3731389940,0.6100692276,0.4165449440,0.3840773404,0.4298625886,0.4045575559,0.4298625886,0.4045575559,0.3731389940,0.6100692276
train:4728,0,-1.1085995436,-1.1091786008,0.0005790572,0.0565758366,-0.0750712733,0.0682459474,-0.0436929341,-0.0115154982,-0.1111546159,0.0018021464,-0.0906744003,0.0018021464,0.0906744003,0.0682459474,0.0436929341
train:4732,0,-1.4882673025,-1.4888463598,0.0005790572,0.4295004029,0.3291330952,0.4411705136,0.3605114344,0.2688944340,0.4772485495,0.2822120786,0.4977287650,0.2822120786,0.4977287650,0.4411705136,0.3605114344
train:4739,0,1.8915629387,1.8909838815,0.0005790572,-0.0462490897,-0.0740208011,-0.0345789790,-0.0426424619,-0.0297808647,-0.0871391296,-0.0164632201,-0.0666589141,0.0164632201,0.0666589141,0.0345789790,0.0426424619
train:4740,0,1.7239847183,1.7234056611,0.0005790572,-0.0273476224,0.0094999690,-0.0156775117,0.0408783082,-0.0137370825,-0.0595369339,-0.0004194379,-0.0390567183,0.0004194379,0.0390567183,0.0156775117,0.0408783082
train:4743,0,-5.4775390625,-5.4781181197,0.0005790572,0.1152103562,-0.0547806602,0.1268804669,-0.0234023210,-0.1141262054,-0.1081118584,-0.1008085608,-0.0876316428,0.1008085608,0.0876316428,0.1268804669,0.0234023210
train:4745,0,0.3981684148,0.3975893576,0.0005790572,-0.0423868280,-0.0905033629,-0.0307167172,-0.0591250237,-0.1445087492,-0.2062309086,-0.1311911047,-0.1857506931,0.1311911047,0.1857506931,0.0307167172,0.0591250237
train:4750,0,-1.6444584131,-1.6450374704,0.0005790572,-0.1044384818,-0.0985977035,-0.0927683711,-0.0672193643,-0.1400626898,-0.0244489908,-0.1267450452,-0.0039687753,0.1267450452,0.0039687753,0.0927683711,0.0672193643
train:4751,-1,-2.3803451061,1.0846944224,-3.4650395286,-0.0572698939,0.0019836795,-0.0455997832,0.0333620187,0.1120367050,0.0372970104,0.1253543496,0.0577772260,0.1253543496,0.0577772260,0.0455997832,0.0333620187
train:4756,0,2.4042623043,2.4036832471,0.0005790572,0.1107261796,0.0078318734,0.1223962903,0.0392102126,0.0298821926,0.0201270580,0.0431998372,0.0406072736,0.0431998372,0.0406072736,0.1223962903,0.0392102126
train:4759,0,1.4029939175,1.4024148602,0.0005790572,-0.0076970439,-0.0095234494,0.0039730668,0.0218548898,-0.0427751541,-0.0750777721,-0.0294575095,-0.0545975566,0.0294575095,0.0545975566,0.0039730668,0.0218548898
train:4764,-2,-5.1281995773,1.8024585371,-6.9306581144,0.0480772380,0.0732202653,0.0597473488,0.1045986045,0.3626189232,0.0047760010,0.3759365678,0.0252562165,0.3759365678,0.0252562165,0.0597473488,0.1045986045
train:4768,0,1.6061723232,1.6055932660,0.0005790572,0.0565897841,0.0131459851,0.0682598948,0.0445243243,0.0392143726,0.0705261230,0.0525320172,0.0910063386,0.0525320172,0.0910063386,0.0682598948,0.0445243243
train:4779,0,-2.1719980240,-2.1725770812,0.0005790572,-0.0651535373,-0.0835170131,-0.0534834266,-0.0521386739,-0.0839641094,-0.0639438629,-0.0706464648,-0.0434636474,0.0706464648,0.0434636474,0.0534834266,0.0521386739
train:4785,0,2.1500751972,2.1494961400,0.0005790572,0.0261498112,0.0755370278,0.0378199220,0.1069153670,0.0659503937,0.0276055336,0.0792680383,0.0480857491,0.0792680383,0.0480857491,0.0378199220,0.1069153670
train:4788,0,2.4258944988,2.4253154416,0.0005790572,-0.1136333328,-0.0896953922,-0.1019632220,-0.0583170530,-0.0270109177,-0.0552730560,-0.0136932731,-0.0347928405,0.0136932731,0.0347928405,0.1019632220,0.0583170530
train:4790,0,-0.3773399889,-0.3779190462,0.0005790572,0.0678163786,-0.0297187250,0.0794864893,0.0016596142,0.1596560180,0.0428320467,0.1729736626,0.0633122623,0.1729736626,0.0633122623,0.0794864893,0.0016596142
train:4801,-1,-1.0614445210,2.4035950076,-3.4650395286,-0.4859411347,-0.3842184174,-0.4742710240,-0.3528400782,0.7044526339,0.3921005726,0.7177702785,0.4125807881,0.7177702785,0.4125807881,0.4742710240,0.3528400782
train:4803,-1,-2.8978679180,0.5671716106,-3.4650395286,-0.1023621786,-0.0705331791,-0.0906920679,-0.0391548399,1.2420051098,-0.0176608562,1.2553227544,0.0028193593,1.2553227544,0.0028193593,0.0906920679,0.0391548399
train:4814,0,1.5396916866,1.5391126294,0.0005790572,0.1401649136,-0.0576367955,0.1518350244,-0.0262584563,-0.0902080536,-0.0618715286,-0.0768904090,-0.0413913131,0.0768904090,0.0413913131,0.1518350244,0.0262584563
train:4826,0,1.4329494238,1.4323703666,0.0005790572,0.0755274911,0.0218411107,0.0871976018,0.0532194499,0.0009132624,0.0352827311,0.0142309070,0.0557629466,0.0142309070,0.0557629466,0.0871976018,0.0532194499
train:4829,0,0.3542538881,0.3536748309,0.0005790572,-0.8839260917,-0.6389731746,-0.8722559810,-0.6075948354,-0.8819224834,-0.7574819326,-0.8686048388,-0.7370017171,0.8686048388,0.7370017171,0.8722559810,0.6075948354
train:4835,0,-1.9023076296,-1.9028866868,0.0005790572,0.0466378350,0.0863369126,0.0583079457,0.1177152518,0.1937538385,-0.1992808580,0.2070714831,-0.1788006425,0.2070714831,0.1788006425,0.0583079457,0.1177152518
train:4870,-2,-8.8932781219,-1.9626200076,-6.9306581144,0.2765011911,0.2055230264,0.2881713018,0.2369013656,-0.9536995888,-0.8569536209,-0.9403819442,-0.8364734054,0.9403819442,0.8364734054,0.2881713018,0.2369013656
train:4872,0,1.8641006947,1.8635216374,0.0005790572,0.0998327155,0.0381240268,0.1115028262,0.0695023660,0.0680286884,0.3492326736,0.0813463330,0.3697128892,0.0813463330,0.3697128892,0.1115028262,0.0695023660
train:4873,0,-1.7410891056,-1.7416681628,0.0005790572,0.0219114442,0.0015327353,0.0335815549,0.0329110745,-0.0493352413,0.0545544624,-0.0360175967,0.0750346780,0.0360175967,0.0750346780,0.0335815549,0.0329110745
train:4876,0,0.9876254797,0.9870464225,0.0005790572,0.0213145036,0.0133700986,0.0329846144,0.0447484378,0.0286439657,-0.0237902403,0.0419616103,-0.0033100247,0.0419616103,0.0033100247,0.0329846144,0.0447484378
train:4877,0,1.3040426970,1.3034636397,0.0005790572,-0.0839211326,-0.0367286782,-0.0722510219,-0.0053503390,-0.0406944752,-0.0749481916,-0.0273768306,-0.0544679761,0.0273768306,0.0544679761,0.0722510219,0.0053503390
train:4884,0,-0.4402060509,-0.4407851081,0.0005790572,-0.0236757677,-0.1556718927,-0.0120056570,-0.1242935535,-0.0554472506,-0.1895059347,-0.0421296060,-0.1690257192,0.0421296060,0.1690257192,0.0120056570,0.1242935535
train:4885,0,-4.8904747963,-4.8910538535,0.0005790572,0.1599152703,-0.1707536559,0.1715853810,-0.1393753167,0.1876544952,-0.2151484489,0.2009721398,-0.1946682334,0.2009721398,0.1946682334,0.1715853810,0.1393753167
train:4887,0,1.1192586422,1.1186795850,0.0005790572,-0.0305482726,-0.1124314647,-0.0188781619,-0.0810531255,0.0024642944,-0.0045292377,0.0157819390,0.0159509778,0.0157819390,0.0159509778,0.0188781619,0.0810531255
train:4893,0,-0.8107913733,-0.8113704305,0.0005790572,0.0422683377,0.0305635948,0.0539384484,0.0619419340,0.0470157862,0.0943806767,0.0603334308,0.1148608923,0.0603334308,0.1148608923,0.0539384484,0.0619419340
train:4895,0,0.0673636496,0.0667845924,0.0005790572,0.4110173006,-0.0873765331,0.4226874113,-0.0559981939,0.2228710502,0.1143463105,0.2361886948,0.1348265260,0.2361886948,0.1348265260,0.4226874113,0.0559981939
train:4899,0,-3.2989761829,-3.2995552402,0.0005790572,-0.0860130172,-0.0513588767,-0.0743429065,-0.0199805375,-0.1111323833,-0.1346118450,-0.0978147388,-0.1141316295,0.0978147388,0.1141316295,0.0743429065,0.0199805375
train:4903,0,2.1704695225,2.1698904652,0.0005790572,-0.1197838168,0.0689495225,-0.1081137061,0.1003278617,0.0625410080,0.2228741646,0.0758586526,0.2433543801,0.0758586526,0.2433543801,0.1081137061,0.1003278617
train:4904,0,0.6534153819,0.6528363247,0.0005790572,-1.2256838064,-0.9648606758,-1.2140136957,-0.9334823366,-0.8077586293,-0.9404049516,-0.7944409847,-0.9199247360,0.7944409847,0.9199247360,1.2140136957,0.9334823366
train:4908,0,2.2096621990,2.2090831418,0.0005790572,0.0156171937,0.0394788403,0.0272873044,0.0708571795,0.0134730339,-0.0622818470,0.0267906785,-0.0418016315,0.0267906785,0.0418016315,0.0272873044,0.0708571795
train:4910,-1,-2.8977565765,0.5672829520,-3.4650395286,0.0406358611,-0.0237477053,0.0523059718,0.0076306339,0.0391457081,0.0885744095,0.0524633527,0.1090546250,0.0524633527,0.1090546250,0.0523059718,0.0076306339
train:4911,0,2.3827457428,2.3821666856,0.0005790572,-0.1562888007,-0.1369709354,-0.1446186900,-0.1055925962,-0.0353705883,-0.0806968212,-0.0220529437,-0.0602166057,0.0220529437,0.0602166057,0.1446186900,0.1055925962
train:4917,0,1.0089792013,1.0084001441,0.0005790572,-0.0107138734,0.0230245013,0.0009562373,0.0544028405,0.1629672050,0.1407120824,0.1762848496,0.1611922979,0.1762848496,0.1611922979,0.0009562373,0.0544028405
train:4927,0,-0.0637743250,-0.0643533822,0.0005790572,-0.0410346370,-0.0258097332,-0.0293645263,0.0055686060,0.0121418312,0.0493134782,0.0254594758,0.0697936937,0.0254594758,0.0697936937,0.0293645263,0.0055686060
train:4931,0,-1.2111897469,-1.2117688041,0.0005790572,-0.0461128335,-0.1848886590,-0.0344427228,-0.1535103198,0.1275796890,-0.0088000298,0.1408973336,0.0116801858,0.1408973336,0.0116801858,0.0344427228,0.1535103198
train:4942,0,0.9625039101,0.9619248528,0.0005790572,-0.1808114629,-0.1675090175,-0.1691413522,-0.1361306783,-0.1413750648,-0.1560802460,-0.1280574203,-0.1356000304,0.1280574203,0.1356000304,0.1691413522,0.1361306783
train:4945,0,-1.6042349339,-1.6048139911,0.0005790572,0.1931652446,0.0893498082,0.2048353553,0.1207281474,0.0276998281,-0.0213117599,0.0410174727,-0.0008315444,0.0410174727,0.0008315444,0.2048353553,0.1207281474
train:4952,0,0.1855902225,0.1850111652,0.0005790572,-0.4388091992,-0.5474594664,-0.4271390885,-0.5160811272,-0.7623423785,-0.3399360627,-0.7490247339,-0.3194558471,0.7490247339,0.3194558471,0.4271390885,0.5160811272
train:4953,0,1.0670855045,1.0665064473,0.0005790572,-0.0294994693,0.0076685567,-0.0178293586,0.0390468959,-0.0848605633,-0.1199550629,-0.0715429187,-0.0994748473,0.0715429187,0.0994748473,0.0178293586,0.0390468959
train:4955,0,1.5229765177,1.5223974604,0.0005790572,-0.0339774471,-0.2027870994,-0.0223073363,-0.1714087602,-0.1754051447,-0.1870082617,-0.1620875001,-0.1665280461,0.1620875001,0.1665280461,0.0223073363,0.1714087602
train:4956,0,-1.2146282196,-1.2152072768,0.0005790572,-0.0018294435,-0.1053932290,0.0098406672,-0.0740148898,0.0085737705,-0.0947675705,0.0218914151,-0.0742873549,0.0218914151,0.0742873549,0.0098406672,0.0740148898
train:4962,0,2.0076158047,2.0070367474,0.0005790572,-0.0226554256,-0.0855221133,-0.0109853148,-0.0541437741,0.0393015146,-0.0543527603,0.0526191592,-0.0338725448,0.0526191592,0.0338725448,0.0109853148,0.0541437741
train:4970,0,1.3815845251,1.3810054679,0.0005790572,-0.0906794648,-0.0421563964,-0.0790093541,-0.0107780572,0.0001193285,-0.0063601732,0.0134369731,0.0141200423,0.0134369731,0.0141200423,0.0790093541,0.0107780572
train:4979,-2,-9.9499044418,-3.0192463274,-6.9306581144,0.0075988893,0.0922029142,0.0192690000,0.1235812534,-0.7776107788,-0.7422504425,-0.7642931342,-0.7217702270,0.7642931342,0.7217702270,0.0192690000,0.1235812534
train:4984,0,1.1650570631,1.1644780059,0.0005790572,-0.0276116710,0.0231329818,-0.0159415603,0.0545113210,0.0861614943,0.0142115355,0.0994791389,0.0346917510,0.0994791389,0.0346917510,0.0159415603,0.0545113210
train:4993,0,0.8109536767,0.8103746195,0.0005790572,-0.0816946011,-0.2209124546,-0.0700244904,-0.1895341154,0.0271771550,-0.1276834011,0.0404947996,-0.1072031856,0.0404947996,0.1072031856,0.0700244904,0.1895341154
train:5004,0,0.5491349101,0.5485558529,0.0005790572,0.0919234473,0.1648203451,0.1035935581,0.1961986843,0.1436613500,0.1966798902,0.1569789946,0.2171601057,0.1569789946,0.2171601057,0.1035935581,0.1961986843
train:5007,0,1.6929090023,1.6923299451,0.0005790572,0.1040503402,0.1492387671,0.1157204509,0.1806171063,0.1153097153,0.1498906612,0.1286273599,0.1703708768,0.1286273599,0.1703708768,0.1157204509,0.1806171063
train:5008,0,0.4828266799,0.4822476227,0.0005790572,0.0947636385,0.3902869690,0.1064337492,0.4216653082,0.8428578377,0.7312933505,0.8561754823,0.7517735660,0.8561754823,0.7517735660,0.1064337492,0.4216653082
train:5012,0,1.9977947474,1.9972156901,0.0005790572,-0.0540538411,-0.0043788533,-0.0423837304,0.0269994859,-0.1185775995,-0.0442055464,-0.1052599549,-0.0237253308,0.1052599549,0.0237253308,0.0423837304,0.0269994859
train:5017,0,0.6027679443,0.6021888871,0.0005790572,-0.1535480004,-0.0959260445,-0.1418778896,-0.0645477053,-0.2006952763,-0.2334956527,-0.1873776317,-0.2130154371,0.1873776317,0.2130154371,0.1418778896,0.0645477053
train:5020,0,0.6630546451,0.6624755878,0.0005790572,0.0328919906,-0.0887774210,0.0445621014,-0.0573990818,-0.0480989814,-0.0833308697,-0.0347813368,-0.0628506541,0.0347813368,0.0628506541,0.0445621014,0.0573990818
train:5025,0,-2.6613247395,-2.6619037967,0.0005790572,0.0024488587,-0.0346962791,0.0141189694,-0.0033179399,-0.1775178909,-0.0877006054,-0.1642002463,-0.0672203898,0.1642002463,0.0672203898,0.0141189694,0.0033179399
train:5027,0,0.6411041021,0.6405250449,0.0005790572,-0.0280450564,-0.0200315695,-0.0163749456,0.0113467697,-0.0461134911,-0.1673608422,-0.0327958465,-0.1468806267,0.0327958465,0.1468806267,0.0163749456,0.0113467697
train:5029,0,-2.6518721581,-2.6524512153,0.0005790572,0.1322904248,0.1141260285,0.1439605355,0.1455043677,0.0868296623,0.1309101582,0.1001473069,0.1513903737,0.1001473069,0.1513903737,0.1439605355,0.1455043677
train:5034,0,-1.4943529367,-1.4949319940,0.0005790572,0.1229186673,0.1837316174,0.1345887780,0.2151099566,0.1900693178,0.2205837965,0.2033869624,0.2410640121,0.2033869624,0.2410640121,0.1345887780,0.2151099566
train:5038,0,-1.1302070618,-1.1307861190,0.0005790572,-0.0908384900,-0.0750845056,-0.0791683793,-0.0437061664,-0.0289444923,0.0095584393,-0.0156268477,0.0300386548,0.0156268477,0.0300386548,0.0791683793,0.0437061664
train:5043,0,0.5647066236,0.5641275663,0.0005790572,-0.0475371461,0.0596770067,-0.0358670354,0.0910553459,-0.0717511773,-0.0148792863,-0.0584335327,0.0056009293,0.0584335327,0.0056009293,0.0358670354,0.0910553459
train:5051,0,1.5854066610,1.5848276038,0.0005790572,0.1388941426,0.0483246465,0.1505642533,0.0797029857,0.2415143251,0.0654393435,0.2548319697,0.0859195590,0.2548319697,0.0859195590,0.1505642533,0.0797029857
train:5055,0,0.0257279575,0.0251489002,0.0005790572,-0.2332001310,-0.0146393236,-0.2215300202,0.0167390156,-0.1126183867,-0.0251613706,-0.0993007421,-0.0046811551,0.0993007421,0.0046811551,0.2215300202,0.0167390156
train:5056,0,-0.4070715308,-0.4076505881,0.0005790572,-0.0799956601,-0.0786974411,-0.0683255494,-0.0473191019,-0.1425646544,-0.2196696401,-0.1292470098,-0.1991894245,0.1292470098,0.1991894245,0.0683255494,0.0473191019
train:5057,0,2.0165534019,2.0159743447,0.0005790572,0.1842994113,0.0770180840,0.1959695220,0.1083964232,0.1644396782,0.1547894478,0.1777573228,0.1752696633,0.1777573228,0.1752696633,0.1959695220,0.1083964232
train:5074,0,1.6628257036,1.6622466464,0.0005790572,-0.1141075473,0.0087239165,-0.1024374366,0.0401022557,-0.0428366661,-0.0254603624,-0.0295190215,-0.0049801469,0.0295190215,0.0049801469,0.1024374366,0.0401022557
train:5077,0,-2.3415570259,-2.3421360831,0.0005790572,-0.0647580009,-0.0605577808,-0.0530878901,-0.0291794416,-0.0938456059,-0.0321400166,-0.0805279613,-0.0116598010,0.0805279613,0.0116598010,0.0530878901,0.0291794416
train:5079,0,1.8390477896,1.8384687323,0.0005790572,-0.0456610303,-0.0192704778,-0.0339909196,0.0121078614,0.1019383669,0.0047992468,0.1152560115,0.0252794623,0.1152560115,0.0252794623,0.0339909196,0.0121078614
train:5086,0,1.0908813477,1.0903022904,0.0005790572,0.2140179295,0.3264594097,0.2256880403,0.3578377489,0.1690132618,0.2633342147,0.1823309064,0.2838144302,0.1823309064,0.2838144302,0.2256880403,0.3578377489
train:5092,0,-0.2595558763,-0.2601349335,0.0005790572,-0.0452764909,-0.1456339564,-0.0336063802,-0.1142556172,-0.0655752122,-0.0555083752,-0.0522575676,-0.0350281596,0.0522575676,0.0350281596,0.0336063802,0.1142556172
train:5095,0,1.2667766809,1.2661976237,0.0005790572,0.0542125125,-0.0297707896,0.0658826232,0.0016075496,0.1146779060,0.0284501314,0.1279955506,0.0489303470,0.1279955506,0.0489303470,0.0658826232,0.0016075496
train:5099,0,-0.1054943651,-0.1060734223,0.0005790572,0.0980785359,0.0164935235,0.1097486466,0.0478718627,0.2340912372,-0.0121430010,0.2474088818,0.0083372146,0.2474088818,0.0083372146,0.1097486466,0.0478718627
train:5102,0,1.4492647648,1.4486857075,0.0005790572,-0.0378889423,0.0011932273,-0.0262188315,0.0325715665,-0.0312688351,0.0262520313,-0.0179511905,0.0467322469,0.0179511905,0.0467322469,0.0262188315,0.0325715665
train:5108,0,1.4131383896,1.4125593323,0.0005790572,0.0624297280,0.0536444802,0.0740998387,0.0850228194,0.0309996605,0.2477865219,0.0443173051,0.2682667375,0.0443173051,0.2682667375,0.0740998387,0.0850228194
train:5111,0,-0.1024359837,-0.1030150410,0.0005790572,0.1111571137,0.0156617780,0.1228272244,0.0470401172,-0.0310525671,0.0020452961,-0.0177349225,0.0225255117,0.0177349225,0.0225255117,0.1228272244,0.0470401172
train:5123,0,0.5267885327,0.5262094755,0.0005790572,0.0254390855,0.1656128485,0.0371091962,0.1969911877,0.1239104867,0.1515061855,0.1372281313,0.1719864011,0.1372281313,0.1719864011,0.0371091962,0.1969911877
train:5125,0,1.4980554581,1.4974764008,0.0005790572,0.1332308669,0.0637995620,0.1449009776,0.0951779012,0.0138596296,-0.0206935406,0.0271772742,-0.0002133250,0.0271772742,0.0002133250,0.1449009776,0.0951779012
train:5127,0,0.6684538126,0.6678747554,0.0005790572,0.0249828715,0.0034037251,0.0366529822,0.0347820643,-0.0210229158,0.1106549501,-0.0077052712,0.1311351657,0.0077052712,0.1311351657,0.0366529822,0.0347820643
train:5129,0,1.7619395256,1.7613604684,0.0005790572,-0.0110705476,-0.0797205549,0.0005995631,-0.0483422157,-0.0199947357,-0.0364589691,-0.0066770911,-0.0159787536,0.0066770911,0.0159787536,0.0005995631,0.0483422157
train:5135,0,-2.2848751545,-2.2854542117,0.0005790572,-0.1049935203,-0.0781525951,-0.0933234096,-0.0467742559,-0.0858018398,-0.0639190674,-0.0724841952,-0.0434388518,0.0724841952,0.0434388518,0.0933234096,0.0467742559
train:5140,0,1.4346628189,1.4340837617,0.0005790572,-0.1253526788,-0.1389389615,-0.1136825681,-0.1075606223,-0.1982760429,-0.1014609337,-0.1849583983,-0.0809807181,0.1849583983,0.0809807181,0.1136825681,0.1075606223
train:5145,0,1.8738875389,1.8733084817,0.0005790572,0.0248233695,0.0093957801,0.0364934802,0.0407741193,0.1237590313,0.0270779133,0.1370766759,0.0475581288,0.1370766759,0.0475581288,0.0364934802,0.0407741193
train:5147,0,2.1283676624,2.1277886052,0.0005790572,-0.1187598090,-0.0880839210,-0.1070896983,-0.0567055818,-0.0288786888,-0.0145552158,-0.0155610442,0.0059249997,0.0155610442,0.0059249997,0.1070896983,0.0567055818
train:5148,0,-0.5362696648,-0.5368487220,0.0005790572,-0.3160631042,-0.4395254757,-0.3043929935,-0.4081471365,-0.0850712359,-0.2876060009,-0.0717535913,-0.2671257854,0.0717535913,0.2671257854,0.3043929935,0.4081471365
train:5151,0,0.3492484987,0.3486694414,0.0005790572,-0.0960439425,0.1031046827,-0.0843738317,0.1344830219,0.0802726150,0.1621639580,0.0935902596,0.1826441735,0.0935902596,0.1826441735,0.0843738317,0.1344830219
train:5152,0,0.7105327249,0.7099536676,0.0005790572,-0.0086751561,-0.0351999383,0.0029949546,-0.0038215991,-0.0407145619,-0.0170724392,-0.0273969173,0.0034077764,0.0273969173,0.0034077764,0.0029949546,0.0038215991
train:5168,0,3.1456580162,3.1450789590,0.0005790572,0.0458140988,0.0087140221,0.0574842095,0.0400923613,0.1158714294,0.0068562031,0.1291890740,0.0273364186,0.1291890740,0.0273364186,0.0574842095,0.0400923613
train:5175,0,2.4340579510,2.4334788937,0.0005790572,0.0202792306,0.0902662892,0.0319493413,0.1216446284,0.1065495014,0.1097180843,0.1198671460,0.1301982999,0.1198671460,0.1301982999,0.0319493413,0.1216446284
train:5186,0,2.5619535446,2.5613744874,0.0005790572,-0.0532435756,-0.0608686786,-0.0415734649,-0.0294903394,0.0626208782,-0.0189275742,0.0759385228,0.0015526414,0.0759385228,0.0015526414,0.0415734649,0.0294903394
train:5190,0,-1.7783452272,-1.7789242845,0.0005790572,-0.0369499307,0.0473878999,-0.0252798200,0.0787662391,-0.0483956337,-0.0312896967,-0.0350779891,-0.0108094811,0.0350779891,0.0108094811,0.0252798200,0.0787662391
train:5197,0,2.3707313538,2.3701522965,0.0005790572,-0.0800074916,-0.0511111598,-0.0683373809,-0.0197328206,-0.1471207142,-0.1770532131,-0.1338030696,-0.1565729976,0.1338030696,0.1565729976,0.0683373809,0.0197328206
train:5198,0,-1.6996909380,-1.7002699952,0.0005790572,-0.3190575223,-0.2603149991,-0.3073874116,-0.2289366599,-0.1980906725,-0.2172664404,-0.1847730279,-0.1967862248,0.1847730279,0.1967862248,0.3073874116,0.2289366599
train:5199,0,2.0623767376,2.0617976804,0.0005790572,-0.0287889819,-0.0142886024,-0.0171188712,0.0170897368,-0.0188939571,0.0575306416,-0.0055763125,0.0780108571,0.0055763125,0.0780108571,0.0171188712,0.0170897368
train:5207,0,1.2315390110,1.2309599538,0.0005790572,-0.3132463079,-0.2817894798,-0.3015761971,-0.2504111406,-0.1737481356,-0.2214984894,-0.1604304910,-0.2010182738,0.1604304910,0.2010182738,0.3015761971,0.2504111406
train:5211,0,1.3150787354,1.3144996781,0.0005790572,0.0409135241,0.0931878705,0.0525836349,0.1245662097,0.0893446207,0.1550917625,0.1026622653,0.1755719781,0.1026622653,0.1755719781,0.0525836349,0.1245662097
train:5217,0,-0.8337205052,-0.8342995625,0.0005790572,-0.2252619248,-0.1572208386,-0.2135918140,-0.1258424994,-0.1915634274,-0.1398399472,-0.1782457829,-0.1193597317,0.1782457829,0.1193597317,0.2135918140,0.1258424994
train:5219,0,2.0263910294,2.0258119721,0.0005790572,-0.0302075725,-0.0088505130,-0.0185374618,0.0225278262,-0.0370252132,-0.0294597149,-0.0237075686,-0.0089794993,0.0237075686,0.0089794993,0.0185374618,0.0225278262
train:5220,0,1.8306653500,1.8300862927,0.0005790572,-0.0226107221,-0.0308995824,-0.0109406114,0.0004787568,-0.0196517706,-0.0269165039,-0.0063341260,-0.0064362884,0.0063341260,0.0064362884,0.0109406114,0.0004787568
train:5225,0,0.8447368741,0.8441578169,0.0005790572,0.0171499271,-0.0384033303,0.0288200378,-0.0070249911,0.0269960761,0.0235241652,0.0403137207,0.0440043807,0.0403137207,0.0440043807,0.0288200378,0.0070249911
train:5227,0,-2.0216212273,-2.0222002845,0.0005790572,0.0036173482,-0.0019361358,0.0152874589,0.0294422034,-0.0410799980,0.0785727501,-0.0277623534,0.0990529656,0.0277623534,0.0990529656,0.0152874589,0.0294422034
train:5230,0,-1.2911121845,-1.2916912418,0.0005790572,-0.3112026434,-0.4039264302,-0.2995325327,-0.3725480910,-0.1307060719,-0.1881113052,-0.1173884273,-0.1676310897,0.1173884273,0.1676310897,0.2995325327,0.3725480910
train:5232,0,0.4035717845,0.4029927273,0.0005790572,-0.0841126721,-0.2502308469,-0.0724425614,-0.2188525077,-0.0529194176,-0.1941267848,-0.0396017730,-0.1736465693,0.0396017730,0.1736465693,0.0724425614,0.2188525077
train:5234,0,-2.5414559841,-2.5420350414,0.0005790572,-0.1067346912,-0.1985029559,-0.0950645804,-0.1671246167,-0.2446818352,-0.0843999386,-0.2313641906,-0.0639197230,0.2313641906,0.0639197230,0.0950645804,0.1671246167
train:5246,0,2.2321956158,2.2316165585,0.0005790572,-0.0116922240,-0.0949804168,-0.0000221133,-0.0636020776,0.0064878464,0.1063392162,0.0198054910,0.1268194318,0.0198054910,0.1268194318,0.0000221133,0.0636020776
train:5250,0,-4.5695834160,-4.5701624732,0.0005790572,0.0974553246,0.1877425332,0.1091254354,0.2191208724,0.0286960602,0.0961813927,0.0420137048,0.1166616082,0.0420137048,0.1166616082,0.1091254354,0.2191208724
train:5265,0,-3.3617806435,-3.3623597007,0.0005790572,-0.1609362941,-0.2055239063,-0.1492661834,-0.1741455671,-0.2031571865,-0.2344946861,-0.1898395419,-0.2140144706,0.1898395419,0.2140144706,0.1492661834,0.1741455671
train:5268,0,-3.6945598125,-3.6951388698,0.0005790572,-0.0528275352,0.0969038625,-0.0411574244,0.1282822017,-0.2026240826,-0.0120227337,-0.1893064380,0.0084574819,0.1893064380,0.0084574819,0.0411574244,0.1282822017
train:5271,0,1.2555865049,1.2550074477,0.0005790572,0.1403015275,0.0192465205,0.1519716382,0.0506248597,0.0823804140,0.0442885160,0.0956980586,0.0647687316,0.0956980586,0.0647687316,0.1519716382,0.0506248597
train:5277,0,0.8702620268,0.8696829695,0.0005790572,-0.0394159537,0.0131885428,-0.0277458429,0.0445668820,0.0156522989,0.0394657254,0.0289699435,0.0599459410,0.0289699435,0.0599459410,0.0277458429,0.0445668820
train:5284,0,-2.8957004547,-2.8962795120,0.0005790572,-0.1374844890,-0.1865214687,-0.1258143783,-0.1551431295,-0.0856649876,-0.0639481544,-0.0723473430,-0.0434679389,0.0723473430,0.0434679389,0.1258143783,0.1551431295
train:5287,0,1.7562706470,1.7556915898,0.0005790572,-0.0286381822,0.0906299968,-0.0169680715,0.1220083360,-0.0975952148,-0.0213105679,-0.0842775702,-0.0008303523,0.0842775702,0.0008303523,0.0169680715,0.1220083360
train:5288,0,2.2890179157,2.2884388585,0.0005790572,0.0297897477,0.0210195203,0.0414598584,0.0523978595,0.0174884796,-0.0285813808,0.0308061242,-0.0081011653,0.0308061242,0.0081011653,0.0414598584,0.0523978595
train:5298,0,0.4324049056,0.4318258483,0.0005790572,-0.1076140087,-0.0615746062,-0.0959438980,-0.0301962670,-0.2386524379,-0.1556038558,-0.2253347933,-0.1351236403,0.2253347933,0.1351236403,0.0959438980,0.0301962670
train:5299,0,-3.0713891983,-3.0719682555,0.0005790572,-0.0740227084,-0.4874071460,-0.0623525977,-0.4560288068,-0.2649142742,0.0769639015,-0.2515966296,0.0974441171,0.2515966296,0.0974441171,0.0623525977,0.4560288068
train:5301,0,2.9765250683,2.9759460110,0.0005790572,-0.0472089629,-0.0528511386,-0.0355388522,-0.0214727994,-0.0096700191,0.0120530128,0.0036476254,0.0325332284,0.0036476254,0.0325332284,0.0355388522,0.0214727994
train:5306,0,0.7914967537,0.7909176965,0.0005790572,-0.1016033869,-0.0601258259,-0.0899332762,-0.0287474867,-0.0590467453,-0.0479164720,-0.0457291007,-0.0274362564,0.0457291007,0.0274362564,0.0899332762,0.0287474867
train:5309,0,0.6492789984,0.6486999411,0.0005790572,-0.0729092341,0.0579994936,-0.0612391233,0.0893778328,-0.0037513971,-0.0701126456,0.0095662475,-0.0496324301,0.0095662475,0.0496324301,0.0612391233,0.0893778328
train:5310,0,-0.2005959302,-0.2011749875,0.0005790572,-0.1802569683,-0.3733822834,-0.1685868576,-0.3420039442,-0.2975072339,-0.4167314023,-0.2841895893,-0.3962511867,0.2841895893,0.3962511867,0.1685868576,0.3420039442
train:5315,0,1.3119964600,1.3114174027,0.0005790572,-0.0493591409,-0.0104302745,-0.0376890302,0.0209480647,-0.0295541286,-0.0152702332,-0.0162364841,0.0052099824,0.0162364841,0.0052099824,0.0376890302,0.0209480647
train:5322,0,0.4328626096,0.4322835524,0.0005790572,-0.0493593197,-0.0217162352,-0.0376892090,0.0096621040,0.0272506177,-0.0620979667,0.0405682623,-0.0416177511,0.0405682623,0.0416177511,0.0376892090,0.0096621040
train:5338,0,0.2513994873,0.2508204300,0.0005790572,0.0598541815,0.0007888992,0.0715242922,0.0321672384,-0.0599444211,-0.0304789245,-0.0466267765,-0.0099987090,0.0466267765,0.0099987090,0.0715242922,0.0321672384
train:5339,0,2.5622575283,2.5616784711,0.0005790572,-0.0764378886,0.1354611535,-0.0647677779,0.1668394927,0.0596346855,0.0612819195,0.0729523301,0.0817621350,0.0729523301,0.0817621350,0.0647677779,0.1668394927
train:5341,0,0.1590780169,0.1584989596,0.0005790572,-0.1057376396,0.0327614118,-0.0940675288,0.0641397510,-0.0182967037,-0.0456970334,-0.0049790591,-0.0252168179,0.0049790591,0.0252168179,0.0940675288,0.0641397510
train:5342,0,1.6068360806,1.6062570233,0.0005790572,0.0341591258,-0.0384047609,0.0458292365,-0.0070264217,0.0555348396,0.0256733894,0.0688524842,0.0461536050,0.0688524842,0.0461536050,0.0458292365,0.0070264217
train:5347,0,-3.3232855797,-3.3238646369,0.0005790572,-0.0092083793,-0.0479342323,0.0024617314,-0.0165558931,-0.1598417759,-0.1573467255,-0.1465241313,-0.1368665099,0.1465241313,0.1368665099,0.0024617314,0.0165558931
train:5357,0,2.3148751259,2.3142960686,0.0005790572,-0.1562053542,-0.0153991561,-0.1445352435,0.0159791831,0.0582592487,0.0556566715,0.0715768933,0.0761368871,0.0715768933,0.0761368871,0.1445352435,0.0159791831
train:5380,0,2.1499879360,2.1494088788,0.0005790572,0.0005963464,0.0449693818,0.0122664571,0.0763477210,-0.0024547577,-0.0114538670,0.0108628869,0.0090263486,0.0108628869,0.0090263486,0.0122664571,0.0763477210
train:5382,0,1.5513294935,1.5507504363,0.0005790572,-0.0203408580,0.0046132226,-0.0086707473,0.0359915618,-0.0162851810,0.0597292185,-0.0029675364,0.0802094340,0.0029675364,0.0802094340,0.0086707473,0.0359915618
train:5384,0,-2.2204360962,-2.2210151534,0.0005790572,-0.0612816196,-0.0161623340,-0.0496115088,0.0152160052,-0.1073446274,-0.0626926422,-0.0940269828,-0.0422124267,0.0940269828,0.0422124267,0.0496115088,0.0152160052
train:5399,0,1.2281273603,1.2275483031,0.0005790572,-0.0887858253,-0.0675286632,-0.0771157146,-0.0361503240,0.0011744499,-0.0423287153,0.0144920945,-0.0218484998,0.0144920945,0.0218484998,0.0771157146,0.0361503240
train:5405,0,-0.7215682268,-0.7221472841,0.0005790572,-0.1048035007,-0.0982788186,-0.0931333899,-0.0669004794,-0.1605597734,-0.1687543392,-0.1472421288,-0.1482741237,0.1472421288,0.1482741237,0.0931333899,0.0669004794
train:5408,0,-2.9437849522,-2.9443640094,0.0005790572,-0.4712027889,-0.3763415199,-0.4595326781,-0.3449631807,-0.6051893234,-0.6181323528,-0.5918716788,-0.5976521373,0.5918716788,0.5976521373,0.4595326781,0.3449631807
train:5410,0,0.2532998025,0.2527207453,0.0005790572,0.0837700684,0.0904575158,0.0954401791,0.1218358550,0.0584051758,0.1174667925,0.0717228204,0.1379470080,0.0717228204,0.1379470080,0.0954401791,0.1218358550
train:5413,0,-0.1525100321,-0.1530890893,0.0005790572,0.1979216803,-0.0101381670,0.2095917910,0.0212401722,0.0958730429,0.0967812091,0.1091906875,0.1172614247,0.1091906875,0.1172614247,0.2095917910,0.0212401722
train:5415,0,0.9912883043,0.9907092471,0.0005790572,-0.0300418716,-0.0052317362,-0.0183717608,0.0261466030,-0.0773789883,0.0101107955,-0.0640613437,0.0305910110,0.0640613437,0.0305910110,0.0183717608,0.0261466030
train:5423,0,-0.0020227395,-0.0026017967,0.0005790572,-0.0626944620,-0.0164240841,-0.0510243513,0.0149542551,0.0099915303,-0.0465896390,0.0233091749,-0.0261094235,0.0233091749,0.0261094235,0.0510243513,0.0149542551
train:5425,0,1.0883891582,1.0878101010,0.0005790572,0.5508680959,0.6567537505,0.5625382066,0.6881320897,0.4998650551,0.5730829239,0.5131826997,0.5935631394,0.5131826997,0.5935631394,0.5625382066,0.6881320897
train:5430,0,0.3832180798,0.3826390226,0.0005790572,0.1006327588,0.0892597456,0.1123028696,0.1206380848,0.0328024328,0.0222634375,0.0461200774,0.0427436531,0.0461200774,0.0427436531,0.1123028696,0.1206380848
train:5435,0,-0.5569466949,-0.5575257521,0.0005790572,-0.0865815561,-0.0827274006,-0.0749114454,-0.0513490614,-0.0456989408,-0.0333469510,-0.0323812962,-0.0128667355,0.0323812962,0.0128667355,0.0749114454,0.0513490614
train:5437,0,-1.8275558949,-1.8281349521,0.0005790572,-0.1825554948,0.0185851474,-0.1708853841,0.0499634866,-0.0775501728,-0.0428254604,-0.0642325282,-0.0223452449,0.0642325282,0.0223452449,0.1708853841,0.0499634866
train:5440,0,-2.4041669369,-2.4047459941,0.0005790572,-0.0334388595,-0.0409676414,-0.0217687488,-0.0095893022,-0.1309614182,-0.0300834179,-0.1176437736,-0.0096032023,0.1176437736,0.0096032023,0.0217687488,0.0095893022
train:5444,-1,-1.3572701216,2.1077694070,-3.4650395286,-0.1873501170,-0.2285741198,-0.1756800063,-0.1971957806,-0.2688169479,-0.0146809816,-0.2554993033,0.0057992339,0.2554993033,0.0057992339,0.1756800063,0.1971957806
train:5450,0,-1.6769505739,-1.6775296312,0.0005790572,-0.1927308421,-0.1139898877,-0.1810607314,-0.0826115485,0.0018920898,0.1442729235,0.0152097344,0.1647531390,0.0152097344,0.1647531390,0.1810607314,0.0826115485
train:5454,0,1.9973921776,1.9968131203,0.0005790572,-0.0705201011,-0.0922738891,-0.0588499904,-0.0608955499,0.0175578594,-0.0678269863,0.0308755040,-0.0473467708,0.0308755040,0.0473467708,0.0588499904,0.0608955499
train:5458,0,2.0805423260,2.0799632687,0.0005790572,0.1669331212,0.0083778519,0.1786032319,0.0397561911,0.1334457397,-0.0369079113,0.1467633843,-0.0164276958,0.1467633843,0.0164276958,0.1786032319,0.0397561911
train:5466,0,-2.1595151424,-2.1600941997,0.0005790572,0.0753622670,0.0692461152,0.0870323777,0.1006244544,-0.0371074677,0.1949858665,-0.0237898231,0.2154660821,0.0237898231,0.2154660821,0.0870323777,0.1006244544
train:5468,0,1.8568780422,1.8562989850,0.0005790572,0.0751034636,0.0976497550,0.0867735744,0.1290280942,0.1216611862,0.1370961666,0.1349788308,0.1575763822,0.1349788308,0.1575763822,0.0867735744,0.1290280942
train:5474,0,0.8115910888,0.8110120315,0.0005790572,-0.0618577581,-0.0112635474,-0.0501876473,0.0201147918,0.0175067782,0.0290526748,0.0308244228,0.0495328903,0.0308244228,0.0495328903,0.0501876473,0.0201147918
train:5479,0,2.4728789330,2.4722998757,0.0005790572,-0.1379854064,-0.1837128978,-0.1263152957,-0.1523345586,-0.1571590900,-0.1298427582,-0.1438414454,-0.1093625426,0.1438414454,0.1093625426,0.1263152957,0.1523345586
train:5485,0,1.8815201521,1.8809410949,0.0005790572,-0.0587002616,0.0098053832,-0.0470301509,0.0411837224,0.0097472668,-0.0300933123,0.0230649114,-0.0096130967,0.0230649114,0.0096130967,0.0470301509,0.0411837224
train:5488,0,1.5484976768,1.5479186196,0.0005790572,0.0311636348,0.0226084609,0.0428337455,0.0539868001,0.0092699528,-0.0335123539,0.0225875974,-0.0130321383,0.0225875974,0.0130321383,0.0428337455,0.0539868001
train:5490,0,-0.1673613638,-0.1679404210,0.0005790572,-0.1440503206,-0.1026470121,-0.1323802099,-0.0712686729,-0.0306612998,-0.0473872423,-0.0173436552,-0.0269070268,0.0173436552,0.0269070268,0.1323802099,0.0712686729
train:5502,0,1.6820427179,1.6814636607,0.0005790572,-0.0112447124,-0.0058923345,0.0004253983,0.0254860047,-0.0002425909,-0.0059040785,0.0130750537,0.0145761371,0.0130750537,0.0145761371,0.0004253983,0.0254860047
train:5507,0,1.6263787746,1.6257997174,0.0005790572,-0.0584569555,-0.0001237970,-0.0467868447,0.0312545422,-0.0085542202,-0.0381126404,0.0047634244,-0.0176324248,0.0047634244,0.0176324248,0.0467868447,0.0312545422
train:5508,0,0.9496527314,0.9490736742,0.0005790572,-0.1073406916,-0.0904804449,-0.0956705809,-0.0591021057,-0.0630243421,-0.1224085689,-0.0497066975,-0.1019283533,0.0497066975,0.1019283533,0.0956705809,0.0591021057
train:5511,0,1.8597835302,1.8592044730,0.0005790572,-0.0379325729,-0.0888943057,-0.0262624621,-0.0575159665,-0.0167766809,-0.0861307383,-0.0034590364,-0.0656505227,0.0034590364,0.0656505227,0.0262624621,0.0575159665
train:5512,0,-3.8064017296,-3.8069807868,0.0005790572,0.0457871575,-0.0690178256,0.0574572682,-0.0376394864,-0.1719801426,-0.0147666931,-0.1586624980,0.0057135224,0.1586624980,0.0057135224,0.0574572682,0.0376394864
train:5521,0,1.0164231062,1.0158440490,0.0005790572,-0.0729476791,-0.0621522050,-0.0612775683,-0.0307738658,-0.0151811838,-0.1509026289,-0.0018635392,-0.1304224133,0.0018635392,0.1304224133,0.0612775683,0.0307738658
train:5541,-1,-10.2190876007,-6.7540480721,-3.4650395286,0.3471067321,-0.1294605363,0.3587768428,-0.0980821971,0.0556325912,0.1068506241,0.0689502358,0.1273308396,0.0689502358,0.1273308396,0.3587768428,0.0980821971
train:5550,0,-0.5110106468,-0.5115897041,0.0005790572,-0.0126197617,0.0397433657,-0.0009496510,0.0711217049,-0.0210551918,0.0430780053,-0.0077375472,0.0635582209,0.0077375472,0.0635582209,0.0009496510,0.0711217049
train:5551,-1,-3.7219991684,-0.2569596398,-3.4650395286,-0.1915617141,-0.1434795711,-0.1798916034,-0.1121012319,-0.3036262989,-0.1858150959,-0.2903086543,-0.1653348804,0.2903086543,0.1653348804,0.1798916034,0.1121012319
train:5552,0,2.2499105930,2.2493315358,0.0005790572,-0.0264884811,-0.0083865504,-0.0148183703,0.0229917888,-0.0013594627,-0.0192310810,0.0119581819,0.0012491345,0.0119581819,0.0012491345,0.0148183703,0.0229917888
train:5553,0,1.0064451694,1.0058661122,0.0005790572,0.0113397856,-0.0325538497,0.0230098963,-0.0011755105,-0.0714590549,-0.1818454266,-0.0581414104,-0.1613652110,0.0581414104,0.1613652110,0.0230098963,0.0011755105
train:5561,0,1.7088580132,1.7082789559,0.0005790572,0.1053082366,0.0443965812,0.1169783473,0.0757749204,0.0420225859,0.1034991741,0.0553402305,0.1239793897,0.0553402305,0.1239793897,0.1169783473,0.0757749204
train:5562,-1,-4.7047929764,-1.2397534478,-3.4650395286,-0.0774656165,-0.1159985888,-0.0657955058,-0.0846202496,0.0440139771,0.0118188858,0.0573316216,0.0322991014,0.0573316216,0.0322991014,0.0657955058,0.0846202496
train:5573,0,0.0447142944,0.0441352371,0.0005790572,-0.1203623470,-0.1907435115,-0.1086922362,-0.1593651723,-0.1891386434,-0.2103253379,-0.1758209988,-0.1898451224,0.1758209988,0.1898451224,0.1086922362,0.1593651723
train:5574,0,-3.1894378662,-3.1900169235,0.0005790572,0.1051862855,0.1324360986,0.1168563962,0.1638144378,-0.0101392269,0.0051484108,0.0031784177,0.0256286263,0.0031784177,0.0256286263,0.1168563962,0.1638144378
train:5575,0,-0.3415513039,-0.3421303611,0.0005790572,-0.0477499347,0.2531657238,-0.0360798240,0.2845440630,0.0504092574,-0.0218411088,0.0637269020,-0.0013608932,0.0637269020,0.0013608932,0.0360798240,0.2845440630
train:5577,0,-0.4716855884,-0.4722646456,0.0005790572,0.0725045223,0.2585088629,0.0841746330,0.2898872022,0.2404492497,0.1839693785,0.2537668943,0.2044495940,0.2537668943,0.2044495940,0.0841746330,0.2898872022
train:5587,0,-2.3730959892,-2.3736750465,0.0005790572,-0.1642302852,-0.2590917926,-0.1525601745,-0.2277134534,-0.0134284496,0.0124497414,-0.0001108050,0.0329299569,0.0001108050,0.0329299569,0.1525601745,0.2277134534
train:5588,0,-1.3789719343,-1.3795509916,0.0005790572,-0.1034511905,-0.0302929263,-0.0917810798,0.0010854129,0.1253052950,-0.0871695280,0.1386229396,-0.0666893125,0.1386229396,0.0666893125,0.0917810798,0.0010854129
train:5590,0,1.2065424919,1.2059634347,0.0005790572,0.0679959674,0.0620123763,0.0796660781,0.0933907155,0.0553342104,0.3049209714,0.0686518550,0.3254011869,0.0686518550,0.3254011869,0.0796660781,0.0933907155
train:5592,0,-0.2729912102,-0.2735702675,0.0005790572,0.0140900631,-0.0055495482,0.0257601738,0.0258287910,-0.0046560168,0.0589238107,0.0086616278,0.0794040263,0.0086616278,0.0794040263,0.0257601738,0.0258287910
train:5599,0,-3.5278017521,-3.5283808093,0.0005790572,-0.0675160270,-0.1763460021,-0.0558459163,-0.1449676629,-0.1625826359,-0.1120932102,-0.1492649913,-0.0916129947,0.1492649913,0.0916129947,0.0558459163,0.1449676629
train:5605,0,-5.0400109291,-5.0405899863,0.0005790572,-0.1402160506,-0.2674452644,-0.1285459399,-0.2360669252,-0.0542387962,-0.5151920319,-0.0409211516,-0.4947118163,0.0409211516,0.4947118163,0.1285459399,0.2360669252
train:5610,0,-0.3525685966,-0.3531476538,0.0005790572,-0.0290850382,-0.0579424780,-0.0174149275,-0.0265641388,-0.0097087026,-0.0509549379,0.0036089420,-0.0304747224,0.0036089420,0.0304747224,0.0174149275,0.0265641388
train:5614,-1,-7.8557519913,-4.3907124627,-3.4650395286,-0.1556570161,-0.2217428315,-0.1439869053,-0.1903644923,-0.2947292328,0.0617151260,-0.2814115882,0.0821953416,0.2814115882,0.0821953416,0.1439869053,0.1903644923
train:5618,0,-4.0820384026,-4.0826174598,0.0005790572,-0.0605022292,-0.0297347884,-0.0488321185,0.0016435508,0.0423684120,-0.1341252327,0.0556860566,-0.1136450171,0.0556860566,0.1136450171,0.0488321185,0.0016435508
train:5623,0,1.0982698202,1.0976907630,0.0005790572,-0.0172575097,-0.0106269698,-0.0055873990,0.0207513694,-0.0466598272,-0.0451215506,-0.0333421826,-0.0246413350,0.0333421826,0.0246413350,0.0055873990,0.0207513694
train:5624,0,-2.4632205963,-2.4637996536,0.0005790572,-0.0774983745,-0.0394760947,-0.0658282638,-0.0080977555,-0.0684201717,0.0947942734,-0.0551025271,0.1152744889,0.0551025271,0.1152744889,0.0658282638,0.0080977555
train:5626,0,0.5863673687,0.5857883115,0.0005790572,0.1406778712,0.0063633342,0.1523479819,0.0377416734,0.2824278474,0.2214272320,0.2957454920,0.2419074476,0.2957454920,0.2419074476,0.1523479819,0.0377416734
train:5631,0,0.4718386829,0.4712596257,0.0005790572,0.0338822324,0.0592636783,0.0455523431,0.0906420175,0.0165066123,0.0734160542,0.0298242569,0.0938962698,0.0298242569,0.0938962698,0.0455523431,0.0906420175
train:5646,0,-0.6466065049,-0.6471855622,0.0005790572,-0.1157100778,-0.0455276351,-0.1040399671,-0.0141492959,-0.1331692338,-0.0288066864,-0.1198515892,-0.0083264709,0.1198515892,0.0083264709,0.1040399671,0.0141492959
train:5660,0,-1.1555750370,-1.1561540942,0.0005790572,-0.0886202436,-0.0549371820,-0.0769501328,-0.0235588428,-0.1058495045,-0.1104273796,-0.0925318599,-0.0899471641,0.0925318599,0.0899471641,0.0769501328,0.0235588428
train:5663,0,-0.1140840128,-0.1146630700,0.0005790572,0.0911318604,-0.0108688604,0.1028019711,0.0205094788,-0.2733857110,-0.0678224638,-0.2600680664,-0.0473422483,0.2600680664,0.0473422483,0.1028019711,0.0205094788
train:5667,0,-2.3164033890,-2.3169824462,0.0005790572,-0.6802973132,-0.8506829124,-0.6686272025,-0.8193045732,-0.6713128090,-0.6523187160,-0.6579951644,-0.6318385005,0.6579951644,0.6318385005,0.6686272025,0.8193045732
train:5668,0,-0.7353261709,-0.7359052282,0.0005790572,0.1787002105,-0.1000136118,0.1903703213,-0.0686352726,-0.0692238808,0.0040262938,-0.0559062362,0.0245065093,0.0559062362,0.0245065093,0.1903703213,0.0686352726
train:5689,0,0.3875781000,0.3869990427,0.0005790572,-0.1013703327,-0.1000061314,-0.0897002220,-0.0686277922,-0.0409722328,-0.0830194652,-0.0276545882,-0.0625392497,0.0276545882,0.0625392497,0.0897002220,0.0686277922
train:5690,0,-2.2723548412,-2.2729338985,0.0005790572,0.0370720048,-0.0635198932,0.0487421155,-0.0321415540,-0.0070323944,-0.0812926292,0.0062852502,-0.0608124137,0.0062852502,0.0608124137,0.0487421155,0.0321415540
train:5695,0,-2.3771262169,-2.3777052741,0.0005790572,0.2077375073,0.0335083623,0.2194076180,0.0648867015,0.0021395683,0.0085906982,0.0154572129,0.0290709138,0.0154572129,0.0290709138,0.2194076180,0.0648867015
train:5701,0,0.4764672816,0.4758882243,0.0005790572,-0.0866945665,0.0077468176,-0.0750244558,0.0391251568,-0.0549800098,0.0272277594,-0.0416623652,0.0477079749,0.0416623652,0.0477079749,0.0750244558,0.0391251568
train:5718,0,0.9968644381,0.9962853808,0.0005790572,0.0380373020,-0.0296817403,0.0497074127,0.0016965989,0.1196559668,0.1564462185,0.1329736114,0.1769264340,0.1329736114,0.1769264340,0.0497074127,0.0016965989
train:5719,0,-0.5584378242,-0.5590168815,0.0005790572,-0.4281389396,-0.1932992618,-0.4164688289,-0.1619209226,-0.4051784575,-0.1538040042,-0.3918608129,-0.1333237886,0.3918608129,0.1333237886,0.4164688289,0.1619209226
train:5722,0,0.0599786229,0.0593995657,0.0005790572,0.0086391103,0.0187086445,0.0203092210,0.0500869837,-0.0119293444,0.0453414358,0.0013883002,0.0658216514,0.0013883002,0.0658216514,0.0203092210,0.0500869837
train:5723,0,1.3502631187,1.3496840615,0.0005790572,-0.0627486091,-0.0214233976,-0.0510784984,0.0099549416,-0.0348882675,0.0312988758,-0.0215706229,0.0517790914,0.0215706229,0.0517790914,0.0510784984,0.0099549416
train:5724,0,1.7724853754,1.7719063182,0.0005790572,0.0085645337,0.0645706076,0.0202346444,0.0959489468,0.0201452971,0.0790640116,0.0334629416,0.0995442271,0.0334629416,0.0995442271,0.0202346444,0.0959489468
train:5725,-1,-4.8012285233,-1.3361889947,-3.4650395286,-0.0664256442,-0.0023765195,-0.0547555335,0.0290018197,-0.0014472008,-0.0228562355,0.0118704438,-0.0023760200,0.0118704438,0.0023760200,0.0547555335,0.0290018197
train:5729,0,0.2540765703,0.2534975130,0.0005790572,-0.0525839906,-0.1210578363,-0.0409138799,-0.0896794971,0.0171145201,-0.0559563339,0.0304321647,-0.0354761183,0.0304321647,0.0354761183,0.0409138799,0.0896794971
train:5730,0,0.8820347786,0.8814557214,0.0005790572,0.0329843182,0.0369364638,0.0446544290,0.0683148030,-0.0234458447,-0.0090754628,-0.0101282001,0.0114047527,0.0101282001,0.0114047527,0.0446544290,0.0683148030
train:5731,0,-0.0170430783,-0.0176221356,0.0005790572,0.1303615645,0.0203353018,0.1420316752,0.0517136410,0.2345095929,-0.0271431599,0.2478272375,-0.0066629443,0.2478272375,0.0066629443,0.1420316752,0.0517136410
train:5737,0,0.4195653796,0.4189863224,0.0005790572,0.0302423854,-0.0010203104,0.0419124961,0.0303580288,0.0453931093,-0.0028434992,0.0587107539,0.0176367164,0.0587107539,0.0176367164,0.0419124961,0.0303580288
train:5738,0,-2.4476847649,-2.4482638221,0.0005790572,-0.0370888095,-0.2657343726,-0.0254186988,-0.2343560334,-0.1961236000,-0.2533731461,-0.1828059554,-0.2328929305,0.1828059554,0.2328929305,0.0254186988,0.2343560334
train:5746,0,-5.1483125687,-5.1488916259,0.0005790572,0.3534248490,0.1409285683,0.3650949597,0.1723069075,0.0279059410,0.4015793800,0.0412235856,0.4220595956,0.0412235856,0.4220595956,0.3650949597,0.1723069075
train:5754,0,1.6695224047,1.6689433474,0.0005790572,0.0299087186,0.0524565596,0.0415788293,0.0838348988,0.0778077841,0.0444563627,0.0911254287,0.0649365783,0.0911254287,0.0649365783,0.0415788293,0.0838348988
train:5763,0,1.3550820351,1.3545029778,0.0005790572,-0.0177262407,-0.0605419259,-0.0060561299,-0.0291635867,0.0085334778,-0.0878241062,0.0218511224,-0.0673438907,0.0218511224,0.0673438907,0.0060561299,0.0291635867
train:5764,0,2.3122582436,2.3116791863,0.0005790572,0.0250197072,0.0320654530,0.0366898179,0.0634437922,0.1045200825,-0.0702795982,0.1178377271,-0.0497993827,0.1178377271,0.0497993827,0.0366898179,0.0634437922
train:5781,0,1.4077546597,1.4071756024,0.0005790572,0.0003518481,0.0102732796,0.0120219588,0.0416516188,0.0756196976,0.0814046860,0.0889373422,0.1018849015,0.0889373422,0.1018849015,0.0120219588,0.0416516188
train:5783,0,0.0425143912,0.0419353340,0.0005790572,0.0950752963,0.1348670591,0.1067454070,0.1662453983,0.0205338374,0.1111415103,0.0338514820,0.1316217259,0.0338514820,0.1316217259,0.1067454070,0.1662453983
train:5785,0,1.8224710226,1.8218919654,0.0005790572,-0.0476519447,-0.0165820699,-0.0359818339,0.0147962693,-0.0248628855,-0.0786098242,-0.0115452409,-0.0581296086,0.0115452409,0.0581296086,0.0359818339,0.0147962693
train:5792,0,1.6780669689,1.6774879117,0.0005790572,0.0505147595,0.0781539101,0.0621848702,0.1095322493,0.0379761457,0.0052716732,0.0512937903,0.0257518888,0.0512937903,0.0257518888,0.0621848702,0.1095322493
train:5799,0,1.6025809050,1.6020018477,0.0005790572,-0.2255844455,-0.1799364667,-0.2139143348,-0.1485581275,-0.1981452703,-0.2299319506,-0.1848276258,-0.2094517350,0.1848276258,0.2094517350,0.2139143348,0.1485581275
train:5801,0,-0.8450064659,-0.8455855232,0.0005790572,-0.0760694127,-0.3320402484,-0.0643993020,-0.3006619092,-0.1919083595,-0.0942837596,-0.1785907149,-0.0738035440,0.1785907149,0.0738035440,0.0643993020,0.3006619092
train:5809,0,-1.4128721952,-1.4134512525,0.0005790572,-0.1798986774,-0.1258434634,-0.1682285666,-0.0944651242,-0.3053429127,-0.0208908319,-0.2920252681,-0.0004106164,0.2920252681,0.0004106164,0.1682285666,0.0944651242
train:5816,0,-5.2877368927,-5.2883159499,0.0005790572,-0.6681882720,-0.8392230849,-0.6565181613,-0.8078447457,-0.6533021927,-0.5087990761,-0.6399845481,-0.4883188605,0.6399845481,0.4883188605,0.6565181613,0.8078447457
train:5818,0,-1.5078365803,-1.5084156375,0.0005790572,-0.0629113298,-0.0865282397,-0.0512412190,-0.0551499005,-0.2362947464,-0.2237331867,-0.2229771018,-0.2032529712,0.2229771018,0.2032529712,0.0512412190,0.0551499005
train:5830,0,-0.7492036819,-0.7497827392,0.0005790572,0.0078309197,-0.0694003682,0.0195010304,-0.0380220290,-0.2709440291,-0.2024628520,-0.2576263845,-0.1819826365,0.2576263845,0.1819826365,0.0195010304,0.0380220290
train:5836,0,-0.0292008296,-0.0297798868,0.0005790572,-0.0191248934,-0.0942340996,-0.0074547827,-0.0628557604,-0.0603514090,-0.0828630552,-0.0470337644,-0.0623828396,0.0470337644,0.0623828396,0.0074547827,0.0628557604
train:5837,0,-1.2132142782,-1.2137933355,0.0005790572,-0.3367885332,-0.2240427714,-0.3251184225,-0.1926644322,-0.2615127563,-0.2963815331,-0.2481951118,-0.2759013176,0.2481951118,0.2759013176,0.3251184225,0.1926644322
train:5847,-1,-4.8465933800,-1.3815538514,-3.4650395286,-0.3896007765,-0.5223170150,-0.3779306657,-0.4909386758,-0.3263778687,0.0924267769,-0.3130602241,0.1129069924,0.3130602241,0.1129069924,0.3779306657,0.4909386758
train:5850,0,-1.7340505123,-1.7346295696,0.0005790572,-0.0623052697,-0.1802098136,-0.0506351590,-0.1488314744,-0.1596112251,-0.2182385921,-0.1462935805,-0.1977583766,0.1462935805,0.1977583766,0.0506351590,0.1488314744
train:5855,0,-0.3461019993,-0.3466810565,0.0005790572,0.0134268124,-0.0137878340,0.0250969231,0.0175905052,-0.0189215243,0.0917233825,-0.0056038797,0.1122035980,0.0056038797,0.1122035980,0.0250969231,0.0175905052
train:5856,0,0.0507690273,0.0501899701,0.0005790572,-0.0666440967,-0.0976775307,-0.0549739860,-0.0662991915,-0.1479526646,-0.1902333535,-0.1346350200,-0.1697531380,0.1346350200,0.1697531380,0.0549739860,0.0662991915
train:5865,0,1.7348935604,1.7343145032,0.0005790572,0.0357427020,-0.0047801118,0.0474128127,0.0265982274,-0.0382498503,-0.0085446835,-0.0249322057,0.0119355321,0.0249322057,0.0119355321,0.0474128127,0.0265982274
train:5871,0,0.4284516573,0.4278726001,0.0005790572,-0.0941795688,-0.3686846476,-0.0825094581,-0.3373063084,-0.2904791832,-0.2911159396,-0.2771615386,-0.2706357241,0.2771615386,0.2706357241,0.0825094581,0.3373063084
train:5872,-1,-2.1487164497,1.3163230788,-3.4650395286,-0.0224697221,0.0270009410,-0.0107996113,0.0583792802,-0.2053291798,-0.0068662167,-0.1920115352,0.0136139989,0.1920115352,0.0136139989,0.0107996113,0.0583792802
train:5875,0,1.6129781008,1.6123990435,0.0005790572,-0.0230934005,0.0181525368,-0.0114232898,0.0495308760,-0.0519915819,-0.0302053690,-0.0386739373,-0.0097251534,0.0386739373,0.0097251534,0.0114232898,0.0495308760
train:5876,0,1.3625351191,1.3619560618,0.0005790572,0.0173319001,-0.0712916236,0.0290020108,-0.0399132844,-0.0592522621,-0.0279997587,-0.0459346175,-0.0075195432,0.0459346175,0.0075195432,0.0290020108,0.0399132844
train:5879,0,-0.5891460180,-0.5897250753,0.0005790572,-0.0238955002,-0.0330201965,-0.0122253895,-0.0016418573,-0.1726136208,-0.0250182748,-0.1592959762,-0.0045380592,0.1592959762,0.0045380592,0.0122253895,0.0016418573
train:5880,0,-1.0817006826,-1.0822797399,0.0005790572,-0.4478582125,-0.4454486947,-0.4361881018,-0.4140703555,-0.4296407700,-0.6415281892,-0.4163231254,-0.6210479736,0.4163231254,0.6210479736,0.4361881018,0.4140703555
train:5882,0,-1.5148485899,-1.5154276471,0.0005790572,-0.1478398423,-0.1701524835,-0.1361697316,-0.1387741443,-0.0969585180,-0.1226109266,-0.0836408734,-0.1021307111,0.0836408734,0.1021307111,0.1361697316,0.1387741443
train:5884,0,2.0225658417,2.0219867844,0.0005790572,-0.2015137058,-0.1855320316,-0.1898435950,-0.1541536924,-0.3323972225,-0.0962905884,-0.3190795779,-0.0758103728,0.3190795779,0.0758103728,0.1898435950,0.1541536924
train:5891,0,1.3935099840,1.3929309268,0.0005790572,-0.0433921199,-0.1021558624,-0.0317220092,-0.0707775232,0.0140688419,-0.0191634893,0.0273864865,0.0013167262,0.0273864865,0.0013167262,0.0317220092,0.0707775232
train:5892,0,1.5757135153,1.5751344580,0.0005790572,0.0495160241,-0.0366364103,0.0611861348,-0.0052580711,-0.0644469261,-0.0014032125,-0.0511292815,0.0190770030,0.0511292815,0.0190770030,0.0611861348,0.0052580711
train:5894,0,-0.6937506795,-0.6943297367,0.0005790572,-0.0089897495,-0.0256591420,0.0026803613,0.0057191972,0.0829277635,0.0461884737,0.0962454081,0.0666686893,0.0962454081,0.0666686893,0.0026803613,0.0057191972
train:5895,0,-3.1392793655,-3.1398584228,0.0005790572,0.0443564076,-0.0054847579,0.0560265183,0.0258935813,0.1658627987,0.1899557114,0.1791804433,0.2104359269,0.1791804433,0.2104359269,0.0560265183,0.0258935813
train:5896,0,-1.6019061804,-1.6024852376,0.0005790572,0.1258421559,0.0643528123,0.1375122666,0.0957311515,-0.0030385256,0.0224806070,0.0102791190,0.0429608226,0.0102791190,0.0429608226,0.1375122666,0.0957311515
train:5897,0,1.0382062197,1.0376271624,0.0005790572,0.0781692881,0.1328346748,0.0898393989,0.1642130140,0.0697516203,0.0788414478,0.0830692649,0.0993216634,0.0830692649,0.0993216634,0.0898393989,0.1642130140
train:5905,0,1.2822592258,1.2816801686,0.0005790572,0.0318288226,0.0463019032,0.0434989333,0.0776802424,-0.0233149529,-0.0007762909,-0.0099973083,0.0197039247,0.0099973083,0.0197039247,0.0434989333,0.0776802424
train:5907,0,0.8305134773,0.8299344201,0.0005790572,-0.0145289879,-0.1131724696,-0.0028588772,-0.0817941304,-0.0645886660,-0.1282463074,-0.0512710214,-0.1077660918,0.0512710214,0.1077660918,0.0028588772,0.0817941304
train:5920,0,-0.0233523306,-0.0239313878,0.0005790572,-0.1345295124,-0.1321663074,-0.1228594016,-0.1007879682,-0.0857850891,0.0926382188,-0.0724674445,0.1131184343,0.0724674445,0.1131184343,0.1228594016,0.1007879682
train:5927,0,-1.5742166042,-1.5747956615,0.0005790572,-0.0339582544,-0.0966170411,-0.0222881436,-0.0652387019,-0.0690963268,-0.0687937737,-0.0557786822,-0.0483135581,0.0557786822,0.0483135581,0.0222881436,0.0652387019
train:5928,0,0.2965101004,0.2959310431,0.0005790572,-0.0865446310,-0.0666014831,-0.0748745203,-0.0352231439,-0.0934534073,-0.0893475413,-0.0801357627,-0.0688673258,0.0801357627,0.0688673258,0.0748745203,0.0352231439
train:5935,0,1.5023109913,1.5017319340,0.0005790572,0.0382041354,-0.0495712142,0.0498742461,-0.0181928750,-0.0630836487,0.0303573608,-0.0497660041,0.0508375764,0.0497660041,0.0508375764,0.0498742461,0.0181928750
train:5936,0,1.9433616400,1.9427825827,0.0005790572,-0.0358044486,-0.1647644620,-0.0241343379,-0.1333861228,0.0304375887,-0.1196314096,0.0437552333,-0.0991511941,0.0437552333,0.0991511941,0.0241343379,0.1333861228
train:5942,0,-0.5328915119,-0.5334705692,0.0005790572,0.1901651640,0.0767956395,0.2018352747,0.1081739787,0.0965887308,-0.0558545589,0.1099063754,-0.0353743434,0.1099063754,0.0353743434,0.2018352747,0.1081739787
train:5947,0,2.4857230186,2.4851439614,0.0005790572,0.0026467461,-0.0077592712,0.0143168569,0.0236190680,-0.0745286942,-0.0937249660,-0.0612110496,-0.0732447505,0.0612110496,0.0732447505,0.0143168569,0.0236190680
train:5958,0,1.4247347116,1.4241556544,0.0005790572,-0.0340713840,0.0006677527,-0.0224012733,0.0320460919,-0.0691336393,-0.0195189714,-0.0558159947,0.0009612441,0.0558159947,0.0009612441,0.0224012733,0.0320460919
train:5959,0,2.1287784576,2.1281994004,0.0005790572,0.1022246499,0.0257771630,0.1138947606,0.0571555022,0.0282437801,0.0462048054,0.0415614247,0.0666850209,0.0415614247,0.0666850209,0.1138947606,0.0571555022
train:5961,0,-0.6814989448,-0.6820780020,0.0005790572,-0.0285493713,-0.1091863494,-0.0168792605,-0.0778080102,0.0011324286,-0.0692164898,0.0144500732,-0.0487362742,0.0144500732,0.0487362742,0.0168792605,0.0778080102
train:5962,0,-0.9989955425,-0.9995745998,0.0005790572,0.1391125340,0.0795181412,0.1507826447,0.1108964804,0.0958530903,0.0880806446,0.1091707349,0.1085608602,0.1091707349,0.1085608602,0.1507826447,0.1108964804
train:5970,0,-0.3979109228,-0.3984899800,0.0005790572,0.2209447939,-0.0395732205,0.2326149046,-0.0081948813,0.1427454054,0.1195130646,0.1560630500,0.1399932802,0.1560630500,0.1399932802,0.2326149046,0.0081948813
train:5973,0,-0.1625669003,-0.1631459575,0.0005790572,-0.2023011353,-0.2550894823,-0.1906310245,-0.2237111431,-0.4835860431,-0.5678385198,-0.4702683985,-0.5473583043,0.4702683985,0.5473583043,0.1906310245,0.2237111431
train:5975,0,-1.7181138992,-1.7186929565,0.0005790572,-0.0515673738,-0.0887835603,-0.0398972631,-0.0574052211,-0.0564155579,0.0135540962,-0.0430979133,0.0340343118,0.0430979133,0.0340343118,0.0398972631,0.0574052211
train:5978,0,1.4726771116,1.4720980544,0.0005790572,-0.0308853965,-0.0307515245,-0.0192152858,0.0006268147,0.0010204315,-0.0456682444,0.0143380761,-0.0251880288,0.0143380761,0.0251880288,0.0192152858,0.0006268147
train:5979,0,1.0585622787,1.0579832215,0.0005790572,-0.0756091457,-0.0596765857,-0.0639390349,-0.0282982465,0.0501321554,-0.0404729843,0.0634498000,-0.0199927688,0.0634498000,0.0199927688,0.0639390349,0.0282982465
train:5983,0,-2.1209902763,-2.1215693336,0.0005790572,0.2669053693,0.1280365605,0.2785754800,0.1594148997,-0.0080044270,-0.0638954639,0.0053132176,-0.0434152484,0.0053132176,0.0434152484,0.2785754800,0.1594148997
train:5984,0,1.3059362173,1.3053571601,0.0005790572,0.0026624818,0.0070350785,0.0143325925,0.0384134177,0.0334281921,-0.1178611517,0.0467458367,-0.0973809361,0.0467458367,0.0973809361,0.0143325925,0.0384134177
train:5990,0,0.6789302230,0.6783511657,0.0005790572,0.0419634599,-0.1270461660,0.0536335707,-0.0956678268,0.1329264045,0.0583860874,0.1462440491,0.0788663030,0.1462440491,0.0788663030,0.0536335707,0.0956678268
train:5992,0,0.6019248962,0.6013458390,0.0005790572,0.1020344217,0.0916243214,0.1137045324,0.1230026606,0.0867289305,0.0541080236,0.1000465751,0.0745882392,0.1000465751,0.0745882392,0.1137045324,0.1230026606
train:5993,0,1.5021170378,1.5015379805,0.0005790572,-0.0123973470,0.0270630736,-0.0007272363,0.0584414128,0.0643640757,0.0193990469,0.0776817203,0.0398792624,0.0776817203,0.0398792624,0.0007272363,0.0584414128
train:5996,0,-1.4937083721,-1.4942874294,0.0005790572,-0.0840476136,-0.0641977172,-0.0723775029,-0.0328193780,-0.1426321268,-0.1765973568,-0.1293144822,-0.1561171412,0.1293144822,0.1561171412,0.0723775029,0.0328193780
train:6004,0,-0.9192211628,-0.9198002200,0.0005790572,-0.2440708857,-0.0751853566,-0.2324007750,-0.0438070174,-0.3105027676,0.1713366508,-0.2971851230,0.1918168664,0.2971851230,0.1918168664,0.2324007750,0.0438070174
train:6009,0,1.9682780504,1.9676989932,0.0005790572,0.0355752129,0.1209074874,0.0472453237,0.1522858266,0.0571007729,0.0463036299,0.0704184175,0.0667838454,0.0704184175,0.0667838454,0.0472453237,0.1522858266
train:6016,0,-0.1304948628,-0.1310739200,0.0005790572,0.0501017887,-0.2457616832,0.0617718995,-0.2143833440,-0.1670854092,-0.1204109192,-0.1537677646,-0.0999307036,0.1537677646,0.0999307036,0.0617718995,0.2143833440
train:6018,0,0.5426378846,0.5420588274,0.0005790572,-0.0369786601,-0.0290322285,-0.0253085494,0.0023461107,-0.0448467135,-0.0657725334,-0.0315290689,-0.0452923179,0.0315290689,0.0452923179,0.0253085494,0.0023461107
train:6026,0,-1.7228832245,-1.7234622817,0.0005790572,-0.0131488424,-0.0298627000,-0.0014787316,0.0015156392,-0.0464888811,-0.0083532333,-0.0331712365,0.0121269822,0.0331712365,0.0121269822,0.0014787316,0.0015156392
train:6027,0,-1.2114037275,-1.2119827848,0.0005790572,-0.1225532871,-0.0625846963,-0.1108831763,-0.0312063571,0.0186165571,0.0637322664,0.0319342017,0.0842124820,0.0319342017,0.0842124820,0.1108831763,0.0312063571
train:6033,0,-3.1320500374,-3.1326290946,0.0005790572,-0.0781626086,-0.0759336333,-0.0664924979,-0.0445552941,-0.2194697857,-0.1034314632,-0.2061521411,-0.0829512477,0.2061521411,0.0829512477,0.0664924979,0.0445552941
train:6043,0,0.2401780486,0.2395989914,0.0005790572,-0.0171413701,0.1932207961,-0.0054712594,0.2245991353,0.0094285011,0.1257151663,0.0227461457,0.1461953819,0.0227461457,0.1461953819,0.0054712594,0.2245991353
train:6046,0,-0.5154849291,-0.5160639863,0.0005790572,-0.0469591301,-0.1071361583,-0.0352890193,-0.0757578190,-0.1410969794,-0.1219657660,-0.1277793348,-0.1014855504,0.1277793348,0.1014855504,0.0352890193,0.0757578190
train:6056,0,1.6974474192,1.6968683619,0.0005790572,-0.0809230190,-0.0743796211,-0.0692529082,-0.0430012819,0.0120207071,-0.0482829809,0.0253383517,-0.0278027654,0.0253383517,0.0278027654,0.0692529082,0.0430012819
train:6058,0,-3.1794695854,-3.1800486427,0.0005790572,-0.0652655940,0.0221319814,-0.0535954833,0.0535103206,0.0230920315,-0.1389749050,0.0364096761,-0.1184946895,0.0364096761,0.1184946895,0.0535954833,0.0535103206
train:6074,0,2.8371834755,2.8366044183,0.0005790572,0.0522499699,0.0440879483,0.0639200807,0.0754662875,0.0515000820,0.0844488144,0.0648177266,0.1049290299,0.0648177266,0.1049290299,0.0639200807,0.0754662875
train:6083,0,1.4851610661,1.4845820088,0.0005790572,0.0129115004,0.0056383033,0.0245816112,0.0370166425,-0.0869148970,-0.0107433796,-0.0735972524,0.0097368360,0.0735972524,0.0097368360,0.0245816112,0.0370166425
train:6087,0,1.8341768980,1.8335978408,0.0005790572,0.1860578675,0.1744638104,0.1977279782,0.2058421496,0.0722314119,0.1798688173,0.0855490565,0.2003490329,0.0855490565,0.2003490329,0.1977279782,0.2058421496
train:6091,0,2.2045168877,2.2039378304,0.0005790572,-0.0992600303,-0.0760526042,-0.0875899196,-0.0446742650,-0.0501434803,-0.0632638931,-0.0368258357,-0.0427836776,0.0368258357,0.0427836776,0.0875899196,0.0446742650
train:6093,0,2.4458856583,2.4453066010,0.0005790572,-0.0713228564,-0.0560869556,-0.0596527457,-0.0247086164,-0.0719971657,-0.0678641796,-0.0586795211,-0.0473839641,0.0586795211,0.0473839641,0.0596527457,0.0247086164
train:6096,0,0.3692191541,0.3686400969,0.0005790572,-0.1063826959,-0.0084634404,-0.0947125852,0.0229148988,0.0643561482,0.0444923937,0.0776737928,0.0649726093,0.0776737928,0.0649726093,0.0947125852,0.0229148988
train:6099,0,1.7642107010,1.7636316437,0.0005790572,0.2003989835,-0.0614617448,0.2120690942,-0.0300834056,0.0390412807,-0.1334218979,0.0523589253,-0.1129416823,0.0523589253,0.1129416823,0.2120690942,0.0300834056
train:6104,0,2.2086462975,2.2080672402,0.0005790572,0.0231955666,-0.0253190379,0.0348656774,0.0060593013,-0.0160896778,0.0281853676,-0.0027720332,0.0486655831,0.0027720332,0.0486655831,0.0348656774,0.0060593013
train:6112,0,-0.4286110997,-0.4291901570,0.0005790572,0.1710825581,-0.0335163753,0.1827526689,-0.0021380361,0.0854528546,-0.0322508216,0.0987704992,-0.0117706060,0.0987704992,0.0117706060,0.1827526689,0.0021380361
train:6118,0,-1.5907555819,-1.5913346391,0.0005790572,0.1230357308,0.0141595025,0.1347058415,0.0455378417,0.0322462320,-0.0425442457,0.0455638766,-0.0220640302,0.0455638766,0.0220640302,0.1347058415,0.0455378417
train:6120,0,0.5978658199,0.5972867627,0.0005790572,-0.0403377395,-0.0218026023,-0.0286676288,0.0095757369,-0.0290337801,-0.0491771102,-0.0157161355,-0.0286968946,0.0157161355,0.0286968946,0.0286676288,0.0095757369
train:6122,0,-0.2816489935,-0.2822280507,0.0005790572,-0.0039049666,0.0367175061,0.0077651441,0.0680958453,0.0489252508,0.0956335664,0.0622428954,0.1161137819,0.0622428954,0.1161137819,0.0077651441,0.0680958453
train:6128,0,0.9033541679,0.9027751107,0.0005790572,0.2474263925,0.1392240543,0.2590965033,0.1706023935,-0.0264811516,-0.0805249810,-0.0131635070,-0.0600447655,0.0131635070,0.0600447655,0.2590965033,0.1706023935
train:6131,0,-0.6274905205,-0.6280695777,0.0005790572,0.1114783902,0.0640257020,0.1231485009,0.0954040412,0.1744221449,-0.0262451768,0.1877397895,-0.0057649612,0.1877397895,0.0057649612,0.1231485009,0.0954040412
train:6136,0,0.8677213788,0.8671423216,0.0005790572,0.0262033362,0.0002608914,0.0378734469,0.0316392306,-0.0947850347,-0.0274656415,-0.0814673901,-0.0069854259,0.0814673901,0.0069854259,0.0378734469,0.0316392306
train:6143,0,0.2037574649,0.2031784076,0.0005790572,-0.0075505059,-0.0570338648,0.0041196048,-0.0256555256,-0.0555517972,-0.0067293197,-0.0422341526,0.0137508959,0.0422341526,0.0137508959,0.0041196048,0.0256555256
train:6146,0,-2.2231397629,-2.2237188201,0.0005790572,0.0151200909,0.0274654050,0.0267902017,0.0588437442,0.0361559391,-0.0343899727,0.0494735837,-0.0139097571,0.0494735837,0.0139097571,0.0267902017,0.0588437442
train:6151,0,-3.1449210644,-3.1455001216,0.0005790572,0.2383599896,0.1681440491,0.2500301003,0.1995223883,0.1799564362,0.3112337589,0.1932740808,0.3317139745,0.1932740808,0.3317139745,0.2500301003,0.1995223883
train:6158,0,1.2550292015,1.2544501443,0.0005790572,-0.1314259153,-0.0177785735,-0.1197558045,0.0135997657,0.0337609053,-0.0200078487,0.0470785499,0.0004723668,0.0470785499,0.0004723668,0.1197558045,0.0135997657
train:6163,0,1.1358207464,1.1352416892,0.0005790572,-0.0014354568,-0.0345032792,0.0102346539,-0.0031249400,-0.0269958973,-0.0539282560,-0.0136782527,-0.0334480405,0.0136782527,0.0334480405,0.0102346539,0.0031249400
train:6164,0,2.2641260624,2.2635470052,0.0005790572,0.0357113499,0.0433073659,0.0473814607,0.0746857051,-0.0219905376,0.0371890068,-0.0086728930,0.0576692224,0.0086728930,0.0576692224,0.0473814607,0.0746857051
train:6168,0,-0.9369063973,-0.9374854546,0.0005790572,0.0128722806,0.0515596289,0.0245423913,0.0829379681,-0.0117436051,0.1126090884,0.0015740395,0.1330893040,0.0015740395,0.1330893040,0.0245423913,0.0829379681
train:6175,0,0.6995178461,0.6989387889,0.0005790572,-0.1703134160,-0.1182278376,-0.1586433053,-0.0868494984,-0.1405004263,-0.0244656205,-0.1271827817,-0.0039854050,0.1271827817,0.0039854050,0.1586433053,0.0868494984
train:6183,0,1.8213592768,1.8207802195,0.0005790572,0.0815412421,0.2105370183,0.0932113528,0.2419153575,0.1670531034,0.3096026182,0.1803707480,0.3300828338,0.1803707480,0.3300828338,0.0932113528,0.2419153575
train:6185,0,0.5968492627,0.5962702055,0.0005790572,0.0328686852,0.0782025475,0.0445387959,0.1095808867,0.0933652520,0.1199970841,0.1066828966,0.1404772997,0.1066828966,0.1404772997,0.0445387959,0.1095808867
train:6186,0,-1.1282236576,-1.1288027148,0.0005790572,0.1604494471,0.0337014813,0.1721195579,0.0650798205,0.0104050636,0.0633010864,0.0237227082,0.0837813020,0.0237227082,0.0837813020,0.1721195579,0.0650798205
train:6190,0,0.2712328434,0.2706537862,0.0005790572,-0.0050245207,0.0848953892,0.0066455901,0.1162737284,-0.0054471493,-0.0573444366,0.0078704953,-0.0368642211,0.0078704953,0.0368642211,0.0066455901,0.1162737284
train:6191,0,-0.3833201230,-0.3838991802,0.0005790572,0.2308261711,0.1360799987,0.2424962819,0.1674583379,0.0908737779,0.2100550234,0.1041914225,0.2305352390,0.1041914225,0.2305352390,0.2424962819,0.1674583379
train:6197,-1,-2.6559059620,0.8091335666,-3.4650395286,-0.1245342720,-0.0665718544,-0.1128641613,-0.0351935152,-0.0353095531,-0.0085711479,-0.0219919086,0.0119090676,0.0219919086,0.0119090676,0.1128641613,0.0351935152
train:6198,0,-2.1936597824,-2.1942388396,0.0005790572,0.1280589719,-0.1556538921,0.1397290826,-0.1242755529,0.2485325336,-0.0010371208,0.2618501782,0.0194430947,0.2618501782,0.0194430947,0.1397290826,0.1242755529
train:6199,0,0.8046754599,0.8040964026,0.0005790572,-0.0258730631,0.0205791611,-0.0142029524,0.0519575003,0.0255391598,-0.0349329114,0.0388568044,-0.0144526958,0.0388568044,0.0144526958,0.0142029524,0.0519575003
train:6205,0,-2.0946311951,-2.0952102523,0.0005790572,0.2827373166,0.2064693589,0.2944074273,0.2378476981,0.2359645367,0.1381556988,0.2492821813,0.1586359143,0.2492821813,0.1586359143,0.2944074273,0.2378476981
train:6212,0,0.5233926773,0.5228136201,0.0005790572,-0.0028853994,-0.0047197323,0.0087847114,0.0266586069,0.0193557739,0.0151829720,0.0326734185,0.0356631875,0.0326734185,0.0356631875,0.0087847114,0.0266586069
train:6214,0,-1.3547636271,-1.3553426843,0.0005790572,-0.0602570157,-0.0516535621,-0.0485869050,-0.0202752229,0.1059530973,-0.0055624247,0.1192707419,0.0149177909,0.1192707419,0.0149177909,0.0485869050,0.0202752229
train:6216,0,0.8271114230,0.8265323658,0.0005790572,-0.1302376371,-0.0980557780,-0.1185675263,-0.0666774388,-0.0519008040,-0.0976260900,-0.0385831594,-0.0771458745,0.0385831594,0.0771458745,0.1185675263,0.0666774388
train:6220,0,-1.0651264191,-1.0657054763,0.0005790572,-0.1307206135,-0.3313104491,-0.1190505028,-0.2999321099,-0.0513410568,-0.2115606666,-0.0380234122,-0.1910804510,0.0380234122,0.1910804510,0.1190505028,0.2999321099
train:6234,0,-1.0691919327,-1.0697709899,0.0005790572,-0.1312890034,-0.0504748206,-0.1196188927,-0.0190964814,-0.0596778393,-0.0034344196,-0.0463601947,0.0170457959,0.0463601947,0.0170457959,0.1196188927,0.0190964814
train:6240,0,-1.1993690729,-1.1999481302,0.0005790572,-0.1575481277,-0.2144494038,-0.1458780169,-0.1830710646,0.0781680346,-0.2340279222,0.0914856791,-0.2135477066,0.0914856791,0.2135477066,0.1458780169,0.1830710646
train:6245,0,-0.7750567794,-0.7756358366,0.0005790572,-0.4424714427,-0.4694113713,-0.4308013320,-0.4380330321,-0.4050536156,-0.2120454311,-0.3917359710,-0.1915652156,0.3917359710,0.1915652156,0.4308013320,0.4380330321
train:6259,0,1.3518989086,1.3513198514,0.0005790572,-0.0305853467,-0.0371531825,-0.0189152360,-0.0057748433,-0.0432846546,-0.0067565441,-0.0299670100,0.0137236714,0.0299670100,0.0137236714,0.0189152360,0.0057748433
train:6270,0,-1.9772602320,-1.9778392892,0.0005790572,0.0400766749,-0.0057274680,0.0517467856,0.0256508712,0.0328789949,-0.0598675013,0.0461966395,-0.0393872857,0.0461966395,0.0393872857,0.0517467856,0.0256508712
train:6276,0,1.1744905710,1.1739115138,0.0005790572,-0.0471618753,0.0048432965,-0.0354917645,0.0362216357,-0.0051556826,-0.0626631975,0.0081619620,-0.0421829820,0.0081619620,0.0421829820,0.0354917645,0.0362216357
train:6279,0,1.0200397968,1.0194607396,0.0005790572,0.0036118645,-0.1712570768,0.0152819753,-0.1398787376,0.0459384918,-0.1537718773,0.0592561364,-0.1332916617,0.0592561364,0.1332916617,0.0152819753,0.1398787376
train:6281,0,0.8852776885,0.8846986313,0.0005790572,-0.2583367806,-0.0485324841,-0.2466666698,-0.0171541449,-0.2126817107,-0.2524016500,-0.1993640661,-0.2319214344,0.1993640661,0.2319214344,0.2466666698,0.0171541449
train:6287,0,-0.4095684588,-0.4101475160,0.0005790572,-0.1226049643,-0.4665842037,-0.1109348536,-0.4352058645,-0.1146495044,-0.2354862392,-0.1013318598,-0.2150060236,0.1013318598,0.2150060236,0.1109348536,0.4352058645
train:6290,0,1.7463988066,1.7458197493,0.0005790572,-0.0841264110,-0.0836241822,-0.0724563003,-0.0522458430,-0.0441962481,-0.0715838671,-0.0308786035,-0.0511036515,0.0308786035,0.0511036515,0.0724563003,0.0522458430
train:6296,0,3.7620275021,3.7614484448,0.0005790572,-0.0158385616,-0.0443088393,-0.0041684508,-0.0129305001,0.0731282234,-0.0535628796,0.0864458680,-0.0330826640,0.0864458680,0.0330826640,0.0041684508,0.0129305001
train:6302,0,-0.8868105412,-0.8873895984,0.0005790572,-0.1229647975,-0.2415117603,-0.1112946868,-0.2101334211,-0.3648643494,-0.3377702832,-0.3515467048,-0.3172900677,0.3515467048,0.3172900677,0.1112946868,0.2101334211
train:6311,0,-3.4689240456,-3.4695031028,0.0005790572,-0.0647248607,0.0511565823,-0.0530547500,0.0825349215,-0.0087254047,0.1138551235,0.0045922399,0.1343353391,0.0045922399,0.1343353391,0.0530547500,0.0825349215
train:6324,0,1.0774041414,1.0768250842,0.0005790572,-0.1379351001,0.0073168893,-0.1262649894,0.0386952285,0.0997641087,-0.0467168093,0.1130817533,-0.0262365937,0.1130817533,0.0262365937,0.1262649894,0.0386952285
train:6326,0,-0.1520536095,-0.1526326667,0.0005790572,0.1214435268,-0.1663037445,0.1331136376,-0.1349254053,0.1756982058,0.0520040840,0.1890158504,0.0724842995,0.1890158504,0.0724842995,0.1331136376,0.1349254053
train:6327,0,1.8170790672,1.8165000100,0.0005790572,-0.5180582385,-0.5250250678,-0.5063881278,-0.4936467286,-0.4714012146,-0.4989340305,-0.4580835700,-0.4784538150,0.4580835700,0.4784538150,0.5063881278,0.4936467286
train:6350,0,0.6108348966,0.6102558393,0.0005790572,-0.0481891017,0.0008066911,-0.0365189910,0.0321850303,0.0549010634,-0.0410996675,0.0682187080,-0.0206194520,0.0682187080,0.0206194520,0.0365189910,0.0321850303
train:6357,0,-2.7115757465,-2.7121548038,0.0005790572,-0.0125712733,-0.1129772048,-0.0009011626,-0.0815988656,-0.2705998421,0.0386188030,-0.2572821975,0.0590990186,0.2572821975,0.0590990186,0.0009011626,0.0815988656
train:6361,0,1.6366803646,1.6361013074,0.0005790572,-0.0423272233,-0.0138799529,-0.0306571126,0.0174983863,-0.0470917225,-0.0196316242,-0.0337740779,0.0008485913,0.0337740779,0.0008485913,0.0306571126,0.0174983863
train:6362,0,1.6338596344,1.6332805772,0.0005790572,-0.1675155740,-0.0565043073,-0.1558454633,-0.0251259681,-0.1495411396,-0.1144173145,-0.1362234950,-0.0939370990,0.1362234950,0.0939370990,0.1558454633,0.0251259681
train:6364,0,0.1712423414,0.1706632842,0.0005790572,-0.0017898362,0.0221107025,0.0098802745,0.0534890417,0.1285769828,0.2360015959,0.1418946274,0.2564818114,0.1418946274,0.2564818114,0.0098802745,0.0534890417
train:6365,0,2.1193959713,2.1188169141,0.0005790572,0.0597353596,0.0760720391,0.0714054704,0.1074503783,0.1159093380,-0.0304763317,0.1292269826,-0.0099961162,0.1292269826,0.0099961162,0.0714054704,0.1074503783
train:6378,-1,-2.3904967308,1.0745427978,-3.4650395286,0.1422943246,-0.0034470189,0.1539644353,0.0279313203,0.2740826607,0.5385508537,0.2874003053,0.5590310693,0.2874003053,0.5590310693,0.1539644353,0.0279313203
train:6382,0,1.0095955133,1.0090164561,0.0005790572,0.1383788605,0.0192130823,0.1500489712,0.0505914215,0.0527487993,0.0825524926,0.0660664439,0.1030327082,0.0660664439,0.1030327082,0.1500489712,0.0505914215
train:6385,-2,-6.8783202171,0.0523378973,-6.9306581144,0.0418442388,-0.1106401856,0.0535143495,-0.0792618464,-0.3690900803,-0.0250315666,-0.3557724357,-0.0045513511,0.3557724357,0.0045513511,0.0535143495,0.0792618464
train:6393,0,-1.0073156357,-1.0078946929,0.0005790572,0.0218891520,-0.1232972126,0.0335592628,-0.0919188734,0.0906082392,0.0257461071,0.1039258838,0.0462263227,0.1039258838,0.0462263227,0.0335592628,0.0919188734
train:6400,0,0.8484351039,0.8478560467,0.0005790572,0.0399458427,0.0111327190,0.0516159534,0.0425110582,-0.0087013841,0.1084765196,0.0046162605,0.1289567351,0.0046162605,0.1289567351,0.0516159534,0.0425110582
train:6402,0,-1.5040830374,-1.5046620946,0.0005790572,0.0731794257,-0.2604737859,0.0848495364,-0.2290954467,0.0298032761,-0.0878695250,0.0431209207,-0.0673893094,0.0431209207,0.0673893094,0.0848495364,0.2290954467
train:6403,0,1.8515099287,1.8509308715,0.0005790572,-0.0844362359,-0.0947558265,-0.0727661252,-0.0633774873,-0.1077917814,-0.0743597746,-0.0944741368,-0.0538795590,0.0944741368,0.0538795590,0.0727661252,0.0633774873
train:6404,0,2.2754371166,2.2748580594,0.0005790572,0.0936263222,0.0642574448,0.1052964330,0.0956357840,0.0009169579,0.0871050358,0.0142346025,0.1075852513,0.0142346025,0.1075852513,0.1052964330,0.0956357840
train:6405,0,0.1545907408,0.1540116836,0.0005790572,0.0221077372,0.0495759119,0.0337778479,0.0809542511,0.0799762905,-0.0825943202,0.0932939351,-0.0621141046,0.0932939351,0.0621141046,0.0337778479,0.0809542511
train:6412,0,-2.1810247898,-2.1816038470,0.0005790572,-0.1052376609,-0.1257445197,-0.0935675502,-0.0943661805,-0.0145623684,0.0660231113,-0.0012447238,0.0865033269,0.0012447238,0.0865033269,0.0935675502,0.0943661805
train:6413,0,-0.0616122968,-0.0621913541,0.0005790572,0.0530628469,-0.0799594465,0.0647329576,-0.0485811073,0.0787970237,-0.1107585244,0.0921146683,-0.0902783088,0.0921146683,0.0902783088,0.0647329576,0.0485811073
train:6415,0,1.4342411757,1.4336621184,0.0005790572,-0.0330571513,-0.0507265907,-0.0213870406,-0.0193482515,0.0095163584,0.0334337950,0.0228340030,0.0539140105,0.0228340030,0.0539140105,0.0213870406,0.0193482515
train:6418,0,0.3561399877,0.3555609305,0.0005790572,-0.0930184107,-0.0639075618,-0.0813483000,-0.0325292226,-0.0905607343,-0.1036831141,-0.0772430897,-0.0832028985,0.0772430897,0.0832028985,0.0813483000,0.0325292226
train:6426,0,0.3915614188,0.3909823615,0.0005790572,0.1060029585,-0.1013642531,0.1176730692,-0.0699859139,-0.1845415533,0.0041120946,-0.1712239087,0.0245923102,0.1712239087,0.0245923102,0.1176730692,0.0699859139
train:6430,0,2.6847105026,2.6841314454,0.0005790572,-0.1540936809,-0.1428951602,-0.1424235702,-0.1115168210,-0.0195858479,0.0015149117,-0.0062682033,0.0219951272,0.0062682033,0.0219951272,0.1424235702,0.1115168210
train:6434,0,1.0265640020,1.0259849448,0.0005790572,-0.0074571948,-0.0440785270,0.0042129159,-0.0127001878,0.0614930391,0.0462267995,0.0748106837,0.0667070150,0.0748106837,0.0667070150,0.0042129159,0.0127001878
train:6435,0,0.8001846671,0.7996056099,0.0005790572,-0.0145919900,-0.0231943708,-0.0029218793,0.0081839684,-0.0077537894,-0.0929646492,0.0055638552,-0.0724844337,0.0055638552,0.0724844337,0.0029218793,0.0081839684
train:6442,0,0.4071526825,0.4065736253,0.0005790572,-0.0522075277,-0.0177986007,-0.0405374169,0.0135797385,0.0233037472,-0.0291230083,0.0366213918,-0.0086427927,0.0366213918,0.0086427927,0.0405374169,0.0135797385
train:6446,0,1.2306525707,1.2300735135,0.0005790572,-0.0763518195,-0.0222545247,-0.0646817088,0.0091238145,-0.0213835239,-0.1179080009,-0.0080658793,-0.0974277854,0.0080658793,0.0974277854,0.0646817088,0.0091238145
train:6452,0,0.4185971618,0.4180181045,0.0005790572,0.0669333060,0.0415395219,0.0786034167,0.0729178611,0.0690418780,0.0328857601,0.0823595226,0.0533659756,0.0823595226,0.0533659756,0.0786034167,0.0729178611
train:6464,0,0.3904195130,0.3898404557,0.0005790572,-0.0463039558,-0.0744722467,-0.0346338451,-0.0430939075,-0.0037376285,-0.0854934752,0.0095800161,-0.0650132596,0.0095800161,0.0650132596,0.0346338451,0.0430939075
train:6465,0,-2.8614757061,-2.8620547633,0.0005790572,-0.1741444450,-0.1935378890,-0.1624743342,-0.1621595498,-0.1708087921,-0.1409375668,-0.1574911475,-0.1204573512,0.1574911475,0.1204573512,0.1624743342,0.1621595498
train:6468,-1,-3.5924024582,-0.1273629296,-3.4650395286,-0.0052506182,-0.1007204208,0.0064194925,-0.0693420816,-0.2169661522,-0.2975234985,-0.2036485076,-0.2770432830,0.2036485076,0.2770432830,0.0064194925,0.0693420816
train:6472,0,0.8081297874,0.8075507302,0.0005790572,-0.0166442375,-0.0663813930,-0.0049741268,-0.0350030538,-0.0417133570,0.0815134645,-0.0283957124,0.1019936800,0.0283957124,0.1019936800,0.0049741268,0.0350030538
train:6473,0,1.1531637907,1.1525847335,0.0005790572,-0.1011241060,-0.0692368131,-0.0894539952,-0.0378584739,-0.1379863024,-0.0902410746,-0.1246686578,-0.0697608590,0.1246686578,0.0697608590,0.0894539952,0.0378584739
train:6478,0,1.5546313524,1.5540522952,0.0005790572,0.0709128995,0.0447873492,0.0825830102,0.0761656884,0.0974758863,-0.0091277361,0.1107935309,0.0113524795,0.1107935309,0.0113524795,0.0825830102,0.0761656884
train:6486,0,-1.3068864346,-1.3074654918,0.0005790572,-0.1840918641,-0.1013830285,-0.1724217534,-0.0700046893,-0.2202596664,-0.1105601788,-0.2069420218,-0.0900799632,0.2069420218,0.0900799632,0.1724217534,0.0700046893
train:6487,0,-0.0189673677,-0.0195464249,0.0005790572,0.1132421438,0.1064991895,0.1249122545,0.1378775287,-0.0304555967,0.0586590692,-0.0171379521,0.0791392848,0.0171379521,0.0791392848,0.1249122545,0.1378775287
train:6490,0,-1.7677716017,-1.7683506589,0.0005790572,0.0699265618,0.0999045987,0.0815966725,0.1312829379,-0.0558804274,0.1842275858,-0.0425627828,0.2047078013,0.0425627828,0.2047078013,0.0815966725,0.1312829379
train:6502,0,-1.6015113592,-1.6020904165,0.0005790572,0.1188443322,0.1326544900,0.1305144429,0.1640328292,0.0298798084,0.0011817217,0.0431974530,0.0216619372,0.0431974530,0.0216619372,0.1305144429,0.1640328292
train:6503,0,-5.2433433533,-5.2439224105,0.0005790572,-0.3826486449,-0.5333582740,-0.3709785342,-0.5019799348,-0.1925802231,-0.2617526054,-0.1792625785,-0.2412723899,0.1792625785,0.2412723899,0.3709785342,0.5019799348
train:6505,0,0.4282028675,0.4276238103,0.0005790572,-0.2927160244,0.0167432148,-0.2810459137,0.0481215540,-0.1074556112,0.0871829987,-0.0941379666,0.1076632142,0.0941379666,0.1076632142,0.2810459137,0.0481215540
train:6509,0,0.8543559909,0.8537769336,0.0005790572,-0.0920423846,0.0177676101,-0.0803722739,0.0491459493,-0.0372285247,-0.0960961580,-0.0239108801,-0.0756159425,0.0239108801,0.0756159425,0.0803722739,0.0491459493
train:6518,0,-1.2601850033,-1.2607640605,0.0005790572,0.1387713570,0.0131461043,0.1504414678,0.0445244435,0.0617480278,0.0471811295,0.0750656724,0.0676613450,0.0750656724,0.0676613450,0.1504414678,0.0445244435
train:6519,0,-1.8222422600,-1.8228213172,0.0005790572,-0.0787827354,-0.0972729306,-0.0671126246,-0.0658945914,-0.1193380356,0.0936796665,-0.1060203910,0.1141598821,0.1060203910,0.1141598821,0.0671126246,0.0658945914
train:6523,0,2.4108512402,2.4102721829,0.0005790572,-0.0790895801,-0.0950273853,-0.0674194694,-0.0636490461,0.0051054955,-0.1303529739,0.0184231400,-0.1098727584,0.0184231400,0.1098727584,0.0674194694,0.0636490461
train:6525,0,-2.5035572052,-2.5041362624,0.0005790572,0.0143476147,-0.0394961219,0.0260177255,-0.0081177827,-0.0372679234,-0.0351102352,-0.0239502788,-0.0146300197,0.0239502788,0.0146300197,0.0260177255,0.0081177827
train:6546,0,0.5690422058,0.5684631486,0.0005790572,-0.1252881866,-0.0233649593,-0.1136180758,0.0080133799,-0.2339186668,-0.2195672989,-0.2206010222,-0.1990870833,0.2206010222,0.1990870833,0.1136180758,0.0080133799
train:6551,0,1.9877041578,1.9871251006,0.0005790572,-0.2291997056,-0.0800707917,-0.2175295949,-0.0486924525,-0.1103276014,-0.1315478086,-0.0970099568,-0.1110675931,0.0970099568,0.1110675931,0.2175295949,0.0486924525
train:6557,0,-0.0298898742,-0.0304689314,0.0005790572,-0.0520876329,-0.0120553057,-0.0404175222,0.0193230335,-0.0842245445,-0.1019307524,-0.0709068999,-0.0814505368,0.0709068999,0.0814505368,0.0404175222,0.0193230335
train:6560,0,0.2535260022,0.2529469449,0.0005790572,0.0374210198,0.0338430125,0.0490911305,0.0652213517,0.0066177249,0.0332193226,0.0199353695,0.0536995381,0.0199353695,0.0536995381,0.0490911305,0.0652213517
train:6561,0,0.2896509469,0.2890718896,0.0005790572,-0.0414945762,-0.0980300586,-0.0298244655,-0.0666517194,-0.0568643510,0.0059436858,-0.0435467064,0.0264239013,0.0435467064,0.0264239013,0.0298244655,0.0666517194
train:6570,0,1.5967607498,1.5961816926,0.0005790572,0.1121202130,-0.0810654741,0.1237903237,-0.0496871349,-0.0091567039,0.0335602760,0.0041609406,0.0540404916,0.0041609406,0.0540404916,0.1237903237,0.0496871349
train:6572,0,-1.9756590128,-1.9762380700,0.0005790572,0.0314990897,0.0313605685,0.0431692004,0.0627389077,-0.0163544416,0.1205223799,-0.0030367970,0.1410025954,0.0030367970,0.1410025954,0.0431692004,0.0627389077
train:6577,0,0.4661707282,0.4655916710,0.0005790572,0.0231838543,0.0742250402,0.0348539650,0.1056033794,0.0927318037,0.0009983182,0.1060494483,0.0214785337,0.1060494483,0.0214785337,0.0348539650,0.1056033794
train:6586,0,-0.3155938387,-0.3161728959,0.0005790572,0.0596146304,-0.0451998394,0.0712847412,-0.0138215002,-0.0118648112,-0.0926139355,0.0014528334,-0.0721337199,0.0014528334,0.0721337199,0.0712847412,0.0138215002
train:6592,0,1.7989774942,1.7983984370,0.0005790572,0.1154078860,0.1394529958,0.1270779967,0.1708313350,0.1275473833,0.0814090967,0.1408650279,0.1018893123,0.1408650279,0.1018893123,0.1270779967,0.1708313350
train:6596,0,-1.4224370718,-1.4230161290,0.0005790572,-0.1002730708,-0.0041198116,-0.0886029601,0.0272585276,-0.0753192902,0.1133292913,-0.0620016456,0.1338095069,0.0620016456,0.1338095069,0.0886029601,0.0272585276
train:6597,0,0.9600078464,0.9594287891,0.0005790572,0.1781226415,0.1252469439,0.1897927523,0.1566252831,0.0958510041,0.3799416423,0.1091686487,0.4004218578,0.1091686487,0.4004218578,0.1897927523,0.1566252831
train:6600,0,0.6380025744,0.6374235172,0.0005790572,-0.0967717748,-0.0627713781,-0.0851016641,-0.0313930389,-0.0839996934,-0.0286229849,-0.0706820488,-0.0081427693,0.0706820488,0.0081427693,0.0851016641,0.0313930389
train:6609,0,0.2248106897,0.2242316324,0.0005790572,-0.0418782215,-0.0173608940,-0.0302081108,0.0140174452,0.0138792694,0.0566578060,0.0271969140,0.0771380216,0.0271969140,0.0771380216,0.0302081108,0.0140174452
train:6612,0,2.5012083054,2.5006292481,0.0005790572,0.0786786694,0.0707207341,0.0903487802,0.1020990733,0.0840504169,-0.0052599907,0.0973680615,0.0152202249,0.0973680615,0.0152202249,0.0903487802,0.1020990733
train:6616,0,-1.2640726566,-1.2646517139,0.0005790572,-0.0213068109,0.0435257573,-0.0096367002,0.0749040965,-0.1908632517,-0.0696077347,-0.1775456071,-0.0491275191,0.1775456071,0.0491275191,0.0096367002,0.0749040965
train:6619,0,-2.1835577488,-2.1841368060,0.0005790572,-0.2492170911,-0.1738120895,-0.2375469804,-0.1424337503,0.1660184860,-0.1186993122,0.1793361306,-0.0982190967,0.1793361306,0.0982190967,0.2375469804,0.1424337503
train:6620,0,-0.0939783379,-0.0945573952,0.0005790572,-0.0565676819,0.2204654906,-0.0448975712,0.2518438298,-0.0061722621,-0.0030512139,0.0071453825,0.0174290016,0.0071453825,0.0174290016,0.0448975712,0.2518438298
train:6625,0,-1.0239437819,-1.0245228391,0.0005790572,-0.0980951767,-0.1794840079,-0.0864250660,-0.1481056687,0.1503536701,-0.1401036382,0.1636713147,-0.1196234226,0.1636713147,0.1196234226,0.0864250660,0.1481056687
train:6627,0,-3.3199911118,-3.3205701690,0.0005790572,0.1782236714,-0.0032383781,0.1898937821,0.0281399611,0.0684418678,0.1604146957,0.0817595124,0.1808949113,0.0817595124,0.1808949113,0.1898937821,0.0281399611
train:6628,0,1.6303246021,1.6297455449,0.0005790572,-0.0629816632,0.0149585624,-0.0513115525,0.0463369016,-0.0719591379,-0.0480229855,-0.0586414933,-0.0275427699,0.0586414933,0.0275427699,0.0513115525,0.0463369016
train:6630,0,1.9297591448,1.9291800875,0.0005790572,-0.0319816451,-0.0318066459,-0.0203115344,-0.0004283067,0.0129798651,-0.0594247580,0.0262975097,-0.0389445424,0.0262975097,0.0389445424,0.0203115344,0.0004283067
train:6634,0,0.6190827489,0.6185036917,0.0005790572,0.1048508305,0.0313659925,0.1165209413,0.0627443317,0.0505625606,0.0594106317,0.0638802052,0.0798908472,0.0638802052,0.0798908472,0.1165209413,0.0627443317
train:6641,0,1.5288664103,1.5282873530,0.0005790572,-0.0523683410,0.0740156789,-0.0406982303,0.1053940181,-0.1403399706,0.1798380613,-0.1270223260,0.2003182769,0.1270223260,0.2003182769,0.0406982303,0.1053940181
train:6660,0,-1.0202052593,-1.0207843166,0.0005790572,-0.2231441121,-0.4550715070,-0.2114740014,-0.4236931678,-0.4197037220,-0.2466966510,-0.4063860774,-0.2262164354,0.4063860774,0.2262164354,0.2114740014,0.4236931678
train:6661,0,-1.8221732378,-1.8227522950,0.0005790572,-0.0022162776,-0.0362229924,0.0094538331,-0.0048446532,-0.0714207888,-0.0127280951,-0.0581031442,0.0077521205,0.0581031442,0.0077521205,0.0094538331,0.0048446532
train:6663,-1,-2.2568359375,1.2082035911,-3.4650395286,-0.0676799643,-0.0238403905,-0.0560098536,0.0075379487,0.0094778538,-0.1327548027,0.0227954984,-0.1122745872,0.0227954984,0.1122745872,0.0560098536,0.0075379487
train:6668,0,0.2099720687,0.2093930114,0.0005790572,-0.0627766680,-0.0487179588,-0.0511065573,-0.0173396196,-0.0609521121,-0.0396702886,-0.0476344675,-0.0191900730,0.0476344675,0.0191900730,0.0511065573,0.0173396196
train:6670,0,-0.2218169272,-0.2223959844,0.0005790572,0.1568780262,0.0517977495,0.1685481369,0.0831760887,0.0965668261,0.1993747056,0.1098844707,0.2198549211,0.1098844707,0.2198549211,0.1685481369,0.0831760887
train:6673,0,0.7732313871,0.7726523299,0.0005790572,-0.0641708355,0.0092373509,-0.0525007248,0.0406156901,-0.0634967089,-0.0636473894,-0.0501790643,-0.0431671739,0.0501790643,0.0431671739,0.0525007248,0.0406156901
train:6676,0,-2.0909657478,-2.0915448051,0.0005790572,0.2942615170,0.0773888249,0.3059316278,0.1087671641,0.0548536777,0.0167593956,0.0681713223,0.0372396111,0.0681713223,0.0372396111,0.3059316278,0.1087671641
train:6677,0,2.5743162632,2.5737372060,0.0005790572,-0.0369731765,0.0103638787,-0.0253030658,0.0417422179,0.0935559273,0.0406138897,0.1068735719,0.0610941052,0.1068735719,0.0610941052,0.0253030658,0.0417422179
train:6688,0,-0.1343784779,-0.1349575352,0.0005790572,-0.0487102177,0.0132771302,-0.0370401070,0.0446554694,-0.0258365422,0.0661400706,-0.0125188977,0.0866202861,0.0125188977,0.0866202861,0.0370401070,0.0446554694
train:6691,0,-5.6822886467,-5.6828677039,0.0005790572,-0.0948583465,-0.3668410163,-0.0831882358,-0.3354626771,-0.3484406471,-0.0208125114,-0.3351230025,-0.0003322959,0.3351230025,0.0003322959,0.0831882358,0.3354626771
train:6697,0,2.0576739311,2.0570948739,0.0005790572,-0.0407099109,-0.1309189182,-0.0290398002,-0.0995405790,-0.0790793896,-0.0753388405,-0.0657617450,-0.0548586249,0.0657617450,0.0548586249,0.0290398002,0.0995405790
train:6699,0,1.2757999897,1.2752209325,0.0005790572,0.0199336428,-0.0615017991,0.0316037536,-0.0301234599,0.0169777870,-0.0165200233,0.0302954316,0.0039601922,0.0302954316,0.0039601922,0.0316037536,0.0301234599
train:6701,0,-1.9422587156,-1.9428377729,0.0005790572,-0.3273455482,-0.3681587558,-0.3156754375,-0.3367804166,-0.4770758152,-0.3549176455,-0.4637581706,-0.3344374299,0.4637581706,0.3344374299,0.3156754375,0.3367804166
train:6704,0,-1.2546949387,-1.2552739959,0.0005790572,-0.1203654390,-0.0476265531,-0.1086953282,-0.0162482139,-0.1516902447,-0.0250365734,-0.1383726001,-0.0045563579,0.1383726001,0.0045563579,0.1086953282,0.0162482139
train:6734,0,0.8790419698,0.8784629125,0.0005790572,0.0299435277,-0.0974894743,0.0416136384,-0.0661111351,0.0446936488,-0.3207752109,0.0580112934,-0.3002949953,0.0580112934,0.3002949953,0.0416136384,0.0661111351
train:6746,0,0.9494162798,0.9488372226,0.0005790572,0.0155004282,0.0643592496,0.0271705389,0.0957375888,0.0327970982,0.0812868476,0.0461147428,0.1017670631,0.0461147428,0.1017670631,0.0271705389,0.0957375888
train:6753,0,2.7310614586,2.7304824013,0.0005790572,0.0897479672,0.0226998944,0.1014180779,0.0540782336,0.0768730640,0.0601150990,0.0901907086,0.0805953145,0.0901907086,0.0805953145,0.1014180779,0.0540782336
train:6754,0,-0.0233717840,-0.0239508413,0.0005790572,-0.1030497737,-0.2298264168,-0.0913796630,-0.1984480776,-0.0115523469,-0.0417578872,0.0017652977,-0.0212776717,0.0017652977,0.0212776717,0.0913796630,0.1984480776
train:6755,0,1.0313432217,1.0307641644,0.0005790572,0.1257541199,0.2853415031,0.1374242306,0.3167198423,0.0866572857,-0.0168550014,0.0999749303,0.0036252141,0.0999749303,0.0036252141,0.1374242306,0.3167198423
train:6757,0,1.8224724531,1.8218933959,0.0005790572,0.1560619492,0.0592797417,0.1677320600,0.0906580809,0.1127542257,0.0633319616,0.1260718703,0.0838121772,0.1260718703,0.0838121772,0.1677320600,0.0906580809
train:6760,0,0.7180290222,0.7174499650,0.0005790572,-0.0513069611,0.0031533260,-0.0396368504,0.0345316652,0.0195740461,-0.1001185775,0.0328916907,-0.0796383619,0.0328916907,0.0796383619,0.0396368504,0.0345316652
train:6761,0,0.9727872610,0.9722082038,0.0005790572,0.0255911965,-0.0155286174,0.0372613072,0.0158497218,0.0433797836,-0.0130370259,0.0566974282,0.0074431896,0.0566974282,0.0074431896,0.0372613072,0.0158497218
train:6762,0,0.0631811246,0.0626020674,0.0005790572,-0.0201155226,-0.0956495162,-0.0084454119,-0.0642711770,-0.0348733589,0.0375640467,-0.0215557143,0.0580442622,0.0215557143,0.0580442622,0.0084454119,0.0642711770
train:6763,0,-0.1011343375,-0.1017133947,0.0005790572,-0.0220099073,-0.1156298797,-0.0103397965,-0.0842515405,-0.0307402685,-0.1026100293,-0.0174226239,-0.0821298137,0.0174226239,0.0821298137,0.0103397965,0.0842515405
train:6774,0,1.3274359703,1.3268569131,0.0005790572,-0.0899236779,-0.0590441804,-0.0782535672,-0.0276658412,-0.0951442719,0.0191986561,-0.0818266273,0.0396788716,0.0818266273,0.0396788716,0.0782535672,0.0276658412
train:6785,0,-4.8036637306,-4.8042427879,0.0005790572,-0.0823184829,-0.0597059112,-0.0706483722,-0.0283275720,-0.1547255516,-0.1265616417,-0.1414079070,-0.1060814261,0.1414079070,0.1060814261,0.0706483722,0.0283275720
train:6787,0,0.3187183738,0.3181393165,0.0005790572,-0.0290231984,-0.0394023340,-0.0173530877,-0.0080239948,0.0199241340,-0.0204662085,0.0332417786,0.0000140071,0.0332417786,0.0000140071,0.0173530877,0.0080239948
train:6797,0,2.3764543533,2.3758752961,0.0005790572,-0.1136621814,-0.0827998500,-0.1019920707,-0.0514215108,-0.1123321056,-0.1268093586,-0.0990144610,-0.1063291430,0.0990144610,0.1063291430,0.1019920707,0.0514215108
train:6800,0,0.0775257051,0.0769466479,0.0005790572,-0.1655940395,-0.2094245534,-0.1539239287,-0.1780462142,0.0878903866,-0.0924079120,0.1012080312,-0.0719276965,0.1012080312,0.0719276965,0.1539239287,0.1780462142
train:6808,0,0.4075135887,0.4069345314,0.0005790572,-0.0798360985,-0.0180614870,-0.0681659877,0.0133168522,-0.0337006152,0.0059726536,-0.0203829706,0.0264528692,0.0203829706,0.0264528692,0.0681659877,0.0133168522
train:6816,0,0.3210034668,0.3204244096,0.0005790572,0.2165739928,0.0201395769,0.2282441035,0.0515179161,0.0973528475,0.1413613111,0.1106704921,0.1618415266,0.1106704921,0.1618415266,0.2282441035,0.0515179161
train:6820,-1,-4.3277311325,-0.8626916039,-3.4650395286,0.3093845021,0.1157002222,0.3210546129,0.1470785614,-0.3936002254,-0.2612986565,-0.3802825809,-0.2408184409,0.3802825809,0.2408184409,0.3210546129,0.1470785614
train:6839,0,1.7590680122,1.7584889550,0.0005790572,-0.0560047012,-0.1365230661,-0.0443345904,-0.1051447269,-0.0370438099,0.0015161037,-0.0237261653,0.0219963193,0.0237261653,0.0219963193,0.0443345904,0.1051447269
train:6840,0,-0.0713706240,-0.0719496812,0.0005790572,0.0957093630,0.1142019425,0.1073794737,0.1455802817,0.0271521136,0.1623990014,0.0404697582,0.1828792170,0.0404697582,0.1828792170,0.1073794737,0.1455802817
train:6841,0,-0.2476315647,-0.2482106220,0.0005790572,-0.1000359189,-0.0587564539,-0.0883658081,-0.0273781147,-0.0085641891,0.0566208810,0.0047534555,0.0771010965,0.0047534555,0.0771010965,0.0883658081,0.0273781147
train:6847,0,1.0705076456,1.0699285884,0.0005790572,0.1091516037,0.0580949206,0.1208217144,0.0894732598,0.0732016563,-0.0211336613,0.0865193009,-0.0006534457,0.0865193009,0.0006534457,0.1208217144,0.0894732598
train:6848,0,-0.0734408274,-0.0740198847,0.0005790572,-0.7309072967,-0.6639865991,-0.7192371860,-0.6326082599,-0.7570637837,-0.8090128675,-0.7437461391,-0.7885326520,0.7437461391,0.7885326520,0.7192371860,0.6326082599
train:6849,0,2.3506140709,2.3500350137,0.0005790572,-0.0355381351,-0.0326291900,-0.0238680243,-0.0012508508,-0.0526516438,-0.0711264610,-0.0393339992,-0.0506462455,0.0393339992,0.0506462455,0.0238680243,0.0012508508
train:6850,0,3.3995974064,3.3990183491,0.0005790572,-0.1032921653,-0.0541834216,-0.0916220546,-0.0228050824,-0.0859606266,-0.0894896984,-0.0726429820,-0.0690094829,0.0726429820,0.0690094829,0.0916220546,0.0228050824
train:6875,0,-2.6670773029,-2.6676563602,0.0005790572,-0.5250064712,-0.6382622104,-0.5133363605,-0.6068838712,-0.5122509003,-0.9257519245,-0.4989332557,-0.9052717090,0.4989332557,0.9052717090,0.5133363605,0.6068838712
train:6882,0,-0.3611055613,-0.3616846185,0.0005790572,0.1237437446,0.0489147026,0.1354138553,0.0802930418,0.0367355645,0.1342598796,0.0500532091,0.1547400951,0.0500532091,0.1547400951,0.1354138553,0.0802930418
train:6885,0,-2.4319849014,-2.4325639587,0.0005790572,0.0018058438,0.0765438695,0.0134759545,0.1079222087,-0.0553100109,-0.0467200279,-0.0419923663,-0.0262398124,0.0419923663,0.0262398124,0.0134759545,0.1079222087
train:6886,-1,-1.7066205740,1.7584189546,-3.4650395286,-0.0093621838,0.0159901750,0.0023079269,0.0473685142,0.1098755598,-0.0716196299,0.1231932044,-0.0511394143,0.1231932044,0.0511394143,0.0023079269,0.0473685142
train:6892,0,-1.2217428684,-1.2223219257,0.0005790572,0.1477810759,0.1165134330,0.1594511867,0.1478917722,0.1504437923,0.0061948299,0.1637614369,0.0266750455,0.1637614369,0.0266750455,0.1594511867,0.1478917722
train:6893,0,1.0066483021,1.0060692448,0.0005790572,-0.1488088947,-0.0523894410,-0.1371387839,-0.0210111018,-0.1132075787,-0.1181910038,-0.0998899341,-0.0977107882,0.0998899341,0.0977107882,0.1371387839,0.0210111018
train:6897,0,-0.6475465894,-0.6481256466,0.0005790572,0.0638151784,0.0640929360,0.0754852891,0.0954712752,0.1079586148,0.0636488199,0.1212762594,0.0841290355,0.1212762594,0.0841290355,0.0754852891,0.0954712752
train:6918,0,1.0599052906,1.0593262334,0.0005790572,0.0388913769,0.0194605012,0.0505614877,0.0508388404,0.1144089699,0.0170658827,0.1277266145,0.0375460982,0.1277266145,0.0375460982,0.0505614877,0.0508388404
train:6926,0,-1.9329349995,-1.9335140567,0.0005790572,-0.0643127542,-0.0329642873,-0.0526426435,-0.0015859481,-0.0072520971,-0.0391733646,0.0060655475,-0.0186931491,0.0060655475,0.0186931491,0.0526426435,0.0015859481
train:6931,0,-2.4931437969,-2.4937228542,0.0005790572,0.1123204846,-0.0139366966,0.1239905953,0.0174416426,-0.0561952591,0.1127879620,-0.0428776145,0.1332681775,0.0428776145,0.1332681775,0.1239905953,0.0174416426
train:6942,0,2.1444032192,2.1438241620,0.0005790572,-0.0176700931,0.0355718751,-0.0059999824,0.0669502143,-0.0108354092,0.0339543819,0.0024822354,0.0544345975,0.0024822354,0.0544345975,0.0059999824,0.0669502143
train:6943,0,2.0014808178,2.0009017606,0.0005790572,-0.0005571227,0.0442232508,0.0111129880,0.0756015900,0.0063852072,-0.0447473526,0.0197028518,-0.0242671371,0.0197028518,0.0242671371,0.0111129880,0.0756015900
train:6949,0,1.2462899685,1.2457109113,0.0005790572,-0.0864995103,-0.1160846334,-0.0748293996,-0.0847062942,-0.1078895330,-0.0241041183,-0.0945718884,-0.0036239028,0.0945718884,0.0036239028,0.0748293996,0.0847062942
train:6950,0,-1.7661650181,-1.7667440753,0.0005790572,-0.0090644937,-0.2375785690,0.0026056170,-0.2062002298,-0.0630578995,-0.1449105740,-0.0497402549,-0.1244303584,0.0497402549,0.1244303584,0.0026056170,0.2062002298
train:6951,0,1.6229617596,1.6223827023,0.0005790572,-0.0913956743,-0.1218635421,-0.0797255635,-0.0904852029,-0.0845873356,-0.0617678165,-0.0712696910,-0.0412876010,0.0712696910,0.0412876010,0.0797255635,0.0904852029
train:6952,0,1.0353534222,1.0347743649,0.0005790572,-0.0849105697,-0.0558205228,-0.0732404590,-0.0244421836,-0.0836508274,-0.0902786255,-0.0703331828,-0.0697984099,0.0703331828,0.0697984099,0.0732404590,0.0244421836
train:6953,0,-1.4861919880,-1.4867710452,0.0005790572,-0.0031302552,0.0501976628,0.0085398555,0.0815760020,-0.0221114159,-0.0088398457,-0.0087937713,0.0116403699,0.0087937713,0.0116403699,0.0085398555,0.0815760020
train:6954,0,-1.4304214716,-1.4310005288,0.0005790572,-0.0287250858,0.0259717126,-0.0170549750,0.0573500518,-0.2142332792,-0.0780938864,-0.2009156346,-0.0576136708,0.2009156346,0.0576136708,0.0170549750,0.0573500518
train:6963,0,1.3818815947,1.3813025374,0.0005790572,-0.0017283540,0.0205901284,0.0099417567,0.0519684676,-0.1420525312,-0.0677920580,-0.1287348866,-0.0473118424,0.1287348866,0.0473118424,0.0099417567,0.0519684676
train:6966,0,-0.3878713846,-0.3884504419,0.0005790572,-0.0152792614,-0.1506875437,-0.0036091506,-0.1193092045,-0.0220775306,-0.0346186459,-0.0087598860,-0.0141384304,0.0087598860,0.0141384304,0.0036091506,0.1193092045
train:7001,0,2.3427758217,2.3421967644,0.0005790572,-0.3558225017,-0.4317240100,-0.3441523910,-0.4003456708,-0.3168995380,-0.4796981812,-0.3035818934,-0.4592179656,0.3035818934,0.4592179656,0.3441523910,0.4003456708
train:7006,0,-1.4633595943,-1.4639386516,0.0005790572,0.0577246566,0.0983678717,0.0693947673,0.1297462109,0.0130310059,-0.0027472973,0.0263486505,0.0177329183,0.0263486505,0.0177329183,0.0693947673,0.1297462109
train:7007,0,-1.3454469442,-1.3460260015,0.0005790572,0.0585151334,-0.0107943397,0.0701852441,0.0205839995,-0.0595616102,0.0131243467,-0.0462439656,0.0336045623,0.0462439656,0.0336045623,0.0701852441,0.0205839995
train:7013,0,1.0908795595,1.0903005023,0.0005790572,-0.0800878387,-0.0512887817,-0.0684177279,-0.0199104425,0.0324207544,-0.0646568537,0.0457383990,-0.0441766381,0.0457383990,0.0441766381,0.0684177279,0.0199104425
train:7014,0,-1.8547650576,-1.8553441148,0.0005790572,0.3313164134,0.1284573693,0.3429865241,0.1598357085,0.1872149706,0.2978743315,0.2005326152,0.3183545470,0.2005326152,0.3183545470,0.3429865241,0.1598357085
train:7017,0,0.1579502672,0.1573712100,0.0005790572,0.0220737029,-0.0089783799,0.0337438136,0.0223999593,0.6770090908,0.2202008665,0.6903267354,0.2406810820,0.6903267354,0.2406810820,0.0337438136,0.0223999593
train:7019,0,-3.1195852757,-3.1201643329,0.0005790572,0.0129569192,-0.0042967181,0.0246270299,0.0270816211,0.0623242855,-0.0870375633,0.0756419301,-0.0665573478,0.0756419301,0.0665573478,0.0246270299,0.0270816211
train:7023,0,2.4404888153,2.4399097581,0.0005790572,-0.1372062545,0.0294023175,-0.1255361438,0.0607806567,0.0398552418,0.0196514130,0.0531728864,0.0401316285,0.0531728864,0.0401316285,0.1255361438,0.0607806567
train:7025,0,1.4039274454,1.4033483882,0.0005790572,-0.5303674321,-0.6353762727,-0.5186973214,-0.6039979335,-0.5681281090,-0.4946156740,-0.5548104644,-0.4741354585,0.5548104644,0.4741354585,0.5186973214,0.6039979335
train:7028,0,2.8830497265,2.8824706692,0.0005790572,0.0484023709,0.0543304105,0.0600724816,0.0857087497,0.0403301716,0.0673563480,0.0536478162,0.0878365636,0.0536478162,0.0878365636,0.0600724816,0.0857087497
train:7034,0,2.1999738216,2.1993947644,0.0005790572,-0.1201292854,-0.0436496120,-0.1084591746,-0.0122712728,-0.0505425930,-0.0527193546,-0.0372249484,-0.0322391391,0.0372249484,0.0322391391,0.1084591746,0.0122712728
train:7035,0,-2.8326511383,-2.8332301955,0.0005790572,-0.2379903178,-0.4056383949,-0.2263202071,-0.3742600557,-0.0840506554,-0.3962485790,-0.0707330108,-0.3757683635,0.0707330108,0.3757683635,0.2263202071,0.3742600557
train:7037,0,-1.5152460337,-1.5158250909,0.0005790572,-0.0634970050,-0.0314478259,-0.0518268943,-0.0000694867,-0.0623587370,-0.0119136572,-0.0490410924,0.0085665584,0.0490410924,0.0085665584,0.0518268943,0.0000694867
train:7051,0,1.8797440529,1.8791649956,0.0005790572,-0.0278907399,-0.0502131562,-0.0162206292,-0.0188348170,0.0407447815,-0.0067689419,0.0540624261,0.0137112737,0.0540624261,0.0137112737,0.0162206292,0.0188348170
train:7053,0,0.4911555946,0.4905765373,0.0005790572,0.0123269875,0.1116589029,0.0239970982,0.1430372421,0.0579008162,0.1249361336,0.0712184608,0.1454163492,0.0712184608,0.1454163492,0.0239970982,0.1430372421
train:7058,0,0.0915761665,0.0909971092,0.0005790572,0.1256870795,0.0406819452,0.1373571903,0.0720602844,0.0042390898,0.1431038901,0.0175567344,0.1635841057,0.0175567344,0.1635841057,0.1373571903,0.0720602844
train:7061,0,1.4586262703,1.4580472131,0.0005790572,-0.0053951125,-0.0362096410,0.0062749982,-0.0048313018,-0.0285024643,0.0131971836,-0.0151848197,0.0336773992,0.0151848197,0.0336773992,0.0062749982,0.0048313018
train:7066,0,2.6602127552,2.6596336980,0.0005790572,0.0186043401,0.0409186501,0.0302744508,0.0722969893,0.0814833641,-0.0467586517,0.0948010087,-0.0262784362,0.0948010087,0.0262784362,0.0302744508,0.0722969893
train:7077,0,1.7264229059,1.7258438487,0.0005790572,-0.0518445354,-0.0734687429,-0.0401744246,-0.0420904037,-0.0604184866,-0.0430523157,-0.0471008420,-0.0225721002,0.0471008420,0.0225721002,0.0401744246,0.0420904037
train:7087,0,2.3939325809,2.3933535237,0.0005790572,0.0112927575,0.0391948838,0.0229628682,0.0705732230,0.0345540047,0.1463077068,0.0478716493,0.1667879224,0.0478716493,0.1667879224,0.0229628682,0.0705732230
train:7093,0,0.5008005500,0.5002214927,0.0005790572,-0.0235817414,0.1495215912,-0.0119116306,0.1808999304,-0.1118448377,-0.1040682197,-0.0985271931,-0.0835880041,0.0985271931,0.0835880041,0.0119116306,0.1808999304
train:7094,0,0.4923097193,0.4917306621,0.0005790572,-0.3350231927,-0.3823829572,-0.3233530819,-0.3510046180,-0.2875576913,-0.4315947592,-0.2742400467,-0.4111145437,0.2742400467,0.4111145437,0.3233530819,0.3510046180
train:7095,0,-3.9101090431,-3.9106881004,0.0005790572,-0.0487245898,-0.1329316478,-0.0370544791,-0.1015533086,-0.2740032673,-0.1936182976,-0.2606856227,-0.1731380820,0.2606856227,0.1731380820,0.0370544791,0.1015533086
train:7098,0,0.7247298956,0.7241508384,0.0005790572,-0.0723578911,0.0280429144,-0.0606877804,0.0594212536,-0.0434018373,-0.0225133300,-0.0300841928,-0.0020331144,0.0300841928,0.0020331144,0.0606877804,0.0594212536
train:7107,0,0.4673103690,0.4667313118,0.0005790572,-0.0434037428,-0.0030223410,-0.0317336321,0.0283559982,-0.0236020386,0.0147111416,-0.0102843940,0.0351913571,0.0102843940,0.0351913571,0.0317336321,0.0283559982
train:7128,0,-2.6745333672,-2.6751124244,0.0005790572,-0.1121074538,-0.0091685634,-0.1004373431,0.0222097758,-0.1852514744,-0.1137814522,-0.1719338298,-0.0933012366,0.1719338298,0.0933012366,0.1004373431,0.0222097758
train:7138,0,2.1026885509,2.1021094937,0.0005790572,0.0424140115,0.0395196099,0.0540841222,0.0708979491,0.0039017200,0.0239346027,0.0172193646,0.0444148183,0.0172193646,0.0444148183,0.0540841222,0.0708979491
train:7148,0,1.5004726648,1.4998936076,0.0005790572,0.0227118153,-0.0173184257,0.0343819261,0.0140599135,0.0516470671,0.0295356512,0.0649647117,0.0500158668,0.0649647117,0.0500158668,0.0343819261,0.0140599135
train:7149,0,0.6537525058,0.6531734485,0.0005790572,-0.1554126125,-0.2750846129,-0.1437425017,-0.2437062737,-0.0684193969,-0.1429265738,-0.0551017523,-0.1224463582,0.0551017523,0.1224463582,0.1437425017,0.2437062737
train:7151,0,1.3272141218,1.3266350646,0.0005790572,-0.1204293351,0.0070691724,-0.1087592244,0.0384475116,-0.1891227961,-0.1231826544,-0.1758051515,-0.1027024388,0.1758051515,0.1027024388,0.1087592244,0.0384475116
train:7155,0,-2.0977234840,-2.0983025413,0.0005790572,-0.1527474504,-0.2063335757,-0.1410773396,-0.1749552365,-0.1896358728,-0.1837892532,-0.1763182282,-0.1633090377,0.1763182282,0.1633090377,0.1410773396,0.1749552365
train:7162,0,-1.2128373384,-1.2134163957,0.0005790572,-0.3717805128,-0.3448722940,-0.3601104021,-0.3134939548,-0.3992409706,-0.3521810770,-0.3859233260,-0.3317008615,0.3859233260,0.3317008615,0.3601104021,0.3134939548
train:7164,0,3.1972842216,3.1967051644,0.0005790572,-0.0573033672,-0.0679220538,-0.0456332564,-0.0365437146,0.1019990444,-0.0964381695,0.1153166890,-0.0759579539,0.1153166890,0.0759579539,0.0456332564,0.0365437146
train:7171,0,1.8072290421,1.8066499848,0.0005790572,0.0947845597,0.0563305039,0.1064546704,0.0877088431,0.0248695612,0.0543756485,0.0381872058,0.0748558640,0.0381872058,0.0748558640,0.1064546704,0.0877088431
train:7180,0,0.9146913290,0.9141122718,0.0005790572,-0.1172940116,-0.0678651910,-0.1056239009,-0.0364868518,-0.0375598669,-0.0044965148,-0.0242422223,0.0159837008,0.0242422223,0.0159837008,0.1056239009,0.0364868518
train:7186,0,-3.6746175289,-3.6751965862,0.0005790572,0.1796863694,0.1697710175,0.1913564801,0.2011493567,-0.0123901367,0.2489883900,0.0009275079,0.2694686055,0.0009275079,0.2694686055,0.1913564801,0.2011493567
train:7199,0,0.0038926974,0.0033136402,0.0005790572,0.0330197830,-0.0100895446,0.0446898937,0.0212887946,0.0204218701,0.0026330203,0.0337395146,0.0231132358,0.0337395146,0.0231132358,0.0446898937,0.0212887946
train:7200,0,-2.4343278408,-2.4349068980,0.0005790572,0.2058737893,0.0719960351,0.2175439000,0.1033743743,-0.1023163795,0.0423262119,-0.0889987350,0.0628064275,0.0889987350,0.0628064275,0.2175439000,0.1033743743
train:7206,0,1.7307788134,1.7301997561,0.0005790572,-0.0192845445,0.0085429568,-0.0076144338,0.0399212960,0.0523821115,0.0496560335,0.0656997561,0.0701362491,0.0656997561,0.0701362491,0.0076144338,0.0399212960
train:7211,0,-2.0501320362,-2.0507110934,0.0005790572,-0.0805779081,-0.1889753919,-0.0689077973,-0.1575970527,0.0558059216,-0.0408980846,0.0691235662,-0.0204178691,0.0691235662,0.0204178691,0.0689077973,0.1575970527
train:7214,0,1.2354180813,1.2348390240,0.0005790572,-0.0675608497,-0.2573021035,-0.0558907390,-0.2259237643,0.0389003754,-0.1544032097,0.0522180200,-0.1339229941,0.0522180200,0.1339229941,0.0558907390,0.2259237643
train:7216,0,2.6634242535,2.6628451962,0.0005790572,-0.0745980125,-0.1019336562,-0.0629279017,-0.0705553170,0.0538811684,-0.1416821480,0.0671988130,-0.1212019324,0.0671988130,0.1212019324,0.0629279017,0.0705553170
train:7222,0,1.3554582596,1.3548792023,0.0005790572,0.0088486094,-0.0142762046,0.0205187201,0.0171021346,0.1203269958,0.0254652500,0.1336446404,0.0459454656,0.1336446404,0.0459454656,0.0205187201,0.0171021346
train:7223,0,-3.0481560230,-3.0487350803,0.0005790572,0.1164613385,0.0336502213,0.1281314492,0.0650285605,-0.0641589165,-0.1389572620,-0.0508412719,-0.1184770465,0.0508412719,0.1184770465,0.1281314492,0.0650285605
train:7225,0,0.0075033992,0.0069243419,0.0005790572,0.0022836807,0.0005326602,0.0139537915,0.0319109994,-0.0891686068,-0.0052513317,-0.0758509622,0.0152288838,0.0758509622,0.0152288838,0.0139537915,0.0319109994
train:7226,0,1.9827470779,1.9821680207,0.0005790572,0.0424041171,0.0291401763,0.0540742278,0.0605185155,0.0524470806,0.0015213490,0.0657647252,0.0220015645,0.0657647252,0.0220015645,0.0540742278,0.0605185155
train:7229,0,-0.0558748245,-0.0564538818,0.0005790572,0.0312948618,0.0118495021,0.0429649726,0.0432278413,0.0027006567,-0.0245674253,0.0160183012,-0.0040872097,0.0160183012,0.0040872097,0.0429649726,0.0432278413
train:7237,0,2.9490060806,2.9484270234,0.0005790572,-0.0946864467,-0.1217131000,-0.0830163360,-0.0903347608,-0.1174561977,-0.0252406597,-0.1041385531,-0.0047604442,0.1041385531,0.0047604442,0.0830163360,0.0903347608
train:7238,0,1.1408656836,1.1402866263,0.0005790572,-0.0805043559,-0.0732597690,-0.0688342452,-0.0418814298,-0.0199915171,-0.0936995745,-0.0066738725,-0.0732193589,0.0066738725,0.0732193589,0.0688342452,0.0418814298
train:7251,0,0.7385644913,0.7379854340,0.0005790572,0.0173065681,-0.0357169490,0.0289766788,-0.0043386098,0.0131605864,-0.0282359123,0.0264782310,-0.0077556968,0.0264782310,0.0077556968,0.0289766788,0.0043386098
train:7257,0,1.9395987988,1.9390197415,0.0005790572,-0.0366659742,-0.0221887212,-0.0249958634,0.0091896180,0.0064747334,0.0109927654,0.0197923779,0.0314729810,0.0197923779,0.0314729810,0.0249958634,0.0091896180
train:7260,0,1.3727841377,1.3722050805,0.0005790572,-0.2831377368,-0.1548435073,-0.2714676261,-0.1234651681,-0.4623255730,-0.3424127102,-0.4490079284,-0.3219324946,0.4490079284,0.3219324946,0.2714676261,0.1234651681
train:7261,0,2.4132163525,2.4126372952,0.0005790572,0.1159833092,0.1182976384,0.1276534200,0.1496759776,0.1188988686,-0.0074613094,0.1322165132,0.0130189061,0.1322165132,0.0130189061,0.1276534200,0.1496759776
train:7263,0,1.4764549732,1.4758759160,0.0005790572,-0.0296772104,0.0005350728,-0.0180070996,0.0319134120,-0.0442615747,-0.0581138134,-0.0309439301,-0.0376335979,0.0309439301,0.0376335979,0.0180070996,0.0319134120
train:7264,0,-0.2557438612,-0.2563229184,0.0005790572,-0.0317102652,0.0386610050,-0.0200401545,0.0700393442,0.0587818325,0.0138313770,0.0720994771,0.0343115926,0.0720994771,0.0343115926,0.0200401545,0.0700393442
train:7265,0,1.4932826757,1.4927036185,0.0005790572,-0.0428552013,-0.0401313882,-0.0311850905,-0.0087530490,-0.0164502859,-0.0346831083,-0.0031326413,-0.0142028928,0.0031326413,0.0142028928,0.0311850905,0.0087530490
train:7268,0,-3.6060476303,-3.6066266875,0.0005790572,-0.0256349426,-0.2739219051,-0.0139648318,-0.2425435659,0.0326275826,-0.2493443489,0.0459452271,-0.2288641334,0.0459452271,0.2288641334,0.0139648318,0.2425435659
train:7277,0,1.0670496225,1.0664705653,0.0005790572,-0.0551795345,-0.0202023368,-0.0435094237,0.0111760024,-0.0412477255,-0.0494390726,-0.0279300809,-0.0289588571,0.0279300809,0.0289588571,0.0435094237,0.0111760024
train:7278,0,2.6061708927,2.6055918355,0.0005790572,-0.0845226627,0.0612757821,-0.0728525519,0.0926541213,-0.0263834000,-0.0343248844,-0.0130657554,-0.0138446689,0.0130657554,0.0138446689,0.0728525519,0.0926541213
train:7287,0,1.4394575357,1.4388784785,0.0005790572,0.0173681397,-0.0310353618,0.0290382504,0.0003429774,0.0619207621,0.0006505251,0.0752384067,0.0211307406,0.0752384067,0.0211307406,0.0290382504,0.0003429774
train:7288,0,-3.0901627541,-3.0907418113,0.0005790572,0.2317541260,0.0537429471,0.2434242368,0.0851212863,0.1841194630,0.0613603592,0.1974371076,0.0818405747,0.1974371076,0.0818405747,0.2434242368,0.0851212863
train:7289,0,-0.0696650520,-0.0702441092,0.0005790572,-0.0095989834,-0.0454713683,0.0020711273,-0.0140930291,0.0315568522,-0.0012633428,0.0448744968,0.0192168728,0.0448744968,0.0192168728,0.0020711273,0.0140930291
train:7292,0,0.8383908868,0.8378118295,0.0005790572,-0.0175104122,-0.1347700935,-0.0058403015,-0.1033917543,-0.2301341891,-0.3903495669,-0.2168165445,-0.3698693514,0.2168165445,0.3698693514,0.0058403015,0.1033917543
train:7295,0,1.4891320467,1.4885529895,0.0005790572,-0.1943642478,-0.2089868169,-0.1826941371,-0.1776084777,-0.2229329348,-0.2340432405,-0.2096152902,-0.2135630250,0.2096152902,0.2135630250,0.1826941371,0.1776084777
train:7297,0,-0.0749069899,-0.0754860472,0.0005790572,-0.0587621983,-0.0327383932,-0.0470920876,-0.0013600539,-0.0604828745,-0.0243972689,-0.0471652299,-0.0039170533,0.0471652299,0.0039170533,0.0470920876,0.0013600539
train:7298,0,0.0697443634,0.0691653062,0.0005790572,0.0335417632,-0.0999110322,0.0452118739,-0.0685326930,-0.0815215260,0.0346935391,-0.0682038814,0.0551737547,0.0682038814,0.0551737547,0.0452118739,0.0685326930
train:7301,0,-2.2293941975,-2.2299732547,0.0005790572,-0.0160643440,-0.0582951884,-0.0043942332,-0.0269168492,-0.0514516830,-0.1359395981,-0.0381340384,-0.1154593825,0.0381340384,0.1154593825,0.0043942332,0.0269168492
train:7308,0,2.2939541340,2.2933750767,0.0005790572,-0.0796567779,-0.1141864639,-0.0679866672,-0.0828081247,-0.0449304581,-0.1164269447,-0.0316128135,-0.0959467292,0.0316128135,0.0959467292,0.0679866672,0.0828081247
train:7310,0,-2.5270032883,-2.5275823455,0.0005790572,-1.0425541978,-0.8527058940,-1.0308840871,-0.8213275548,-0.7819893360,-0.9146120548,-0.7686716914,-0.8941318393,0.7686716914,0.8941318393,1.0308840871,0.8213275548
train:7317,0,2.5352840424,2.5347049851,0.0005790572,0.0299215932,-0.0041245799,0.0415917039,0.0272537593,0.0076014996,-0.0182886124,0.0209191442,0.0021916032,0.0209191442,0.0021916032,0.0415917039,0.0272537593
train:7318,0,1.9191751480,1.9185960908,0.0005790572,-0.0243750196,-0.0661440473,-0.0127049088,-0.0347657081,-0.0082633495,-0.0404820442,0.0050542951,-0.0200018287,0.0050542951,0.0200018287,0.0127049088,0.0347657081
train:7321,0,2.4276435375,2.4270644803,0.0005790572,-0.0023779254,0.0258465428,0.0092921853,0.0572248820,-0.0248756409,0.0399785042,-0.0115579963,0.0604587197,0.0115579963,0.0604587197,0.0092921853,0.0572248820
train:7335,0,2.3256251812,2.3250461240,0.0005790572,0.0814154763,0.0506628175,0.0930855870,0.0820411567,-0.0203180313,0.0318658352,-0.0070003867,0.0523460507,0.0070003867,0.0523460507,0.0930855870,0.0820411567
train:7338,0,-3.1689424515,-3.1695215087,0.0005790572,-0.2069033962,-0.2295276504,-0.1952332854,-0.1981493112,-0.3465449810,-0.3216857910,-0.3332273364,-0.3012055755,0.3332273364,0.3012055755,0.1952332854,0.1981493112
train:7348,0,0.6191402078,0.6185611505,0.0005790572,-0.0884697418,-0.2465950828,-0.0767996311,-0.2152167436,-0.2006152272,-0.1729065776,-0.1872975826,-0.1524263620,0.1872975826,0.1524263620,0.0767996311,0.2152167436
train:7357,0,-0.4749772549,-0.4755563121,0.0005790572,0.0399740357,-0.0519386809,0.0516441464,-0.0205603417,-0.0644348562,-0.0247849822,-0.0511172116,-0.0043047667,0.0511172116,0.0043047667,0.0516441464,0.0205603417
train:7359,0,1.0584268570,1.0578477998,0.0005790572,0.0523659606,-0.0500546079,0.0640360713,-0.0186762687,0.1562871933,-0.0253469944,0.1696048379,-0.0048667789,0.1696048379,0.0048667789,0.0640360713,0.0186762687
train:7369,0,1.5240545273,1.5234754700,0.0005790572,0.0077856202,0.0561649222,0.0194557309,0.0875432614,-0.1086428165,-0.0315392017,-0.0953251719,-0.0110589862,0.0953251719,0.0110589862,0.0194557309,0.0875432614
train:7370,0,-0.5005428195,-0.5011218767,0.0005790572,-0.2001396995,-0.0229070466,-0.1884695888,0.0084712926,-0.0883425772,0.0550740957,-0.0750249326,0.0755543113,0.0750249326,0.0755543113,0.1884695888,0.0084712926
train:7371,0,2.5861253738,2.5855463166,0.0005790572,-0.0055651050,-0.0602173190,0.0061050057,-0.0288389798,-0.0231864452,0.0146341324,-0.0098688006,0.0351143479,0.0098688006,0.0351143479,0.0061050057,0.0288389798
train:7374,0,-0.7469523549,-0.7475314121,0.0005790572,0.1110976357,-0.1266298275,0.1227677464,-0.0952514883,0.1589147449,-0.2194572687,0.1722323895,-0.1989770532,0.1722323895,0.1989770532,0.1227677464,0.0952514883
train:7380,0,2.3259015083,2.3253224511,0.0005790572,-0.0174846034,0.0734658856,-0.0058144927,0.1048442248,0.0033807755,-0.0851845741,0.0166984200,-0.0647043586,0.0166984200,0.0647043586,0.0058144927,0.1048442248
train:7385,0,-3.2813565731,-3.2819356303,0.0005790572,0.0728905816,-0.1452543121,0.0845606923,-0.1138759729,-0.0277583599,-0.1538896561,-0.0144407153,-0.1334094405,0.0144407153,0.1334094405,0.0845606923,0.1138759729
train:7387,0,-3.6574501991,-3.6580292564,0.0005790572,-0.0714680534,-0.0915254932,-0.0597979426,-0.0601471540,-0.1466152668,0.0895214081,-0.1332976222,0.1100016236,0.1332976222,0.1100016236,0.0597979426,0.0601471540
train:7390,0,0.6725527048,0.6719736476,0.0005790572,-0.0635064821,-0.0269010048,-0.0518363714,0.0044773344,-0.0153577328,-0.0288611054,-0.0020400882,-0.0083808899,0.0020400882,0.0083808899,0.0518363714,0.0044773344
train:7396,0,-2.7642943859,-2.7648734431,0.0005790572,-0.0201789718,-0.1864091735,-0.0085088611,-0.1550308343,-0.0610265732,-0.0579984188,-0.0477089286,-0.0375182033,0.0477089286,0.0375182033,0.0085088611,0.1550308343
train:7397,0,-2.7507345676,-2.7513136249,0.0005790572,0.2103179116,-0.0269169193,0.2219880223,0.0044614199,0.0688166618,0.1742122173,0.0821343064,0.1946924329,0.0821343064,0.1946924329,0.2219880223,0.0044614199
train:7400,0,0.3026793301,0.3021002729,0.0005790572,-0.0450240057,-0.0487267654,-0.0333538949,-0.0173484262,-0.0375748575,-0.0586123466,-0.0242572129,-0.0381321311,0.0242572129,0.0381321311,0.0333538949,0.0173484262
train:7416,0,-0.2983345985,-0.2989136558,0.0005790572,0.0562296827,-0.0343564730,0.0678997934,-0.0029781338,0.0853846371,0.0043625236,0.0987022817,0.0248427391,0.0987022817,0.0248427391,0.0678997934,0.0029781338
train:7419,0,0.6088717580,0.6082927007,0.0005790572,-0.1704633217,-0.0378088932,-0.1587932110,-0.0064305540,-0.1546270251,-0.0514309406,-0.1413093805,-0.0309507251,0.1413093805,0.0309507251,0.1587932110,0.0064305540
train:7420,0,1.1231787205,1.1225996632,0.0005790572,0.0191463847,-0.0194511991,0.0308164954,0.0119271401,-0.0786968470,0.0762484074,-0.0653792024,0.0967286229,0.0653792024,0.0967286229,0.0308164954,0.0119271401
train:7422,0,1.4287732840,1.4281942267,0.0005790572,-0.0451043229,-0.0582748037,-0.0334342122,-0.0268964645,-0.0016769171,-0.0124632120,0.0116407275,0.0080170035,0.0116407275,0.0080170035,0.0334342122,0.0268964645
train:7430,0,-1.4725728035,-1.4731518607,0.0005790572,-0.1299704890,-0.1311644893,-0.1183003783,-0.0997861501,-0.1393718719,-0.0779526234,-0.1260542274,-0.0574724078,0.1260542274,0.0574724078,0.1183003783,0.0997861501
train:7433,0,-0.6318603158,-0.6324393730,0.0005790572,-0.2924737017,-0.4213121813,-0.2808035910,-0.3899338421,-0.4808851331,-0.3403465152,-0.4675674886,-0.3198662996,0.4675674886,0.3198662996,0.2808035910,0.3899338421
train:7435,0,-5.9640588760,-5.9646379333,0.0005790572,0.1702507157,0.0717619080,0.1819208264,0.1031402472,0.1055145264,0.0782370567,0.1188321710,0.0987172723,0.1188321710,0.0987172723,0.1819208264,0.1031402472
train:7441,0,-3.7005293369,-3.7011083942,0.0005790572,-0.0889741760,-0.2736088615,-0.0773040652,-0.2422305223,-0.2186729908,-0.4614791870,-0.2053553462,-0.4409989715,0.2053553462,0.4409989715,0.0773040652,0.2422305223
train:7454,0,-2.0166459084,-2.0172249656,0.0005790572,-0.1094104629,-0.1723178010,-0.0977403522,-0.1409394618,-0.2875187397,0.0693683624,-0.2742010951,0.0898485780,0.2742010951,0.0898485780,0.0977403522,0.1409394618
train:7459,0,-0.8169662356,-0.8175452929,0.0005790572,0.4423840065,0.0347870011,0.4540541172,0.0661653403,0.4035525918,0.1683678627,0.4168702364,0.1888480783,0.4168702364,0.1888480783,0.4540541172,0.0661653403
train:7460,0,-0.2085127681,-0.2090918254,0.0005790572,-0.0136033725,-0.0297069084,-0.0019332618,0.0016714308,-0.0546325296,-0.1410237998,-0.0413148850,-0.1205435842,0.0413148850,0.1205435842,0.0019332618,0.0016714308
train:7462,0,-0.0515271574,-0.0521062147,0.0005790572,-0.2166856956,-0.1694818418,-0.2050155848,-0.1381035026,-0.1865569800,-0.1755509302,-0.1732393354,-0.1550707147,0.1732393354,0.1550707147,0.2050155848,0.1381035026
train:7465,0,0.1040652990,0.1034862418,0.0005790572,0.0643116180,0.0133501310,0.0759817287,0.0447284702,0.0140048862,0.0183940679,0.0273225307,0.0388742834,0.0273225307,0.0388742834,0.0759817287,0.0447284702
train:7472,0,-0.3911077082,-0.3916867655,0.0005790572,0.0248608310,-0.1517489832,0.0365309417,-0.1203706440,-0.2095674872,-0.1400755644,-0.1962498426,-0.1195953488,0.1962498426,0.1195953488,0.0365309417,0.1203706440
train:7475,0,1.7799340487,1.7793549914,0.0005790572,0.0512759108,0.0000956673,0.0629460216,0.0314740065,-0.0103644133,0.0451179743,0.0029532313,0.0655981898,0.0029532313,0.0655981898,0.0629460216,0.0314740065
train:7478,0,-2.0762856007,-2.0768646579,0.0005790572,-0.2435545306,-0.4281135183,-0.2318844199,-0.3967351791,-0.1405458450,-0.0197615623,-0.1272282004,0.0007186532,0.1272282004,0.0007186532,0.2318844199,0.3967351791
train:7480,0,1.0378490686,1.0372700114,0.0005790572,-0.2666470390,-0.1255403142,-0.2549769282,-0.0941619750,-0.3995717764,-0.4372185469,-0.3862541318,-0.4167383313,0.3862541318,0.4167383313,0.2549769282,0.0941619750
train:7489,0,-0.6678119302,-0.6683909874,0.0005790572,0.1640278716,-0.0664873700,0.1756979823,-0.0351090308,0.0114733577,0.0588709712,0.0247910023,0.0793511868,0.0247910023,0.0793511868,0.1756979823,0.0351090308
train:7495,0,1.8119035959,1.8113245387,0.0005790572,0.1058941502,0.0049298424,0.1175642610,0.0363081817,0.0283519030,0.0208371878,0.0416695476,0.0413174033,0.0416695476,0.0413174033,0.1175642610,0.0363081817
train:7496,0,2.6213715076,2.6207924504,0.0005790572,-0.1378285270,-0.0403472762,-0.1261584163,-0.0089689370,-0.0142421722,-0.0237562656,-0.0009245276,-0.0032760501,0.0009245276,0.0032760501,0.1261584163,0.0089689370
train:7519,0,1.1393986940,1.1388196368,0.0005790572,-0.0925255399,0.0258519072,-0.0808554292,0.0572302464,0.0272928476,0.0733031034,0.0406104922,0.0937833190,0.0406104922,0.0937833190,0.0808554292,0.0572302464
train:7523,0,1.4900132418,1.4894341845,0.0005790572,0.0709875245,0.0742806811,0.0826576352,0.1056590203,0.1693149805,0.4570188522,0.1826326251,0.4774990678,0.1826326251,0.4774990678,0.0826576352,0.1056590203
train:7527,0,0.6315258145,0.6309467573,0.0005790572,0.0511679668,-0.0381320696,0.0628380775,-0.0067537304,-0.0047703385,-0.0148536563,0.0085473061,0.0056265593,0.0085473061,0.0056265593,0.0628380775,0.0067537304
train:7537,0,-2.8885791302,-2.8891581874,0.0005790572,0.3170583863,0.0060277600,0.3287284970,0.0374060992,0.0347926617,-0.0601441860,0.0481103063,-0.0396639705,0.0481103063,0.0396639705,0.3287284970,0.0374060992
train:7538,0,2.0977902412,2.0972111840,0.0005790572,-0.1301190238,-0.0707768779,-0.1184489131,-0.0393985387,-0.0708961487,-0.0604908466,-0.0575785041,-0.0400106311,0.0575785041,0.0400106311,0.1184489131,0.0393985387
train:7541,0,-1.0570024252,-1.0575814824,0.0005790572,-0.1754694562,-0.2250592094,-0.1637993455,-0.1936808702,-0.1735973358,-0.1890111566,-0.1602796912,-0.1685309410,0.1602796912,0.1685309410,0.1637993455,0.1936808702
train:7542,0,-2.8141994476,-2.8147785049,0.0005790572,-0.1292628627,-0.1777021270,-0.1175927520,-0.1463237878,-0.1322283745,-0.0644419193,-0.1189107299,-0.0439617038,0.1189107299,0.0439617038,0.1175927520,0.1463237878
train:7543,-1,-1.8674798012,1.5975597274,-3.4650395286,-0.0670454133,-0.0756381381,-0.0553753026,-0.0442597989,-0.1758177280,-0.1654062271,-0.1625000834,-0.1449260116,0.1625000834,0.1449260116,0.0553753026,0.0442597989
train:7551,0,1.7806456089,1.7800665517,0.0005790572,0.1154101510,0.1706044097,0.1270802617,0.2019827489,0.1966130733,0.0934283733,0.2099307179,0.1139085889,0.2099307179,0.1139085889,0.1270802617,0.2019827489
train:7555,0,-3.9832522869,-3.9838313442,0.0005790572,0.2880612035,0.0261846204,0.2997313142,0.0575629596,0.1255838871,0.0588176250,0.1389015317,0.0792978406,0.1389015317,0.0792978406,0.2997313142,0.0575629596
train:7560,0,1.3131433725,1.3125643153,0.0005790572,-0.1644195895,-0.1070664506,-0.1527494788,-0.0756881114,-0.1348069906,-0.1656841040,-0.1214893460,-0.1452038884,0.1214893460,0.1452038884,0.1527494788,0.0756881114
train:7563,0,2.2298645973,2.2292855401,0.0005790572,0.0983791966,0.0143111367,0.1100493073,0.0456894759,0.0317299366,0.0956690311,0.0450475812,0.1161492467,0.0450475812,0.1161492467,0.1100493073,0.0456894759
train:7571,0,1.0158141851,1.0152351279,0.0005790572,0.0226231832,-0.0345464330,0.0342932940,-0.0031680938,0.0088583231,-0.0017611980,0.0221759677,0.0187190175,0.0221759677,0.0187190175,0.0342932940,0.0031680938
train:7572,0,1.4465832710,1.4460042138,0.0005790572,0.0498176236,-0.0047828536,0.0614877343,0.0265954856,0.0506510735,0.0429627895,0.0639687181,0.0634430051,0.0639687181,0.0634430051,0.0614877343,0.0265954856
train:7574,0,-0.4723317623,-0.4729108196,0.0005790572,-0.0132895987,-0.0594119709,-0.0016194880,-0.0280336317,-0.0289674103,-0.0894122124,-0.0156497657,-0.0689319968,0.0156497657,0.0689319968,0.0016194880,0.0280336317
train:7575,0,-0.0915336981,-0.0921127554,0.0005790572,0.0877334122,-0.1203624960,0.0994035229,-0.0889841568,-0.0797569752,-0.0554458573,-0.0664393306,-0.0349656418,0.0664393306,0.0349656418,0.0994035229,0.0889841568
train:7578,0,-0.4319038093,-0.4324828665,0.0005790572,0.1080507953,0.0406541247,0.1197209060,0.0720324639,-0.1639783978,0.1741800010,-0.1506607533,0.1946602166,0.1506607533,0.1946602166,0.1197209060,0.0720324639
train:7580,0,-0.2628926039,-0.2634716611,0.0005790572,0.0222546775,-0.0899257939,0.0339247882,-0.0585474547,0.0267221332,0.0045486689,0.0400397778,0.0250288844,0.0400397778,0.0250288844,0.0339247882,0.0585474547
train:7586,0,1.1534031630,1.1528241057,0.0005790572,-0.0645051580,-0.0843614917,-0.0528350472,-0.0529831525,0.0218411684,-0.0393017530,0.0351588130,-0.0188215375,0.0351588130,0.0188215375,0.0528350472,0.0529831525
train:7592,0,-3.0654745102,-3.0660535674,0.0005790572,-0.0734128337,-0.1757315974,-0.0617427230,-0.1443532582,-0.1210210323,-0.1935620308,-0.1077033877,-0.1730818152,0.1077033877,0.1730818152,0.0617427230,0.1443532582
train:7594,0,0.1199854538,0.1194063965,0.0005790572,-0.0534614678,-0.0548511352,-0.0417913571,-0.0234727960,-0.0173945203,-0.0353238359,-0.0040768757,-0.0148436204,0.0040768757,0.0148436204,0.0417913571,0.0234727960
train:7598,0,1.7995039225,1.7989248652,0.0005790572,0.0007652659,0.0167691130,0.0124353766,0.0481474522,0.0358176231,-0.0726920366,0.0491352677,-0.0522118211,0.0491352677,0.0522118211,0.0124353766,0.0481474522
train:7603,0,1.4961177111,1.4955386538,0.0005790572,0.0280490536,0.0941959042,0.0397191644,0.1255742434,0.0148552656,0.0673047304,0.0281729102,0.0877849460,0.0281729102,0.0877849460,0.0397191644,0.1255742434
train:7604,0,-0.0842133313,-0.0847923886,0.0005790572,0.0613527764,-0.0572166499,0.0730228871,-0.0258383107,0.0320411772,-0.0472430587,0.0453588217,-0.0267628431,0.0453588217,0.0267628431,0.0730228871,0.0258383107
train:7626,0,0.5553946495,0.5548155923,0.0005790572,0.0202801246,-0.0513940435,0.0319502354,-0.0200157043,0.0191882849,-0.0342601538,0.0325059295,-0.0137799382,0.0325059295,0.0137799382,0.0319502354,0.0200157043
train:7635,0,-0.1754247099,-0.1760037672,0.0005790572,-0.0456417035,0.0919772554,-0.0339715928,0.1233555946,-0.1011853963,-0.1113748848,-0.0878677517,-0.0908946693,0.0878677517,0.0908946693,0.0339715928,0.1233555946
train:7636,0,1.5490809679,1.5485019107,0.0005790572,-0.1412107330,-0.1537231784,-0.1295406222,-0.1223448392,-0.1438546181,-0.1090782881,-0.1305369735,-0.0885980725,0.1305369735,0.0885980725,0.1295406222,0.1223448392
train:7642,0,-0.0105997128,-0.0111787701,0.0005790572,-0.0044990787,-0.0423952946,0.0071710320,-0.0110169554,-0.0218411786,-0.0139701692,-0.0085235341,0.0065100463,0.0085235341,0.0065100463,0.0071710320,0.0110169554
train:7645,0,-4.0123553276,-4.0129343848,0.0005790572,0.2684977669,0.2420375962,0.2801678777,0.2734159354,-0.0184838772,0.0682187080,-0.0051662326,0.0886989236,0.0051662326,0.0886989236,0.2801678777,0.2734159354
train:7646,0,2.9805769920,2.9799979348,0.0005790572,-0.0101842265,-0.0087403636,0.0014858842,0.0226379756,-0.0232865810,-0.0082960129,-0.0099689364,0.0121842027,0.0099689364,0.0121842027,0.0014858842,0.0226379756
train:7650,0,1.2029917240,1.2024126668,0.0005790572,0.1204491277,0.2883358021,0.1321192384,0.3197141413,0.3617331982,0.3737983704,0.3750508428,0.3942785859,0.3750508428,0.3942785859,0.1321192384,0.3197141413
train:7654,0,-0.6085443497,-0.6091234069,0.0005790572,-0.6788716372,-0.6186046209,-0.6672015265,-0.5872262817,-0.5710323229,-0.5602980256,-0.5577146783,-0.5398178101,0.5577146783,0.5398178101,0.6672015265,0.5872262817
train:7657,0,1.2507308722,1.2501518149,0.0005790572,-0.0791550260,-0.0312815290,-0.0674849153,0.0000968102,-0.0008536577,-0.0209628344,0.0124639869,-0.0004826188,0.0124639869,0.0004826188,0.0674849153,0.0000968102
train:7661,0,2.9187417030,2.9181626458,0.0005790572,-0.0430254321,0.0181823392,-0.0313553214,0.0495606784,0.0462563038,-0.0777959824,0.0595739484,-0.0573157668,0.0595739484,0.0573157668,0.0313553214,0.0495606784
train:7677,0,-2.8752770424,-2.8758560996,0.0005790572,-0.0114147048,-0.1177734714,0.0002554059,-0.0863951322,-0.0816576481,-0.1287531853,-0.0683400035,-0.1082729697,0.0683400035,0.1082729697,0.0002554059,0.0863951322
train:7681,0,-4.1631689072,-4.1637479644,0.0005790572,0.3789613862,0.3044646401,0.3906314969,0.3358429793,0.1644740105,0.2188396454,0.1777916551,0.2393198609,0.1777916551,0.2393198609,0.3906314969,0.3358429793
train:7684,0,-1.1781086922,-1.1786877494,0.0005790572,-0.0869628768,-0.2524577360,-0.0752927661,-0.2210793968,-0.1323955059,0.0330297947,-0.1190778613,0.0535100102,0.1190778613,0.0535100102,0.0752927661,0.2210793968
train:7687,0,-2.5229210854,-2.5235001426,0.0005790572,-0.2846841197,-0.4990333896,-0.2730140090,-0.4676550504,-0.7028059959,-0.7684700489,-0.6894883513,-0.7479898334,0.6894883513,0.7479898334,0.2730140090,0.4676550504
train:7693,0,0.2538371682,0.2532581110,0.0005790572,0.0809009690,0.0239622314,0.0925710797,0.0553405706,-0.0041391253,-0.0748549700,0.0091785192,-0.0543747544,0.0091785192,0.0543747544,0.0925710797,0.0553405706
train:7699,0,0.6046299338,0.6040508766,0.0005790572,0.0092994590,-0.0722232442,0.0209695697,-0.0408449050,0.0422675014,-0.0427955389,0.0555851460,-0.0223153234,0.0555851460,0.0223153234,0.0209695697,0.0408449050
train:7701,-1,-3.2214443684,0.2435951602,-3.4650395286,-0.2057968307,-0.1028793383,-0.1941267200,-0.0715009991,0.0081963539,-0.3516736031,0.0215139985,-0.3311933875,0.0215139985,0.3311933875,0.1941267200,0.0715009991
train:7707,0,-0.3749599457,-0.3755390029,0.0005790572,0.0154725928,-0.0980525296,0.0271427035,-0.0666741904,-0.0684893429,-0.0478266180,-0.0551716983,-0.0273464024,0.0551716983,0.0273464024,0.0271427035,0.0666741904
train:7709,0,0.7016720176,0.7010929603,0.0005790572,-0.0479072910,0.0638455767,-0.0362371802,0.0952239159,-0.0213080049,-0.0385833979,-0.0079903603,-0.0181031823,0.0079903603,0.0181031823,0.0362371802,0.0952239159
train:7716,-2,-9.1209335327,-2.1902754183,-6.9306581144,-0.1264309760,-0.2851432438,-0.1147608652,-0.2537649046,-0.1994810104,-0.3762702942,-0.1861633658,-0.3557900786,0.1861633658,0.3557900786,0.1147608652,0.2537649046
train:7717,0,1.8306076527,1.8300285954,0.0005790572,-0.0553699117,-0.0639095884,-0.0436998010,-0.0325312492,-0.1741580963,0.0210492611,-0.1608404517,0.0415294766,0.1608404517,0.0415294766,0.0436998010,0.0325312492
train:7722,0,-4.3700108528,-4.3705899101,0.0005790572,0.0442155022,-0.0430137496,0.0558856130,-0.0116354104,0.0824103355,0.0069966316,0.0957279801,0.0274768472,0.0957279801,0.0274768472,0.0558856130,0.0116354104
train:7723,0,2.2636122704,2.2630332131,0.0005790572,-0.0459689479,-0.0424043517,-0.0342988372,-0.0110260125,-0.0683002472,-0.0297646523,-0.0549826026,-0.0092844367,0.0549826026,0.0092844367,0.0342988372,0.0110260125
train:7726,0,-1.9213585854,-1.9219376426,0.0005790572,-0.2187398057,-0.2731189113,-0.2070696950,-0.2417405721,-0.3957846165,-0.2880132198,-0.3824669719,-0.2675330043,0.3824669719,0.2675330043,0.2070696950,0.2417405721
train:7732,0,0.5475599766,0.5469809193,0.0005790572,0.1247403939,0.0930816252,0.1364105046,0.1244599644,0.0629569292,0.0625111163,0.0762745738,0.0829913318,0.0762745738,0.0829913318,0.1364105046,0.1244599644
train:7736,0,0.6188682914,0.6182892341,0.0005790572,0.0492611546,-0.0039662700,0.0609312654,0.0274120692,-0.0812996030,-0.0422497988,-0.0679819584,-0.0217695832,0.0679819584,0.0217695832,0.0609312654,0.0274120692
train:7743,0,1.8267486095,1.8261695523,0.0005790572,-0.0113105159,0.0054339785,0.0003595948,0.0368123177,0.1137816906,-0.1378526688,0.1270993352,-0.1173724532,0.1270993352,0.1173724532,0.0003595948,0.0368123177
train:7746,0,1.9797397852,1.9791607280,0.0005790572,-0.0109896045,-0.0375857930,0.0006805062,-0.0062074538,0.0061708689,-0.0177024603,0.0194885135,0.0027777553,0.0194885135,0.0027777553,0.0006805062,0.0062074538
train:7750,-2,-7.3372688293,-0.4066107150,-6.9306581144,0.0527081911,-0.1329344984,0.0643783018,-0.1015561592,-0.0562033653,0.7017221451,-0.0428857207,0.7222023606,0.0428857207,0.7222023606,0.0643783018,0.1015561592
train:7754,0,-3.3213446140,-3.3219236713,0.0005790572,-0.1925951820,-0.1510602813,-0.1809250712,-0.1196819421,-0.0173716545,-0.0892393589,-0.0040540099,-0.0687591434,0.0040540099,0.0687591434,0.1809250712,0.1196819421
train:7761,-1,-4.4466547966,-0.9816152680,-3.4650395286,-0.1881032217,-0.1383723247,-0.1764331110,-0.1069939855,0.0156440735,0.0042963028,0.0289617181,0.0247765183,0.0289617181,0.0247765183,0.1764331110,0.1069939855
train:7765,0,2.2656662464,2.2650871892,0.0005790572,-0.1444801669,-0.0512317996,-0.1328100562,-0.0198534604,-0.1431283951,-0.1403937340,-0.1298107505,-0.1199135184,0.1298107505,0.1199135184,0.1328100562,0.0198534604
train:7767,0,1.8225435019,1.8219644446,0.0005790572,-0.0826459508,-0.0847384315,-0.0709758401,-0.0533600923,0.0387427807,0.0767084360,0.0520604253,0.0971886516,0.0520604253,0.0971886516,0.0709758401,0.0533600923
train:7774,0,1.6857149601,1.6851359029,0.0005790572,0.1028736253,0.0108289141,0.1145437360,0.0422072533,0.1539167166,0.1033637524,0.1672343612,0.1238439679,0.1672343612,0.1238439679,0.1145437360,0.0422072533
train:7778,0,1.5089678764,1.5083888192,0.0005790572,0.0099481959,0.0553229470,0.0216183066,0.0867012862,0.0654954910,-0.0446879864,0.0788131356,-0.0242077708,0.0788131356,0.0242077708,0.0216183066,0.0867012862
train:7781,0,2.7717618942,2.7711828370,0.0005790572,-0.0495042186,-0.1278397422,-0.0378341079,-0.0964614030,0.0655040741,-0.0390186310,0.0788217187,-0.0185384154,0.0788217187,0.0185384154,0.0378341079,0.0964614030
train:7784,0,0.6015874147,0.6010083575,0.0005790572,-0.0456231218,-0.0506318193,-0.0339530110,-0.0192534801,-0.0139060020,-0.0706847310,-0.0005883574,-0.0502045155,0.0005883574,0.0502045155,0.0339530110,0.0192534801
train:7789,0,1.6396515369,1.6390724797,0.0005790572,0.0561668296,0.0932803769,0.0678369403,0.1246587161,0.1323839426,0.2128016949,0.1457015872,0.2332819104,0.1457015872,0.2332819104,0.0678369403,0.1246587161
train:7790,0,1.0057491064,1.0051700492,0.0005790572,0.0934504289,0.0969800968,0.1051205397,0.1283584360,-0.0398956537,0.0557802320,-0.0265780091,0.0762604475,0.0265780091,0.0762604475,0.1051205397,0.1283584360
train:7797,0,-0.7395131588,-0.7400922160,0.0005790572,0.1538772602,-0.0433695297,0.1655473709,-0.0119911905,-0.0451598167,0.0144363642,-0.0318421721,0.0349165797,0.0318421721,0.0349165797,0.1655473709,0.0119911905
train:7798,0,1.8946779966,1.8940989394,0.0005790572,0.0281975884,0.1182385106,0.0398676991,0.1496168498,-0.0461858511,0.0511716604,-0.0328682065,0.0716518760,0.0328682065,0.0716518760,0.0398676991,0.1496168498
train:7800,0,-3.4255568981,-3.4261359554,0.0005790572,0.2221534867,0.0027170796,0.2338235974,0.0340954188,0.0385007858,-0.0260660648,0.0518184304,-0.0055858493,0.0518184304,0.0055858493,0.2338235974,0.0340954188
train:7803,0,-4.1329941750,-4.1335732322,0.0005790572,0.0480507035,0.2505815644,0.0597208142,0.2819599036,0.2656908035,0.2831835747,0.2790084481,0.3036637902,0.2790084481,0.3036637902,0.0597208142,0.2819599036
train:7807,0,1.1086360216,1.1080569644,0.0005790572,-0.0665279012,0.0382586140,-0.0548577905,0.0696369532,-0.0256650448,-0.0377894640,-0.0123474002,-0.0173092484,0.0123474002,0.0173092484,0.0548577905,0.0696369532
train:7811,0,1.2663044930,1.2657254357,0.0005790572,0.0099186320,0.0432259459,0.0215887427,0.0746042851,-0.0519084930,0.0917925835,-0.0385908484,0.1122727990,0.0385908484,0.1122727990,0.0215887427,0.0746042851
train:7813,0,2.5448665619,2.5442875047,0.0005790572,0.0499363560,0.0478294511,0.0616064668,0.0792077903,0.0397307873,0.0655984879,0.0530484319,0.0860787034,0.0530484319,0.0860787034,0.0616064668,0.0792077903
train:7814,0,0.6041573286,0.6035782714,0.0005790572,-0.0460184198,-0.1957164388,-0.0343483090,-0.1643380996,0.0304404497,0.0767545104,0.0437580943,0.0972347260,0.0437580943,0.0972347260,0.0343483090,0.1643380996
train:7819,0,1.2308061123,1.2302270551,0.0005790572,-0.0789375882,-0.0059440713,-0.0672674775,0.0254342679,0.0278173685,0.0374746323,0.0411350131,0.0579548478,0.0411350131,0.0579548478,0.0672674775,0.0254342679
train:7822,0,0.1695648581,0.1689858008,0.0005790572,0.0464810971,-0.0068714749,0.0581512079,0.0245068643,-0.1235323697,-0.0151402205,-0.1102147251,0.0053399950,0.1102147251,0.0053399950,0.0581512079,0.0245068643
train:7825,0,1.5705227852,1.5699437279,0.0005790572,-0.0003610234,0.0479032416,0.0113090873,0.0792815808,0.1011558771,0.0000898838,0.1144735217,0.0205700994,0.1144735217,0.0205700994,0.0113090873,0.0792815808
train:7826,0,0.0584168956,0.0578378383,0.0005790572,0.1142884512,-0.0708930846,0.1259585619,-0.0395147454,-0.0334862247,-0.0154025480,-0.0201685801,0.0050776675,0.0201685801,0.0050776675,0.1259585619,0.0395147454
train:7842,0,1.0500453711,1.0494663138,0.0005790572,-0.0612164121,-0.0316156726,-0.0495463014,-0.0002373334,-0.0086648464,0.0122294426,0.0046527982,0.0327096581,0.0046527982,0.0327096581,0.0495463014,0.0002373334
train:7850,0,1.4177232981,1.4171442408,0.0005790572,-0.1113402229,-0.2027540784,-0.0996701121,-0.1713757392,-0.1651371717,-0.0045360327,-0.1518195271,0.0159441829,0.1518195271,0.0159441829,0.0996701121,0.1713757392
train:7852,0,0.6550160646,0.6544370074,0.0005790572,0.0043107290,-0.0150917750,0.0159808397,0.0162865642,-0.0465022326,-0.0238391757,-0.0331845880,-0.0033589602,0.0331845880,0.0033589602,0.0159808397,0.0162865642
train:7854,0,0.8442541957,0.8436751385,0.0005790572,0.0494741220,-0.0126510840,0.0611442327,0.0187272552,0.0143647790,0.0143828392,0.0276824236,0.0348630548,0.0276824236,0.0348630548,0.0611442327,0.0187272552
train:7864,0,-2.8618693352,-2.8624483924,0.0005790572,-0.5405811649,-0.6186537128,-0.5289110541,-0.5872753736,-0.2001359463,-0.5153903961,-0.1868183017,-0.4949101806,0.1868183017,0.4949101806,0.5289110541,0.5872753736
train:7867,0,1.6634086370,1.6628295798,0.0005790572,0.0162120480,-0.0164547544,0.0278821588,0.0149235848,0.0015814304,0.0211414099,0.0148990750,0.0416216254,0.0148990750,0.0416216254,0.0278821588,0.0149235848
train:7870,0,1.2863876820,1.2858086247,0.0005790572,-0.0778225045,0.0841727872,-0.0661523938,0.1155511264,-0.0125913620,0.0535011292,0.0007262826,0.0739813447,0.0007262826,0.0739813447,0.0661523938,0.1155511264
train:7876,0,1.7719360590,1.7713570018,0.0005790572,0.0239036698,0.0423662085,0.0355737805,0.0737445477,-0.0028434992,0.0216182470,0.0104741454,0.0420984626,0.0104741454,0.0420984626,0.0355737805,0.0737445477
train:7878,0,2.1947367191,2.1941576619,0.0005790572,-0.0623707156,0.0721662659,-0.0507006049,0.1035446051,0.0974340439,-0.0498678684,0.1107516885,-0.0293876529,0.1107516885,0.0293876529,0.0507006049,0.1035446051
train:7881,0,-2.2750058174,-2.2755848747,0.0005790572,0.0528469701,-0.1247400623,0.0645170808,-0.0933617231,-0.0515947342,-0.1128072739,-0.0382770896,-0.0923270583,0.0382770896,0.0923270583,0.0645170808,0.0933617231
train:7883,-1,-8.3016567230,-4.8366171944,-3.4650395286,-0.2591116059,-0.5512158502,-0.2474414952,-0.5198375110,-0.5342707634,-0.5117087364,-0.5209531188,-0.4912285209,0.5209531188,0.4912285209,0.2474414952,0.5198375110
train:7884,0,-1.9646099806,-1.9651890378,0.0005790572,0.0356904883,-0.0675579887,0.0473605990,-0.0361796495,0.0141099691,-0.1339446306,0.0274276137,-0.1134644151,0.0274276137,0.1134644151,0.0473605990,0.0361796495
train:7891,0,3.3891158104,3.3885367532,0.0005790572,0.0536304135,0.0714975018,0.0653005242,0.1028758410,0.1019332409,0.1436805725,0.1152508855,0.1641607881,0.1152508855,0.1641607881,0.0653005242,0.1028758410
train:7900,0,2.3312730789,2.3306940217,0.0005790572,0.0094309468,0.1413531918,0.0211010575,0.1727315310,0.0745680332,0.1039838791,0.0878856778,0.1244640946,0.0878856778,0.1244640946,0.0211010575,0.1727315310
train:7904,0,0.6020059586,0.6014269013,0.0005790572,-0.0788135510,-0.1734763365,-0.0671434402,-0.1420979973,-0.1053410769,-0.1040713787,-0.0920234323,-0.0835911632,0.0920234323,0.0835911632,0.0671434402,0.1420979973
train:7908,0,2.1170434952,2.1164644379,0.0005790572,-0.1665028911,-0.1266970020,-0.1548327804,-0.0953186628,-0.0908052921,-0.1922874451,-0.0774876475,-0.1718072295,0.0774876475,0.1718072295,0.1548327804,0.0953186628
train:7909,0,-2.6961996555,-2.6967787128,0.0005790572,0.0475145001,-0.0500437598,0.0591846108,-0.0186654206,-0.0220403671,0.0350954533,-0.0087227225,0.0555756688,0.0087227225,0.0555756688,0.0591846108,0.0186654206
train:7910,0,1.0957263708,1.0951473136,0.0005790572,-0.0151903014,-0.0176755767,-0.0035201907,0.0137027625,-0.0912472010,-0.0472718477,-0.0779295564,-0.0267916322,0.0779295564,0.0267916322,0.0035201907,0.0137027625
train:7921,0,-0.3293123543,-0.3298914116,0.0005790572,0.0259543080,0.0698006172,0.0376244187,0.1011789564,0.1189483404,0.0842859447,0.1322659850,0.1047661602,0.1322659850,0.1047661602,0.0376244187,0.1011789564
train:7925,0,2.9736995697,2.9731205125,0.0005790572,-0.0137886386,-0.0116309505,-0.0021185279,0.0197473887,0.0010774136,0.0477018356,0.0143950582,0.0681820512,0.0143950582,0.0681820512,0.0021185279,0.0197473887
train:7927,0,2.6507031918,2.6501241345,0.0005790572,-0.1279305797,-0.0686249118,-0.1162604690,-0.0372465726,-0.0096161366,0.0124423504,0.0037015080,0.0329225659,0.0037015080,0.0329225659,0.1162604690,0.0372465726
train:7931,0,2.2024831772,2.2019041199,0.0005790572,-0.1159488540,-0.0306546073,-0.1042787433,0.0007237319,0.0108902454,-0.0154457092,0.0242078900,0.0050345063,0.0242078900,0.0050345063,0.1042787433,0.0007237319
train:7932,0,1.3131475449,1.3125684876,0.0005790572,0.1604143996,0.0043018479,0.1720845103,0.0356801871,0.1239864826,0.2113752365,0.1373041272,0.2318554521,0.1373041272,0.2318554521,0.1720845103,0.0356801871
train:7942,0,-0.4932824969,-0.4938615542,0.0005790572,-0.1022847276,-0.1814994197,-0.0906146169,-0.1501210805,-0.2193000615,-0.1277477741,-0.2059824169,-0.1072675586,0.2059824169,0.1072675586,0.0906146169,0.1501210805
train:7947,0,0.4998117685,0.4992327113,0.0005790572,-0.0179008227,-0.0047281366,-0.0062307119,0.0266502026,0.0223314762,-0.0158339143,0.0356491208,0.0046463013,0.0356491208,0.0046463013,0.0062307119,0.0266502026
train:7950,0,-0.1519054025,-0.1524844598,0.0005790572,-0.0782874282,-0.0414236244,-0.0666173175,-0.0100452852,-0.0311851054,0.0687327832,-0.0178674608,0.0892129987,0.0178674608,0.0892129987,0.0666173175,0.0100452852
train:7951,0,-0.7110412717,-0.7116203289,0.0005790572,-0.1265560966,-0.1903639417,-0.1148859859,-0.1589856025,-0.1714970469,-0.2304069996,-0.1581794024,-0.2099267840,0.1581794024,0.2099267840,0.1148859859,0.1589856025
train:7954,0,-0.4584853053,-0.4590643625,0.0005790572,0.1580165047,0.0525292177,0.1696866155,0.0839075569,0.0276904404,0.2696167231,0.0410080850,0.2900969386,0.0410080850,0.2900969386,0.1696866155,0.0839075569
train:7957,0,0.6054725647,0.6048935075,0.0005790572,-0.1600089054,-0.0403709393,-0.1483387947,-0.0089926001,-0.1034945250,-0.0536268950,-0.0901768804,-0.0331466794,0.0901768804,0.0331466794,0.1483387947,0.0089926001
train:7958,0,-2.4518232346,-2.4524022918,0.0005790572,0.1248984952,-0.0241281371,0.1365686059,0.0072502021,-0.1262447834,-0.0461015701,-0.1129271388,-0.0256213546,0.1129271388,0.0256213546,0.1365686059,0.0072502021
train:7960,0,-1.8464000225,-1.8469790797,0.0005790572,0.2608659882,-0.0585671048,0.2725360990,-0.0271887656,0.2274882793,0.2101452351,0.2408059239,0.2306254506,0.2408059239,0.2306254506,0.2725360990,0.0271887656
train:7962,0,-3.1275627613,-3.1281418185,0.0005790572,-0.0128084998,0.1332991738,-0.0011383891,0.1646775130,0.0858461857,0.1480293274,0.0991638303,0.1685095429,0.0991638303,0.1685095429,0.0011383891,0.1646775130
train:7963,0,-6.2729077339,-6.2734867912,0.0005790572,-0.1139003616,-0.1609870773,-0.1022302508,-0.1296087381,-0.0380153656,-0.0046920776,-0.0246977210,0.0157881379,0.0246977210,0.0157881379,0.1022302508,0.1296087381
train:7971,0,0.0545172170,0.0539381597,0.0005790572,0.0491784234,-0.0328931045,0.0608485341,-0.0015147653,0.0237195939,0.0021120235,0.0370372385,0.0225922391,0.0370372385,0.0225922391,0.0608485341,0.0015147653
train:7977,0,-0.5241755843,-0.5247546416,0.0005790572,0.1153867860,0.1021408458,0.1270568967,0.1335191850,0.1491944194,0.1966289282,0.1625120640,0.2171091437,0.1625120640,0.2171091437,0.1270568967,0.1335191850
train:7981,-1,-1.0620366335,2.4030028951,-3.4650395286,-0.0228906501,0.0168429982,-0.0112205393,0.0482213374,0.1100856066,-0.0317329168,0.1234032512,-0.0112527013,0.1234032512,0.0112527013,0.0112205393,0.0482213374
train:7985,0,0.8483170867,0.8477380295,0.0005790572,0.0262877960,0.0349476356,0.0379579067,0.0663259748,-0.0044887662,-0.0271819830,0.0088288784,-0.0067017674,0.0088288784,0.0067017674,0.0379579067,0.0663259748
train:7991,0,-2.9871246815,-2.9877037387,0.0005790572,-0.0458273273,-0.2924780231,-0.0341572165,-0.2610996839,-0.1198811531,-0.3532085419,-0.1065635085,-0.3327283263,0.1065635085,0.3327283263,0.0341572165,0.2610996839
train:7993,0,0.8744773865,0.8738983292,0.0005790572,-0.0364235025,-0.1020430308,-0.0247533917,-0.0706646916,-0.0845228434,-0.0048726201,-0.0712051988,0.0156075954,0.0712051988,0.0156075954,0.0247533917,0.0706646916
train:7994,0,0.9658470750,0.9652680177,0.0005790572,-0.0256467443,0.0017986316,-0.0139766335,0.0331769708,-0.0487664342,-0.0620478988,-0.0354487896,-0.0415676832,0.0354487896,0.0415676832,0.0139766335,0.0331769708
train:7995,0,0.6732975245,0.6727184672,0.0005790572,-0.4198966604,-0.2279329281,-0.4082265496,-0.1965545889,-0.3745081425,-0.1180629134,-0.3611904979,-0.0975826979,0.3611904979,0.0975826979,0.4082265496,0.1965545889
train:7996,0,0.2344732434,0.2338941861,0.0005790572,-0.0900456141,-0.1642901432,-0.0783755034,-0.1329118040,-0.0399957448,-0.0801332444,-0.0266781002,-0.0596530288,0.0266781002,0.0596530288,0.0783755034,0.1329118040
train:8014,0,0.9267187119,0.9261396546,0.0005790572,-0.0485602002,-0.0874754768,-0.0368900895,-0.0560971376,-0.1715608835,-0.0180917978,-0.1582432389,0.0023884177,0.1582432389,0.0023884177,0.0368900895,0.0560971376
train:8020,0,2.1428217888,2.1422427315,0.0005790572,0.0422254224,-0.0076848846,0.0538955331,0.0236934546,0.0903019905,0.1371734142,0.1036196351,0.1576536298,0.1036196351,0.1576536298,0.0538955331,0.0236934546
train:8021,0,-0.9332187772,-0.9337978344,0.0005790572,0.0546193738,0.0047304053,0.0662894845,0.0361087445,0.0969910026,0.0394996405,0.1103086472,0.0599798560,0.1103086472,0.0599798560,0.0662894845,0.0361087445
train:8022,0,0.2047442496,0.2041651923,0.0005790572,0.0117042084,-0.0200171750,0.0233743191,0.0113611642,-0.1466553509,-0.1117280722,-0.1333377063,-0.0912478566,0.1333377063,0.0912478566,0.0233743191,0.0113611642
train:8036,0,0.5166358948,0.5160568375,0.0005790572,-0.1187444906,-0.1453399043,-0.1070743799,-0.1139615651,-0.0964730978,-0.0266422033,-0.0831554532,-0.0061619878,0.0831554532,0.0061619878,0.1070743799,0.1139615651
train:8038,0,-2.0311763287,-2.0317553859,0.0005790572,0.0669940133,-0.0391989331,0.0786641240,-0.0078205939,0.0766572952,-0.1439087391,0.0899749398,-0.1234285235,0.0899749398,0.1234285235,0.0786641240,0.0078205939
train:8041,0,0.1498478651,0.1492688079,0.0005790572,0.0039546807,0.0587724839,0.0156247914,0.0901508231,-0.0311664045,0.0330380946,-0.0178487599,0.0535183102,0.0178487599,0.0535183102,0.0156247914,0.0901508231
train:8044,0,2.3101539612,2.3095749039,0.0005790572,-0.0414409023,-0.0225016456,-0.0297707915,0.0088766936,0.0005364418,-0.0964589119,0.0138540864,-0.0759786963,0.0138540864,0.0759786963,0.0297707915,0.0088766936
train:8045,0,0.2014106214,0.2008315642,0.0005790572,-0.0041415971,-0.0830099862,0.0075285137,-0.0516316470,-0.0874293149,-0.1191654205,-0.0741116703,-0.0986852050,0.0741116703,0.0986852050,0.0075285137,0.0516316470
train:8052,0,-5.7422413826,-5.7428204398,0.0005790572,-5.7158852275,-5.1322628837,-5.7042151168,-5.1008845445,-5.6214786917,-3.0945053101,-5.6081610471,-3.0740250945,5.6081610471,3.0740250945,5.7042151168,5.1008845445
train:8058,0,1.3057206869,1.3051416297,0.0005790572,-0.0824739318,-0.0785607677,-0.0708038211,-0.0471824285,0.0462055206,-0.0247305632,0.0595231652,-0.0042503476,0.0595231652,0.0042503476,0.0708038211,0.0471824285
train:8059,0,-0.6119492650,-0.6125283222,0.0005790572,-0.3999415915,-0.4497575145,-0.3882714808,-0.4183791753,-0.4828247428,-0.4132090807,-0.4695070982,-0.3927288651,0.4695070982,0.3927288651,0.3882714808,0.4183791753
train:8061,0,0.4616421759,0.4610631187,0.0005790572,0.0877477546,0.1132351179,0.0994178653,0.1446134571,0.0663842559,-0.0212858617,0.0797019005,-0.0008056462,0.0797019005,0.0008056462,0.0994178653,0.1446134571
train:8062,0,2.8573334217,2.8567543645,0.0005790572,0.0118997712,-0.0111028533,0.0235698819,0.0202754859,0.0389885902,-0.0043301582,0.0523062348,0.0161500573,0.0523062348,0.0161500573,0.0235698819,0.0202754859
train:8065,0,2.2201397419,2.2195606847,0.0005790572,0.0394652505,0.0454857964,0.0511353612,0.0768641356,0.0649495125,-0.0168917179,0.0782671571,0.0035884976,0.0782671571,0.0035884976,0.0511353612,0.0768641356
train:8070,0,-0.6467397213,-0.6473187785,0.0005790572,-0.0811231117,-0.1044278722,-0.0694530010,-0.0730495330,-0.0197436810,-0.0565181971,-0.0064260364,-0.0360379815,0.0064260364,0.0360379815,0.0694530010,0.0730495330
train:8074,0,0.5584889650,0.5579099078,0.0005790572,-0.0176994186,0.0371661801,-0.0060293078,0.0685445193,-0.0125976801,0.0932582617,0.0007199645,0.1137384772,0.0007199645,0.1137384772,0.0060293078,0.0685445193
train:8075,0,1.6718988419,1.6713197846,0.0005790572,0.0034773965,-0.0237198453,0.0151475072,0.0076584939,-0.0753380060,-0.1316490173,-0.0620203614,-0.1111688018,0.0620203614,0.1111688018,0.0151475072,0.0076584939
train:8079,0,1.9129188061,1.9123397488,0.0005790572,-0.1218680721,0.0362718720,-0.1101979613,0.0676502112,0.0173957348,-0.0682632923,0.0307133794,-0.0477830768,0.0307133794,0.0477830768,0.1101979613,0.0676502112
train:8086,0,0.1227901652,0.1222111080,0.0005790572,-0.3408076074,-0.2841432299,-0.3291374967,-0.2527648907,-0.2738720998,-0.2659085914,-0.2605544552,-0.2454283759,0.2605544552,0.2454283759,0.3291374967,0.2527648907
train:8091,0,-0.2012648433,-0.2018439006,0.0005790572,-0.0791286286,-0.2143536862,-0.0674585178,-0.1829753470,-0.0871201605,-0.1129859388,-0.0738025159,-0.0925057232,0.0738025159,0.0925057232,0.0674585178,0.1829753470
train:8097,0,-1.8304597139,-1.8310387712,0.0005790572,0.0251873154,-0.0795608144,0.0368574262,-0.0481824752,0.2098366022,0.0442768335,0.2231542468,0.0647570491,0.2231542468,0.0647570491,0.0368574262,0.0481824752
train:8098,0,1.0280140638,1.0274350066,0.0005790572,-0.1253415923,-0.0755611043,-0.1136714816,-0.0441827651,-0.0944534540,-0.0415824652,-0.0811358094,-0.0211022496,0.0811358094,0.0211022496,0.1136714816,0.0441827651
train:8104,0,1.2183911800,1.2178121228,0.0005790572,-0.0168734174,-0.0339121204,-0.0052033067,-0.0025337812,-0.0176441669,-0.0954394341,-0.0043265224,-0.0749592185,0.0043265224,0.0749592185,0.0052033067,0.0025337812
train:8106,0,3.1872584820,3.1866794247,0.0005790572,-0.0821935516,-0.1669449191,-0.0705234408,-0.1355665799,-0.1100499630,-0.2132270336,-0.0967323184,-0.1927468181,0.0967323184,0.1927468181,0.0705234408,0.1355665799
train:8107,0,0.1201295927,0.1195505355,0.0005790572,0.1564543341,0.0884801466,0.1681244448,0.1198584858,0.1025836840,0.0428193882,0.1159013286,0.0632996038,0.1159013286,0.0632996038,0.1681244448,0.1198584858
train:8115,0,1.2852010727,1.2846220155,0.0005790572,-0.1103711705,-0.0492282491,-0.0987010598,-0.0178499099,0.0187532902,-0.0774557590,0.0320709348,-0.0569755435,0.0320709348,0.0569755435,0.0987010598,0.0178499099
train:8116,0,-1.3126376867,-1.3132167440,0.0005790572,0.1657424588,0.2606486697,0.1774125695,0.2920270089,0.1325773001,0.1174362898,0.1458949447,0.1379165053,0.1458949447,0.1379165053,0.1774125695,0.2920270089
train:8118,0,-1.1891648769,-1.1897439342,0.0005790572,0.0695492644,0.0299850125,0.0812193751,0.0613633517,-0.0068053007,-0.0072562695,0.0065123439,0.0132239461,0.0065123439,0.0132239461,0.0812193751,0.0613633517
train:8120,-1,-2.9963324070,0.4687071216,-3.4650395286,-0.1616647470,-0.1287144649,-0.1499946363,-0.0973361257,-0.0699832439,0.0000488758,-0.0566655993,0.0205290914,0.0566655993,0.0205290914,0.1499946363,0.0973361257
train:8122,0,2.8696990013,2.8691199441,0.0005790572,0.0425594468,0.0899086613,0.0542295575,0.1212870005,0.0204112530,0.0090641975,0.0337288976,0.0295444131,0.0337288976,0.0295444131,0.0542295575,0.1212870005
train:8129,0,0.3536430895,0.3530640323,0.0005790572,-0.1074776631,-0.0951664429,-0.0958075523,-0.0637881037,0.0024428368,-0.1326285303,0.0157604814,-0.1121483147,0.0157604814,0.1121483147,0.0958075523,0.0637881037
train:8133,0,1.7389595509,1.7383804936,0.0005790572,-0.1325600724,-0.1166128497,-0.1208899617,-0.0852345105,-0.0513105392,-0.0886249542,-0.0379928946,-0.0681447387,0.0379928946,0.0681447387,0.1208899617,0.0852345105
train:8148,0,1.6368923187,1.6363132615,0.0005790572,0.0352631230,0.0934681315,0.0469332337,0.1248464707,0.0208249092,0.1397643089,0.0341425538,0.1602445245,0.0341425538,0.1602445245,0.0469332337,0.1248464707
train:8152,0,0.7658362985,0.7652572412,0.0005790572,-0.0794281345,0.0091080684,-0.0677580237,0.0404864076,0.0994704366,0.0726375580,0.1127880812,0.0931177735,0.1127880812,0.0931177735,0.0677580237,0.0404864076
train:8154,0,1.5032848120,1.5027057547,0.0005790572,0.0969499964,0.0968700070,0.1086201072,0.1282483462,0.0462563038,0.1454206705,0.0595739484,0.1659008861,0.0595739484,0.1659008861,0.1086201072,0.1282483462
train:8159,0,-0.6276966333,-0.6282756906,0.0005790572,-0.0342409592,-0.0026125293,-0.0225708485,0.0287658099,0.0554736853,-0.0880345702,0.0687913299,-0.0675543547,0.0687913299,0.0675543547,0.0225708485,0.0287658099
train:8167,0,-2.7152411938,-2.7158202510,0.0005790572,0.1270290036,0.0202417989,0.1386991143,0.0516201381,0.2407002449,0.3121964931,0.2540178895,0.3326767087,0.2540178895,0.3326767087,0.1386991143,0.0516201381
train:8169,0,-1.9824959040,-1.9830749612,0.0005790572,0.0506927390,0.0084553380,0.0623628497,0.0398336772,-0.0754021406,0.1733046770,-0.0620844960,0.1937848926,0.0620844960,0.1937848926,0.0623628497,0.0398336772
train:8173,-1,-2.2757425308,1.1892969977,-3.4650395286,0.0035552156,0.1002399099,0.0152253263,0.1316182491,-0.0402462482,0.1239485741,-0.0269286036,0.1444287896,0.0269286036,0.1444287896,0.0152253263,0.1316182491
train:8179,0,-0.7390456200,-0.7396246772,0.0005790572,-0.0244109612,-0.1351973396,-0.0127408504,-0.1038190004,-0.1277853251,-0.1507132649,-0.1144676805,-0.1302330494,0.1144676805,0.1302330494,0.0127408504,0.1038190004
train:8181,0,-1.0098617077,-1.0104407649,0.0005790572,0.1907221694,0.2491509337,0.2023922801,0.2805292729,0.1810160875,0.2736792564,0.1943337321,0.2941594720,0.1943337321,0.2941594720,0.2023922801,0.2805292729
train:8185,0,0.4197200835,0.4191410262,0.0005790572,-0.0379961114,-0.1466465872,-0.0263260007,-0.1152682480,-0.1300451458,-0.0734181702,-0.1167275012,-0.0529379547,0.1167275012,0.0529379547,0.0263260007,0.1152682480
train:8188,0,-1.5721415281,-1.5727205854,0.0005790572,-0.0575463157,-0.0898526292,-0.0458762050,-0.0584742900,-0.2655168772,-0.1388310194,-0.2521992326,-0.1183508039,0.2521992326,0.1183508039,0.0458762050,0.0584742900
train:8192,0,-1.4200595617,-1.4206386190,0.0005790572,0.0168908257,0.0997124333,0.0285609365,0.1310907725,0.0015010834,0.1072548628,0.0148187280,0.1277350783,0.0148187280,0.1277350783,0.0285609365,0.1310907725
train:8199,0,3.3178431988,3.3172641415,0.0005790572,-0.0003935676,0.0322809834,0.0112765431,0.0636593226,0.0686049461,0.0391304493,0.0819225907,0.0596106648,0.0819225907,0.0596106648,0.0112765431,0.0636593226
train:8209,0,-2.2294998169,-2.2300788741,0.0005790572,-0.0846785884,-0.2382624727,-0.0730084777,-0.2068841335,0.0130064487,-0.0674002171,0.0263240933,-0.0469200015,0.0263240933,0.0469200015,0.0730084777,0.2068841335
train:8217,0,0.6622375250,0.6616584677,0.0005790572,0.0643878002,0.0226538200,0.0760579109,0.0540321592,-0.0475376844,-0.0038296580,-0.0342200398,0.0166505575,0.0342200398,0.0166505575,0.0760579109,0.0540321592
train:8219,0,0.8925327659,0.8919537086,0.0005790572,0.1656070966,0.1129977126,0.1772772074,0.1443760518,0.1798791289,0.1672533751,0.1931967735,0.1877335906,0.1931967735,0.1877335906,0.1772772074,0.1443760518
train:8221,0,-3.9594962597,-3.9600753169,0.0005790572,0.0347793717,-0.1800405364,0.0464494824,-0.1486621972,-0.0243911743,-0.1034553051,-0.0110735297,-0.0829750896,0.0110735297,0.0829750896,0.0464494824,0.1486621972
train:8222,-1,-1.2782683372,2.1867711913,-3.4650395286,0.1005413901,-0.0378572572,0.1122115009,-0.0064789180,0.0549268723,0.2531933784,0.0682445168,0.2736735940,0.0682445168,0.2736735940,0.1122115009,0.0064789180
train:8223,0,0.3236135244,0.3230344672,0.0005790572,0.1513355393,0.0787984152,0.1630056500,0.1101767544,0.0276415348,0.1981314570,0.0409591794,0.2186116725,0.0409591794,0.2186116725,0.1630056500,0.1101767544
train:8228,0,1.2411880493,1.2406089921,0.0005790572,-0.2093831878,-0.0973351579,-0.1977130771,-0.0659568187,-0.1520684958,-0.1542010307,-0.1387508512,-0.1337208152,0.1387508512,0.1337208152,0.1977130771,0.0659568187
train:8231,0,-1.9993491173,-1.9999281745,0.0005790572,-0.0542677026,-0.0041859727,-0.0425975919,0.0271923665,0.0735843182,0.0013468266,0.0869019628,0.0218270421,0.0869019628,0.0218270421,0.0425975919,0.0271923665
train:8232,0,-1.1200711727,-1.1206502300,0.0005790572,0.0188588519,-0.0690342765,0.0305289626,-0.0376559373,-0.0554299355,-0.0138702393,-0.0421122909,0.0066099763,0.0421122909,0.0066099763,0.0305289626,0.0376559373
train:8236,0,2.2618918419,2.2613127846,0.0005790572,-0.0726467948,-0.0748319011,-0.0609766841,-0.0434535619,0.0013902187,-0.0164332390,0.0147078633,0.0040469766,0.0147078633,0.0040469766,0.0609766841,0.0434535619
train:8240,0,-0.1212419644,-0.1218210216,0.0005790572,0.0286223237,0.2729576174,0.0402924344,0.3043359566,0.1320565864,0.2476815805,0.1453742310,0.2681617960,0.1453742310,0.2681617960,0.0402924344,0.3043359566
train:8246,0,-0.3138191104,-0.3143981676,0.0005790572,-0.0756391566,0.0131286700,-0.0639690459,0.0445070092,-0.0396782160,0.0202982128,-0.0263605714,0.0407784283,0.0263605714,0.0407784283,0.0639690459,0.0445070092
train:8250,0,1.2222406864,1.2216616292,0.0005790572,-0.0929201226,-0.0903657060,-0.0812500119,-0.0589873668,0.0639742613,-0.0559377670,0.0772919059,-0.0354575515,0.0772919059,0.0354575515,0.0812500119,0.0589873668
train:8252,0,0.8287802935,0.8282012362,0.0005790572,-0.0676912647,-0.0781857352,-0.0560211539,-0.0468073960,-0.0655735731,-0.0422334075,-0.0522559285,-0.0217531919,0.0522559285,0.0217531919,0.0560211539,0.0468073960
train:8253,0,1.2981874943,1.2976084370,0.0005790572,-0.0423796754,0.0085518975,-0.0307095647,0.0399302367,0.0042847395,0.0452692509,0.0176023841,0.0657494664,0.0176023841,0.0657494664,0.0307095647,0.0399302367
train:8263,0,1.4158008099,1.4152217526,0.0005790572,0.0748695750,0.0396605153,0.0865396857,0.0710388545,0.0390295982,-0.0304379463,0.0523472428,-0.0099577308,0.0523472428,0.0099577308,0.0865396857,0.0710388545
train:8270,0,0.3827023804,0.3821233232,0.0005790572,-0.0205530505,-0.0497494917,-0.0088829398,-0.0183711525,-0.0499833822,-0.0973076522,-0.0366657376,-0.0768274367,0.0366657376,0.0768274367,0.0088829398,0.0183711525
train:8279,0,0.2011162341,0.2005371768,0.0005790572,0.0704012830,0.0232924391,0.0820713937,0.0546707783,0.0027944893,0.0108832419,0.0161121339,0.0313634574,0.0161121339,0.0313634574,0.0820713937,0.0546707783
train:8294,0,-0.2121803015,-0.2127593588,0.0005790572,0.1330381502,0.2043382395,0.1447082609,0.2357165787,0.1395813674,0.0712852031,0.1528990120,0.0917654186,0.1528990120,0.0917654186,0.1447082609,0.2357165787
train:8298,0,-3.8641026020,-3.8646816592,0.0005790572,-0.1734573226,-0.1862227302,-0.1617872119,-0.1548443910,-0.4051749706,-0.0761337280,-0.3918573260,-0.0556535125,0.3918573260,0.0556535125,0.1617872119,0.1548443910
train:8301,0,-5.6997990608,-5.7003781181,0.0005790572,0.3412721772,0.3997715134,0.3529422879,0.4311498526,-0.2722277641,0.0644698143,-0.2589101195,0.0849500299,0.2589101195,0.0849500299,0.3529422879,0.4311498526
train:8304,0,-2.1915392876,-2.1921183448,0.0005790572,-0.0740529876,-0.0271996837,-0.0623828769,0.0041786555,-0.0637814999,0.0486636162,-0.0504638553,0.0691438317,0.0504638553,0.0691438317,0.0623828769,0.0041786555
train:8308,0,0.0540504716,0.0534714144,0.0005790572,-0.0426181648,-0.1450990755,-0.0309480540,-0.1137207363,-0.0342282988,-0.0705314167,-0.0209106542,-0.0500512011,0.0209106542,0.0500512011,0.0309480540,0.1137207363
train:8312,0,0.2837444842,0.2831654269,0.0005790572,-0.2077654581,-0.1507074516,-0.1960953474,-0.1193291124,-0.1800930500,-0.2345252931,-0.1667754054,-0.2140450776,0.1667754054,0.2140450776,0.1960953474,0.1193291124
train:8314,-1,-2.7071707249,0.7578688037,-3.4650395286,-0.0884816873,-0.0963624943,-0.0768115766,-0.0649841551,-0.0984482765,-0.1751515865,-0.0851306319,-0.1546713710,0.0851306319,0.1546713710,0.0768115766,0.0649841551
train:8316,0,0.8470125794,0.8464335222,0.0005790572,0.0982541461,-0.0079668741,0.1099242568,0.0234114651,0.0294236541,0.0664379597,0.0427412987,0.0869181752,0.0427412987,0.0869181752,0.1099242568,0.0234114651
train:8319,0,1.1781729460,1.1775938887,0.0005790572,0.0861538071,0.0883571524,0.0978239179,0.1197354916,-0.0165213346,0.0971133709,-0.0032036901,0.1175935864,0.0032036901,0.1175935864,0.0978239179,0.1197354916
train:8320,-1,-4.6004195213,-1.1353799928,-3.4650395286,-0.0503687489,-0.0846312869,-0.0386986382,-0.0532529477,-0.1202001572,-0.1830887794,-0.1068825126,-0.1626085639,0.1068825126,0.1626085639,0.0386986382,0.0532529477
train:8324,0,0.3333484232,0.3327693660,0.0005790572,0.0337309558,0.0873093922,0.0454010665,0.1186877314,0.0569326580,0.0953989327,0.0702503026,0.1158791482,0.0702503026,0.1158791482,0.0454010665,0.1186877314
train:8346,0,-2.2802076340,-2.2807866912,0.0005790572,0.2486720700,0.1810544152,0.2603421807,0.2124327544,0.0663840771,0.2754178047,0.0797017217,0.2958980203,0.0797017217,0.2958980203,0.2603421807,0.2124327544
train:8350,0,0.3563633561,0.3557842989,0.0005790572,-0.0662866812,-0.2010967713,-0.0546165705,-0.1697184321,-0.0064866543,-0.1241300404,0.0068309903,-0.1036498249,0.0068309903,0.1036498249,0.0546165705,0.1697184321
train:8362,0,-0.3796152174,-0.3801942747,0.0005790572,0.2269574125,0.0300773997,0.2386275232,0.0614557389,0.0810480714,-0.0091339648,0.0943657160,0.0113462508,0.0943657160,0.0113462508,0.2386275232,0.0614557389
train:8365,0,1.5101339817,1.5095549245,0.0005790572,0.0215638299,0.0390254874,0.0332339406,0.0704038266,0.1377512217,0.0687713623,0.1510688663,0.0892515779,0.1510688663,0.0892515779,0.0332339406,0.0704038266
train:8369,0,0.2093250751,0.2087460179,0.0005790572,0.0258515794,0.0031070728,0.0375216901,0.0344854120,-0.0089547634,-0.0707007647,0.0043628812,-0.0502205491,0.0043628812,0.0502205491,0.0375216901,0.0344854120
train:8371,0,1.5031448603,1.5025658030,0.0005790572,-0.0264400821,-0.0015503745,-0.0147699714,0.0298279647,0.0397009850,-0.0151671171,0.0530186296,0.0053130984,0.0530186296,0.0053130984,0.0147699714,0.0298279647
train:8378,0,2.0485749245,2.0479958672,0.0005790572,0.0199685712,-0.0448166709,0.0316386819,-0.0134383317,0.0395910740,-0.0135788918,0.0529087186,0.0069013238,0.0529087186,0.0069013238,0.0316386819,0.0134383317
train:8379,0,0.4114740491,0.4108949919,0.0005790572,0.0587940533,-0.0015349667,0.0704641640,0.0298433725,0.0493632853,-0.0352229476,0.0626809299,-0.0147427320,0.0626809299,0.0147427320,0.0704641640,0.0298433725
train:8380,0,-2.6389262676,-2.6395053249,0.0005790572,0.0542233605,-0.1377603393,0.0658934712,-0.1063820001,-0.1054930687,0.0446422100,-0.0921754241,0.0651224256,0.0921754241,0.0651224256,0.0658934712,0.1063820001
train:8388,0,0.7487596869,0.7481806297,0.0005790572,-0.0392366033,0.0098861475,-0.0275664926,0.0412644867,-0.0012311339,-0.0587234497,0.0120865107,-0.0382432342,0.0120865107,0.0382432342,0.0275664926,0.0412644867
train:8390,0,0.4922105670,0.4916315098,0.0005790572,-0.1670632940,-0.0292277317,-0.1553931832,0.0021506075,-0.1453089118,0.0116289854,-0.1319912672,0.0321092010,0.1319912672,0.0321092010,0.1553931832,0.0021506075
train:8397,0,1.5893045664,1.5887255091,0.0005790572,-0.1072341781,-0.0559908729,-0.0955640674,-0.0246125337,0.0136065483,-0.0974272490,0.0269241929,-0.0769470334,0.0269241929,0.0769470334,0.0955640674,0.0246125337
train:8400,0,2.7778251171,2.7772460599,0.0005790572,-0.0400516372,0.0459623952,-0.0283815265,0.0773407344,0.0405721664,-0.0345494747,0.0538898110,-0.0140692592,0.0538898110,0.0140692592,0.0283815265,0.0773407344
train:8405,0,-0.5487691164,-0.5493481736,0.0005790572,0.0699076671,-0.0029817801,0.0815777779,0.0283965591,-0.0082474947,0.0403199792,0.0050701499,0.0608001947,0.0050701499,0.0608001947,0.0815777779,0.0283965591
train:8407,0,-0.3242076039,-0.3247866612,0.0005790572,0.0112575013,-0.0761814397,0.0229276121,-0.0448031005,-0.0180646479,-0.0223574638,-0.0047470033,-0.0018772483,0.0047470033,0.0018772483,0.0229276121,0.0448031005
train:8409,0,1.7773706913,1.7767916341,0.0005790572,0.0745922942,0.0413219352,0.0862624049,0.0727002744,0.2499089241,0.0592868328,0.2632265687,0.0797670484,0.2632265687,0.0797670484,0.0862624049,0.0727002744
train:8410,0,2.1704781055,2.1698990483,0.0005790572,-0.0418683868,-0.0621682983,-0.0301982760,-0.0307899591,-0.0335638523,-0.0913531780,-0.0202462077,-0.0708729625,0.0202462077,0.0708729625,0.0301982760,0.0307899591
train:8418,0,-0.3243603408,-0.3249393981,0.0005790572,-0.3739379104,0.0495157261,-0.3622677997,0.0808940653,-0.0226286948,0.0384636223,-0.0093110502,0.0589438379,0.0093110502,0.0589438379,0.3622677997,0.0808940653
train:8422,0,-1.5229382515,-1.5235173087,0.0005790572,0.1165880580,0.1305534262,0.1282581687,0.1619317654,0.0616707802,0.1509437561,0.0749884248,0.1714239717,0.0749884248,0.1714239717,0.1282581687,0.1619317654
train:8424,0,1.4071609974,1.4065819402,0.0005790572,-0.1257131677,-0.1513701062,-0.1140430570,-0.1199917670,-0.1345034838,-0.0625250340,-0.1211858392,-0.0420448184,0.1211858392,0.0420448184,0.1140430570,0.1199917670
train:8426,0,-0.8138562441,-0.8144353013,0.0005790572,-0.1194596272,-0.0777825098,-0.1077895164,-0.0464041706,-0.0738060474,-0.1359893084,-0.0604884028,-0.1155090928,0.0604884028,0.1155090928,0.1077895164,0.0464041706
train:8427,0,-0.5112834573,-0.5118625145,0.0005790572,0.0690347571,-0.1689696591,0.0807048678,-0.1375913199,0.0083947778,0.0406558514,0.0217124224,0.0611360669,0.0217124224,0.0611360669,0.0807048678,0.1375913199
train:8428,0,1.5987806320,1.5982015748,0.0005790572,-0.0418694597,-0.0885358434,-0.0301993489,-0.0571575042,-0.0064115524,-0.1194088459,0.0069060922,-0.0989286304,0.0069060922,0.0989286304,0.0301993489,0.0571575042
train:8429,0,-1.5479981899,-1.5485772472,0.0005790572,-0.0454502683,0.0040709395,-0.0337801576,0.0354492787,-0.1133115292,0.0323631763,-0.0999938846,0.0528433919,0.0999938846,0.0528433919,0.0337801576,0.0354492787
train:8442,0,0.9212096930,0.9206306357,0.0005790572,-0.0679697972,-0.0620726328,-0.0562996864,-0.0306942936,-0.0610231161,-0.1392934322,-0.0477054715,-0.1188132167,0.0477054715,0.1188132167,0.0562996864,0.0306942936
train:8450,0,1.5676305294,1.5670514722,0.0005790572,0.0169057269,-0.0358605962,0.0285758376,-0.0044822570,-0.0042090416,0.0727658272,0.0091086030,0.0932460427,0.0091086030,0.0932460427,0.0285758376,0.0044822570
train:8454,0,-4.2773900032,-4.2779690604,0.0005790572,0.0591204781,0.0225742478,0.0707905889,0.0539525870,0.0778017044,0.0366716385,0.0911193490,0.0571518540,0.0911193490,0.0571518540,0.0707905889,0.0539525870
train:8462,0,-2.7069926262,-2.7075716834,0.0005790572,-0.0874485355,0.0224896092,-0.0757784247,0.0538679484,0.0526959896,0.0210990906,0.0660136342,0.0415793061,0.0660136342,0.0415793061,0.0757784247,0.0538679484
train:8472,0,0.2358711362,0.2352920789,0.0005790572,0.0929451604,-0.0749925356,0.1046152711,-0.0436141964,-0.0324756503,-0.0327910781,-0.0191580057,-0.0123108625,0.0191580057,0.0123108625,0.1046152711,0.0436141964
train:8484,0,-0.2336705029,-0.2342495601,0.0005790572,-0.4416683893,-0.4964074474,-0.4299982786,-0.4650291082,-0.6419416666,-0.6222455204,-0.6286240220,-0.6017653048,0.6286240220,0.6017653048,0.4299982786,0.4650291082
train:8485,0,2.7521865368,2.7516074795,0.0005790572,-0.0428439956,0.0331323762,-0.0311738849,0.0645107154,-0.0367817879,-0.0236313343,-0.0234641433,-0.0031511188,0.0234641433,0.0031511188,0.0311738849,0.0645107154
train:8486,0,0.1353021711,0.1347231139,0.0005790572,-0.1191295814,-0.2217244934,-0.1074594706,-0.1903461542,0.0269798189,-0.0870788544,0.0402974635,-0.0665986389,0.0402974635,0.0665986389,0.1074594706,0.1903461542
train:8491,0,0.3337374032,0.3331583459,0.0005790572,-0.2037274521,-0.0795040112,-0.1920573413,-0.0481256720,-0.2416000068,-0.1423929930,-0.2282823622,-0.1219127774,0.2282823622,0.1219127774,0.1920573413,0.0481256720
train:8492,-1,-2.7351984978,0.7298410308,-3.4650395286,0.2466687035,0.0977309715,0.2583388142,0.1291093107,0.3773348331,0.1978049278,0.3906524777,0.2182851434,0.3906524777,0.2182851434,0.2583388142,0.1291093107
train:8494,0,0.0841927156,0.0836136583,0.0005790572,-0.1277521308,-0.0787747260,-0.1160820201,-0.0473963868,0.0257475823,-0.0215365812,0.0390652269,-0.0010563657,0.0390652269,0.0010563657,0.1160820201,0.0473963868
train:8499,0,-1.2640520334,-1.2646310907,0.0005790572,0.0220831055,-0.1187656503,0.0337532163,-0.0873873111,0.1238195896,-0.0210283995,0.1371372342,-0.0005481839,0.1371372342,0.0005481839,0.0337532163,0.0873873111
train:8501,0,0.4238054752,0.4232264180,0.0005790572,0.0055879075,0.0106245298,0.0172580183,0.0420028690,0.0491328537,-0.0682192147,0.0624504983,-0.0477389991,0.0624504983,0.0477389991,0.0172580183,0.0420028690
train:8518,0,-0.6875671744,-0.6881462317,0.0005790572,-0.0885273795,-0.1983578484,-0.0768572688,-0.1669795092,-0.1097093225,-0.1030185223,-0.0963916779,-0.0825383067,0.0963916779,0.0825383067,0.0768572688,0.1669795092
train:8533,0,2.4438138008,2.4432347436,0.0005790572,-0.0177835803,-0.0345773082,-0.0061134696,-0.0031989690,-0.0258450508,-0.1185491085,-0.0125274062,-0.0980688930,0.0125274062,0.0980688930,0.0061134696,0.0031989690
train:8536,0,-0.2469432652,-0.2475223224,0.0005790572,0.0645633657,0.0666564126,0.0762334764,0.0980347518,-0.0621061325,-0.0116422176,-0.0487884879,0.0088379979,0.0487884879,0.0088379979,0.0762334764,0.0980347518
train:8538,0,-2.8974213600,-2.8980004173,0.0005790572,0.1301646848,0.1232286114,0.1418347955,0.1546069506,0.1313550472,0.0490608215,0.1446726918,0.0695410371,0.1446726918,0.0695410371,0.1418347955,0.1546069506
train:8544,0,-2.4373784065,-2.4379574638,0.0005790572,0.0382812638,-0.0830945354,0.0499513745,-0.0517161962,-0.0464174747,-0.0920422077,-0.0330998302,-0.0715619922,0.0330998302,0.0715619922,0.0499513745,0.0517161962
train:8547,0,1.6429587603,1.6423797030,0.0005790572,0.0169776101,0.0066104550,0.0286477208,0.0379887942,0.0136951208,-0.0375517607,0.0270127654,-0.0170715451,0.0270127654,0.0170715451,0.0286477208,0.0379887942
train:8556,0,1.6062690020,1.6056899447,0.0005790572,-0.0458955150,-0.0639495235,-0.0342254043,-0.0325711843,-0.0640331507,0.0088218451,-0.0507155061,0.0293020606,0.0507155061,0.0293020606,0.0342254043,0.0325711843
train:8557,0,2.1813592911,2.1807802338,0.0005790572,-0.0371765475,-0.0131351333,-0.0255064368,0.0182432059,-0.0151956081,0.0111427307,-0.0018779635,0.0316229463,0.0018779635,0.0316229463,0.0255064368,0.0182432059
train:8571,0,-2.7945241928,-2.7951032500,0.0005790572,0.0992599149,0.0006652493,0.1109300256,0.0320435885,-0.0752944946,0.1256990433,-0.0619768500,0.1461792588,0.0619768500,0.1461792588,0.1109300256,0.0320435885
train:8572,0,0.9674190879,0.9668400306,0.0005790572,0.0184152741,0.0005034823,0.0300853848,0.0318818215,0.0237115026,-0.0370326638,0.0370291471,-0.0165524483,0.0370291471,0.0165524483,0.0300853848,0.0318818215
train:8574,0,-1.3671400547,-1.3677191119,0.0005790572,0.1996354480,0.0200954098,0.2113055587,0.0514737490,-0.0769140720,0.1558330059,-0.0635964274,0.1763132215,0.0635964274,0.1763132215,0.2113055587,0.0514737490
train:8576,0,-0.4364465475,-0.4370256047,0.0005790572,-0.0257690530,-0.1552390139,-0.0140989423,-0.1238606747,-0.0766665041,0.0170251727,-0.0633488595,0.0375053883,0.0633488595,0.0375053883,0.0140989423,0.1238606747
train:8577,0,1.5612369776,1.5606579203,0.0005790572,-0.0258724075,0.0227459092,-0.0142022967,0.0541242484,-0.0108407736,-0.0091160536,0.0024768710,0.0113641620,0.0024768710,0.0113641620,0.0142022967,0.0541242484
train:8580,0,0.1870279908,0.1864489336,0.0005790572,0.1844739709,0.1037735287,0.1961440817,0.1351518679,0.2316270173,0.1414593905,0.2449446619,0.1619396061,0.2449446619,0.1619396061,0.1961440817,0.1351518679
train:8581,0,0.5959739089,0.5953948517,0.0005790572,-0.1280665975,-0.1755214911,-0.1163964868,-0.1441431519,-0.1052631736,-0.0189653635,-0.0919455290,0.0015148520,0.0919455290,0.0015148520,0.1163964868,0.1441431519
train:8594,0,-0.8711398840,-0.8717189412,0.0005790572,0.0957236309,-0.0706393700,0.1073937416,-0.0392610308,0.0223146677,-0.0336034298,0.0356323123,-0.0131232142,0.0356323123,0.0131232142,0.1073937416,0.0392610308
train:8608,0,-1.5645856857,-1.5651647430,0.0005790572,-0.0872359853,-0.1397656780,-0.0755658746,-0.1083873388,-0.0619987249,-0.1254065037,-0.0486810803,-0.1049262881,0.0486810803,0.1049262881,0.0755658746,0.1083873388
train:8610,0,0.4452983141,0.4447192569,0.0005790572,-0.1498168092,-0.1570675354,-0.1381466985,-0.1256891962,-0.0562307835,-0.2196089625,-0.0429131389,-0.1991287470,0.0429131389,0.1991287470,0.1381466985,0.1256891962
train:8618,0,-3.9817152023,-3.9822942596,0.0005790572,0.3084018845,0.0994280000,0.3200719953,0.1308063392,0.0196728706,0.2988300323,0.0329905152,0.3193102479,0.0329905152,0.3193102479,0.3200719953,0.1308063392
train:8623,0,1.2275667191,1.2269876618,0.0005790572,-0.0090036969,-0.0010405164,0.0026664138,0.0303378228,-0.0431991816,-0.0644044876,-0.0298815370,-0.0439242721,0.0298815370,0.0439242721,0.0026664138,0.0303378228
train:8625,0,2.5258040428,2.5252249856,0.0005790572,0.0779431481,0.0023425240,0.0896132588,0.0337208632,0.0689783096,0.1262767315,0.0822959542,0.1467569470,0.0822959542,0.1467569470,0.0896132588,0.0337208632
train:8629,0,-2.1639704704,-2.1645495277,0.0005790572,0.0477023740,0.0541365762,0.0593724847,0.0855149154,0.0185225010,-0.1773624420,0.0318401456,-0.1568822265,0.0318401456,0.1568822265,0.0593724847,0.0855149154
train:8641,0,1.9654064178,1.9648273606,0.0005790572,-0.0784038882,-0.1152078490,-0.0667337775,-0.0838295098,-0.1258199215,-0.1839575768,-0.1125022769,-0.1634773612,0.1125022769,0.1634773612,0.0667337775,0.0838295098
train:8642,0,1.1933909655,1.1928119082,0.0005790572,0.1298014540,0.0758574624,0.1414715648,0.1072358016,0.1016408205,0.1148527861,0.1149584651,0.1353330016,0.1149584651,0.1353330016,0.1414715648,0.1072358016
train:8643,0,-0.7195154428,-0.7200945001,0.0005790572,-0.0638651829,-0.1378813367,-0.0521950722,-0.1065029975,-0.0391900539,-0.0919319391,-0.0258724093,-0.0714517236,0.0258724093,0.0714517236,0.0521950722,0.1065029975
train:8646,0,2.2278625965,2.2272835393,0.0005790572,-0.0698482375,-0.0063769202,-0.0581781268,0.0250014190,0.0159649849,0.0064444542,0.0292826295,0.0269246697,0.0292826295,0.0269246697,0.0581781268,0.0250014190
train:8659,0,-0.0662478730,-0.0668269302,0.0005790572,-0.0641640108,-0.0040593128,-0.0524939001,0.0273190264,-0.0452220812,-0.0451558754,-0.0319044366,-0.0246756598,0.0319044366,0.0246756598,0.0524939001,0.0273190264
train:8660,0,1.1638059616,1.1632269044,0.0005790572,0.0103549380,-0.0779637676,0.0220250487,-0.0465854284,-0.0516890287,0.0345318317,-0.0383713841,0.0550120473,0.0383713841,0.0550120473,0.0220250487,0.0465854284
train:8664,0,-1.9192906618,-1.9198697191,0.0005790572,0.1476957221,0.2678567786,0.1593658328,0.2992351178,0.3026710749,0.3435374498,0.3159887195,0.3640176654,0.3159887195,0.3640176654,0.1593658328,0.2992351178
train:8682,0,0.3841816187,0.3836025615,0.0005790572,-0.0081088226,-0.0136663597,0.0035612881,0.0177119795,0.0184033513,-0.0274047256,0.0317209959,-0.0069245100,0.0317209959,0.0069245100,0.0035612881,0.0177119795
train:8685,0,0.8876843452,0.8871052880,0.0005790572,0.0361968298,0.0870333929,0.0478669405,0.1184117321,0.1026651859,-0.0746756196,0.1159828305,-0.0541954041,0.1159828305,0.0541954041,0.0478669405,0.1184117321
train:8686,0,0.7350888848,0.7345098276,0.0005790572,0.3206677754,-0.0577554088,0.3323378861,-0.0263770696,0.1625080705,0.2188905478,0.1758257151,0.2393707633,0.1758257151,0.2393707633,0.3323378861,0.0263770696
train:8687,0,-1.5374708176,-1.5380498748,0.0005790572,-0.1617181878,-0.0260769706,-0.1500480771,0.0053013686,0.1103415489,-0.0527188778,0.1236591935,-0.0322386622,0.1236591935,0.0322386622,0.1500480771,0.0053013686
train:8694,0,-1.9354325533,-1.9360116105,0.0005790572,-0.1617261749,-0.2676482778,-0.1500560641,-0.2362699386,-0.1317440271,0.0349830389,-0.1184263825,0.0554632545,0.1184263825,0.0554632545,0.1500560641,0.2362699386
train:8704,0,0.3760131001,0.3754340429,0.0005790572,-0.2570005636,-0.2510484438,-0.2453304529,-0.2196701046,-0.3180039525,-0.3660030961,-0.3046863079,-0.3455228806,0.3046863079,0.3455228806,0.2453304529,0.2196701046
train:8707,0,0.1894660741,0.1888870169,0.0005790572,0.0107780565,0.0853370000,0.0224481672,0.1167153392,0.1925581247,0.0687844902,0.2058757693,0.0892647058,0.2058757693,0.0892647058,0.0224481672,0.1167153392
train:8709,0,2.6980676651,2.6974886079,0.0005790572,-0.0616115909,-0.0187801700,-0.0499414802,0.0125981692,0.0423758030,-0.0691313744,0.0556934476,-0.0486511588,0.0556934476,0.0486511588,0.0499414802,0.0125981692
train:8718,0,0.9477515221,0.9471724648,0.0005790572,0.1341927666,0.1281924267,0.1458628774,0.1595707659,0.1494737864,0.0758984685,0.1627914310,0.0963786840,0.1627914310,0.0963786840,0.1458628774,0.1595707659
train:8724,-1,-5.9559063911,-2.4908668626,-3.4650395286,-0.3067874539,-0.3292605508,-0.2951173432,-0.2978822116,-0.3313546181,-0.0154891014,-0.3180369735,0.0049911141,0.3180369735,0.0049911141,0.2951173432,0.2978822116
train:8740,0,-4.1404662132,-4.1410452705,0.0005790572,-0.3218554836,-0.4892401080,-0.3101853728,-0.4578617688,-0.2261021137,-0.5639901161,-0.2127844691,-0.5435099006,0.2127844691,0.5435099006,0.3101853728,0.4578617688
train:8746,0,2.2212224007,2.2206433434,0.0005790572,0.1283774991,0.1245549340,0.1400476098,0.1559332732,0.2596764565,0.1015260220,0.2729941010,0.1220062375,0.2729941010,0.1220062375,0.1400476098,0.1559332732
train:8752,0,-0.5254822373,-0.5260612946,0.0005790572,0.2720412631,0.0794082303,0.2837113738,0.1107865695,0.0360457301,0.1563500166,0.0493633747,0.1768302321,0.0493633747,0.1768302321,0.2837113738,0.1107865695
train:8753,0,-1.6004251242,-1.6010041814,0.0005790572,0.0408766885,0.0892547984,0.0525467992,0.1206331376,-0.1222361326,0.1119755507,-0.1089184880,0.1324557662,0.1089184880,0.1324557662,0.0525467992,0.1206331376
train:8755,0,1.0396978855,1.0391188283,0.0005790572,0.0048020501,-0.0437349658,0.0164721608,-0.0123566266,0.0044912100,-0.0091714859,0.0178088546,0.0113087296,0.0178088546,0.0113087296,0.0164721608,0.0123566266
train:8758,0,-1.2298629284,-1.2304419856,0.0005790572,0.1339012999,0.0128167290,0.1455714107,0.0441950682,-0.0386478901,0.0218143463,-0.0253302455,0.0422945619,0.0253302455,0.0422945619,0.1455714107,0.0441950682
train:8763,0,-2.2414135933,-2.2419926505,0.0005790572,-0.1190752368,-0.1677648406,-0.1074051261,-0.1363865014,-0.1478531361,0.1639938354,-0.1345354915,0.1844740510,0.1345354915,0.1844740510,0.1074051261,0.1363865014
train:8771,0,0.3096055686,0.3090265114,0.0005790572,0.0465904195,-0.0169514399,0.0582605302,0.0144268993,0.0365192890,0.0040392578,0.0498369336,0.0245194733,0.0498369336,0.0245194733,0.0582605302,0.0144268993
train:8779,0,-3.0302546024,-3.0308336597,0.0005790572,-0.0601155143,-0.0256335120,-0.0484454036,0.0057448272,-0.0472202301,-0.1367223263,-0.0339025855,-0.1162421107,0.0339025855,0.1162421107,0.0484454036,0.0057448272
train:8785,0,1.1492315531,1.1486524958,0.0005790572,0.0270797629,0.1259878297,0.0387498736,0.1573661689,-0.0048339367,-0.0271989107,0.0084837079,-0.0067186952,0.0084837079,0.0067186952,0.0387498736,0.1573661689
train:8787,0,0.6770294309,0.6764503736,0.0005790572,-0.0652508121,0.0015115757,-0.0535807014,0.0328899149,0.0264633298,-0.0615383387,0.0397809744,-0.0410581231,0.0397809744,0.0410581231,0.0535807014,0.0328899149
train:8798,0,0.0486727767,0.0480937194,0.0005790572,0.0106983390,0.0270487201,0.0223684497,0.0584270593,0.0185771622,0.0173984282,0.0318948068,0.0378786437,0.0318948068,0.0378786437,0.0223684497,0.0584270593
train:8801,0,0.6765009165,0.6759218592,0.0005790572,0.0154070277,-0.1207928639,0.0270771384,-0.0894145247,-0.0330357552,-0.0449659824,-0.0197181106,-0.0244857669,0.0197181106,0.0244857669,0.0270771384,0.0894145247
train:8802,0,-1.0503478050,-1.0509268623,0.0005790572,0.0494903941,-0.0863356571,0.0611605048,-0.0549573179,-0.1541805267,0.3322801590,-0.1408628821,0.3527603745,0.1408628821,0.3527603745,0.0611605048,0.0549573179
train:8804,0,-0.8021281958,-0.8027072530,0.0005790572,-0.0199640970,-0.0590817909,-0.0082939863,-0.0277034517,-0.0493944883,-0.0013661981,-0.0360768437,0.0191140175,0.0360768437,0.0191140175,0.0082939863,0.0277034517
train:8805,0,-1.0214664936,-1.0220455508,0.0005790572,-0.1965649109,-0.2401505690,-0.1848948002,-0.2087722298,-0.2392606735,-0.2682164311,-0.2259430289,-0.2477362156,0.2259430289,0.2477362156,0.1848948002,0.2087722298
train:8813,0,1.2875607014,1.2869816441,0.0005790572,-0.1394024472,-0.0757657867,-0.1277323365,-0.0443874475,0.0142676830,-0.0794343948,0.0275853276,-0.0589541793,0.0275853276,0.0589541793,0.1277323365,0.0443874475
train:8814,0,-0.0498378240,-0.0504168812,0.0005790572,-0.1233235765,-0.1497841868,-0.1116534658,-0.1184058476,-0.1086481512,-0.0916773193,-0.0953305066,-0.0711971037,0.0953305066,0.0711971037,0.1116534658,0.1184058476
train:8826,0,1.0032078028,1.0026287455,0.0005790572,0.1353349705,-0.0359587054,0.1470050812,-0.0045803662,0.1924288273,0.0421354771,0.2057464719,0.0626156926,0.2057464719,0.0626156926,0.1470050812,0.0045803662
train:8837,0,0.3992515802,0.3986725230,0.0005790572,-0.0084882658,0.0109944362,0.0031818449,0.0423727754,-0.1438300610,-0.0854623616,-0.1305124164,-0.0649821460,0.1305124164,0.0649821460,0.0031818449,0.0423727754
train:8844,0,0.9360692501,0.9354901929,0.0005790572,-0.0328939538,0.0344412942,-0.0212238431,0.0658196334,-0.0173245668,-0.0279663205,-0.0040069222,-0.0074861050,0.0040069222,0.0074861050,0.0212238431,0.0658196334
train:8845,0,0.5985906124,0.5980115552,0.0005790572,0.0229436774,0.0588320513,0.0346137881,0.0902103905,-0.0488259792,-0.0786203146,-0.0355083346,-0.0581400990,0.0355083346,0.0581400990,0.0346137881,0.0902103905
train:8849,0,2.2366595268,2.2360804696,0.0005790572,-0.0868944507,-0.1095804553,-0.0752243400,-0.0782021161,-0.0887100697,-0.0491263866,-0.0753924251,-0.0286461711,0.0753924251,0.0286461711,0.0752243400,0.0782021161
train:8862,0,0.5363419056,0.5357628484,0.0005790572,0.0468167383,0.0199816246,0.0584868491,0.0513599638,0.0044684410,0.0063474774,0.0177860856,0.0268276930,0.0177860856,0.0268276930,0.0584868491,0.0513599638
train:8866,0,1.9844902754,1.9839112181,0.0005790572,0.0419998784,0.0725155492,0.0536699891,0.1038938884,0.0853971243,0.0018945932,0.0987147689,0.0223748088,0.0987147689,0.0223748088,0.0536699891,0.1038938884
train:8867,0,-3.0131635666,-3.0137426238,0.0005790572,0.1559420247,-0.0049452167,0.1676121354,0.0264331225,-0.0977983475,0.0546894073,-0.0844807029,0.0751696229,0.0844807029,0.0751696229,0.1676121354,0.0264331225
train:8885,0,0.1156431362,0.1150640790,0.0005790572,0.1751962919,0.1144741345,0.1868664026,0.1458524737,0.1509452239,0.1032767668,0.1642628685,0.1237569824,0.1642628685,0.1237569824,0.1868664026,0.1458524737
train:8889,0,-3.6155455112,-3.6161245685,0.0005790572,-0.0273968559,-0.1880268436,-0.0157267451,-0.1566485044,-0.2941808701,-0.2114593983,-0.2808632255,-0.1909791827,0.2808632255,0.1909791827,0.0157267451,0.1566485044
train:8894,0,0.4549124539,0.4543333967,0.0005790572,0.0685671885,0.1238519866,0.0802372992,0.1552303258,0.0350035429,0.0686357915,0.0483211875,0.0891160071,0.0483211875,0.0891160071,0.0802372992,0.1552303258
train:8902,0,1.1998848915,1.1993058343,0.0005790572,0.1878042836,0.0800926108,0.1994743943,0.1114709500,-0.0615645647,0.0072157383,-0.0482469201,0.0276959538,0.0482469201,0.0276959538,0.1994743943,0.1114709500
train:8905,0,-1.9447222948,-1.9453013520,0.0005790572,-0.0870124679,-0.0242256503,-0.0753423572,0.0071526889,-0.1625391245,-0.0295172930,-0.1492214799,-0.0090370774,0.1492214799,0.0090370774,0.0753423572,0.0071526889
train:8913,0,-0.9865452647,-0.9871243220,0.0005790572,0.0099821706,-0.1085770707,0.0216522813,-0.0771987315,-0.0899916291,-0.0816122293,-0.0766739845,-0.0611320138,0.0766739845,0.0611320138,0.0216522813,0.0771987315
train:8917,0,-0.0942997932,-0.0948788505,0.0005790572,0.1340629179,-0.0969166811,0.1457330287,-0.0655383419,-0.0421861410,0.0036817789,-0.0288684964,0.0241619945,0.0288684964,0.0241619945,0.1457330287,0.0655383419
train:8918,0,0.5176545382,0.5170754809,0.0005790572,-0.1017113309,-0.1012189965,-0.0900412202,-0.0698406573,-0.1658333540,-0.0349097252,-0.1525157094,-0.0144295096,0.1525157094,0.0144295096,0.0900412202,0.0698406573
train:8920,0,1.3806740046,1.3800949473,0.0005790572,-0.0467800479,-0.0379627328,-0.0351099372,-0.0065843936,-0.1032053232,-0.0960255861,-0.0898876786,-0.0755453706,0.0898876786,0.0755453706,0.0351099372,0.0065843936
train:8934,0,1.7904583216,1.7898792643,0.0005790572,-0.0666512828,-0.0544643979,-0.0549811721,-0.0230860587,-0.0896283388,-0.0697907209,-0.0763106942,-0.0493105054,0.0763106942,0.0493105054,0.0549811721,0.0230860587
train:8935,0,1.4944144487,1.4938353915,0.0005790572,0.0800632853,-0.0096238237,0.0917333961,0.0217545155,0.0268380642,0.0119599104,0.0401557088,0.0324401259,0.0401557088,0.0324401259,0.0917333961,0.0217545155
train:8937,0,2.4576387405,2.4570596833,0.0005790572,0.0401826520,-0.0187668185,0.0518527627,0.0126115207,0.0336248875,0.0476126671,0.0469425321,0.0680928826,0.0469425321,0.0680928826,0.0518527627,0.0126115207
train:8938,0,-0.1026195437,-0.1031986009,0.0005790572,-0.3811234068,-0.2406776380,-0.3694532961,-0.2092992988,-0.0000435561,-0.1542792767,0.0132740885,-0.1337990612,0.0132740885,0.1337990612,0.3694532961,0.2092992988
train:8942,-1,-5.0726208687,-1.6075813401,-3.4650395286,-0.1410392154,-0.3716079820,-0.1293691046,-0.3402296428,-0.0726928711,-0.0772509575,-0.0593752265,-0.0567707419,0.0593752265,0.0567707419,0.1293691046,0.3402296428
train:8944,0,-2.4347255230,-2.4353045802,0.0005790572,0.0038421769,0.0297327657,0.0155122876,0.0611111049,-0.1128902435,0.0963017941,-0.0995725989,0.1167820096,0.0995725989,0.1167820096,0.0155122876,0.0611111049
train:8949,0,-0.3770338893,-0.3776129465,0.0005790572,-0.0841284077,-0.1126722675,-0.0724582970,-0.0812939283,-0.1396496594,-0.1564562321,-0.1263320148,-0.1359760165,0.1263320148,0.1359760165,0.0724582970,0.0812939283
train:8968,0,-2.6552288532,-2.6558079105,0.0005790572,0.1655672211,0.0286386628,0.1772373319,0.0600170020,-0.0723536015,0.0408527851,-0.0590359569,0.0613330007,0.0590359569,0.0613330007,0.1772373319,0.0600170020
train:8971,0,-0.7967318296,-0.7973108869,0.0005790572,-0.2295397501,-0.1995564680,-0.2178696394,-0.1681781288,-0.2052005529,-0.3017591834,-0.1918829083,-0.2812789679,0.1918829083,0.2812789679,0.2178696394,0.1681781288
train:8983,0,2.0652081966,2.0646291394,0.0005790572,-0.0453903060,-0.0045613628,-0.0337201953,0.0268169764,0.0169899464,-0.0373134613,0.0303075910,-0.0168332458,0.0303075910,0.0168332458,0.0337201953,0.0268169764
train:8984,-1,-1.2480189800,2.2170205485,-3.4650395286,-0.2371716130,-0.0010585416,-0.2255015023,0.0303197976,0.0001904964,-0.0278701782,0.0135081410,-0.0073899627,0.0135081410,0.0073899627,0.2255015023,0.0303197976
train:8991,0,1.0539993048,1.0534202475,0.0005790572,-0.0022993665,-0.0377743821,0.0093707442,-0.0063960429,0.0561730862,0.0072602034,0.0694907308,0.0277404189,0.0694907308,0.0277404189,0.0093707442,0.0063960429
train:8998,0,2.0312366486,2.0306575913,0.0005790572,0.0085867066,-0.0230035167,0.0202568173,0.0083748225,0.0045511723,0.0327873230,0.0178688169,0.0532675385,0.0178688169,0.0532675385,0.0202568173,0.0083748225
train:9003,0,2.2203607559,2.2197816987,0.0005790572,-0.0252544265,0.0622189660,-0.0135843158,0.0935973052,0.0702934265,-0.0056910515,0.0836110711,0.0147891641,0.0836110711,0.0147891641,0.0135843158,0.0935973052
train:9005,0,-1.7951518297,-1.7957308870,0.0005790572,0.0793147702,-0.0543009620,0.0909848809,-0.0229226228,0.1011334658,0.1217254400,0.1144511104,0.1422056556,0.1144511104,0.1422056556,0.0909848809,0.0229226228
train:9006,0,-2.4383902550,-2.4389693122,0.0005790572,-0.0628351550,0.0106180329,-0.0511650443,0.0419963721,-0.1442286968,-0.1211540699,-0.1309110522,-0.1006738544,0.1309110522,0.1006738544,0.0511650443,0.0419963721
train:9015,0,1.3220628500,1.3214837928,0.0005790572,-0.0256081205,-0.0426108222,-0.0139380097,-0.0112324830,-0.0700598955,0.0426176786,-0.0567422509,0.0630978942,0.0567422509,0.0630978942,0.0139380097,0.0112324830
train:9026,0,-1.7569996119,-1.7575786691,0.0005790572,0.0123135466,-0.0366312843,0.0239836574,-0.0052529451,-0.0990911722,-0.0851794481,-0.0857735276,-0.0646992326,0.0857735276,0.0646992326,0.0239836574,0.0052529451
train:9035,0,-1.3916940689,-1.3922731261,0.0005790572,0.0921680350,-0.0254787784,0.1038381457,0.0058995608,-0.0349930525,0.0938708782,-0.0216754079,0.1143510938,0.0216754079,0.1143510938,0.1038381457,0.0058995608
train:9038,0,0.9006689787,0.9000899215,0.0005790572,-0.0764182787,-0.0785542708,-0.0647481680,-0.0471759316,-0.0449554920,-0.0643332601,-0.0316378474,-0.0438530445,0.0316378474,0.0438530445,0.0647481680,0.0471759316
train:9046,0,1.1637327671,1.1631537099,0.0005790572,-0.0304623227,-0.0029123407,-0.0187922120,0.0284659985,0.0977478027,-0.0421073437,0.1110654473,-0.0216271281,0.1110654473,0.0216271281,0.0187922120,0.0284659985
train:9053,0,2.8878974915,2.8873184342,0.0005790572,-0.0836061816,-0.1016811710,-0.0719360709,-0.0703028318,-0.0715339184,-0.0616610050,-0.0582162738,-0.0411807895,0.0582162738,0.0411807895,0.0719360709,0.0703028318
train:9054,0,1.0735020638,1.0729230065,0.0005790572,-0.1716704946,-0.0238882880,-0.1600003839,0.0074900512,-0.2687420845,-0.1314280033,-0.2554244399,-0.1109477878,0.2554244399,0.1109477878,0.1600003839,0.0074900512
train:9056,0,0.1249756366,0.1243965794,0.0005790572,0.1904907618,0.1991503779,0.2021608725,0.2305287171,0.2573247850,0.1758776754,0.2706424296,0.1963578910,0.2706424296,0.1963578910,0.2021608725,0.2305287171
train:9062,0,-2.3508718014,-2.3514508586,0.0005790572,0.0724039693,-0.0111519675,0.0840740800,0.0202263717,0.2309012413,0.1687710285,0.2442188859,0.1892512441,0.2442188859,0.1892512441,0.0840740800,0.0202263717
train:9068,0,1.2360177040,1.2354386468,0.0005790572,0.0891500134,-0.1083336454,0.1008201241,-0.0769553062,0.0169577599,0.0536365509,0.0302754045,0.0741167665,0.0302754045,0.0741167665,0.1008201241,0.0769553062
train:9076,0,-1.1860135794,-1.1865926366,0.0005790572,-0.1231678109,-0.0783913713,-0.1114977002,-0.0470130321,0.0216456652,-0.0650037527,0.0349633098,-0.0445235372,0.0349633098,0.0445235372,0.1114977002,0.0470130321
train:9083,0,-0.3749683797,-0.3755474370,0.0005790572,-0.0556773823,-0.0798653345,-0.0440072715,-0.0484869953,-0.0724640489,-0.0239724219,-0.0591464043,-0.0034922063,0.0591464043,0.0034922063,0.0440072715,0.0484869953
train:9095,0,-2.2101206779,-2.2106997352,0.0005790572,-0.1611365657,-0.2886064630,-0.1494664550,-0.2572281238,-0.1748611927,-0.1248340607,-0.1615435481,-0.1043538451,0.1615435481,0.1043538451,0.1494664550,0.2572281238
train:9098,0,1.4827790260,1.4821999688,0.0005790572,0.0550580640,0.0127618928,0.0667281747,0.0441402320,0.0175938606,0.0327155590,0.0309115052,0.0531957746,0.0309115052,0.0531957746,0.0667281747,0.0441402320
train:9103,0,1.2153823376,1.2148032803,0.0005790572,0.0164888520,0.0289550442,0.0281589627,0.0603333834,0.0155277252,0.0027067661,0.0288453698,0.0231869817,0.0288453698,0.0231869817,0.0281589627,0.0603333834
train:9107,0,1.8455616236,1.8449825663,0.0005790572,-0.0039352756,-0.0081009250,0.0077348351,0.0232774142,0.0722581148,0.0009847879,0.0855757594,0.0214650035,0.0855757594,0.0214650035,0.0077348351,0.0232774142
train:9112,0,0.6433901787,0.6428111214,0.0005790572,-0.0420313459,0.0200436730,-0.0303612351,0.0514220122,-0.0852895975,0.0223061442,-0.0719719529,0.0427863598,0.0719719529,0.0427863598,0.0303612351,0.0514220122
train:9118,0,1.2140029669,1.2134239096,0.0005790572,-0.0652257781,-0.0981907230,-0.0535556674,-0.0668123838,-0.0241847038,-0.0615311861,-0.0108670592,-0.0410509706,0.0108670592,0.0410509706,0.0535556674,0.0668123838
train:9122,0,2.5002064705,2.4996274133,0.0005790572,0.1004846711,0.0661221165,0.1121547818,0.0975004557,0.0332252979,0.0902936459,0.0465429425,0.1107738614,0.0465429425,0.1107738614,0.1121547818,0.0975004557
train:9132,0,-1.9638551474,-1.9644342046,0.0005790572,-0.3799032550,-0.7402369361,-0.3682331443,-0.7088585969,-0.5376381874,-0.5236278772,-0.5243205428,-0.5031476617,0.5243205428,0.5031476617,0.3682331443,0.7088585969
train:9136,0,1.4223718643,1.4217928071,0.0005790572,-0.0373881440,-0.0461717229,-0.0257180333,-0.0147933837,-0.0183033943,-0.0274131298,-0.0049857497,-0.0069329143,0.0049857497,0.0069329143,0.0257180333,0.0147933837
train:9141,0,0.5080849528,0.5075058956,0.0005790572,0.2191694696,0.1135575194,0.2308395803,0.1449358586,0.1080257595,0.4571991265,0.1213434041,0.4776793420,0.1213434041,0.4776793420,0.2308395803,0.1449358586
train:9146,0,1.3941367865,1.3935577292,0.0005790572,-0.0694678407,-0.0642389636,-0.0577977300,-0.0328606244,-0.0522853136,-0.0342005491,-0.0389676690,-0.0137203336,0.0389676690,0.0137203336,0.0577977300,0.0328606244
train:9157,0,-2.1847121716,-2.1852912288,0.0005790572,-0.0906209331,-0.2378509622,-0.0789508224,-0.2064726230,-0.1504099369,-0.1786086559,-0.1370922923,-0.1581284404,0.1370922923,0.1581284404,0.0789508224,0.2064726230
train:9158,0,0.4466719627,0.4460929055,0.0005790572,0.0272314865,-0.0397182088,0.0389015973,-0.0083398696,0.0231983960,0.0730523169,0.0365160406,0.0935325325,0.0365160406,0.0935325325,0.0389015973,0.0083398696
train:9159,-2,-7.3146982193,-0.3840401049,-6.9306581144,-0.3988616567,-0.7515020545,-0.3871915459,-0.7201237153,-1.2544455528,-0.7356901169,-1.2411279082,-0.7152099013,1.2411279082,0.7152099013,0.3871915459,0.7201237153
train:9169,0,-2.2668998241,-2.2674788814,0.0005790572,-2.2405436691,-3.0634797197,-2.2288735583,-3.0321013805,-2.1461371332,-2.3593882024,-2.1328194886,-2.3389079869,2.1328194886,2.3389079869,2.2288735583,3.0321013805
train:9181,0,1.7815219164,1.7809428592,0.0005790572,0.0648301263,0.0306121726,0.0765002370,0.0619905118,-0.0076314211,-0.0109463930,0.0056862235,0.0095338225,0.0056862235,0.0095338225,0.0765002370,0.0619905118
train:9183,0,-1.7915824652,-1.7921615224,0.0005790572,-1.2954859417,-0.8998821955,-1.2838158309,-0.8685038563,-0.7472658157,-0.5789359808,-0.7339481711,-0.5584557652,0.7339481711,0.5584557652,1.2838158309,0.8685038563
train:9189,0,2.0039482117,2.0033691544,0.0005790572,-0.0773045402,-0.1084250789,-0.0656344295,-0.0770467397,0.0138354301,-0.0871927738,0.0271530747,-0.0667125583,0.0271530747,0.0667125583,0.0656344295,0.0770467397
train:9192,0,2.5854003429,2.5848212857,0.0005790572,-0.0773240905,0.0137339253,-0.0656539798,0.0451122645,0.0539422035,-0.0022196770,0.0672598481,0.0182605386,0.0672598481,0.0182605386,0.0656539798,0.0451122645
train:9200,0,0.5578545332,0.5572754760,0.0005790572,0.3952977676,0.3649105598,0.4069678783,0.3962888990,0.4890834093,0.5832517892,0.5024010539,0.6037320048,0.5024010539,0.6037320048,0.4069678783,0.3962888990
train:9201,0,-1.1464402676,-1.1470193248,0.0005790572,0.0376370568,-0.1303669791,0.0493071675,-0.0989886399,-0.1522574425,-0.0863604546,-0.1389397979,-0.0658802390,0.1389397979,0.0658802390,0.0493071675,0.0989886399
train:9217,0,1.2932052612,1.2926262040,0.0005790572,0.1110637803,-0.0666219573,0.1227338910,-0.0352436181,-0.0194156170,-0.0596029758,-0.0060979724,-0.0391227603,0.0060979724,0.0391227603,0.1227338910,0.0352436181
train:9228,0,0.7976016998,0.7970226426,0.0005790572,-0.0612850170,-0.1186186056,-0.0496149063,-0.0872402664,-0.0504385233,-0.0139984488,-0.0371208787,0.0064817667,0.0371208787,0.0064817667,0.0496149063,0.0872402664
train:9231,0,-0.3631184101,-0.3636974673,0.0005790572,0.0604680199,-0.0604055207,0.0721381307,-0.0290271815,0.0057068169,-0.0489044785,0.0190244615,-0.0284242630,0.0190244615,0.0284242630,0.0721381307,0.0290271815
train:9233,0,-0.1986960769,-0.1992751341,0.0005790572,0.1788174827,0.0225037951,0.1904875934,0.0538821343,0.0770076215,0.0257523656,0.0903252661,0.0462325811,0.0903252661,0.0462325811,0.1904875934,0.0538821343
train:9234,0,-1.5631440878,-1.5637231450,0.0005790572,-0.0474609714,-0.2552874665,-0.0357908607,-0.2239091273,-0.3151648045,-0.1955074072,-0.3018471599,-0.1750271916,0.3018471599,0.1750271916,0.0357908607,0.2239091273
train:9246,0,2.2152414322,2.2146623750,0.0005790572,0.0448578019,0.0081940312,0.0565279126,0.0395723704,-0.0512824059,0.0125503540,-0.0379647613,0.0330305696,0.0379647613,0.0330305696,0.0565279126,0.0395723704
train:9260,0,2.3720033169,2.3714242596,0.0005790572,-0.0289451461,-0.0174433570,-0.0172750354,0.0139349822,-0.1383962631,-0.0267996788,-0.1250786185,-0.0063194633,0.1250786185,0.0063194633,0.0172750354,0.0139349822
train:9265,0,1.7153897285,1.7148106713,0.0005790572,-0.0150096994,-0.0553967338,-0.0033395886,-0.0240183946,0.0872877836,-0.0850348473,0.1006054282,-0.0645546317,0.1006054282,0.0645546317,0.0033395886,0.0240183946
train:9290,-1,-4.3448696136,-0.8798300851,-3.4650395286,-0.2214471329,-0.1411407221,-0.2097770221,-0.1097623829,-0.1949596405,-0.0380482674,-0.1816419959,-0.0175680518,0.1816419959,0.0175680518,0.2097770221,0.1097623829
train:9291,0,-2.6178708076,-2.6184498649,0.0005790572,0.0745478291,-0.0505954604,0.0862179399,-0.0192171212,-0.0904896259,-0.0031373501,-0.0771719813,0.0173428655,0.0771719813,0.0173428655,0.0862179399,0.0192171212
train:9296,0,-0.5860454440,-0.5866245013,0.0005790572,-0.0813218932,-0.0362304430,-0.0696517825,-0.0048521038,0.0575500131,0.0184559226,0.0708676577,0.0389361382,0.0708676577,0.0389361382,0.0696517825,0.0048521038
train:9297,0,-2.0981063843,-2.0986854415,0.0005790572,-0.0758652072,-0.1548760514,-0.0641950965,-0.1234977122,-0.2504680157,-0.2052226067,-0.2371503711,-0.1847423911,0.2371503711,0.1847423911,0.0641950965,0.1234977122
train:9303,0,-2.9990220070,-2.9996010642,0.0005790572,0.1627922673,-0.1986781936,0.1744623780,-0.1672998544,-0.0793187618,-0.1061253548,-0.0660011172,-0.0856451392,0.0660011172,0.0856451392,0.1744623780,0.1672998544
train:9306,0,-3.2297828197,-3.2303618770,0.0005790572,-0.0888311248,-0.0559284072,-0.0771610141,-0.0245500680,-0.1767544746,-0.2900099754,-0.1634368300,-0.2695297599,0.1634368300,0.2695297599,0.0771610141,0.0245500680
train:9310,0,0.0945397690,0.0939607118,0.0005790572,0.0830503721,0.0369459857,0.0947204828,0.0683243249,0.0343853459,-0.0306020156,0.0477029905,-0.0101218000,0.0477029905,0.0101218000,0.0947204828,0.0683243249
train:9323,0,-0.6021967530,-0.6027758103,0.0005790572,-0.0709832292,-0.2068218868,-0.0593131185,-0.1754435476,-0.0940373540,-0.1585629582,-0.0807197094,-0.1380827427,0.0807197094,0.1380827427,0.0593131185,0.1754435476
train:9327,0,1.2409352064,1.2403561492,0.0005790572,0.0314679761,-0.1415963750,0.0431380868,-0.1102180358,0.0191899538,-0.0375446081,0.0325075984,-0.0170643926,0.0325075984,0.0170643926,0.0431380868,0.1102180358
train:9350,0,2.5877962112,2.5872171540,0.0005790572,-0.0751277786,-0.1160611491,-0.0634576678,-0.0846828099,-0.1103684902,0.0150055885,-0.0970508456,0.0354858041,0.0970508456,0.0354858041,0.0634576678,0.0846828099
train:9354,0,-1.5394876003,-1.5400666576,0.0005790572,0.0140333791,0.0061765332,0.0257034898,0.0375548724,0.0720335245,0.0495088100,0.0853511691,0.0699890256,0.0853511691,0.0699890256,0.0257034898,0.0375548724
train:9360,0,-2.0534722805,-2.0540513377,0.0005790572,0.1828487534,0.0685678143,0.1945188642,0.0999461535,0.0774526596,-0.0072381496,0.0907703042,0.0132420659,0.0907703042,0.0132420659,0.1945188642,0.0999461535
train:9364,0,-0.8501363993,-0.8507154565,0.0005790572,-0.1051771026,0.0192871113,-0.0935069919,0.0506654505,-0.1897840500,-0.1277133226,-0.1764664054,-0.1072331071,0.1764664054,0.1072331071,0.0935069919,0.0506654505
train:9366,0,2.0030393600,2.0024603028,0.0005790572,-0.1516417842,-0.1169580798,-0.1399716735,-0.0855797406,-0.0979573727,-0.2145302296,-0.0846397281,-0.1940500140,0.0846397281,0.1940500140,0.1399716735,0.0855797406
train:9372,0,1.5878819227,1.5873028655,0.0005790572,-0.0496200900,0.0401236434,-0.0379499793,0.0715019826,-0.0311539173,0.0443793535,-0.0178362727,0.0648595691,0.0178362727,0.0648595691,0.0379499793,0.0715019826
train:9378,0,0.9460737109,0.9454946537,0.0005790572,-0.0559272747,-0.0493633728,-0.0442571640,-0.0179850336,-0.0175259709,0.0597653389,-0.0042083263,0.0802455544,0.0042083263,0.0802455544,0.0442571640,0.0179850336
train:9379,0,-0.1905502826,-0.1911293398,0.0005790572,-0.0026247632,0.0614635814,0.0090453476,0.0928419206,-0.1340973228,-0.0920350552,-0.1207796782,-0.0715548396,0.1207796782,0.0715548396,0.0090453476,0.0928419206
train:9382,0,1.1245943308,1.1240152735,0.0005790572,-0.0199148040,0.0266891141,-0.0082446933,0.0580674533,-0.0361613035,-0.0069786310,-0.0228436589,0.0135015845,0.0228436589,0.0135015845,0.0082446933,0.0580674533
train:9383,0,1.9850831032,1.9845040459,0.0005790572,0.0538064856,0.0197920222,0.0654765964,0.0511703614,0.0380904675,0.0715584755,0.0514081120,0.0920386910,0.0514081120,0.0920386910,0.0654765964,0.0511703614
train:9399,0,0.9953767061,0.9947976489,0.0005790572,-0.0522369724,-0.0168431382,-0.0405668616,0.0145352010,0.0035271645,-0.0339244604,0.0168448091,-0.0134442449,0.0168448091,0.0134442449,0.0405668616,0.0145352010
train:9408,0,0.4308848679,0.4303058107,0.0005790572,-0.0703879874,0.0096611995,-0.0587178767,0.0410395387,-0.0558561683,-0.1124009788,-0.0425385237,-0.0919207633,0.0425385237,0.0919207633,0.0587178767,0.0410395387
train:9411,0,-0.2546634972,-0.2552425544,0.0005790572,0.0261064787,0.0111242552,0.0377765894,0.0425025944,0.0626198351,0.1213180125,0.0759374797,0.1417982280,0.0759374797,0.1417982280,0.0377765894,0.0425025944
train:9412,0,0.3429609239,0.3423818667,0.0005790572,0.0028906483,0.0137777347,0.0145607591,0.0451560739,0.0352645814,0.0095752776,0.0485822260,0.0300554931,0.0485822260,0.0300554931,0.0145607591,0.0451560739
train:9426,0,1.1467462778,1.1461672206,0.0005790572,0.1541588325,0.0148939509,0.1658289433,0.0462722901,0.2638723850,0.1731212139,0.2771900296,0.1936014295,0.2771900296,0.1936014295,0.1658289433,0.0462722901
train:9429,0,-1.5114110708,-1.5119901281,0.0005790572,-0.0473960023,-0.0033997874,-0.0357258916,0.0279785518,0.0008528233,-0.0985172987,0.0141704679,-0.0780370831,0.0141704679,0.0780370831,0.0357258916,0.0279785518
train:9432,0,-1.0638586283,-1.0644376855,0.0005790572,0.2596680541,0.0747889895,0.2713381648,0.1061673287,0.0659195185,0.1515520811,0.0792371631,0.1720322967,0.0792371631,0.1720322967,0.2713381648,0.1061673287
train:9434,0,-0.4297539890,-0.4303330462,0.0005790572,0.1020205338,0.0228116531,0.1136906445,0.0541899923,0.2718812525,-0.0473891199,0.2851988971,-0.0269089043,0.2851988971,0.0269089043,0.1136906445,0.0541899923
train:9438,0,-0.8467282057,-0.8473072629,0.0005790572,0.1057766695,-0.0351984482,0.1174467802,-0.0038201090,0.0363533497,-0.0307580829,0.0496709943,-0.0102778673,0.0496709943,0.0102778673,0.1174467802,0.0038201090
train:9449,0,0.2543359399,0.2537568826,0.0005790572,-0.0623684209,0.2103059199,-0.0506983101,0.2416842591,0.0719470233,0.1859472245,0.0852646679,0.2064274400,0.0852646679,0.2064274400,0.0506983101,0.2416842591
train:9454,0,2.5843894482,2.5838103909,0.0005790572,-0.0463265758,-0.1432954650,-0.0346564651,-0.1119171258,0.2514133453,-0.0230240822,0.2647309899,-0.0025438666,0.2647309899,0.0025438666,0.0346564651,0.1119171258
train:9457,0,-0.3894456625,-0.3900247197,0.0005790572,0.0876371581,-0.0543350559,0.0993072689,-0.0229567167,0.0718875825,0.0009356141,0.0852052271,0.0214158297,0.0852052271,0.0214158297,0.0993072689,0.0229567167
train:9461,0,2.6269383430,2.6263592858,0.0005790572,-0.0672783237,-0.1052800994,-0.0556082129,-0.0739017602,-0.0622954369,-0.0961422920,-0.0489777923,-0.0756620765,0.0489777923,0.0756620765,0.0556082129,0.0739017602
train:9462,0,0.1106187031,0.1100396458,0.0005790572,-0.0783163067,-0.2243623789,-0.0666461959,-0.1929840397,-0.1099364236,-0.2460183278,-0.0966187790,-0.2255381122,0.0966187790,0.2255381122,0.0666461959,0.1929840397
train:9488,0,1.5564951897,1.5559161324,0.0005790572,-0.0671568494,-0.0396440606,-0.0554867387,-0.0082657214,0.0126224756,-0.1031775475,0.0259401202,-0.0826973319,0.0259401202,0.0826973319,0.0554867387,0.0082657214
train:9491,0,-1.0755224228,-1.0761014800,0.0005790572,-0.0415552240,-0.0267816167,-0.0298851132,0.0045967225,0.1434663534,0.0164647102,0.1567839980,0.0369449258,0.1567839980,0.0369449258,0.0298851132,0.0045967225
train:9492,-1,-5.3200936317,-1.8550541032,-3.4650395286,0.2215540778,0.0599083078,0.2332241886,0.0912866470,0.1984195709,-0.0574383736,0.2117372155,-0.0369581580,0.2117372155,0.0369581580,0.2332241886,0.0912866470
train:9499,-1,-2.7427680492,0.7222714793,-3.4650395286,0.0032481920,0.1020399105,0.0149183028,0.1334182497,0.1443533897,0.0706450939,0.1576710343,0.0911253095,0.1576710343,0.0911253095,0.0149183028,0.1334182497
train:9508,0,-0.8881314397,-0.8887104969,0.0005790572,0.1602424402,0.0739114899,0.1719125509,0.1052898291,0.1200359464,0.1503221393,0.1333535910,0.1708023548,0.1333535910,0.1708023548,0.1719125509,0.1052898291
train:9509,0,-4.0533304214,-4.0539094787,0.0005790572,-0.0723275523,-0.1246113162,-0.0606574416,-0.0932329770,-0.1519510746,-0.1228661537,-0.1386334300,-0.1023859382,0.1386334300,0.1023859382,0.0606574416,0.0932329770
train:9514,0,0.9489477873,0.9483687300,0.0005790572,-0.0367724877,0.0189027805,-0.0251023769,0.0502811197,0.0611987114,0.0232419372,0.0745163560,0.0437221527,0.0745163560,0.0437221527,0.0251023769,0.0502811197
train:9516,0,-4.6299619675,-4.6305410247,0.0005790572,0.0737794060,0.1408980508,0.0854495168,0.1722763900,0.2564768791,0.0504608154,0.2697945237,0.0709410310,0.2697945237,0.0709410310,0.0854495168,0.1722763900
train:9518,0,-3.8953709602,-3.8959500175,0.0005790572,0.0380063672,-0.0686268192,0.0496764779,-0.0372484800,-0.0704896450,-0.0347087383,-0.0571720004,-0.0142285228,0.0571720004,0.0142285228,0.0496764779,0.0372484800
train:9523,0,0.0807523131,0.0801732559,0.0005790572,0.0466065053,-0.0474564116,0.0582766160,-0.0160780724,-0.0428594649,0.1106877774,-0.0295418203,0.1311679929,0.0295418203,0.1311679929,0.0582766160,0.0160780724
train:9525,0,0.8129082322,0.8123291750,0.0005790572,0.0321864505,-0.0185400825,0.0438565612,0.0128382567,0.0830495954,0.0138792396,0.0963672400,0.0343594551,0.0963672400,0.0343594551,0.0438565612,0.0128382567
train:9527,0,1.0447030067,1.0441239495,0.0005790572,-0.0225277524,-0.0276251416,-0.0108576417,0.0037531976,0.0198771954,-0.1416087151,0.0331948400,-0.1211284995,0.0331948400,0.1211284995,0.0108576417,0.0037531976
train:9532,0,0.5596047044,0.5590256471,0.0005790572,-0.0262531619,-0.0331479888,-0.0145830512,-0.0017696496,0.0505110621,-0.0089634061,0.0638287067,0.0115168095,0.0638287067,0.0115168095,0.0145830512,0.0017696496
train:9537,0,2.3029663563,2.3023872990,0.0005790572,-0.1628813129,-0.1753985267,-0.1512112021,-0.1440201875,-0.0358533859,-0.1188986301,-0.0225357413,-0.0984184146,0.0225357413,0.0984184146,0.1512112021,0.1440201875
train:9539,0,-1.3966231346,-1.3972021919,0.0005790572,-0.1209555249,-0.1358959060,-0.1092854142,-0.1045175668,-0.1688365936,-0.0739879608,-0.1555189490,-0.0535077453,0.1555189490,0.0535077453,0.1092854142,0.1045175668
train:9541,0,0.7693321109,0.7687530536,0.0005790572,0.1289891023,0.1639038939,0.1406592131,0.1952822331,0.1898375154,0.1370306611,0.2031551600,0.1575108767,0.2031551600,0.1575108767,0.1406592131,0.1952822331
train:9549,0,0.4772676528,0.4766885955,0.0005790572,-0.0369759481,-0.1015373748,-0.0253058374,-0.0701590356,-0.1012991369,-0.0841506422,-0.0879814923,-0.0636704266,0.0879814923,0.0636704266,0.0253058374,0.0701590356
train:9553,0,0.9629833102,0.9624042530,0.0005790572,-0.1651076060,-0.1416556816,-0.1534374952,-0.1102773424,-0.2227781415,-0.0342036486,-0.2094604969,-0.0137234330,0.2094604969,0.0137234330,0.1534374952,0.1102773424
train:9561,0,1.4968374968,1.4962584395,0.0005790572,0.0370693822,-0.0413028579,0.0487394929,-0.0099245187,0.0140498877,0.0648447275,0.0273675323,0.0853249431,0.0273675323,0.0853249431,0.0487394929,0.0099245187
train:9563,0,0.0847484618,0.0841694046,0.0005790572,0.0099534858,0.0347537939,0.0216235965,0.0661321331,0.0196434706,-0.0437536985,0.0329611152,-0.0232734829,0.0329611152,0.0232734829,0.0216235965,0.0661321331
train:9566,0,1.6113351583,1.6107561011,0.0005790572,0.1199286599,0.0395181794,0.1315987706,0.0708965186,0.0921002626,0.0136171579,0.1054179072,0.0340973735,0.1054179072,0.0340973735,0.1315987706,0.0708965186
train:9572,0,0.7275204062,0.7269413490,0.0005790572,0.0324316640,-0.0051438194,0.0441017747,0.0262345198,0.0112144351,-0.0046110749,0.0245320797,0.0158691406,0.0245320797,0.0158691406,0.0441017747,0.0262345198
train:9574,0,1.2996109724,1.2990319152,0.0005790572,0.0654750485,-0.0400196891,0.0771451592,-0.0086413499,-0.0350755453,0.0728977919,-0.0217579007,0.0933780074,0.0217579007,0.0933780074,0.0771451592,0.0086413499
train:9575,0,-1.1490825415,-1.1496615987,0.0005790572,-0.3506743889,-0.1550912838,-0.3390042782,-0.1237129446,-0.2912949324,-0.2191435695,-0.2779772878,-0.1986633539,0.2779772878,0.1986633539,0.3390042782,0.1237129446
train:9577,0,0.5017180443,0.5011389870,0.0005790572,-0.1935231667,-0.0865144711,-0.1818530560,-0.0551361319,0.0397986770,-0.0766730905,0.0531163216,-0.0561928749,0.0531163216,0.0561928749,0.1818530560,0.0551361319
train:9582,0,-0.4525308907,-0.4531099479,0.0005790572,0.0403069873,-0.0110331159,0.0519770980,0.0203452233,-0.0166674256,-0.0400327146,-0.0033497810,-0.0195524991,0.0033497810,0.0195524991,0.0519770980,0.0203452233
train:9600,0,-0.0568177961,-0.0573968533,0.0005790572,-0.0640362967,-0.0816562641,-0.0523661859,-0.0502779249,-0.0338763557,0.0864786543,-0.0205587111,0.1069588698,0.0205587111,0.1069588698,0.0523661859,0.0502779249
train:9608,0,-1.4413405657,-1.4419196229,0.0005790572,-0.0483598094,-0.2303888183,-0.0366896987,-0.1990104791,-0.1266005039,-0.0531605482,-0.1132828593,-0.0326803327,0.1132828593,0.0326803327,0.0366896987,0.1990104791
train:9609,0,2.2502865791,2.2497075219,0.0005790572,-0.1115464549,-0.0172366481,-0.0998763442,0.0141416911,0.0216166973,-0.0017888546,0.0349343419,0.0186913610,0.0349343419,0.0186913610,0.0998763442,0.0141416911
train:9623,0,0.3304377496,0.3298586924,0.0005790572,-0.0223505478,0.0379375238,-0.0106804371,0.0693158630,-0.0446279049,-0.0582594573,-0.0313102603,-0.0377792418,0.0313102603,0.0377792418,0.0106804371,0.0693158630
train:9626,0,0.4791749120,0.4785958547,0.0005790572,-0.0107992869,-0.0613321643,0.0008708239,-0.0299538251,-0.1665737033,-0.0304883122,-0.1532560587,-0.0100080967,0.1532560587,0.0100080967,0.0008708239,0.0299538251
train:9639,0,1.1486120224,1.1480329652,0.0005790572,0.0216518063,-0.0347476583,0.0333219171,-0.0033693191,0.0959933996,-0.0943143368,0.1093110442,-0.0738341212,0.1093110442,0.0738341212,0.0333219171,0.0033693191
train:9641,0,-1.0492080450,-1.0497871022,0.0005790572,-0.1989930849,0.0109853167,-0.1873229742,0.0423636559,-0.0228656530,-0.0018144846,-0.0095480084,0.0186657310,0.0095480084,0.0186657310,0.1873229742,0.0423636559
train:9642,0,-0.1310068369,-0.1315858941,0.0005790572,0.0959715266,0.0394111295,0.1076416373,0.0707894687,0.0010411888,-0.0041357875,0.0143588334,0.0163444281,0.0143588334,0.0163444281,0.1076416373,0.0707894687
train:9644,0,-1.2121342421,-1.2127132993,0.0005790572,0.0593922753,0.0035792012,0.0710623860,0.0349575404,0.0508174896,-0.0312556028,0.0641351342,-0.0107753873,0.0641351342,0.0107753873,0.0710623860,0.0349575404
train:9651,0,3.4816744328,3.4810953755,0.0005790572,-0.0912231784,-0.0595690589,-0.0795530677,-0.0281907197,-0.0502231121,0.0125696659,-0.0369054675,0.0330498815,0.0369054675,0.0330498815,0.0795530677,0.0281907197
train:9659,0,2.0860912800,2.0855122227,0.0005790572,-0.0320259910,-0.1007894855,-0.0203558803,-0.0694111463,0.0204050541,-0.1191623211,0.0337226987,-0.0986821055,0.0337226987,0.0986821055,0.0203558803,0.0694111463
train:9673,0,-3.2799503803,-3.2805294376,0.0005790572,0.2394867558,-0.0421516280,0.2511568666,-0.0107732888,0.1971206665,0.2143986225,0.2104383111,0.2348788381,0.2104383111,0.2348788381,0.2511568666,0.0107732888
train:9674,0,2.2219290733,2.2213500161,0.0005790572,0.0207000394,0.0064736027,0.0323701501,0.0378519419,0.0672810078,0.0091993809,0.0805986524,0.0296795964,0.0805986524,0.0296795964,0.0323701501,0.0378519419
train:9684,0,0.5034523606,0.5028733034,0.0005790572,-0.2897053938,-0.3553541880,-0.2780352831,-0.3239758488,-0.2124064565,-0.2740718126,-0.1990888119,-0.2535915971,0.1990888119,0.2535915971,0.2780352831,0.3239758488
train:9689,0,0.4286552072,0.4280761499,0.0005790572,0.0575682838,-0.0510880034,0.0692383945,-0.0197096642,0.0158675909,-0.1092308164,0.0291852355,-0.0887506008,0.0291852355,0.0887506008,0.0692383945,0.0197096642
train:9690,0,-0.2459726036,-0.2465516608,0.0005790572,0.0092977304,-0.0693829041,0.0209678411,-0.0380045649,-0.0755931139,-0.1022902876,-0.0622754693,-0.0818100721,0.0622754693,0.0818100721,0.0209678411,0.0380045649
train:9693,0,-0.8708052039,-0.8713842612,0.0005790572,-0.0370224695,-0.0895560365,-0.0253523588,-0.0581776973,0.7106699347,0.1785281301,0.7239875793,0.1990083456,0.7239875793,0.1990083456,0.0253523588,0.0581776973
train:9695,0,0.9451634884,0.9445844311,0.0005790572,0.0735723395,-0.0582161527,0.0852424502,-0.0268378135,0.0893194675,-0.0198856592,0.1026371121,0.0005945563,0.1026371121,0.0005945563,0.0852424502,0.0268378135
train:9696,0,1.4130263329,1.4124472756,0.0005790572,-0.0903565269,-0.2260467391,-0.0786864161,-0.1946683999,-0.0494712591,-0.1753737926,-0.0361536145,-0.1548935771,0.0361536145,0.1548935771,0.0786864161,0.1946683999
train:9698,0,-2.0755472183,-2.0761262756,0.0005790572,-0.0738565307,-0.1301153283,-0.0621864200,-0.0987369891,0.0162141323,-0.0291202068,0.0295317769,-0.0086399913,0.0295317769,0.0086399913,0.0621864200,0.0987369891
train:9706,-1,-2.6642444134,0.8007951152,-3.4650395286,-0.0698846209,-0.1007098782,-0.0582145102,-0.0693315390,-0.1303799152,-0.0222508907,-0.1170622706,-0.0017706752,0.1170622706,0.0017706752,0.0582145102,0.0693315390
train:9711,0,1.3091067076,1.3085276503,0.0005790572,0.0353441853,0.0759614129,0.0470142961,0.1073397521,-0.0338243246,0.1259089708,-0.0205066800,0.1463891864,0.0205066800,0.1463891864,0.0470142961,0.1073397521
train:9712,0,2.0114266872,2.0108476300,0.0005790572,0.0805123467,0.1415272374,0.0921824574,0.1729055766,0.0186579227,0.0454566479,0.0319755673,0.0659368634,0.0319755673,0.0659368634,0.0921824574,0.1729055766
train:9726,0,-2.5547034740,-2.5552825313,0.0005790572,-0.4421130996,-0.1753126960,-0.4304429889,-0.1439343568,-0.3962473869,-0.0488984585,-0.3829297423,-0.0284182429,0.3829297423,0.0284182429,0.4304429889,0.1439343568
train:9729,0,-0.2880100906,-0.2885891478,0.0005790572,-0.0177404564,-0.1306469720,-0.0060703456,-0.0992686328,-0.0607570410,-0.1522211730,-0.0474393964,-0.1317409575,0.0474393964,0.1317409575,0.0060703456,0.0992686328
train:9734,0,-0.0656223297,-0.0662013870,0.0005790572,-0.0869522448,-0.1155577656,-0.0752821341,-0.0841794264,0.0282098055,0.0177104920,0.0415274501,0.0381907076,0.0415274501,0.0381907076,0.0752821341,0.0841794264
train:9752,0,1.8201886415,1.8196095843,0.0005790572,-0.0252229552,-0.0220823865,-0.0135528445,0.0092959527,-0.0420874357,-0.0472956896,-0.0287697911,-0.0268154740,0.0287697911,0.0268154740,0.0135528445,0.0092959527
train:9761,0,1.9605805874,1.9600015301,0.0005790572,-0.0407075267,0.0254457612,-0.0290374160,0.0568241004,0.0166788101,-0.0004658699,0.0299964547,0.0200143456,0.0299964547,0.0200143456,0.0290374160,0.0568241004
train:9768,0,0.1543786228,0.1537995655,0.0005790572,-0.0276828687,-0.1605393570,-0.0160127580,-0.1291610178,-0.0281339735,-0.0800408721,-0.0148163289,-0.0595606565,0.0148163289,0.0595606565,0.0160127580,0.1291610178
train:9780,0,0.6165284514,0.6159493942,0.0005790572,0.0277251620,0.0170751233,0.0393952727,0.0484534625,-0.0787897706,0.0255925059,-0.0654721260,0.0460727215,0.0654721260,0.0460727215,0.0393952727,0.0484534625
train:9782,0,0.1635247171,0.1629456599,0.0005790572,-0.0427756589,-0.0835809689,-0.0311055481,-0.0522026297,-0.0621409267,0.0441872925,-0.0488232821,0.0646675080,0.0488232821,0.0646675080,0.0311055481,0.0522026297
train:9784,0,-3.6303486824,-3.6309277396,0.0005790572,-0.1080600600,-0.2576846462,-0.0963899493,-0.2263063070,-0.3005838394,-0.2996387482,-0.2872661948,-0.2791585326,0.2872661948,0.2791585326,0.0963899493,0.2263063070
train:9786,0,3.1760163307,3.1754372735,0.0005790572,-0.0131515842,0.0206747670,-0.0014814734,0.0520531062,0.0100893974,0.0837635994,0.0234070420,0.1042438149,0.0234070420,0.1042438149,0.0014814734,0.0520531062
train:9787,0,0.2646335065,0.2640544493,0.0005790572,0.0156543274,-0.0451258700,0.0273244381,-0.0137475308,-0.0462290943,0.0199112743,-0.0329114497,0.0403914899,0.0329114497,0.0403914899,0.0273244381,0.0137475308
train:9790,0,-0.2515832186,-0.2521622758,0.0005790572,0.0486271400,-0.0011475663,0.0602972507,0.0302307729,0.0402710438,0.1591501236,0.0535886884,0.1796303391,0.0535886884,0.1796303391,0.0602972507,0.0302307729
train:9791,0,0.1535585374,0.1529794801,0.0005790572,-0.0692041348,-0.0538569223,-0.0575340241,-0.0224785831,0.0010806173,-0.0167332292,0.0143982619,0.0037469864,0.0143982619,0.0037469864,0.0575340241,0.0224785831
train:9794,0,1.1453042030,1.1447251458,0.0005790572,-0.1662037950,-0.2179236989,-0.1545336843,-0.1865453597,-0.2112277746,-0.1717870235,-0.1979101300,-0.1513068080,0.1979101300,0.1513068080,0.1545336843,0.1865453597
train:9804,0,-0.6564572453,-0.6570363026,0.0005790572,0.0212835688,0.0048773308,0.0329536796,0.0362556700,-0.1250893474,0.0855391026,-0.1117717028,0.1060193181,0.1117717028,0.1060193181,0.0329536796,0.0362556700
train:9810,-1,-2.3953437805,1.0696957481,-3.4650395286,0.2310166728,0.0185305249,0.2426867835,0.0499088641,0.4116861820,0.4221544266,0.4250038266,0.4426346421,0.4250038266,0.4426346421,0.2426867835,0.0499088641
train:9813,0,0.1363180280,0.1357389707,0.0005790572,-0.0064066332,-0.0164062064,0.0052634776,0.0149721328,0.0188641548,0.0440354198,0.0321817994,0.0645156354,0.0321817994,0.0645156354,0.0052634776,0.0149721328
train:9827,0,-3.6127917767,-3.6133708339,0.0005790572,0.0232642312,-0.1324140411,0.0349343419,-0.1010357019,-0.1750650406,-0.2103972435,-0.1617473960,-0.1899170280,0.1617473960,0.1899170280,0.0349343419,0.1010357019
train:9828,0,-0.0146498336,-0.0152288908,0.0005790572,-0.1114855418,-0.1592599684,-0.0998154311,-0.1278816292,-0.1739260508,-0.2442892594,-0.1606084062,-0.2238090439,0.1606084062,0.2238090439,0.0998154311,0.1278816292
train:9831,0,1.5464805365,1.5459014792,0.0005790572,-0.0932582002,-0.0369642358,-0.0815880895,-0.0055858966,-0.0407632589,-0.0397123098,-0.0274456143,-0.0192320943,0.0274456143,0.0192320943,0.0815880895,0.0055858966
train:9836,0,-0.2580847740,-0.2586638313,0.0005790572,-0.1802266296,-0.1296808999,-0.1685565189,-0.0983025607,-0.0257781446,-0.0995534062,-0.0124605000,-0.0790731907,0.0124605000,0.0790731907,0.1685565189,0.0983025607
train:9846,0,1.1426855326,1.1421064753,0.0005790572,0.0185268540,-0.0208384376,0.0301969647,0.0105399016,0.0226900578,-0.0224190950,0.0360077024,-0.0019388795,0.0360077024,0.0019388795,0.0301969647,0.0105399016
train:9847,0,0.1608011127,0.1602220554,0.0005790572,0.0538329277,-0.0921297055,0.0655030385,-0.0607513663,-0.1803474128,-0.2173081636,-0.1670297682,-0.1968279481,0.1670297682,0.1968279481,0.0655030385,0.0607513663
train:9849,0,2.9434659481,2.9428868909,0.0005790572,-0.0501362663,-0.0278798919,-0.0384661555,0.0034984473,-0.0582640171,0.0409247875,-0.0449463725,0.0614050031,0.0449463725,0.0614050031,0.0384661555,0.0034984473
train:9852,0,0.7428947687,0.7423157115,0.0005790572,0.0043861885,0.1199272294,0.0160562992,0.1513055686,-0.0695413351,-0.0649427176,-0.0562236905,-0.0444625020,0.0562236905,0.0444625020,0.0160562992,0.1513055686
train:9863,0,1.5830752850,1.5824962277,0.0005790572,0.0757121463,0.0633887667,0.0873822570,0.0947671059,0.0088796616,-0.0766801834,0.0221973062,-0.0561999679,0.0221973062,0.0561999679,0.0873822570,0.0947671059
train:9864,-1,-7.6093773842,-4.1443378556,-3.4650395286,0.0782935989,0.0281274688,0.0899637096,0.0595058080,0.2633991241,0.2922148705,0.2767167687,0.3126950860,0.2767167687,0.3126950860,0.0899637096,0.0595058080
train:9866,0,2.0886418819,2.0880628247,0.0005790572,0.0788937230,0.0418480057,0.0905638337,0.0732263449,0.0384764671,0.0045113564,0.0517941117,0.0249915719,0.0517941117,0.0249915719,0.0905638337,0.0732263449
train:9867,0,-4.5383529663,-4.5389320235,0.0005790572,-0.3245479446,-0.1682068687,-0.3128778338,-0.1368285295,-0.1141762733,-0.3875398636,-0.1008586287,-0.3670596480,0.1008586287,0.3670596480,0.3128778338,0.1368285295
train:9874,0,2.3722393513,2.3716602940,0.0005790572,-0.0888034682,-0.1216647010,-0.0771333575,-0.0902863618,-0.0701165199,-0.0780220032,-0.0567988753,-0.0575417876,0.0567988753,0.0575417876,0.0771333575,0.0902863618
train:9878,0,2.3562381268,2.3556590695,0.0005790572,0.0449207444,-0.0578479152,0.0565908551,-0.0264695760,0.0761287212,0.0597016811,0.0894463658,0.0801818967,0.0894463658,0.0801818967,0.0565908551,0.0264695760
train:9880,0,-2.4085783958,-2.4091574531,0.0005790572,0.1603830476,0.0411401410,0.1720531583,0.0725184802,-0.2586753368,0.0706000328,-0.2453576922,0.0910802484,0.2453576922,0.0910802484,0.1720531583,0.0725184802
train:9882,0,-2.3879783154,-2.3885573726,0.0005790572,-0.1219164710,-0.2458316665,-0.1102463603,-0.2144533273,-0.1347911358,-0.2348997593,-0.1214734912,-0.2144195437,0.1214734912,0.2144195437,0.1102463603,0.2144533273
train:9890,0,-0.0584461465,-0.0590252038,0.0005790572,0.0419807751,-0.0261275749,0.0536508858,0.0052507643,0.1439661607,0.0812149867,0.1572838053,0.1016952023,0.1572838053,0.1016952023,0.0536508858,0.0052507643
train:9893,0,0.6970900297,0.6965109725,0.0005790572,-0.0679769497,-0.0759556871,-0.0563068390,-0.0445773479,-0.0439105034,-0.0914404988,-0.0305928588,-0.0709602833,0.0305928588,0.0709602833,0.0563068390,0.0445773479
train:9896,0,1.2916694880,1.2910904307,0.0005790572,-0.0795083623,-0.0983690601,-0.0678382516,-0.0669907209,-0.1700264215,-0.0887848139,-0.1567087770,-0.0683045983,0.1567087770,0.0683045983,0.0678382516,0.0669907209
train:9907,0,3.0086040497,3.0080249924,0.0005790572,-0.0473939758,-0.0863775592,-0.0357238650,-0.0549992200,-0.0455815792,-0.0825600624,-0.0322639346,-0.0620798469,0.0322639346,0.0620798469,0.0357238650,0.0549992200
train:9909,0,1.5104098320,1.5098307748,0.0005790572,-0.0924956184,0.0111627002,-0.0808255076,0.0425410394,0.0813162327,-0.0303440094,0.0946338773,-0.0098637938,0.0946338773,0.0098637938,0.0808255076,0.0425410394
train:9915,0,-4.2874855995,-4.2880646568,0.0005790572,0.0281866212,-0.2751371246,0.0398567319,-0.2437587854,-0.0831413269,0.0804696083,-0.0698236823,0.1009498239,0.0698236823,0.1009498239,0.0398567319,0.2437587854
train:9919,0,-1.3064395189,-1.3070185762,0.0005790572,-0.0593928676,-0.0756997447,-0.0477227569,-0.0443214055,-0.1596859694,-0.0142754316,-0.1463683248,0.0062047839,0.1463683248,0.0062047839,0.0477227569,0.0443214055
train:9931,0,1.0829885006,1.0824094434,0.0005790572,0.0446398873,-0.0448281150,0.0563099980,-0.0134497758,0.0561301708,-0.1053931713,0.0694478154,-0.0849129558,0.0694478154,0.0849129558,0.0563099980,0.0134497758
train:9941,0,1.4783904552,1.4778113980,0.0005790572,-0.0453212838,-0.0753443818,-0.0336511731,-0.0439660426,0.0120443106,-0.0276262760,0.0253619552,-0.0071460605,0.0253619552,0.0071460605,0.0336511731,0.0439660426
train:9942,0,2.2027730942,2.2021940369,0.0005790572,0.0139384885,-0.0028306823,0.0256085992,0.0285476569,0.0508739948,-0.0259542465,0.0641916394,-0.0054740310,0.0641916394,0.0054740310,0.0256085992,0.0285476569
train:9951,0,1.5700703859,1.5694913287,0.0005790572,-0.0385326724,-0.0549013000,-0.0268625617,-0.0235229608,-0.0496307611,-0.1146055460,-0.0363131166,-0.0941253304,0.0363131166,0.0941253304,0.0268625617,0.0235229608
train:9959,0,1.4551194906,1.4545404334,0.0005790572,-0.0747702699,-0.0670109372,-0.0631001592,-0.0356325980,-0.0080002546,-0.0214661360,0.0053173900,-0.0009859204,0.0053173900,0.0009859204,0.0631001592,0.0356325980
train:9965,0,1.7701039314,1.7695248742,0.0005790572,-0.0340250116,0.0230650325,-0.0223549008,0.0544433717,0.0403014421,-0.0145552158,0.0536190867,0.0059249997,0.0536190867,0.0059249997,0.0223549008,0.0544433717
train:9973,0,-0.8719095588,-0.8724886160,0.0005790572,-0.1661312561,-0.2360408287,-0.1544611454,-0.2046624895,-0.1572718024,-0.0494712591,-0.1439541578,-0.0289910436,0.1439541578,0.0289910436,0.1544611454,0.2046624895
train:9978,0,1.1173470020,1.1167679448,0.0005790572,-0.0985291581,-0.0864739995,-0.0868590474,-0.0550956603,-0.0325630903,-0.0589163303,-0.0192454457,-0.0384361148,0.0192454457,0.0384361148,0.0868590474,0.0550956603
train:9986,0,2.8684887886,2.8679097314,0.0005790572,-0.0073828082,-0.0146293025,0.0042873025,0.0167490367,0.0215246677,0.0369722843,0.0348423123,0.0574524999,0.0348423123,0.0574524999,0.0042873025,0.0167490367
train:9988,0,1.0221160650,1.0215370078,0.0005790572,0.0353397150,0.0078330655,0.0470098257,0.0392114047,0.0239801407,0.0209051371,0.0372977853,0.0413853526,0.0372977853,0.0413853526,0.0470098257,0.0392114047
train:9991,0,1.0600777864,1.0594987292,0.0005790572,-0.0321593862,-0.0770453792,-0.0204892755,-0.0456670400,-0.0792475939,-0.1524511576,-0.0659299493,-0.1319709420,0.0659299493,0.1319709420,0.0204892755,0.0456670400
train:9997,0,-0.1921847016,-0.1927637588,0.0005790572,-0.0322542619,-0.1911106612,-0.0205841511,-0.1597323220,-0.0104662627,-0.0346760303,0.0028513819,-0.0141958147,0.0028513819,0.0141958147,0.0205841511,0.1597323220
