fit_pos,gid,raw_D_J,raw_M_J,raw_B
0,1,-2.18870091,-2.23732281,-2.20831990
1,2,1.82712352,1.84276342,1.86815608
2,3,-0.68378973,-0.72367865,-0.61368424
3,4,0.22447911,0.19881344,0.24666327
4,6,-1.67218423,-1.70497680,-1.67776811
5,7,-0.51623219,-0.44174683,-0.48554435
6,8,0.90102321,0.89904809,0.92696828
7,10,1.72931850,1.74336493,1.67371929
8,11,-0.19235271,-0.21176548,-0.13851151
9,12,-0.32744187,-0.34274548,-0.26594433
10,13,1.49770474,1.48716724,1.51726854
11,15,-0.42023560,-0.34464014,-0.38017118
12,16,0.39215055,0.50163782,0.48329851
13,17,0.07129082,0.14384282,0.13830626
14,18,0.66555035,0.73882020,0.69514561
15,19,1.60902917,1.57113850,1.62426531
16,21,1.05540514,1.03851342,1.06968248
17,22,1.69451833,1.74211621,1.69934511
18,23,2.83491826,2.88371205,2.87134624
19,24,1.24830556,1.31782591,1.33094203
20,25,-0.04832823,-0.10644731,-0.07782169
21,26,0.74206483,0.75130010,0.78185916
22,27,-0.07092372,-0.11195475,-0.00657416
23,28,0.98493618,0.93359160,0.96784967
24,29,1.76523757,1.80217576,1.79919517
25,30,1.90742016,1.95899987,1.95297635
26,31,0.14455405,0.13416730,0.08526282
27,33,1.20137668,1.20333242,1.21746886
28,34,2.24482918,2.26870608,2.20744872
29,35,0.62713444,0.63318628,0.62558264
30,36,-0.41308564,-0.46040678,-0.36452892
31,37,1.27768803,1.27909517,1.31750000
32,38,-1.45270014,-1.56452227,-1.52518260
33,39,1.16786242,1.21565175,1.16793394
34,40,2.08812833,2.11415148,2.10894823
35,41,1.92238832,1.92381549,1.97057199
36,42,0.98363781,1.03348994,1.06258667
37,43,-0.71758634,-0.78229505,-0.69347864
38,44,-1.79033649,-1.89821947,-1.85743523
39,45,1.48576736,1.58920932,1.56697214
40,49,2.40823412,2.43095875,2.40236354
41,50,2.26474094,2.24632978,2.29722333
42,51,-0.38025305,-0.40187323,-0.36839333
43,52,-2.34461117,-2.45702887,-2.38596129
44,53,-1.99027538,-2.07153368,-2.02833629
45,54,0.78405631,0.76346743,0.79120547
46,55,0.38925058,0.50179583,0.51599485
47,56,-1.32120442,-1.35624480,-1.25544024
48,57,2.91881466,2.92920685,2.93096209
49,58,0.38032368,0.42696649,0.36923245
50,59,-2.84927249,-2.99634910,-2.84015632
51,60,-0.38580287,-0.41800511,-0.29477277
52,61,-0.65562981,-0.68653506,-0.65275455
53,62,1.41402209,1.39076817,1.42859781
54,63,-3.52875400,-3.62463999,-3.52593970
55,64,3.15282679,3.12558222,3.16864038
56,65,1.27952123,1.29235899,1.32005656
57,66,2.87539268,2.89911127,2.92397404
58,67,2.89515185,2.90666246,2.90754390
59,68,1.14298439,1.15115595,1.14264309
60,69,-2.36938810,-2.39742255,-2.38582826
61,70,2.33368731,2.37036991,2.26103163
62,71,-0.72676605,-0.76699054,-0.72255129
63,72,2.32329464,2.34029222,2.30083156
64,73,0.03162029,0.02812970,-0.00569494
65,74,0.68755102,0.68277472,0.73107469
66,75,-0.91870230,-0.85385317,-0.83191484
67,77,2.67833614,2.74811387,2.71356940
68,78,2.10534477,2.16400099,2.13409853
69,79,-1.89066243,-1.97531319,-1.96102059
70,80,0.16537693,0.16440943,0.15798271
71,82,-1.06497228,-1.00707722,-0.90292346
72,83,0.69777542,0.75049955,0.75556105
73,84,0.61051989,0.64683479,0.62939680
74,85,-3.05343032,-3.07014608,-3.06282830
75,86,-0.21519020,-0.25960243,-0.17929474
76,88,1.44471979,1.50945449,1.50290513
77,89,1.11043847,1.13322699,1.13895464
78,90,-0.33807349,-0.36258078,-0.32909453
79,91,0.99807054,0.94193113,0.96629053
80,92,1.63323486,1.65874493,1.61410499
81,93,1.60967493,1.59718847,1.63690388
82,94,1.29586291,1.32549477,1.32671797
83,95,1.67836487,1.68548596,1.66372538
84,96,-0.53621554,-0.58401471,-0.74370390
85,98,1.15077078,1.12809098,1.23522186
86,99,1.37885749,1.44187391,1.37709272
87,100,-0.52847415,-0.52880436,-0.43985453
88,102,1.86127663,1.93765450,1.88800323
89,103,2.30827069,2.31557584,2.31709456
90,105,0.18727753,0.16785739,0.15486097
91,106,1.03509271,0.97848511,1.06298292
92,107,0.77275026,0.76800686,0.75232893
93,108,1.09010375,1.11837554,1.11735857
94,109,2.11315823,2.11340237,2.11425138
95,110,-1.29793656,-1.28962982,-1.24170566
96,111,-2.93112707,-3.05993176,-2.99678922
97,112,-0.18839961,-0.17089938,-0.19332874
98,113,2.48258448,2.48328781,2.46970153
99,114,2.57284307,2.57975173,2.53860879
100,115,0.50541782,0.49621600,0.52839714
101,116,1.55010462,1.58276224,1.55851734
102,117,1.29473066,1.29308045,1.27476633
103,118,0.53801429,0.59950501,0.57668096
104,119,-4.18264961,-4.27771091,-4.14823675
105,120,0.29173225,0.23092817,0.12413520
106,121,-0.71911883,-0.77846497,-0.76974344
107,122,0.12623420,0.04050057,0.09623629
108,123,3.11834002,3.14128542,3.08501649
109,124,-1.26656604,-1.30049980,-1.21267045
110,125,1.25917816,1.24621940,1.26761580
111,126,-2.90885878,-2.95144224,-2.91969943
112,127,0.42039305,0.34175766,0.38483208
113,128,-1.34470236,-1.35250998,-1.33784103
114,129,-0.23825783,-0.24144028,-0.32976550
115,130,0.81592238,0.81070679,0.73249388
116,131,2.28758717,2.26051569,2.27096939
117,132,0.66533321,0.70734477,0.67623019
118,133,0.66039473,0.75805372,0.73065621
119,134,-0.25685167,-0.27917695,-0.23399577
120,135,2.55299282,2.60982060,2.60304475
121,136,-0.55518150,-0.62063628,-0.53212845
122,139,-3.64042020,-3.70418119,-3.56210947
123,140,2.81822300,2.82259703,2.82258344
124,141,2.48609996,2.55775142,2.51316619
125,143,2.26706815,2.27542448,2.28984499
126,144,1.29842043,1.34228468,1.41036618
127,145,0.82398462,0.87335092,0.90690333
128,146,1.26669645,1.27281201,1.24559164
129,147,0.38707620,0.38914466,0.42288467
130,148,0.95470423,0.93088013,0.96605825
131,149,-3.49413919,-3.64565444,-3.58958817
132,151,-3.51877475,-3.64167976,-3.51558995
133,152,0.84174418,0.76858068,0.83122790
134,153,0.86937654,0.85988277,0.82780808
135,154,1.76774800,1.72914636,1.73466086
136,155,1.57005310,1.58302665,1.59638512
137,156,1.29980230,1.27816737,1.30613053
138,157,-0.33051255,-0.35373783,-0.30532619
139,159,1.05812705,1.06778443,1.05754662
140,160,-0.11813743,-0.06794837,-0.02323779
141,161,-0.63260579,-0.66699892,-0.55178797
142,163,2.43615484,2.36922741,2.39623642
143,164,-2.69739079,-2.78345060,-2.79998016
144,165,-2.44489861,-2.49058127,-2.43018460
145,166,-0.17455733,-0.28532535,-0.16420311
146,167,-1.13002968,-1.04363477,-0.67944771
147,168,1.46133780,1.52001119,1.46167028
148,169,-1.45714247,-1.42037416,-1.43347037
149,170,0.50015354,0.54174250,0.48377249
150,171,2.25848913,2.29926157,2.26034975
151,172,-2.66736913,-2.74149919,-2.77189898
152,173,2.33219600,2.39014792,2.32826614
153,174,1.80381668,1.79707468,1.86222649
154,176,-0.54087430,-0.53208524,-0.51999635
155,179,1.56404626,1.48313069,1.51365995
156,180,0.77206987,0.78107089,0.76152807
157,181,1.39423621,1.44345665,1.45379424
158,183,1.08676267,1.10982895,1.07511914
159,184,1.58295846,1.60383964,1.62384057
160,185,-1.31424236,-1.35458565,-1.24754095
161,186,1.03476572,1.09844506,1.05473101
162,187,0.01143555,-0.06504260,-0.01736399
163,188,-2.82489753,-2.91796255,-2.75538611
164,189,-4.81035471,-4.95207357,-4.89287615
165,190,1.18494844,1.11660171,1.14917266
166,192,0.59965426,0.65325880,0.63055110
167,193,0.74771148,0.78305048,0.77579075
168,194,1.07627273,1.08276868,1.05617869
169,195,1.59264827,1.60814786,1.58837008
170,198,-0.40334710,-0.28510731,-0.31461129
171,199,2.32146120,2.35732841,2.40206885
172,200,1.06177568,1.04085922,1.09334171
173,201,2.61294651,2.62851381,2.63842511
174,202,3.47651720,3.51732159,3.45156980
175,204,-2.56357622,-2.62448931,-2.54756260
176,205,-2.14409947,-2.20924664,-2.18113112
177,206,1.76116085,1.74702287,1.77935195
178,207,-3.11612391,-3.18357515,-3.09771633
179,208,-1.76328397,-1.78333139,-1.74682987
180,209,0.28272748,0.29909530,0.35278866
181,210,1.20858157,1.25972235,1.19103551
182,211,-0.80856603,-0.91555792,-0.80306673
183,212,1.59843636,1.58187008,1.69194162
184,213,2.16993618,2.30423880,2.18262172
185,214,1.06739664,1.07863128,1.06478679
186,215,0.81494224,0.85539055,0.80786651
187,216,0.02016086,-0.05655745,0.04811270
188,217,2.53318787,2.62793803,2.62493730
189,218,1.89830339,1.95652044,1.88370979
190,219,0.29606599,0.27271622,0.33197707
191,222,0.61152989,0.69050449,0.70007133
192,224,-1.91655254,-1.94216681,-1.93928611
193,225,0.74170417,0.71009499,0.63428611
194,226,-2.37357998,-2.41453314,-2.36098385
195,227,-0.20471996,-0.22892453,-0.19136536
196,228,-0.96836394,-1.00026321,-0.82113117
197,229,1.47329140,1.50478899,1.43736374
198,230,2.23263669,2.36672211,2.22692537
199,231,-0.09462454,-0.16318510,-0.11483345
200,232,-0.18826813,-0.16361010,-0.07334401
201,233,0.50639969,0.52988982,0.50435781
202,234,-0.67176384,-0.64429551,-0.64604127
203,236,0.82266557,0.89785516,0.81083643
204,237,0.19775006,0.22035630,0.27766362
205,238,-2.35716438,-2.36982346,-2.29962301
206,239,-2.02322721,-2.12831259,-2.04064155
207,240,-0.32159254,-0.34838456,-0.29254943
208,241,1.19358981,1.18710971,1.23802972
209,242,0.98251683,0.97234803,0.95742220
210,244,0.92412490,0.94294125,0.98208404
211,245,1.69193530,1.68909621,1.69920266
212,246,1.36647630,1.37522936,1.39071548
213,247,-0.69291812,-0.64898020,-0.61964762
214,248,0.45786965,0.52098918,0.48632157
215,249,0.94964737,0.92528677,0.98429281
216,250,1.76763916,1.78373671,1.79484022
217,251,-3.32651711,-3.28086329,-3.35797954
218,252,-0.13888294,-0.07030700,-0.16668430
219,254,-0.77724117,-0.73476851,-0.67700887
220,256,1.31506801,1.39777052,1.34539962
221,258,2.63949060,2.72078276,2.71261978
222,259,-2.93279004,-2.89807749,-2.88274980
223,260,-3.14477348,-3.26174021,-3.13596129
224,261,0.46797517,0.48348761,0.49869749
225,262,0.70677966,0.71351260,0.72089362
226,263,0.86755800,0.88383430,0.87475878
227,264,2.36115479,2.40008259,2.38407350
228,265,-1.22183514,-1.21398997,-1.18414116
229,266,-0.93422550,-0.94097430,-0.86322135
230,267,-0.61262268,-0.61411476,-0.57387978
231,269,0.64001197,0.60647035,0.57637918
232,271,0.31456587,0.33483231,0.42730495
233,273,0.57352954,0.55843759,0.60271853
234,274,-1.98857665,-2.04758954,-1.98667896
235,275,1.73428822,1.74011111,1.73965406
236,276,0.78015351,0.80557191,0.85450822
237,277,0.80336505,0.80578703,0.86200035
238,278,-0.13630643,-0.09830125,-0.10115837
239,279,-0.41541335,-0.42526478,-0.44013962
240,280,1.48179185,1.48282278,1.51148343
241,281,0.21586233,0.24498858,0.21295151
242,283,-1.04793429,-1.07296598,-1.07975376
243,284,1.19449544,1.19625854,1.19281530
244,285,-0.11903691,-0.15950905,-0.06408914
245,287,2.03532147,2.09693813,2.07324243
246,291,1.29220963,1.33046937,1.32689524
247,293,0.22884572,0.23914635,0.22114998
248,294,0.64847946,0.68867928,0.65641177
249,296,-4.75292349,-4.83251715,-4.67011547
250,298,2.52774930,2.55955291,2.56601834
251,299,-1.20535743,-1.21811044,-1.16806412
252,300,2.02083373,2.03176141,2.00661302
253,302,-1.80517793,-1.77292776,-1.83335149
254,303,0.54699761,0.62073922,0.63688654
255,304,-7.39816046,-7.50276375,-7.45477533
256,305,-0.02935670,-0.07137871,-0.09636242
257,307,-2.16885471,-2.18600821,-2.21713328
258,308,-2.89170885,-2.98107100,-2.94982433
259,310,-0.74917454,-0.72747850,-0.68074846
260,311,0.88692135,0.85834640,0.89980328
261,312,1.47384894,1.44409871,1.48674846
262,313,1.41595852,1.46194386,1.42697310
263,315,-0.66848737,-0.65502411,-0.66994673
264,317,-2.22572207,-2.25051928,-2.21231413
265,318,1.08885145,1.01116526,1.02290499
266,319,-0.79561949,-0.80576521,-0.81481791
267,321,-0.86797267,-0.77667266,-0.75749958
268,323,1.17811120,1.15174186,1.18352520
269,325,0.98167282,0.98900878,1.01182497
270,326,-4.44871140,-4.48393202,-4.43664408
271,327,-0.06948698,-0.13733988,-0.07308666
272,328,0.79769903,0.76642060,0.81416708
273,329,-0.09222613,-0.14427973,-0.11988194
274,330,-2.59300709,-2.73757958,-2.63833642
275,331,-1.60373008,-1.63438845,-1.57014716
276,332,1.78044510,1.79855990,1.81815767
277,335,2.36115932,2.32646108,2.29246879
278,336,0.53806406,0.57363904,0.61731440
279,337,-3.10454059,-3.13188410,-3.01159453
280,338,-2.45235014,-2.45384216,-2.40364981
281,339,0.22662464,0.21563309,0.28113070
282,340,1.05214643,1.03232455,1.07113695
283,342,2.65031576,2.67592955,2.63344121
284,343,0.04389802,-0.00371701,0.06163655
285,344,0.18043274,0.13648695,0.20570046
286,345,-2.26555824,-2.29526424,-2.27855706
287,348,0.75769299,0.72537035,0.71615016
288,349,-0.57720286,-0.57159454,-0.49460056
289,351,0.97681135,1.10984182,0.98816442
290,352,-2.72541142,-2.76753592,-2.64299798
291,355,-2.35202980,-2.31740260,-2.30431914
292,356,0.03894996,0.11612613,0.16331515
293,357,2.93689060,2.92220759,2.98214221
294,358,0.94915408,0.97317988,0.94287229
295,360,-0.50172842,-0.53811240,-0.47630122
296,361,-0.87241942,-0.87629837,-0.81998640
297,362,-1.28039420,-1.36774325,-1.36445165
298,364,-1.13841438,-1.17217231,-1.15819502
299,365,1.61132681,1.58503652,1.60351562
300,366,-2.39254212,-2.45081711,-2.36777616
301,367,0.72987288,0.70512956,0.73693454
302,368,1.55700278,1.54385996,1.50997782
303,369,0.56916744,0.56135696,0.49178919
304,370,0.05365408,0.01321726,0.06280610
305,371,2.54645538,2.54710889,2.53765059
306,372,-0.28823996,-0.24620916,-0.22040656
307,374,0.53687924,0.60013860,0.57750589
308,376,0.41260719,0.41460180,0.43116578
309,377,2.52665877,2.53060150,2.50302172
310,381,1.51412439,1.50384760,1.48571670
311,382,-0.19108611,-0.24199416,-0.19689155
312,383,-2.14290905,-2.20443201,-2.14312124
313,384,1.70912099,1.71227455,1.69165361
314,385,-0.59865952,-0.60627097,-0.67389601
315,386,0.14816082,0.17127523,0.14345890
316,388,1.82914865,1.85861695,1.88757753
317,389,2.14618301,2.16435409,2.18815064
318,390,2.70617008,2.74146557,2.72325683
319,391,1.85923457,1.80892432,1.78372633
320,392,-2.80207253,-2.94275713,-2.86500263
321,395,0.76922208,0.85027003,0.82228827
322,397,1.40229321,1.40416372,1.42311668
323,399,1.74705958,1.72008026,1.75435996
324,400,2.32580447,2.29613423,2.30744338
325,401,2.40515614,2.41644955,2.35412478
326,402,0.43366563,0.41936362,0.49269995
327,403,1.01966310,1.01322055,1.02952003
328,404,-0.40026528,-0.41973466,-0.48526475
329,405,0.29042327,0.28237039,0.32387474
330,406,-0.85489362,-0.82979107,-0.83589864
331,407,-1.33569741,-1.30392385,-1.28224576
332,408,-1.09098244,-1.11827910,-1.08491266
333,409,1.14945316,1.13457572,1.14702106
334,410,-2.09971094,-2.13095975,-2.08083510
335,411,0.40432435,0.36790657,0.39743304
336,413,-1.29853010,-1.39409876,-1.30779350
337,416,2.02124071,2.04433036,2.07829642
338,417,2.25109982,2.29225397,2.30262208
339,418,-0.12631363,-0.13406239,-0.09475917
340,420,-3.07202506,-3.06744814,-3.02089858
341,421,-3.70892811,-3.76664925,-3.69632602
342,422,-0.39405620,-0.52216119,-0.53119272
343,423,2.01121902,2.04398227,2.08029199
344,424,-1.73494506,-1.70766294,-1.61823797
345,426,1.12590814,1.12136626,1.17658639
346,427,0.81506068,0.74168444,0.79897493
347,428,1.56755710,1.60937989,1.65776229
348,429,-0.85464698,-0.81221062,-0.75178200
349,430,-1.05442894,-1.11540961,-1.01113760
350,431,1.58093345,1.66757631,1.60236859
351,432,-0.26536673,-0.28464466,-0.23751763
352,433,2.62813091,2.68148685,2.65847230
353,434,1.51309228,1.53989494,1.52128243
354,437,-1.34221101,-1.29690862,-1.32663918
355,438,-2.79651952,-2.84964824,-2.83353758
356,439,-0.30087858,-0.41843712,-0.44377068
357,440,0.51159614,0.53260797,0.54179227
358,441,0.55038255,0.55183399,0.55451787
359,443,0.77524889,0.78944898,0.80187994
360,444,1.60947752,1.62598062,1.58893096
361,445,2.08271289,2.15103316,2.09700704
362,447,0.45402348,0.43531281,0.44078892
363,449,2.14608526,2.18436027,2.15219736
364,451,1.35152125,1.46287894,1.36129582
365,452,-1.01510084,-1.10997391,-0.97496599
366,454,1.95788276,1.96368837,1.94445527
367,455,1.26232004,1.35389924,1.31579459
368,456,0.50988412,0.47370368,0.54793936
369,457,-1.76250386,-1.82306051,-1.80134916
370,458,0.30715173,0.35943747,0.37015352
371,459,2.52618217,2.62586737,2.56968570
372,460,1.36765504,1.40905166,1.41342509
373,461,0.07980524,0.03537233,0.02506777
374,463,1.25183105,1.25609112,1.17486012
375,464,0.72029102,0.73144901,0.74811798
376,465,0.81832182,0.83994240,0.86391336
377,466,-1.29653716,-1.43984556,-1.39649880
378,467,0.83779651,0.87413639,0.87348872
379,468,0.73020387,0.83255965,0.77888536
380,469,1.69285154,1.74309993,1.68461299
381,470,0.24889150,0.20726882,0.18482679
382,474,-2.12371016,-2.17386818,-2.18729043
383,475,-3.20954204,-3.29886961,-3.20357466
384,476,1.63010538,1.70081437,1.68581808
385,477,1.05123830,1.05148649,1.07840276
386,478,-1.52742660,-1.58501554,-1.54530799
387,479,-2.29424381,-2.24265957,-2.13822246
388,480,1.19320166,1.15922403,1.25175309
389,481,-1.76641214,-1.76068950,-1.72770512
390,482,1.76080871,1.78695571,1.82016778
391,484,-0.54803914,-0.55724388,-0.48756883
392,485,1.39142227,1.36625552,1.39677477
393,486,-0.99616808,-1.04806340,-0.97955221
394,489,0.87131166,0.86520147,0.84463131
395,490,-0.14647642,-0.13318118,-0.14330477
396,491,0.01314195,-0.04376646,0.09452110
397,492,2.53111315,2.55010533,2.50237894
398,493,-0.18479517,-0.22795887,-0.22784182
399,494,1.08033133,1.05745411,1.11474597
400,495,-0.54929149,-0.59070951,-0.52127212
401,496,1.68324876,1.73856544,1.71953034
402,497,-0.56387860,-0.55344492,-0.52621228
403,498,0.92939848,0.90731841,0.95614010
404,499,-0.86832875,-0.82274431,-0.78301412
405,500,0.70122051,0.76412725,0.74671513
406,503,0.77874035,0.77336544,0.81708461
407,504,0.66068989,0.63008142,0.69878513
408,505,-2.36443090,-2.41827893,-2.33744836
409,506,-3.45483088,-3.50407434,-3.49963117
410,510,1.18074310,1.21584153,1.20667946
411,511,-0.85416418,-0.82830936,-0.75874746
412,512,1.32981563,1.37609208,1.41853237
413,513,0.03077772,0.08758725,0.10950723
414,514,-4.85799408,-4.88312387,-4.82499170
415,515,-0.61179286,-0.54461068,-0.62604171
416,516,0.32099319,0.34586173,0.29938319
417,517,-0.26667893,-0.32091761,-0.28217450
418,518,-0.51655787,-0.48789966,-0.43749145
419,519,-0.50703156,-0.52779883,-0.42886010
420,520,-2.65029097,-2.68426609,-2.65123940
421,521,1.51434231,1.55201256,1.53981411
422,522,0.92222601,0.93562496,0.93274957
423,524,0.68786478,0.72785437,0.80593973
424,525,0.77836448,0.81864613,0.78166205
425,526,1.31939602,1.33324766,1.29315794
426,527,0.26346293,0.22204414,0.25441745
427,528,-1.59917212,-1.61719012,-1.51923406
428,529,1.10362363,1.12522650,1.11875916
429,532,0.88513058,0.95259100,0.89685577
430,534,1.02808571,1.05414653,1.12252152
431,535,3.14739060,3.22382498,3.23153210
432,538,0.65783077,0.69827735,0.69455093
433,539,1.63846087,1.67780709,1.70364559
434,541,-1.52353907,-1.58431172,-1.47793174
435,542,-1.86470592,-1.89508200,-1.84559035
436,543,0.43491188,0.46849597,0.46816158
437,545,0.76235753,0.82623559,0.79063803
438,546,-2.07967734,-2.16643476,-2.10049510
439,547,1.05793321,1.07637525,1.07258821
440,549,-0.39943758,-0.44182867,-0.44669822
441,550,0.86002612,0.81002349,0.85001040
442,553,0.53851372,0.57091224,0.56850511
443,554,-0.54140377,-0.49387270,-0.47282717
444,555,1.30783463,1.34225345,1.34675133
445,556,0.90060937,0.90597105,0.90385026
446,557,0.80939537,0.85941231,0.83879715
447,558,0.54346198,0.50698608,0.56486440
448,559,-2.41953230,-2.49832249,-2.40897703
449,560,0.22140735,0.24169798,0.26288149
450,561,1.53549123,1.58041155,1.54537559
451,563,0.08024976,0.15223533,0.12907501
452,564,3.33755898,3.36265707,3.31057191
453,565,1.12036538,1.13031232,1.16546261
454,566,-0.31476831,-0.36898410,-0.30228904
455,568,2.03069854,2.10666132,2.08156610
456,569,-2.63234282,-2.58837175,-2.51752329
457,570,2.22250724,2.25854683,2.32036757
458,571,2.25122404,2.27723217,2.29630446
459,573,-0.45574045,-0.45337617,-0.45342609
460,574,0.54238713,0.53776377,0.50019091
461,575,1.27285361,1.26419914,1.22033250
462,576,0.02412901,0.03359772,0.03133211
463,577,0.44102311,0.40291077,0.42291376
464,578,2.52892590,2.56613469,2.48447776
465,580,0.76311165,0.79881424,0.76225883
466,581,0.25311875,0.28912443,0.40191701
467,582,0.16661474,0.11390027,0.11385372
468,583,2.55382538,2.53013515,2.59185576
469,584,2.75449586,2.71130085,2.66459274
470,585,0.87131232,0.81181777,0.83187145
471,586,0.71033102,0.73734182,0.67382848
472,587,-3.12138772,-3.08731318,-2.91696382
473,588,1.73564577,1.85448289,1.82109571
474,589,1.47518480,1.49830770,1.51458323
475,590,0.23163852,0.20957790,0.22004870
476,594,0.71746057,0.68985993,0.70017529
477,595,2.44324207,2.52196980,2.49133420
478,596,0.95686388,0.96669436,0.94091660
479,597,0.71738857,0.73528445,0.73267597
480,598,0.20538801,0.19313757,0.34872124
481,599,-3.47879672,-3.50547504,-3.49433923
482,601,0.45094991,0.44374239,0.49638563
483,602,1.92034554,1.95366633,1.95623338
484,603,-1.68021321,-1.72803640,-1.65234995
485,604,1.32658398,1.41232049,1.37139022
486,605,2.18746233,2.20848370,2.24089265
487,606,1.12370038,1.10554504,1.16969585
488,607,-0.45041537,-0.50219440,-0.41271636
489,608,-1.06666267,-1.19147086,-1.07811344
490,609,1.55495012,1.54000854,1.51880109
491,610,0.33026272,0.34899026,0.30034864
492,611,0.85832536,0.82508087,0.85069340
493,612,1.15559697,1.20326328,1.14803290
494,613,2.47550678,2.49095058,2.50944734
495,614,0.41270006,0.46025741,0.44511181
496,615,-0.73297393,-0.69205356,-0.60263145
497,616,1.07352233,1.10892785,1.08159363
498,617,1.48551130,1.48753726,1.54175055
499,618,0.07124845,0.01231791,0.06375730
500,619,1.96390605,1.98431945,1.96973526
501,620,-2.49453688,-2.47005272,-2.38102031
502,621,1.35946202,1.35843933,1.31683362
503,622,0.39348364,0.35223341,0.36670414
504,623,-1.18043995,-1.07099104,-1.14817023
505,625,-0.30059996,-0.32959998,-0.27086118
506,627,0.29050764,0.28230262,0.27377284
507,628,0.04784524,0.06588631,0.08735088
508,629,0.79724866,0.80483717,0.80187541
509,630,1.01183558,1.03490794,0.95126355
510,632,-3.89809251,-3.85340214,-3.79867411
511,634,2.44686294,2.56737852,2.56670237
512,635,0.64386308,0.63929164,0.60562742
513,636,-4.14731359,-4.19975233,-4.14527798
514,637,0.85144681,0.86827093,0.78489423
515,638,-0.76768249,-0.81005532,-0.73987097
516,640,0.27520171,0.25334579,0.26172468
517,641,0.99948812,1.01594627,1.05674517
518,642,2.29147363,2.36091948,2.38745952
519,644,2.19388604,2.18284392,2.18409681
520,645,2.67706680,2.68312860,2.68630576
521,647,0.94057453,0.92401522,0.96786624
522,649,1.53852808,1.59715128,1.54157650
523,650,2.18662834,2.26783156,2.20214176
524,651,1.17813194,1.20336127,1.22782505
525,653,0.06794628,0.05283765,0.12599796
526,654,-0.65933067,-0.61030477,-0.63528603
527,655,-0.06521193,-0.07822335,-0.07424117
528,657,-1.46377230,-1.43846464,-1.38074517
529,658,1.03021491,0.96563828,0.94771659
530,660,0.53954345,0.54679531,0.54897362
531,661,-2.39668512,-2.45136786,-2.39032722
532,662,2.34530163,2.43681383,2.40743732
533,663,-0.66998583,-0.75591797,-0.69676369
534,664,-0.74345011,-0.80904502,-0.74768400
535,666,-2.29840422,-2.32157278,-2.28432488
536,667,1.95910764,1.95509672,1.95419610
537,668,0.68790644,0.65253216,0.65807819
538,670,1.73219299,1.73323429,1.77248597
539,671,-0.75087452,-0.80045229,-0.81045336
540,673,1.01292527,1.07707977,1.06487012
541,675,2.30777812,2.37504816,2.28461385
542,676,0.64930409,0.75756997,0.73219341
543,677,1.87385917,1.86563945,1.90066326
544,678,1.64846802,1.66746569,1.65421164
545,680,1.36644328,1.38942349,1.38254917
546,681,-1.25019693,-1.27962208,-1.24686694
547,682,0.76127845,0.76595151,0.80528593
548,683,0.25520760,0.20503995,0.24697229
549,685,1.47816873,1.46435237,1.54017580
550,687,0.68869448,0.73593795,0.69866484
551,688,1.12265062,1.08308542,1.14161062
552,689,0.35583526,0.37412071,0.33035517
553,690,1.96346784,2.04087472,2.01329613
554,691,1.55730534,1.60648477,1.62717485
555,692,-0.64742309,-0.65096647,-0.65904278
556,693,0.84882683,0.85586578,0.84867913
557,694,1.79894757,1.83779001,1.82350361
558,695,-0.01816927,-0.04436001,-0.00186574
559,696,-2.43662667,-2.41433787,-2.37438750
560,697,-2.37920237,-2.42014527,-2.31616449
561,698,-3.26831913,-3.42569399,-3.35726953
562,699,-0.81617182,-0.87336236,-0.80951524
563,702,-1.39143014,-1.36968327,-1.29004562
564,704,-2.81128526,-2.86619663,-2.85028195
565,706,-1.03396904,-1.09902823,-1.05320430
566,707,-1.41810918,-1.39769614,-1.35629272
567,708,0.60903174,0.69678164,0.75059777
568,709,2.38829708,2.41419792,2.40813351
569,710,-0.76513702,-0.79485983,-0.75994831
570,711,-2.16058397,-2.19008160,-2.13307786
571,713,0.63367802,0.68528008,0.62110490
572,714,1.65927172,1.69111156,1.72071683
573,715,-2.72362137,-2.80151463,-2.78742623
574,716,-0.32545805,-0.39161485,-0.33238444
575,717,-4.25539541,-4.27048349,-4.16131210
576,720,1.49075580,1.54506719,1.53293979
577,722,-0.87243408,-0.95182532,-0.85443300
578,723,1.07488739,1.12751198,1.12820852
579,724,-2.68833113,-2.66792154,-2.60964370
580,726,1.81941628,1.84421647,1.85702240
581,727,2.53263903,2.52998042,2.56598401
582,728,1.22902846,1.17636943,1.19843781
583,730,0.81103939,0.78067356,0.82164943
584,731,0.06759825,0.08685309,0.08544802
585,732,0.27482551,0.33476698,0.28734490
586,733,0.67940408,0.73415840,0.70177114
587,735,0.41631359,0.43344170,0.42312589
588,736,0.72691309,0.79360402,0.78115571
589,737,2.22735119,2.20201492,2.18805814
590,738,2.03936267,2.09713864,2.14814687
591,739,1.50635386,1.53205729,1.53014684
592,740,-2.40026474,-2.47028136,-2.38155675
593,741,-4.52707767,-4.66333580,-4.46810198
594,742,1.13457513,1.09298098,1.11141121
595,743,-2.94253159,-3.02743530,-2.99429989
596,744,1.64396954,1.64907932,1.66998267
597,745,1.56194091,1.57968223,1.61994970
598,748,-1.32762241,-1.33747423,-1.29870784
599,749,0.45289928,0.47835594,0.50234681
600,750,1.46547866,1.46404231,1.44985247
601,751,1.78095162,1.80184388,1.80987799
602,753,2.75801873,2.77963281,2.75829864
603,755,-0.45263082,-0.48779863,-0.42232785
604,756,1.35385203,1.35963094,1.40202677
605,757,2.94090199,2.93848181,2.93950605
606,758,1.47500396,1.42866921,1.46618772
607,759,-0.55349833,-0.50525540,-0.53135675
608,761,2.89474106,2.96364927,2.93173385
609,762,0.74603039,0.75020468,0.78783143
610,763,-2.95265293,-2.99322176,-2.95112729
611,765,1.13483787,1.10480905,1.17984831
612,766,-2.15048575,-2.12213874,-2.06527638
613,768,-0.48784304,-0.51524377,-0.45091471
614,772,-0.09761403,-0.12047239,-0.06921575
615,773,2.34614038,2.37849188,2.35314155
616,775,-1.96844053,-2.02200222,-1.99323237
617,776,1.42281795,1.54429746,1.50292599
618,777,1.15908420,1.15921783,1.18855047
619,778,-0.41323143,-0.42374212,-0.33670300
620,779,1.36661267,1.38141942,1.37422538
621,780,0.86254734,0.94123977,0.95285821
622,781,-3.93238211,-4.11367655,-3.99757695
623,782,1.22213984,1.23797321,1.26152956
624,783,1.59294510,1.60715270,1.67601144
625,784,3.31311655,3.32687831,3.36935830
626,785,-3.06167126,-3.14725089,-3.11715221
627,786,-1.79734111,-1.96858144,-1.93124402
628,787,0.37791848,0.36363804,0.39546916
629,788,-2.35328460,-2.41151786,-2.33312392
630,790,1.40705132,1.38475287,1.40983069
631,791,2.26112652,2.27781534,2.30654979
632,792,0.77901161,0.81887734,0.77065474
633,795,1.34640002,1.34938645,1.31500471
634,797,1.69268179,1.72069621,1.76262534
635,799,2.38169527,2.44484043,2.41751599
636,800,0.85137421,0.81318247,0.82419616
637,801,-0.79720235,-0.84884745,-0.78011501
638,803,2.43876886,2.45898509,2.43138361
639,805,2.46796107,2.52340198,2.50975776
640,807,-0.41496021,-0.41937429,-0.42023304
641,809,1.47878671,1.40770149,1.51569808
642,810,0.26328537,0.27118161,0.25132078
643,811,3.16651559,3.14602566,3.14976931
644,812,-0.40651226,-0.36806667,-0.28641796
645,813,-0.99572545,-1.17439246,-1.07188630
646,815,-2.20044446,-2.20038939,-2.13496780
647,816,-1.78846264,-1.82545996,-1.79719794
648,817,0.90267140,0.88454336,0.83444375
649,818,1.21052885,1.23050511,1.25225604
650,819,1.01218629,1.06074095,1.06843686
651,820,0.65999633,0.61592489,0.62907690
652,821,1.11053443,1.09188318,1.06397521
653,823,2.65151787,2.70524263,2.66418958
654,824,2.03981066,2.08255839,2.09374595
655,825,1.77480316,1.81025541,1.80172849
656,826,0.28227225,0.26180053,0.30274493
657,827,-1.04462719,-0.99115843,-0.98734492
658,829,0.42645073,0.43441951,0.44018665
659,831,-2.41108656,-2.41706443,-2.40488362
660,832,-1.53209305,-1.56371939,-1.52965820
661,833,2.46992302,2.47232556,2.43424320
662,834,0.15683842,0.08204596,0.13799688
663,835,0.54250932,0.64588296,0.55952626
664,836,1.34500742,1.40858400,1.35000694
665,837,-2.67899990,-2.66990638,-2.52039981
666,838,1.31659269,1.40357196,1.49573612
667,839,1.04927433,1.03471804,1.01928163
668,840,-0.36143041,-0.38779992,-0.46699271
669,841,1.95265746,1.95834506,1.94844735
670,842,0.94358510,0.97851354,0.93479103
671,844,1.65449822,1.65032923,1.63100302
672,845,-1.91348326,-1.88748503,-1.83458447
673,846,-0.01775590,-0.03130141,-0.03188808
674,847,-3.37821341,-3.47331309,-3.45573592
675,848,2.37902546,2.40924191,2.41502166
676,849,-7.83091068,-7.76141024,-7.72690010
677,850,1.64996123,1.63837171,1.64994466
678,851,0.13576841,0.16567475,0.18454365
679,852,1.00072515,1.03443110,1.09061253
680,853,2.90592480,2.87492275,2.92573118
681,854,0.25571364,0.18681698,0.24032503
682,855,-4.77085161,-4.82087708,-4.73783350
683,857,0.10519754,0.09708570,0.10241430
684,859,2.16537905,2.13941550,2.16963077
685,860,-0.71129286,-0.75486904,-0.71358013
686,861,1.91788363,1.90932274,1.90700936
687,863,0.24170080,0.22734751,0.21947598
688,864,0.50032890,0.44458652,0.42121768
689,865,1.44613874,1.42194045,1.47685897
690,866,-0.68173033,-0.69875675,-0.72693413
691,867,2.04275131,2.10887265,2.07788086
692,868,2.72132087,2.69908547,2.74990201
693,869,-0.90711892,-0.91497988,-0.90254676
694,870,0.83314222,0.84473139,0.87210125
695,871,0.42841643,0.42951095,0.53048617
696,874,-2.64030457,-2.70358324,-2.63937402
697,876,-2.04040027,-2.08298445,-2.04939389
698,877,-4.18577194,-4.26559639,-4.16817760
699,878,0.60195726,0.62782651,0.62816644
700,879,-0.40273178,-0.39102334,-0.42981449
701,880,1.29330111,1.33189964,1.34182990
702,881,0.63923764,0.66453308,0.70109314
703,882,2.22952414,2.30548811,2.25511909
704,883,1.51592803,1.51218438,1.50852609
705,884,2.25682092,2.21997309,2.23647451
706,886,0.61480206,0.67479086,0.60530096
707,887,-0.56315058,-0.55894542,-0.51019937
708,888,0.94033885,1.01086342,1.00306141
709,889,-3.81544495,-3.90676832,-3.81457496
710,890,0.31004068,0.35335052,0.37993333
711,892,-0.28477761,-0.25530005,-0.22503832
712,894,0.97559923,0.95560974,0.87715316
713,895,-1.15247524,-1.19793916,-1.30948150
714,896,1.05772781,1.01780736,1.05471671
715,897,-0.88011342,-0.91808212,-0.84812641
716,898,0.03399123,0.02430765,0.06824353
717,899,-0.34336627,-0.36842215,-0.32070279
718,900,1.49569321,1.52618122,1.51927686
719,901,-1.62182188,-1.75275564,-1.61947107
720,902,0.33572942,0.39008808,0.39022431
721,903,-1.62769401,-1.61009145,-1.60301363
722,904,0.60965914,0.68359661,0.64322460
723,906,1.45842147,1.45839834,1.40721345
724,907,-2.57680273,-2.47839117,-2.40531921
725,908,-4.56307983,-4.63994503,-4.57623625
726,910,2.41121435,2.41434765,2.42637777
727,911,0.88382226,0.89668840,0.96828622
728,912,-0.58677483,-0.63860482,-0.57584083
729,913,-2.67969751,-2.77417374,-2.60698366
730,915,-0.32359654,-0.34909070,-0.29657176
731,917,0.94861513,0.94424587,0.96409255
732,918,-5.10675430,-5.14972210,-5.21088409
733,920,0.62617874,0.66198838,0.69892871
734,921,1.56083572,1.61654186,1.62041724
735,922,-1.10789013,-1.15342355,-1.05538666
736,924,0.93782133,1.07864296,1.06263781
737,925,-2.88202429,-2.85001493,-2.82395911
738,926,-1.36910188,-1.44652665,-1.39782274
739,927,-1.07331765,-1.10029447,-1.12204683
740,929,0.11156259,0.09216903,0.08316208
741,930,0.85563356,0.83707541,0.84529912
742,931,0.98606038,1.02636576,1.05085278
743,932,-0.59443253,-0.69137913,-0.57017487
744,933,2.27385473,2.35067582,2.28713059
745,935,0.20113087,0.17063050,0.23440498
746,937,1.23266220,1.30691373,1.28490567
747,938,0.48611283,0.56353956,0.53179920
748,941,-0.29564601,-0.31482631,-0.27671957
749,943,-2.96791959,-3.03477764,-2.88662362
750,944,-1.63407207,-1.77754426,-1.75432253
751,945,2.32062769,2.38380480,2.35413432
752,947,0.18373373,0.22511886,0.29148543
753,948,-0.88417745,-0.91748959,-0.81360006
754,949,0.86750966,0.82296580,0.87383193
755,950,1.07166576,1.12571764,1.13645136
756,951,-1.00185132,-0.95843023,-0.86995780
757,953,1.85256958,1.86746693,1.89461768
758,955,0.27049088,0.31578815,0.29154360
759,956,1.06749153,1.06447613,1.06037307
760,958,-3.35722971,-3.55393934,-3.43852305
761,959,-0.08110294,-0.07469897,-0.07984639
762,960,-1.47112751,-1.48900688,-1.46841860
763,961,1.90849173,1.92365623,1.92137372
764,962,2.38924861,2.37588596,2.44009924
765,963,1.41124868,1.40175140,1.35829508
766,964,-2.59350014,-2.61613965,-2.52462101
767,965,0.86939436,0.91779411,0.81555194
768,966,1.06597590,1.08187842,1.07706058
769,968,-0.61971074,-0.60763747,-0.61609554
770,969,-0.39831093,-0.53225863,-0.45601693
771,971,-0.70933479,-0.81397212,-0.75232005
772,972,-0.89733785,-0.98119968,-0.88380271
773,973,-1.06884122,-1.10859692,-1.07983983
774,974,-0.03804803,-0.11402403,-0.09874428
775,975,-0.08469883,-0.05140546,-0.08180489
776,976,2.88018203,2.90669584,2.87520385
777,977,0.42372778,0.40036041,0.37562415
778,978,1.03635013,1.04140294,1.05908442
779,979,1.01290643,1.07354569,1.02510643
780,980,0.56828797,0.55320972,0.57788700
781,981,-1.05029929,-1.01209664,-1.03665531
782,982,1.24919057,1.27090156,1.28913999
783,983,-0.37128112,-0.29448593,-0.30095831
784,984,1.25368011,1.28774071,1.27635407
785,986,2.01251125,1.95642912,1.96554482
786,987,0.19677627,0.18775046,0.22700220
787,988,-4.39711618,-4.43107080,-4.33004522
788,989,1.64398122,1.65780246,1.67254317
789,990,2.05909729,2.04219890,2.07372403
790,991,-0.61738873,-0.65634996,-0.62862295
791,992,-0.77634805,-0.76999646,-0.75905114
792,993,0.92663544,0.93313140,0.90277743
793,994,0.30540299,0.29095352,0.31531662
794,995,-0.68642080,-0.78538316,-0.74967951
795,997,-1.68548763,-1.71681094,-1.64818704
796,999,2.96999502,2.95279598,2.97022390
797,1000,2.38627076,2.46130276,2.41047001
798,1001,-0.44008785,-0.46293110,-0.45611361
799,1002,1.30206490,1.23934472,1.23120165
800,1003,0.92753237,0.96044457,0.95328969
801,1004,0.72177231,0.71963698,0.77890944
802,1006,1.72297513,1.69686115,1.70541501
803,1007,2.79032660,2.83866239,2.85785723
804,1008,2.12839651,2.10144162,2.06168509
805,1009,-0.17834562,-0.19475819,-0.18788835
806,1010,0.61140162,0.60695392,0.64081866
807,1012,1.41893518,1.45054781,1.43257713
808,1013,1.64121270,1.68384171,1.60998154
809,1015,0.72843385,0.72630215,0.71613735
810,1016,-0.17569655,-0.24748214,-0.18289539
811,1017,0.25978482,0.30003196,0.26076216
812,1018,-2.96018696,-2.96088696,-2.98199177
813,1019,1.44953799,1.43809164,1.41500211
814,1020,-1.19046307,-1.26603162,-1.17885268
815,1021,-4.62947607,-4.68974686,-4.49956369
816,1022,1.72989500,1.75063419,1.72781420
817,1023,-1.74908876,-1.81930518,-1.74928057
818,1024,0.87331265,0.92820704,0.91159445
819,1025,-0.01770204,-0.10801373,-0.05544082
820,1026,0.35779792,0.38482469,0.32879931
821,1027,-0.97535700,-1.03583121,-1.00187159
822,1028,-5.22264862,-5.42342997,-5.19236422
823,1029,-2.44831181,-2.55317450,-2.41570091
824,1030,2.27371335,2.33531165,2.31860900
825,1031,-0.49234450,-0.50827128,-0.50057966
826,1033,0.48514596,0.47317392,0.47338402
827,1034,-0.44747615,-0.39485377,-0.38841277
828,1035,-0.08740721,-0.08191818,-0.08307255
829,1036,-0.15319681,-0.12452984,-0.15411663
830,1037,-2.17739582,-2.23436928,-2.21586967
831,1038,2.12580299,2.19586444,2.12447047
832,1040,1.00400484,1.02071619,1.01560783
833,1041,1.77185321,1.79629922,1.77029216
834,1042,1.31908023,1.29736233,1.36800051
835,1044,-1.52784026,-1.61672926,-1.48036849
836,1045,0.01651324,0.00879858,0.03323691
837,1046,1.09847951,1.14425385,1.16832685
838,1047,-1.13095164,-1.08495033,-1.16817236
839,1050,0.12361722,0.09434727,0.15782514
840,1051,0.08401138,0.04069674,0.14864111
841,1052,0.56558108,0.62617177,0.64168942
842,1054,-3.60614610,-3.60044193,-3.63758206
843,1055,1.74693549,1.72102106,1.69857848
844,1056,2.74340105,2.80426812,2.76840615
845,1058,-1.62288749,-1.63475966,-1.57004130
846,1059,-2.69364691,-2.75285292,-2.73369122
847,1060,-0.56658524,-0.57419646,-0.52093911
848,1061,2.96768570,2.95107746,3.02429366
849,1063,-0.24708354,-0.34487242,-0.26040676
850,1064,1.37956047,1.38335717,1.37866175
851,1065,0.24550790,0.27434510,0.18161187
852,1066,-1.33981204,-1.34013188,-1.32563901
853,1067,1.63658714,1.65868163,1.66351163
854,1068,-0.07715444,0.03307939,-0.05003282
855,1070,-0.96113533,-1.01452553,-0.98414260
856,1071,0.34400201,0.35206145,0.36522663
857,1072,1.13855171,1.23047733,1.20761538
858,1073,1.97259390,2.03684783,2.01604867
859,1074,1.02581120,1.09791243,1.10313499
860,1075,-1.63136232,-1.60309863,-1.59124279
861,1076,-5.82690334,-5.93211079,-5.87093449
862,1077,0.37401986,0.39001369,0.42217144
863,1078,1.21322918,1.21192992,1.18451953
864,1079,2.05074143,2.08938169,2.10980368
865,1080,-1.74599528,-1.81225777,-1.73125613
866,1081,0.55586606,0.60585099,0.55939800
867,1082,-0.41156918,-0.41433167,-0.35448024
868,1083,0.47714311,0.50600719,0.51921946
869,1084,1.08864927,1.11137819,1.12310779
870,1088,-1.17429996,-1.19106460,-1.09799707
871,1089,-3.74226141,-3.88855886,-3.84151363
872,1090,-2.28325748,-2.34668255,-2.32848763
873,1092,-0.10496680,-0.15670373,-0.12664008
874,1093,0.59003532,0.59868413,0.63058507
875,1094,2.41010094,2.41025853,2.39358377
876,1095,-2.14373207,-2.13341379,-2.05988717
877,1098,-0.43150258,-0.45443892,-0.46906510
878,1099,-2.99961424,-3.06840897,-3.02324986
879,1100,0.34871346,0.37427145,0.38242009
880,1101,-1.18680418,-1.17746568,-1.03447711
881,1102,-2.39477015,-2.47210693,-2.40769124
882,1103,0.96938252,1.03031278,1.00174367
883,1104,0.71217114,0.70696598,0.72069061
884,1105,2.98632812,2.97461891,2.96144938
885,1107,0.81561571,0.87705046,0.84975189
886,1108,-0.28912318,-0.37101740,-0.32655421
887,1110,1.13942111,1.20389581,1.10722601
888,1111,1.11136782,1.11530745,1.22674668
889,1113,1.78306985,1.81243229,1.79497159
890,1114,0.43745464,0.49565673,0.54949892
891,1115,0.50513607,0.53516424,0.51113981
892,1116,0.57071495,0.58513504,0.70556247
893,1117,0.52311236,0.50314784,0.48133144
894,1118,0.25007132,0.20794657,0.21755156
895,1119,1.98212206,2.01409340,2.01501346
896,1120,-2.46420264,-2.55409837,-2.46857119
897,1121,0.97693366,0.97998816,1.03969908
898,1122,-1.34366655,-1.33638096,-1.29945183
899,1124,0.24785897,0.15809840,0.25574419
900,1126,1.02910483,1.02782893,1.03381324
901,1127,2.94294405,2.98348761,2.93570542
902,1128,0.30191496,0.39117515,0.28091264
903,1130,1.21933341,1.12884021,1.16585696
904,1131,1.57647324,1.61265028,1.56414807
905,1134,-2.47142172,-2.49708486,-2.35232902
906,1138,0.60097700,0.59342200,0.62131113
907,1139,-3.78621197,-3.68457699,-3.69264460
908,1140,1.02512038,1.10315549,1.05243313
909,1141,-0.36197478,-0.40301740,-0.41227284
910,1142,2.88691092,2.87135577,2.86850762
911,1143,0.05026269,-0.04736118,0.01301832
912,1144,1.04735136,1.05157673,1.06472421
913,1145,1.05621815,1.09792042,1.08104205
914,1146,-1.64039564,-1.67531776,-1.56624627
915,1147,1.19879258,1.18686390,1.20604765
916,1148,-0.31616437,-0.26835585,-0.26336125
917,1150,-1.41429627,-1.40975332,-1.38375747
918,1151,0.61580396,0.67044669,0.61723733
919,1152,-1.14900374,-1.19732714,-1.14001155
920,1153,0.23436061,0.21359302,0.23453322
921,1154,0.19410259,0.09250440,0.08348411
922,1155,1.34454894,1.33926177,1.35068548
923,1156,-0.30774063,-0.29770464,-0.18886426
924,1157,1.17893100,1.10420096,1.08351052
925,1159,-3.69719267,-3.74743652,-3.77319431
926,1160,0.15036261,0.10134764,0.16609532
927,1161,-2.39901066,-2.32494831,-2.25610590
928,1162,-3.37629533,-3.43025756,-3.36243749
929,1163,-1.83749449,-1.90696156,-1.73950958
930,1165,1.57663655,1.66317737,1.65090454
931,1166,1.71467483,1.71050918,1.74654067
932,1167,1.32173133,1.33550239,1.31582224
933,1168,0.96697736,1.00782144,0.89432663
934,1169,0.45487756,0.42016590,0.41784331
935,1171,2.31685209,2.42995548,2.37945724
936,1173,2.02937484,1.99469900,2.01940894
937,1174,-3.21609449,-3.18155479,-3.15400863
938,1175,1.88211036,1.88784516,1.88993490
939,1176,-1.23545551,-1.28041708,-1.22276187
940,1177,1.59056044,1.62534142,1.57422447
941,1178,-2.47422743,-2.55796027,-2.41431093
942,1179,0.29825360,0.32888794,0.23694837
943,1180,0.73616570,0.73624033,0.78355235
944,1181,1.11711907,1.10080421,1.09520161
945,1184,1.94119501,1.92267561,1.92929256
946,1185,-2.22677064,-2.20013118,-2.21178627
947,1186,1.75455463,1.80879092,1.76460218
948,1187,0.19390631,0.16838241,0.17069909
949,1188,0.54594618,0.55041152,0.59071261
950,1189,-0.40589345,-0.43153632,-0.42226592
951,1190,0.83461362,0.85611260,0.84258986
952,1191,1.99551749,1.99030077,1.99497676
953,1192,0.79383075,0.74246526,0.85444742
954,1193,0.28188089,0.26991314,0.31506133
955,1194,1.19215083,1.39767814,0.98394817
956,1195,2.47973657,2.45156837,2.53802013
957,1196,1.15194559,1.16231179,1.16719997
958,1197,0.26044527,0.21119510,0.23350853
959,1198,1.43031192,1.42203009,1.43724227
960,1200,-1.06947029,-1.13331389,-1.12492537
961,1203,1.93020642,1.94059181,1.87858748
962,1204,-0.36895862,-0.30657274,-0.31599101
963,1205,-1.18870544,-1.25199234,-1.18944061
964,1207,1.82935786,1.84037828,1.85018456
965,1208,-2.07303119,-2.09658623,-1.99028337
966,1210,1.35297465,1.32558405,1.34960246
967,1212,0.37863827,0.38212460,0.40658680
968,1213,-0.12371591,-0.12223767,-0.06647458
969,1214,2.05065775,2.06032109,2.01006937
970,1215,1.75970411,1.77719367,1.85970616
971,1216,2.57981157,2.57028675,2.56855369
972,1218,1.68873036,1.70423305,1.71940410
973,1219,-2.54019594,-2.57278347,-2.53147197
974,1221,2.17755604,2.15867019,2.18804193
975,1224,-5.25036716,-5.43404675,-5.23765993
976,1225,-1.34341705,-1.28791881,-1.31238067
977,1227,0.56666076,0.51632959,0.51676434
978,1228,2.30964208,2.37549877,2.28955817
979,1229,-1.01912093,-0.95534843,-0.99222308
980,1230,0.64590532,0.63029605,0.61220056
981,1231,2.33567524,2.34119511,2.32921457
982,1232,1.99329686,2.02109027,1.99969971
983,1233,-0.27100730,-0.34228730,-0.24538082
984,1237,1.15787363,1.18874168,1.08702266
985,1238,1.49094248,1.43999016,1.42232656
986,1239,-1.95927382,-2.06678939,-1.98010933
987,1240,-1.19632530,-1.09595585,-1.08909774
988,1241,1.25474977,1.38506663,1.38810873
989,1243,-2.58005047,-2.69950819,-2.60206175
990,1244,0.50258410,0.48639673,0.53176981
991,1246,1.47037888,1.41416180,1.41009045
992,1247,-2.34642911,-2.43693280,-2.35271001
993,1248,1.42133045,1.40972435,1.39908683
994,1249,0.81664819,0.87639016,0.86473942
995,1250,0.69378668,0.64922214,0.70098764
996,1253,0.68517894,0.70117843,0.64635479
997,1256,-1.66799343,-1.66049170,-1.63246787
998,1257,0.22119886,0.25551808,0.24560103
999,1258,0.99170434,1.00939798,1.04374146
1000,1259,1.48821175,1.54022479,1.49436390
1001,1260,-0.04412336,-0.07578860,-0.08856343
1002,1263,-2.49783826,-2.49028611,-2.45265412
1003,1264,0.63594294,0.63562739,0.70756847
1004,1265,-0.15102783,-0.14549047,-0.02646764
1005,1267,0.77676284,0.81106937,0.79168028
1006,1268,1.24414253,1.24936938,1.27575517
1007,1269,1.73983026,1.74156559,1.81449163
1008,1273,-3.94623470,-3.96713305,-3.88914871
1009,1274,-1.43680704,-1.49992192,-1.39406848
1010,1276,-1.02935123,-1.15027261,-1.06572163
1011,1277,0.70426518,0.75672442,0.76508552
1012,1278,0.41342035,0.48391920,0.54244381
1013,1279,1.52478004,1.59194839,1.66561890
1014,1280,-0.24361742,-0.19542097,-0.26275873
1015,1281,2.41570210,2.46957588,2.48646903
1016,1282,0.23731431,0.25189072,0.28431311
1017,1283,1.09343946,1.10668659,1.10099351
1018,1284,0.36773729,0.34149814,0.31795058
1019,1287,-0.67242509,-0.70833153,-0.58753824
1020,1288,-2.26549387,-2.30155540,-2.25635505
1021,1289,-1.79492903,-1.82118714,-1.80304861
1022,1290,0.96618062,0.99736196,1.02031994
1023,1291,-0.62653065,-0.61339742,-0.55879408
1024,1292,0.19564268,0.17879803,0.22907439
1025,1293,1.66389143,1.63099647,1.63468921
1026,1295,1.91190577,1.92178857,1.92721605
1027,1296,-2.72631001,-2.82437181,-2.78347564
1028,1297,-1.48660338,-1.42626524,-1.38410914
1029,1299,1.55662251,1.57959318,1.61651516
1030,1300,-0.03442241,-0.04709257,0.02769115
1031,1301,1.61984265,1.58724785,1.57880008
1032,1302,-0.79102045,-0.77178562,-0.77869946
1033,1303,0.94245720,0.98729020,0.96280998
1034,1305,-0.60028243,-0.62750322,-0.60393590
1035,1306,3.15448856,3.20311451,3.13731790
1036,1307,1.26587605,1.30105114,1.28433859
1037,1309,-2.52597284,-2.61611819,-2.40485787
1038,1310,-5.37554407,-5.55997658,-5.48050547
1039,1311,1.86088669,1.90805650,1.90989959
1040,1313,2.59574461,2.60474849,2.63382959
1041,1314,2.58083630,2.56577635,2.57424426
1042,1315,0.45830637,0.43383825,0.49635997
1043,1316,2.74924898,2.81936312,2.73852491
1044,1317,-1.59777224,-1.65962517,-1.72444594
1045,1318,3.06316566,3.12384868,3.13121009
1046,1319,0.35897526,0.34216404,0.36839879
1047,1322,-0.85769212,-0.80781496,-0.78418761
1048,1323,0.93480992,0.97653568,0.93437344
1049,1324,-0.54881763,-0.51699144,-0.52185303
1050,1325,0.52740347,0.53981364,0.53822041
1051,1326,-1.33479810,-1.29483843,-1.39612901
1052,1327,-2.03219318,-2.06324434,-2.06561422
1053,1330,0.84893209,0.83969253,0.88077170
1054,1331,-3.03606939,-3.00561619,-3.00022531
1055,1332,-0.24383724,-0.14578752,0.00804295
1056,1333,1.10596466,1.11318338,1.12754798
1057,1334,0.82010823,0.85169369,0.81908482
1058,1335,-2.38445020,-2.44570923,-2.29525590
1059,1336,2.50204754,2.55928516,2.41736841
1060,1338,-2.48119235,-2.57976532,-2.51318479
1061,1339,1.07702637,1.09456980,1.00170279
1062,1341,1.36522174,1.36701691,1.36076403
1063,1343,-0.48962712,-0.47402841,-0.43265727
1064,1344,0.44242513,0.49455565,0.57872009
1065,1345,0.08649730,0.05617188,0.07775885
1066,1347,0.96167237,0.94379848,0.97878480
1067,1348,-0.83535963,-0.83461672,-0.73608094
1068,1349,2.47553182,2.53889227,2.47520590
1069,1352,-0.23693624,-0.20621826,-0.25711372
1070,1353,-0.05639278,-0.10529721,-0.04841130
1071,1355,1.51667976,1.55819976,1.52408516
1072,1356,-2.66766500,-2.72422600,-2.65337205
1073,1358,-4.38630533,-4.56244850,-4.52568388
1074,1359,1.68078709,1.69368041,1.71498954
1075,1360,1.57320333,1.53473878,1.47419608
1076,1363,1.40590584,1.38939250,1.41417837
1077,1364,-2.43644810,-2.44287372,-2.31616902
1078,1366,1.65448809,1.65054047,1.62852120
1079,1367,-3.49780750,-3.51190996,-3.47884154
1080,1368,2.25130010,2.20846987,2.28400850
1081,1369,1.68086612,1.67048275,1.70100701
1082,1370,-2.01124334,-2.00747657,-1.96505535
1083,1371,-2.54941988,-2.57236218,-2.53647375
1084,1372,1.51995921,1.50688803,1.62960660
1085,1373,-1.22508907,-1.25625682,-1.21390820
1086,1374,1.59068239,1.63857961,1.61509728
1087,1375,1.07321680,1.00484753,1.03138578
1088,1376,0.12609544,0.13186438,0.16407254
1089,1377,-2.59211397,-2.58487320,-2.58653975
1090,1379,0.15470505,0.15087275,0.07905120
1091,1380,-0.75357074,-0.74817401,-0.74401981
1092,1381,-5.35579157,-5.51147842,-5.38567924
1093,1382,1.71762085,1.77756381,1.75642526
1094,1383,1.54903936,1.62471569,1.53638601
1095,1384,-1.95326090,-2.06128550,-2.02910948
1096,1385,0.52268445,0.59752011,0.60207891
1097,1386,-0.38427442,-0.39628285,-0.38473088
1098,1387,-0.80887181,-0.78758812,-0.69953901
1099,1388,0.27371696,0.30397207,0.27451292
1100,1390,-1.69513285,-1.67889977,-1.63388169
1101,1392,0.93835443,0.90538692,0.90875822
1102,1393,0.30005202,0.29927748,0.31110787
1103,1394,1.00578153,0.93870050,0.98521394
1104,1395,-0.32854533,-0.27225947,-0.32974163
1105,1396,0.86114681,0.83323175,0.88746625
1106,1397,0.07890495,0.07274929,0.11482943
1107,1398,-0.75009233,-0.69885200,-0.70194387
1108,1399,0.43368626,0.40424496,0.41504392
1109,1400,0.31564409,0.22956634,0.25062966
1110,1401,0.26884648,0.27638921,0.32184801
1111,1402,0.40321785,0.39658231,0.46515772
1112,1403,1.46792781,1.47995424,1.51100588
1113,1404,0.83498836,0.86187321,0.78618020
1114,1405,-0.22900701,-0.26685274,-0.21242300
1115,1406,0.63740098,0.66687346,0.68595862
1116,1407,2.84899759,2.88029194,2.90646863
1117,1408,-0.33459640,-0.33384001,-0.24991122
1118,1409,1.36511922,1.42357099,1.40985334
1119,1411,0.08537418,0.06683989,0.02021732
1120,1412,-4.32209921,-4.38893604,-4.32656622
1121,1413,2.63214254,2.74169350,2.69396925
1122,1414,0.28515840,0.28147992,0.27892423
1123,1415,-0.53019178,-0.64278686,-0.54136509
1124,1416,-0.95540231,-0.95273870,-0.96005982
1125,1417,-1.92493916,-1.95841146,-1.88554204
1126,1418,1.97463906,1.98107350,2.01512742
1127,1419,0.04891849,-0.02001899,0.06891454
1128,1420,0.40563053,0.43520540,0.45051643
1129,1422,-0.17916501,-0.15297665,-0.13067508
1130,1423,1.81223607,1.84864628,1.78857446
1131,1424,0.01994386,0.02879919,0.09871281
1132,1425,-1.23066425,-1.30394173,-1.26468194
1133,1427,0.56114697,0.53304780,0.51969874
1134,1428,3.24939108,3.28045321,3.26464343
1135,1429,2.25647068,2.29221392,2.30150080
1136,1430,2.22542763,2.23533559,2.30578399
1137,1431,0.37863243,0.37140524,0.40623438
1138,1432,1.14718890,1.17633688,1.16242564
1139,1433,0.10634386,0.12404698,0.11777257
1140,1434,1.14369106,1.13824642,1.15925109
1141,1435,-0.53409129,-0.53515851,-0.53478038
1142,1436,0.85604447,0.86852896,0.87270641
1143,1437,2.39830899,2.38015723,2.40009737
1144,1438,-0.21123970,-0.14742646,-0.16974735
1145,1439,2.01099753,2.08251977,2.04397178
1146,1440,0.10490329,0.16664656,0.21869802
1147,1441,-2.50241518,-2.50936770,-2.47699809
1148,1442,1.08461535,1.07057750,1.10537255
1149,1445,0.82725048,0.81882262,0.86037177
1150,1446,-0.70319659,-0.75100476,-0.65999043
1151,1448,1.52786565,1.52271616,1.50784373
1152,1449,1.34443355,1.32347727,1.32961833
1153,1450,-0.76579219,-0.78226244,-0.73134208
1154,1451,-0.25378528,-0.26390815,-0.23430008
1155,1452,1.80462968,1.82557333,1.82410729
1156,1453,-1.29547942,-1.35185599,-1.27584946
1157,1454,0.57528788,0.56495243,0.60796428
1158,1455,0.49294704,0.57232803,0.59717888
1159,1456,0.10206576,0.15922026,0.13833204
1160,1458,0.54313028,0.59923494,0.57456297
1161,1459,-2.39819789,-2.48555183,-2.53659558
1162,1461,0.00101661,-0.07415421,0.01655731
1163,1462,0.29593205,0.17514376,0.16548696
1164,1463,1.72745347,1.79896951,1.69144166
1165,1464,0.30555317,0.37004632,0.35284391
1166,1465,0.26295698,0.26599193,0.28402513
1167,1467,1.85679173,1.92511559,1.90766501
1168,1468,2.39876103,2.38988066,2.37828612
1169,1469,0.08324956,0.12569301,0.12594712
1170,1470,2.37893105,2.36337686,2.39302182
1171,1471,0.33362567,0.40814966,0.33532327
1172,1473,0.97022754,0.93233120,0.95092750
1173,1474,3.31867290,3.35051966,3.36644721
1174,1475,0.30844355,0.29191044,0.25980279
1175,1477,1.91623020,1.93554497,1.90994430
1176,1478,2.65521717,2.69022369,2.64287734
1177,1479,0.76306617,0.78089303,0.77137822
1178,1480,1.95682383,1.97343206,1.97927582
1179,1481,-2.66780806,-2.70283008,-2.64464307
1180,1482,-3.14288688,-3.18895102,-3.16058230
1181,1483,2.54716682,2.55426073,2.56779575
1182,1484,-2.02260208,-2.11494923,-2.02138400
1183,1487,-1.56544447,-1.59913540,-1.51992202
1184,1489,-1.87720168,-1.88014889,-1.77828395
1185,1490,0.72303015,0.77822369,0.75434202
1186,1491,0.67202097,0.67171794,0.74179536
1187,1492,0.76744038,0.81319392,0.77837515
1188,1493,1.77259183,1.81184101,1.81818426
1189,1494,0.82027119,0.87637258,0.90720433
1190,1495,3.79361916,3.81149006,3.80634165
1191,1496,-2.64595795,-2.68904328,-2.57988715
1192,1497,0.67088193,0.72003740,0.76551443
1193,1498,-0.70231736,-0.71273023,-0.62224168
1194,1499,0.73367709,0.73179173,0.79101217
1195,1500,1.32797408,1.36959052,1.34720790
1196,1501,2.78051662,2.78127742,2.77105260
1197,1502,3.14433479,3.25879478,3.15833879
1198,1503,1.30901432,1.32423353,1.32672715
1199,1505,-0.38298160,-0.40259939,-0.38653255
1200,1508,1.31792998,1.31706941,1.30216360
1201,1509,-0.49128199,-0.44796622,-0.44549045
1202,1511,0.05457018,0.11709219,0.11054692
1203,1513,1.26258719,1.30195534,1.26962543
1204,1514,2.33034134,2.32726669,2.28786373
1205,1515,1.52926087,1.56591856,1.58796608
1206,1516,0.48957241,0.47937596,0.54356146
1207,1517,3.14794922,3.16808820,3.13671327
1208,1519,-0.64994901,-0.65950757,-0.61669874
1209,1521,1.12484992,1.15002429,1.16608250
1210,1522,1.84805322,1.88835657,1.88588846
1211,1523,-2.59056902,-2.55006886,-2.60884547
1212,1524,1.52109873,1.53393602,1.54115474
1213,1525,-0.25243855,-0.25157201,-0.22639057
1214,1527,2.36231470,2.36509752,2.33803177
1215,1528,-1.65251780,-1.73075485,-1.72384536
1216,1529,-2.19210029,-2.15722680,-2.27719665
1217,1530,1.45900834,1.56840897,1.52536201
1218,1531,1.98402941,1.99681449,1.98906600
1219,1533,-1.98487377,-2.07456207,-1.98469579
1220,1534,-0.69906569,-0.63146263,-0.63596624
1221,1536,3.41054678,3.50311279,3.45325327
1222,1537,-2.39649582,-2.51160145,-2.38538718
1223,1538,2.04979324,2.07090497,2.05663896
1224,1539,-0.84075004,-0.87211919,-0.77722877
1225,1540,0.46635234,0.53278083,0.48553547
1226,1541,1.88337970,1.95568180,1.93920362
1227,1542,-2.72089338,-2.86981487,-2.75758910
1228,1543,0.18961298,0.21082480,0.18799278
1229,1544,1.50459838,1.56467819,1.59809077
1230,1545,-2.65217352,-2.71307158,-2.66109109
1231,1546,-0.79331732,-0.75875336,-0.79712915
1232,1547,2.48084927,2.45772076,2.50090575
1233,1549,2.92337179,2.90965843,2.91240764
1234,1550,-0.68968189,-0.70429665,-0.67943084
1235,1552,2.36648512,2.33622217,2.36271024
1236,1553,1.56675959,1.64457202,1.64220178
1237,1554,-0.51665860,-0.58653492,-0.52306855
1238,1557,2.39355493,2.44200969,2.40718102
1239,1558,-0.82973093,-0.79184300,-0.69548583
1240,1559,-0.25454891,-0.22011168,-0.14091587
1241,1560,0.84415561,0.91196018,0.86121333
1242,1561,1.35455966,1.38495481,1.31963408
1243,1562,-0.41907510,-0.46503401,-0.42384210
1244,1564,-0.38070351,-0.36821532,-0.38654509
1245,1565,1.01118457,0.99529392,0.98206103
1246,1566,1.93621361,1.89501536,1.88097811
1247,1567,1.42561209,1.38550138,1.37141645
1248,1568,0.10736386,0.05167067,0.08525584
1249,1569,2.36143804,2.43972492,2.36715460
1250,1570,-1.63051414,-1.76155698,-1.65420318
1251,1571,2.78143430,2.76785159,2.79157901
1252,1572,0.19108263,0.12077107,0.17110756
1253,1573,2.30857635,2.35619450,2.38432908
1254,1575,-0.00459897,-0.01581964,0.02595967
1255,1576,2.44025993,2.50693846,2.46025491
1256,1577,1.12476230,1.13552034,1.15808117
1257,1579,-2.44342470,-2.42930961,-2.34781814
1258,1581,1.78840673,1.69861269,1.76340091
1259,1582,0.99903554,1.01217604,0.99395609
1260,1583,-0.21943444,-0.22836207,-0.15354630
1261,1584,-1.38066435,-1.36016595,-1.35147774
1262,1585,-3.50562930,-3.64018488,-3.64665031
1263,1586,0.30548456,0.26918176,0.33265769
1264,1587,-2.39600992,-2.40827370,-2.27169418
1265,1588,1.10763311,1.09382820,1.05442905
1266,1589,0.39275971,0.42694485,0.38206619
1267,1590,2.40637779,2.39038420,2.34628940
1268,1591,-0.59627491,-0.61756915,-0.60739714
1269,1593,1.06950879,1.11608839,1.05325973
1270,1594,0.08696946,0.21155953,0.14543393
1271,1595,0.32363394,0.29391226,0.36285314
1272,1596,-2.57779026,-2.67770720,-2.65216827
1273,1597,0.21129301,0.24417372,0.28335780
1274,1598,0.41416737,0.40980256,0.37637332
1275,1599,0.88128477,0.85947913,0.87912345
1276,1600,1.55035877,1.59443450,1.51690829
1277,1601,-3.71680880,-3.79458523,-3.72993875
1278,1602,-0.69266230,-0.72621280,-0.65599388
1279,1603,-1.19768214,-1.29297173,-1.19503033
1280,1604,0.19005825,0.21225886,0.15445375
1281,1605,-3.27499533,-3.29842043,-3.25470614
1282,1606,-0.68498892,-0.68454772,-0.73467070
1283,1607,1.92110348,1.99804521,2.02158999
1284,1610,1.23594260,1.25951695,1.30400002
1285,1611,0.42822030,0.46269679,0.47483286
1286,1612,-1.08509254,-1.14978647,-1.19706655
1287,1613,0.03762551,0.06500385,0.09651671
1288,1614,-0.57753736,-0.65604550,-0.54150313
1289,1616,2.42239857,2.58186889,2.49292445
1290,1617,0.22872776,0.17171328,0.11640973
1291,1618,0.65769815,0.64064866,0.71270818
1292,1620,-2.88347149,-2.94324374,-2.87725449
1293,1623,0.73568732,0.72609931,0.76333660
1294,1624,0.22828552,0.21481144,0.17969504
1295,1626,1.54752696,1.53814304,1.51313353
1296,1628,2.66054773,2.66442966,2.64537215
1297,1631,-6.39360905,-6.40038300,-6.22573328
1298,1632,0.99539500,0.96465927,0.93935233
1299,1633,2.31173086,2.35757065,2.37807631
1300,1635,1.56518233,1.58687377,1.53429389
1301,1636,1.61408842,1.63033164,1.60425556
1302,1637,0.83939451,0.83187026,0.80541009
1303,1638,1.24433446,1.24352801,1.27212346
1304,1639,-0.91333669,-0.86566240,-0.81473964
1305,1643,1.69219923,1.67492247,1.64999855
1306,1644,1.25379634,1.28036070,1.25414014
1307,1647,1.43636441,1.49436748,1.34239399
1308,1648,1.25717902,1.26316226,1.26555681
1309,1649,-5.24896955,-5.50928259,-5.19390059
1310,1650,1.69755602,1.70334589,1.72637272
1311,1651,-0.44333410,-0.45247632,-0.39810058
1312,1652,-0.49077272,-0.41496032,-0.47446868
1313,1654,-0.93778521,-1.03549004,-0.95286840
1314,1655,0.65958387,0.65310937,0.67440099
1315,1656,1.97594666,2.01927972,2.03284526
1316,1657,-4.68509912,-4.78786278,-4.73475695
1317,1658,-1.84085596,-1.82945633,-1.83249533
1318,1659,1.39509249,1.45124245,1.45893729
1319,1660,-2.46646619,-2.53227329,-2.36802077
1320,1661,-3.71682644,-3.69931507,-3.55075741
1321,1662,2.20435190,2.23385787,2.21377206
1322,1664,-2.96935940,-3.10944986,-3.06916547
1323,1665,1.97836113,2.03247881,1.97893643
1324,1666,-1.58956134,-1.65084648,-1.58315647
1325,1667,0.94215441,0.96435040,0.97167385
1326,1668,0.24001008,0.18071675,0.19640416
1327,1669,-0.14778450,-0.16670130,-0.12245554
1328,1670,-0.37529597,-0.37803841,-0.33714208
1329,1671,-0.62401479,-0.64409238,-0.58824837
1330,1673,1.66215706,1.64378607,1.64180791
1331,1674,0.80051285,0.77736604,0.82980096
1332,1675,-0.03179682,-0.10408649,-0.03781218
1333,1676,2.37785578,2.40361905,2.36196327
1334,1677,-1.54706764,-1.52809262,-1.54361713
1335,1678,1.67765439,1.68733072,1.71866822
1336,1679,-1.71676815,-1.86273694,-1.71496701
1337,1681,1.13507438,1.14863300,1.15263450
1338,1682,-3.91937757,-4.00988245,-3.89929438
1339,1683,2.26271844,2.31515765,2.26618028
1340,1684,1.52661324,1.46297956,1.55081654
1341,1685,0.81259400,0.79840511,0.82609493
1342,1686,-0.04701445,0.00528099,-0.05377070
1343,1687,-0.33929992,-0.39872390,-0.35881230
1344,1688,-3.78109169,-3.86367774,-3.74405694
1345,1689,1.01820576,1.06330717,0.98671025
1346,1690,1.52269363,1.53150654,1.55528247
1347,1692,-3.17076230,-3.27965546,-3.18271446
1348,1693,-1.18347025,-1.27445054,-1.15064299
1349,1695,1.22291005,1.21163654,1.23446834
1350,1696,1.77412629,1.83743119,1.79933476
1351,1697,1.27723670,1.27830815,1.26137578
1352,1698,-1.55357218,-1.49659646,-1.52080047
1353,1700,-1.52279949,-1.54463410,-1.46282828
1354,1701,0.08385425,0.09734423,0.14995605
1355,1702,0.12577760,0.14567715,0.17172229
1356,1703,0.74103111,0.68856567,0.70727211
1357,1704,-0.17584446,-0.19342335,-0.14422426
1358,1707,2.43293953,2.39306402,2.38224506
1359,1708,1.68467522,1.72957385,1.72872663
1360,1709,0.60329300,0.61892945,0.55843490
1361,1710,0.20043498,0.16216153,0.22083718
1362,1711,-6.08072233,-6.30583763,-6.18635607
1363,1712,2.32961226,2.37864590,2.37323308
1364,1713,0.76137131,0.76635474,0.74311322
1365,1714,1.92114711,1.93522966,1.87294579
1366,1715,-0.41647649,-0.35738093,-0.39181691
1367,1716,-0.64690733,-0.73100275,-0.60814464
1368,1717,-2.25428438,-2.33591390,-2.24778342
1369,1718,0.72934967,0.70587426,0.73302275
1370,1721,-0.21247688,-0.25761783,-0.20679352
1371,1723,-0.21238732,-0.23890303,-0.22196695
1372,1724,1.86825538,1.87807095,1.86111295
1373,1725,-0.18347847,-0.17156951,-0.20176324
1374,1726,2.50125074,2.55802608,2.54460645
1375,1727,-0.16847652,-0.15301897,-0.13581285
1376,1728,-0.56675571,-0.62655181,-0.58388269
1377,1729,2.41471100,2.44941878,2.44570994
1378,1733,-2.29946518,-2.34489059,-2.31094933
1379,1734,0.53378916,0.56120586,0.55015206
1380,1735,0.28210685,0.34948021,0.34683672
1381,1736,-4.00021982,-4.09452915,-3.97858882
1382,1738,-0.01405511,-0.03533664,-0.04778884
1383,1739,-0.68141586,-0.65305716,-0.67135906
1384,1740,-0.00069840,-0.02636120,0.07763816
1385,1741,-0.39851162,-0.35692000,-0.31459245
1386,1744,2.21739960,2.25021029,2.19251847
1387,1745,2.81069398,2.84180832,2.79846549
1388,1746,0.54511148,0.54552150,0.52124912
1389,1747,-2.07094574,-2.08935547,-2.02769065
1390,1748,-3.25844193,-3.28459597,-3.31504369
1391,1750,-0.51206374,-0.57678497,-0.47311857
1392,1751,-0.50843143,-0.49714595,-0.53117555
1393,1752,0.91411883,0.95470583,1.02431190
1394,1753,-0.76232159,-0.82874238,-0.77072853
1395,1754,-1.44013536,-1.51001048,-1.38455856
1396,1755,-0.64058018,-0.69321543,-0.64094573
1397,1756,0.99555212,0.96307898,0.98394763
1398,1757,0.12385467,0.05249999,0.12424135
1399,1758,3.17128086,3.24245811,3.12330174
1400,1761,2.24794102,2.29826069,2.29796267
1401,1762,1.11757326,1.10546827,1.11233485
1402,1763,0.36160582,0.36404735,0.36276048
1403,1764,2.28640771,2.29674816,2.29420447
1404,1765,2.10948277,2.14269304,2.17483020
1405,1766,2.20632267,2.20515800,2.22300220
1406,1769,1.60187149,1.59310400,1.59327257
1407,1770,1.04751885,1.02130330,1.04399991
1408,1771,0.07213677,0.11087233,0.06072643
1409,1772,2.76917028,2.79141283,2.76770902
1410,1773,2.75461507,2.80394125,2.75105190
1411,1775,0.09114928,0.07969062,0.09044760
1412,1776,1.41978562,1.45165563,1.40499103
1413,1778,-1.44116163,-1.41752219,-1.36441934
1414,1780,0.67086703,0.68697184,0.69493419
1415,1781,2.60250044,2.60578346,2.61266327
1416,1782,-0.29104769,-0.30543000,-0.34163132
1417,1783,2.08203125,2.03648925,2.08239627
1418,1784,-0.79052240,-0.77964401,-0.76450813
1419,1786,-2.94233918,-2.99308920,-2.89391756
1420,1787,-3.27869916,-3.34961939,-3.27243352
1421,1788,-0.45449620,-0.57658964,-0.48705187
1422,1792,-1.26695752,-1.26491976,-1.24647129
1423,1793,0.52114731,0.52540666,0.54271728
1424,1794,0.56769907,0.51769269,0.58569461
1425,1795,0.16947564,0.13269745,0.23177651
1426,1796,-2.77335787,-2.83309579,-2.71274996
1427,1797,-1.03113127,-1.04950285,-1.04117787
1428,1798,0.89723617,0.92608643,0.93710136
1429,1799,-2.44681215,-2.54559994,-2.46113276
1430,1800,-1.75982571,-1.74249506,-1.71007180
1431,1801,0.52196354,0.57962412,0.53800797
1432,1802,-1.46283805,-1.49960089,-1.51178777
1433,1803,1.93604231,1.98161435,1.96211863
1434,1804,0.57550967,0.62669450,0.61640555
1435,1805,-3.86716890,-3.84503984,-3.83573747
1436,1806,-2.36700892,-2.40232611,-2.32097650
1437,1807,0.54855120,0.58948499,0.56598705
1438,1808,-1.48824501,-1.55382383,-1.47868884
1439,1809,-2.06786346,-2.14989877,-2.03477693
1440,1810,1.53179610,1.48267245,1.57892084
1441,1811,1.44885564,1.42490232,1.46568072
1442,1812,0.62377125,0.57706976,0.61382729
1443,1813,-1.43861866,-1.44511056,-1.44994318
1444,1814,-0.98310632,-0.99236602,-0.92231721
1445,1815,-0.22949418,-0.18090846,-0.22127613
1446,1818,1.06740868,1.11360550,1.11944866
1447,1819,0.15502200,0.17921472,0.15223248
1448,1821,1.32466340,1.33130181,1.34892941
1449,1823,1.77945256,1.82386136,1.82067406
1450,1824,0.07878401,0.09499320,0.09966061
1451,1825,1.65309215,1.67076254,1.68528426
1452,1826,1.21477723,1.26893353,1.26609218
1453,1827,2.55678368,2.55543041,2.54097056
1454,1829,0.20931774,0.20725243,0.25130606
1455,1830,-1.61101723,-1.58489299,-1.54141605
1456,1831,-1.58603895,-1.51042819,-1.46994913
1457,1832,-2.67914057,-2.77053785,-2.72133803
1458,1833,-2.48919415,-2.50664854,-2.43125319
1459,1834,0.53232992,0.52782679,0.59529263
1460,1835,-1.99343634,-2.03093195,-1.94345224
1461,1836,1.05115867,1.06405103,1.06872082
1462,1837,-2.15228438,-2.11990380,-2.12122965
1463,1838,1.53316712,1.49113798,1.50671482
1464,1839,-0.15312761,-0.14412314,-0.23729277
1465,1840,1.58330441,1.56739342,1.57961571
1466,1842,0.61519963,0.53595746,0.55597562
1467,1843,0.67422217,0.76902777,0.78819007
1468,1844,-0.11049642,-0.10015999,-0.10930718
1469,1845,-1.57505560,-1.68942046,-1.64818251
1470,1846,-0.44472855,-0.41189110,-0.41656819
1471,1848,0.33870217,0.30543107,0.34322438
1472,1849,1.24572110,1.24640620,1.27925277
1473,1851,-0.48334533,-0.51023966,-0.41131666
1474,1852,2.16253161,2.13332391,2.08250117
1475,1853,-0.07360575,-0.06785186,-0.02601906
1476,1854,0.68678564,0.64146096,0.64734793
1477,1856,0.77236670,0.74596792,0.78387773
1478,1857,0.33785915,0.35242456,0.31281373
1479,1858,-0.25404179,-0.24274786,-0.24037859
1480,1859,0.17520231,0.14173736,0.15788239
1481,1860,-0.66724700,-0.72327077,-0.67864108
1482,1862,2.23704028,2.22135377,2.23908067
1483,1863,-1.80930722,-1.89551103,-1.80645669
1484,1864,-4.79245234,-4.82334375,-4.85574865
1485,1865,0.21398571,0.25621200,0.25456282
1486,1866,-0.01004062,-0.08116604,-0.01542077
1487,1867,-0.98055238,-0.95785123,-0.93065614
1488,1869,1.35249817,1.30261230,1.36729729
1489,1871,-0.64921629,-0.65740722,-0.62450421
1490,1872,1.13911235,1.15149355,1.16338110
1491,1873,1.27973652,1.27905583,1.23959041
1492,1874,-2.07071519,-2.10372639,-2.09357119
1493,1875,0.96744722,0.92064804,0.97717559
1494,1876,-2.82955194,-2.85478544,-2.76892757
1495,1877,0.51637220,0.46771896,0.46243432
1496,1878,-0.40502381,-0.47917706,-0.38123730
1497,1879,0.03228457,0.22489700,0.16073151
1498,1880,1.22114003,1.20398808,1.23727167
1499,1881,-1.35978663,-1.40141106,-1.37607086
1500,1883,-4.65753031,-4.63695335,-4.65619659
1501,1884,-0.91198897,-0.95292872,-0.91910809
1502,1885,2.58335829,2.68390846,2.66263938
1503,1886,3.24089909,3.27838516,3.31375837
1504,1887,-1.27802241,-1.28610933,-1.22746611
1505,1888,1.12685299,1.12473643,1.10497463
1506,1889,1.47925448,1.51972783,1.50035238
1507,1891,-2.54533339,-2.54491115,-2.48223519
1508,1892,-0.68341953,-0.60109764,-0.66637605
1509,1894,2.18932295,2.23128605,2.20472503
1510,1896,0.42009109,0.33145308,0.37854940
1511,1897,1.68574464,1.67094421,1.71179855
1512,1898,-2.85184336,-2.96541834,-2.85130668
1513,1899,-1.60394466,-1.68202686,-1.62708390
1514,1900,-2.06041980,-2.06811094,-1.98835528
1515,1901,1.87534714,1.86209786,1.83451581
1516,1903,1.55172920,1.58280325,1.62698138
1517,1906,2.64057398,2.71660399,2.67457008
1518,1907,-0.79739541,-0.81661487,-0.77241117
1519,1908,-2.33075380,-2.26421404,-2.27663302
1520,1909,-1.83858299,-1.94224906,-1.91929877
1521,1910,1.25330210,1.31174183,1.26021934
1522,1912,2.11913109,2.14345884,2.15536308
1523,1914,1.94831443,2.00862622,1.96111882
1524,1916,-1.00877094,-1.08973384,-0.89594364
1525,1917,-1.03147006,-1.04715240,-1.05258846
1526,1918,0.73329395,0.69143504,0.75073814
1527,1919,2.36123276,2.37985778,2.36828923
1528,1920,-0.41558892,-0.44679773,-0.42869893
1529,1921,-0.54946047,-0.61749357,-0.54537314
1530,1922,-1.36956191,-1.51204920,-1.40633047
1531,1923,0.58930475,0.69840771,0.65377593
1532,1924,-0.52493316,-0.52012163,-0.46873751
1533,1925,1.60859203,1.61644781,1.55365217
1534,1927,-0.38981119,-0.42432439,-0.40597650
1535,1928,0.76799506,0.77419591,0.71673226
1536,1930,0.32745162,0.29606664,0.31400827
1537,1932,1.89978278,1.89615059,1.87580287
1538,1933,-2.75961518,-2.71867085,-2.72268558
1539,1935,0.69237936,0.74057996,0.69879597
1540,1937,1.40512311,1.42615187,1.41834009
1541,1938,-1.28354454,-1.38514090,-1.29498172
1542,1940,0.29591605,0.25041598,0.28159347
1543,1941,-1.37009311,-1.42467451,-1.36234772
1544,1943,-1.67686892,-1.72626472,-1.65725410
1545,1944,-0.82148147,-0.84682345,-0.80140817
1546,1946,0.29336512,0.31131598,0.35828626
1547,1948,-0.73961496,-0.79459184,-0.68242353
1548,1951,-2.36218739,-2.46951485,-2.35164785
1549,1953,-3.20400500,-3.31774902,-3.26112938
1550,1954,0.01003730,-0.08868890,0.04730392
1551,1955,0.81093735,0.90327650,0.85913026
1552,1956,1.83763433,1.85284328,1.88292921
1553,1957,1.16546106,1.23771679,1.21628237
1554,1958,0.85209101,0.84649426,0.81518084
1555,1959,-1.70134246,-1.64243078,-1.65734017
1556,1962,1.66433549,1.71318793,1.66789234
1557,1963,-2.15004444,-2.16802549,-2.11601996
1558,1965,0.40645468,0.37483633,0.35716882
1559,1966,1.82094073,1.82596922,1.86915529
1560,1967,1.66540194,1.61419106,1.65013850
1561,1968,2.12191296,2.10136247,2.14556026
1562,1969,0.38132286,0.40601259,0.41073409
1563,1972,0.17757174,0.14125349,0.17646441
1564,1973,1.66972017,1.72232807,1.60991585
1565,1974,0.35521245,0.29231253,0.31593758
1566,1976,-2.78568411,-2.83050346,-2.73381400
1567,1977,-0.76465374,-0.81819159,-0.81938618
1568,1978,0.65644944,0.66762316,0.71713758
1569,1979,1.35781622,1.45010221,1.43302453
1570,1980,0.94767493,0.97557026,0.95297980
1571,1981,-0.32975078,-0.36800170,-0.37214079
1572,1982,1.37668729,1.44710219,1.45737147
1573,1983,-1.60674906,-1.64754581,-1.59456718
1574,1984,2.36646843,2.31460452,2.33664417
1575,1985,-1.62218571,-1.65998793,-1.60453498
1576,1987,0.91759348,0.96205676,0.97229928
1577,1989,0.10880266,0.16370538,0.12153763
1578,1990,-1.29784453,-1.41512322,-1.40317810
1579,1991,1.37010419,1.39177799,1.41435051
1580,1992,-1.05029440,-1.11311817,-1.00357449
1581,1993,-1.20193386,-1.13031042,-1.12271500
1582,1996,1.20942926,1.19864881,1.15259838
1583,1997,-1.20036483,-1.19911015,-1.16217744
1584,1999,0.48991191,0.59219933,0.55905962
1585,2000,1.47074890,1.48698044,1.47388411
1586,2001,0.82219785,0.74507266,0.75374085
1587,2002,2.16758776,2.17753983,2.18143177
1588,2003,0.96467930,0.96694326,0.95260066
1589,2004,-0.36367887,-0.40551174,-0.38447800
1590,2005,-1.89609528,-1.93921614,-1.83142459
1591,2006,-2.28950548,-2.39397216,-2.31610370
1592,2007,2.19229698,2.26523590,2.25407338
1593,2008,-1.33881140,-1.44405091,-1.33683634
1594,2009,1.36526632,1.37267709,1.35962307
1595,2010,1.03551960,1.05809653,1.05868399
1596,2011,-1.61081386,-1.65660334,-1.59253466
1597,2012,2.02827096,1.99382210,2.01444697
1598,2014,0.37048322,0.37193543,0.39261797
1599,2016,0.67315930,0.70894778,0.75676757
1600,2017,1.48293018,1.47970581,1.46142304
1601,2018,1.59441555,1.61997211,1.61973870
1602,2019,1.71285439,1.72059369,1.71935797
1603,2020,0.07294490,0.18157226,0.22451085
1604,2021,0.61502814,0.59929794,0.62614697
1605,2022,0.94981259,0.95139205,0.88320255
1606,2024,2.52163029,2.53383207,2.54481411
1607,2025,-1.11024463,-1.12367475,-1.11269820
1608,2026,1.42631602,1.47136247,1.41816139
1609,2027,2.13805008,2.27174354,2.20162749
1610,2029,0.63256669,0.70091069,0.60866255
1611,2030,-2.04319811,-2.10361528,-2.04399610
1612,2031,0.73685950,0.73321354,0.73760891
1613,2032,0.92588001,1.02770925,0.94864470
1614,2035,-1.36464858,-1.44976830,-1.29002178
1615,2036,1.23650348,1.20713210,1.16162837
1616,2037,-1.34973574,-1.40783417,-1.37452877
1617,2038,0.73251390,0.64761168,0.69112396
1618,2039,-0.39122656,-0.41391838,-0.32108790
1619,2040,-0.94259459,-1.09725022,-0.87087315
1620,2041,1.32681942,1.35206819,1.34170806
1621,2042,2.80563998,2.84285831,2.79579759
1622,2043,1.08003604,1.07246995,1.09620476
1623,2044,0.68951660,0.67412156,0.69287461
1624,2045,-4.10898542,-3.98085213,-3.96203446
1625,2046,2.06723070,2.10379934,2.13023663
1626,2047,0.52220887,0.52778715,0.57356519
1627,2048,2.05898738,2.10552692,2.08180475
1628,2049,-1.86171460,-1.84405255,-1.83706105
1629,2050,-1.00038254,-1.07113826,-0.97838956
1630,2051,1.48552728,1.47971177,1.53381228
1631,2052,-0.98085970,-1.12818146,-0.95375711
1632,2053,0.73912734,0.72945964,0.71566570
1633,2054,-2.79758143,-2.84590626,-2.76974583
1634,2056,2.80197430,2.90750384,2.80710006
1635,2057,1.75065565,1.77027416,1.74958766
1636,2059,1.38206124,1.38423347,1.42162848
1637,2060,1.24811995,1.40544462,1.33560753
1638,2061,-3.02877736,-3.16461515,-3.10541010
1639,2062,-0.24004894,-0.22350989,-0.23447630
1640,2063,0.57025319,0.61921096,0.61564928
1641,2064,-0.36707470,-0.37095392,-0.29939425
1642,2065,-0.08004171,-0.02961770,-0.04320244
1643,2066,3.12164831,3.18841791,3.14947009
1644,2067,1.23007643,1.22588873,1.15767062
1645,2069,-1.38782310,-1.41483855,-1.36454713
1646,2070,-2.55568767,-2.56242013,-2.50017452
1647,2072,1.37804413,1.40678680,1.42220914
1648,2073,-1.36982155,-1.37914526,-1.35822821
1649,2074,0.12021808,0.08080980,0.15658668
1650,2075,2.79805350,2.88172340,2.84156442
1651,2076,-0.23388463,-0.20680179,-0.26287988
1652,2077,2.65983772,2.66045737,2.68792081
1653,2078,1.69030249,1.71554804,1.74204504
1654,2079,0.68721205,0.67816257,0.69120604
1655,2080,-1.29004920,-1.30590391,-1.25214660
1656,2081,1.30974972,1.35056210,1.31002617
1657,2082,1.11107945,1.08190107,1.10242963
1658,2084,0.60776174,0.65254301,0.68037748
1659,2085,-1.20455480,-1.17610657,-1.24079323
1660,2086,1.28359962,1.25192404,1.24611795
1661,2088,1.92009211,1.91649926,1.97851884
1662,2090,0.99534726,1.00714266,1.01218390
1663,2092,0.62053257,0.66605490,0.63364941
1664,2093,0.92862648,0.97460383,0.93912601
1665,2094,0.99999666,0.99848342,1.01170969
1666,2095,0.92452383,0.94342041,0.93174994
1667,2096,1.98515201,2.05136156,2.09296918
1668,2097,0.87720966,0.83614689,0.90685058
1669,2098,0.09705829,0.06345551,0.07605163
1670,2100,2.27396536,2.27577019,2.24794960
1671,2101,1.15661979,1.16420627,1.17452550
1672,2102,0.43389899,0.50104690,0.49431849
1673,2103,0.41188887,0.45934004,0.44642812
1674,2104,-0.92990798,-1.00647485,-0.95789272
1675,2107,0.56644499,0.52893376,0.53358036
1676,2108,1.55972648,1.61390471,1.60132909
1677,2109,0.60744667,0.59702510,0.51561022
1678,2110,0.71000165,0.68270105,0.76481777
1679,2111,0.11396021,0.07797153,0.16601038
1680,2112,-1.84921956,-1.92815483,-1.90356433
1681,2113,-0.78296512,-0.78405553,-0.73460418
1682,2114,-0.38213402,-0.45719755,-0.32924151
1683,2115,0.20222482,0.18102887,0.17262477
1684,2117,-1.08113778,-1.06141472,-1.04043734
1685,2118,1.84882545,1.80763841,1.85552168
1686,2119,0.13061474,0.13557319,0.15662600
1687,2120,-0.62830913,-0.64472419,-0.60578340
1688,2122,0.17591220,0.19424672,0.26610726
1689,2123,0.96006578,0.90351206,0.79843348
1690,2124,0.55155087,0.56286693,0.60056716
1691,2125,-0.35165870,-0.32216185,-0.32461172
1692,2127,1.49439073,1.49072933,1.47896373
1693,2129,-0.17686003,-0.21273436,-0.23691329
1694,2130,-0.26012835,-0.29886442,-0.27581048
1695,2131,-2.58445144,-2.57496500,-2.54496026
1696,2132,0.90584081,0.95365798,0.93535322
1697,2134,0.63331401,0.65733260,0.63105476
1698,2136,-0.42168379,-0.47562701,-0.42401764
1699,2138,-0.11499014,-0.04787776,-0.02409472
1700,2139,2.68997216,2.71005535,2.67181301
1701,2140,0.23728365,0.24044803,0.26060346
1702,2143,2.21123600,2.24815059,2.19064450
1703,2144,0.17585683,0.20874256,0.26025838
1704,2145,1.94229126,1.92998457,1.97440374
1705,2146,0.36429763,0.31381989,0.33227727
1706,2147,1.85387552,1.85074711,1.87082517
1707,2148,-3.89832640,-3.76955557,-3.65851283
1708,2149,0.62377673,0.51520771,0.51250488
1709,2150,-0.08886804,-0.10551684,-0.00618168
1710,2151,1.99715006,2.01074553,2.01905704
1711,2152,1.84765995,1.90620387,1.92711961
1712,2153,1.83365345,1.85368538,1.86265028
1713,2154,-0.45208210,-0.43087339,-0.39173076
1714,2155,-0.05463333,-0.05659063,-0.00479873
1715,2156,1.21818280,1.24934208,1.29990244
1716,2158,-2.32802343,-2.48924088,-2.50127673
1717,2159,1.58227575,1.67153764,1.66807735
1718,2160,-3.95048380,-3.95351601,-3.92434669
1719,2161,0.81513005,0.77152580,0.81560099
1720,2163,1.65509701,1.72255588,1.67637432
1721,2164,1.48753333,1.49153185,1.44107246
1722,2165,1.63598573,1.71192384,1.70628834
1723,2166,-2.15543652,-2.13902307,-2.04895020
1724,2167,-2.16086817,-2.21367645,-2.10737252
1725,2168,-1.39903724,-1.48812938,-1.44793785
1726,2169,2.24801016,2.27748990,2.29451323
1727,2170,2.83573675,2.86059022,2.84336424
1728,2174,1.00447094,1.07531309,1.06220365
1729,2175,1.13665223,1.14487398,1.17300808
1730,2176,0.06879251,0.02294160,0.03769745
1731,2177,-4.32479143,-4.40948915,-4.31528854
1732,2178,-2.18839860,-2.16129065,-2.10571432
1733,2179,0.86059761,0.86081892,0.88076127
1734,2180,2.08170414,2.14710402,2.16806960
1735,2181,-1.38061428,-1.40790939,-1.35290277
1736,2182,0.96699280,0.99626595,1.02023327
1737,2184,-0.97196442,-0.86827600,-0.97416657
1738,2185,0.75867045,0.79662585,0.81810355
1739,2186,2.02012253,1.98620665,1.98354423
1740,2187,0.15208161,0.14259285,0.22457647
1741,2189,1.23255658,1.24805593,1.22077644
1742,2190,-0.55927974,-0.53013283,-0.59144694
1743,2191,-0.89550960,-0.95067555,-0.86754274
1744,2192,-0.53671670,-0.58400655,-0.62122613
1745,2193,-2.77734685,-2.75004458,-2.76460624
1746,2194,1.90107477,1.56584597,1.76314533
1747,2195,-2.79527235,-2.87060213,-2.76197410
1748,2196,0.90216941,0.95328754,0.99037832
1749,2197,1.01057124,0.96973640,0.98353720
1750,2198,2.42716980,2.42767668,2.43050480
1751,2200,1.04917085,1.06945074,1.06115246
1752,2202,0.36278307,0.38967383,0.42163607
1753,2204,2.41842580,2.43920326,2.45385432
1754,2205,0.71047217,0.68165559,0.68912435
1755,2206,-1.63130403,-1.65074301,-1.52766359
1756,2207,0.43160290,0.47007227,0.42160785
1757,2208,-2.56183910,-2.55790091,-2.53603673
1758,2209,1.76509631,1.82348680,1.83262038
1759,2210,-0.46290034,-0.44959658,-0.37905657
1760,2211,1.41815042,1.40416563,1.45800495
1761,2212,0.56633967,0.56985599,0.65462178
1762,2213,1.34669518,1.38699317,1.36519504
1763,2214,-1.92980933,-1.96547174,-1.92410028
1764,2215,-0.34961769,-0.36363482,-0.35927358
1765,2216,1.46688986,1.49778199,1.49263501
1766,2221,1.19721270,1.18521774,1.20014524
1767,2222,0.91510296,0.85264462,0.89097303
1768,2225,1.49786866,1.55900419,1.49528003
1769,2226,-2.45593166,-2.47503042,-2.50234389
1770,2227,-0.34418195,-0.27396470,-0.28206840
1771,2228,0.07926358,0.09092897,0.10318805
1772,2229,1.15303588,1.14731514,1.10772789
1773,2230,1.70134878,1.72958386,1.72544420
1774,2231,-1.90073550,-1.92355382,-1.86126888
1775,2232,-1.15441859,-1.05780077,-0.98358804
1776,2234,-2.28581738,-2.35463190,-2.26783776
1777,2235,1.03015614,0.99766552,1.01039934
1778,2236,-0.12759310,-0.13446240,-0.10422019
1779,2237,-1.36530793,-1.34177649,-1.32334006
1780,2238,0.00213429,-0.05671300,0.06648963
1781,2239,-1.20747089,-1.24809051,-1.15105462
1782,2240,2.24905515,2.28076768,2.23525929
1783,2241,1.91884446,1.93245649,1.86458910
1784,2242,-3.87340975,-3.91294098,-3.81593251
1785,2243,-0.37279198,-0.33885944,-0.37884834
1786,2244,1.23239291,1.22010052,1.18559062
1787,2245,2.23464084,2.20923591,2.23116541
1788,2246,0.99848396,1.04910040,1.07687843
1789,2247,2.55736589,2.60752821,2.59638953
1790,2248,-0.44802076,-0.34402007,-0.35413906
1791,2249,3.58374214,3.53883410,3.57477283
1792,2250,2.59422970,2.57922697,2.61050606
1793,2251,-3.97265959,-4.00324917,-3.95518613
1794,2252,-0.34930894,-0.38574982,-0.33597621
1795,2253,-3.35380554,-3.36659908,-3.18961263
1796,2254,-0.69207275,-0.57450503,-0.56585515
1797,2255,1.38172197,1.47096026,1.48093116
1798,2256,-1.02997828,-0.97669941,-0.95295125
1799,2257,-0.22219360,-0.17552352,-0.19561368
1800,2258,1.41223526,1.48785496,1.43601441
1801,2259,-0.71473509,-0.72618550,-0.79430014
1802,2260,0.50039929,0.48879701,0.52044910
1803,2264,-0.30241790,-0.31047368,-0.24280405
1804,2265,-3.24782252,-3.34190440,-3.28087139
1805,2266,-0.00221977,0.06065662,0.03262684
1806,2268,-1.24811625,-1.31399536,-1.22028911
1807,2269,-2.45809436,-2.53171539,-2.57122517
1808,2270,1.24667859,1.30201960,1.31053388
1809,2271,1.96389127,1.92114174,1.97095454
1810,2274,0.03102396,-0.01999167,0.01585951
1811,2275,1.18879712,1.22929049,1.19471455
1812,2276,0.77803594,0.78344005,0.81689280
1813,2277,0.93605685,0.90680355,1.03617465
1814,2278,-5.04571295,-5.14457989,-5.06183958
1815,2279,1.14440835,1.19728017,1.17346418
1816,2281,2.81797695,2.84454775,2.80734754
1817,2282,-1.96682239,-1.95850611,-1.94483340
1818,2283,0.72470152,0.70641947,0.65036613
1819,2284,1.68225551,1.63113594,1.64734137
1820,2285,-3.35658503,-3.49084711,-3.33663774
1821,2286,-1.02971864,-1.06971562,-1.05923760
1822,2287,-2.68354034,-2.75029492,-2.70394874
1823,2291,1.12336123,1.09443843,1.13644111
1824,2292,1.85603929,1.86966169,1.83495820
1825,2294,-0.12242893,-0.11612125,-0.11791664
1826,2299,-2.92750883,-3.00163651,-2.98109841
1827,2300,1.30869603,1.33919847,1.37069094
1828,2301,-1.26564717,-1.29746890,-1.22800398
1829,2302,1.22760081,1.20580792,1.21674228
1830,2305,-0.83060575,-1.01103020,-0.77040356
1831,2306,-2.26738977,-2.27178669,-2.26695967
1832,2307,0.89322692,0.92561716,0.87314880
1833,2309,-1.15933967,-1.27426279,-1.26471937
1834,2311,-1.73289919,-1.76021409,-1.73514879
1835,2312,0.80751252,0.77789664,0.80364245
1836,2314,3.23044538,3.33954406,3.26071978
1837,2315,0.20124584,0.29171127,0.25790560
1838,2317,-2.19632769,-2.28553152,-2.27953982
1839,2318,-0.17934912,-0.13447471,-0.13939598
1840,2320,0.30472079,0.30581313,0.30859256
1841,2321,1.30552268,1.40206814,1.35327601
1842,2322,1.84814262,1.86097336,1.80087304
1843,2323,-0.17155316,-0.18569942,-0.10886311
1844,2325,-1.40847039,-1.47365999,-1.36786163
1845,2326,-1.94255829,-1.95162940,-1.85887611
1846,2327,0.11791477,0.01757182,0.13969027
1847,2328,2.13784742,2.12168980,2.17375994
1848,2329,2.51446867,2.53675675,2.52417302
1849,2331,1.93682694,1.97125006,1.96552956
1850,2333,2.74794054,2.73939562,2.78400183
1851,2334,-0.28681624,-0.33308452,-0.32183126
1852,2335,1.46069980,1.42367816,1.45504045
1853,2336,-0.01335113,-0.05576669,0.02701623
1854,2337,-0.74734646,-0.72886401,-0.75354642
1855,2339,2.51990581,2.58110809,2.53311563
1856,2340,1.29848742,1.29197478,1.27125049
1857,2341,-0.53321773,-0.50207943,-0.43579546
1858,2342,0.69480616,0.64259583,0.70439053
1859,2344,1.00799942,1.01880276,1.04062390
1860,2346,-1.59154642,-1.57039905,-1.56442857
1861,2347,2.31192756,2.33966088,2.35147548
1862,2348,1.60843551,1.64286709,1.61606836
1863,2350,2.31566000,2.34290314,2.31542850
1864,2351,3.01243329,3.03477931,3.03147960
1865,2352,-0.46242148,-0.45891851,-0.34052864
1866,2354,-0.35121536,-0.36778861,-0.33119884
1867,2355,0.68111557,0.76113957,0.75853527
1868,2356,-4.10170698,-4.08047342,-4.07197905
1869,2357,1.23567438,1.22895324,1.19335783
1870,2358,-2.05551362,-2.09537029,-2.11886072
1871,2359,3.25872850,3.31120038,3.29179811
1872,2362,1.81456923,1.85174930,1.83097279
1873,2363,1.61457241,1.65329635,1.66083682
1874,2364,-2.81290007,-2.81416893,-2.74536896
1875,2365,-0.46132433,-0.41444427,-0.39183310
1876,2367,1.32743549,1.36249435,1.37746298
1877,2368,1.67832160,1.71703422,1.71013975
1878,2369,3.37315059,3.43178773,3.37682128
1879,2370,1.02587771,1.07530451,1.03267407
1880,2372,1.07180667,1.05806077,1.06031704
1881,2373,-2.00994110,-2.08829689,-1.92659819
1882,2376,-1.02065456,-1.02237034,-1.01341593
1883,2377,1.17501247,1.16875565,1.19619310
1884,2378,-1.26197994,-1.27447152,-1.23274112
1885,2379,0.00501536,-0.01144770,0.01727776
1886,2380,-2.56045556,-2.66105700,-2.51304817
1887,2381,2.30921197,2.34440136,2.30252457
1888,2382,1.45456886,1.36954141,1.40758181
1889,2383,-1.37250400,-1.41274571,-1.41133976
1890,2384,-0.28607464,-0.28368300,-0.27633172
1891,2386,-0.28456464,-0.30601132,-0.23602241
1892,2387,3.18091440,3.19365311,3.16578364
1893,2388,-2.06810284,-2.14335203,-2.15907478
1894,2389,-4.11503935,-4.20517731,-4.02150822
1895,2390,-0.45032960,-0.53871781,-0.36569843
1896,2391,-0.08759166,-0.16828568,-0.03095671
1897,2392,-0.55738515,-0.60352433,-0.53278220
1898,2393,-1.98293734,-1.97321773,-1.94204152
1899,2394,1.08839941,1.13284159,1.16685915
1900,2396,0.06321026,0.03267076,0.05199508
1901,2398,0.87981755,0.86965507,0.92899305
1902,2399,-1.05846453,-1.11506271,-1.06181157
1903,2400,-0.22429389,-0.25720692,-0.19528237
1904,2402,0.87519872,0.89970070,0.90455204
1905,2404,1.39571834,1.46259713,1.47428930
1906,2405,0.58320457,0.53844410,0.56913966
1907,2406,0.68658370,0.68912643,0.64688414
1908,2407,-0.69529349,-0.70482099,-0.60618705
1909,2408,-2.17376685,-2.06613350,-2.05859613
1910,2409,1.73841023,1.76679277,1.79821372
1911,2410,-3.11085415,-3.15702152,-3.14393783
1912,2412,0.43422961,0.47321302,0.47839513
1913,2413,1.79315710,1.83655715,1.79509854
1914,2414,-1.72430348,-1.69827986,-1.62954521
1915,2416,1.50362873,1.53928506,1.54544699
1916,2417,0.01227514,-0.00626220,-0.02952003
1917,2418,1.50348115,1.51872647,1.54499424
1918,2419,-1.60514045,-1.57068145,-1.49501181
1919,2420,2.12387085,2.11467838,2.13298440
1920,2421,1.90806580,1.93195450,1.95910120
1921,2422,1.38343966,1.37800956,1.32891715
1922,2424,2.09316254,2.07129502,2.13359880
1923,2426,1.77312362,1.79633415,1.71889436
1924,2427,0.55206162,0.55147910,0.53731281
1925,2429,-0.48619252,-0.50019205,-0.48557237
1926,2430,0.20733750,0.19003616,0.18681021
1927,2431,2.48413944,2.49955106,2.51258779
1928,2432,1.23575199,1.24849808,1.28025162
1929,2434,0.60916144,0.65081346,0.64540166
1930,2436,0.02028256,-0.04264609,-0.00618122
1931,2437,0.12928492,0.13611986,0.13798547
1932,2438,-4.39073420,-4.44274521,-4.35348558
1933,2441,0.40818325,0.41320956,0.40946227
1934,2442,1.45829833,1.42197084,1.47461021
1935,2443,1.83712125,1.81340098,1.84071958
1936,2444,-0.23301089,-0.20758559,-0.22651401
1937,2445,1.77057362,1.80295444,1.83633780
1938,2446,0.17623881,0.21751776,0.24012437
1939,2447,1.61872816,1.55921841,1.56814623
1940,2448,-0.40552610,-0.46002811,-0.36391753
1941,2449,0.72928685,0.77170616,0.77415574
1942,2450,1.02631068,1.08159530,1.09766924
1943,2451,-0.42645961,-0.47934330,-0.41226581
1944,2452,1.04034913,1.05098104,1.06647050
1945,2454,0.32036513,0.24826574,0.22063419
1946,2455,0.61353737,0.68436611,0.63355404
1947,2456,-1.64603734,-1.68709159,-1.59515166
1948,2457,1.34526372,1.33830464,1.34203303
1949,2458,2.34776831,2.35390234,2.36481118
1950,2459,-3.92537165,-4.08562279,-4.18744183
1951,2460,1.97043085,1.95729065,1.97237909
1952,2461,1.41685474,1.42082691,1.41446900
1953,2462,0.31592619,0.28407773,0.27553022
1954,2463,-0.01031957,0.02552332,0.09565303
1955,2464,-2.22960615,-2.34579277,-2.26331544
1956,2465,1.87522566,1.94961834,1.86308539
1957,2467,2.56765270,2.59810019,2.63386035
1958,2468,1.62647676,1.68064117,1.65713251
1959,2469,0.30135873,0.22589724,0.24103457
1960,2470,1.34742236,1.32438731,1.33729315
1961,2471,-0.91936404,-0.98759729,-0.96270889
1962,2472,-1.49071419,-1.53560770,-1.49508739
1963,2473,-1.05697107,-1.03065634,-1.06423330
1964,2474,0.95327586,0.95789456,0.98438215
1965,2475,1.10748363,1.11709511,1.12529206
1966,2476,-1.95803213,-2.15874219,-1.93680179
1967,2477,0.54155058,0.51594520,0.52911747
1968,2478,1.34571218,1.36819971,1.34123409
1969,2479,-0.39960399,-0.46194226,-0.44314817
1970,2480,-0.42092028,-0.51006049,-0.44576266
1971,2481,1.38905382,1.39606857,1.42893445
1972,2482,1.26663876,1.30930352,1.29026365
1973,2483,-2.61977553,-2.63754416,-2.55945802
1974,2485,2.16195607,2.18429708,2.11960697
1975,2486,-1.63014901,-1.62230408,-1.53949416
1976,2487,0.96670568,0.96936297,1.03160536
1977,2488,0.51910204,0.41300696,0.45835841
1978,2489,-2.05222511,-2.13230014,-2.02784085
1979,2490,2.07854867,2.12919784,2.11881661
1980,2491,1.98821318,1.98192549,1.97469771
1981,2492,-1.02271152,-1.00652647,-0.97875804
1982,2493,2.23109508,2.20775843,2.23166823
1983,2494,0.29355773,0.35872173,0.29753610
1984,2495,1.29583514,1.31902039,1.32762790
1985,2496,0.53380752,0.55287415,0.51647049
1986,2497,-0.71386200,-0.66302252,-0.66914934
1987,2498,0.85805273,0.82005739,0.79886872
1988,2500,1.50481176,1.47347188,1.48799944
1989,2503,0.33881229,0.43790376,0.43066114
1990,2504,0.97220749,0.94537085,0.98677808
1991,2505,0.68916351,0.74221176,0.80407524
1992,2506,-3.04639506,-3.03924704,-3.09272885
1993,2507,0.53758526,0.61732072,0.58257133
1994,2509,-0.74536568,-0.79481667,-0.75322145
1995,2510,-1.49543297,-1.49624801,-1.42166102
1996,2511,0.45407474,0.46455646,0.47367334
1997,2513,0.65572506,0.70250612,0.72516924
1998,2514,1.09318984,1.10490894,1.13097131
1999,2515,1.46889639,1.51265478,1.51667941
2000,2516,1.93439329,1.92105615,1.98723650
2001,2517,0.82344639,0.88576275,0.85731786
2002,2519,0.89400023,0.93603766,0.89693773
2003,2520,2.21686840,2.23353505,2.28176594
2004,2521,0.13762262,0.17174006,0.11459352
2005,2522,1.17202330,1.13795817,1.14718890
2006,2523,-0.12336413,-0.10734615,-0.09917717
2007,2524,-1.76191008,-1.73702645,-1.71797311
2008,2525,-0.23097131,-0.24349381,-0.23399892
2009,2526,0.07424874,0.04326296,0.06629157
2010,2527,1.38177073,1.39613247,1.40595508
2011,2528,-0.24799487,-0.23816137,-0.23551133
2012,2529,-1.46748495,-1.56342101,-1.57198012
2013,2530,1.76200616,1.75326574,1.75087607
2014,2532,-0.81216228,-0.82105607,-0.81692225
2015,2533,0.40315178,0.41967648,0.42632857
2016,2535,-0.99234504,-1.04998016,-1.03304410
2017,2536,1.25800037,1.22318470,1.28850353
2018,2537,1.74339354,1.80677915,1.79457891
2019,2538,-0.07885522,-0.19815852,-0.05403508
2020,2539,1.52570713,1.50530183,1.53805804
2021,2541,1.90141666,1.95653749,1.91310728
2022,2542,0.39482641,0.40255922,0.37584317
2023,2543,2.56656575,2.49486685,2.54294538
2024,2544,-0.89187741,-0.86927551,-0.84288126
2025,2545,0.89144665,0.91310036,0.90573180
2026,2546,-3.00382853,-3.07859397,-3.00074387
2027,2547,1.48102844,1.54794621,1.43499386
2028,2548,2.43749094,2.47336578,2.43921876
2029,2549,1.20012045,1.23838234,1.21755958
2030,2550,-1.84760749,-1.95017147,-1.95958579
2031,2551,-3.38444281,-3.41002131,-3.40656161
2032,2552,-2.77642107,-2.82920122,-2.68874145
2033,2553,1.55358624,1.65074003,1.57031476
2034,2554,1.73479843,1.76776290,1.76850116
2035,2555,-2.80559111,-2.89957070,-2.71175814
2036,2556,1.09638286,1.06065714,1.08054781
2037,2558,-0.72486216,-0.72156638,-0.66398144
2038,2559,0.97054499,0.95335436,0.87851781
2039,2560,-1.27553988,-1.30024767,-1.27447402
2040,2561,1.78523493,1.84853971,1.79773259
2041,2562,-0.21154335,-0.22713800,-0.21524239
2042,2563,0.05825131,0.01194973,0.00732914
2043,2564,-2.83458567,-2.84549761,-2.78621054
2044,2565,-1.39390564,-1.41326571,-1.32871497
2045,2566,1.53451812,1.53945839,1.54735637
2046,2568,-0.56554544,-0.63729429,-0.61865228
2047,2571,1.72085488,1.78145134,1.72282326
2048,2572,0.67219669,0.65439987,0.70326573
2049,2574,-1.09974062,-1.23610759,-1.21958542
2050,2575,-1.76572096,-1.76614404,-1.71316826
2051,2576,-2.98292327,-3.06825876,-3.05507636
2052,2577,-1.20612264,-1.25990939,-1.24964869
2053,2578,0.99762678,0.97388560,1.05669773
2054,2579,1.36959195,1.43904674,1.38628817
2055,2580,0.29430014,0.27455634,0.27761960
2056,2581,1.01196730,1.00551546,1.01152897
2057,2582,-0.01916441,-0.09877320,0.00082772
2058,2584,0.82255179,0.86853069,0.86754531
2059,2585,-2.37734532,-2.51547003,-2.38612986
2060,2586,0.58393162,0.60189950,0.56726402
2061,2587,-4.86753225,-4.89462280,-4.89034605
2062,2588,0.38148838,0.34050703,0.38233587
2063,2589,0.11930404,0.11624216,0.21439749
2064,2590,0.65725160,0.62773287,0.66300875
2065,2591,2.16638041,2.13384962,2.17041230
2066,2593,1.90452576,1.96430588,1.99323177
2067,2594,-2.55349922,-2.67991614,-2.64472699
2068,2595,-1.96751976,-1.96586561,-2.01037788
2069,2596,2.68093634,2.70134020,2.71052337
2070,2597,0.24985561,0.27272895,0.22965008
2071,2598,-0.32569930,-0.43352628,-0.34911540
2072,2599,-1.60796690,-1.58897054,-1.70310807
2073,2602,-3.69138217,-3.77351046,-3.67957377
2074,2603,0.63584405,0.62117094,0.67598575
2075,2605,0.79510456,0.78612238,0.76722652
2076,2606,-1.66762209,-1.68016851,-1.70634472
2077,2607,0.54866576,0.57454914,0.57343382
2078,2608,-2.47450590,-2.59952760,-2.55244303
2079,2609,0.91362780,0.94722021,0.95496714
2080,2610,-4.77147341,-4.82971525,-4.77561760
2081,2611,-1.59795690,-1.60787499,-1.59692323
2082,2612,-1.04998398,-1.02765954,-0.95772797
2083,2613,-1.29719722,-1.28823709,-1.41174948
2084,2614,1.82751799,1.86413717,1.83569622
2085,2615,-0.10696272,-0.16482176,-0.20940760
2086,2617,0.32697129,0.29292947,0.23840952
2087,2618,1.28793430,1.32129586,1.30302215
2088,2619,2.66200423,2.69569564,2.66362214
2089,2620,-2.83639169,-2.87513328,-2.75364423
2090,2621,-0.83604258,-0.82611740,-0.82421213
2091,2622,-0.86621255,-0.87180561,-0.82496840
2092,2623,-0.15965849,-0.17776848,-0.20748809
2093,2624,-0.79434639,-0.81374663,-0.76226181
2094,2626,0.30380967,0.18998134,0.28635252
2095,2627,2.14802289,2.15468836,2.15170050
2096,2628,0.34190801,0.34697068,0.34685984
2097,2629,-1.82097685,-1.83693373,-1.87282240
2098,2630,-1.11308086,-1.07558382,-1.13337505
2099,2631,0.49749011,0.47202265,0.50966060
2100,2633,-0.15868142,-0.19852056,-0.18944162
2101,2634,-1.06617653,-1.11420703,-1.07162845
2102,2635,0.30465826,0.24768095,0.36202839
2103,2636,-0.32282257,-0.36158997,-0.27981949
2104,2637,-2.65458918,-2.62872863,-2.54364848
2105,2639,1.76160777,1.77636778,1.77026355
2106,2642,-1.37327421,-1.46565628,-1.41958416
2107,2643,1.40473866,1.40639079,1.40314984
2108,2644,1.40146589,1.43695068,1.41541696
2109,2646,-1.21211076,-1.27010596,-1.21358347
2110,2647,0.10647149,0.13618053,0.06595754
2111,2648,1.21106553,1.28716993,1.28368974
2112,2649,0.90015250,0.89894623,0.91581851
2113,2650,1.21141839,1.21295738,1.27353883
2114,2651,0.90261942,0.91958988,0.92294997
2115,2652,1.12011588,1.19754004,1.14767861
2116,2653,1.92203999,2.00642014,1.99155200
2117,2654,0.79202509,0.75921363,0.83083761
2118,2655,0.89000952,0.88828111,0.86232555
2119,2656,-0.11036233,-0.05370148,-0.03615727
2120,2657,-4.62747145,-4.54092598,-4.55093002
2121,2658,-3.65355968,-3.75654483,-3.75836253
2122,2659,-4.52054262,-4.54004478,-4.42345667
2123,2660,1.69811928,1.71581972,1.72538245
2124,2661,0.52938181,0.46440506,0.55438912
2125,2663,-2.36433983,-2.42131257,-2.41105843
2126,2664,0.28178757,0.32335031,0.34169233
2127,2665,-3.12310553,-3.09957290,-3.10742974
2128,2666,2.44486332,2.50560832,2.46549153
2129,2667,0.35589895,0.32279658,0.38458070
2130,2668,3.39398527,3.40515351,3.39140153
2131,2669,1.22857165,1.17173982,1.19391799
2132,2670,0.06815007,-0.01836045,0.07175940
2133,2672,2.41166997,2.40937471,2.34026217
2134,2673,0.53771436,0.53142494,0.48927134
2135,2675,-1.64236367,-1.79615939,-1.64974618
2136,2678,1.75527442,1.78283501,1.73247385
2137,2679,1.30086422,1.34886777,1.37878680
2138,2680,-2.27114964,-2.24866152,-2.18508577
2139,2681,1.56642914,1.56092227,1.54890823
2140,2684,1.46827555,1.47695982,1.48757946
2141,2685,-0.88049084,-0.89838427,-0.79928362
2142,2687,2.34853911,2.38084364,2.32684255
2143,2688,-1.93918943,-1.94908094,-1.83810627
2144,2689,0.45433134,0.41773945,0.40349576
2145,2690,1.28674436,1.26012874,1.25760853
2146,2691,0.81304395,0.78973937,0.81184769
2147,2693,-2.15934420,-2.17978406,-2.16293049
2148,2694,0.93402940,0.94484502,0.99132037
2149,2695,1.54076385,1.56337178,1.58955467
2150,2696,-1.06244218,-1.02739024,-0.97882932
2151,2697,1.39787149,1.42064357,1.45391405
2152,2699,0.16403860,0.11795071,0.19180992
2153,2700,1.27344525,1.31288421,1.34055150
2154,2701,-1.62536609,-1.66449070,-1.68889117
2155,2702,-0.26687342,-0.29587650,-0.28956202
2156,2703,1.20819104,1.24595928,1.24817288
2157,2704,-1.26451480,-1.29883623,-1.20776057
2158,2706,1.73902512,1.81697106,1.77475739
2159,2708,-0.56574732,-0.58043039,-0.56776685
2160,2710,-3.05668497,-3.24182868,-3.11149287
2161,2712,1.92069113,1.91549122,1.88210893
2162,2713,1.75745022,1.78440118,1.81418550
2163,2714,1.25981045,1.21610057,1.24555302
2164,2715,-1.89590704,-1.96149445,-1.92146409
2165,2717,-0.18375957,-0.19735880,-0.17568460
2166,2718,0.42745572,0.41810250,0.46005476
2167,2719,1.62076509,1.61966252,1.65416598
2168,2720,-2.55235052,-2.61357903,-2.50576639
2169,2721,2.95654917,3.00508976,2.95241880
2170,2723,2.77703691,2.78968120,2.79900050
2171,2724,0.88885111,0.93153340,0.95377040
2172,2725,-2.07459617,-2.09779668,-2.01554632
2173,2726,-0.30630741,-0.30319458,-0.33406577
2174,2727,1.55343485,1.53906679,1.54068959
2175,2728,-2.21500635,-2.30445194,-2.20337844
2176,2729,-2.51086283,-2.47292423,-2.44297934
2177,2730,-2.22629666,-2.13443327,-2.11943293
2178,2731,-0.02317760,0.12402309,0.12688360
2179,2732,-0.69234174,-0.82444525,-0.74244982
2180,2733,-2.19460821,-2.19568872,-2.03772688
2181,2734,0.59806031,0.60971546,0.63162845
2182,2735,1.23045111,1.30234540,1.27626896
2183,2736,-0.42433316,-0.43048030,-0.45659462
2184,2737,1.51843870,1.54177272,1.54976249
2185,2738,0.89112496,0.90127504,0.92375737
2186,2739,1.36521840,1.37688065,1.38240147
2187,2741,-0.66544503,-0.71905345,-0.59972632
2188,2742,0.20262715,0.11513762,0.08643346
2189,2743,1.15406871,1.26655185,1.25288558
2190,2744,-1.31163561,-1.38750327,-1.42853177
2191,2745,-1.18645406,-1.17011929,-1.11057127
2192,2746,1.90055382,1.92918396,1.93792415
2193,2748,2.10317016,2.06258035,2.09973216
2194,2750,1.80337441,1.80516553,1.79409337
2195,2751,-1.14135146,-1.20057464,-1.22176349
2196,2752,1.74661136,1.74032271,1.73834968
2197,2754,0.86025220,0.91049409,0.88007152
2198,2755,2.25226545,2.31526780,2.28094482
2199,2756,-0.72228098,-0.75123543,-0.62563646
2200,2758,-1.70902169,-1.70052004,-1.64381671
2201,2759,1.88385248,1.88659477,1.97021055
2202,2760,0.64435351,0.60113412,0.65066898
2203,2762,-0.96784562,-0.97258776,-0.77233762
2204,2763,-2.28163862,-2.31947923,-2.28282332
2205,2764,1.11577582,1.10886455,1.10576558
2206,2765,1.98628473,2.05926275,2.03996992
2207,2766,0.35260803,0.39995277,0.40147766
2208,2767,1.80822253,1.83739269,1.85904849
2209,2768,-2.56788635,-2.70504403,-2.67591596
2210,2769,-1.17718923,-1.23705089,-1.19708431
2211,2770,2.57626605,2.60203028,2.62175822
2212,2771,0.65918976,0.66977316,0.65199238
2213,2772,0.60364920,0.59392756,0.57839251
2214,2774,-1.65520215,-1.70348072,-1.72601163
2215,2775,1.60735250,1.59557545,1.58094943
2216,2776,-0.79104775,-0.83628577,-0.75059402
2217,2777,0.67638415,0.67076415,0.69480431
2218,2778,1.72261357,1.75640929,1.73013854
2219,2779,0.30746147,0.25935560,0.36118689
2220,2781,-2.92252779,-2.94589996,-2.92936254
2221,2782,0.45510471,0.40759498,0.46324769
2222,2783,-2.09652948,-2.14800262,-2.01364303
2223,2785,0.00094397,0.00487970,-0.00863781
2224,2786,-0.36810988,-0.42916226,-0.37967011
2225,2787,1.67147160,1.70247412,1.72347558
2226,2788,0.10713607,0.17350760,0.12162264
2227,2789,1.90546489,1.90595078,1.88127625
2228,2791,2.78968287,2.79140949,2.75946617
2229,2794,-0.43714064,-0.51288635,-0.40751240
2230,2795,2.51718640,2.52126026,2.51841331
2231,2796,0.69345123,0.72330725,0.73846728
2232,2797,-2.64524293,-2.68305683,-2.64798880
2233,2799,0.75582600,0.72075921,0.76265723
2234,2800,0.48436019,0.46959740,0.56050849
2235,2801,-0.01736166,-0.00655903,0.03457647
2236,2802,1.67556071,1.64935184,1.66626716
2237,2803,-1.53856277,-1.48546135,-1.48557734
2238,2804,-0.37686655,-0.45487106,-0.41144356
2239,2805,-2.23769951,-2.24725246,-2.27574706
2240,2808,0.99358672,0.98832971,0.95818406
2241,2809,2.70146894,2.72974658,2.76355553
2242,2810,-1.65370321,-1.69706237,-1.55330789
2243,2812,0.27683714,0.26426065,0.23040691
2244,2813,0.37495610,0.36119020,0.42100099
2245,2815,-2.33772707,-2.38772011,-2.19917417
2246,2816,1.28333116,1.28816378,1.33205414
2247,2817,1.07296383,1.04554701,1.08117998
2248,2818,-1.04715395,-1.12619960,-1.05631018
2249,2819,1.72813869,1.72026443,1.72816157
2250,2821,2.09701443,2.22716236,2.21094561
2251,2822,-2.03259087,-2.05810928,-1.88783336
2252,2823,1.17131281,1.14427888,1.19809580
2253,2824,1.15012324,1.14753985,1.10312903
2254,2825,1.80141425,1.81045675,1.81659877
2255,2828,2.17018080,2.23043299,2.18530917
2256,2830,0.96057558,1.01251018,0.99835396
2257,2831,-0.81515616,-0.84800380,-0.79041320
2258,2832,-1.55202174,-1.67081618,-1.72657788
2259,2833,0.97548318,0.91524458,0.95999748
2260,2834,1.32075918,1.37888885,1.34878516
2261,2835,0.27418748,0.20161138,0.23187268
2262,2836,1.93343318,1.91785526,1.93424809
2263,2837,1.99598265,1.99358058,1.99178696
2264,2838,-1.00266695,-0.96647292,-0.93374175
2265,2839,-0.19123644,-0.29627109,-0.14765620
2266,2840,1.34901941,1.35109591,1.35309207
2267,2841,-0.44446099,-0.44803935,-0.48439381
2268,2842,1.75169742,1.77454209,1.80406606
2269,2843,1.04163074,1.06558526,1.00870621
2270,2844,-0.71631259,-0.73734856,-0.63073254
2271,2845,1.59626770,1.65616691,1.66987813
2272,2846,-3.02913928,-3.08986259,-2.98043537
2273,2847,2.15147257,2.14998198,2.13289523
2274,2848,0.46616754,0.45109248,0.50030243
2275,2849,-1.51533294,-1.57945538,-1.51087153
2276,2850,0.86238271,0.87829119,0.91499239
2277,2852,0.99949342,0.92778695,0.92741472
2278,2853,2.30275464,2.29362774,2.30721784
2279,2854,-0.35721305,-0.41539067,-0.29349181
2280,2855,-2.74936914,-2.83355355,-2.70957637
2281,2856,2.93679190,2.96016288,2.91248918
2282,2857,-0.10787623,-0.11596625,-0.14369187
2283,2859,0.51544625,0.48581940,0.53643245
2284,2860,-0.43267298,-0.40334529,-0.42833415
2285,2861,-0.43662041,-0.46241015,-0.43198147
2286,2863,1.91656458,1.90207434,1.88502944
2287,2866,-3.55492568,-3.64412260,-3.52894402
2288,2868,-0.50668561,-0.49430150,-0.40712860
2289,2869,1.62677956,1.63418293,1.61810887
2290,2870,-0.81831008,-0.92748195,-0.93257445
2291,2871,1.02473164,1.03491855,1.00849271
2292,2872,-2.72218823,-2.79853296,-2.78713155
2293,2873,-1.25825071,-1.27487230,-1.22419834
2294,2874,-0.37921268,-0.47315246,-0.42431679
2295,2875,2.20823050,2.21857357,2.22481084
2296,2877,0.14129961,0.15482350,0.19960344
2297,2878,-0.71947485,-0.72368222,-0.59087008
2298,2879,1.64208436,1.59142935,1.62871706
2299,2880,-1.49775088,-1.38285708,-1.39782834
2300,2881,2.16198158,2.21844196,2.24057651
2301,2883,1.63369322,1.67340934,1.67062986
2302,2884,1.53892219,1.51588345,1.52211213
2303,2885,0.19822863,0.24853426,0.24826121
2304,2887,0.72468042,0.74574989,0.75370973
2305,2889,-2.47349691,-2.57165670,-2.43202043
2306,2891,-0.12591276,-0.08623151,-0.07523199
2307,2892,1.80095172,1.81946194,1.76852238
2308,2894,2.36051345,2.43458176,2.36509633
2309,2895,-2.08456302,-2.09305596,-2.03995252
2310,2896,-0.55366451,-0.54128605,-0.49867263
2311,2897,1.10976720,1.16444778,1.16137636
2312,2898,-1.04075301,-1.03801155,-1.02224088
2313,2899,2.91631269,2.97037482,2.92241216
2314,2900,-1.41267300,-1.42133367,-1.37078381
2315,2901,1.47762895,1.40982199,1.40897214
2316,2902,1.49234009,1.50275528,1.48073304
2317,2903,1.65874290,1.68792856,1.68889403
2318,2904,1.43336225,1.53077495,1.52803016
2319,2908,-2.50325537,-2.59829688,-2.53109384
2320,2909,0.88371521,0.87762827,0.90521723
2321,2910,1.58765030,1.59670687,1.56574678
2322,2911,0.98033214,0.94212085,0.98254514
2323,2912,0.23201117,0.21432492,0.20206968
2324,2913,-0.04344224,-0.16888960,-0.12944022
2325,2914,-0.60751927,-0.73156810,-0.60430139
2326,2915,1.80583382,1.90454817,1.87039685
2327,2916,0.12334078,0.12652700,0.10001116
2328,2917,-0.71268052,-0.76807445,-0.70102143
2329,2918,1.56296027,1.61636841,1.63052475
2330,2919,0.08138873,0.11501269,0.12378296
2331,2920,2.01346922,2.01982594,1.97349930
2332,2921,0.52840734,0.48370373,0.53854972
2333,2922,-0.67346102,-0.61335468,-0.57456535
2334,2923,2.85146332,2.88060474,2.84633231
2335,2924,1.36504436,1.31919765,1.35905433
2336,2926,0.08493745,0.05358085,0.07995658
2337,2927,2.02972627,2.04462743,2.06475234
2338,2929,-1.89400995,-1.96417093,-1.86489046
2339,2930,1.88956761,1.87072659,1.95149124
2340,2931,-2.93120766,-2.92535639,-2.84706283
2341,2932,0.34299469,0.35482091,0.35865778
2342,2933,-0.20116201,-0.17579783,-0.14297161
2343,2934,-1.37196660,-1.41815138,-1.28867996
2344,2935,1.66416097,1.68802953,1.65909457
2345,2936,-0.78647834,-0.79572338,-0.77043766
2346,2938,1.18025446,1.19674242,1.22282720
2347,2939,-1.21644378,-1.20851207,-1.12726247
2348,2940,-2.39790583,-2.43709469,-2.48334527
2349,2941,2.53005505,2.51673937,2.54290652
2350,2942,0.20628396,0.15844858,0.14524549
2351,2943,0.28491831,0.26110375,0.27726299
2352,2944,-1.53424478,-1.51906562,-1.49035704
2353,2945,0.99413711,0.97890061,0.95556706
2354,2947,-0.47497886,-0.36980671,-0.39308566
2355,2949,1.96431923,2.00038218,2.02379370
2356,2950,-1.97396255,-1.96427608,-1.96579683
2357,2951,-0.90658134,-0.82742482,-0.81062275
2358,2952,1.21392250,1.22694373,1.21063423
2359,2953,1.66371357,1.68057191,1.72798276
2360,2954,1.13828909,1.20321739,1.18586981
2361,2956,0.47866926,0.40020609,0.43262461
2362,2957,0.78847760,0.84535342,0.85388488
2363,2958,-0.58729732,-0.45444626,-0.44498613
2364,2959,2.62975693,2.69845963,2.68502474
2365,2960,-0.73858815,-0.72438586,-0.81579942
2366,2961,-1.26264346,-1.23161077,-1.19467473
2367,2962,1.73778629,1.77925968,1.76636124
2368,2963,-4.83690834,-4.90459490,-4.80546618
2369,2964,1.25238442,1.23046541,1.33579862
2370,2965,-1.60737610,-1.58690584,-1.50867677
2371,2966,-2.63747692,-2.76792216,-2.68945026
2372,2967,-0.07101799,-0.09223258,-0.05442677
2373,2968,-0.06643859,-0.10064885,-0.00443546
2374,2969,1.63521051,1.67497516,1.62825966
2375,2970,1.54946280,1.56442666,1.58889484
2376,2971,-0.28659201,-0.32357955,-0.30884546
2377,2976,0.64396006,0.63312197,0.66393644
2378,2978,0.79094148,0.75914901,0.76085073
2379,2979,0.57050204,0.50129038,0.53983653
2380,2980,-1.98880100,-2.04377866,-2.02241707
2381,2981,-4.39505434,-4.35583448,-4.28458548
2382,2984,-0.98730546,-0.96180087,-0.95145780
2383,2985,-0.11336561,-0.08511849,-0.10177807
2384,2987,-2.29946613,-2.35980678,-2.26648951
2385,2989,-0.50554740,-0.49563509,-0.43633541
2386,2990,1.32267427,1.31067777,1.29003561
2387,2991,0.36607054,0.29636669,0.33111575
2388,2992,-2.21037936,-2.25020957,-2.17017412
2389,2993,-3.08869123,-3.15160942,-3.10041547
2390,2994,0.78084230,0.73918205,0.79625946
2391,2995,1.10400140,1.12350953,1.19319379
2392,2996,-0.78806442,-0.83932120,-0.79937774
2393,2997,-0.49285436,-0.50791341,-0.41920498
2394,2998,0.33758759,0.36215961,0.39840415
2395,3001,1.49002028,1.50656581,1.54596329
2396,3002,1.65634823,1.69532132,1.67142546
2397,3003,2.32014155,2.35353518,2.39271760
2398,3004,1.06323731,1.08923769,1.11336660
2399,3005,1.90912127,1.92127800,1.89789808
2400,3006,-0.39854032,-0.45834595,-0.43310961
2401,3007,1.11462533,1.14937127,1.15987504
2402,3008,-0.21040842,-0.25099283,-0.23976275
2403,3009,-0.55633348,-0.61811429,-0.49500772
2404,3010,2.40503740,2.37275314,2.38794422
2405,3011,0.38566148,0.32720625,0.38090202
2406,3013,-2.24280262,-2.28018808,-2.23192000
2407,3014,0.81031114,0.81740016,0.89754373
2408,3015,-0.47414625,-0.43494308,-0.40717104
2409,3016,1.38044775,1.39887893,1.42690623
2410,3017,-3.45829415,-3.50500298,-3.51151228
2411,3018,-0.76355767,-0.81295401,-0.73895437
2412,3020,0.55449927,0.41784698,0.51034218
2413,3021,-1.76977694,-1.82758796,-1.74822581
2414,3022,0.12102970,0.13647896,0.09650089
2415,3023,1.45403981,1.46846974,1.45976222
2416,3024,-1.75042272,-1.82437158,-1.76614285
2417,3026,-0.67814779,-0.68173575,-0.68804312
2418,3027,1.95069838,1.93165994,1.97067535
2419,3028,0.99901026,1.04479265,1.03461850
2420,3029,0.36367074,0.38422275,0.37399280
2421,3030,0.91504198,0.93024731,0.90305966
2422,3032,1.96097910,2.00167799,1.98301625
2423,3033,1.09638214,1.13736343,1.06317544
2424,3034,-1.36637032,-1.40158439,-1.27151501
2425,3035,1.41636121,1.45121646,1.43992162
2426,3036,-2.02576661,-2.00052428,-1.98618162
2427,3037,1.31865835,1.34847260,1.37616014
2428,3038,0.54211372,0.47139674,0.46976236
2429,3039,1.78924644,1.93000162,1.87876332
2430,3040,0.73837173,0.75066417,0.73457724
2431,3041,1.12249994,1.10954905,1.13662696
2432,3042,2.48352385,2.50319767,2.49063730
2433,3043,0.35819498,0.32954717,0.30939144
2434,3044,1.74876690,1.75455964,1.75828218
2435,3045,-0.43431729,-0.45039827,-0.36288628
2436,3046,-2.06847429,-2.16697097,-2.10407424
2437,3047,0.91641420,0.93443507,0.92187554
2438,3049,0.33360127,0.37307185,0.40558109
2439,3050,1.02566743,1.09023499,1.08090806
2440,3052,1.20710731,1.26289284,1.19340849
2441,3053,0.55031759,0.53049546,0.52923340
2442,3054,2.02477145,2.03490448,2.04527783
2443,3056,0.54755753,0.57192266,0.53309178
2444,3057,1.02826893,1.03640318,1.12385404
2445,3058,1.89914811,1.92488551,1.90118396
2446,3059,-0.14548150,-0.14729084,-0.15059796
2447,3060,2.47402334,2.49703979,2.47108507
2448,3061,1.27996659,1.27948248,1.25664973
2449,3062,-4.66042280,-4.68553925,-4.69013119
2450,3065,-0.78051704,-0.82608193,-0.76813173
2451,3066,-1.79355884,-1.74802637,-1.68236494
2452,3067,0.19895858,0.19320884,0.22302681
2453,3068,0.56404632,0.48484480,0.48369852
2454,3069,-0.25326574,-0.29737127,-0.29569569
2455,3072,-1.00390029,-1.01404119,-0.98411888
2456,3073,2.67673087,2.72667885,2.63822532
2457,3074,-0.16765195,-0.14212482,-0.14720780
2458,3075,0.59375864,0.60522300,0.65477747
2459,3076,2.08240771,2.13416815,2.09438491
2460,3077,-1.11445951,-1.11529899,-1.06416273
2461,3079,1.32936203,1.29524291,1.30224288
2462,3080,1.47409582,1.45772696,1.51246369
2463,3081,0.16335517,0.17953362,0.16789922
2464,3082,-0.28842682,-0.36446285,-0.27708238
2465,3085,-1.46764886,-1.56764257,-1.50675929
2466,3086,-2.12536573,-2.09204435,-2.03790355
2467,3087,1.81152701,1.85669088,1.90781343
2468,3089,-2.11292028,-2.11815643,-2.06554127
2469,3090,0.41560620,0.45396072,0.49778882
2470,3091,1.42517614,1.43237090,1.40214396
2471,3092,-0.61985540,-0.63429695,-0.62625945
2472,3093,0.23454100,0.23204376,0.19768053
2473,3094,2.12256742,2.10363626,2.13936400
2474,3095,-2.25954390,-2.35641289,-2.33204055
2475,3097,1.42391562,1.41019106,1.43958819
2476,3098,0.55163264,0.59687632,0.53539908
2477,3099,1.87631702,1.94875336,1.95253170
2478,3102,2.06913590,2.14013267,2.09852839
2479,3103,1.63465667,1.64336920,1.70520222
2480,3104,1.48661315,1.44334185,1.46910679
2481,3106,0.81320471,0.80108607,0.83341157
2482,3107,1.77571011,1.79440439,1.78016841
2483,3108,0.65843904,0.64301115,0.69133848
2484,3109,1.92531121,1.95778310,1.94158423
2485,3110,-4.07873869,-4.22722864,-3.98682237
2486,3111,2.26258588,2.17591715,2.13969326
2487,3114,-1.16380525,-1.27879369,-1.18868291
2488,3116,0.27438205,0.25443688,0.26340842
2489,3117,-3.12641501,-3.26701880,-3.18398643
2490,3118,-0.67733449,-0.68898219,-0.63047618
2491,3120,0.68331927,0.66661280,0.70279568
2492,3122,1.50488496,1.53095877,1.49326813
2493,3124,-0.61934710,-0.67772013,-0.68190891
2494,3125,2.13479543,2.13690782,2.11563039
2495,3126,2.17574310,2.15527916,2.12199497
2496,3127,2.32027626,2.35502625,2.30878162
2497,3128,0.74513930,0.79158151,0.77367121
2498,3129,-0.29832369,-0.38915288,-0.31528708
2499,3130,1.43359816,1.43584979,1.44475174
2500,3131,-0.14155006,-0.11825697,-0.08781090
2501,3132,-0.26807040,-0.27364337,-0.28211170
2502,3133,1.82707977,1.85829902,1.85878742
2503,3135,1.11837983,1.09425521,1.10151982
2504,3136,1.43405223,1.49948609,1.42565084
2505,3138,-0.78650510,-0.85458237,-0.84810454
2506,3139,-0.64450914,-0.63122416,-0.64655334
2507,3140,2.28578377,2.32885528,2.30773997
2508,3142,-2.64157534,-2.77556467,-2.67025781
2509,3143,0.87741160,0.93714678,0.87397075
2510,3144,-0.85637349,-0.91793925,-0.82244676
2511,3145,2.59128428,2.63538313,2.61014533
2512,3146,-0.38462728,-0.44523376,-0.37988877
2513,3147,-1.86799955,-1.88267350,-1.85369384
2514,3148,-0.80254620,-0.81570196,-0.82699162
2515,3149,1.57900763,1.56855762,1.57308996
2516,3150,-1.49509227,-1.55350828,-1.47852457
2517,3151,1.01262259,0.98135471,0.96497399
2518,3153,-1.62899733,-1.63178825,-1.58965087
2519,3154,0.60094112,0.57411498,0.67466164
2520,3155,0.95997554,0.91866100,0.91361248
2521,3156,0.80301207,0.89164603,0.84901386
2522,3157,-2.60204244,-2.53117824,-2.50263882
2523,3159,-0.94962353,-1.00223982,-0.95292217
2524,3160,0.65155894,0.61234117,0.63634700
2525,3162,-0.69465661,-0.72307283,-0.61534202
2526,3163,0.92157066,0.93378407,0.91326946
2527,3164,1.40265501,1.42684782,1.41067576
2528,3165,2.14127326,2.13439488,2.10275865
2529,3166,0.58700728,0.59303755,0.54084766
2530,3167,0.96937943,0.96056795,0.89027590
2531,3168,2.28518105,2.32569003,2.31416702
2532,3169,1.79929686,1.81391168,1.79072964
2533,3170,-1.66193974,-1.74256659,-1.65307009
2534,3171,-1.03726339,-1.03615236,-0.96887130
2535,3172,1.12132728,1.14362419,1.11048377
2536,3173,2.50672579,2.49515963,2.52083278
2537,3174,2.33992839,2.33177280,2.30076075
2538,3175,0.57044542,0.52752078,0.45278248
2539,3177,0.55862761,0.56984961,0.58999091
2540,3178,1.27675390,1.30052745,1.30982029
2541,3179,1.10113835,1.11342037,1.14740825
2542,3180,1.65039134,1.73968935,1.68155193
2543,3181,1.64801407,1.63028729,1.64019823
2544,3182,-2.08026314,-2.05386019,-1.94921267
2545,3184,2.24513960,2.21705985,2.21382022
2546,3185,-0.48444372,-0.47537714,-0.36740109
2547,3186,0.88751441,0.92139834,0.81047839
2548,3187,-1.16001844,-1.27545714,-1.17625225
2549,3188,-1.86181593,-1.82623601,-1.83796251
2550,3189,-0.72238147,-0.75344181,-0.74364412
2551,3191,-1.70008337,-1.78977442,-1.71653712
2552,3192,-1.50827146,-1.52608395,-1.47316277
2553,3194,1.40800822,1.41284668,1.42191851
2554,3195,1.22267866,1.22619188,1.23910856
2555,3196,-2.40306044,-2.42562890,-2.27869034
2556,3197,-2.15687990,-2.17909789,-2.16228437
2557,3198,-0.02061190,-0.00657885,0.04127135
2558,3199,1.51033080,1.57698703,1.50465679
2559,3200,1.16280198,1.21475351,1.24102294
2560,3203,1.84436822,1.89161003,1.83417439
2561,3204,2.12710118,2.17646956,2.13617754
2562,3205,0.85327470,0.83556193,0.88175553
2563,3206,1.86471534,1.84683728,1.84427321
2564,3207,1.00190246,0.98651069,1.06519759
2565,3209,-0.49422032,-0.58624095,-0.47725019
2566,3211,0.12529436,0.13229516,0.16548806
2567,3212,-2.17132235,-2.27360630,-2.21402121
2568,3213,-0.46701372,-0.46731842,-0.42763671
2569,3215,-1.90153170,-1.96619654,-1.89786708
2570,3216,0.45750579,0.44186556,0.42631388
2571,3217,-1.32957578,-1.39825130,-1.33249819
2572,3219,1.48681378,1.49668169,1.50171149
2573,3220,1.70139241,1.71244824,1.69824946
2574,3222,1.17840433,1.17398858,1.21231985
2575,3223,-2.23714018,-2.26717186,-2.21980023
2576,3224,1.53992176,1.53916430,1.61452198
2577,3225,-2.69737673,-2.72402501,-2.75170922
2578,3226,1.13934946,1.21517682,1.15289152
2579,3228,0.02661898,-0.06631477,-0.02258776
2580,3229,-2.38093948,-2.41439748,-2.35323572
2581,3230,-0.89444309,-0.86200923,-0.83344835
2582,3232,0.23646304,0.34040457,0.24071756
2583,3233,-2.96608949,-3.04232907,-2.95008659
2584,3234,1.72773194,1.78256750,1.73340976
2585,3235,1.77222967,1.76242483,1.81529844
2586,3236,-4.04547453,-4.11219788,-4.00900173
2587,3237,2.05604243,2.01580167,1.96702039
2588,3238,-2.08941817,-2.05936933,-1.98173869
2589,3239,-3.87081981,-3.95903254,-3.80233884
2590,3240,0.71383893,0.69780171,0.75571567
2591,3243,-1.13671303,-1.19168878,-1.18264782
2592,3244,-1.49213052,-1.47211313,-1.40927708
2593,3245,-1.97620940,-2.05727053,-1.98056829
2594,3246,2.04696321,2.10906601,2.06180024
2595,3247,1.44322705,1.46490192,1.47118115
2596,3249,-0.94728500,-0.93374628,-0.87813759
2597,3251,-2.54909229,-2.57753134,-2.52700949
2598,3252,-0.89217687,-0.97418982,-0.90052426
2599,3253,0.92203313,0.90019310,0.90607595
2600,3254,1.78556132,1.81379044,1.86356270
2601,3255,-2.11330676,-2.11379004,-2.10850883
2602,3256,0.38343561,0.35587668,0.41019461
2603,3257,-1.47778511,-1.50607276,-1.49795127
2604,3258,0.84943634,0.87413132,0.91609925
2605,3259,0.23456708,0.21651025,0.26589495
2606,3261,1.31812775,1.33348513,1.33053124
2607,3263,-0.55969334,-0.59661406,-0.56734151
2608,3265,0.27931944,0.28750026,0.31040084
2609,3266,1.44230652,1.45698130,1.47241807
2610,3267,-1.78995728,-1.76616240,-1.74881804
2611,3268,-0.08359788,-0.08797802,-0.06206063
2612,3269,0.09768011,0.05268991,0.04609852
2613,3271,-1.36975551,-1.48631859,-1.31681740
2614,3272,-2.60480332,-2.76347518,-2.63624978
2615,3273,2.17877817,2.16709518,2.22254205
2616,3274,1.78470063,1.73542857,1.81284940
2617,3276,1.39467549,1.44820702,1.37420452
2618,3278,-1.14635611,-1.07380843,-1.11500347
2619,3279,2.64119196,2.67588067,2.64870548
2620,3280,0.64300537,0.73456961,0.73245066
2621,3281,2.75801063,2.70796442,2.72134399
2622,3282,-0.05649058,-0.08184169,-0.13252577
2623,3283,0.45987779,0.43186837,0.37720910
2624,3284,1.03010356,1.06065118,1.10946262
2625,3285,-1.78490651,-1.76301050,-1.69374597
2626,3287,0.81870109,0.77594823,0.75646132
2627,3288,0.13497585,0.12979311,0.01780152
2628,3289,-0.80082852,-0.74283558,-0.79823136
2629,3291,1.23591590,1.26816487,1.29511118
2630,3292,-0.68670326,-0.69650280,-0.62155765
2631,3294,0.78184724,0.76123637,0.74651355
2632,3295,-3.16506481,-3.19259143,-3.11060333
2633,3298,-0.48100692,-0.56798309,-0.49211183
2634,3299,-1.07891679,-1.10669410,-1.05103409
2635,3300,2.06144381,2.04203010,2.04166603
2636,3301,1.61448193,1.63178039,1.64525115
2637,3302,1.62233055,1.63829041,1.69963539
2638,3304,0.75126749,0.79399270,0.68058258
2639,3305,2.63819695,2.59870005,2.62092185
2640,3306,0.87965053,0.98356766,1.00866318
2641,3307,1.03413355,1.03837240,0.97225815
2642,3308,-0.34827965,-0.34723932,-0.29537842
2643,3309,0.53846955,0.57302558,0.52771664
2644,3310,-0.74967057,-0.71546721,-0.69301337
2645,3311,0.32777306,0.39134997,0.37361524
2646,3312,-0.36987942,-0.36316299,-0.26908967
2647,3313,-2.41578221,-2.46510553,-2.47428989
2648,3314,2.16151905,2.12925005,2.10957122
2649,3315,-0.08503377,-0.09344627,-0.02130356
2650,3317,2.49740505,2.52483106,2.54779673
2651,3318,1.75799191,1.78611827,1.76235640
2652,3319,-0.68595731,-0.69472533,-0.71420968
2653,3320,1.48715234,1.40693831,1.40614259
2654,3321,0.67973930,0.66623622,0.62836534
2655,3322,-0.26036382,-0.17514749,-0.19999152
2656,3323,0.86840290,0.89973980,0.99969578
2657,3324,-0.53615481,-0.58937001,-0.52061075
2658,3327,0.59943169,0.59939307,0.68749619
2659,3329,1.31910920,1.38440061,1.34258950
2660,3330,-1.64440799,-1.60742974,-1.59599090
2661,3331,2.26523876,2.31914663,2.28447747
2662,3332,0.38070968,0.40782195,0.41340858
2663,3334,0.99055380,0.97305882,1.05679822
2664,3335,0.09004235,0.05847192,0.05940830
2665,3336,0.06096018,0.04029542,0.07251970
2666,3338,1.33564258,1.32137477,1.41457689
2667,3339,2.13184714,2.19018769,2.14728522
2668,3340,0.22090131,0.16765586,0.22881049
2669,3341,2.67629433,2.80535054,2.73768520
2670,3343,1.00191498,1.00383925,0.98104972
2671,3344,2.85886240,2.88444376,2.84346604
2672,3345,1.22491467,1.21131444,1.22926617
2673,3346,1.24935508,1.24065006,1.24736905
2674,3347,0.72385454,0.75934166,0.72024673
2675,3348,-1.18571663,-1.11566722,-1.21143138
2676,3349,-5.93341017,-6.05009794,-5.97645903
2677,3350,1.22090673,1.23266530,1.22972775
2678,3351,1.96235812,1.99963975,2.03504801
2679,3352,0.69427907,0.72514272,0.69502622
2680,3355,1.98563373,1.96044636,1.93851829
2681,3356,-2.14714837,-2.25900412,-2.25029874
2682,3357,2.25657129,2.27555037,2.26723337
2683,3358,1.08563232,1.07708704,1.08207870
2684,3359,-0.33834612,-0.32794750,-0.22715273
2685,3361,2.03506613,2.02221727,2.06870723
2686,3362,0.93366629,0.97849625,0.97220623
2687,3363,2.31304932,2.35400796,2.34390020
2688,3365,0.00936922,-0.01606072,0.15234649
2689,3366,-0.66899478,-0.69629198,-0.59394556
2690,3367,0.87569559,0.86643845,0.86192787
2691,3368,0.59645504,0.58690256,0.68544990
2692,3369,-4.37355328,-4.38218546,-4.39401627
2693,3370,-6.21750307,-6.26369095,-6.23464251
2694,3371,1.60844088,1.60250986,1.66539872
2695,3372,2.30241680,2.35067844,2.31264377
2696,3373,0.01999488,0.08228724,0.11213767
2697,3374,1.06849766,1.09531176,1.07242453
2698,3375,-2.13913512,-2.24576640,-2.20722651
2699,3376,1.39066863,1.40099633,1.37814260
2700,3378,0.71474206,0.70335066,0.65668190
2701,3379,1.21032357,1.21982884,1.20195198
2702,3380,0.06156724,0.04073291,0.12334951
2703,3381,-4.84869528,-4.91519737,-4.83603525
2704,3382,0.89569789,0.88900477,0.91161376
2705,3383,-0.96740133,-0.91847914,-0.89047498
2706,3385,-2.56618738,-2.58533001,-2.60436082
2707,3386,-2.64480734,-2.74712229,-2.72548127
2708,3389,-0.97402030,-0.94093055,-0.95462769
2709,3390,2.02900553,1.99917078,2.00944090
2710,3392,0.90655226,0.97200543,0.96666861
2711,3393,1.02474725,1.05005610,1.00870216
2712,3394,-1.59957457,-1.73212385,-1.62627399
2713,3395,-1.36530662,-1.37857008,-1.36474383
2714,3396,0.70899463,0.73985916,0.74979377
2715,3398,-3.79627752,-3.83800602,-3.84104800
2716,3400,0.24479744,0.28674442,0.37935564
2717,3401,-2.13295174,-2.23163509,-2.14457011
2718,3403,1.87929857,1.90281248,1.81098306
2719,3404,-0.56067050,-0.61178106,-0.52813524
2720,3405,0.96432465,0.97889990,0.88264102
2721,3406,1.11475778,1.09281099,1.10217404
2722,3407,2.98278189,3.03183508,3.00280356
2723,3408,-1.75803638,-1.81459022,-1.69954598
2724,3411,1.38326728,1.38210034,1.39149022
2725,3412,-2.27882719,-2.23660135,-2.22361779
2726,3413,-0.18711454,-0.12596567,-0.21617082
2727,3414,0.07696266,0.03038400,0.07511409
2728,3415,-1.16434813,-1.23290992,-1.18750286
2729,3416,-1.06417418,-1.03547823,-0.98109502
2730,3417,-0.25051385,-0.21405061,-0.15075663
2731,3418,1.38569891,1.34853613,1.37051713
2732,3419,0.32716823,0.29471099,0.27970365
2733,3420,0.18644163,0.07358541,0.23312098
2734,3421,2.69449210,2.69748855,2.73758674
2735,3422,-2.02359128,-2.02182961,-1.95300686
2736,3423,-0.87972772,-0.89582688,-0.81952500
2737,3424,1.21184599,1.31390119,1.35488343
2738,3425,-4.07717848,-4.29727077,-4.23198366
2739,3426,1.55073738,1.52878129,1.52001965
2740,3427,0.43830049,0.42027551,0.42734721
2741,3428,-3.22199869,-3.29105997,-3.16662860
2742,3431,1.02926171,1.13172078,1.05080152
2743,3432,0.87932765,0.83272213,0.88133103
2744,3433,-0.52020347,-0.50814718,-0.53648311
2745,3434,1.44038618,1.49616122,1.46058786
2746,3435,2.35499859,2.34255791,2.36765718
2747,3436,1.06289423,1.01996136,1.07566226
2748,3438,-2.11219168,-2.14479923,-2.18717933
2749,3439,-1.03272736,-1.01894403,-0.98020965
2750,3440,-1.89198136,-1.79130566,-1.78611171
2751,3441,1.13685417,1.11041033,1.14092016
2752,3443,-0.62500948,-0.62035340,-0.55110550
2753,3444,0.75693983,0.81060797,0.80213934
2754,3445,2.14160585,2.17161298,2.14972997
2755,3446,-0.24126700,-0.21556367,-0.22967124
2756,3447,0.12373482,0.10242151,0.16652972
2757,3449,-1.74077296,-1.80103946,-1.77429509
2758,3450,-2.06427646,-2.08802795,-2.04701138
2759,3452,0.20721680,0.17320406,0.19032064
2760,3454,-1.57545626,-1.66981721,-1.60253584
2761,3455,-0.14537472,-0.05333622,-0.07573795
2762,3458,-2.95411491,-2.99078417,-2.90519762
2763,3459,2.55273628,2.53752422,2.53975153
2764,3460,-0.33994842,-0.29770470,-0.24750492
2765,3461,1.71894217,1.75008678,1.81796920
2766,3462,-1.06093657,-1.10800648,-1.05513382
2767,3463,0.72059494,0.71595383,0.72056067
2768,3464,-0.81591594,-0.76313716,-0.77323973
2769,3465,-0.27968180,-0.27832872,-0.25048882
2770,3466,2.61482620,2.59072208,2.57315254
2771,3467,0.08327355,0.07214852,0.10808010
2772,3468,0.81397140,0.79851490,0.76214033
2773,3469,-4.99170256,-4.88664293,-4.97893000
2774,3470,-2.81600189,-2.97816181,-2.83824229
2775,3471,-2.44857287,-2.54247761,-2.48124814
2776,3472,0.74558514,0.74264079,0.68356782
2777,3473,-0.98722380,-1.01572061,-0.98294014
2778,3474,0.65595692,0.62161577,0.66405708
2779,3475,-0.79380018,-0.82635313,-0.77626806
2780,3476,3.02834916,3.01896429,3.00925040
2781,3477,0.03855541,0.06968622,0.05893702
2782,3478,0.06048975,0.03769536,0.06644592
2783,3479,1.38380027,1.41924393,1.41189861
2784,3480,-1.01784539,-1.00166643,-1.03464377
2785,3481,-4.44293737,-4.57747841,-4.51448965
2786,3482,-0.62173039,-0.59671050,-0.58259171
2787,3483,0.57053936,0.61865181,0.58585918
2788,3484,2.23591042,2.31532335,2.27228570
2789,3485,-0.43584639,-0.41376531,-0.39486313
2790,3486,-0.26465702,-0.27829880,-0.20131847
2791,3488,1.31745648,1.34720588,1.29735029
2792,3489,-0.15984228,-0.18458347,-0.12225776
2793,3490,1.05807340,1.07775450,1.10253572
2794,3492,0.62778127,0.62080991,0.66081089
2795,3493,0.93376708,0.95187581,0.96774799
2796,3494,0.59353763,0.58743060,0.61385614
2797,3495,2.31936574,2.37757015,2.36516237
2798,3496,1.28567016,1.30430675,1.30373967
2799,3497,0.55092549,0.55995369,0.54621822
2800,3498,-0.86375695,-0.86659533,-0.77715254
2801,3499,-2.63190317,-2.70158434,-2.63922858
2802,3500,1.63491058,1.65448380,1.63091028
2803,3501,-0.72191024,-0.79221171,-0.67427224
2804,3502,-0.04213239,-0.07432081,-0.09528445
2805,3503,2.06432724,2.12164903,2.02294111
2806,3504,1.79456210,1.82828557,1.79255140
2807,3505,0.57627076,0.57892978,0.56117368
2808,3506,-0.46201277,-0.45829237,-0.47925273
2809,3507,-0.81556362,-0.80780691,-0.78338695
2810,3508,-0.39113563,-0.37467712,-0.37450948
2811,3509,1.51233482,1.54393363,1.53570306
2812,3510,-0.33514333,-0.33427984,-0.23919651
2813,3511,-3.12381172,-3.21217299,-3.16956663
2814,3512,-1.71855390,-1.76029646,-1.79618466
2815,3513,-1.49655724,-1.53507304,-1.44394922
2816,3514,0.91716892,0.92423284,0.96065706
2817,3515,-1.27520108,-1.28461456,-1.23684824
2818,3516,2.60479832,2.62989902,2.58770990
2819,3517,-1.08669448,-1.15201735,-1.04811239
2820,3519,1.55329514,1.58219862,1.57671225
2821,3521,-0.63716352,-0.66300833,-0.64257008
2822,3522,1.58564782,1.57457912,1.61236632
2823,3523,-0.34498346,-0.39918709,-0.31919780
2824,3524,-1.36846924,-1.39964604,-1.29075181
2825,3525,-1.92044950,-2.13998818,-2.05524349
2826,3526,-6.41749525,-6.62492943,-6.56523943
2827,3527,0.64444667,0.68841571,0.66901642
2828,3528,-1.10971785,-1.11501837,-1.07561159
2829,3529,2.19051027,2.22594357,2.26404333
2830,3530,-2.88508868,-2.93913603,-2.88647008
2831,3531,-2.39948893,-2.52371073,-2.41843104
2832,3532,1.26736379,1.28676903,1.25458181
2833,3533,2.84892130,2.83486724,2.82061696
2834,3534,-0.37400413,-0.36405313,-0.33691683
2835,3535,1.43764615,1.43006098,1.42259991
2836,3537,-0.45234525,-0.47685021,-0.39856377
2837,3538,2.59366345,2.60202336,2.59807181
2838,3540,1.94181311,1.81064212,1.87498879
2839,3541,2.29225826,2.29407477,2.33048248
2840,3542,1.83030176,1.83730626,1.82142496
2841,3543,0.42329702,0.44739962,0.50472236
2842,3544,2.51726580,2.47375345,2.47554326
2843,3547,1.87047601,1.89943147,1.86622405
2844,3549,2.08726907,2.09825063,2.07601523
2845,3550,-0.06501623,-0.06429003,-0.07627047
2846,3553,1.16515756,1.17693055,1.10647559
2847,3555,-1.86108470,-1.87241352,-1.80827367
2848,3557,-1.60028815,-1.60695016,-1.58788311
2849,3558,1.37990165,1.36496639,1.42159402
2850,3559,1.80228662,1.80475092,1.74581027
2851,3560,-0.18023133,-0.22707273,-0.16532943
2852,3561,-2.20178318,-2.31262755,-2.25861382
2853,3562,1.73989391,1.78132117,1.82048202
2854,3563,1.42830753,1.44692707,1.45626044
2855,3564,2.19934011,2.15992856,2.22101903
2856,3565,1.25715852,1.22351456,1.25650346
2857,3566,1.86826348,1.88868821,1.90696323
2858,3567,-1.12294614,-1.19921315,-1.17137897
2859,3568,2.55349493,2.60492635,2.60800958
2860,3569,1.91175628,1.92994285,1.86566889
2861,3570,0.29426938,0.39274567,0.27659547
2862,3571,-2.60088873,-2.60059500,-2.58564329
2863,3572,0.17219745,0.20193106,0.23226294
2864,3573,1.79701781,1.79660821,1.77441549
2865,3574,0.68563777,0.72361296,0.70763308
2866,3575,1.14924228,1.13415182,1.18693054
2867,3576,-0.16300204,-0.14992514,-0.13615447
2868,3577,1.45473170,1.53328311,1.49513376
2869,3578,1.58276308,1.59287584,1.55018675
2870,3580,2.70198131,2.75350761,2.72976756
2871,3581,-0.54871255,-0.51810163,-0.57770979
2872,3582,0.60708648,0.59725940,0.61330050
2873,3583,0.67314363,0.72295696,0.67224294
2874,3584,-2.14096212,-2.18996739,-2.13527465
2875,3585,0.68187934,0.69917399,0.72146493
2876,3586,0.92175454,0.90514296,0.93780392
2877,3587,-0.35794723,-0.37826991,-0.30525404
2878,3588,-0.48874670,-0.44248825,-0.35114673
2879,3589,1.79197896,1.81894791,1.80247176
2880,3590,1.03701854,1.03817236,1.03483999
2881,3591,1.80924177,1.80766916,1.80124629
2882,3593,0.18807280,0.14369629,0.25305328
2883,3594,-0.94265217,-0.91031963,-0.84141541
2884,3596,0.58365685,0.61431676,0.61178571
2885,3597,0.92667449,0.94840056,0.99829799
2886,3598,-3.44213104,-3.55672026,-3.54153275
2887,3599,1.65230536,1.68773699,1.70861518
2888,3600,1.30509675,1.34183002,1.34032011
2889,3601,1.98697805,1.91628146,1.99121201
2890,3603,0.96997315,1.06128597,1.05301940
2891,3605,1.12516141,1.16204894,1.17064929
2892,3606,-1.59723639,-1.58623600,-1.54187489
2893,3607,-1.16688287,-1.11258054,-1.11876094
2894,3608,2.45004678,2.45535207,2.45722342
2895,3610,-4.42512798,-4.51679420,-4.42958260
2896,3611,2.33426189,2.38701034,2.37613726
2897,3612,1.41743457,1.43793392,1.45884180
2898,3614,-3.37023711,-3.36490250,-3.33349276
2899,3615,2.79947233,2.80599022,2.85105300
2900,3616,1.06397200,0.97392553,1.02828693
2901,3617,1.50637650,1.52923965,1.55192995
2902,3618,0.04871862,0.04077759,0.09679975
2903,3620,0.94301552,0.99840808,1.03240490
2904,3622,-1.25353837,-1.33059502,-1.30982339
2905,3624,0.82500046,0.78978628,0.82226765
2906,3625,0.93976772,0.92196143,0.87406719
2907,3627,1.84302640,1.79823506,1.76799071
2908,3628,-1.26094675,-1.23007977,-1.16692996
2909,3629,2.39411116,2.41378593,2.41469741
2910,3630,-0.10714797,-0.13177736,-0.12367747
2911,3631,1.01788163,1.05239809,1.02746534
2912,3632,-0.71122462,-0.67704976,-0.63410938
2913,3633,0.86644953,0.88749582,0.96226066
2914,3634,0.96148556,1.04826558,1.01308525
2915,3635,-0.79044193,-0.79795396,-0.78812909
2916,3636,1.42006385,1.40591455,1.44049227
2917,3638,1.70811653,1.69410300,1.67773163
2918,3639,-0.21962261,-0.23058404,-0.22201344
2919,3640,2.28880167,2.23964787,2.18738103
2920,3641,2.33255935,2.33390093,2.27440190
2921,3642,0.50268561,0.52294403,0.47388437
2922,3643,2.01313019,2.02403545,2.04145122
2923,3644,-3.76446795,-3.88628268,-3.76773143
2924,3645,1.86869860,1.92318630,1.88559854
2925,1034,-0.44747615,-0.39485389,-0.38841265
2926,3646,0.40614808,0.36686558,0.36318299
2927,3647,-2.85404015,-2.84924364,-2.89146566
2928,3648,-0.96220034,-1.00664496,-0.90219527
2929,3651,2.27078342,2.30414653,2.29759216
2930,3652,1.12107420,1.09911346,1.09488750
2931,3653,0.47470623,0.49218810,0.49526486
2932,3654,-3.07328272,-3.10233402,-3.00923848
2933,3655,0.40574867,0.39970154,0.42708215
2934,3657,0.45532930,0.38631153,0.44771239
2935,3658,2.38928556,2.42213154,2.42365909
2936,3659,2.40844107,2.41820145,2.40763712
2937,3660,-1.88356924,-1.87253213,-1.83547533
2938,3661,1.29525578,1.34425509,1.37634420
2939,3663,0.46866262,0.46160036,0.51193905
2940,3664,1.24989486,1.22879517,1.29754543
2941,3665,0.92576611,0.92241710,0.86907405
2942,3666,-0.24039045,-0.18908940,-0.23380902
2943,3667,-2.98701525,-3.04976439,-2.99890828
2944,3668,0.82723457,0.85474169,0.90961426
2945,3669,-1.19938993,-1.26278830,-1.27524602
2946,3670,-1.53310633,-1.56595802,-1.49869001
2947,3671,1.00111043,0.95020449,0.98869336
2948,3672,2.69346237,2.72199416,2.67078161
2949,3673,0.55302352,0.51749891,0.54423970
2950,3674,0.48839825,0.49962169,0.52357709
2951,3675,1.79718113,1.76400232,1.79819500
2952,3678,1.07779241,1.08298182,1.12109780
2953,3679,-0.44514090,-0.46879238,-0.43210688
2954,3680,-0.37742651,-0.39502287,-0.38793421
2955,3681,1.06600404,1.09054542,1.05088568
2956,3682,1.08507991,1.14022756,1.06375766
2957,3683,-4.28697491,-4.50563574,-4.36455011
2958,3684,3.03028536,3.09330034,2.97434378
2959,3685,0.43216109,0.44493532,0.51457435
2960,3687,1.70106757,1.69791019,1.78117204
2961,3690,1.79858279,1.81642652,1.77917802
2962,3691,0.01001417,0.00305670,0.06384882
2963,3692,1.18065739,1.19658613,1.21251929
2964,3693,-0.86665577,-0.85851675,-0.82635498
2965,3694,2.00155973,2.00429416,1.99538839
2966,3695,-1.51425922,-1.58086491,-1.53866720
2967,3697,2.12719011,2.09158468,2.13192868
2968,3698,2.32050371,2.33349276,2.30844784
2969,3699,1.40149772,1.38368821,1.42940116
2970,3700,-2.39744949,-2.36307335,-2.35661173
2971,3701,1.33532822,1.38328838,1.31767583
2972,3702,-2.40471983,-2.49105787,-2.40624928
2973,3703,-0.48679668,-0.46578413,-0.44845292
2974,3704,1.47319114,1.45994031,1.44187129
2975,3705,-1.33081114,-1.31891727,-1.32183290
2976,3706,0.99587876,1.02262378,1.02154970
2977,3707,1.45867813,1.44762528,1.49593318
2978,3709,0.69183350,0.71531588,0.64049238
2979,3710,0.88718712,0.88320160,0.88889784
2980,3711,-0.78349751,-0.74214268,-0.72169447
2981,3712,0.00216504,-0.03247999,-0.00476377
2982,3713,0.71164674,0.80364317,0.74394375
2983,3714,0.76119733,0.73581457,0.77279371
2984,3716,1.65421832,1.66498172,1.67190361
2985,3717,1.88995337,1.94614911,1.93189919
2986,3720,-0.60827035,-0.64288348,-0.62735862
2987,3721,0.97896081,1.00782359,0.99580497
2988,3722,-0.23281223,-0.25705534,-0.16313231
2989,3723,0.73027629,0.81562495,0.82423383
2990,3725,-2.89779711,-2.98885059,-2.90781283
2991,3726,-0.31649041,-0.35848498,-0.38716209
2992,3727,0.95656294,0.93321353,0.94954467
2993,3728,1.26791084,1.30460429,1.32743657
2994,3729,0.86101770,0.90075332,0.84562528
2995,3730,-0.42895919,-0.32539010,-0.39930063
2996,3733,0.45030272,0.51534021,0.35491380
2997,3735,-1.72959471,-1.80974627,-1.75873876
2998,3737,-0.02305379,-0.04938208,0.02647331
2999,3740,-0.12766147,-0.05291338,-0.00295037
3000,3741,-2.59524536,-2.64238453,-2.53324437
3001,3742,1.30397761,1.35861206,1.31680036
3002,3743,-1.11891472,-1.11245012,-1.07097685
3003,3745,1.43113971,1.43324316,1.41906095
3004,3746,1.72506869,1.72195077,1.70922291
3005,3747,2.48104048,2.52944326,2.46140623
3006,3748,-1.41096854,-1.40223455,-1.38420677
3007,3749,0.98836297,1.03343225,1.00606203
3008,3750,-2.13368726,-2.08538723,-2.04667687
3009,3752,1.87484407,1.90104938,1.92592144
3010,3754,0.88312620,0.88724494,0.81725639
3011,3755,-0.00921426,-0.02531599,-0.02307095
3012,3756,0.30129111,0.26484650,0.24763745
3013,3757,2.35619497,2.36975098,2.35756421
3014,3758,-1.65010452,-1.71367240,-1.57840669
3015,3760,2.91066551,2.97771263,2.96487188
3016,3761,0.66410244,0.83365858,0.78166157
3017,3762,1.44347453,1.52996874,1.51026142
3018,3763,0.64200479,0.63622642,0.66498321
3019,3765,0.24272302,0.23629136,0.27083379
3020,3766,1.38102722,1.43081164,1.40351403
3021,3768,0.59219676,0.57963425,0.59495419
3022,3769,-0.83475941,-0.83307433,-0.79606473
3023,3770,1.93334103,1.98607206,1.93179739
3024,3771,0.54354471,0.53692496,0.53232700
3025,3773,2.64365315,2.66261864,2.61236072
3026,3774,0.42222011,0.43829185,0.43368712
3027,3775,0.51785439,0.50508642,0.56742001
3028,3776,1.73195863,1.76257825,1.73701346
3029,3777,1.84739852,1.78171802,1.78011823
3030,3779,1.40573120,1.41219115,1.43265545
3031,3780,2.42299867,2.40297484,2.43010354
3032,3781,-1.40357208,-1.44378507,-1.29834235
3033,3782,-1.01494336,-1.04751074,-0.94978744
3034,3785,0.27523282,0.28128272,0.30540308
3035,3789,-1.32947934,-1.26070261,-1.24677193
3036,3791,-0.08072857,-0.03369938,0.00258652
3037,3793,0.92734647,0.98804778,0.95970660
3038,3794,-0.10936121,-0.09515174,-0.08757626
3039,3796,1.36609173,1.41366577,1.39609396
3040,3797,2.10637760,2.14369392,2.15872526
3041,3799,1.60866070,1.64991868,1.64338028
3042,3800,2.23496318,2.19721651,2.22997117
3043,3801,2.51922941,2.54106832,2.55590296
3044,3802,1.08779371,1.03316808,0.97041005
3045,3803,2.82512259,2.80128717,2.75914049
3046,3804,0.98516726,0.99317640,0.99272931
3047,3805,-0.36665791,-0.39934140,-0.33946186
3048,3806,0.30061975,0.21012822,0.28967065
3049,3807,2.27031803,2.23982120,2.31473088
3050,3810,0.44223979,0.46964020,0.55381513
3051,3812,1.41456735,1.42672241,1.39821565
3052,3813,2.19713306,2.22557664,2.27208161
3053,3814,-0.42529964,-0.43343961,-0.46029791
3054,3815,-5.65550566,-5.74987173,-5.71543646
3055,3817,1.80825293,1.80170298,1.81847775
3056,3818,2.02454257,2.06450415,2.02553630
3057,3819,0.40016627,0.48981720,0.48655841
3058,3820,-1.31931710,-1.21460533,-1.32032251
3059,3822,2.06035328,2.06028771,2.07656431
3060,3823,-1.29617047,-1.35261273,-1.27785110
3061,3824,-4.03643227,-3.99397230,-4.02306938
3062,3825,1.02545786,1.01639891,1.06870770
3063,3826,0.73268431,0.74714053,0.72613978
3064,3828,1.21502233,1.27732027,1.30183482
3065,3829,0.40724850,0.43955636,0.42889473
3066,3832,-0.24863416,-0.21151681,-0.20716855
3067,3833,0.33631852,0.27925467,0.33053321
3068,3834,0.84975839,0.88162214,0.83483487
3069,3835,1.71052706,1.78377974,1.74652362
3070,3836,0.40949646,0.37921190,0.41421983
3071,3839,1.44073772,1.44751716,1.44780266
3072,3840,-0.56771708,-0.60521126,-0.50704694
3073,3841,-0.03440100,-0.08238356,-0.03948171
3074,3842,0.18173207,0.16504875,0.21588379
3075,3843,1.58445048,1.62443841,1.58771765
3076,3844,2.72583628,2.76082039,2.69150472
3077,3845,0.34469998,0.31914562,0.36609372
3078,3846,0.38323146,0.36125082,0.44485611
3079,3847,-1.01967454,-0.99685460,-0.94906014
3080,3848,1.77130556,1.82810402,1.83766305
3081,3849,2.31635523,2.37321687,2.33071160
3082,3850,-2.37099957,-2.44068694,-2.38541150
3083,3852,1.28895235,1.28787875,1.28182566
3084,3854,-0.42777443,-0.47031122,-0.42132011
3085,3855,0.34945565,0.34118885,0.38456056
3086,3856,-1.54949582,-1.60913897,-1.64254129
3087,3857,1.73593760,1.75682008,1.75039077
3088,3858,2.19865656,2.23475647,2.24155641
3089,3859,-0.32314545,-0.29641593,-0.33031064
3090,3860,-4.49908686,-4.54835081,-4.43597746
3091,3862,-0.01823651,-0.03975065,0.07410616
3092,3863,2.12174940,2.14066195,2.10548806
3093,3864,1.17021203,1.11684799,1.17339337
3094,3867,1.05618489,1.05277562,1.07522297
3095,3868,1.24460971,1.15578163,1.24694979
3096,3869,1.49864948,1.51273286,1.53644359
3097,3871,-0.57709193,-0.44672316,-0.41439590
3098,3872,-1.84789908,-1.92478740,-1.88969493
3099,3873,2.28287745,2.30425882,2.27421165
3100,3874,-0.12178449,-0.08632062,-0.07719126
3101,3876,-2.16376305,-2.20659971,-2.18206191
3102,3878,1.58293271,1.61990976,1.65226483
3103,3879,0.14962147,0.10668094,0.10858037
3104,3880,-2.76849818,-2.83870196,-2.77880907
3105,3881,0.88771790,0.81607705,0.90571362
3106,3882,-2.01188850,-1.99654078,-1.99568355
3107,3883,0.52201158,0.55679077,0.53291517
3108,3884,-0.38019109,-0.40349746,-0.41051546
3109,3885,-1.71013224,-1.83715856,-1.74354112
3110,3886,0.65488237,0.68300623,0.74565291
3111,3887,1.73866713,1.77843583,1.75510907
3112,3889,-0.66944659,-0.64697343,-0.53776360
3113,3890,-3.15188789,-3.18191838,-3.23936844
3114,3891,2.01991534,2.05393672,2.11604452
3115,3892,0.87133741,0.85357237,0.88581431
3116,3897,-2.18055010,-2.18183279,-2.14107490
3117,3898,1.17721903,1.18466365,1.19932449
3118,3899,0.14868689,0.15587541,0.18272877
3119,3900,1.91434157,1.90260351,1.90731037
3120,3902,2.60060930,2.56652713,2.54260969
3121,3904,1.98895967,2.01721597,2.05504370
3122,3905,1.97028685,1.97858548,2.02376938
3123,3906,-5.71252966,-5.86236000,-5.74524212
3124,3907,1.56501126,1.59808016,1.64619005
3125,3909,-1.30503559,-1.25878203,-1.24032748
3126,3910,2.28937769,2.31050062,2.23848701
3127,3911,1.33433211,1.27688956,1.31387579
3128,3913,0.59538615,0.58794314,0.58049822
3129,3914,0.46069479,0.54925507,0.50400972
3130,3915,-0.65730631,-0.67870837,-0.63238907
3131,3916,-0.97983009,-0.98800629,-0.97306174
3132,3918,0.53629506,0.48301989,0.50007820
3133,3919,1.68620658,1.68339884,1.76283574
3134,3920,-0.99389225,-0.94508725,-0.93311316
3135,3922,-0.12158478,-0.16827717,-0.13759708
3136,3923,1.59838033,1.68365240,1.63295877
3137,3924,0.54968703,0.60370088,0.58410984
3138,3925,0.13192245,0.12305818,0.11203385
3139,3926,-1.88247085,-1.88777530,-1.84209144
3140,3927,-0.44036216,-0.42340815,-0.41943684
3141,3928,0.95301622,0.92748135,0.95174414
3142,3930,0.36374629,0.35156024,0.36566556
3143,3931,-2.26964331,-2.37971210,-2.25087595
3144,3932,-6.86893797,-6.82403183,-6.69490337
3145,3933,1.38779950,1.41369116,1.41328847
3146,3934,1.15725923,1.13660705,1.16782701
3147,3935,-1.05375099,-1.02063847,-0.98208278
3148,3936,0.15028659,0.12332633,0.12698409
3149,3937,0.27188179,0.26890099,0.25615424
3150,3938,-0.02185682,-0.02711926,-0.03274042
3151,3939,-2.74872828,-2.76657438,-2.64393830
3152,3942,0.16887240,0.17626546,0.22099850
3153,3944,-0.28905451,-0.27644295,-0.35533395
3154,3945,0.44133410,0.38780969,0.44541872
3155,3946,0.27898797,0.26539272,0.30841026
3156,3947,0.58942485,0.61291069,0.62178260
3157,3948,-2.48665524,-2.41505337,-2.41132522
3158,3949,0.55231768,0.55686831,0.49548891
3159,3951,-2.50585604,-2.60411286,-2.47798705
3160,3952,1.06565285,1.10091722,1.09881771
3161,3953,-0.08262601,-0.12680542,-0.07999707
3162,3954,0.58315384,0.55671400,0.61839741
3163,3955,0.90755254,0.94109076,0.88150167
3164,3956,-0.30741251,-0.27440852,-0.24752527
3165,3957,0.95547253,1.00699055,0.95855063
3166,3958,0.19395143,0.16269268,0.25034356
3167,3959,1.74841130,1.75159192,1.75227451
3168,3960,-2.74448586,-2.86311984,-2.71532750
3169,3961,1.98051250,2.01367140,2.00181913
3170,3962,1.62390316,1.65581584,1.65029967
3171,3963,2.21737695,2.27832603,2.23659539
3172,3964,1.85410476,1.91748345,1.89172304
3173,3965,0.85827607,0.82035476,0.87545961
3174,3966,0.71451408,0.74821293,0.71597117
3175,3967,1.31119204,1.31622279,1.32366312
3176,3969,2.45611525,2.46830750,2.46468663
3177,3970,0.63949472,0.64668655,0.69311994
3178,3972,-0.15760872,-0.17548744,-0.04785626
3179,3973,1.20667815,1.20015097,1.22322559
3180,3974,0.22578093,0.23079576,0.24719539
3181,3975,-1.54372931,-1.54604876,-1.51358867
3182,3976,1.55512083,1.67047369,1.64574790
3183,3977,1.85948753,1.86601222,1.87824476
3184,3978,-0.32455921,-0.33036786,-0.29193431
3185,3980,1.12386000,1.11841726,1.17647719
3186,3981,2.73594570,2.76448059,2.78386903
3187,3982,1.40437019,1.44063830,1.39432406
3188,3983,0.76123756,0.77885705,0.81003815
3189,3984,1.18452287,1.20425570,1.19539416
3190,3985,-0.91303378,-0.98744267,-0.86397630
3191,3987,0.85257256,0.85740441,0.87615961
3192,3988,-0.07797801,-0.09290417,-0.08140529
3193,3989,1.56172776,1.59975135,1.55935705
3194,3990,-2.18650341,-2.22604346,-2.23194528
3195,3991,2.50174665,2.56955528,2.52092934
3196,3992,1.31375933,1.34161544,1.36115873
3197,3993,0.80757326,0.85309881,0.84191132
3198,3994,-0.95695585,-1.00121069,-0.96640891
3199,3995,1.89012945,1.89661574,1.84492314
3200,3996,-2.97508502,-3.00239968,-2.89192414
3201,3997,1.20373726,1.22904634,1.23322272
3202,3998,0.77077609,0.84323925,0.77468985
3203,3999,2.25846004,2.25330544,2.21741056
3204,4000,-3.44438267,-3.39643025,-3.40994716
3205,4001,-1.62552154,-1.60179400,-1.63343656
3206,4002,0.87118089,0.99321944,0.93428880
3207,4003,1.19164133,1.20305109,1.18514705
3208,4004,1.99645865,1.94749641,1.99244428
3209,4005,0.69107735,0.56136537,0.62776345
3210,4006,-0.14026842,-0.10083979,-0.08745996
3211,4008,2.11460280,2.14631844,2.13992190
3212,4009,1.15509892,1.22255981,1.20818090
3213,4010,-0.05189865,-0.04930176,-0.02933957
3214,4011,1.82551169,1.88787103,1.82299733
3215,4012,1.98206151,1.97825766,2.02107763
3216,4013,1.04872286,0.99773836,1.00673485
3217,4016,-1.80812323,-1.75471997,-1.78500688
3218,4017,1.63731694,1.66012871,1.58374870
3219,4018,0.27273169,0.31813574,0.27001873
3220,4019,0.86793101,0.81818634,0.92925513
3221,4020,2.20026445,2.30774760,2.25760102
3222,4021,1.64405489,1.64395630,1.63462400
3223,4022,-1.94664621,-1.95390630,-1.89474535
3224,4023,-0.99181348,-0.96852356,-0.90384251
3225,4024,0.52055711,0.51586604,0.56133986
3226,4025,2.33931017,2.37119603,2.30913377
3227,4026,-0.21309248,-0.31721890,-0.29116869
3228,4027,2.15585089,2.18848944,2.16100502
3229,4028,-1.91339362,-1.95169044,-1.91993129
3230,4029,0.89482242,0.88832158,0.91733545
3231,4030,0.76361430,0.84483784,0.80519027
3232,4031,0.83658928,0.85752392,0.80546355
3233,4032,0.61401719,0.60413796,0.61062098
3234,4033,-1.86185598,-1.90781307,-1.79318094
3235,4034,-0.14715272,-0.15938111,-0.09228291
3236,4035,1.94983959,1.98008871,1.96007383
3237,4036,1.75221682,1.79163277,1.80538082
3238,4037,0.53477508,0.49986154,0.54078346
3239,4038,1.40932488,1.45012617,1.44742203
3240,4039,1.47388530,1.50589156,1.48685169
3241,4040,-2.27943420,-2.25704241,-2.25686955
3242,4041,-0.92043585,-0.92672366,-0.93798107
3243,4042,0.04398263,-0.01346161,0.02226723
3244,4043,2.09047031,2.09934425,2.09592605
3245,4044,-0.14618066,-0.15570539,-0.10376582
3246,4045,-1.57425690,-1.56206918,-1.56368458
3247,4046,0.07470461,-0.01889570,-0.01606661
3248,4048,1.31332541,1.38431358,1.32837117
3249,4049,2.86249638,2.91945362,2.82462835
3250,4050,-1.94796610,-2.02028275,-1.89752519
3251,4051,-0.67795074,-0.59280020,-0.59691721
3252,4052,-2.48499680,-2.46221447,-2.43827295
3253,4054,1.24738550,1.27713192,1.27634561
3254,4055,-1.40572786,-1.33715153,-1.25678110
3255,4056,-2.38533616,-2.39526367,-2.33533478
3256,4057,1.44232452,1.49384093,1.51347601
3257,4059,-3.40551901,-3.53821588,-3.56929088
3258,4060,1.08463454,1.10380304,1.03996670
3259,4061,0.69952053,0.74370188,0.77323538
3260,4062,0.56782037,0.62878197,0.62923729
3261,4063,2.83075094,2.86409688,2.81719375
3262,4064,1.35196340,1.33893597,1.37153828
3263,4065,-1.62955689,-1.68858147,-1.59420335
3264,4066,-2.22642469,-2.24194098,-2.22354722
3265,4067,0.19931899,0.18247631,0.19424143
3266,4068,-4.17623281,-4.17318344,-4.23201323
3267,4069,2.15905237,2.15546107,2.13841391
3268,4070,1.56900179,1.61806941,1.59149921
3269,4072,-0.70085770,-0.69894224,-0.68438184
3270,4073,0.58665109,0.57399213,0.53064162
3271,4074,-0.10186096,-0.12435834,-0.11525973
3272,4076,-0.33323851,-0.34489322,-0.30286232
3273,4077,-0.45633042,-0.53804570,-0.41902813
3274,4078,-1.57694566,-1.51984739,-1.46953893
3275,4079,-0.32215255,-0.35764426,-0.25080529
3276,4080,0.70087111,0.72290707,0.70737845
3277,4081,-3.33945537,-3.45230365,-3.41785884
3278,4082,2.42066002,2.40920877,2.38419247
3279,4083,1.62273455,1.55165017,1.57304299
3280,4085,0.67841512,0.63565367,0.68775159
3281,4089,-0.05333348,-0.02869511,-0.03086456
3282,4090,0.15070164,0.12697592,0.14818852
3283,4091,-0.07926945,-0.03518766,-0.03854371
3284,4093,0.25763002,0.20287703,0.25768441
3285,4094,2.40758491,2.43417335,2.37675881
3286,4095,0.05006555,0.08993695,0.04888024
3287,4096,1.76398528,1.79821324,1.82232034
3288,4097,1.35424447,1.36187506,1.36519086
3289,4098,-2.32119918,-2.33304548,-2.28148746
3290,4100,-0.55373544,-0.61630005,-0.59599072
3291,4101,-0.53048211,-0.46354562,-0.40887055
3292,4102,2.38119125,2.41332078,2.40799904
3293,4103,-0.39596838,-0.40729982,-0.38638839
3294,4105,-1.15294814,-1.20251441,-1.14390290
3295,4107,0.24114022,0.20702541,0.21711397
3296,4108,0.98591739,0.94465792,0.95291638
3297,4109,-1.47867298,-1.54984522,-1.51003706
3298,4110,-0.08139610,-0.08268054,-0.02296260
3299,4111,0.85222602,0.84512228,0.87227637
3300,4112,-1.85132992,-1.85709810,-1.88490939
3301,4113,1.17958462,1.11119342,1.16012049
3302,4114,-2.38392544,-2.39709449,-2.32727671
3303,4117,-3.33563137,-3.33346653,-3.19114351
3304,4118,-2.06984138,-2.12415838,-2.03309250
3305,4121,0.93409663,1.00048316,0.97698921
3306,4123,1.71816421,1.74558449,1.78285170
3307,4124,-0.94842619,-0.97099465,-0.90036368
3308,4125,0.38500792,0.39496285,0.43452123
3309,4127,-1.49423182,-1.56536686,-1.41859424
3310,4129,-5.14910746,-5.18128300,-5.12324476
3311,4130,-0.03938868,0.03708439,0.03684863
3312,4131,3.35813665,3.40149212,3.39637041
3313,4133,1.79268110,1.84978127,1.83634079
3314,4134,-0.40998226,-0.34458137,-0.41641966
3315,4137,-0.55985820,-0.61889035,-0.51231068
3316,4139,1.79689538,1.82094669,1.83979976
3317,4140,-0.85778600,-0.84926575,-0.76734918
3318,4141,-1.76596522,-1.71812499,-1.72103369
3319,4142,-1.46457541,-1.43134642,-1.39426482
3320,4143,0.15324268,0.07491986,0.13580127
3321,4144,1.09827065,1.11597323,1.13034093
3322,4145,2.62165213,2.64489412,2.62034893
3323,4146,-1.59553576,-1.67408466,-1.63858497
3324,4147,1.86743951,1.91383219,1.95093882
3325,4148,-0.55754381,-0.56127441,-0.62888372
3326,4150,0.23097450,0.23475347,0.23292553
3327,4151,1.60792053,1.69149637,1.64793682
3328,4152,-0.20362985,-0.26280755,-0.23481596
3329,4153,-1.93432331,-1.99656248,-1.84453833
3330,4154,-0.40135300,-0.40212959,-0.31133404
3331,4155,-1.63160431,-1.68694782,-1.64162958
3332,4156,-1.97812366,-2.00556183,-1.88278592
3333,4157,1.94614172,1.87202644,1.96971750
3334,4158,3.02709627,3.07006717,3.04185343
3335,4159,1.73596764,1.71220589,1.74537611
3336,4160,1.42646241,1.43210566,1.45796406
3337,4163,-0.13906497,-0.12295355,-0.07582621
3338,4164,2.56235361,2.57795024,2.55336285
3339,4165,0.52986681,0.51671845,0.55078804
3340,4166,1.64428067,1.60550284,1.68250775
3341,4168,-0.23628515,-0.25491869,-0.25996637
3342,4169,3.10187340,3.07591200,3.15815473
3343,4170,2.11305833,2.13851953,2.08804345
3344,4171,-1.47956443,-1.49387193,-1.43857443
3345,4172,-1.08852947,-1.11296833,-1.14626348
3346,4173,0.85164124,0.83152384,0.86828625
3347,4175,-1.50020850,-1.48348117,-1.44804788
3348,4176,0.44247961,0.46758848,0.39849225
3349,4177,2.15196157,2.22307682,2.18113112
3350,4178,-1.01818502,-1.02729166,-1.00552189
3351,4179,0.14961699,0.11518221,0.21641189
3352,4180,0.86203057,0.94732165,0.85776055
3353,4181,0.78610504,0.78996629,0.75404531
3354,4185,0.98007220,0.98415822,1.01138771
3355,4186,2.37473822,2.41272306,2.29210925
3356,4187,0.26866713,0.28002912,0.25338611
3357,4188,-3.59413218,-3.44833636,-3.34285450
3358,4189,0.68281436,0.76364619,0.77053207
3359,4190,0.91267598,0.94774151,0.93367672
3360,4191,-1.06106639,-1.12071228,-1.03983092
3361,4192,1.63734949,1.60069001,1.55193079
3362,4193,-1.32776451,-1.37171626,-1.32548690
3363,4195,1.21077251,1.24377990,1.22934330
3364,4197,0.13958281,0.11069399,0.11756152
3365,4198,0.31218788,0.24164362,0.33530760
3366,4199,2.18553209,2.17782450,2.18492651
3367,4200,1.94130242,1.87697685,1.93034923
3368,4201,0.77654463,0.82899481,0.84409839
3369,4202,0.56925267,0.58448410,0.60504997
3370,4203,1.19100761,1.23809958,1.23640800
3371,4204,1.31865346,1.41453850,1.31538451
3372,4207,-2.23711205,-2.22481823,-2.21731758
3373,4208,-2.10843372,-2.14829373,-2.10748911
3374,4209,-0.59242058,-0.60674804,-0.61653358
3375,4210,-0.41860649,-0.48533612,-0.39307621
3376,4211,1.61624444,1.64718413,1.64289784
3377,4212,-1.45951307,-1.44595516,-1.47168911
3378,4213,-1.78027046,-1.81645727,-1.77614927
3379,4214,1.67620051,1.71427679,1.69499898
3380,4215,1.27561069,1.29598987,1.26277220
3381,4216,0.92050290,0.93051195,0.98303485
3382,4218,1.40900016,1.44661140,1.43495786
3383,4219,2.11983657,2.21683073,2.22663188
3384,4220,1.08655226,1.15507054,1.17251456
3385,4221,-1.84107924,-1.80068398,-1.91485465
3386,4224,-0.48276645,-0.48329097,-0.46052769
3387,4226,1.42298794,1.43428946,1.44820118
3388,4227,0.91416204,0.93881577,0.92464888
3389,4228,-1.16787267,-1.29150331,-1.25036967
3390,4229,0.97611791,1.02214396,1.03345311
3391,4230,1.74889541,1.78914142,1.77857530
3392,4231,-0.19631645,-0.30782342,-0.19770226
3393,4232,1.73696864,1.80335283,1.74699831
3394,4236,0.10151917,0.10283442,0.11993244
3395,4237,-0.55641055,-0.61789602,-0.56357974
3396,4238,-0.86032408,-0.82409412,-0.81884503
3397,4239,-0.35501429,-0.37749946,-0.37387234
3398,4240,-4.25842094,-4.27936840,-4.14513779
3399,4241,-3.09334111,-3.16042185,-3.14777446
3400,4242,2.34286499,2.38500524,2.33916903
3401,4243,-3.70933867,-3.71462250,-3.70453310
3402,4245,-0.70910674,-0.66821611,-0.63859314
3403,4246,0.79282975,0.75298029,0.81564826
3404,4249,-1.24955392,-1.32473540,-1.32270849
3405,4250,0.35830897,0.35534889,0.29660904
3406,4252,2.24777842,2.28011537,2.28696704
3407,4253,-0.02469502,0.03394396,-0.08715909
3408,4254,-0.66247892,-0.61761189,-0.63528252
3409,4255,2.46170425,2.49552703,2.49674582
3410,4256,0.91340804,0.96775573,0.94974387
3411,4257,1.84972405,1.88293123,1.85592544
3412,4261,2.25277901,2.23401737,2.29733658
3413,4262,2.52458525,2.67905617,2.42375493
3414,4263,-0.17307824,-0.17319976,-0.21424258
3415,4264,1.78297710,1.88873160,1.84211218
3416,4265,-0.79816490,-0.78852928,-0.69209141
3417,4266,0.70514178,0.68447417,0.69283700
3418,4267,1.47646809,1.48502147,1.45363367
3419,4268,1.34002030,1.28311133,1.37235153
3420,4269,1.45688188,1.46822548,1.52142978
3421,4270,-0.40158886,-0.44848526,-0.43028942
3422,4271,2.35541129,2.38646173,2.39936829
3423,4272,2.66034174,2.66081810,2.68030906
3424,4274,1.57882047,1.58929038,1.61263061
3425,4275,0.98011947,0.93642974,0.97150904
3426,4276,0.33780020,0.29182148,0.39448467
3427,4277,0.03525048,0.10802659,0.09696617
3428,4278,0.18628395,0.17050885,0.18901031
3429,4281,1.61967707,1.62515283,1.62826324
3430,4283,-2.01952696,-2.07156420,-2.01694155
3431,4284,0.48984981,0.46807837,0.46326616
3432,4285,2.14545107,2.15831470,2.19492102
3433,4286,-5.70765829,-5.81149769,-5.69707632
3434,4287,1.12069201,1.14741993,1.11356032
3435,4288,-0.35970652,-0.39436245,-0.36363885
3436,4289,0.45660871,0.50610983,0.52511656
3437,4290,-0.31567335,-0.34770644,-0.29143700
3438,4291,1.34384394,1.37288284,1.29742074
3439,4292,0.41957477,0.45368212,0.42357245
3440,4293,-0.81833375,-0.75317091,-0.75485158
3441,4294,1.19558001,1.20052195,1.18612826
3442,4296,2.79740286,2.80951953,2.77885556
3443,4297,1.24809623,1.22529697,1.28375232
3444,4298,-1.83269095,-1.84206057,-1.87023997
3445,4299,2.54486465,2.55997491,2.59940672
3446,4303,-0.82201034,-0.81348068,-0.78271240
3447,4304,2.02533937,2.07495642,2.06259155
3448,4305,-0.79163915,-0.82044935,-0.77066147
3449,4306,-4.15942430,-4.29447556,-4.22066212
3450,4308,2.36762500,2.44730425,2.46052194
3451,4309,1.47440374,1.48528743,1.50161111
3452,4311,-2.51664758,-2.55403662,-2.42569518
3453,4312,1.11429095,1.17831922,1.18818045
3454,4313,1.29928076,1.28337383,1.31803060
3455,4314,-4.24597692,-4.30891752,-4.23615265
3456,4315,-0.57263625,-0.60802460,-0.59303099
3457,4316,-0.34672037,-0.40155900,-0.37478462
3458,4317,0.97686964,0.95543039,0.98280501
3459,4318,-2.20047712,-2.12787747,-2.11250663
3460,4319,2.35555816,2.40578842,2.38116360
3461,4323,-1.61010432,-1.72372580,-1.69779396
3462,4324,-1.07482767,-1.13474941,-1.08502781
3463,4325,0.79035097,0.83344197,0.82476062
3464,4326,-3.85375118,-4.00420475,-3.93361068
3465,4327,-5.92905378,-5.96576881,-5.82787371
3466,4329,-0.99976283,-1.04639864,-1.05719852
3467,4330,2.38517785,2.38596106,2.42235041
3468,4332,1.73543501,1.73993361,1.78239310
3469,4333,-0.16140097,-0.09350000,-0.17341202
3470,4334,1.59461808,1.69350290,1.64373851
3471,4336,2.18877339,2.16062903,2.02690125
3472,4337,-1.97276521,-1.98188448,-1.95094168
3473,4338,1.48689890,1.49563849,1.51464438
3474,4340,3.31735992,3.37972617,3.38272834
3475,4342,1.00081146,1.00582564,1.01228356
3476,4343,-0.24974307,-0.29986733,-0.24149737
3477,4345,1.77078676,1.81593466,1.79887176
3478,4346,1.51875854,1.60016215,1.52331936
3479,4347,1.29533339,1.28001988,1.31371212
3480,4348,1.11665046,1.12516260,1.11013210
3481,4349,0.18433765,0.18860544,0.20380047
3482,4350,0.76801318,0.74762291,0.74060279
3483,4351,0.62957662,0.66289747,0.64214170
3484,4352,0.69716907,0.64151657,0.71195501
3485,4353,0.20076466,0.18679945,0.24219480
3486,4354,1.69796884,1.77128887,1.75510824
3487,4355,0.12887369,0.22598551,0.15190056
3488,4356,0.95574051,0.90954298,0.94624108
3489,4357,0.72315723,0.73697287,0.77027911
3490,4358,2.92028451,2.97252321,2.96137404
3491,4359,-2.10173273,-2.18281746,-2.17534637
3492,4360,-0.57112670,-0.59814823,-0.47879270
3493,4362,-1.75589585,-1.85657084,-1.87668097
3494,4364,-0.42289454,-0.41611993,-0.37121722
3495,4367,1.75430465,1.74410534,1.79350853
3496,4368,1.70059454,1.73235273,1.75461543
3497,4369,-0.68344778,-0.72683358,-0.71888411
3498,4370,2.13505888,2.16674304,2.08116889
3499,4371,-2.99912548,-2.98059297,-2.86228561
3500,4372,-2.09234715,-2.16593981,-2.02522922
3501,4373,-0.66408759,-0.77988487,-0.68694139
3502,4374,2.17747402,2.16437507,2.13347101
3503,4375,1.95762002,2.02796245,1.99996245
3504,4376,-3.23024940,-3.34555578,-3.26861048
3505,4377,1.38957047,1.40627944,1.39569867
3506,4378,-1.07328284,-1.12017226,-1.02602184
3507,4379,1.15380597,1.19348729,1.18510568
3508,4380,0.50282192,0.51733166,0.53243673
3509,4381,0.89027154,0.86065656,0.88227844
3510,4382,-0.57582390,-0.51710242,-0.55996889
3511,4383,-0.25457308,-0.25615603,-0.27398059
3512,4384,1.72270525,1.77056777,1.76011634
3513,4385,-3.33450437,-3.32526422,-3.26552224
3514,4386,-1.15726781,-1.11789107,-1.05233324
3515,4387,2.52303767,2.52780056,2.53311634
3516,4389,-1.10889530,-1.16409707,-0.92140740
3517,4390,-3.63048244,-3.68567514,-3.64269948
3518,4391,-5.01636171,-5.05831861,-5.13875389
3519,4392,-0.18094248,-0.31435543,-0.24385867
3520,4393,0.72939461,0.72826654,0.71379828
3521,4394,1.74958873,1.77849233,1.79296505
3522,4395,1.77033222,1.86692405,1.84484792
3523,4396,1.02383566,1.01253879,0.99727750
3524,4397,-0.90602732,-0.87168580,-0.74548155
3525,4400,2.70199823,2.70650434,2.71994567
3526,4401,-1.31034601,-1.36101043,-1.24179029
3527,4402,-1.68072581,-1.79930472,-1.67639983
3528,4404,1.32212460,1.31478012,1.29595840
3529,4406,1.67876697,1.72868550,1.67302859
3530,4407,3.26686049,3.29033279,3.28278923
3531,4408,0.16570202,0.17211422,0.18073332
3532,4409,-3.13896847,-3.12663031,-3.11307764
3533,4410,1.07992923,1.11121202,1.15126550
3534,4411,-1.68894172,-1.66881132,-1.64575648
3535,4412,-0.64469069,-0.68851596,-0.60506910
3536,4413,1.15274537,1.14825261,1.18727374
3537,4414,0.84609962,0.87810665,0.89540690
3538,4415,2.13765621,2.14984369,2.15262103
3539,4416,0.83489287,0.81641102,0.81204033
3540,4417,0.51385927,0.48029786,0.52277911
3541,4419,0.63632017,0.62316132,0.65604979
3542,4422,-2.20598054,-2.28501105,-2.14136672
3543,4425,-1.94697666,-2.00680828,-1.86606824
3544,4426,0.37009275,0.37587357,0.31099337
3545,4427,1.88983059,1.92489755,1.93504059
3546,4428,1.29309142,1.26794910,1.33949876
3547,4429,0.67440623,0.70501614,0.69526190
3548,4430,2.63195896,2.66248488,2.64331555
3549,4431,-1.38456941,-1.36612868,-1.35993016
3550,4432,1.85363281,1.82253325,1.85235131
3551,4433,0.28923428,0.26234883,0.29096210
3552,4434,0.81476706,0.75233585,0.77894205
3553,4436,1.22556949,1.18729854,1.24375558
3554,4437,1.33789539,1.32687628,1.33796418
3555,4438,-0.23193008,-0.24566771,-0.25388786
3556,4440,1.00826633,1.09208417,1.06931007
3557,4441,2.22510386,2.24866724,2.23387337
3558,4442,-2.65532160,-2.69464064,-2.57817388
3559,4443,1.95267296,2.01025844,1.96745920
3560,4444,-1.07827222,-1.07033324,-1.04511583
3561,4445,-2.33888888,-2.37101269,-2.33287787
3562,4446,-0.30395702,-0.29560173,-0.30961406
3563,4447,0.93092644,0.98520952,1.01583850
3564,4450,-0.90041113,-0.92894453,-0.85750747
3565,4451,1.27982557,1.24534869,1.20287418
3566,4452,-0.65378296,-0.66692567,-0.65580064
3567,4453,-5.41309071,-5.44285440,-5.29937267
3568,4454,0.87682277,0.93763691,0.97214705
3569,4455,1.42420316,1.45099592,1.43562186
3570,4456,-0.05963462,-0.06793804,-0.04515768
3571,4457,-3.92703390,-3.98792982,-3.92878652
3572,4458,-0.84744197,-0.86793917,-0.81108099
3573,4459,-5.01212168,-5.00033426,-4.93295956
3574,4460,-1.33346820,-1.38111782,-1.36701858
3575,4461,2.31619048,2.35371852,2.30741525
3576,4462,1.54768229,1.60876489,1.61340511
3577,4465,1.26220858,1.29892790,1.25981188
3578,4466,-1.43524814,-1.52603483,-1.40376735
3579,4467,-0.17320889,-0.17258574,-0.12814072
3580,4468,-1.27851248,-1.25886047,-1.22413599
3581,4469,2.20913315,2.20912695,2.17013240
3582,4470,-0.64490724,-0.67488605,-0.57862908
3583,4471,1.79124355,1.85234654,1.81372786
3584,4473,2.38762379,2.46006060,2.34766555
3585,4474,0.64707702,0.74088192,0.69985378
3586,4475,0.27855739,0.24012159,0.27720121
3587,4476,0.86823303,0.95221686,0.92074507
3588,4477,0.39344609,0.31387973,0.34999365
3589,4478,-2.98000622,-3.06998873,-2.96309519
3590,4479,1.93930483,1.85498548,1.90187430
3591,4480,1.53075755,1.56064272,1.48545694
3592,4481,-3.79601955,-3.85955095,-3.65662026
3593,4483,0.87654203,0.86281151,0.84531939
3594,4484,1.40467250,1.36227059,1.37846267
3595,4486,0.46408439,0.44980419,0.45122504
3596,4487,0.70795250,0.68086070,0.69777822
3597,4488,2.29539466,2.29277396,2.30765009
3598,4490,-0.33663613,-0.33753794,-0.32033733
3599,4493,0.43158033,0.35902053,0.41025081
3600,4494,-0.12204165,-0.12433328,-0.08986980
3601,4495,1.57432985,1.62120712,1.57787073
3602,4496,0.84365386,0.81959105,0.82210934
3603,4497,0.70392841,0.68607455,0.71023375
3604,4499,-0.74070412,-0.76372266,-0.69326442
3605,4500,-1.13054013,-1.08237743,-1.05716288
3606,4501,-3.23344588,-3.21442652,-3.13317084
3607,4502,-0.19798696,-0.20236172,-0.17347911
3608,4503,-0.56785107,-0.56331062,-0.56140631
3609,4504,3.10621142,3.04909039,3.05562592
3610,4506,-0.30077246,-0.23740257,-0.23590437
3611,4507,1.41125536,1.41927242,1.44953299
3612,4508,0.23460832,0.29465008,0.27904534
3613,4509,1.45675981,1.45649028,1.54761779
3614,4510,-0.08712155,-0.11581594,-0.09479747
3615,4511,-4.07193613,-4.12991619,-3.99102902
3616,4513,-1.74142540,-1.85552049,-1.81267822
3617,4515,-2.20657110,-2.18547106,-2.23647952
3618,4516,2.24517798,2.24468970,2.26328683
3619,4518,-1.33606923,-1.35235023,-1.30539608
3620,4520,0.42535013,0.45264161,0.46127713
3621,4521,-0.53706425,-0.55902570,-0.46149984
3622,4523,-0.69080389,-0.68336040,-0.63499290
3623,4524,2.62334657,2.69293737,2.64707422
3624,4525,-1.04067087,-1.08046365,-0.99361068
3625,4527,1.35555315,1.40156817,1.38791537
3626,4529,-5.82428169,-5.82556152,-5.78871489
3627,4531,-0.38874876,-0.41323704,-0.39439616
3628,4532,0.42153296,0.37407523,0.37586755
3629,4533,-0.70228368,-0.66136068,-0.67981362
3630,4534,1.54792476,1.59094107,1.55463457
3631,4535,-0.15590104,-0.23777311,-0.08388842
3632,4536,1.42949295,1.45036864,1.47308624
3633,4537,1.93408787,1.89879608,1.91284943
3634,4538,2.37394261,2.36432743,2.38483882
3635,4539,0.57112563,0.50988370,0.62267369
3636,4540,-1.28560162,-1.29640102,-1.22193277
3637,4542,-0.17485484,-0.26953036,-0.23343787
3638,4543,1.14742661,1.18838263,1.21674812
3639,4544,1.16547310,1.05640447,1.06971633
3640,4545,2.13189220,2.09879351,2.14590406
3641,4546,2.27854633,2.25303483,2.26409030
3642,4547,-1.44010389,-1.46953881,-1.47129786
3643,4548,-1.14058805,-1.23224354,-1.18501544
3644,4550,0.79575485,0.80670285,0.77677971
3645,4552,0.19578117,0.17262459,0.25079751
3646,4553,1.74394417,1.71640480,1.72904515
3647,4554,-1.77440894,-1.86402869,-1.81832230
3648,4555,0.05296680,0.05920215,0.06126364
3649,4556,2.32158017,2.30068779,2.30616617
3650,4557,1.44932842,1.44806933,1.43738520
3651,4558,-4.53067350,-4.69616508,-4.67683983
3652,4560,0.39110762,0.42755610,0.47345421
3653,4562,-1.36274409,-1.39696240,-1.30392492
3654,4563,-0.96493524,-0.98533958,-0.95193940
3655,4565,-3.93058062,-3.95305061,-3.91104293
3656,4566,0.31267720,0.33775222,0.33599475
3657,4567,0.65373594,0.64615077,0.65931165
3658,4568,-0.20111006,-0.19004716,-0.13640064
3659,4569,1.25825465,1.28777051,1.21704638
3660,4570,-1.03206718,-1.03902543,-0.93398505
3661,4572,2.89405680,2.93225789,2.88891101
3662,4574,0.91060847,0.85309255,0.87044019
3663,4575,0.93282712,0.92276835,0.93380803
3664,4577,1.96101308,1.96995187,1.98241770
3665,4578,1.21868610,1.17377627,1.25698364
3666,4579,-2.76992059,-2.94449949,-2.89233613
3667,4580,-3.76626873,-3.82002330,-3.88902211
3668,4581,1.30209947,1.27144516,1.23114145
3669,4582,1.30102134,1.28999579,1.29512668
3670,4583,1.75654399,1.76381135,1.76758277
3671,4584,1.05900073,1.04828095,1.06311142
3672,4585,0.98304492,0.97794592,1.05361652
3673,4586,-4.34909153,-4.38124800,-4.33232546
3674,4587,-1.46004796,-1.46169877,-1.44639099
3675,4588,2.60862708,2.61178279,2.59191561
3676,4589,-3.09296513,-3.11014843,-2.98509097
3677,4591,0.30682051,0.28573447,0.33648941
3678,4592,-5.37338591,-5.51980114,-5.49764347
3679,4593,2.27435875,2.26945186,2.27588677
3680,4594,-4.88849497,-4.89996529,-4.93814564
3681,4595,-1.83638501,-1.81098628,-1.82935894
3682,4597,0.52995306,0.50256056,0.55615759
3683,4598,1.83305299,1.86836720,1.85036659
3684,4599,-0.02436965,-0.06168197,-0.05966980
3685,4600,1.77065182,1.72735739,1.71847451
3686,4601,1.21731281,1.31487381,1.26446521
3687,4602,1.57985437,1.57621527,1.56402051
3688,4604,2.41851854,2.41516376,2.41428113
3689,4605,2.17864299,2.19798875,2.17275810
3690,4606,-0.58161974,-0.58273929,-0.69623709
3691,4607,-1.28176534,-1.22373331,-1.22034383
3692,4608,1.45265436,1.51790714,1.45935357
3693,4609,3.15952563,3.22305250,3.13572383
3694,4610,-0.79735798,-0.76062787,-0.70828646
3695,4612,-2.44247818,-2.49347830,-2.45427084
3696,4613,0.84272391,0.92372882,0.87020737
3697,4614,2.13172007,2.20204687,2.20331669
3698,4615,1.07154143,1.04187453,1.04358923
3699,4616,-0.64302438,-0.66588706,-0.59153956
3700,4617,-0.29213274,-0.29216969,-0.26602009
3701,4618,-0.82398736,-0.80688417,-0.80220723
3702,4619,-1.11218417,-1.19757199,-1.06714213
3703,4620,1.68059540,1.71521878,1.67541540
3704,4621,0.27726343,0.31040508,0.27324545
3705,4622,-4.75020456,-4.89846611,-4.83550024
3706,4623,2.10350156,2.21117234,2.14452767
3707,4625,0.17921871,0.28449261,0.22336510
3708,4626,2.15912795,2.12912750,2.16856170
3709,4627,-0.27324799,-0.26758099,-0.21609318
3710,4629,-0.26943254,-0.19640656,-0.26357964
3711,4630,2.64791203,2.69039440,2.66769719
3712,4632,0.58806038,0.57942837,0.56532001
3713,4633,2.04645658,2.07067013,2.08274770
3714,4634,-0.64472234,-0.65535778,-0.64933854
3715,4636,-2.49763250,-2.52107024,-2.46720862
3716,4637,-1.37194252,-1.33961070,-1.25708401
3717,4638,-0.28889826,-0.32485831,-0.21086824
3718,4639,-2.26406622,-2.29322624,-2.24781132
3719,4640,-0.27909553,-0.28963435,-0.27087358
3720,4641,-5.07016945,-5.18016720,-5.17248487
3721,4642,-2.58691883,-2.57374191,-2.57317710
3722,4643,1.42998457,1.37055767,1.39404392
3723,4644,1.97600484,2.01426578,2.01383781
3724,4645,-1.18846524,-1.16921973,-1.18201852
3725,4649,1.18310869,1.20745122,1.23514187
3726,4651,1.10347474,1.16128683,1.11027682
3727,4652,-0.49744368,-0.35539472,-0.44367847
3728,4653,3.05329108,3.13925791,3.05381989
3729,4654,0.06302017,0.06748835,0.08760671
3730,4655,2.61858559,2.62370682,2.64466310
3731,4656,1.52771866,1.54836130,1.55796814
3732,4659,-1.11790824,-1.14588618,-1.06901777
3733,4661,-1.41921151,-1.48935175,-1.49752307
3734,4663,0.86817819,0.89975059,0.93103081
3735,4664,1.60463905,1.59380090,1.58769214
3736,4665,-0.27112174,-0.25748968,-0.20872733
3737,4666,0.19740541,0.21011445,0.21625695
3738,4667,-1.72265041,-1.80494833,-1.69229805
3739,4668,-2.03640413,-2.00713301,-1.93179309
3740,4670,-1.19735992,-1.22665191,-1.18638706
3741,4671,-1.68113923,-1.66687250,-1.67502177
3742,4672,1.82680655,1.90163994,1.81797540
3743,4673,-0.48577249,-0.49940026,-0.45191380
3744,4675,0.36214310,0.35402852,0.34938547
3745,4676,0.11676913,0.04800881,0.07035057
3746,4677,1.06471157,1.05958772,1.07325768
3747,4678,0.34089997,0.33441854,0.33995742
3748,4679,-0.51685172,-0.52712101,-0.51681024
3749,4680,-0.25524709,-0.19385974,-0.18567821
3750,4682,2.10784531,2.19208860,2.16742992
3751,4683,-1.33547425,-1.46867633,-1.35417759
3752,4684,1.12036800,1.09365404,1.12226570
3753,4685,2.21527290,2.23497534,2.18216395
3754,4686,-0.28538299,-0.25253862,-0.22895995
3755,4687,-0.41253507,-0.42908657,-0.39436397
3756,4689,0.93452054,0.94781899,0.98660856
3757,4692,2.92983818,2.99555779,2.95524406
3758,4694,1.26858091,1.19393539,1.27826226
3759,4695,-3.08637762,-3.17854071,-3.00905919
3760,4696,-1.73491263,-1.70872772,-1.69301176
3761,4697,-3.42380953,-3.40013075,-3.31786680
3762,4698,-0.48985499,-0.51709569,-0.48558608
3763,4699,-4.33513260,-4.39905357,-4.30316353
3764,4701,-0.22018412,-0.24978678,-0.21765095
3765,4702,-1.78513026,-1.82244515,-1.78647244
3766,4703,0.56870872,0.55187285,0.55338806
3767,4705,-2.45499468,-2.58484554,-2.50401425
3768,4706,0.64381027,0.74418294,0.69852251
3769,4707,2.47551465,2.46446466,2.44992137
3770,4709,2.33827591,2.40315604,2.38553667
3771,4711,2.55858088,2.58177400,2.57221031
3772,4713,0.20460942,0.20313974,0.22502223
3773,4714,0.04921663,0.06297539,0.10795899
3774,4715,-0.79822695,-0.74006420,-0.76183283
3775,4717,1.91411674,1.90555716,1.92790782
3776,4719,0.14071754,0.13589014,0.20471162
3777,4720,1.96186817,2.00994253,1.94269621
3778,4721,1.42143953,1.41898656,1.43378150
3779,4722,0.77134460,0.74318492,0.76356226
3780,4723,0.79501927,0.78433174,0.78925741
3781,4724,-0.21767235,-0.24026717,-0.23701346
3782,4725,-1.67514002,-1.72256112,-1.64783370
3783,4728,1.01857209,1.00874937,1.02933395
3784,4729,-1.60799217,-1.63948798,-1.55779016
3785,4730,-0.41081604,-0.42614645,-0.44224611
3786,4732,-3.71396065,-3.84486151,-3.67950153
3787,4733,-1.31524646,-1.28695917,-1.27177882
3788,4734,1.56953096,1.60198998,1.56265700
3789,4735,-0.57842863,-0.65263158,-0.56921089
3790,4736,-4.74140978,-4.62773085,-4.64672327
3791,4737,1.17070115,1.20545745,1.16957176
3792,4740,0.41569912,0.35926592,0.36376300
3793,4741,2.12351370,2.16439962,2.13630438
3794,4743,-5.26656580,-5.29649162,-5.15920782
3795,4745,-2.12492466,-2.07999659,-2.05286598
3796,4746,-0.99998277,-1.04532647,-1.02830708
3797,4747,-1.12728763,-1.06758773,-1.03085101
3798,4748,-1.12394762,-1.17555845,-1.13511109
3799,4751,1.07005000,1.02351105,0.96196049
3800,4752,1.39404154,1.39682674,1.40263772
3801,4753,0.28189197,0.26023215,0.23920044
3802,4754,-2.18854761,-2.19616532,-2.11979055
3803,4756,-0.00394655,0.04188764,-0.01273778
3804,4757,-3.15930653,-3.27127290,-3.27216220
3805,4759,1.15099442,1.19540989,1.20722270
3806,4760,1.56168556,1.61093569,1.61271715
3807,4761,1.20326257,1.31166101,1.31589448
3808,4762,-1.15237319,-1.15597200,-1.12941504
3809,4764,2.21448207,2.27876854,2.30127716
3810,4765,2.69755411,2.73080802,2.69967127
3811,4766,1.63035095,1.62504518,1.61923325
3812,4768,2.54846048,2.57123017,2.62823939
3813,4769,0.86929363,0.82929087,0.89977276
3814,4770,2.98870015,3.04978514,3.01517248
3815,4771,1.76008582,1.77955961,1.77957189
3816,4772,0.08612489,-0.02429640,0.04406964
3817,4773,0.92733961,0.95536023,0.98171639
3818,4774,-1.99046516,-2.06155968,-2.05252576
3819,4775,-0.76963705,-0.71228045,-0.64063525
3820,4776,-0.22124496,-0.25817198,-0.17314503
3821,4777,2.28701282,2.25636864,2.26564646
3822,4779,1.52985048,1.58715582,1.56769323
3823,4780,1.54346478,1.58068657,1.60047853
3824,4781,-3.56718183,-3.57158589,-3.55420589
3825,4782,-0.54215866,-0.59486967,-0.57407743
3826,4783,0.52763498,0.51573193,0.53274739
3827,4785,1.21406507,1.22160029,1.22702825
3828,4786,2.68197417,2.66832590,2.66484809
3829,4788,-1.66861987,-1.65861344,-1.62450421
3830,4790,-0.31833193,-0.31065047,-0.23159811
3831,4791,2.17559648,2.20383501,2.21408248
3832,4792,0.18315500,0.22176556,0.24739617
3833,4793,1.72181666,1.70969737,1.77037895
3834,4794,1.86457920,1.84804499,1.79414630
3835,4795,1.18520403,1.19144928,1.18829834
3836,4796,-0.22490513,-0.21954460,-0.18823913
3837,4797,-0.17756063,-0.16961339,-0.16237053
3838,4798,0.65561467,0.61099494,0.65982503
3839,4799,-0.48332423,-0.51799893,-0.55055362
3840,4801,0.19855794,0.24141362,0.25018135
3841,4803,-0.45254999,-0.54051167,-0.49606988
3842,4804,-0.17622122,-0.19704311,-0.09715835
3843,4805,1.38402331,1.40476727,1.46316183
3844,4806,0.23791572,0.24319975,0.19459605
3845,4807,1.48340631,1.46526933,1.49832308
3846,4808,-1.52162182,-1.53551614,-1.47735882
3847,4809,1.79980612,1.81691170,1.78852081
3848,4810,0.82261920,0.90375733,0.98953313
3849,4811,-0.92695636,-1.11533833,-0.97885674
3850,4812,-0.48054689,-0.46344942,-0.43088916
3851,4814,0.11010423,0.06864908,0.12152335
3852,4815,-1.76614106,-1.78410244,-1.72654128
3853,4816,-1.08877349,-1.12985015,-1.08596742
3854,4817,-3.14977026,-3.25302863,-3.19058990
3855,4818,1.85985708,1.88153028,1.92268050
3856,4819,1.67286015,1.72180033,1.71275294
3857,4820,0.56811684,0.57587612,0.59953392
3858,4821,-2.99876809,-2.95579982,-2.93890047
3859,4822,-2.63285899,-2.68602037,-2.65512013
3860,4823,-2.12210441,-2.08797598,-2.05147862
3861,4824,-0.65060842,-0.71499544,-0.65292567
3862,4826,-1.29576468,-1.34669757,-1.24704897
3863,4827,-1.72894526,-1.79172599,-1.68478012
3864,4829,2.15329313,2.16760039,2.23106194
3865,4830,1.67374897,1.70756149,1.71505177
3866,4831,0.67036229,0.70516652,0.67596143
3867,4832,1.51159918,1.56640780,1.53688610
3868,4833,0.95590091,0.96039480,0.96458030
3869,4835,1.20774841,1.17040491,1.21056914
3870,4836,1.38742208,1.38121438,1.42226422
3871,4837,-0.70706159,-0.68090039,-0.60950679
3872,4838,-1.62068081,-1.60935664,-1.68825269
3873,4839,1.51982558,1.56606889,1.52745545
3874,4840,0.00778954,-0.00508262,-0.00586545
3875,4841,0.69793016,0.75828767,0.72208959
3876,4842,0.02319603,0.00445268,0.08429562
3877,4843,1.00232458,1.10273850,1.00209081
3878,4844,3.22271156,3.25804496,3.19032526
3879,4845,-2.78371048,-2.79217649,-2.69866824
3880,4846,-0.76144511,-0.66098028,-0.57071829
3881,4847,1.27567863,1.28206849,1.30863917
3882,4848,-1.03425646,-1.02064276,-1.03881359
3883,4849,1.69761181,1.79294682,1.75667274
3884,4850,1.54424810,1.55895734,1.54695010
3885,4851,-0.49235016,-0.52301234,-0.49348232
3886,4852,-2.07819414,-2.09354854,-2.05067754
3887,4853,1.05855763,1.08840477,1.11595118
3888,4854,0.06867614,0.04333571,0.04720343
3889,4855,0.98142433,0.89980930,0.90639991
3890,4856,0.98087955,0.94598329,0.96339214
3891,4857,1.21280825,1.23497021,1.23481071
3892,4858,0.29525679,0.34838140,0.30807692
3893,4859,-1.60127735,-1.69376206,-1.66141677
3894,4860,2.40278602,2.36248255,2.35307622
3895,4861,-0.50194585,-0.57659233,-0.45763686
3896,4862,2.76917553,2.75958848,2.81266379
3897,4863,-1.71618259,-1.66754389,-1.77845562
3898,4864,1.38718891,1.48232400,1.43181860
3899,4865,-3.27556348,-3.32621765,-3.24577856
3900,4866,1.51408505,1.57804954,1.58259356
3901,4867,3.09415150,3.13438892,3.15481877
3902,4868,-1.05185390,-0.93723291,-0.93755418
3903,4870,1.79746306,1.74908054,1.75311911
3904,4873,0.75091988,0.74959761,0.73842990
3905,4874,-1.25566363,-1.26314831,-1.25358140
3906,4877,2.64971876,2.66483474,2.64098787
3907,4878,-1.65181041,-1.65410709,-1.61587751
3908,4879,1.11909485,1.19729710,1.13533032
3909,4880,-0.14026904,-0.18609132,-0.09074103
3910,4881,-0.45993644,-0.49759972,-0.45400736
3911,4882,-0.75749594,-0.84320229,-0.77704293
3912,4885,0.52112013,0.53791714,0.49384823
3913,4887,2.85156155,2.84134030,2.81463861
3914,4888,-0.67981660,-0.70767182,-0.61149001
3915,4889,1.60527635,1.63846254,1.63226533
3916,4890,-2.65531111,-2.67292809,-2.64189053
3917,4891,3.18594694,3.19172287,3.17903256
3918,4893,-0.70601732,-0.72250432,-0.71338981
3919,4895,-2.23626423,-2.23412275,-2.23522210
3920,4896,1.80142260,1.84002495,1.82286358
3921,4897,1.45490706,1.43637240,1.43955827
3922,4899,1.25674307,1.29742706,1.33426404
3923,4900,-1.71786070,-1.81330085,-1.79224837
3924,4901,-1.80790997,-1.81043577,-1.74708188
3925,4904,-1.28293347,-1.40025830,-1.30179560
3926,4905,-2.00021696,-2.08835936,-2.01865029
3927,4906,1.47396827,1.56772697,1.41721344
3928,4908,-0.88623762,-0.87657207,-0.80145240
3929,4911,2.29876637,2.28302169,2.30593467
3930,4912,0.71002299,0.69406658,0.65273303
3931,4913,1.80457497,1.83455563,1.81443179
3932,4914,2.36704516,2.36172485,2.36458373
3933,4915,0.62247056,0.70771080,0.66455287
3934,4917,2.06378293,2.07660198,2.07179475
3935,4918,3.13846421,3.16343546,3.13586426
3936,4919,-2.57213354,-2.59233928,-2.48005438
3937,4920,1.83786035,1.83490634,1.85412848
3938,4921,1.44396353,1.44052339,1.43996871
3939,4922,1.74061131,1.76141238,1.74681222
3940,4923,1.60247040,1.55436873,1.57297826
3941,4924,-1.07789350,-1.10500872,-1.08763027
3942,4925,0.55378932,0.58887845,0.61686373
3943,4926,2.45831203,2.49859667,2.55076051
3944,4927,-0.69151545,-0.65815967,-0.59497947
3945,4928,-1.02499938,-1.03528857,-1.05348074
3946,4930,1.59942973,1.61185277,1.62808955
3947,4931,1.51255441,1.54790223,1.54757082
3948,4932,1.21692526,1.25918531,1.25749159
3949,4933,1.57895160,1.59547019,1.58503377
3950,4934,-1.75896895,-1.80665171,-1.77000344
3951,4935,2.27188158,2.29175782,2.25491810
3952,4936,-0.05446094,-0.04826017,-0.00853438
3953,4937,1.57050478,1.59906673,1.57056248
3954,4938,1.86064494,1.87270987,1.84565938
3955,4939,1.09618533,1.14798808,1.08676314
3956,4941,-0.62002999,-0.59213722,-0.67289603
3957,4942,-3.23514652,-3.30578566,-3.20417380
3958,4944,0.32056352,0.28046536,0.34764090
3959,4945,-0.90936857,-0.92689997,-0.92623860
3960,4946,2.45088220,2.48918629,2.47806072
3961,4947,1.24537349,1.25285220,1.26140285
3962,4948,1.72900546,1.74559045,1.74579358
3963,4949,1.16232264,1.25888586,1.22235954
3964,4952,-0.28749248,-0.26738465,-0.27315757
3965,4955,-0.38130662,-0.46084714,-0.40850535
3966,4956,1.71983719,1.74551749,1.79017103
3967,4957,2.46219730,2.50598931,2.46828151
3968,4958,1.77724564,1.84532809,1.76005924
3969,4959,3.38465214,3.37843132,3.33342767
3970,4961,-0.07993255,-0.05022217,-0.01878091
3971,4962,1.57620525,1.62222362,1.64568698
3972,4963,0.44455606,0.44245428,0.39409253
3973,4964,1.13764179,1.08853269,1.10629547
3974,4965,1.33758712,1.30256498,1.34499109
3975,4966,2.06913471,2.06839418,2.03884125
3976,4967,1.00766706,1.02003646,1.00132453
3977,4969,-0.40883991,-0.49059862,-0.38664576
3978,4970,1.50702286,1.51102114,1.51138163
3979,4971,1.70539212,1.76436853,1.78977358
3980,4972,-0.18814108,-0.19502048,-0.15873036
3981,4973,1.72060025,1.73185241,1.70081079
3982,4974,0.55580491,0.57595390,0.53881758
3983,4975,0.74882877,0.76233286,0.74117917
3984,4976,1.65533364,1.65264404,1.63201010
3985,4978,-0.63917512,-0.66624552,-0.62998372
3986,4979,-3.32493520,-3.32322979,-3.30592775
3987,4980,1.18976104,1.26311803,1.18540812
3988,4981,1.99575973,2.02928138,2.03887796
3989,4983,1.90303338,1.93616951,1.88925505
3990,4984,-0.37746835,-0.43473470,-0.34531471
3991,4985,-2.49809146,-2.49135590,-2.40160513
3992,4986,-0.53992110,-0.55170423,-0.53795451
3993,4987,0.65838361,0.64705855,0.75217551
3994,4988,0.10901418,0.10360979,0.08501451
3995,4989,-0.58644933,-0.63471133,-0.64440084
3996,4990,0.36107850,0.39892286,0.37650788
3997,4992,0.14232065,0.16771288,0.15098482
3998,4993,2.29812479,2.35320020,2.31810546
3999,4994,-0.65262216,-0.68772674,-0.62082267
4000,4995,0.99991715,1.01427829,1.10697162
4001,4996,2.34479117,2.34504914,2.29306674
4002,4997,-1.58496857,-1.61521363,-1.55591464
4003,4998,1.81922436,1.87825370,1.88372612
4004,4999,-2.26500630,-2.26003933,-2.19812870
4005,5000,-2.15389132,-2.26843882,-2.26354909
4006,5001,0.39338297,0.40820414,0.43634516
4007,5003,1.81575799,1.80428779,1.78763473
4008,5004,2.16948271,2.11723113,2.17391849
4009,5007,-0.16508591,-0.10708095,-0.14923093
4010,5008,1.10271394,1.11127794,1.13006282
4011,5009,1.45917714,1.46019638,1.43264270
4012,5011,0.55168110,0.55044693,0.53989732
4013,5012,1.94685173,1.96048951,1.91963637
4014,5013,-3.18512726,-3.28388810,-3.18861651
4015,5014,-3.53498745,-3.56859493,-3.50499010
4016,5016,-0.12568370,-0.16778277,-0.06191025
4017,5017,1.16604710,1.18855190,1.21402514
4018,5019,0.42625961,0.43399549,0.46307430
4019,5020,1.90294266,1.93115640,1.90098262
4020,5021,0.15532380,0.11665078,0.21959209
4021,5022,1.57225907,1.59395063,1.60059106
4022,5024,2.18472576,2.26640463,2.26992202
4023,5026,1.86926126,1.88102722,1.86534131
4024,5028,-1.14612150,-1.13962340,-1.08094132
4025,5029,-0.62306881,-0.67634600,-0.63404065
4026,5030,0.68568754,0.68240118,0.68752378
4027,5031,0.79223907,0.76830429,0.80949652
4028,5033,0.87681919,0.86967105,0.86610436
4029,5034,-1.61038458,-1.64363527,-1.74115622
4030,5035,1.21363664,1.20911276,1.20753849
4031,5037,1.13828301,1.15630364,1.19490123
4032,5038,-1.56121719,-1.59194565,-1.52708852
4033,5039,-1.66136897,-1.64239180,-1.63232327
4034,5040,-0.98352474,-1.01305330,-1.04326856
4035,5042,-0.09985175,-0.05325140,-0.04949612
4036,5043,-1.31063735,-1.34723330,-1.28335261
4037,5044,1.19972682,1.16431689,1.14319742
4038,5045,-0.92647332,-0.98081809,-0.86071461
4039,5046,1.51440144,1.53814888,1.53637755
4040,5047,1.00906384,1.01750815,1.01561749
4041,5048,1.98427081,2.03553557,1.99202383
4042,5050,-0.37210837,-0.32338792,-0.41289666
4043,5051,-0.09336672,-0.13504790,-0.08539779
4044,5052,2.41782379,2.42166376,2.45182180
4045,5056,0.28342533,0.25664401,0.31220633
4046,5057,-0.72789747,-0.75970012,-0.69950747
4047,5058,1.24550760,1.21262646,1.21979451
4048,5059,0.42623383,0.36434478,0.39595112
4049,5060,1.47745359,1.52244723,1.53799891
4050,5061,2.22516155,2.20484257,2.17283845
4051,5062,0.73924828,0.75806266,0.83457190
4052,5063,-4.05650854,-4.17200041,-4.00225544
4053,5064,1.35779285,1.38759863,1.35507202
4054,5065,-1.89359653,-1.79575109,-1.75969338
4055,5066,-0.71273047,-0.71771032,-0.64570099
4056,5067,1.01462269,1.00063610,0.97129136
4057,5068,1.85554886,1.85645628,1.83557522
4058,5069,-3.34839106,-3.31897449,-3.32369781
4059,5070,1.19627047,1.18295634,1.18025279
4060,5071,1.02402151,1.03581560,1.12236416
4061,5073,-3.65445089,-3.76372075,-3.61530972
4062,5074,1.28350186,1.31262136,1.29219127
4063,5076,1.04007769,1.01467872,1.02340603
4064,5078,1.66059792,1.67690873,1.72172976
4065,5079,0.64674217,0.70566303,0.77692384
4066,5080,1.57737517,1.57631493,1.62358439
4067,5081,-4.99417734,-4.88523340,-5.00246525
4068,5082,-2.83253384,-2.81117558,-2.83878279
4069,5083,1.97003818,1.94575214,1.97898483
4070,5085,0.92467803,0.93160731,0.93305022
4071,5086,-0.15436023,-0.14630736,-0.21801081
4072,5087,-0.53327256,-0.52998292,-0.52263981
4073,5088,-3.17675543,-3.32509518,-3.21167445
4074,5089,1.11301839,1.10702121,1.11817825
4075,5091,-1.01613665,-1.08024216,-1.01429164
4076,5092,1.73091197,1.73157263,1.70055091
4077,5094,0.99584228,1.07603538,1.06627417
4078,5095,0.72658110,0.72713405,0.69790232
4079,5096,2.17568493,2.15958500,2.16918826
4080,5098,-0.87370825,-0.89488465,-0.84670365
4081,5099,-3.02531838,-3.04211712,-3.07156396
4082,5101,-2.59767246,-2.63772106,-2.56087422
4083,5102,1.09222829,1.02092421,1.01586676
4084,5103,1.61362386,1.62434518,1.61164057
4085,5104,2.32415223,2.34575033,2.30950475
4086,5105,0.46225631,0.51046181,0.53076512
4087,5107,2.45857358,2.44246125,2.46598673
4088,5108,-0.77430934,-0.78302312,-0.71866673
4089,5110,1.17239749,1.19272602,1.20090830
4090,5111,-2.39426827,-2.38484526,-2.29752851
4091,5112,1.14173257,1.09011543,1.12358105
4092,5113,-0.35051638,-0.36775345,-0.34563717
4093,5114,-1.93977261,-2.01917362,-1.92501390
4094,5115,-1.67553413,-1.76193357,-1.78707027
4095,5116,2.36701345,2.41507816,2.44257283
4096,5117,-0.31975132,-0.34697580,-0.36349770
4097,5118,-0.35490397,-0.39117604,-0.36881059
4098,5119,3.07742405,3.10033560,3.02871346
4099,5120,1.59763503,1.64799845,1.60772574
4100,5122,-0.57814938,-0.59914714,-0.57294357
4101,5124,-0.22667837,-0.23110546,-0.16441014
4102,5126,0.81559581,0.85989380,0.87061989
4103,5128,-1.70536184,-1.73108721,-1.67979443
4104,5129,-0.07641863,-0.09298961,-0.04941217
4105,5130,0.37943220,0.33959472,0.39027923
4106,5131,0.62802112,0.60480851,0.61900431
4107,5132,1.95998240,1.97607648,1.97808754
4108,5134,-0.99528331,-1.07384515,-1.04395354
4109,5135,2.24661875,2.31082487,2.22255707
4110,5136,-2.38081336,-2.35497928,-2.33339787
4111,5137,-1.58202267,-1.59267712,-1.61243713
4112,5139,1.34407139,1.24072134,1.32290542
4113,5140,2.40855837,2.47013402,2.45960307
4114,5141,1.58216810,1.59889400,1.61080813
4115,5142,0.60555631,0.63143116,0.53004110
4116,5144,0.85950565,0.81478345,0.83978766
4117,5147,2.03863668,2.09474993,2.10065866
4118,5148,-1.66805398,-1.55093956,-1.55269015
4119,5151,-1.69070268,-1.66100371,-1.65953720
4120,5152,1.26518488,1.28439927,1.27806759
4121,5153,0.29604164,0.29675466,0.31123450
4122,5154,2.49114275,2.48389173,2.44088101
4123,5155,1.49842393,1.50261891,1.49861360
4124,5156,1.24179852,1.21695971,1.19748521
4125,5157,-2.51551104,-2.56983232,-2.51134253
4126,5158,1.60668814,1.63346529,1.63015270
4127,5159,-2.76897788,-2.91726232,-2.81328559
4128,5160,-1.19558167,-1.23705769,-1.17236972
4129,5161,-1.96147013,-2.03570771,-2.01838207
4130,5162,1.36004519,1.35555041,1.29068685
4131,5163,1.06098437,1.04628050,1.04340708
4132,5164,-0.42453128,-0.44518709,-0.40832010
4133,5165,1.27716708,1.31380117,1.33702922
4134,5167,2.03871346,2.00204563,2.10053420
4135,5168,0.60362738,0.57433170,0.58689624
4136,5169,1.94477999,1.95154274,1.99220431
4137,5170,1.40828955,1.40875375,1.41869211
4138,5171,2.11051321,2.13130045,2.15125489
4139,5172,0.31536227,0.33166558,0.40326402
4140,5174,1.93384790,1.95036948,2.00881314
4141,5175,0.78147846,0.85291612,0.87062049
4142,5176,0.97737533,0.94871002,0.97857302
4143,5177,-2.68253565,-2.70450115,-2.67668128
4144,5178,1.04293430,1.15721714,1.08405125
4145,5179,1.28669608,1.25271070,1.32837534
4146,5180,-2.41706252,-2.45441222,-2.38151574
4147,5181,0.01356962,-0.05292511,0.03808597
4148,5182,-0.60703236,-0.55181211,-0.55263036
4149,5183,0.23766983,0.28748813,0.25137106
4150,5185,1.91870141,1.90717363,1.86895967
4151,5186,1.08879852,1.10250247,1.17898667
4152,5187,1.69479370,1.70223975,1.70831311
4153,5189,-3.45708823,-3.54788589,-3.50911069
4154,5190,0.79758483,0.78030694,0.76220530
4155,5191,-0.06387436,0.00480972,-0.04947809
4156,5192,-1.41778541,-1.41715002,-1.37722909
4157,5193,-1.92552614,-1.93661618,-1.87122595
4158,5194,0.66229779,0.67541242,0.67152196
4159,5198,-1.61885929,-1.65206623,-1.58247435
4160,5199,1.56625414,1.55944514,1.56769454
4161,5200,1.10310221,1.09767640,1.08031344
4162,5201,0.47662020,0.51051629,0.52684337
4163,5202,0.67707515,0.63055694,0.60983205
4164,5203,1.98041511,2.02191901,1.96925688
4165,5204,1.00378370,1.02750242,1.06044233
4166,5206,-4.26453066,-4.29084873,-4.30333853
4167,5207,1.63954103,1.65093637,1.67462909
4168,5208,-1.57314563,-1.57116127,-1.43201911
4169,5210,-0.62055856,-0.62480986,-0.62363440
4170,5211,0.75998449,0.76602125,0.83884352
4171,5212,-1.45957839,-1.51116049,-1.49984026
4172,5213,0.76333517,0.76644784,0.77783877
4173,5214,-0.35611808,-0.28348625,-0.36487219
4174,5216,-1.71311760,-1.74738145,-1.72867000
4175,5219,-2.91958046,-2.93298292,-2.92513633
4176,5220,0.68759817,0.72037119,0.76246059
4177,5221,1.57755995,1.66334462,1.66024768
4178,5222,-0.36158603,-0.40706158,-0.36409923
4179,5224,-2.78527737,-2.88946176,-2.78979754
4180,5226,1.83674288,1.80167794,1.85526431
4181,5227,0.86353964,0.82372850,0.86532730
4182,5229,0.07352274,0.10336028,0.18813437
4183,5231,0.19769984,0.16309804,0.20292971
4184,5233,0.02238042,0.01711067,-0.03319643
4185,5234,1.85380268,1.83371568,1.91479838
4186,5235,-2.02150059,-2.12950563,-2.05872011
4187,5236,1.72718894,1.67945075,1.68467784
4188,5237,0.15128997,0.13954742,0.20909116
4189,5238,1.24580264,1.13469362,1.13341093
4190,5239,-0.78216583,-0.80980045,-0.75625998
4191,5240,3.37784886,3.43590450,3.38817263
4192,5241,1.25925589,1.27528250,1.31459951
4193,5242,-0.71671516,-0.71916622,-0.77112526
4194,5243,-0.77947271,-0.81830597,-0.74140304
4195,5245,0.29845130,0.29487172,0.32531753
4196,5246,0.84175211,0.85826874,0.89865142
4197,5247,1.36324322,1.35049057,1.30903018
4198,5249,-3.22857213,-3.27318573,-3.22663951
4199,5250,0.54838550,0.54327571,0.47695589
4200,5251,-2.18083405,-2.27959776,-2.19261265
4201,5252,0.52014589,0.56766856,0.54428297
4202,5253,0.86885947,0.84273958,0.82244104
4203,5254,2.92955732,2.97260809,3.01804924
4204,5255,-2.69848800,-2.72913194,-2.60580063
4205,5256,0.18968120,0.22425307,0.19891411
4206,5257,0.51119697,0.54018754,0.52101409
4207,5258,1.17848444,1.18617845,1.22903275
4208,5259,-0.73151374,-0.73091787,-0.71642798
4209,5260,1.03465927,1.08112860,1.00079644
4210,5261,-0.53080958,-0.57117146,-0.56013930
4211,5262,-0.95555753,-0.97782713,-0.99589556
4212,5264,2.70683813,2.71185350,2.66678739
4213,5265,-0.50162953,-0.55346739,-0.55349141
4214,5267,0.66525084,0.62347341,0.71920228
4215,5268,1.47923183,1.50499058,1.49477696
4216,5270,-3.32949758,-3.44211984,-3.30339646
4217,5271,1.72715902,1.73233247,1.74803364
4218,5272,-2.02295256,-2.06135082,-2.01178360
4219,5273,-3.77719402,-3.81540799,-3.73838973
4220,5274,2.74031353,2.80406976,2.79211783
4221,5276,3.20577455,3.25716543,3.21514249
4222,5277,-0.23642254,-0.24228783,-0.20776320
4223,5278,-0.15096357,-0.13846236,-0.14404514
4224,5279,-0.04866520,-0.05029166,-0.01131482
4225,5280,0.33822334,0.23100807,0.26731279
4226,5281,0.88641196,0.92008495,0.88237524
4227,5283,-3.09387541,-3.21419001,-3.09896350
4228,5284,1.84622645,1.89345193,1.84590030
4229,5287,1.25466704,1.24944651,1.26982224
4230,5288,-2.72110820,-2.76796579,-2.81097603
4231,5289,0.06130908,0.08778684,0.05698567
4232,5290,2.65893841,2.65380192,2.62163329
4233,5291,-0.54075724,-0.43355328,-0.50418991
4234,5292,1.35732925,1.41008747,1.42254221
4235,5293,-0.12234283,-0.18561380,-0.10496167
4236,5294,0.33704579,0.27405411,0.31160066
4237,5295,2.18802905,2.20087385,2.15794921
4238,5298,-0.55687708,-0.51125693,-0.47522494
4239,5300,-0.10806382,-0.16493446,-0.09041522
4240,5301,-0.12639418,-0.14121453,-0.12850347
4241,5302,0.85808128,0.87109619,0.89002723
4242,5303,-1.33875847,-1.37794626,-1.28472483
4243,5305,0.71143144,0.79215389,0.75192010
4244,5306,0.38719663,0.23604476,0.30395371
4245,5309,2.18960524,2.23507547,2.20133924
4246,5310,-2.58931589,-2.62874508,-2.57377267
4247,5311,2.69327331,2.76812863,2.75890470
4248,5312,-2.43839359,-2.45495963,-2.43991685
4249,5314,1.53133094,1.51999831,1.57628119
4250,5315,0.69823593,0.66702378,0.65781134
4251,5316,-1.75977790,-1.71843350,-1.66624141
4252,5317,2.14430285,2.12706900,2.13401675
4253,5318,2.14195395,2.23662972,2.15686727
4254,5319,-1.48745084,-1.57983541,-1.48145878
4255,5321,-2.38516402,-2.46925664,-2.44877315
4256,5322,-2.99518204,-2.97001266,-2.91230083
4257,5323,-0.07990063,-0.01777728,-0.09644047
4258,5324,-0.51877975,-0.55079287,-0.56026626
4259,5325,2.30024862,2.31041098,2.30731392
4260,5326,0.89402694,0.90874428,0.94996077
4261,5327,0.21862715,0.21660259,0.24859372
4262,5328,2.66379046,2.71505952,2.67391467
4263,5329,0.43020374,0.39864987,0.42523268
4264,5330,-0.78115422,-0.83342701,-0.74812746
4265,5331,0.12625444,0.10547282,0.16261205
4266,5332,1.47388065,1.49418259,1.49732792
4267,5333,-2.25887585,-2.22735333,-2.24985719
4268,5334,-3.67655230,-3.69759226,-3.61715341
4269,5335,-0.45141023,-0.49624968,-0.39590079
4270,5338,1.38188636,1.36028934,1.41172719
4271,5341,0.83670181,0.84248549,0.87488288
4272,5342,-4.11607647,-4.16800213,-4.22123289
4273,5343,1.62883127,1.73985136,1.64826536
4274,5344,0.21937603,0.25191480,0.27569211
4275,5346,2.35831285,2.39549351,2.39082217
4276,5347,0.85222644,0.84179568,0.85845500
4277,5348,-1.82106566,-1.76626384,-1.74951088
4278,5349,2.04253197,2.04563451,2.00977063
4279,5350,-2.69591165,-2.74253368,-2.56924701
4280,5351,1.07915270,1.10017967,1.07197690
4281,5352,1.25110710,1.21959531,1.21578395
4282,5353,2.38253832,2.37045002,2.37661695
4283,5354,-7.18992567,-7.24001026,-7.23277712
4284,5356,1.88032055,1.89122820,1.84326708
4285,5357,0.34067661,0.34095609,0.38431364
4286,5358,-3.03433895,-3.12735415,-3.04026675
4287,5359,0.28856641,0.30333015,0.31241399
4288,5360,-1.35000002,-1.41454995,-1.27692676
4289,5361,-1.84192801,-1.85664845,-1.73971689
4290,5362,-1.40620923,-1.49437904,-1.41212261
4291,5363,0.76139337,0.79627436,0.82700181
4292,5364,-2.02162504,-2.15684509,-2.14843464
4293,5365,-2.24431968,-2.27696609,-2.26042271
4294,5366,-1.42961669,-1.52016568,-1.42067504
4295,5367,-0.15141693,-0.11246069,-0.06401310
4296,5368,1.31880653,1.25132298,1.27468133
4297,5369,-0.44223648,-0.37629712,-0.42848918
4298,5370,2.97137594,2.90226746,3.04788208
4299,5371,0.58196896,0.55782133,0.63715249
4300,5372,-1.14806652,-1.18623042,-1.11668289
4301,5373,0.52493346,0.54073381,0.52030003
4302,5374,0.36097303,0.34694654,0.35600379
4303,5375,1.79237032,1.83856463,1.87033665
4304,5376,-1.15274417,-1.15456879,-1.06205595
4305,5377,0.26481164,0.21616970,0.27112734
4306,5379,1.53453112,1.55085790,1.56472433
4307,5381,-1.37824631,-1.41079354,-1.35973847
4308,5383,0.54843664,0.54700351,0.58134884
4309,5384,0.32875204,0.32786041,0.32112578
4310,5385,-0.18383071,-0.14217974,-0.08251040
4311,5386,1.04096067,1.08831418,1.12725472
4312,5387,0.66580927,0.71367198,0.63298529
4313,5388,-0.71445757,-0.73428309,-0.67388004
4314,5389,1.61090493,1.63587761,1.69057608
4315,5390,2.35669374,2.36260033,2.40092421
4316,5391,2.54213142,2.53270245,2.52854109
4317,5392,-0.57792729,-0.60175937,-0.53320098
4318,5393,1.65040112,1.72597575,1.63091552
4319,5394,0.08828055,0.06346859,0.12445586
4320,5395,-0.97393018,-0.99287814,-0.99979991
4321,5396,1.23127604,1.16692662,1.18301964
4322,5398,-2.17218852,-2.44793606,-2.35700870
4323,5399,-1.57431030,-1.59570527,-1.62140679
4324,5400,-1.75018156,-1.77158952,-1.75074410
4325,5401,0.94423777,1.00257194,1.01690733
4326,5402,-0.76047200,-0.77435547,-0.79265201
4327,5404,0.97844142,0.99089152,1.02922726
4328,5405,0.65148181,0.60712683,0.63616723
4329,5407,-0.90271074,-0.87686223,-0.92704898
4330,5409,1.61470985,1.62705779,1.64276254
4331,5410,-0.62198645,-0.61966747,-0.56462300
4332,5412,0.28399846,0.26330394,0.28043258
4333,5414,-0.38922927,-0.38799918,-0.33217272
4334,5415,-0.02749112,0.00779255,0.08256339
4335,5416,1.57420552,1.61481881,1.58403921
4336,5417,0.79102522,0.82201546,0.77802640
4337,5418,0.49967355,0.48815536,0.43983975
4338,5419,0.79676938,0.83559674,0.78967500
4339,5420,1.36075163,1.36044288,1.39603102
4340,5422,0.94058889,0.95380241,0.93346196
4341,5424,2.26469111,2.25253773,2.24516320
4342,5425,1.36865461,1.38067985,1.36478937
4343,5426,-5.26212168,-5.34831238,-5.22068453
4344,5427,-0.83722526,-0.82082516,-0.81739205
4345,5429,-0.00505007,0.03725004,0.04890918
4346,5430,1.89404488,1.95564866,1.95739448
4347,5431,0.26523596,0.30193064,0.31923467
4348,5432,-0.27414590,-0.29626942,-0.24930456
4349,5434,2.89312506,2.91806650,2.87388539
4350,5436,-0.33748341,-0.31515831,-0.30285266
4351,5437,-2.88835812,-2.90793037,-2.84477639
4352,5439,-2.52046347,-2.58436394,-2.53620744
4353,5440,1.38079011,1.38245320,1.43205285
4354,5441,0.23352396,0.34731275,0.30615824
4355,5443,1.06278265,1.08220673,1.04802406
4356,5444,2.23373818,2.28245211,2.19804573
4357,5445,1.59741688,1.67287397,1.59501576
4358,5446,0.85457569,0.84359711,0.83880752
4359,5447,2.52795839,2.50326300,2.50201225
4360,5449,0.88223279,0.93237400,0.86531061
4361,5450,2.63955355,2.65166354,2.60250664
4362,5451,-1.74505544,-1.82120538,-1.75301778
4363,5453,0.81260866,0.78623563,0.79881746
4364,5454,-0.78589863,-0.79203779,-0.76549935
4365,5455,2.84292293,2.90446281,2.87611842
4366,5457,0.96714020,0.95137298,0.96001405
4367,5458,0.32720453,0.25930017,0.24474704
4368,5459,-2.39150238,-2.35069585,-2.26134920
4369,5460,1.78032398,1.81795013,1.77857709
4370,5461,0.98457903,0.98716694,0.97119528
4371,5462,1.10852778,1.12599576,1.10453987
4372,5463,2.76991892,2.82614899,2.73145533
4373,5465,1.29895234,1.32064426,1.29889703
4374,5467,-0.87568933,-0.85574281,-0.79598981
4375,5468,-0.31658310,-0.30972993,-0.26071823
4376,5469,-2.90590811,-2.93896246,-2.89061761
4377,5470,1.23204470,1.25288701,1.30955827
4378,5471,1.63882875,1.66451848,1.67470980
4379,5473,-1.68207335,-1.67761159,-1.57243001
4380,5474,-1.96830535,-2.01900673,-1.93588912
4381,5475,-0.32581168,-0.32681638,-0.26170909
4382,5476,1.85267150,1.89008892,1.93359268
4383,5478,0.90179265,0.89121825,0.81348300
4384,5479,2.34647751,2.33682680,2.41390109
4385,5480,1.02170336,0.97490078,1.01975608
4386,5481,-0.59639961,-0.60413945,-0.58405244
4387,5482,1.23033881,1.27887893,1.22358859
4388,5484,1.35552788,1.38615417,1.40124261
4389,5485,-1.97892714,-2.00253963,-1.98624599
4390,5487,-0.80317658,-0.79257816,-0.73794162
4391,5489,-1.17287707,-1.21368575,-1.14192688
4392,5490,1.68845499,1.72938943,1.69645083
4393,5491,-2.31951094,-2.36955738,-2.40274835
4394,5492,2.23810315,2.25528812,2.25083566
4395,5493,2.63236666,2.65539360,2.68846703
4396,5494,-1.14843106,-1.21425068,-1.15288568
4397,5495,-1.75616717,-1.73971152,-1.75161755
4398,5496,-1.17090249,-1.20719147,-1.08898211
4399,5497,-0.52139258,-0.60382855,-0.55705798
4400,5498,0.07375885,0.06907181,0.07370470
4401,5499,-1.52435684,-1.43327808,-1.44647908
4402,5501,0.17982554,0.20616770,0.20127474
4403,5502,0.66540748,0.64383078,0.69769675
4404,5503,-1.36319995,-1.44305682,-1.37977540
4405,5504,0.50954849,0.49013567,0.52554899
4406,5507,2.10869431,2.12990999,2.15583110
4407,5508,2.05848026,2.04549360,2.03581524
4408,5511,2.23944616,2.19960523,2.20861268
4409,5512,1.61986756,1.62322807,1.68068111
4410,5513,-1.25467753,-1.31755292,-1.28139699
4411,5514,1.85241902,1.88848877,1.87266612
4412,5515,1.59546220,1.55406928,1.54419625
4413,5516,-2.05379200,-2.14467812,-2.01255012
4414,5517,-0.81207997,-0.84939438,-0.78397655
4415,5518,0.51697868,0.49548030,0.51220888
4416,5520,3.36303043,3.35319233,3.37028432
4417,5521,-2.01228786,-1.99116206,-1.87489736
4418,5522,0.74800229,0.70201004,0.67039102
4419,5523,0.32129678,0.29043382,0.30940756
4420,5524,-3.94698954,-3.87940311,-3.98505187
4421,5525,1.69741654,1.73300564,1.69867635
4422,5526,1.69539917,1.73106217,1.75999534
4423,5527,-0.97694033,-0.99369079,-0.92672473
4424,5528,-0.78021008,-0.74392593,-0.75024384
4425,5529,1.49655604,1.40172315,1.40002084
4426,5530,-2.09209418,-2.03105545,-1.95875394
4427,5531,-0.17214334,-0.21956991,-0.18531382
4428,5532,-1.11472976,-1.11000109,-1.08103037
4429,5533,2.42485642,2.47288465,2.46631169
4430,5534,-0.96190542,-0.98004836,-1.01957119
4431,5535,2.17963648,2.25246024,2.15418077
4432,5536,-1.59581232,-1.57725334,-1.58552933
4433,5537,-2.45481300,-2.53577709,-2.41323733
4434,5538,1.82466698,1.81400323,1.82324278
4435,5540,-0.63719875,-0.57283837,-0.52833235
4436,5541,-2.47010779,-2.49103260,-2.33128977
4437,5542,1.34009576,1.32049084,1.35468376
4438,5543,2.26738048,2.28896832,2.34419107
4439,5544,-2.28060699,-2.30839157,-2.31456804
4440,5545,1.16746104,1.20801497,1.15821469
4441,5546,2.43407393,2.43714571,2.50453806
4442,5547,1.21337128,1.19133604,1.24750102
4443,5552,2.62076712,2.68069720,2.65310574
4444,5553,0.04665827,0.04858615,0.06000467
4445,5554,-1.57686234,-1.56277978,-1.56315768
4446,5555,2.37285304,2.38466334,2.35909867
4447,5556,1.41245103,1.41440666,1.41044915
4448,5557,1.56074190,1.54298961,1.49245250
4449,5558,1.55672932,1.47920060,1.55254829
4450,5561,0.83635789,0.83048129,0.85860956
4451,5562,1.57309461,1.58461106,1.62757611
4452,5563,1.70384431,1.68894958,1.70396912
4453,5564,-3.47389889,-3.48589563,-3.44134426
4454,5565,-0.85929412,-0.90910822,-0.85265857
4455,5566,-1.24871111,-1.33977985,-1.22628379
4456,5567,0.85745758,0.86788362,0.86088264
4457,5568,-1.45798755,-1.47746205,-1.48339343
4458,5569,-0.98314375,-0.98738474,-0.96824712
4459,5570,1.83434939,1.82680130,1.81637132
4460,5574,-0.41042444,-0.41760284,-0.43279228
4461,5576,2.18916178,2.17101836,2.10514045
4462,5577,3.19919586,3.19771838,3.17642474
4463,5578,-1.31537676,-1.37281156,-1.35941029
4464,5579,-0.11567768,-0.16151834,-0.18352434
4465,5580,0.98333186,1.02526784,1.00190151
4466,5581,-0.07699209,-0.10810246,-0.10634065
4467,5582,1.40407574,1.42657971,1.41784525
4468,5583,-2.69860220,-2.70434093,-2.74136925
4469,5584,0.49303746,0.50655717,0.47762772
4470,5587,2.46562052,2.52090168,2.45426106
4471,5589,0.47888592,0.50170040,0.49913505
4472,5591,-2.59767437,-2.64357567,-2.63391685
4473,5592,-1.40403032,-1.50307035,-1.47987473
4474,5593,2.00251794,2.00643444,1.95821404
4475,5594,0.94953835,0.93450916,0.97391576
4476,5595,-1.82875133,-1.86404157,-1.73661578
4477,5596,-0.84029484,-0.88924009,-0.81234694
4478,5598,1.38804269,1.41866934,1.46212709
4479,5599,-2.85923290,-2.87981176,-2.86599898
4480,5600,-1.07110310,-1.09005713,-1.04478157
4481,5601,-1.24339092,-1.28613162,-1.26651442
4482,5602,-1.66620374,-1.67419434,-1.60916758
4483,5604,-4.94916296,-4.66373777,-4.85732126
4484,5605,1.42387581,1.47058237,1.38629639
4485,5606,0.75491899,0.77923828,0.80225688
4486,5607,-2.12579346,-2.15655375,-2.15607190
4487,5609,-1.09566915,-1.15360141,-1.05791128
4488,5610,-4.18790770,-4.33801270,-4.24174356
4489,5611,-2.14847088,-2.13053823,-2.05919099
4490,5613,2.70458412,2.70497775,2.70106649
4491,5614,-2.61733246,-2.66657543,-2.67619038
4492,5615,0.99708027,1.01081121,0.98069060
4493,5617,1.54187751,1.60079002,1.57924044
4494,5618,0.30619898,0.31567776,0.33568025
4495,5619,1.33251524,1.38320827,1.32523751
4496,5620,-4.95664215,-4.87309551,-4.88622665
4497,5623,1.49948049,1.61397314,1.56566107
4498,5625,0.96465009,1.00419354,0.97255605
4499,5626,2.22325230,2.24025536,2.26213026
4500,5627,0.16623333,0.21646596,0.13035372
4501,5628,-3.02806091,-2.95153141,-3.02540755
4502,5630,-3.10286665,-3.16920567,-3.11171985
4503,5631,-0.24347931,-0.27676392,-0.19067708
4504,5632,1.64694250,1.73377585,1.68971455
4505,5633,2.75451899,2.76911402,2.76210713
4506,5634,1.62943518,1.61356568,1.62707603
4507,5635,0.52339172,0.62674755,0.70815110
4508,5636,-1.40178275,-1.36430335,-1.37382960
4509,5637,0.76514769,0.75404352,0.73912436
4510,5638,2.01321697,2.03621268,2.06788588
4511,5639,1.51820326,1.57554936,1.53620839
4512,5640,-1.91468334,-2.03039289,-2.00274777
4513,5641,0.09204604,0.10297057,0.13102038
4514,5642,0.90397769,0.91944063,0.98037040
4515,5643,1.63219190,1.65475726,1.61181724
4516,5645,2.48211288,2.54994559,2.54472232
4517,5646,-0.73333204,-0.76550537,-0.70860660
4518,5647,1.43798244,1.44981194,1.48431551
4519,5648,-0.17082036,-0.20409937,-0.10329472
4520,5649,0.57123578,0.61727083,0.59285152
4521,5650,1.61760831,1.57907820,1.59819210
4522,5651,-2.83676720,-2.85322309,-2.83838773
4523,5652,0.04453810,0.00615159,0.03515704
4524,5653,1.47149813,1.48275185,1.44016683
4525,5654,0.83612841,0.78878260,0.84898239
4526,5655,-0.77804554,-0.76547033,-0.76836765
4527,5656,1.40586483,1.36273789,1.38275838
4528,5657,2.29330277,2.29820824,2.28506064
4529,5659,0.19732317,0.20333694,0.24780130
4530,5660,1.45692945,1.45939016,1.49412930
4531,5662,2.40453291,2.45924354,2.36506724
4532,5663,1.20535028,1.22357154,1.20945823
4533,5664,1.24737966,1.22263598,1.25456321
4534,5667,-0.08474693,-0.05633374,-0.02606053
4535,5668,-1.12452531,-1.08540273,-1.04792881
4536,5669,2.15093422,2.19521832,2.17096138
4537,5670,2.59501791,2.62715626,2.61449599
4538,5671,2.81658506,2.83412361,2.82108283
4539,5672,-1.97564507,-2.01258492,-1.93465483
4540,5673,1.76474965,1.79525626,1.85311615
4541,5674,1.95315731,1.90553010,1.98345995
4542,5675,2.52372670,2.55197287,2.51642990
4543,5676,0.45559284,0.44542718,0.40384257
4544,5677,1.32487464,1.46221924,1.38837898
4545,5678,2.19899487,2.24512291,2.26209092
4546,5679,0.01416040,-0.03188384,0.01926763
4547,5680,-2.69795322,-2.76245022,-2.76116109
4548,5681,-1.16810727,-1.12569630,-1.11167896
4549,5682,-1.22666657,-1.22690177,-1.23132443
4550,5683,-1.52938223,-1.58295226,-1.56805825
4551,5684,-1.65812182,-1.59621406,-1.63982368
4552,5685,0.79855341,0.80389637,0.86484045
4553,5686,-2.39336300,-2.36750436,-2.36162496
4554,5689,1.93750298,1.93524909,1.94921863
4555,5690,1.27243924,1.27369237,1.23868787
4556,5691,0.42085284,0.39349419,0.45210862
4557,5692,0.58310163,0.67882150,0.66203773
4558,5694,-0.62037379,-0.66414148,-0.61412859
4559,5695,1.87271929,1.89236557,1.84788430
4560,5696,2.51347446,2.42112708,2.38902473
4561,5697,-0.84502006,-0.86433047,-0.76975191
4562,5698,-0.41389385,-0.49941498,-0.36381501
4563,5700,0.47190669,0.45833147,0.47562712
4564,5701,1.35858583,1.35151923,1.43291974
4565,5702,0.42851076,0.39812022,0.36951301
4566,5703,0.50511426,0.44504422,0.49254790
4567,5704,0.24360564,0.28333467,0.22169396
4568,5705,-0.41843915,-0.40061003,-0.33025602
4569,5706,-2.35566235,-2.32116032,-2.30934477
4570,5707,2.43297291,2.50299144,2.43918777
4571,5708,0.59985620,0.57006836,0.62175786
4572,5709,-1.37833095,-1.37712598,-1.33741605
4573,5710,-0.17216244,-0.15117158,-0.02885076
4574,5711,0.00022528,0.09114514,0.02597754
4575,5712,-2.26191854,-2.33447886,-2.27745891
4576,5713,-1.21130204,-1.20656335,-1.11923909
4577,5714,0.95443809,0.96577090,0.96017480
4578,5715,-2.01911163,-2.01809645,-2.00440335
4579,5718,1.84442329,1.79450798,1.86593938
4580,5719,1.17488909,1.21124613,1.24912596
4581,5724,0.36112472,0.35816318,0.35764724
4582,5725,-1.23072362,-1.18855011,-1.13783658
4583,5726,1.42577624,1.45604408,1.45370638
4584,5730,-3.72265530,-3.63184381,-3.64980960
4585,5731,-3.11166620,-3.19834042,-3.11981654
4586,5732,-3.29979181,-3.39965248,-3.32844830
4587,5733,0.35692549,0.37822723,0.41449675
4588,5734,1.36634040,1.40735900,1.43861735
4589,5737,0.89089328,0.88062859,0.84792048
4590,5738,0.25143424,0.18368310,0.18332069
4591,5739,-3.44735789,-3.46368361,-3.35382605
4592,5740,2.15706182,2.17333245,2.20490575
4593,5741,1.73881423,1.75785208,1.77221048
4594,5742,1.68667555,1.65502012,1.64555728
4595,5743,0.21577558,0.27893794,0.25055528
4596,5745,0.67170471,0.76035446,0.74349636
4597,5746,0.87291014,0.87039137,0.85192889
4598,5747,0.70798665,0.86589581,0.85132819
4599,5748,0.66410756,0.68039155,0.64992547
4600,5749,0.27540839,0.23495327,0.25866893
4601,5750,-0.76719946,-0.70718247,-0.75328362
4602,5751,1.11971533,1.07302833,1.03856778
4603,5753,-3.19108486,-3.21313667,-3.14990592
4604,5754,0.83132899,0.83175731,0.82359165
4605,5755,1.80501175,1.79650533,1.79830766
4606,5756,-0.38019907,-0.46403736,-0.38797361
4607,5757,1.43109655,1.44592619,1.38669777
4608,5758,-2.61826348,-2.59491944,-2.56397867
4609,5759,0.02917974,-0.00958470,0.01646089
4610,5760,0.02586287,0.03246433,0.04142334
4611,5763,0.89402962,0.94645494,0.94864744
4612,5764,-1.23915744,-1.34179759,-1.16115975
4613,5765,1.73855376,1.73202372,1.65974832
4614,5766,1.64523387,1.72584879,1.62207735
4615,5767,2.11228752,2.14010096,2.14992142
4616,5768,1.42971325,1.43379653,1.43206584
4617,5769,-4.85991049,-4.61596012,-4.69474840
4618,5770,-0.90032631,-0.93194443,-0.84156543
4619,5771,-0.84660465,-0.82454973,-0.85543352
4620,5772,1.18952179,1.17953491,1.20175481
4621,5773,-0.51185751,-0.51359993,-0.48872319
4622,5774,0.69588721,0.70469999,0.61177522
4623,5775,-0.11512133,-0.08952148,-0.10064533
4624,5776,1.82215095,1.86847234,1.86404693
4625,5777,2.29195881,2.37137556,2.26829910
4626,5778,-0.99089259,-1.05306685,-0.99874252
4627,5780,2.40845847,2.45944452,2.40231824
4628,5782,-2.59113884,-2.58927727,-2.53152704
4629,5784,0.49954271,0.53856117,0.53170735
4630,5785,-2.57064486,-2.64265966,-2.49231672
4631,5786,0.84694314,0.85244983,0.87315351
4632,5787,1.83707738,1.95526457,1.86738420
4633,5788,-1.40887415,-1.40581739,-1.36336291
4634,5789,-0.07304353,-0.04554088,0.03547958
4635,5791,-1.32452357,-1.35221457,-1.29757905
4636,5792,1.18373346,1.26358008,1.16405058
4637,5793,0.93037945,0.95566130,0.93926281
4638,5794,1.61432481,1.58939028,1.63734424
4639,5795,-3.73533416,-3.81953740,-3.75896811
4640,5796,1.04129887,1.01330376,1.01350772
4641,5798,0.84013039,0.90826678,0.86169940
4642,5800,2.40074849,2.40296721,2.39625812
4643,5801,2.90359473,2.98954320,2.92831397
4644,5802,0.73800594,0.67719036,0.72404313
4645,5803,1.80468178,1.80111098,1.78567195
4646,5804,-1.36007249,-1.36204290,-1.51741290
4647,5805,1.05144918,1.09978271,1.03175414
4648,5806,1.46175361,1.53013051,1.55551207
4649,5808,-0.91438109,-0.96342462,-0.86035740
4650,5809,-2.71046209,-2.71503210,-2.59993768
4651,5810,1.79771376,1.83952224,1.84787142
4652,5811,-1.63254142,-1.66602850,-1.60511982
4653,5812,1.84065318,1.86606717,1.84229267
4654,5813,-1.46510315,-1.48213255,-1.39960825
4655,5815,2.16294765,2.11981654,2.13947749
4656,5817,0.48907694,0.46728253,0.46374631
4657,5818,-4.23234797,-4.33170128,-4.29529428
4658,5819,-0.78479719,-0.82509303,-0.75619787
4659,5820,-2.73021555,-2.79630661,-2.64835858
4660,5821,-3.53727484,-3.51833725,-3.41493106
4661,5822,2.22321939,2.24263811,2.21618700
4662,5823,-0.78030533,-0.78145391,-0.70616531
4663,5824,-0.75155628,-0.71829987,-0.73110896
4664,5825,0.14907318,0.14336158,0.19341390
4665,5826,2.30310106,2.29227161,2.30005169
4666,5827,0.62112910,0.69733953,0.64334583
4667,5829,-4.72502089,-4.74667072,-4.71661139
4668,5830,1.54501915,1.57184625,1.58349741
4669,5831,-0.94623917,-0.91690731,-0.91395396
4670,5832,2.33529902,2.42161751,2.40159035
4671,5833,2.20262837,2.21554518,2.15708828
4672,5836,1.11156607,0.97525650,1.05792403
4673,5837,2.12305474,2.13240290,2.14908028
4674,5838,-1.15577459,-1.16120708,-1.16579437
4675,5839,-2.80462074,-2.88431263,-2.82823205
4676,5840,1.68614709,1.68886781,1.72646749
4677,5841,1.32116938,1.34386694,1.33754182
4678,5842,1.66819453,1.66905558,1.71158159
4679,5843,-1.82715845,-1.82650042,-1.79686630
4680,5844,0.25403482,0.25819701,0.21708471
4681,5846,2.54461527,2.55389738,2.61900806
4682,5847,-3.18587160,-3.29269171,-3.15105414
4683,5849,2.32163763,2.34715271,2.33890128
4684,5850,2.30267358,2.32630348,2.32548070
4685,5851,-0.64973187,-0.69859523,-0.73690969
4686,5852,0.99099481,1.00194120,1.01629567
4687,5855,1.79113019,1.78156245,1.76258171
4688,5856,-0.12882483,-0.24247856,-0.16047785
4689,5857,-1.06699967,-1.08169270,-1.03259873
4690,5858,0.01030628,0.03006598,0.11066307
4691,5859,2.24241686,2.31286240,2.31325912
4692,5860,0.15591425,0.19094548,0.23194045
4693,5861,1.12738180,1.15908217,1.17980385
4694,5862,0.28135186,0.29818618,0.36224195
4695,5864,-1.30018640,-1.31773913,-1.36606014
4696,5865,-1.93228793,-1.95274401,-1.89702785
4697,5866,1.70752370,1.69421983,1.70685017
4698,5867,0.77520472,0.77612376,0.75883955
4699,5868,1.43301558,1.43685353,1.50890887
4700,5871,-0.22470170,-0.19473670,-0.19812548
4701,5872,-1.25572991,-1.26807857,-1.22057247
4702,5875,0.22465119,0.22015359,0.35011354
4703,5876,0.27352673,0.25182867,0.24320382
4704,5879,0.95908242,1.05059600,1.04187870
4705,5881,0.71495122,0.63600129,0.69683409
4706,5883,-1.27892756,-1.41238797,-1.37367904
4707,5884,-0.47916096,-0.44040960,-0.45238259
4708,5885,-4.78752232,-4.77556038,-4.72017527
4709,5886,3.04440618,3.03847384,3.08089232
4710,5887,0.60422969,0.61184824,0.63305092
4711,5888,2.45064831,2.46664190,2.40329242
4712,5891,1.18613350,1.18762922,1.22938502
4713,5896,-0.01079928,0.07194681,0.02078595
4714,5897,-0.35069948,-0.30878806,-0.30632249
4715,5898,1.15565658,1.13861430,1.15978396
4716,5899,1.32834291,1.35209143,1.35637653
4717,5900,1.03118181,1.10577464,1.11211348
4718,5901,0.02774609,0.03013031,0.03256207
4719,5902,2.87294960,2.88581586,2.87658739
4720,5904,0.05419474,0.07736814,0.10075038
4721,5906,-0.74000162,-0.83034676,-0.73850620
4722,5907,0.01805609,0.03309663,0.03063247
4723,5908,-0.22423688,-0.28885466,-0.27882734
4724,5909,1.76574230,1.78899455,1.78529990
4725,5910,-0.03625273,0.00115715,0.05339395
4726,5911,1.30021214,1.39248598,1.42440617
4727,5912,-1.67516923,-1.72278881,-1.65573072
4728,5913,2.41562581,2.38751292,2.40201068
4729,5914,-2.34564829,-2.44921517,-2.36284876
4730,5915,1.74395275,1.77349937,1.66325414
4731,5916,0.57019633,0.61472327,0.58383548
4732,5917,-0.03006304,0.03509048,0.03592775
4733,5919,1.64142656,1.66400886,1.60031247
4734,5920,0.85625273,0.86647803,0.89419842
4735,5921,-2.55934858,-2.66300941,-2.58676076
4736,5922,0.00430366,0.00368364,-0.00500936
4737,5923,0.74902982,0.81943709,0.79424441
4738,5924,-0.27296904,-0.24986203,-0.21572620
4739,5927,-1.67876673,-1.62978721,-1.57765257
4740,5928,1.09695578,1.16426301,1.13626289
4741,5929,0.83110756,0.76174599,0.85049057
4742,5930,2.05057430,2.06124043,2.06631851
4743,5931,-0.07696962,-0.11220372,-0.03915334
4744,5932,-1.33830845,-1.35232306,-1.26752031
4745,5935,2.23991251,2.25427437,2.27421498
4746,5936,2.98998833,3.02311325,2.98802638
4747,5937,2.86504364,2.84007716,2.80763125
4748,5938,0.52378017,0.50222003,0.53939712
4749,5939,2.47823572,2.53325582,2.56622267
4750,5941,-0.16844621,-0.22245930,-0.13041189
4751,5942,-0.06720994,-0.21866979,-0.12686285
4752,5943,-0.50520796,-0.51988119,-0.50228959
4753,5944,-1.37669563,-1.45801222,-1.33644497
4754,5946,0.60271150,0.60436952,0.61479723
4755,5947,1.70384622,1.73469818,1.73308921
4756,5948,-0.78267664,-0.84282976,-0.75894386
4757,5949,3.19513702,3.23324633,3.18110013
4758,5950,1.47913980,1.45730424,1.46975327
4759,5951,1.22073293,1.22478676,1.29288912
4760,5952,1.86838531,1.88258743,1.88133240
4761,5953,0.67739362,0.72835654,0.73116738
4762,5954,3.13989162,3.17780137,3.15031266
4763,5955,-2.14106488,-2.14716721,-2.14484954
4764,5958,-1.81269896,-2.07630706,-2.05657673
4765,5961,-2.12845850,-2.12702799,-2.11334181
4766,5962,1.27441955,1.25907469,1.28772056
4767,5963,1.81321597,1.76739562,1.79503620
4768,5964,2.15937662,2.16458321,2.16288662
4769,5965,1.04404724,1.04473829,0.99495560
4770,5966,0.68926525,0.67775643,0.69440633
4771,5967,0.38975751,0.33728683,0.40576205
4772,5969,1.74480915,1.73476672,1.72844946
4773,5970,-1.11624360,-1.20410252,-1.17139220
4774,5972,0.64735746,0.70422453,0.65339559
4775,5974,1.64499140,1.69835699,1.72256100
4776,5975,2.00806308,1.99709046,2.03136039
4777,5978,0.16352589,0.11299168,0.14437753
4778,5979,1.74420798,1.88805377,1.73115289
4779,5980,-0.55715895,-0.58598334,-0.63081664
4780,5983,-3.39596963,-3.49830508,-3.45273447
4781,5984,-1.66280413,-1.62856543,-1.59564340
4782,5985,0.78947181,0.85775661,0.86570579
4783,5986,-1.24002171,-1.28546000,-1.20898855
4784,5987,-2.32885027,-2.41396070,-2.36185288
4785,5989,-0.45781660,-0.39838940,-0.41270015
4786,5992,1.56379533,1.62379909,1.57021964
4787,5993,2.38598633,2.46569347,2.32179213
4788,5995,2.40331888,2.40449762,2.39946699
4789,5996,-0.92269325,-0.93253309,-0.85724825
4790,5997,-0.08642032,-0.05609411,-0.04783694
4791,5998,1.47118723,1.50008726,1.47945952
4792,5999,-2.62274075,-2.47334790,-2.48700285
4793,6000,0.14620556,0.14393120,0.11183106
4794,6001,-0.41742006,-0.52868974,-0.44498238
4795,6003,2.08418202,2.08716941,2.10851097
4796,6004,1.03803658,1.12248862,1.10874832
4797,6005,0.95901269,0.97070819,0.99157363
4798,6006,0.00955068,-0.05995019,-0.01201545
4799,6008,-0.40753257,-0.35370880,-0.31740341
4800,6009,-0.88730955,-0.91139251,-0.87572211
4801,6010,0.31188688,0.34096563,0.33302939
4802,6011,-1.08523178,-1.14469576,-1.18459439
4803,6012,1.14983606,1.19348145,1.21813273
4804,6013,-0.18504798,-0.19111283,-0.12881884
4805,6015,1.69349968,1.66024399,1.67879522
4806,6017,0.90935117,0.93125671,0.97974163
4807,6018,-0.58144140,-0.59598750,-0.54189980
4808,6019,1.00348210,0.99088997,1.00541770
4809,6020,-1.29676580,-1.25472069,-1.25233352
4810,6021,1.13047540,1.15399885,1.13985765
4811,6022,-2.06977272,-2.06436253,-2.06243944
4812,6023,-0.00537215,0.03541616,0.05108843
4813,6026,1.86517477,1.88919353,1.88076949
4814,6027,-2.01515889,-1.99413061,-1.95396101
4815,6028,0.50130022,0.39935082,0.44257274
4816,6029,0.86601758,0.75976568,0.80011278
4817,6030,-3.20037866,-3.26963186,-3.22932172
4818,6032,2.62781739,2.63199186,2.61993766
4819,6033,0.20686427,0.17604864,0.26131532
4820,6034,-0.87485594,-0.94121927,-0.91632098
4821,6035,-2.90874195,-2.96923423,-2.95922351
4822,6036,1.49475527,1.53898287,1.50465059
4823,6037,-1.11124337,-1.14331055,-1.15155661
4824,6038,-2.07812309,-2.15090394,-2.08997607
4825,6039,0.62587255,0.67862809,0.68081671
4826,6040,0.20640889,0.17460412,0.22153565
4827,6042,2.39132905,2.45762300,2.42261052
4828,6043,1.84096467,1.74625492,1.82044947
4829,6045,-1.01845741,-1.05584335,-0.97414416
4830,6046,-3.19937634,-3.32255125,-3.28650665
4831,6047,1.50242090,1.50896347,1.53777456
4832,6048,-2.22256851,-2.23804188,-2.36936283
4833,6049,1.07180619,1.09500420,1.13194633
4834,6050,-1.20341039,-1.16338706,-1.16744161
4835,6051,0.58729637,0.55902845,0.57286596
4836,6052,-1.87595010,-1.88696551,-1.80782902
4837,6053,1.69349146,1.73646355,1.70901716
4838,6055,1.94528055,1.98654914,1.97292948
4839,6057,1.51531792,1.48956656,1.49218285
4840,6058,0.79227990,0.82721776,0.75916713
4841,6059,0.12920830,0.09640618,0.12796408
4842,6060,-1.58674490,-1.59811568,-1.52417040
4843,6061,1.68045878,1.68584538,1.71201777
4844,6062,-1.04600167,-0.99141032,-0.93133551
4845,6063,-1.62670875,-1.66151512,-1.66050172
4846,6064,-0.44380373,-0.46328872,-0.43596914
4847,6065,1.31265569,1.33719110,1.32828152
4848,6066,-1.88044834,-2.01731420,-2.00501966
4849,6067,-0.52288419,-0.56942517,-0.46457627
4850,6068,-1.87355781,-1.95421457,-1.85098350
4851,6069,-5.31968832,-5.47154474,-5.27538967
4852,6070,0.67475170,0.72360748,0.70333970
4853,6071,0.49959844,0.45038676,0.51772583
4854,6073,-0.68983084,-0.69585550,-0.61111277
4855,6074,-1.59955108,-1.63087106,-1.50759733
4856,6075,-2.92414236,-2.94786429,-2.86683965
4857,6076,-0.76010436,-0.72557777,-0.68347186
4858,6077,0.64367861,0.66705126,0.60615534
4859,6078,1.10903478,1.11948180,1.10540998
4860,6079,1.88711357,1.89420068,1.88592088
4861,6080,-1.27497721,-1.28950405,-1.21908319
4862,6082,1.85937536,1.86851239,1.87438381
4863,6083,1.68135571,1.68041492,1.67861485
4864,6084,0.84752601,0.91894352,0.89790666
4865,6086,2.01090574,2.04597044,1.99676502
4866,6087,0.72416526,0.73243290,0.77234393
4867,6088,-1.33448362,-1.39416814,-1.32862091
4868,6090,0.37464309,0.43749064,0.45587954
4869,6092,-0.99523729,-1.01281130,-0.98194212
4870,6093,-1.65562463,-1.62858748,-1.67657709
4871,6095,2.19557285,2.18555498,2.16688156
4872,6096,1.09859145,1.11349642,1.11895597
4873,6098,-3.38054323,-3.50109172,-3.37508702
4874,6099,1.02342904,1.02690947,1.07458723
4875,6100,-4.23267937,-4.28222418,-4.17254686
4876,6101,0.27134168,0.27277556,0.26715466
4877,6103,2.58126616,2.64790010,2.65156412
4878,6104,2.42917085,2.41743422,2.45077848
4879,6105,-3.06451774,-3.21291113,-3.05357504
4880,6106,0.39200222,0.35782868,0.44906935
4881,6107,2.57291722,2.56961393,2.59977937
4882,6108,-1.02230656,-1.12841249,-1.03208745
4883,6109,0.26565334,0.23880707,0.36333564
4884,6111,1.29759526,1.31169271,1.32947004
4885,6112,1.31844592,1.31400526,1.37337720
4886,6113,1.47843719,1.45074034,1.45666325
4887,6114,0.20603430,0.27847531,0.22241631
4888,6115,3.44058537,3.48807788,3.47655797
4889,6117,1.83859599,1.82602406,1.82250369
4890,6119,2.61031389,2.66205454,2.64822721
4891,6121,-0.73158413,-0.71161854,-0.72009802
4892,6122,1.70672965,1.70152831,1.72325408
4893,6123,1.25254798,1.26810503,1.28679037
4894,6124,2.02227187,2.03400326,2.01719379
4895,6125,1.31826925,1.26862669,1.30985367
4896,6127,-0.10348911,-0.10990462,-0.09949485
4897,6128,0.73553890,0.73103011,0.73437530
4898,6130,-3.43091297,-3.27684832,-3.34670353
4899,6131,-0.04406907,-0.06580850,-0.03374743
4900,6132,0.43839076,0.42769355,0.49734017
4901,6133,-0.95279974,-0.88577819,-0.87588525
4902,6135,0.12583816,0.17931196,0.20979205
4903,6136,-0.99720603,-0.99079162,-0.99156207
4904,6137,-1.10239041,-1.12376368,-1.08698022
4905,6138,2.56593895,2.60927391,2.58307409
4906,6139,2.41198254,2.38166380,2.39540100
4907,6140,0.50252718,0.58334297,0.56009024
4908,6142,-0.29989100,-0.38372409,-0.30656868
4909,6143,0.15926194,0.13962032,0.15322706
4910,6145,0.81409806,0.84728611,0.84147608
4911,6146,-0.77737564,-0.89281505,-0.73128390
4912,6147,0.02866804,-0.06032287,-0.00719650
4913,6148,-1.46484244,-1.50922310,-1.42863572
4914,6150,1.69018388,1.72512698,1.69342184
4915,6151,0.89635563,0.89097887,0.92036909
4916,6152,0.43634295,0.50745958,0.49395618
4917,6153,1.27387381,1.25950789,1.30604696
4918,6154,-1.72798216,-1.70610762,-1.61939740
4919,6155,0.75389689,0.73664576,0.71222740
4920,6157,-3.51622844,-3.64982271,-3.55302072
4921,6158,-4.38631487,-4.39020061,-4.35358524
4922,6159,-0.02316863,-0.10528339,-0.07657284
4923,6160,2.43359518,2.52302432,2.46997595
4924,6163,0.44907415,0.41736573,0.44968960
4925,6164,-3.93249464,-4.01938629,-3.95397210
4926,6165,-1.53941774,-1.58486784,-1.54496455
4927,6167,1.18511558,1.18455112,1.16720188
4928,6168,-0.65127963,-0.72682363,-0.66098005
4929,6169,2.19951344,2.24077916,2.22964549
4930,6170,0.81940490,0.80689639,0.81886524
4931,6171,-0.03278773,-0.05575478,0.00741154
4932,6172,1.01022327,1.00189781,1.04354906
4933,6174,1.17051411,1.25943124,1.23833966
4934,6175,-0.92018396,-0.95154184,-0.83617818
4935,6176,0.85641289,0.85306865,0.91003418
4936,6177,1.98271573,1.99348879,2.04394817
4937,6178,-2.09468412,-2.07337165,-2.08632755
4938,6179,1.64178085,1.61302352,1.67495453
4939,6180,1.30080020,1.28037333,1.28035939
4940,6182,-1.38711333,-1.41562843,-1.35135758
4941,6185,1.12734330,1.15380764,1.17857087
4942,6186,-0.77305204,-0.82565624,-0.85418814
4943,6187,0.00662600,0.01429085,0.02680815
4944,6190,-4.75070333,-4.81871414,-4.79186058
4945,6191,0.90262109,0.93778557,0.87922460
4946,6192,-2.18555784,-2.20097804,-2.13878441
4947,6193,-3.28964233,-3.46001720,-3.34758210
4948,6194,1.47574365,1.47005749,1.40203798
4949,6198,-0.02078468,-0.02687134,0.03376085
4950,6199,-0.45033365,-0.47332197,-0.48612228
4951,6200,-0.02696810,-0.07621287,-0.08560199
4952,6201,0.01579650,0.10231917,0.11016961
4953,6202,-0.24432498,-0.23763026,-0.15525189
4954,6204,-0.56769073,-0.57245642,-0.56701213
4955,6205,-2.04224491,-2.11024809,-2.02601862
4956,6206,1.63751531,1.66118479,1.70648825
4957,6207,0.52974409,0.58207440,0.59487516
4958,6208,0.10118560,0.03192540,0.06820873
4959,6209,1.66299939,1.68864846,1.73521471
4960,6211,1.63454008,1.61652827,1.60446012
4961,6213,-0.16517720,-0.21440764,-0.16580606
4962,6215,0.36839646,0.36838341,0.40863028
4963,6216,0.47930807,0.45070004,0.53658074
4964,6217,0.41779107,0.40162975,0.42544049
4965,6219,0.55825454,0.54390156,0.58814085
4966,6220,0.67947948,0.65418428,0.64208722
4967,6221,1.32970905,1.34767544,1.35644114
4968,6222,2.62280464,2.68536782,2.64157295
4969,6223,1.40777707,1.48212397,1.49798870
4970,6224,-0.95738202,-0.89372081,-0.88932949
4971,6225,0.47543305,0.48960996,0.43404105
4972,6226,-0.48123354,-0.53577656,-0.60951161
4973,6227,0.44736594,0.50776786,0.46977785
4974,6228,-1.85886049,-1.93594265,-1.85881841
4975,6229,1.64214897,1.65656936,1.65914321
4976,6230,1.32019150,1.34805977,1.27242589
4977,6231,1.12318158,1.13478804,1.16980922
4978,6233,0.39139506,0.34283280,0.36836645
4979,6234,2.85061550,2.93184137,2.91438460
4980,6235,-0.59433889,-0.53635484,-0.46075800
4981,6236,2.18041587,2.20140958,2.20757437
4982,6237,2.19951892,2.20786309,2.17917991
4983,6239,-6.62933683,-6.63657665,-6.59852219
4984,6240,-0.92357177,-1.00961256,-0.95688802
4985,6241,0.55674899,0.55229831,0.62997353
4986,6242,1.79994071,1.80402184,1.80850768
4987,6244,-0.34322453,-0.41012394,-0.31212911
4988,6245,2.26065397,2.24021292,2.21376204
4989,6246,0.41554102,0.41322261,0.47180274
4990,6247,-2.49648929,-2.52555990,-2.46565628
4991,6248,-0.66416121,-0.60580701,-0.61292750
4992,6249,-0.91241574,-0.94013911,-0.84575671
4993,6250,2.39576149,2.34799743,2.43435526
4994,6251,-2.42419839,-2.47734761,-2.46452904
4995,6252,1.22322106,1.20450830,1.26223052
4996,6253,-1.70562422,-1.77719593,-1.75751650
4997,6254,-0.07556488,-0.08111647,-0.01874518
4998,6255,1.37127113,1.34959102,1.43109667
4999,6256,1.67509973,1.65160441,1.61552286
5000,6258,0.07617461,0.11084965,0.10232026
5001,6259,-0.65938914,-0.59890777,-0.57615584
5002,6260,-0.93438476,-1.05894589,-0.92040044
5003,6261,1.27167487,1.26389861,1.26557386
5004,6262,0.20618859,0.27589011,0.23189226
5005,6263,-1.23505116,-1.27894068,-1.19608545
5006,6264,-1.90170407,-1.98700738,-1.93355834
5007,6265,2.84826446,2.80120850,2.84158778
5008,6266,-2.37038231,-2.35196781,-2.32266021
5009,6267,1.62462008,1.61176765,1.62525535
5010,6269,1.40933514,1.44263470,1.44344270
5011,6270,-0.96204811,-0.98153979,-0.89236957
5012,6271,1.27858889,1.24296975,1.23933601
5013,1835,-1.99343634,-2.03093195,-1.94345224
5014,6272,0.86201209,0.86156327,0.88351160
5015,6274,0.65888423,0.63778001,0.67385989
5016,6275,0.92952764,0.97653860,0.88503742
5017,6277,-1.63452196,-1.66351318,-1.69122887
5018,6279,-1.98840952,-1.96845746,-1.88018739
5019,6280,2.28961158,2.37459230,2.34244776
5020,6281,-0.43329173,-0.55207705,-0.53946525
5021,6282,0.66778421,0.69802397,0.66386217
5022,6283,2.17336297,2.20420885,2.21381617
5023,6285,0.69143754,0.66393727,0.71006918
5024,6286,-0.18803027,-0.17429842,-0.14269051
5025,6288,-1.32680070,-1.42904592,-1.38422549
5026,6289,-3.73438072,-3.83452344,-3.68798733
5027,6290,0.41631025,0.42872441,0.42257944
5028,6291,0.28839722,0.22094947,0.30151156
5029,6292,-3.78519416,-3.80148745,-3.69448423
5030,6294,1.54238868,1.58966660,1.56077671
5031,6295,-2.04190660,-1.93777013,-1.91838324
5032,6296,-1.27446377,-1.37867188,-1.27218163
5033,6297,-3.32556343,-3.42074633,-3.34485006
5034,6298,-2.45099545,-2.47507310,-2.46496964
5035,6300,0.10991400,0.14940315,0.18875545
5036,6301,1.56384194,1.62212515,1.62296140
5037,6302,1.83833969,1.86083865,1.85289693
5038,6303,0.36165488,0.40814263,0.43549442
5039,6304,1.29994106,1.36855066,1.35012865
5040,6305,0.04750473,0.00520375,0.00209486
5041,6306,0.79023248,0.80647814,0.84544921
5042,6307,1.88157821,1.91602123,1.91585183
5043,6309,0.59892744,0.56117052,0.59512645
5044,6310,-1.37413716,-1.35845137,-1.35539639
5045,6311,2.54430389,2.56618571,2.58564615
5046,6312,-0.14888063,-0.14035997,-0.17491037
5047,6313,-0.26013905,-0.27549410,-0.30239347
5048,6314,-0.76555347,-0.75906783,-0.82414466
5049,6315,0.39842021,0.40402019,0.41123274
5050,6316,-3.17932487,-3.21353388,-3.09860396
5051,6317,2.49401689,2.55080700,2.53068423
5052,6318,-0.94727343,-0.89527714,-0.91550428
5053,6319,0.81017190,0.75619990,0.78846627
5054,6320,0.83758026,0.80586147,0.80525583
5055,6322,1.95802891,1.97890544,1.95378828
5056,6325,2.20761347,2.26664376,2.21648765
5057,6326,-0.83388835,-0.88205272,-0.82405621
5058,6327,1.86525309,1.89305317,1.87617791
5059,6328,1.77587724,1.80818212,1.81581056
5060,6329,2.08098626,2.13409948,2.11510181
5061,6330,-1.65496814,-1.77752781,-1.75785136
5062,6331,0.82795060,0.84874177,0.85230947
5063,6332,1.66530120,1.68652618,1.63704562
5064,6333,1.74316645,1.84550643,1.79580092
5065,6334,-0.21959016,-0.29676223,-0.30738160
5066,6335,0.18790531,0.22209366,0.26229241
5067,6336,2.38635588,2.34747696,2.37094569
5068,6337,1.53148580,1.55134416,1.52216601
5069,6338,1.47854018,1.50674987,1.51694584
5070,6339,1.90604174,1.86468410,1.87121403
5071,6340,-1.65759683,-1.72179484,-1.63980186
5072,6341,-1.98399878,-2.03617930,-1.98802841
5073,6342,-1.37404871,-1.39697683,-1.39698458
5074,6343,0.66272086,0.60690582,0.62545043
5075,6344,2.01990533,2.11073446,2.03657389
5076,6345,-0.18478394,-0.21162768,-0.12965029
5077,6346,1.86425352,1.88060188,1.90722883
5078,6348,-0.03755759,-0.10563771,-0.04410333
5079,6349,1.19084990,1.16669953,1.21281743
5080,6350,1.97475266,2.01616645,1.96663749
5081,6351,-3.86184335,-4.05433798,-3.89801073
5082,6352,0.67285323,0.66468281,0.58515382
5083,6353,1.61693609,1.60003674,1.62961376
5084,6355,1.46418941,1.46686757,1.46880555
5085,6356,1.44704437,1.40291059,1.40309763
5086,6357,1.16533983,1.15142918,1.17664754
5087,6360,0.77003878,0.73050600,0.75231010
5088,6363,1.46311522,1.45765007,1.53304565
5089,6364,0.53407604,0.67543155,0.62037247
5090,6365,1.02268898,1.03299737,1.03369069
5091,6366,-0.18159467,-0.19998409,-0.17337120
5092,6367,0.85345954,0.82258558,0.80001873
5093,6368,-1.91302598,-1.95676613,-1.88994086
5094,6369,-2.42735481,-2.54189301,-2.43997502
5095,6370,1.14002335,1.16291642,1.12842250
5096,6371,2.29191971,2.37601948,2.32779694
5097,6372,1.62974429,1.66327715,1.62938297
5098,6373,0.04925702,0.05217424,0.01363858
5099,6374,2.99064445,3.01586342,3.02030587
5100,6376,1.36825645,1.39743137,1.39962208
5101,6377,0.15595213,0.16091397,0.18695039
5102,6378,0.50014198,0.49253100,0.53344488
5103,6380,0.05719168,0.01635981,0.07555318
5104,6381,-1.31389737,-1.29038882,-1.26891637
5105,6383,-1.58746195,-1.59550595,-1.62980056
5106,6384,1.01986253,1.00460994,0.99556118
5107,6385,1.58371162,1.61579680,1.54153633
5108,6386,-0.23725134,-0.21374996,-0.18992275
5109,6387,1.02261984,1.05259538,1.03022909
5110,6388,0.45192939,0.46237516,0.35084900
5111,6389,-0.78328741,-0.75112730,-0.68720722
5112,6391,1.96187007,2.02115369,2.01103139
5113,6392,1.30752242,1.38297987,1.30096650
5114,6393,0.05057012,0.03367360,0.07033908
5115,6394,-0.84845680,-0.94030589,-0.84336489
5116,6395,-6.44911098,-6.46766520,-6.35799932
5117,6396,2.10339260,2.16910934,2.14076114
5118,6398,0.48392177,0.54043818,0.43185976
5119,6403,1.41959834,1.37071335,1.39894605
5120,6404,0.28397560,0.29564863,0.37761089
5121,6405,1.01432788,1.04043460,1.06184888
5122,6406,0.64290440,0.67590982,0.64338976
5123,6407,2.09241390,2.10675907,2.15469551
5124,6408,1.83452272,1.79023886,1.82129085
5125,6411,1.33165348,1.29284322,1.26172853
5126,6413,2.42693806,2.42972803,2.44277835
5127,6414,1.69026005,1.72869408,1.78421724
5128,6416,1.30885744,1.30254650,1.32146490
5129,6417,-1.51879823,-1.59926271,-1.47216165
5130,6418,-0.73077333,-0.73733342,-0.70367318
5131,6419,-3.16977978,-3.24592209,-3.14997244
5132,6420,-4.08282995,-4.01608753,-3.96446633
5133,6421,-0.51821268,-0.57962352,-0.54669487
5134,6422,1.60156012,1.64255250,1.64355719
5135,6424,1.23895371,1.29285121,1.24994242
5136,6425,0.97148120,0.99248922,0.98404801
5137,6426,-2.15765047,-2.25027323,-2.12650418
5138,6428,0.42737123,0.49120998,0.45124778
5139,6429,0.98804700,0.98480487,1.00149381
5140,6430,0.80940229,0.83376020,0.84509814
5141,6433,-1.45374823,-1.50955606,-1.45858860
5142,6434,-3.81171799,-3.87541962,-3.79900694
5143,6435,0.77789766,0.75502437,0.74565321
5144,6436,1.47831070,1.44920564,1.46667230
5145,6437,1.70989799,1.72710490,1.67416394
5146,6438,-5.55916452,-5.55641842,-5.56934738
5147,6440,-0.08863045,-0.08286725,-0.04102907
5148,6441,-2.80572081,-2.83792329,-2.87153029
5149,6442,-0.05750585,-0.01972936,-0.04515743
5150,6444,0.35829663,0.35764730,0.35052672
5151,6445,-1.35840726,-1.46104085,-1.41781485
5152,6446,0.67315537,0.58653796,0.61720556
5153,6447,2.53264570,2.52698612,2.49601388
5154,6448,0.34798265,0.33896089,0.36123785
5155,6450,1.95407677,2.02867198,1.93460989
5156,6451,-1.17014623,-1.20072603,-1.19089949
5157,6452,1.10519874,1.11737776,1.09802604
5158,6453,-3.80896449,-3.81273007,-3.73465323
5159,6454,-3.51187992,-3.61221313,-3.51161313
5160,6455,2.55234694,2.55657601,2.45757151
5161,6456,2.10118771,2.18025613,2.11084437
5162,6457,1.75713921,1.75613093,1.70764089
5163,6458,0.39410144,0.38037926,0.34684399
5164,6459,-2.20403719,-2.17971253,-2.14276958
5165,6460,-1.86562371,-1.80441070,-1.83580029
5166,6463,1.63859510,1.65618634,1.65996754
5167,6464,-0.68932492,-0.69402343,-0.67944735
5168,6466,-1.21545410,-1.20625567,-1.23069346
5169,6467,0.83885020,0.86702144,0.82460773
5170,6468,0.39143407,0.44342667,0.42194912
5171,6471,2.84950113,2.94007754,2.84773827
5172,6472,-2.23760366,-2.21348238,-2.14891887
5173,6473,1.99950719,2.05878258,2.05596828
5174,6474,2.12746859,2.33114886,2.15456891
5175,6476,1.58491218,1.59430826,1.58424580
5176,6477,0.56833810,0.57495326,0.59033245
5177,6478,2.63527250,2.65568614,2.63361692
5178,6479,0.06149278,-0.01261270,0.03928144
5179,6480,0.82136130,0.82863182,0.88159174
5180,6481,0.67885369,0.71876824,0.67460448
5181,6482,-2.33019423,-2.45959568,-2.34918976
5182,6485,-0.81448793,-0.86342603,-0.86700451
5183,6486,1.06696284,1.04903662,1.04851747
5184,6488,1.07055366,1.05865300,1.08019865
5185,6489,1.99229515,1.97639620,1.99449408
5186,6490,1.34464467,1.33655632,1.44146144
5187,6491,-1.68747950,-1.60413027,-1.63997376
5188,6492,-0.63865209,-0.69258404,-0.62928170
5189,6493,0.71764117,0.77964824,0.73029882
5190,6494,1.41554093,1.43604350,1.40496933
5191,6495,-2.12935829,-2.20458841,-2.13014603
5192,6496,1.76459861,1.77789843,1.77294934
5193,6497,0.79460156,0.80362290,0.79567164
5194,6498,1.54035950,1.52812672,1.48566091
5195,6501,1.55698609,1.61116242,1.58573484
5196,6503,2.04360271,2.08646321,2.08153987
5197,6504,3.36181355,3.39976525,3.36855054
5198,6505,-0.16161567,-0.15484841,-0.13221830
5199,6507,1.35532391,1.31505311,1.33703089
5200,6508,0.14109020,0.15682761,0.18749365
5201,6509,0.16478541,0.14568900,0.16905579
5202,6510,1.52973735,1.52489841,1.58109236
5203,6511,-0.30050579,-0.38086367,-0.32072750
5204,6512,1.92298269,1.93529510,1.89169693
5205,6513,3.08168936,3.01908565,3.02316260
5206,6514,1.29981995,1.28738976,1.26863599
5207,6517,1.37242365,1.43553305,1.41863155
5208,6518,0.55235541,0.59889793,0.59388447
5209,6519,1.27317715,1.26690006,1.30068481
5210,6521,1.79207826,1.76880646,1.76816702
5211,6523,-0.13429511,-0.14221716,-0.14702693
5212,6524,1.16647530,1.10006785,1.07961750
5213,6525,2.18784165,2.11206198,2.19676685
5214,6526,-0.94268912,-0.97156996,-0.98803252
5215,6527,0.14524430,0.14221559,0.15618862
5216,6528,0.26261860,0.22421771,0.26973259
5217,6529,-1.42245388,-1.49336886,-1.41983569
5218,6530,0.54680514,0.53016788,0.51334608
5219,6531,0.79436284,0.80303776,0.83967537
5220,6532,0.96668661,1.00486183,0.96632493
5221,6533,0.37516832,0.36403596,0.31091037
5222,6534,1.96063936,1.97516227,2.00094056
5223,6535,0.65780944,0.63638169,0.66728252
5224,6536,-0.11815564,-0.15010317,-0.11057540
5225,6537,-0.65833181,-0.67866534,-0.60209620
5226,6538,0.75846153,0.76737767,0.76213151
5227,6539,1.83473921,1.85619211,1.87656593
5228,6540,2.50711942,2.49836206,2.49119139
5229,6541,2.11909533,2.16053200,2.23755717
5230,6542,-0.13997978,-0.13909779,-0.12019645
5231,6544,-0.74842972,-0.75499630,-0.68758398
5232,6545,2.45795774,2.45798874,2.40536904
5233,6546,0.69758189,0.72071958,0.73700076
5234,6547,0.36090940,0.36594325,0.41980469
5235,6549,-1.61463284,-1.66047835,-1.61574101
5236,6550,2.77319431,2.80182004,2.77230144
5237,6551,-0.98343879,-0.96222347,-0.93330568
5238,6552,1.02030027,0.95531988,0.95469147
5239,6553,2.51236153,2.51335955,2.54762650
5240,6555,-0.88551682,-0.88410038,-0.91296083
5241,6556,-2.85518193,-2.94904709,-2.90261054
5242,6559,-0.97975487,-0.96319336,-0.92311138
5243,6560,-0.15431541,-0.15805063,-0.17871967
5244,6561,2.59064531,2.64133692,2.62654328
5245,6562,-1.34870601,-1.29316664,-1.20471060
5246,6563,0.89651132,0.96796703,1.00432348
5247,6564,-2.50117922,-2.45219564,-2.42203331
5248,6565,2.96500206,2.97611094,2.98398232
5249,6566,2.62430048,2.64870930,2.61570501
5250,6568,-1.36468792,-1.43651235,-1.37092471
5251,6570,-0.67934591,-0.70590669,-0.62006825
5252,6571,0.63975698,0.65071666,0.70908844
5253,6572,1.92938232,1.94640374,1.95969296
5254,6573,-1.88724017,-1.90899384,-1.88347900
5255,6575,1.25245774,1.27456558,1.31265903
5256,6576,-0.83614564,-0.83228594,-0.80915493
5257,6577,0.67984504,0.72302687,0.71112388
5258,6578,0.17112949,0.10178559,0.14380369
5259,6579,-1.90661275,-1.95805454,-1.82095969
5260,6580,0.92456049,0.89886433,0.87345010
5261,6581,-2.96575117,-3.03815794,-3.01244235
5262,6582,0.89225674,0.91166383,0.91300571
5263,6584,1.34250331,1.36526251,1.31341684
5264,6585,0.28102922,0.21720187,0.29452997
5265,6586,1.72847533,1.70447743,1.77998209
5266,6587,2.08878851,2.10866594,2.08139396
5267,6588,2.29188395,2.33413196,2.31408286
5268,6590,-2.01022482,-2.08109546,-1.97293508
5269,6591,-3.93851805,-3.84971738,-3.85705400
5270,6592,1.00205040,0.99573821,1.00756109
5271,6595,-2.25956583,-2.26854086,-2.12483883
5272,6596,0.17087245,0.22767128,0.23544002
5273,6598,0.58098930,0.56727791,0.55550712
5274,6599,2.02634501,2.02057505,2.02372909
5275,6600,0.91253847,0.86004239,0.83873528
5276,6601,0.60459882,0.62430066,0.63472956
5277,6602,-3.24737358,-3.34931183,-3.11731982
5278,6603,-1.22219181,-1.32640743,-1.18718076
5279,6604,2.40470099,2.37394381,2.36972594
5280,6605,1.16591585,1.22261405,1.11573935
5281,6607,1.32557511,1.31973159,1.36511159
5282,6608,-0.25415477,-0.23016976,-0.30345333
5283,6610,2.39313698,2.41698813,2.41255355
5284,6611,0.86326915,0.84781778,0.90245563
5285,6612,-0.66160917,-0.70516682,-0.65248817
5286,6614,0.32180193,0.32362807,0.38924468
5287,6615,2.64016390,2.70593524,2.65596294
5288,6618,0.03568371,0.00127019,0.08002162
5289,6619,-6.98045349,-7.08569813,-7.12728071
5290,6620,0.48780376,0.42789739,0.44533989
5291,6621,-0.05833218,-0.08689359,-0.03971998
5292,6623,-3.22147036,-3.27859497,-3.25294089
5293,6626,0.63630635,0.64574307,0.60437137
5294,6628,-1.19623137,-1.23237920,-1.12568009
5295,6629,1.21534705,1.19568074,1.22711909
5296,6630,1.91521955,1.93850470,1.82697642
5297,6632,1.30220556,1.39617467,1.30868864
5298,6633,0.14704031,0.17769113,0.19533360
5299,6634,-4.11213541,-4.22655964,-3.91675735
5300,6635,0.37960702,0.34175658,0.38161430
5301,6636,0.32353660,0.34943318,0.39878279
5302,6637,1.02895141,1.03244972,1.01672602
5303,6639,-0.48408777,-0.51604187,-0.45201460
5304,6640,1.96682143,1.99977386,1.93456686
5305,6641,1.45368505,1.43394125,1.47447598
5306,6642,1.00398076,0.95960265,0.96694750
5307,6643,0.99201649,1.08644342,1.10785401
5308,6644,1.72801006,1.78626108,1.74277091
5309,6645,-1.53542459,-1.52813959,-1.48111546
5310,6646,0.87664562,0.89143109,0.90759337
5311,6647,0.91157919,0.96732199,0.92415792
5312,6648,1.19725692,1.18551743,1.20035517
5313,6649,2.76581430,2.71858716,2.78566885
5314,6650,-2.70225143,-2.71973729,-2.64351726
5315,6651,2.23206902,2.25655961,2.22610736
5316,6652,1.69413745,1.70337915,1.72158706
5317,6653,-0.66266900,-0.70811814,-0.72877997
5318,6654,-2.36723018,-2.40029669,-2.23935533
5319,6655,1.01611745,0.97793287,1.01238239
5320,6656,1.33951390,1.39521313,1.42140174
5321,6659,-0.93493479,-0.94939989,-0.85683328
5322,6661,0.44572872,0.42903912,0.45721075
5323,6662,-0.35579285,-0.39024019,-0.39071247
5324,6663,-1.81668139,-1.83802581,-1.76199973
5325,6664,-2.18132019,-2.30906653,-2.26961327
5326,6666,2.04853201,2.11363435,2.08436060
5327,6668,-2.91809750,-2.99245501,-2.89088106
5328,6669,-0.01429604,-0.03172348,0.02470499
5329,6671,1.73138690,1.70690322,1.73500812
5330,6672,2.12744236,2.14958477,2.13161826
5331,6675,0.74385905,0.79655719,0.73060876
5332,6676,-1.73054957,-1.77295864,-1.69462025
5333,6677,2.01552248,2.03184628,2.00292158
5334,6678,-5.31221151,-5.36191750,-5.35672235
5335,6679,-2.86956334,-2.89276314,-2.85507417
5336,6680,0.38205451,0.37874550,0.39232978
5337,6681,1.31393611,1.31220698,1.35327339
5338,6682,-1.72351468,-1.71694541,-1.72831237
5339,6683,0.57360280,0.53042728,0.34512609
5340,6684,0.47502190,0.55974555,0.56792319
5341,6686,0.17638721,0.21503747,0.20285314
5342,6687,-2.80093837,-2.74241662,-2.77573299
5343,6689,2.37130284,2.41365623,2.39485002
5344,6690,-4.26666307,-4.37214994,-4.28401423
5345,6691,0.27947441,0.30883718,0.35255456
5346,6692,0.60816795,0.60558605,0.63223422
5347,6693,1.33272815,1.39335525,1.46108401
5348,6695,0.78585702,0.81075007,0.79555279
5349,6697,0.52401292,0.45171034,0.47252977
5350,6699,-0.29569957,-0.28159136,-0.22608528
5351,6700,-0.16967455,-0.21354105,-0.15242839
5352,6702,1.67918539,1.67782342,1.65028083
5353,6703,1.57732272,1.56590271,1.57298756
5354,6704,2.47262192,2.59000826,2.50437403
5355,6705,2.29763770,2.37872124,2.34837246
5356,6706,1.00603914,1.00032485,1.00919116
5357,6707,1.63673902,1.64503300,1.60904181
5358,6708,-0.34946397,-0.38181114,-0.32226086
5359,6709,0.52656388,0.47875643,0.57040727
5360,6710,-4.69574451,-4.61350822,-4.50755739
5361,6711,0.04075939,0.01831408,0.06958085
5362,6712,1.46316206,1.46309745,1.43971455
5363,6713,1.41761696,1.40995431,1.39990139
5364,6714,-0.37728918,-0.38474447,-0.42398348
5365,6715,0.30756369,0.27369356,0.33092883
5366,6716,-0.76606125,-0.76458228,-0.70769697
5367,6717,-1.17533171,-1.15436268,-1.08557963
5368,6718,-0.62738484,-0.66888922,-0.71823174
5369,6719,2.43786097,2.42133713,2.43005967
5370,6720,-1.30834723,-1.30875444,-1.27828443
5371,6721,0.00718344,0.00984329,0.07966336
5372,6722,-1.02440214,-1.02241004,-1.01177359
5373,6723,2.11774087,2.15970182,2.21695685
5374,6724,-1.35004318,-1.32414544,-1.28631163
5375,6725,0.99470669,0.96926814,0.99384719
5376,6726,-6.24393940,-6.44637299,-6.43042898
5377,6727,2.74640942,2.77869892,2.77276301
5378,6728,-2.07001305,-2.03872228,-1.96123850
5379,6729,-1.34593487,-1.39434671,-1.32260633
5380,6730,-0.82726449,-0.85247415,-0.73683435
5381,6732,1.23492241,1.16598535,1.22786868
5382,6733,1.31650531,1.37663555,1.34463704
5383,6734,1.49563551,1.53789675,1.55598843
5384,6735,1.90483642,1.92892194,2.00021076
5385,6736,-0.39606199,-0.46732527,-0.38999584
5386,6737,-0.03781452,-0.02071677,0.06938595
5387,6738,0.27760383,0.27990508,0.30535945
5388,6739,1.36190403,1.35898507,1.39943421
5389,6740,-0.25965500,-0.29849744,-0.24624971
5390,6741,2.11992049,2.11798477,2.06822515
5391,6742,-0.14503026,-0.26147896,-0.09981189
5392,6744,1.55438209,1.54700089,1.58989191
5393,6745,-1.41077423,-1.37228620,-1.35030854
5394,6746,-1.79210722,-1.83189273,-1.80099261
5395,6747,1.72150660,1.74309373,1.77307582
5396,6748,-0.73363507,-0.70737487,-0.70820123
5397,6749,0.84107751,0.79481202,0.81455797
5398,6753,0.94190395,0.96710896,0.91588289
5399,6755,-2.07181072,-2.09984851,-1.98378599
5400,6756,-0.47258496,-0.41567099,-0.40887615
5401,6761,1.41786063,1.34668136,1.37869966
5402,6762,-2.59253740,-2.68895793,-2.67141533
5403,6763,-0.47762030,-0.47422445,-0.42978284
5404,6764,-2.70133209,-2.75454545,-2.50207663
5405,6765,-0.62162054,-0.59267467,-0.59126163
5406,6766,-3.14256954,-3.13019300,-2.96818972
5407,6767,-1.12528610,-1.19940686,-1.06462276
5408,6768,-2.56332111,-2.62242961,-2.58628678
5409,6769,1.58073664,1.59368181,1.58696020
5410,6770,-1.99114776,-1.91937828,-1.99218118
5411,6772,2.97072363,2.98342633,2.96699929
5412,6773,1.01183522,1.00720727,1.06144822
5413,6774,-0.06887022,-0.13807368,-0.08064631
5414,6775,-0.17712998,-0.25049585,-0.16938093
5415,6776,-0.13630494,-0.13606466,-0.13469684
5416,6777,1.82669234,1.83637178,1.86560690
5417,6778,0.30271545,0.32239056,0.28553832
5418,6779,-0.41210175,-0.36439955,-0.36475173
5419,6780,-2.27855062,-2.31838322,-2.28758979
5420,6781,-5.73461199,-5.84996319,-5.71665192
5421,6783,0.38285032,0.35588455,0.44487074
5422,6785,1.29197311,1.30677259,1.30844462
5423,6786,1.58083677,1.61689067,1.56897986
5424,6787,0.80596119,0.84560096,0.74800235
5425,6788,0.45913589,0.43266356,0.50131410
5426,6789,-5.31708384,-5.40028667,-5.43964052
5427,6790,2.70422912,2.73521924,2.74299002
5428,6791,0.06000581,0.06854174,0.09420323
5429,6792,0.69839752,0.69261247,0.73060721
5430,6793,3.02331519,3.05309200,3.06381941
5431,6795,-5.80935526,-5.80425453,-5.82631826
5432,6796,1.49916327,1.46754479,1.51771939
5433,6798,0.35626751,0.37566227,0.38949126
5434,6799,-0.99784476,-1.02948618,-0.95428342
5435,6800,2.72432446,2.77154160,2.73058105
5436,6801,1.96737003,2.03134274,2.10881829
5437,6802,2.19748378,2.26937890,2.27201295
5438,6803,0.47242185,0.44866633,0.53572118
5439,6804,-0.15321293,-0.11855809,-0.11036738
5440,6806,1.51076102,1.55356932,1.48896182
5441,6807,-2.93112755,-2.96108150,-2.93488431
5442,6808,-2.94171762,-3.04162812,-2.91149116
5443,6809,0.81583440,0.80458826,0.79596382
5444,6810,1.83275783,1.90527105,1.81299531
5445,6811,-1.29461527,-1.29719365,-1.34070897
5446,6812,-4.15606356,-4.23707724,-4.15347052
5447,6814,1.45526528,1.46663749,1.51876450
5448,6815,-0.07462915,-0.09951071,-0.08678616
5449,6816,1.14107060,1.11982083,1.10348308
5450,6818,-1.98947287,-2.02041101,-1.90714133
5451,6819,-0.39714533,-0.38424939,-0.35544184
5452,6820,0.55320936,0.52624983,0.61565608
5453,6821,-0.78074902,-0.81706727,-0.78366750
5454,6822,1.87532091,1.84534800,1.83022857
5455,6823,-4.85749769,-4.96180916,-4.90199184
5456,6824,-0.19228107,-0.19903304,-0.15211681
5457,6825,2.72800303,2.85193300,2.75786829
5458,6826,2.04589200,2.07100391,2.06127238
5459,6827,-2.20345163,-2.19991922,-2.18554401
5460,6828,1.05239606,1.08410430,1.03213906
5461,6829,0.95031846,0.98909330,1.05982494
5462,6830,0.65525937,0.68270433,0.64273560
5463,6831,0.16780069,0.20877109,0.26973107
5464,6832,1.73051894,1.75947750,1.76197565
5465,6833,1.35626161,1.36944556,1.33857214
5466,6834,-0.27450734,-0.26233721,-0.16382799
5467,6835,0.61315286,0.63243413,0.63186914
5468,6839,1.01349759,1.19479966,1.05701685
5469,6840,1.77624381,1.84302258,1.82572019
5470,6841,-0.01074675,0.02561624,0.01282275
5471,6842,1.20034635,1.19193125,1.20857871
5472,6843,2.55454683,2.60076499,2.61181474
5473,6848,1.68446851,1.71206546,1.70067179
5474,6849,2.22478056,2.22680569,2.24483895
5475,6850,-2.53017187,-2.55291319,-2.53049779
5476,6851,1.47017527,1.38740325,1.36931860
5477,6852,-2.03415203,-2.13287067,-2.05696702
5478,6853,1.47225928,1.52295852,1.52190077
5479,6854,0.85838145,0.93396217,0.96559149
5480,6855,-0.35278624,-0.40967894,-0.35338539
5481,6856,2.16988921,2.21348381,2.21727991
5482,6857,1.74525928,1.80882156,1.76554084
5483,6858,2.37717772,2.37416244,2.32432961
5484,6859,0.55898815,0.56577516,0.58827704
5485,6860,1.47314692,1.47349143,1.53199410
5486,6861,-2.95268965,-3.05106735,-3.01137424
5487,6862,0.90133107,0.88005549,0.88052738
5488,6863,-0.17493463,-0.19145514,-0.16995847
5489,6864,-2.26624227,-2.32110643,-2.26437116
5490,6865,-2.32111764,-2.33511400,-2.40630937
5491,6866,-0.77513164,-0.87011689,-0.88712943
5492,6867,2.49347115,2.52288532,2.49215007
5493,6868,-0.77107877,-0.76625830,-0.72951996
5494,6869,1.60275066,1.65705800,1.65686846
5495,6870,2.71977806,2.75146770,2.72076893
5496,6871,-1.28437877,-1.30279684,-1.22152734
5497,6873,1.19625986,1.21243906,1.18629944
5498,6874,1.48338342,1.50465834,1.52078795
5499,6875,-4.56542635,-4.48112106,-4.45019054
5500,6876,1.98844171,2.03031540,2.09708667
5501,6877,1.90278912,1.89801335,1.88669658
5502,6878,1.61367917,1.62739694,1.61214888
5503,6880,0.23912296,0.29932958,0.27659193
5504,6881,-0.53452653,-0.58776289,-0.45598593
5505,6884,-2.83991122,-2.85611701,-2.84309888
5506,6885,2.21449614,2.27307320,2.23248696
5507,6886,1.98733234,2.01833487,1.97171891
5508,6887,-0.12332842,-0.13250183,-0.07734836
5509,6888,1.82132506,1.81665099,1.84479463
5510,6891,0.63907504,0.67663354,0.63343710
5511,6892,1.89231229,1.90042639,1.88675487
5512,6893,0.25756383,0.28209376,0.28736472
5513,6895,1.65681338,1.63754928,1.64669502
5514,6896,1.43709993,1.48679447,1.42701471
5515,6897,-1.05966008,-0.96777743,-1.01787269
5516,6898,1.20028472,1.17776716,1.13463902
5517,6899,1.45983815,1.48297501,1.46396220
5518,6900,-0.64858454,-0.63633555,-0.59099984
5519,6901,0.77619308,0.78112453,0.76957375
5520,6902,1.08364367,1.09702229,1.08360398
5521,6903,0.17787024,0.25175494,0.25952959
5522,6904,0.09357371,0.09049017,0.14215547
5523,6905,1.12016785,1.18704736,1.16932499
5524,6906,-1.44248247,-1.49127889,-1.43241799
5525,6907,0.90379554,0.92287403,0.93726552
5526,6908,2.18280888,2.21018815,2.22258687
5527,6909,0.64058906,0.68420202,0.64232481
5528,6910,0.99487430,1.00509429,1.04318941
5529,6911,0.59174258,0.64229441,0.61572552
5530,6912,1.52156425,1.50296688,1.56791317
5531,6913,1.16506743,1.17807913,1.11831117
5532,6914,1.39299500,1.41052961,1.38253403
5533,6916,0.16072300,0.15502904,0.17667705
5534,6917,-1.00833583,-0.97145647,-0.94775730
5535,6918,2.51120567,2.52017522,2.46219587
5536,6919,1.37854230,1.37787914,1.35240173
5537,6920,-4.64987421,-4.66452885,-4.73168325
5538,6921,1.38770616,1.38910282,1.41162097
5539,6922,-1.46010447,-1.53107536,-1.53560698
5540,6924,1.62644529,1.61868548,1.58682585
5541,6925,0.41435730,0.40740317,0.46583527
5542,6926,-1.22552490,-1.27084041,-1.16533029
5543,6927,-1.34506619,-1.36369920,-1.36136460
5544,6929,-0.46557933,-0.50494915,-0.37013695
5545,6930,0.26176301,0.25801361,0.28089371
5546,6931,3.04144907,3.09902644,3.09276676
5547,6932,2.30003023,2.36983252,2.34097409
5548,6933,-1.45948505,-1.46424365,-1.42002964
5549,6934,0.88561434,0.95147204,0.96263236
5550,6935,1.29642797,1.36153448,1.30064523
5551,6936,2.31215787,2.31988144,2.29415488
5552,6937,-1.47459197,-1.47692466,-1.41226566
5553,6938,0.12346936,0.13518557,0.15577818
5554,6941,0.51116478,0.65466887,0.63344032
5555,6942,0.93674451,0.99265879,0.99043202
5556,6943,-0.50411183,-0.48334521,-0.45718947
5557,6944,1.80415857,1.80083799,1.80281317
5558,6945,1.97658110,1.99503577,1.98540890
5559,6952,1.07950389,1.11026704,1.01227045
5560,6953,1.55767298,1.60549247,1.53885412
5561,6954,-5.38390732,-5.33432674,-5.35942221
5562,6955,-0.61747289,-0.60844129,-0.59023482
5563,6956,1.08853340,1.06927514,1.10653389
5564,6957,0.75298208,0.75158072,0.77335554
5565,6958,2.03678513,2.00015712,2.05951428
5566,6959,-0.90978295,-0.82238799,-0.80775511
5567,6961,-1.52124286,-1.50817978,-1.48299086
5568,6962,0.19465521,0.18938905,0.15302092
5569,6964,-0.12588930,-0.15990289,-0.08541990
5570,6965,0.96189791,0.99876428,1.02963579
5571,6966,-0.17148435,-0.18295376,-0.14228484
5572,6967,-3.91463351,-4.03627014,-4.03053761
5573,6968,1.27389657,1.31377780,1.20849121
5574,6969,-3.27928472,-3.32626915,-3.27570486
5575,6970,0.98558497,1.02128589,1.01858532
5576,6971,-3.75225878,-3.83763456,-3.79042411
5577,6972,1.50074816,1.51443076,1.54880500
5578,6973,-0.06735189,-0.08704604,-0.05955233
5579,6974,-0.09338323,-0.13463177,-0.13073286
5580,6975,1.57288873,1.57013881,1.52376318
5581,6976,-1.93007255,-1.88855255,-1.88125038
5582,6977,0.10057736,0.07545036,0.08982032
5583,6978,0.63794655,0.71309978,0.72886550
5584,6979,1.52347541,1.50667870,1.54185832
5585,6980,-0.42085284,-0.42744762,-0.30352175
5586,6981,1.96944714,1.97948945,1.97764564
5587,6982,1.29629385,1.31549859,1.31551802
5588,6983,1.29932857,1.29517603,1.31273746
5589,6984,-0.86206806,-0.89804125,-0.82598418
5590,6985,-2.04525304,-1.98379087,-1.93607152
5591,6986,-0.18774471,-0.21816598,-0.16718534
5592,6987,1.94525480,2.01998329,2.01231408
5593,6988,0.65746450,0.70347548,0.74892944
5594,6989,-2.06564784,-2.09804249,-1.98263967
5595,6990,2.26966429,2.32989693,2.28610182
5596,6991,1.32733786,1.35308957,1.33723247
5597,6992,2.29656076,2.31057215,2.29465318
5598,6993,0.47079849,0.47227865,0.51694977
5599,6994,0.67733485,0.77451885,0.74944252
5600,6995,-0.21215776,-0.21440907,-0.14011833
5601,6996,0.53034121,0.47841620,0.48018643
5602,6997,-2.12788248,-2.09283113,-2.06909609
5603,6999,1.80435169,1.82695782,1.86553311
5604,7000,0.60135311,0.59249300,0.58104390
5605,7001,1.57139039,1.57370865,1.57370222
5606,7002,0.63434291,0.67395133,0.62534589
5607,7005,-0.98342317,-0.88713127,-0.79738122
5608,7006,0.97103626,0.92781144,0.92445338
5609,7007,0.61778575,0.57580125,0.60087359
5610,7008,-1.05670118,-1.04360294,-0.98782879
5611,7009,-0.85175091,-0.80647969,-0.82135063
5612,7012,1.76219380,1.83176720,1.94090784
5613,7013,-1.11442387,-1.10617733,-1.06150436
5614,7015,1.37176180,1.36237574,1.38834023
5615,7017,-0.97189659,-0.94937509,-0.96617490
5616,7018,0.99124789,1.04057491,1.00376832
5617,7019,0.83849198,0.86952430,0.85242420
5618,7021,3.11897063,3.11055565,3.15361905
5619,7023,-0.42245424,-0.39442551,-0.38575485
5620,7024,-2.24535465,-2.27168250,-2.17947292
5621,7026,-0.43554783,-0.44485265,-0.38892400
5622,7027,-1.23430157,-1.30070519,-1.22173786
5623,7028,0.81937188,0.82138026,0.84136736
5624,7029,1.56307364,1.52607334,1.51278698
5625,7030,0.53334725,0.50859076,0.61784905
5626,7033,0.95502341,1.03081882,0.98777980
5627,7035,1.59778714,1.59411657,1.58006501
5628,7036,1.40183687,1.49773681,1.57416570
5629,7037,2.45792103,2.45610356,2.48729396
5630,7038,1.57449734,1.62062943,1.59158492
5631,7039,-4.34529924,-4.45171022,-4.40411377
5632,7040,1.97443449,1.98736238,1.97837186
5633,7041,1.27658308,1.25753570,1.29152536
5634,7042,1.42222524,1.45729148,1.48870718
5635,7043,1.41518116,1.45196712,1.36868966
5636,7044,-1.21725082,-1.26423049,-1.14055026
5637,7045,0.02665750,0.01263766,0.04597837
5638,7046,0.84164560,0.86207169,0.84779489
5639,7047,0.46072811,0.44844359,0.49828276
5640,7049,0.44603693,0.46407354,0.45272037
5641,7051,0.14025733,0.13001361,0.17410862
5642,7052,-3.39353371,-3.47845936,-3.37605071
5643,7053,-0.23434231,-0.23273452,-0.19106942
5644,7054,-5.17090178,-5.24697018,-5.31168699
5645,7056,-0.28015327,-0.29944116,-0.26675567
5646,7057,1.69300914,1.69193840,1.69285345
5647,7059,1.57025373,1.54482007,1.51790953
5648,7060,-0.81089336,-0.87431836,-0.83143932
5649,7061,0.65780061,0.72962946,0.70665807
5650,7062,-1.32820272,-1.34620297,-1.27044427
5651,7064,-0.73748964,-0.75766265,-0.71711165
5652,7065,2.33507395,2.35640812,2.33670592
5653,7066,-4.61760807,-4.60095596,-4.58480072
5654,7067,-1.43684399,-1.46345830,-1.48343837
5655,7068,2.05811572,2.07603455,2.06938577
5656,7069,1.03607798,1.07564127,1.05881655
5657,7070,-1.60954571,-1.69729638,-1.68341005
5658,7071,-2.48950243,-2.64552498,-2.57989526
5659,7072,-4.57946873,-4.65459919,-4.62688828
5660,7073,-5.93042135,-6.20237398,-6.12689495
5661,7075,0.12477712,0.15621081,0.17616254
5662,7076,-1.24848580,-1.31496632,-1.24640965
5663,7077,1.18975663,1.17513931,1.24788070
5664,7078,1.00280917,0.97458762,1.01766491
5665,7079,-2.37949371,-2.43648958,-2.42597294
5666,7080,1.23688304,1.19416833,1.24015701
5667,7081,1.14724159,1.14362466,1.19892788
5668,7082,0.80541408,0.76457769,0.78499877
5669,7083,0.36446261,0.40230459,0.37173700
5670,7085,0.35497507,0.27929121,0.38705838
5671,7086,-5.02861929,-5.13102341,-5.04313755
5672,7087,1.30319285,1.20402348,1.26123655
5673,7088,0.74060154,0.75022441,0.74661547
5674,7089,0.49848461,0.52759624,0.57369417
5675,7093,1.36373115,1.37459302,1.36219132
5676,7094,0.77996880,0.78650248,0.84285063
5677,7096,1.29089487,1.34310794,1.29844213
5678,7097,-2.39035416,-2.41749239,-2.32231236
5679,7098,1.48581779,1.45532537,1.40114522
5680,7099,1.56867814,1.57898974,1.58862758
5681,7100,1.12298298,1.22059405,1.22831094
5682,7101,0.49993515,0.47017187,0.45573595
5683,7102,-3.08694291,-3.17358804,-3.09141469
5684,7103,-2.10384750,-2.12368107,-2.10779357
5685,7105,1.25424802,1.28955507,1.28323805
5686,7106,-2.49711394,-2.57466602,-2.52523279
5687,7107,0.79920071,0.80321777,0.82595366
5688,7108,2.04016209,2.05211401,2.02673125
5689,7109,1.95428765,1.99347436,1.96807694
5690,7110,0.47449183,0.55905849,0.53134310
5691,7111,-0.74370521,-0.82677656,-0.75624782
5692,7112,-0.47710639,-0.45790368,-0.47216329
5693,7113,-0.52857250,-0.62181216,-0.52195895
5694,7114,2.35337853,2.43008995,2.38669038
5695,7115,0.66680664,0.67708200,0.68772930
5696,7116,-1.72941780,-1.78876805,-1.71380699
5697,7117,1.77540910,1.78111410,1.77578104
5698,7118,0.27972141,0.26557279,0.32387352
5699,7119,0.19257304,0.22688170,0.19725248
5700,7120,-0.93764251,-1.01281023,-0.91279155
5701,7121,-1.37146294,-1.34953427,-1.23999631
5702,7122,0.08702622,0.12940364,0.12043561
5703,7123,2.46537876,2.47197461,2.44153976
5704,7124,0.28182262,0.27837175,0.30209747
5705,7126,-1.00753975,-1.01285815,-0.87603289
5706,7127,1.72653830,1.81232047,1.77940440
5707,7128,-0.10147057,-0.11273186,-0.14247063
5708,7129,0.54485244,0.59598881,0.54075098
5709,7130,-0.35631305,-0.32470548,-0.35432878
5710,7131,-0.00081240,-0.03251491,-0.13731194
5711,7132,0.60092127,0.59628230,0.62566942
5712,7133,1.94335294,1.97093880,1.92900884
5713,7134,-1.55211222,-1.56213379,-1.46002638
5714,7136,-0.19111270,-0.16849943,-0.12143043
5715,7137,2.26892829,2.26865149,2.28394341
5716,7138,-0.08279181,-0.15098669,-0.10745320
5717,7139,1.10274744,1.12164378,1.10087419
5718,7140,-0.20652664,-0.23749377,-0.12996110
5719,7141,-0.27648181,-0.25622088,-0.20960751
5720,7142,-0.20063305,-0.19708402,-0.11695034
5721,7143,1.09226418,1.06657672,1.15767241
5722,7144,1.10207677,1.08189046,1.07579088
5723,7147,1.91415596,1.97873259,1.97066772
5724,7149,2.93671823,2.96520185,2.91065788
5725,7150,-1.73915052,-1.84670520,-1.76693070
5726,7151,2.10208082,2.16057920,2.08652806
5727,7153,-4.18015337,-4.26111412,-4.11130905
5728,7154,-1.33511853,-1.28760159,-1.18195117
5729,7155,-4.56954432,-4.50374746,-4.45350647
5730,7156,0.82726669,0.88361043,0.84661794
5731,7157,-0.76733851,-0.82979995,-0.81528920
5732,7158,1.81463301,1.84363389,1.84101880
5733,7160,-0.77390158,-0.81356841,-0.74179989
5734,7162,0.34625864,0.39649552,0.33327338
5735,7163,0.63105333,0.59155524,0.58382493
5736,7164,-0.61691850,-0.59617287,-0.54391581
5737,7165,0.33731872,0.36688125,0.39435771
5738,7166,1.67636347,1.66896272,1.64321852
5739,7167,0.78605628,0.80537784,0.74171656
5740,7169,-0.13666907,-0.04270622,-0.10689913
5741,7170,0.68447536,0.64946020,0.63360429
5742,7171,-4.11825371,-4.18298006,-4.12531185
5743,7172,-0.04448769,-0.04014701,-0.04509801
5744,7173,-2.05062723,-2.11458397,-2.09189034
5745,7174,1.04222023,1.00528824,0.99117869
5746,7175,-2.74583578,-2.71723938,-2.69135022
5747,7176,-0.40896624,-0.36429107,-0.37494212
5748,7178,0.18385473,0.16061008,0.19369611
5749,7179,1.36831307,1.33214116,1.38264906
5750,7180,-0.02721844,-0.04197671,0.03044427
5751,7181,-0.68913776,-0.74203056,-0.69266272
5752,7182,1.89671707,1.89566100,1.91619647
5753,7184,-1.83343399,-1.78573453,-1.72886097
5754,7185,3.36755753,3.38160896,3.40059686
5755,7186,0.85989136,0.87138957,0.87375951
5756,7187,0.46639341,0.43291056,0.53702700
5757,7188,0.28906998,0.32122785,0.34871170
5758,7189,-3.01275659,-3.05010223,-2.92609167
5759,7190,-0.13286439,-0.06713171,-0.12588859
5760,7191,2.50726700,2.54385948,2.52738738
5761,7192,1.70378804,1.75542355,1.72119284
5762,7193,-0.80803674,-0.81189227,-0.77404255
5763,7194,0.14175245,0.17525133,0.15966964
5764,7195,-1.01775455,-1.04946637,-1.00302458
5765,7198,-2.14716554,-2.13183260,-2.06953812
5766,7199,2.55280542,2.54069519,2.51417112
5767,7200,1.70062101,1.74034071,1.66781855
5768,7201,-1.78246677,-1.79718924,-1.70778215
5769,7202,-0.43891829,-0.45916522,-0.42741510
5770,7204,-0.60751384,-0.66322643,-0.59744596
5771,7205,0.77265483,0.65774053,0.83360720
5772,7206,2.54913449,2.58932638,2.56080103
5773,7207,-0.42493528,-0.50919986,-0.41686311
5774,7209,-2.85599995,-2.81967783,-2.81288075
5775,7210,-2.55382013,-2.55028796,-2.53295398
5776,7212,-0.31748408,-0.31968713,-0.28202882
5777,7214,-0.24420694,-0.18503352,-0.18418726
5778,7215,1.64193273,1.64102697,1.65961766
5779,7216,1.83433723,1.83498812,1.88523126
5780,7217,2.08730125,2.09852529,2.05842471
5781,7218,2.84142780,2.86703181,2.85054898
5782,7221,0.00458405,0.05024948,-0.00383661
5783,7224,1.08016193,1.10312998,1.05686080
5784,7225,-0.21567202,-0.17861097,-0.23277286
5785,7227,-1.48892164,-1.35388422,-1.35258842
5786,7228,1.75329447,1.76839244,1.74786198
5787,7229,2.24759769,2.18314934,2.22095513
5788,7230,1.06842756,1.07585430,1.08936572
5789,7231,0.79372889,0.83674139,0.87098807
5790,7232,2.44386554,2.44525862,2.43317294
5791,7233,-0.77499443,-0.85165793,-0.81267124
5792,7236,1.39630628,1.39800942,1.42959034
5793,7237,-0.09964292,-0.10613130,-0.06619354
5794,7238,0.19767070,0.26126933,0.25717053
5795,7239,0.41032758,0.36404842,0.36786702
5796,7240,-0.45310950,-0.49384719,-0.54590535
5797,7241,-0.45076996,-0.46979755,-0.44452146
5798,7242,1.42686892,1.45004296,1.41303778
5799,7243,-1.75355256,-1.69217634,-1.60429871
5800,7244,0.97487640,1.04032421,1.00381064
5801,7245,0.22319016,0.18839796,0.20076272
5802,7246,1.08709049,1.06578171,1.03209805
5803,7247,2.37521029,2.37955594,2.37612939
5804,7249,-0.03765107,-0.03899110,-0.06158835
5805,7250,1.54085898,1.54196370,1.57369721
5806,7251,1.61603498,1.58351016,1.60695446
5807,7252,-2.45526814,-2.59973621,-2.54408693
5808,7253,-0.95639271,-1.00151813,-0.96854490
5809,7255,-0.16323084,-0.06514223,-0.00789822
5810,7256,-0.09913389,-0.20194964,-0.16512066
5811,7259,0.81554586,0.87380415,0.85115021
5812,7263,-0.67324358,-0.68136746,-0.70900434
5813,7264,-5.41399527,-5.45835400,-5.41122961
5814,7266,2.77783871,2.81284714,2.81667757
5815,7267,-1.35302687,-1.31994700,-1.35897422
5816,7268,1.10496950,1.04914093,1.17630100
5817,7269,-3.53745246,-3.64841914,-3.56524491
5818,7270,-1.92386103,-1.97565675,-1.93208992
5819,7271,-2.18138814,-2.19107318,-2.17449689
5820,7272,-3.56390476,-3.65474749,-3.52384758
5821,7273,-0.80010736,-0.77154976,-0.85333222
5822,7276,1.53008068,1.54052222,1.51311314
5823,7277,1.82112348,1.80332279,1.86206543
5824,7278,-5.07333994,-5.14443207,-5.04951954
5825,7279,-0.17709517,-0.22198923,-0.19784686
5826,7280,-3.20883536,-3.36401105,-3.22241521
5827,7281,1.06593871,1.05977643,1.09127903
5828,7282,1.82314348,1.79363787,1.82325745
5829,7283,-0.76327533,-0.80493188,-0.78103900
5830,7287,-0.19383195,-0.18459581,-0.12240595
5831,7288,1.30197966,1.33369517,1.37743700
5832,7290,2.46279430,2.49677110,2.51837707
5833,7291,0.09979663,0.02459787,-0.00267810
5834,7293,1.48993182,1.53407192,1.45583606
5835,7296,0.86085773,0.91693407,0.88295192
5836,7297,1.09762275,1.04854918,1.07150316
5837,7299,1.96675503,1.98622870,2.02207279
5838,7300,-0.65953529,-0.60103470,-0.55173910
5839,7301,0.35129884,0.35023236,0.36606586
5840,7302,0.57860929,0.60687667,0.59404004
5841,7303,0.67665952,0.62350255,0.73190504
5842,7304,-0.35860464,-0.44206434,-0.42989716
5843,7306,1.93792188,1.92870998,1.88526499
5844,7308,1.90689933,1.89178371,1.91300702
5845,7309,0.82704026,0.82758462,0.68641710
5846,7310,1.72166824,1.72182608,1.77215171
5847,7311,0.76311111,0.79925787,0.84817272
5848,7312,-4.75069475,-4.82539463,-4.76506948
5849,7313,1.59150672,1.59920347,1.47596133
5850,7316,0.82284838,0.84342104,0.83652818
5851,7317,2.01359296,2.04454470,2.00274873
5852,7319,0.60387462,0.64760262,0.70154589
5853,7320,1.32572412,1.35046911,1.36416638
5854,7321,1.83004260,1.84935915,1.87493587
5855,7322,3.17931867,3.24842548,3.18184686
5856,7323,1.56887722,1.57764637,1.59175813
5857,7324,2.63774705,2.65501070,2.62089396
5858,7325,-0.16898191,-0.14949793,-0.18624243
5859,7326,0.95615393,1.03299451,0.99118048
5860,7327,1.39651251,1.39540207,1.35543931
5861,7328,-0.09763337,-0.07134299,-0.04120503
5862,7329,0.17696518,0.15703169,0.14163345
5863,7330,1.56171942,1.61953926,1.58187115
5864,7331,-1.71939838,-1.66973293,-1.74541175
5865,7333,-0.21372131,-0.18232311,-0.19003499
5866,7334,-2.27121115,-2.26665807,-2.21614742
5867,7336,-3.22487545,-3.30568743,-3.18884754
5868,7337,-5.87095118,-5.89180088,-5.78346777
5869,7338,0.56448120,0.53565419,0.56531310
5870,7339,2.29893208,2.29070139,2.30095387
5871,7340,0.01479835,-0.00771576,-0.01306991
5872,7341,2.18144274,2.21162033,2.19780636
5873,7342,-0.96502215,-0.82998163,-0.71519923
5874,7343,-0.91578215,-0.83535904,-0.78235340
5875,7344,0.33822227,0.38356644,0.37780410
5876,7346,1.00631011,1.04425681,1.06636477
5877,7347,-2.59095335,-2.67091846,-2.53407598
5878,7348,2.14357519,2.15711045,2.14223528
5879,7349,2.68962049,2.77321339,2.73519659
5880,7350,2.50943732,2.56791210,2.50323296
5881,7351,0.30474788,0.31393486,0.27436972
5882,7352,0.22754067,0.21467020,0.24875301
5883,7353,-0.81782651,-0.86492640,-0.78072447
5884,7355,1.58279455,1.60654998,1.61985064
5885,7357,0.84676927,0.88225085,0.91360086
5886,7358,-1.66708899,-1.89387119,-1.71748853
5887,7359,2.42987061,2.40461016,2.41023922
5888,7360,0.51808679,0.51579309,0.52592158
5889,7361,1.04207504,1.05705786,1.02469075
5890,7362,0.31436366,0.30780554,0.34831551
5891,7363,0.79692221,0.77503008,0.83556217
5892,7364,-0.27837455,-0.28031594,-0.29358357
5893,7365,0.11194260,0.15420960,0.17795496
5894,7369,-1.18500662,-1.19767869,-1.06455350
5895,7370,1.15624261,1.12811887,1.13967299
5896,7372,2.37481809,2.32587194,2.37687254
5897,7373,1.04546785,1.01998162,1.02006269
5898,7374,1.89297867,1.89335489,1.89158344
5899,7375,0.49883613,0.52102065,0.57001179
5900,7376,-1.40978217,-1.45556521,-1.38106704
5901,7378,-2.32144165,-2.41954708,-2.39306808
5902,7379,1.68885350,1.68138635,1.66829896
5903,7380,-0.36892149,-0.34198976,-0.32081574
5904,7381,-0.88855457,-0.98640484,-0.92615217
5905,7383,-0.53227013,-0.52990347,-0.53013295
5906,7385,0.41693562,0.42043918,0.39410552
5907,7386,2.17374754,2.21614981,2.18948483
5908,7388,1.38892734,1.38293862,1.35784769
5909,7389,-0.78111297,-0.91328371,-0.82235706
5910,7390,-0.34127671,-0.33525890,-0.35255274
5911,7391,0.11920160,0.12210040,0.08754223
5912,7392,1.20126081,1.22191226,1.16354704
5913,7395,2.37817192,2.38627672,2.38840127
5914,7396,0.20574319,0.18423435,0.17156535
5915,7398,-1.08633029,-1.12557709,-1.00479114
5916,7399,-0.00978825,-0.04840417,0.05252632
5917,7400,0.85720676,0.86968905,0.91366631
5918,7401,0.87935823,0.86808491,0.94423157
5919,7402,1.36949492,1.30837274,1.37599123
5920,7403,0.38496366,0.40869522,0.45507339
5921,7404,1.61805141,1.64037371,1.61137211
5922,7405,2.31282902,2.35459566,2.35405183
5923,7406,-0.88351339,-0.88374281,-0.81896442
5924,7407,0.64015692,0.57241434,0.62781322
5925,7408,0.73394132,0.74308962,0.78579521
5926,7409,1.58920145,1.57707071,1.59428251
5927,7410,2.74154019,2.74031878,2.72266531
5928,7411,2.28148866,2.37509537,2.33388305
5929,7412,2.91249990,2.90065432,2.92954111
5930,7414,-1.59966898,-1.61527240,-1.53406072
5931,7415,2.53635454,2.56957698,2.52057624
5932,7418,-1.63810933,-1.69223809,-1.64586771
5933,7420,-0.82373154,-0.86780077,-0.80435628
5934,7421,1.76052082,1.80027366,1.78634369
5935,7422,0.86589068,0.88262856,0.92073679
5936,7423,0.96467268,0.99503762,0.97266865
5937,7424,-0.00474188,-0.01583891,0.05765729
5938,7425,-1.16810501,-1.16294670,-1.12563932
5939,7426,-0.67270869,-0.75076145,-0.60899049
5940,7428,0.25143346,0.23451246,0.26046953
5941,7429,-1.49924290,-1.56488729,-1.54736841
5942,7431,-2.00864267,-2.02364969,-1.93854773
5943,7433,0.11117646,0.10647403,0.08887566
5944,7434,-1.21460915,-1.20817101,-1.23187625
5945,7435,2.70193124,2.73136902,2.68032122
5946,7436,-1.99358130,-2.01736164,-1.97513449
5947,7437,1.02805686,1.04350519,1.01614809
5948,7439,0.66783351,0.71630925,0.65435964
5949,7440,0.27801621,0.25690228,0.29135960
5950,7441,-0.83670723,-0.86291003,-0.79014730
5951,7442,-0.12558031,-0.20298053,-0.10874964
5952,7443,0.86706942,0.91616815,0.86070961
5953,7444,-0.40344813,-0.34872824,-0.36428463
5954,7445,-2.58044624,-2.68922710,-2.60859513
5955,7446,0.94104856,0.99804491,1.00814819
5956,7447,1.06650925,1.05255306,1.07982802
5957,7448,1.33417296,1.27381968,1.26749063
5958,7449,-0.37042537,-0.36408859,-0.32635975
5959,7450,1.81793916,1.84129262,1.84760773
5960,7452,-0.11075831,-0.12842935,-0.17070726
5961,7453,-1.59530365,-1.57163417,-1.50748682
5962,7454,-4.07155466,-4.16716480,-3.97609210
5963,7455,-2.26777411,-2.28684783,-2.20439219
5964,7458,-1.63609529,-1.64028728,-1.57172751
5965,7460,1.33792043,1.37368107,1.33751690
5966,7461,0.91988188,0.99235994,0.91258913
5967,7463,2.50748301,2.51849198,2.55169868
5968,7464,0.14620191,0.18273865,0.12033235
5969,7465,1.66397429,1.64952719,1.67177963
5970,7466,1.13515449,1.21790326,1.23026323
5971,7467,-1.69583762,-1.72685707,-1.66527689
5972,7468,1.44701040,1.45364618,1.46767414
5973,7470,-0.59905303,-0.55979449,-0.52860188
5974,7471,0.39200526,0.40213442,0.35585412
5975,7473,-1.31108212,-1.33480966,-1.27069807
5976,7474,1.46380019,1.44403481,1.48278105
5977,7476,1.01779306,1.06279957,1.05871427
5978,7478,0.92195433,0.93507773,0.91894203
5979,7479,0.58675951,0.60211682,0.59583914
5980,7480,1.60863340,1.63033700,1.61922193
5981,7481,1.81029534,1.78309035,1.80618083
5982,7482,-0.31830883,-0.26473081,-0.24892139
5983,7483,0.50633663,0.51259315,0.52209419
5984,7484,2.71122217,2.80579257,2.71846056
5985,7485,0.17323187,0.19118950,0.25243455
5986,7487,-0.00924379,-0.06029093,0.03852858
5987,7488,-0.56300855,-0.59702283,-0.56026274
5988,7489,-2.57371044,-2.65135479,-2.55148315
5989,7490,-0.05738173,-0.13814457,-0.10101887
5990,7491,1.62794209,1.61130595,1.60614908
5991,7494,-0.53982753,-0.49135238,-0.50224513
5992,7495,0.63171428,0.63770336,0.70881480
5993,7496,1.44159627,1.43751132,1.45729542
5994,7497,-4.98193407,-4.94932032,-4.91316271
5995,7498,2.15570784,2.24634790,2.20403433
5996,7499,-3.00589466,-3.10303640,-3.05723786
5997,7500,0.85061336,0.83786207,0.86473769
5998,7501,1.33960533,1.31324399,1.34552658
5999,7502,0.83302116,0.88612914,0.85213333
6000,7503,0.86803263,0.86072361,0.83625644
6001,7504,-2.17989373,-2.10078979,-2.02475286
6002,7505,2.30498981,2.31240082,2.30343843
6003,7506,1.34992385,1.43398237,1.41754699
6004,7507,1.96282983,1.99044979,1.96626890
6005,7508,0.17774782,0.24251990,0.21228549
6006,7509,-3.13136196,-3.20274377,-3.18163180
6007,7510,2.39190531,2.42216635,2.47724509
6008,7511,1.16878772,1.23742509,1.17870200
6009,7512,1.96030653,1.93258321,1.93711412
6010,7513,-3.20839643,-3.36903524,-3.30688357
6011,7514,2.04016829,2.01484942,2.02016521
6012,7515,1.89572120,1.89764524,1.86861444
6013,7517,1.43008447,1.38987315,1.36784625
6014,7518,-3.66860652,-3.67227817,-3.65590429
6015,7519,-0.21619397,-0.17551868,-0.13818705
6016,7521,1.25651467,1.23723555,1.27956831
6017,7522,1.81672084,1.82350802,1.78234148
6018,7523,-0.65196085,-0.76228583,-0.70855010
6019,7525,-1.20130491,-1.24658656,-1.24054861
6020,7526,0.70843112,0.76551503,0.77451915
6021,7527,-0.30258322,-0.31658763,-0.34038284
6022,7528,1.39419341,1.43789208,1.35250139
6023,7529,-1.57347345,-1.53348696,-1.44260418
6024,7530,0.40433270,0.39489287,0.38392320
6025,7531,-2.85997319,-2.85300922,-2.80676436
6026,7532,-4.95327806,-5.02846146,-5.01872396
6027,7533,1.53920901,1.52878714,1.56238139
6028,7536,1.62519205,1.70450759,1.61098039
6029,7537,0.03226212,0.06048670,0.10457195
6030,7541,-1.97250366,-1.95663929,-1.90723670
6031,7542,0.68767309,0.66208637,0.72397566
6032,7543,0.92572200,0.93610245,0.94973445
6033,7544,0.71033102,0.71558934,0.70230919
6034,7545,1.97210538,2.04840755,1.98527527
6035,7546,2.16765308,2.16968393,2.15060472
6036,7547,1.03686464,1.05770934,1.12198317
6037,7549,1.15169764,1.15156674,1.19122887
6038,7550,1.07327855,1.09335315,1.04859793
6039,7551,1.01913929,0.97083741,1.03364086
6040,7553,-1.16554427,-1.18265259,-1.12998557
6041,7554,-0.62135965,-0.65371591,-0.73277450
6042,7555,-1.01728153,-1.01727927,-0.98682731
6043,7556,-1.80447876,-1.81501770,-1.72931778
6044,7558,-1.79512823,-1.72079611,-1.66442573
6045,7559,2.80050468,2.75388861,2.83639550
6046,7561,0.41875708,0.46509302,0.45869246
6047,7562,1.62344623,1.72024512,1.72855330
6048,7563,0.09045280,0.12633210,0.10030688
6049,7564,3.25465226,3.23719597,3.23166704
6050,7565,-2.02439475,-2.10562468,-2.03212523
6051,7566,2.29765821,2.29961658,2.29999089
6052,7567,1.93179107,1.94030094,1.89527118
6053,7570,2.55449390,2.59764814,2.54612136
6054,7573,0.64374352,0.63527459,0.70082742
6055,7574,1.34522367,1.38730431,1.37677908
6056,7576,-2.27887034,-2.35565925,-2.27083158
6057,7578,-2.48648787,-2.53810525,-2.50676346
6058,7579,0.41938770,0.38814610,0.35600233
6059,7580,-1.40248895,-1.37672532,-1.40627420
6060,7581,0.18327820,0.15347818,0.12021648
6061,7582,-0.86846131,-0.86082202,-0.77055699
6062,7584,0.08819064,0.13510111,0.10057888
6063,7585,-2.82443857,-2.97626209,-2.90993166
6064,7586,2.73420429,2.83755875,2.79273915
6065,7587,2.01138496,2.03791475,2.07311273
6066,7588,-1.36609745,-1.32568431,-1.34299803
6067,7590,-0.10939165,-0.05631170,-0.04677372
6068,7592,0.92848134,1.06814408,1.06980407
6069,7593,1.79155934,1.80247176,1.76407564
6070,7594,2.08645535,2.16632414,2.14766479
6071,7596,1.90609956,1.93089032,1.92413831
6072,7597,0.62708980,0.70995104,0.73251677
6073,7598,-2.08089781,-2.11522317,-2.09767294
6074,7599,-1.25153410,-1.24062848,-1.17826688
6075,7602,-1.81443930,-1.84746325,-1.81708491
6076,7603,1.72475433,1.77477527,1.76629305
6077,7604,-2.38654280,-2.41594076,-2.41954017
6078,7605,-1.03459573,-1.05643511,-0.96575838
6079,7606,1.63856339,1.61551499,1.62482214
6080,7607,-2.22486639,-2.25217962,-2.24602962
6081,7608,-0.52099228,-0.48725420,-0.46035525
6082,7609,1.52276039,1.54661357,1.54364669
6083,7610,1.19396925,1.18637860,1.23328614
6084,7611,0.49566764,0.51866621,0.51387691
6085,7612,-0.39736989,-0.40962374,-0.40522417
6086,7613,-0.47063142,-0.52666193,-0.47924307
6087,7614,-2.72571468,-2.79943585,-2.68441606
6088,7615,0.97792137,1.04939067,1.02735114
6089,7616,0.68903971,0.72179282,0.67786413
6090,7617,2.15554929,2.18341780,2.22672868
6091,7618,-0.63906050,-0.64720112,-0.56909138
6092,7619,-4.69536734,-4.75558090,-4.72511482
6093,7620,0.53109109,0.45517588,0.47616267
6094,7621,0.06000041,0.09228639,0.10016233
6095,7622,1.63461149,1.66449785,1.60056198
6096,7624,1.45975935,1.43636489,1.46522248
6097,7625,0.68744498,0.67775589,0.64005727
6098,7626,0.52593148,0.54116529,0.54284394
6099,7627,3.08796215,3.08952451,3.03945374
6100,7628,0.61817497,0.56058109,0.61044329
6101,7629,1.05328608,1.11167514,1.11357987
6102,7630,-0.27644104,-0.21728681,-0.30924541
6103,7631,1.40060914,1.41310453,1.42291009
6104,7634,1.83456635,1.84075141,1.77846801
6105,7635,-3.19179010,-3.32028270,-3.18461037
6106,7636,0.30495220,0.29666084,0.35427320
6107,7637,1.53838181,1.52708972,1.55617797
6108,7638,1.83580005,1.85390544,1.79167163
6109,7640,-1.18045449,-1.17951846,-1.10590160
6110,7641,1.17208433,1.18986571,1.17309391
6111,7644,-0.46608740,-0.45317334,-0.46195963
6112,7645,-2.44256520,-2.51068997,-2.39307547
6113,7646,1.16021895,1.14995587,1.17838788
6114,7648,1.03875196,1.05495369,1.01264107
6115,7649,1.28399658,1.28589106,1.24303126
6116,7650,-0.66906542,-0.65266758,-0.62628460
6117,7652,1.46012092,1.53091562,1.47655332
6118,7653,1.25951314,1.29484010,1.30867946
6119,7655,-1.17414892,-1.16443408,-1.20230830
6120,7656,1.85093713,1.92588103,1.85671926
6121,7657,2.34521961,2.39121532,2.38051772
6122,7659,0.72685045,0.74211091,0.76925015
6123,7660,-0.32298917,-0.30411118,-0.26329622
6124,7661,0.94749469,0.94308829,0.98231322
6125,7662,1.96958840,1.98946142,2.01360941
6126,7663,-1.24510181,-1.29701614,-1.23623121
6127,7664,1.74319220,1.77791667,1.71593380
6128,7665,1.22222877,1.18840861,1.21205032
6129,7666,1.47637963,1.43341422,1.48936999
6130,7667,1.02764881,1.03313386,1.01012182
6131,7668,-0.81764120,-0.91634756,-0.85798717
6132,7669,2.12423110,2.13418174,2.12743735
6133,7670,-3.00733328,-3.09384823,-3.00038266
6134,7671,0.03493201,0.02616441,0.04670957
6135,7672,1.53477311,1.52969289,1.53651726
6136,7673,-4.23713827,-4.23336792,-4.14292145
6137,7675,0.12337718,0.14280486,0.07660852
6138,7676,-1.58271337,-1.59108162,-1.48979843
6139,7677,-3.75962424,-3.79390764,-3.71514058
6140,7679,2.18693638,2.17610502,2.17117763
6141,7680,-0.68569857,-0.68832636,-0.67871463
6142,7682,1.32517064,1.35836983,1.29652762
6143,7683,-2.47877097,-2.42410374,-2.41462636
6144,7685,-1.72112203,-1.84440053,-1.71021378
6145,7686,-2.20716619,-2.19890618,-2.12169957
6146,7687,1.63978636,1.66289568,1.58866513
6147,7688,1.69192100,1.69282246,1.70962596
6148,7689,0.85889649,0.85885352,0.89383847
6149,7691,1.80895376,1.82625437,1.80494940
6150,7692,-2.24220157,-2.30115938,-2.22560096
6151,7693,0.70606726,0.71046716,0.74712074
6152,7694,1.10303164,1.15337920,1.10484374
6153,7695,2.08867311,2.09163833,2.14994216
6154,7697,-1.70258927,-1.75719190,-1.76423240
6155,7699,0.06825726,0.12080388,0.09476551
6156,7700,1.08394361,1.10885298,1.08911252
6157,7701,-0.61336374,-0.65689093,-0.58411926
6158,7702,0.20912403,0.18263376,0.16977566
6159,7703,0.97463250,1.04151893,0.97579032
6160,7705,-2.87685084,-2.88659525,-2.86638141
6161,7707,0.83859056,0.80970716,0.87043279
6162,7708,0.45607638,0.45187551,0.50221342
6163,7709,0.46542150,0.50014406,0.44426832
6164,7710,-0.24201936,-0.22803880,-0.21643266
6165,7711,-1.47932172,-1.46659946,-1.48342800
6166,7712,0.54168385,0.56864464,0.55795586
6167,7715,1.64901674,1.54855478,1.63853979
6168,7716,1.09068656,1.17271805,1.13200128
6169,7717,1.36998987,1.39250696,1.41589153
6170,7718,-1.54510593,-1.51723289,-1.51600587
6171,7721,-2.71257353,-2.68515348,-2.63291931
6172,7722,2.97994113,2.98513508,3.02044511
6173,7724,-1.09579110,-1.07658625,-1.08504879
6174,7725,2.74662876,2.87728167,2.84504676
6175,7726,0.23052099,0.23308432,0.18598233
6176,7727,1.43606162,1.41553235,1.44676006
6177,7728,0.68723780,0.74526733,0.70442301
6178,7730,1.93570328,1.87558234,1.99095309
6179,7731,2.61642456,2.79300261,2.77966189
6180,7732,-2.39522433,-2.48965573,-2.34482360
6181,7734,-1.56621265,-1.61878991,-1.50705135
6182,7735,1.05724931,1.08846462,1.12029004
6183,7736,1.20218992,1.15189779,1.16180599
6184,7737,2.08848715,2.03786373,2.03072596
6185,7738,1.27463245,1.31102014,1.38184011
6186,7739,0.96734864,1.02722359,1.01310480
6187,7741,1.50947857,1.50513196,1.46315372
6188,7742,2.05305195,2.08267140,2.07658744
6189,7744,1.65667260,1.57850051,1.61417353
6190,7745,-0.41789433,-0.44702047,-0.46422479
6191,7746,-2.69669437,-2.69386649,-2.67400718
6192,7748,-0.36141765,-0.36693275,-0.36357281
6193,7749,2.25554061,2.28356504,2.26393414
6194,7750,-1.86158252,-1.92357445,-1.83606231
6195,7752,-0.90357202,-0.96019202,-0.85563594
6196,7753,-1.41373801,-1.40047693,-1.35640454
6197,7754,0.68798679,0.66001850,0.67483634
6198,7755,0.87297994,0.88423103,0.87784576
6199,7756,-0.54918295,-0.58773988,-0.56422597
6200,7757,2.48043728,2.51831388,2.47268534
6201,7759,-1.98313308,-2.03884983,-1.93185556
6202,7760,-0.55952471,-0.61065286,-0.56242913
6203,7761,-0.61963040,-0.64655679,-0.60004473
6204,7763,-4.58858252,-4.67453814,-4.60891867
6205,7765,-1.33933997,-1.34558558,-1.33690083
6206,7766,0.32901025,0.31872165,0.32830045
6207,7767,-0.47162026,-0.48100382,-0.41119942
6208,7768,-0.11502496,-0.16883482,-0.11150614
6209,7769,0.29840076,0.37675405,0.27449644
6210,7770,-3.48469830,-3.54136753,-3.40948510
6211,7772,1.16357851,1.17746854,1.15618646
6212,7773,0.18574238,0.20955090,0.24034610
6213,7774,0.41683134,0.36826932,0.44598442
6214,7776,0.70531601,0.69568151,0.73866123
6215,7777,0.41683626,0.42391545,0.46840093
6216,7779,1.29657519,1.28090382,1.27792084
6217,7780,0.15052778,0.30520898,0.22265777
6218,7782,0.84612566,0.83239108,0.89565480
6219,7783,1.99823439,2.00304723,2.01151037
6220,7784,0.95209581,0.96654856,0.97202331
6221,7785,2.69157505,2.74963665,2.67520905
6222,7788,-1.19679987,-1.44504380,-0.77328110
6223,7789,1.54498124,1.57445395,1.53826392
6224,7790,3.28237033,3.31230903,3.30151200
6225,7791,-0.17815945,-0.15465303,-0.18018845
6226,7792,-0.54333484,-0.58351570,-0.62028152
6227,7793,0.29444733,0.31467569,0.29607272
6228,7796,-1.53368664,-1.54585135,-1.48231852
6229,7798,1.03329670,1.08082628,1.02259696
6230,7799,2.35345507,2.31709504,2.28635788
6231,7801,-1.16576242,-1.06361067,-1.01205778
6232,7802,1.89930069,1.93584037,1.93199337
6233,7803,0.43127269,0.37106019,0.42410073
6234,7805,2.15832233,2.16366315,2.16172743
6235,7806,0.68691492,0.64646143,0.64605480
6236,7807,-2.81233168,-2.81871200,-2.70395732
6237,7809,2.07024479,2.08615994,2.03613853
6238,7812,0.20767611,0.26487720,0.35673577
6239,7813,0.38652569,0.35478026,0.38348100
6240,7814,1.11753559,1.12221181,1.15277040
6241,7815,2.90609479,2.94502258,2.91187882
6242,7817,0.31271747,0.39561236,0.35624042
6243,7818,2.85917091,2.85062718,2.82003379
6244,7820,0.26726609,0.26090249,0.29802814
6245,7821,-1.01504564,-0.97531587,-0.87570935
6246,7824,1.55008483,1.58661652,1.57317972
6247,7825,1.60716414,1.64792931,1.58518910
6248,7826,-1.12292910,-1.25963295,-1.21155667
6249,7827,-1.96191812,-2.04399490,-1.96180046
6250,7828,1.53291678,1.51887393,1.51664793
6251,7829,0.92702991,0.96310884,0.97029567
6252,7830,0.71475255,0.74141812,0.73876530
6253,7831,0.88974696,0.89620239,0.87968099
6254,7832,-0.59572154,-0.60387141,-0.58482987
6255,7833,0.15719685,0.12573564,0.16908167
6256,7834,1.59224033,1.57444441,1.64252257
6257,7835,0.46777934,0.45665067,0.52492297
6258,7836,0.72645169,0.77465260,0.79909271
6259,7837,0.38155240,0.42649800,0.38581946
6260,7838,-0.56685513,-0.55440408,-0.48152229
6261,7840,-1.82113862,-1.84999466,-1.88010502
6262,7841,1.36643195,1.40162945,1.38413596
6263,7842,0.79605842,0.76136756,0.79631621
6264,7843,-0.29870909,-0.28116274,-0.23046222
6265,7844,-0.12505469,-0.17874955,-0.14772671
6266,7845,-0.87273473,-0.90024894,-0.80203962
6267,7846,-1.48535311,-1.57810283,-1.38124180
6268,7848,-1.02909756,-1.09587026,-0.95745999
6269,7850,-1.36938703,-1.38957620,-1.32900059
6270,7852,1.25825715,1.29233062,1.32225430
6271,7853,0.59329891,0.53512919,0.56274593
6272,7854,-0.54209906,-0.55583745,-0.46907708
6273,7855,1.10617018,1.19245481,1.13327372
6274,7856,-2.21119499,-2.26672482,-2.22251773
6275,7857,0.94251329,0.94540632,0.99603713
6276,7858,0.32022804,0.35232460,0.35182345
6277,7859,2.12123370,2.11698318,2.10518050
6278,7860,-1.24009824,-1.20249724,-1.23310626
6279,7862,-2.08014917,-2.10936785,-2.11678243
6280,7863,-0.63763624,-0.64422029,-0.55524737
6281,7865,1.01491559,0.97321814,1.04684210
6282,7866,-1.60268807,-1.51653099,-1.57515514
6283,7868,-1.24953151,-1.33391380,-1.23836815
6284,7869,2.05388308,2.05151629,2.03110480
6285,7870,0.77189833,0.72025567,0.77361089
6286,7871,0.43504170,0.43004596,0.46892503
6287,7872,0.44333225,0.39380455,0.46326539
6288,7874,0.50915176,0.57163805,0.56649125
6289,7876,1.92185593,1.98443258,1.93864918
6290,7877,-3.72873926,-3.74145579,-3.57011008
6291,7879,2.45590067,2.49940562,2.46215606
6292,7882,1.45385849,1.50170672,1.46960235
6293,7883,0.84403867,0.85233796,0.83536917
6294,7884,-2.18443561,-2.29159212,-2.23841667
6295,7885,-1.68629932,-1.71656096,-1.63915467
6296,7886,2.41807365,2.46564484,2.46735072
6297,7887,0.85772294,0.88701707,0.88357586
6298,7889,1.41281390,1.48971772,1.46217358
6299,7890,-4.70173120,-4.85731220,-4.81668520
6300,7891,1.37345529,1.39955640,1.41093946
6301,7892,2.43942451,2.54050350,2.43038917
6302,7893,0.41720343,0.40086907,0.42244378
6303,7894,0.10261858,0.08182715,0.05336157
6304,7895,1.51867676,1.52240729,1.55003285
6305,7896,-0.46798688,-0.46414936,-0.46543631
6306,7898,0.79157293,0.82736146,0.82877755
6307,7899,1.06399000,1.05765438,1.04241383
6308,7900,-0.73772401,-0.80607611,-0.81188959
6309,7902,0.46768826,0.46414453,0.45994684
6310,7903,-3.29651833,-3.37682676,-3.45107102
6311,7904,1.82546067,1.82663846,1.82631445
6312,7908,-2.05252838,-2.08793354,-2.04551625
6313,7909,-3.56820345,-3.52524352,-3.47757483
6314,7910,1.19873762,1.27437091,1.28774416
6315,7911,1.30366540,1.27250636,1.22494364
6316,7912,1.68963718,1.68742716,1.66072762
6317,7913,0.55634028,0.57270157,0.52571601
6318,7914,-1.55690658,-1.56071186,-1.52057421
6319,7915,-1.11048353,-1.15067613,-1.14013588
6320,7916,-0.06918862,-0.09440397,-0.03465683
6321,7917,-0.54920280,-0.60158330,-0.50446713
6322,7919,-0.07309826,-0.16146320,-0.12610805
6323,7920,-2.05992031,-2.12274003,-2.00829411
6324,7921,1.33567631,1.35648882,1.42331457
6325,7923,1.73460340,1.77730346,1.71263444
6326,7925,-1.00519967,-1.09369040,-1.12921941
6327,7926,0.94428980,0.94318140,0.95576906
6328,7927,1.58261299,1.64331532,1.56565452
6329,7930,-2.07386065,-2.09644532,-1.97144306
6330,7931,-0.26833776,-0.31151551,-0.27995235
6331,7932,1.27036667,1.30768776,1.24373007
6332,7933,-1.15729070,-1.15263081,-1.13588130
6333,7934,1.78767180,1.85535407,1.75860131
6334,7935,-2.80527425,-2.97620106,-2.80231404
6335,7936,-0.02807327,-0.04927005,-0.02903773
6336,7937,-0.15797120,-0.14831281,-0.13134906
6337,7938,-1.39623976,-1.37719321,-1.34356797
6338,7940,0.13602722,-0.00649146,0.10488969
6339,7941,0.84879106,0.85380048,0.84865683
6340,7942,1.91804838,1.94821000,1.92524874
6341,7943,-0.47321922,-0.55704218,-0.41861883
6342,7945,-0.77426684,-0.84744626,-0.87814748
6343,7946,0.67102164,0.71647561,0.74185735
6344,7949,0.88357717,0.86044836,0.89597017
6345,7950,0.52521068,0.40702838,0.45654401
6346,7952,0.35947296,0.41153669,0.42848799
6347,7953,-2.80846834,-2.82481766,-2.78026557
6348,7956,1.34147763,1.32594359,1.31243777
6349,7958,1.35244584,1.38393986,1.40137744
6350,7961,0.55509466,0.54195035,0.53779370
6351,7962,1.64108586,1.67846119,1.69815409
6352,7963,-1.73526931,-1.76357019,-1.68188548
6353,7964,1.80523074,1.82618642,1.82026088
6354,7965,-0.13101020,-0.12197073,-0.11756486
6355,7966,1.89613867,1.91902363,1.94969356
6356,7967,0.91280597,0.85545617,0.86261827
6357,7969,1.06917346,1.10682225,1.06689036
6358,7970,-1.33303452,-1.38004959,-1.36932349
6359,7971,2.26189280,2.30411077,2.23198962
6360,7972,2.05129862,2.10530353,2.02341294
6361,7973,-4.00811672,-4.03249216,-3.84745264
6362,7975,0.16311979,0.19543085,0.19485816
6363,7976,0.69915384,0.70476222,0.71577477
6364,7977,1.23981309,1.24007809,1.36823213
6365,7979,-1.86128378,-1.86273479,-1.72446036
6366,7980,0.48790675,0.49395180,0.50619578
6367,7981,0.90022093,0.87699980,0.92524177
6368,7983,3.09551859,3.14027858,3.12319613
6369,7984,-0.28371271,-0.29610956,-0.27998638
6370,7985,-1.22477114,-1.26578689,-1.21023047
6371,7986,0.25087002,0.20526449,0.27142599
6372,7987,-0.56928307,-0.52655017,-0.52548999
6373,7989,0.21621853,0.22858299,0.23704872
6374,7994,1.86104703,1.84150016,1.84187889
6375,7995,0.09538352,0.09051631,0.14596662
6376,7996,2.01746631,2.03805423,2.09089923
6377,7997,0.04020064,0.06244028,0.06486502
6378,7998,-3.63614607,-3.67569065,-3.69348717
6379,7999,1.08791757,1.14495337,1.09075820
6380,8000,0.79562014,0.71385533,0.73483545
6381,8001,1.87417436,1.90066862,1.91018999
6382,8002,2.89424658,2.93342400,2.88925481
6383,8003,-2.23901844,-2.25552082,-2.22119308
6384,8004,-3.94269609,-4.04861259,-3.92530084
6385,8005,-1.17137742,-1.21402740,-1.18818331
6386,8006,-2.31666851,-2.35620332,-2.29219294
6387,8007,0.08525433,0.05148935,0.09433197
6388,8008,0.42012644,0.44671530,0.46924725
6389,8009,-3.79260230,-3.72756720,-3.64252019
6390,8010,-1.38649583,-1.37141800,-1.44159210
6391,8012,1.49314582,1.51785421,1.50319719
6392,8013,2.46309400,2.48969460,2.45409465
6393,8014,2.37986803,2.36146188,2.38709664
6394,8015,-1.25404930,-1.31749034,-1.24625909
6395,8016,1.39597189,1.43249393,1.42514694
6396,8020,0.60474199,0.57524794,0.60647774
6397,8021,1.99528039,2.00239325,2.03014827
6398,8022,1.40933287,1.40824068,1.44461238
6399,8023,-0.85328752,-0.85866493,-0.84663892
6400,8024,1.04568505,1.05807638,1.04140997
6401,8025,-0.98583227,-0.96032935,-0.89396638
6402,8026,1.62158155,1.68640053,1.65100861
6403,8027,-1.83464670,-1.86167169,-1.78714156
6404,8028,-2.84860110,-2.90681267,-2.74853158
6405,8029,-0.64165264,-0.63992923,-0.61539662
6406,8030,1.39286423,1.41027379,1.41066825
6407,8031,2.09821796,2.11414337,2.11051440
6408,8032,1.07901680,1.10727584,1.12050068
6409,8034,-0.76546413,-0.71510154,-0.73325980
6410,8036,-0.65533322,-0.59466511,-0.57386124
6411,8037,-1.24246573,-1.34624970,-1.27983356
6412,8039,-3.44739771,-3.54872799,-3.57870054
6413,8040,0.42789280,0.46126491,0.40340570
6414,8043,-1.66596019,-1.63671541,-1.73084402
6415,8044,0.78156960,0.72208959,0.76754791
6416,8045,1.59389472,1.57331336,1.53878868
6417,8046,3.43240809,3.53225613,3.45097661
6418,8047,-2.23780298,-2.21259856,-2.21728778
6419,8048,-2.52666283,-2.66387272,-2.52679372
6420,8050,1.50085926,1.46111321,1.52649796
6421,8051,1.21656692,1.31690228,1.24876201
6422,8052,0.44379461,0.60424823,0.59156871
6423,8053,-2.51206446,-2.51166511,-2.63766956
6424,8054,0.67017227,0.67685694,0.68112898
6425,8057,0.49525613,0.49125463,0.46069464
6426,8060,-4.08957863,-4.09316063,-4.05777836
6427,8061,-3.78986716,-3.75819349,-3.79190898
6428,8063,-3.45671582,-3.50118327,-3.43620515
6429,8064,2.11584759,2.16886163,2.17612147
6430,8065,0.99116725,0.97512710,0.98791397
6431,8066,2.35064721,2.32126474,2.36336231
6432,8068,-0.80497867,-0.91042066,-0.83219302
6433,8069,0.74121094,0.75968856,0.80009550
6434,8070,-0.57868558,-0.55522394,-0.53094071
6435,8073,1.00328350,1.02335238,1.02306592
6436,8074,-1.42708051,-1.44152319,-1.32901454
6437,8075,-0.75543576,-0.77417582,-0.81898910
6438,8077,-0.75781137,-0.76283282,-0.70138860
6439,8078,-1.30480301,-1.29414713,-1.20267069
6440,8079,0.87639761,0.88817537,0.87521344
6441,8080,1.63754308,1.71658480,1.63114905
6442,8081,-0.07936615,-0.12728539,-0.05747316
6443,8082,-0.78689808,-0.77358299,-0.71618277
6444,8084,2.04863214,2.08048677,2.10129857
6445,8085,-0.23265594,-0.28086489,-0.18421438
6446,8086,1.78459847,1.77169561,1.81988525
6447,8087,2.37352133,2.40993595,2.39164090
6448,8089,0.43869409,0.35033399,0.34466010
6449,8090,0.72703201,0.74995404,0.74043763
6450,8091,-0.73852974,-0.73870093,-0.73343128
6451,8092,-1.14606178,-1.21370745,-1.11110067
6452,8093,2.46283197,2.53794670,2.48375034
6453,8096,1.05226886,1.04254115,0.98808795
6454,8097,1.23843229,1.33875048,1.34607041
6455,8098,-4.05989981,-4.13113403,-4.01971579
6456,8099,-3.31640720,-3.31112218,-3.21438432
6457,8100,0.63575238,0.60775292,0.65284401
6458,8102,2.61238360,2.65800858,2.64887357
6459,8105,-2.03726649,-2.04503894,-1.99008787
6460,8106,1.67497325,1.66606092,1.66317987
6461,8107,0.61371297,0.62523746,0.54570132
6462,8108,1.43751884,1.48609471,1.52395642
6463,8109,2.89093256,2.97249508,2.93470955
6464,8110,2.10814357,2.18951321,2.19378090
6465,8111,-3.40255594,-3.50087500,-3.44771075
6466,8114,1.24919891,1.25090230,1.28768265
6467,8116,-0.39794397,-0.40912956,-0.37708732
6468,8118,1.33574176,1.34512568,1.29784334
6469,8120,1.69297075,1.69737709,1.74070239
6470,8121,-0.88384718,-0.93063635,-0.89217144
6471,8122,0.04919260,0.00408621,0.08216959
6472,8123,0.86884207,0.83884013,0.82649392
6473,8124,-0.15562698,-0.16256335,-0.15022433
6474,8125,0.79702973,0.87101388,0.86096448
6475,8127,1.75103796,1.76543856,1.75491941
6476,8128,0.82505697,0.80586272,0.84345442
6477,8129,0.88259953,0.92214590,0.92410254
6478,8131,0.84715402,0.85649782,0.86058897
6479,8132,2.01926780,2.03811359,2.06396723
6480,8133,2.43612957,2.48206043,2.45659304
6481,8134,-2.76805377,-2.71929359,-2.66856098
6482,8135,1.25033462,1.28591645,1.32113087
6483,8136,1.52593112,1.53719103,1.48279965
6484,8137,0.53426230,0.55684561,0.58891326
6485,8138,1.18587780,1.15712178,1.16909981
6486,8139,1.20257986,1.22263002,1.21373546
6487,8140,-0.12391620,-0.13331191,-0.08788452
6488,8141,0.63524956,0.75750345,0.70695937
6489,8142,0.29315403,0.31370875,0.30972683
6490,8143,2.03632641,1.97153807,1.95815670
6491,8144,-1.93052197,-1.97907686,-1.96652138
6492,8146,1.30314672,1.32543731,1.26984298
6493,8147,1.96323979,1.99805260,1.97453392
6494,8148,1.10650480,1.13636315,1.12913191
6495,8150,-2.67943716,-2.73030710,-2.76145339
6496,8152,-0.55022860,-0.50932997,-0.51653963
6497,8153,-1.75345445,-1.82677174,-1.74397326
6498,8154,-0.33454308,-0.35033393,-0.28551972
6499,8155,2.32037568,2.41185284,2.36924481
6500,8157,-3.01826572,-3.11161327,-3.10899639
6501,8158,-3.97273016,-4.00313568,-3.89069676
6502,8159,0.79372305,0.82855505,0.87299854
6503,8160,1.14180553,1.16464782,1.13557732
6504,8161,1.68354702,1.67675078,1.69698632
6505,8162,-2.18699646,-2.17538166,-2.12321210
6506,8163,0.56394452,0.50495285,0.50552005
6507,8165,-1.11463475,-1.10364413,-1.05993116
6508,8167,1.69174933,1.70652699,1.67875671
6509,8168,-3.03093815,-3.09524488,-3.06687546
6510,8169,2.05762577,2.09911418,2.08243394
6511,8171,2.93847895,2.93074989,2.98606658
6512,8172,-2.55722904,-2.65004921,-2.67215610
6513,8173,2.77824283,2.80081034,2.79149771
6514,8174,2.50201559,2.50938201,2.49782634
6515,8175,0.58525783,0.54665434,0.62046283
6516,8177,-0.16283968,-0.17914954,-0.13547674
6517,8179,2.49552250,2.53530669,2.53857708
6518,8180,-2.18539667,-2.14241266,-2.11510968
6519,8181,1.78703785,1.76675129,1.82256472
6520,8183,-1.64708829,-1.71327901,-1.56986248
6521,8184,0.30423337,0.25864255,0.22116286
6522,8186,-1.49058139,-1.48195052,-1.43724167
6523,8187,-2.71234226,-2.79041147,-2.65867829
6524,8188,-1.96202731,-2.00402951,-1.99025762
6525,8190,1.59499729,1.64778996,1.57618368
6526,8191,1.66571236,1.69475019,1.68110466
6527,8192,-0.73762840,-0.77702218,-0.75237679
6528,8193,-0.88710636,-0.89504898,-0.92055506
6529,8194,0.08903752,0.12148896,0.10427554
6530,8195,1.06995904,1.11400139,0.99155086
6531,8197,-0.02855336,0.00043349,0.03144940
6532,8198,1.30298591,1.30803370,1.32913065
6533,8199,1.06365657,1.12090814,1.08817983
6534,8200,2.59265018,2.63119864,2.59756732
6535,8201,-0.29830950,-0.25630784,-0.21622387
6536,8202,-3.16392994,-3.14482641,-3.02932119
6537,8203,1.28314412,1.27433574,1.34418499
6538,8204,0.96966612,0.97850096,0.97294694
6539,8205,-0.28492525,-0.25288177,-0.23950475
6540,8207,-0.88813460,-0.86503386,-0.83818322
6541,8208,-0.65326279,-0.74663997,-0.68295079
6542,8209,1.83088946,1.83814120,1.81518495
6543,8210,0.74274141,0.79116642,0.78000259
6544,8211,0.39805746,0.38855177,0.39650682
6545,8212,-1.05145884,-1.13230622,-1.07808745
6546,8213,0.42870727,0.45742971,0.46090308
6547,8215,0.66264546,0.69147766,0.73036486
6548,8217,0.83435839,0.85106373,0.89527655
6549,8221,-2.50264025,-2.50558615,-2.37404895
6550,8222,-0.79839557,-0.80565476,-0.75226170
6551,8223,-0.07301263,-0.01740171,0.01980084
6552,8224,-0.21231106,-0.25920123,-0.15954605
6553,8226,0.46798760,0.43670666,0.50607824
6554,8227,-2.57215166,-2.54802442,-2.51992154
6555,8230,1.78253508,1.79741549,1.73888028
6556,8231,0.96016383,0.99437559,1.00443172
6557,8232,-1.60634661,-1.74347091,-1.68322909
6558,8234,-0.94954079,-0.96245998,-0.89779866
6559,8235,-0.50786984,-0.53288454,-0.47871014
6560,8236,1.08794427,1.07273686,1.06983650
6561,8238,0.89738828,0.86242163,0.91018599
6562,8239,-0.43436939,-0.40847611,-0.35726500
6563,8240,0.49870753,0.53089046,0.49947542
6564,8241,-3.33755803,-3.46818972,-3.40539956
6565,8242,0.79444462,0.86222559,0.82459503
6566,8244,-1.49894404,-1.47018278,-1.44776225
6567,8245,-0.11324012,-0.12785728,-0.06308156
6568,8246,-0.63779843,-0.62871808,-0.51911312
6569,8248,1.44846916,1.43179464,1.41822624
6570,8251,1.67351127,1.69387913,1.67063832
6571,8252,1.71517205,1.72773552,1.74263167
6572,8253,0.95592433,0.88735360,0.91371238
6573,8254,1.01178145,0.98323566,1.01530433
6574,8255,1.00973630,1.00368345,0.99075377
6575,8256,1.06621385,1.07830536,1.04262018
6576,8257,0.76426709,0.77619815,0.79732001
6577,8258,-1.41538942,-1.50096679,-1.44251096
6578,8259,2.68658543,2.70156145,2.70173216
6579,8261,-1.73182178,-1.82241035,-1.71024823
6580,8262,1.40333176,1.43441653,1.47900462
6581,8263,0.51196492,0.52535254,0.48244700
6582,8264,-0.33141774,-0.35247642,-0.26568058
6583,8265,-0.92032737,-0.86435777,-0.92139477
6584,8266,1.82470620,1.83998024,1.83370888
6585,8268,1.70736277,1.74198866,1.78377998
6586,8269,1.52555561,1.56257153,1.54648864
6587,8270,1.99733675,2.03269267,2.03258729
6588,8271,-0.17559999,-0.14511213,-0.12461791
6589,8272,0.54136962,0.61101401,0.61094755
6590,8273,1.00946271,1.05980968,1.05905032
6591,8274,-1.44194067,-1.48986280,-1.51084697
6592,8275,-0.01454692,-0.06357257,-0.03591759
6593,8277,-1.09532940,-1.15756023,-1.08146930
6594,8278,1.57903194,1.60215497,1.60240912
6595,8279,0.77996689,0.80904168,0.80655950
6596,8280,1.54383159,1.58787990,1.57379282
6597,8281,-0.02205782,-0.06238811,0.07539473
6598,8282,-3.73424459,-3.71822834,-3.72156119
6599,8283,0.22118706,0.17100233,0.17509186
6600,8284,2.87234163,2.88025141,2.91633105
6601,8285,-1.13981020,-1.19257665,-1.13720572
6602,8286,-2.47004652,-2.51236463,-2.51823401
6603,8287,1.80535495,1.73988831,1.81502664
6604,8288,1.18311429,1.21633685,1.25718534
6605,8289,1.39088023,1.37447584,1.39821827
6606,8290,0.06222325,0.02372117,0.04229605
6607,8292,1.32601082,1.34977555,1.30047882
6608,8293,-2.34959507,-2.40255690,-2.32074904
6609,8294,0.61008722,0.64830399,0.59158254
6610,8296,2.47690678,2.45082116,2.44674802
6611,8297,1.19298911,1.23961008,1.22872102
6612,8299,1.08490777,1.11728036,1.11443114
6613,8300,0.93549418,0.92276978,0.99882877
6614,8302,1.54197741,1.53772008,1.57381546
6615,8303,-1.05769634,-1.01121283,-0.99247772
6616,8304,2.09040117,2.09125423,2.10540009
6617,8306,1.08933723,1.09397960,1.02911568
6618,8307,1.42430305,1.45439696,1.43743968
6619,8308,-1.72021461,-1.76051259,-1.71237290
6620,8310,1.86750531,1.90493608,1.83929908
6621,8312,1.53484917,1.51117015,1.47461033
6622,8314,0.91498166,0.98232508,0.97094244
6623,8315,1.20173883,1.22085476,1.19627416
6624,8318,-0.26566821,-0.26182055,-0.32570976
6625,8319,-2.47855568,-2.43239570,-2.42196035
6626,8320,-0.10242147,-0.11570667,-0.11324812
6627,8322,1.53062844,1.54643226,1.53064275
6628,8323,1.20699334,1.24484622,1.20297444
6629,8324,1.97972846,2.02896547,2.02904296
6630,8325,-0.09851667,-0.15171905,-0.13494849
6631,8326,-2.11691380,-2.18124533,-2.08256030
6632,8327,1.70469999,1.71337748,1.77929127
6633,8328,0.30171943,0.37879181,0.32118857
6634,8329,-1.43825662,-1.39591432,-1.32370639
6635,8330,-0.69352347,-0.68098778,-0.67530680
6636,8331,0.18843493,0.17829174,0.17836687
6637,8332,1.72951591,1.75389099,1.69442022
6638,8333,-4.95560694,-4.90721321,-5.02098989
6639,8334,-0.45795560,-0.49318177,-0.37516087
6640,8335,1.38538861,1.42659879,1.38103282
6641,8336,1.80200922,1.80395424,1.85149217
6642,8337,1.67216849,1.61816037,1.63316679
6643,8338,1.20228457,1.25392771,1.23794234
6644,8339,1.75513065,1.79837883,1.82202435
6645,8340,1.11395359,1.15329802,1.14442718
6646,8341,-1.64096367,-1.57930136,-1.48444164
6647,8342,-1.43299603,-1.56274843,-1.54360425
6648,8344,-2.27166057,-2.34183216,-2.26643515
6649,8345,-1.68048823,-1.69718981,-1.67037785
6650,8346,-3.60522056,-3.58380651,-3.47148895
6651,8348,-1.86187208,-1.88294482,-1.89011681
6652,8349,1.69260621,1.73535538,1.75295949
6653,8350,-2.65612936,-2.67996955,-2.69409633
6654,8351,1.16254735,1.22262812,1.21501529
6655,8352,0.53863776,0.52812195,0.54636919
6656,8353,0.08729654,0.06060927,0.11743134
6657,8354,1.20200598,1.15628326,1.19275939
6658,8355,1.61579490,1.63435674,1.60870194
6659,8356,1.92866611,1.93697512,1.98744249
6660,8357,1.47429967,1.50332475,1.41972506
6661,8358,2.57942438,2.55185080,2.52427554
6662,8360,0.93468839,0.92785126,0.97198194
6663,8361,2.49460030,2.50769258,2.48752594
6664,8363,1.73315763,1.73368549,1.72196460
6665,8364,0.64824414,0.66319430,0.70958430
6666,8365,1.98079193,2.04004908,2.05283308
6667,8367,-1.87825668,-1.94962358,-1.90808141
6668,8369,-0.45184165,-0.47448272,-0.36391273
6669,8370,-1.89385200,-1.97131729,-1.91223443
6670,8371,-4.48917341,-4.52667189,-4.35540485
6671,8372,2.71387768,2.77693033,2.82287097
6672,8373,0.66015655,0.66365242,0.66848224
6673,8374,1.53285277,1.52845335,1.49835396
6674,8378,0.54939908,0.52216899,0.55937809
6675,8379,-3.05736995,-3.08275986,-2.95661378
6676,8380,2.33047175,2.35530448,2.36490941
6677,8381,1.85559392,1.83307683,1.82866096
6678,8382,1.80177021,1.79501009,1.79812324
6679,8383,0.64169383,0.66882545,0.69644147
6680,8384,0.61497170,0.60930747,0.66831660
6681,8386,0.58562440,0.60003459,0.53710902
6682,8388,1.83850873,1.82232797,1.83461010
6683,8389,0.73778039,0.77923447,0.82957804
6684,8390,-2.50755334,-2.60519648,-2.62286234
6685,8391,0.61642039,0.61379391,0.63794374
6686,8392,0.23686421,0.18035990,0.23401549
6687,8393,-1.77798629,-1.79806781,-1.76466286
6688,8395,-1.59758723,-1.50996196,-1.50521863
6689,8396,1.69356310,1.68931198,1.66402984
6690,8398,0.25981456,0.28935128,0.25353009
6691,8399,0.49360979,0.48185599,0.52211136
6692,8400,1.78099012,1.79480743,1.81684363
6693,8401,-3.22219300,-3.17319655,-3.21852303
6694,8403,0.68202204,0.74850082,0.75986093
6695,8405,-2.46316767,-2.59674978,-2.49689364
6696,8408,-0.48022676,-0.55115038,-0.47311452
6697,8409,1.01237977,0.97674841,0.98342985
6698,8410,-0.39979243,-0.42320001,-0.37111893
6699,8411,0.16742525,0.19350152,0.26656121
6700,8412,0.15497996,0.14409906,0.16006920
6701,8413,1.03854263,1.04120016,1.06475246
6702,8414,-0.75540596,-0.77419567,-0.70633036
6703,8416,-2.79406404,-2.89090776,-2.86337876
6704,8417,-0.27389210,-0.31634402,-0.31858253
6705,8418,1.01668859,1.01096737,1.04968154
6706,8420,-0.51481903,-0.56185782,-0.52853274
6707,8422,1.14064074,1.13675737,1.17113101
6708,8427,0.61266953,0.72856444,0.73936504
6709,8428,-0.69822937,-0.63106883,-0.63958079
6710,8429,1.89217257,1.87758183,1.93841994
6711,8430,-3.51174331,-3.55449867,-3.41639805
6712,8431,0.58155793,0.54441667,0.57808381
6713,8432,1.68547368,1.69416022,1.71193838
6714,8433,2.66946983,2.71275282,2.66883206
6715,8434,2.57418156,2.65969181,2.65678763
6716,8435,0.74925393,0.77656829,0.76166868
6717,8436,-0.78223789,-0.78687805,-0.80118424
6718,8437,-0.81563312,-0.85832566,-0.88248414
6719,8438,1.14862406,1.13506770,1.19685447
6720,8440,-1.78262269,-1.82752812,-1.74266696
6721,8441,2.11816669,2.12264514,2.12377715
6722,8442,2.43764615,2.49808502,2.44811797
6723,8443,-0.14174247,-0.07695626,-0.13322091
6724,8444,-1.72077823,-1.76850760,-1.69835639
6725,8445,-0.56424153,-0.51875144,-0.51554108
6726,8446,1.41497612,1.48141086,1.48613441
6727,8448,-2.92232633,-3.03654981,-2.93394542
6728,8449,-0.45983797,-0.47113979,-0.44447502
6729,8450,-3.75387192,-3.81094980,-3.71678066
6730,8452,0.95062608,0.94438607,0.93708408
6731,8453,-0.00907004,-0.08307211,-0.03819824
6732,8454,1.50215459,1.55232704,1.54163182
6733,8455,2.96136999,2.99508142,3.02502990
6734,8456,2.49756336,2.47317195,2.43433928
6735,8457,-2.14294410,-2.19960928,-2.19379926
6736,8458,-1.54698014,-1.60606718,-1.54990041
6737,8460,0.62048221,0.51913977,0.57526290
6738,8461,1.40297055,1.41104436,1.40751183
6739,8462,-0.72972536,-0.72415894,-0.78944594
6740,8463,1.73129153,1.77702856,1.72414935
6741,8464,-3.77723217,-3.70773888,-3.69963336
6742,8465,-1.22820473,-1.24657118,-1.18833518
6743,8466,0.90290546,0.92620629,0.86938411
6744,8467,2.15688872,2.15849519,2.17821431
6745,8468,1.72372282,1.70237494,1.75453699
6746,8470,2.13070130,2.17258024,2.23972178
6747,8471,1.74478817,1.70857739,1.73595774
6748,8472,0.35233518,0.29559487,0.32734159
6749,8473,0.71804166,0.71747768,0.71800464
6750,8474,1.49996197,1.51315629,1.50459921
6751,8475,0.68338639,0.78084707,0.64255416
6752,8476,1.90882540,1.96308458,1.92822480
6753,8477,1.64891386,1.63315201,1.59709215
6754,8478,0.54015315,0.55110973,0.51921213
6755,8479,-1.33620524,-1.35176826,-1.33447087
6756,8480,-1.72827315,-1.61403751,-1.60285068
6757,8484,1.25724268,1.30960751,1.28547859
6758,8485,-2.46028233,-2.46511221,-2.41609192
6759,8486,1.12438178,1.17672384,1.13822305
6760,8487,-0.56033576,-0.47715372,-0.46287897
6761,8490,1.78321195,1.79111862,1.75588107
6762,8492,0.95766509,0.94835538,1.04936552
6763,8493,-1.76164865,-1.74765491,-1.73178840
6764,8494,1.44099641,1.43712676,1.46722198
6765,8495,-1.41159415,-1.43102539,-1.39195502
6766,8497,1.50489950,1.54329765,1.56928575
6767,8499,-0.55409354,-0.53202122,-0.50573987
6768,8500,-0.87736452,-0.85905093,-0.84082407
6769,8501,-2.16599321,-2.20041537,-2.20900989
6770,8502,-0.86007100,-0.92135721,-0.85493588
6771,8503,-0.39100802,-0.38789469,-0.40772972
6772,8504,0.87601274,0.80848330,0.88671082
6773,8505,0.41725570,0.42752194,0.42686245
6774,8506,0.36654070,0.34976536,0.35929173
6775,8507,0.27422586,0.25088117,0.26384509
6776,8508,0.02762786,0.02608798,0.18733236
6777,8509,2.97956085,3.01906681,3.01826453
6778,8510,1.58812523,1.55179954,1.62883461
6779,8511,-1.81842506,-1.87432146,-1.85840690
6780,8512,2.17642832,2.18754315,2.22475481
6781,8513,2.30367231,2.34281111,2.30805540
6782,8514,1.14200473,1.15767467,1.20148754
6783,8516,-3.53086495,-3.65757656,-3.58578157
6784,8517,2.61390448,2.58488154,2.61957574
6785,8518,0.63202244,0.66109723,0.52717090
6786,8519,-0.41036695,-0.43907845,-0.33206490
6787,8520,0.21756449,0.20007117,0.18095136
6788,8521,-0.18114594,-0.14318198,-0.11254690
6789,8522,-1.81810045,-1.80280530,-1.82412088
6790,8523,0.60003752,0.61097389,0.62465495
6791,8524,-2.65229058,-2.79198408,-2.72311306
6792,8525,-0.95900720,-0.97840112,-0.91540903
6793,8526,1.55747867,1.52483571,1.52262342
6794,8527,2.86519670,2.89501810,2.89011693
6795,8528,2.50388002,2.55849838,2.50569630
6796,8529,0.61924070,0.63078189,0.61980200
6797,8531,-0.34891418,-0.33146858,-0.32221660
6798,8532,1.27250719,1.34367752,1.32317185
6799,8534,-1.06242728,-1.11254060,-1.11394751
6800,8536,1.48108733,1.50313759,1.49959135
6801,8537,-5.24405146,-5.26064587,-5.27191973
6802,8538,1.46339321,1.51268184,1.50903368
6803,8539,2.71617603,2.66533804,2.66418743
6804,8540,0.78649497,0.74915087,0.74794906
6805,8542,2.11778879,2.11974096,2.15386605
6806,8543,1.11795664,1.16066647,1.10098112
6807,8545,1.05994332,1.02910161,1.04977643
6808,8546,-0.94049579,-0.93731552,-0.91200727
6809,8547,2.35015249,2.34366632,2.33622718
6810,8548,1.51130939,1.50731838,1.54083705
6811,8549,1.51663971,1.51825774,1.45377576
6812,8550,0.38549614,0.37031382,0.36038020
6813,8551,0.65956128,0.64477158,0.70127952
6814,8552,1.96280074,1.97161937,1.99085724
6815,8555,0.27537334,0.20186220,0.24927717
6816,8556,-2.50041366,-2.58964777,-2.48901868
6817,8557,0.25740087,0.31212509,0.27381524
6818,8558,2.23316860,2.27621508,2.21253681
6819,8559,1.63469744,1.62717760,1.66644561
6820,8560,-1.14866805,-1.06775105,-1.04462481
6821,8561,2.10212088,2.12576294,2.12979102
6822,8562,1.04444313,1.05774701,1.10094917
6823,8563,-5.14109898,-5.19841814,-5.21711111
6824,8564,-2.86206579,-2.87651753,-2.87566614
6825,8565,-0.72421634,-0.76508397,-0.72042704
6826,8566,0.06605352,-0.01152951,-0.01139828
6827,8567,0.37232596,0.41253763,0.35865524
6828,8570,1.50940895,1.50484896,1.51682293
6829,8572,-3.02659321,-3.13402247,-3.02635407
6830,8575,1.27175856,1.33740807,1.25420105
6831,8576,-3.45516586,-3.50367403,-3.37273669
6832,8579,-0.03902040,-0.10921989,-0.06595165
6833,8580,-4.44467020,-4.33138561,-4.23917866
6834,8581,2.62916636,2.63265538,2.63069558
6835,8582,-2.19385576,-2.18593144,-2.13741875
6836,8583,2.11356759,2.14198780,2.12717557
6837,8584,1.61913598,1.67144573,1.67247164
6838,8585,0.92289847,0.87973893,0.85327715
6839,8586,-0.59749901,-0.66483456,-0.60076123
6840,8587,2.57264805,2.55653191,2.52462077
6841,8588,-3.02007294,-2.99568701,-3.01996422
6842,8589,0.50181621,0.50153440,0.49442187
6843,8590,0.59168303,0.55569005,0.59382123
6844,8592,0.69171017,0.67421895,0.66259789
6845,8593,1.94665360,2.11875916,2.01627421
6846,8594,1.12206507,1.09639156,1.14124954
6847,8595,2.62302828,2.68484521,2.64986730
6848,8596,-0.42162669,-0.47551751,-0.41812256
6849,8597,-0.47704178,-0.46146625,-0.46142235
6850,8598,-2.36368608,-2.47857332,-2.43897915
6851,8599,0.69891328,0.64984554,0.75994319
6852,8600,-1.72791553,-1.77738082,-1.70045698
6853,8601,1.23043489,1.23151827,1.25052881
6854,8602,0.96955335,1.00114524,1.00468922
6855,8603,-0.48625815,-0.50297183,-0.47275576
6856,8604,1.15486598,1.11822271,1.17838931
6857,8606,1.10439038,1.14467049,1.07542276
6858,8608,2.32136273,2.31843162,2.32837701
6859,8609,-0.20621645,-0.22777458,-0.18757641
6860,8610,1.83467805,1.85193753,1.90013397
6861,8611,1.23912358,1.24696255,1.25563014
6862,8612,1.81833541,1.83601165,1.86262476
6863,8613,1.97198164,1.97620273,1.92549229
6864,8614,0.67984605,0.62886816,0.62117547
6865,8616,-1.49578750,-1.63022614,-1.50279617
6866,8617,1.99188578,2.00807405,1.99392402
6867,8618,-2.10939336,-2.25556445,-2.15738583
6868,8619,0.57935816,0.63747406,0.61085755
6869,8621,0.60697514,0.60117078,0.64118868
6870,8623,-0.29558516,-0.28987473,-0.41750541
6871,8624,1.00880861,0.97100216,0.98816651
6872,8625,-2.31635928,-2.23741388,-2.37742758
6873,8627,2.12538505,2.11733317,2.12816381
6874,8628,3.12978554,3.12975049,3.14567518
6875,8629,0.47811678,0.43706304,0.44344917
6876,8630,1.22429907,1.14526105,1.19382799
6877,8631,0.70236331,0.71125668,0.70345372
6878,8632,2.54900551,2.62591362,2.58654356
6879,8633,0.92316270,0.93823105,0.93314606
6880,8634,-2.28812933,-2.32207775,-2.25718522
6881,8635,-0.32735002,-0.33474797,-0.29522049
6882,8636,0.86898947,0.86379319,0.90938359
6883,8637,0.14994934,0.10045416,0.08920014
6884,8641,1.65703511,1.73192108,1.68000484
6885,8642,-0.57087642,-0.51730877,-0.53090918
6886,8644,0.99484861,0.96319318,0.99333113
6887,8645,-2.76929545,-2.88278246,-2.79942775
6888,8646,-3.11027861,-3.09885263,-3.05533862
6889,8647,1.52204370,1.47703218,1.53151107
6890,8648,-0.60178822,-0.65302825,-0.61597139
6891,8649,1.24561405,1.22085738,1.22756910
6892,8650,2.90800261,2.93041420,2.89446139
6893,8651,-1.14591241,-1.21093297,-1.16976774
6894,8652,2.06957889,2.08894563,2.13727713
6895,8653,0.59384561,0.57771623,0.60436702
6896,8654,1.57686186,1.57784665,1.57916129
6897,8655,-3.09890866,-3.20494723,-3.09033918
6898,8658,-2.36832380,-2.45664501,-2.40097189
6899,8659,1.69431043,1.70428681,1.70271397
6900,8660,-1.58832502,-1.54203463,-1.48382080
6901,8662,-3.76798892,-3.86340380,-3.79162526
6902,8663,2.66911030,2.70008755,2.65536737
6903,8664,2.32225895,2.32240510,2.38252163
6904,8665,-0.11278299,-0.11516839,-0.06351554
6905,8666,1.26337242,1.26036453,1.27682209
6906,8667,-0.46962255,-0.44122702,-0.41275039
6907,8668,3.11905646,3.20296836,3.12737107
6908,8669,0.81094009,0.85664576,0.85305023
6909,8670,1.00836062,1.04240799,1.09344792
6910,8671,-3.38012195,-3.46369100,-3.38852239
6911,8672,2.25469470,2.27959394,2.29434800
6912,8673,-2.70314932,-2.71041536,-2.67223525
6913,8674,1.14500189,1.16130126,1.20928657
6914,8675,-2.81786108,-2.95722127,-2.92810512
6915,8676,-1.36324334,-1.38380754,-1.37550032
6916,8677,0.56295842,0.54012537,0.61166352
6917,8678,-4.82957888,-4.94840908,-4.84737635
6918,8680,0.02623659,0.05631737,0.08973350
6919,8681,1.88619876,1.86588800,1.84876323
6920,8685,1.93284154,1.96449244,1.97181046
6921,8686,-0.65845042,-0.71991706,-0.66847682
6922,8687,1.95518732,1.95800567,1.92326510
6923,8688,1.35390317,1.38893104,1.38465559
6924,8689,0.88925952,0.89630765,0.88292187
6925,8690,0.11261524,0.04970014,0.08770762
6926,8692,1.41857159,1.44383049,1.39192724
6927,8693,2.02725792,2.02691460,2.03229785
6928,8694,-0.69436973,-0.76305610,-0.76632309
6929,8695,0.18875763,0.13345440,0.20891698
6930,8696,0.55458486,0.56442767,0.57447976
6931,8697,1.70773673,1.74018395,1.74642527
6932,8698,0.42294461,0.39579779,0.35295311
6933,8699,-1.90042043,-1.87217903,-1.81775391
6934,8700,-0.36368051,-0.36070919,-0.26719230
6935,8702,1.69729781,1.70707071,1.67662084
6936,8703,0.66309094,0.71759254,0.74678147
6937,8705,0.42536739,0.29722065,0.38842669
6938,8707,1.66180575,1.68229592,1.65247834
6939,8708,2.24205756,2.25523186,2.25223684
6940,8709,-1.33438563,-1.28454316,-1.30079365
6941,8710,-0.01908409,0.00375049,-0.00860096
6942,8711,-1.06784391,-1.00663042,-0.95660228
6943,8712,1.11674118,1.13538575,1.14973807
6944,8713,1.82490993,1.82974243,1.81901622
6945,8714,-1.66705799,-1.71639609,-1.68735516
6946,8716,-0.72950137,-0.74659896,-0.71495014
6947,8717,3.09858179,3.09609270,3.08889818
6948,8718,-1.25607491,-1.32737136,-1.19445992
6949,8719,2.24661541,2.26856875,2.29466081
6950,8720,-2.75892115,-2.83986044,-2.76446223
6951,8722,2.70788097,2.72205138,2.66568017
6952,8723,0.18445247,0.12180299,0.16125932
6953,8724,-3.20282125,-3.28110361,-3.24142480
6954,8725,2.32553911,2.31152773,2.35004640
6955,8726,2.13762712,2.11009479,2.12919283
6956,8727,-1.80330420,-1.88101792,-1.85965872
6957,8728,1.65917087,1.65566087,1.68427479
6958,8729,-0.62949085,-0.58372062,-0.53224379
6959,8730,1.61443269,1.59618902,1.61545157
6960,8731,-2.22652721,-2.30024076,-2.26618266
6961,8732,0.00422000,0.11036797,0.02169693
6962,8733,-3.09721971,-3.18127298,-2.99697065
6963,8734,0.40714663,0.48403913,0.46828103
6964,8735,0.37429142,0.35386473,0.38649353
6965,8736,-0.38405678,-0.37437636,-0.32832494
6966,8738,1.73523414,1.69863892,1.76884782
6967,8739,1.98495555,2.03628278,2.01874089
6968,8740,-2.35214782,-2.35519981,-2.31395411
6969,8741,1.21729505,1.25348568,1.22488952
6970,8742,-1.32710910,-1.36699629,-1.30668819
6971,8744,0.72263151,0.68596226,0.73787916
6972,8745,-2.02465701,-2.13941097,-1.99824250
6973,8746,-2.81938958,-2.91592216,-2.75711584
6974,8747,-2.88126636,-2.94359374,-2.83628225
6975,8748,-0.17635086,-0.22314157,-0.22752759
6976,8751,1.48709595,1.47204638,1.48702037
6977,8753,1.86854732,1.85192919,1.81585145
6978,8754,0.45767564,0.44118953,0.41412967
6979,8756,2.15826321,2.19136930,2.15052843
6980,8757,0.17657439,0.23741929,0.24867883
6981,8758,1.63106537,1.62929940,1.64391732
6982,8759,1.31812716,1.33349538,1.29587758
6983,8761,-0.14942971,-0.14427161,-0.13455966
6984,8762,0.32935783,0.33197963,0.30185392
6985,8763,1.34669209,1.32222247,1.36496294
6986,8764,1.25764751,1.24795222,1.28057492
6987,8765,1.66016293,1.71152210,1.71298182
6988,8766,1.34392858,1.36015236,1.36342955
6989,8767,-1.53191173,-1.53615665,-1.52296603
6990,8769,1.00327027,1.06393242,1.03071356
6991,8770,-2.44461584,-2.49484706,-2.32188916
6992,8771,2.48430753,2.56063414,2.55297041
6993,8772,1.11169624,1.19140565,1.15226185
6994,8773,-1.12956429,-1.11635852,-1.10515904
6995,8774,0.36910671,0.40279108,0.44902894
6996,8775,-1.10061359,-1.03458905,-1.02102613
6997,8777,-2.62611246,-2.57070017,-2.59003091
6998,8778,2.64839673,2.68626070,2.64638710
6999,8779,-0.35450491,-0.35057521,-0.24318263
7000,8780,-2.16141915,-2.20506835,-2.09226751
7001,8781,1.54392242,1.52640343,1.53841996
7002,8783,1.83352041,1.82614172,1.85482919
7003,8785,0.21175718,0.18906599,0.21358198
7004,8786,-3.88314843,-3.86291647,-3.86780238
7005,8787,0.44287819,0.44154644,0.53624827
7006,8788,1.63888216,1.66277599,1.72523665
7007,8789,-3.56852531,-3.74641252,-3.53474021
7008,8790,1.51290703,1.51080334,1.53003430
7009,8791,-0.15026301,-0.11043902,-0.12261566
7010,8792,-3.33392930,-3.55832911,-3.45055389
7011,8793,0.30432138,0.31249732,0.37192473
7012,8794,-2.12013078,-2.13439274,-2.07788706
7013,8796,2.09705973,2.22755265,2.14320517
7014,8797,1.14540422,1.12405682,1.18016672
7015,8800,-3.22934389,-3.25659370,-2.95917916
7016,8803,-1.93483901,-1.93110991,-1.91521585
7017,8804,2.53035975,2.55100012,2.54736471
7018,8805,2.21093869,2.25917721,2.26084089
7019,8806,1.28050375,1.28091490,1.34238005
7020,8807,-2.26508832,-2.26600456,-2.22442555
7021,8808,1.74987257,1.72666025,1.74989462
7022,8809,0.87243408,0.93122000,0.84458739
7023,8812,-1.21558928,-1.16457772,-1.06417596
7024,8813,2.90236402,2.94561744,2.91686225
7025,8814,-0.92409581,-0.87131435,-0.84489310
7026,8815,1.72963130,1.79342306,1.78721035
7027,8816,2.58756280,2.64054823,2.63440990
7028,8817,2.79292297,2.79238844,2.72828889
7029,8818,0.15639859,0.23022936,0.20699936
7030,8819,1.57662785,1.57270026,1.55372250
7031,8820,1.46651828,1.51404977,1.48798275
7032,8821,1.16145408,1.20166039,1.21112621
7033,8822,2.17496967,2.17585325,2.17012310
7034,8824,1.43691361,1.49940169,1.43457770
7035,8825,1.20744085,1.19779611,1.19938207
7036,8826,0.76898354,0.76579779,0.82511085
7037,8827,0.66155273,0.66696757,0.68598431
7038,8828,0.70284086,0.72044665,0.68741602
7039,8829,0.91254151,0.93304425,0.96759748
7040,8830,0.59435958,0.60829544,0.59139431
7041,8831,-1.60162222,-1.57780409,-1.50841808
7042,8832,1.84340143,1.88264585,1.86992550
7043,8833,-1.72603416,-1.78449535,-1.75912917
7044,8835,0.69405729,0.69252437,0.67904848
7045,8836,1.84813833,1.79912746,1.78095973
7046,8837,0.85236049,0.87853426,0.94139469
7047,8838,-1.46199322,-1.49740887,-1.45329154
7048,8839,0.83830529,0.74944675,0.80958194
7049,8840,1.37948680,1.44008374,1.45781577
7050,8843,0.17820606,0.16418965,0.20710880
7051,8844,1.07632351,1.14325631,1.08072543
7052,8845,-2.28234482,-2.32822657,-2.25946999
7053,8847,1.02065992,1.04756236,1.05151546
7054,8848,-0.91096312,-0.95824426,-0.90054286
7055,8849,0.03422069,0.07044287,0.01446030
7056,8850,-0.82241935,-0.83543664,-0.79219669
7057,8851,1.84771705,1.88211060,1.90566862
7058,8852,1.15179431,1.16246700,1.18587410
7059,8853,-0.97828251,-0.97880322,-1.02134776
7060,8854,1.26640785,1.30144382,1.30222774
7061,8855,-1.14398038,-1.21765387,-1.03442514
7062,8856,2.45386720,2.49861836,2.50612593
7063,8857,0.72330838,0.80987448,0.81560749
7064,8858,0.00645238,0.01141514,0.07762347
7065,8860,1.41860557,1.36628461,1.37338316
7066,8861,-0.05721448,0.02827083,0.00746761
7067,8862,-5.84208822,-5.98976040,-5.95063734
7068,8865,2.11346483,2.05185366,2.09023046
7069,8866,1.59049892,1.62069452,1.59632123
7070,8867,0.67403716,0.73168314,0.81856865
7071,8868,0.45584548,0.49180347,0.50240868
7072,8869,-0.30550316,-0.31366467,-0.30073139
7073,8870,-1.00847077,-1.06385326,-1.01883209
7074,8871,1.12116683,1.13351786,1.18636787
7075,8872,-0.91973931,-0.93951076,-0.93054682
7076,8873,1.00596893,0.96346027,1.01477253
7077,8874,-4.62626600,-4.77664185,-4.63846254
7078,8875,1.24128449,1.29192138,1.27425230
7079,8876,0.72580475,0.74937606,0.75054765
7080,8877,3.07921267,3.11486816,3.16699862
7081,8878,1.11186445,1.15968513,1.15090764
7082,8879,-0.98977143,-1.07413328,-1.00279677
7083,8880,2.83883524,2.86586380,2.80669212
7084,8881,0.06651049,0.06757803,0.12366480
7085,8883,1.85419011,1.86245286,1.84513462
7086,8884,3.08073139,3.16437793,3.11707592
7087,8885,0.16914713,0.15991491,0.15680471
7088,8887,-1.36355639,-1.45716333,-1.33132219
7089,8888,2.48756623,2.49158812,2.48457170
7090,8889,-0.21347970,-0.19416107,-0.17809358
7091,8890,-1.18323767,-1.15732872,-1.11733425
7092,8892,2.01649117,2.02018189,2.00515842
7093,8893,1.57136691,1.56354654,1.60116708
7094,8894,1.04900444,1.07909048,1.03111637
7095,8895,-2.16462231,-2.20786881,-2.14352703
7096,8896,1.72756577,1.74032402,1.77591372
7097,8897,0.75827879,0.77760941,0.71307689
7098,8898,0.66074735,0.68917894,0.65338534
7099,8900,-2.29830384,-2.32887983,-2.32010937
7100,8901,1.33138883,1.35527301,1.34293103
7101,8903,-0.47515815,-0.51051557,-0.43392840
7102,8904,0.66970068,0.71520478,0.64768499
7103,8905,0.90050107,0.84802616,0.98592991
7104,8906,2.16898298,2.19253635,2.16330647
7105,8907,1.69996166,1.72695529,1.75483334
7106,8908,1.24606967,1.28156233,1.30080938
7107,8909,-1.77891326,-1.78567290,-1.72180092
7108,8911,-0.35972765,-0.40919036,-0.33669531
7109,8912,0.14505899,0.06853996,0.22493362
7110,8913,1.71131945,1.76185548,1.75292909
7111,8916,0.01100782,0.04063606,0.01941261
7112,8918,2.17948484,2.23197079,2.30071926
7113,8919,-0.87268180,-0.90583557,-0.79503500
7114,8920,2.06733465,2.08951759,2.07358813
7115,8921,-0.11010282,-0.10967891,-0.09685472
7116,8922,2.55028820,2.55467272,2.56684470
7117,8923,-1.33732533,-1.31241441,-1.35314906
7118,8924,0.74679136,0.76238275,0.75447482
7119,8925,-1.97381210,-2.01478863,-1.97853291
7120,8926,-0.45874298,-0.47704965,-0.43347636
7121,8927,1.77740264,1.80306232,1.78343809
7122,8928,3.22709823,3.21329618,3.27681541
7123,8929,2.15502095,2.17205381,2.14536619
7124,8930,-0.17006353,-0.21769108,-0.14689949
7125,8933,1.49159467,1.53441727,1.50528431
7126,8936,1.06499195,1.07155168,1.08645725
7127,8937,1.73480034,1.74525261,1.79280794
7128,8938,-0.05303667,-0.04166432,-0.08874340
7129,8940,-3.33336568,-3.35860777,-3.30559278
7130,8942,0.00800391,-0.01664003,-0.00447844
7131,8943,0.26126149,0.27333510,0.30081385
7132,8944,2.12400889,2.13625598,2.09143615
7133,8945,2.45353055,2.46754837,2.46705961
7134,8947,-2.22784233,-2.22949171,-2.17617226
7135,8948,-0.41610074,-0.40587467,-0.25602335
7136,8949,0.64454222,0.60745162,0.62542123
7137,8950,-0.13342744,-0.16327906,-0.11155016
7138,8951,-0.06050936,-0.05053997,-0.05116098
7139,8952,-0.94438726,-0.88530689,-0.87617141
7140,8953,2.28040266,2.27607632,2.40065312
7141,8954,-2.66704798,-2.79757071,-2.68403554
7142,8955,-1.32432532,-1.33939111,-1.27977538
7143,8956,0.57850158,0.56991571,0.62731564
7144,8957,0.51690584,0.79703301,0.52635771
7145,8958,0.44660309,0.44074517,0.44948584
7146,8959,-4.47588015,-4.52266312,-4.50126410
7147,8960,-4.78706741,-4.92147350,-4.90202236
7148,8961,1.92099071,1.95812857,1.96340024
7149,8962,2.00311041,2.06033921,1.99731624
7150,8963,1.10721815,1.11017597,1.19237804
7151,8964,-0.02100878,-0.09584178,0.01843528
7152,8966,2.03072572,2.01808071,1.98905146
7153,8967,1.02055848,1.04020143,1.08355689
7154,8969,0.47089985,0.56416035,0.50157958
7155,8970,-1.25979590,-1.32308936,-1.21728265
7156,8971,-0.63692123,-0.62941104,-0.65228337
7157,8972,-2.25357103,-2.33624578,-2.31822896
7158,8973,-2.58074570,-2.59773684,-2.53811622
7159,8974,-0.09460751,-0.09701093,-0.10840423
7160,8975,0.65183216,0.63660014,0.68711919
7161,8976,-0.11627128,-0.05924757,-0.06662232
7162,8977,-0.50524586,-0.54312724,-0.47417220
7163,8978,-1.83739746,-1.90361238,-1.94375002
7164,8979,1.67534792,1.65782571,1.65371585
7165,8982,2.56128979,2.64186692,2.61693692
7166,8983,-2.05181956,-2.03973246,-1.97155392
7167,8984,0.77284718,0.76736021,0.70964015
7168,8985,3.24669051,3.25874281,3.22303843
7169,8986,1.96619833,2.02709842,2.00772834
7170,8987,-1.57087815,-1.52955043,-1.50626421
7171,8989,0.14739549,0.16801687,0.17050698
7172,8990,0.64531153,0.67335206,0.64906716
7173,8991,-1.94502783,-1.99586582,-1.88669336
7174,8992,-0.47961062,-0.48772240,-0.42442152
7175,8993,0.69456047,0.75282544,0.70480567
7176,8994,-2.38126230,-2.66858220,-2.46445727
7177,8996,0.99570674,0.97911280,0.99221283
7178,8997,-0.36359075,-0.42896092,-0.37749788
7179,8998,1.40490222,1.41636920,1.41238964
7180,8999,1.30098081,1.30829823,1.33993518
7181,9001,2.59368849,2.59262943,2.58801246
7182,9004,1.02718318,0.97257686,1.03038502
7183,9005,1.77046514,1.80101585,1.78199852
7184,9006,-1.74121082,-1.85588312,-1.82374680
7185,9007,0.58017391,0.63559330,0.61493534
7186,9008,0.68071538,0.70017314,0.68970627
7187,9009,0.01874077,-0.03694239,-0.01824234
7188,9010,2.78119707,2.80760455,2.78190660
7189,9011,2.01811099,2.02872562,2.03238988
7190,9013,1.93550849,1.95126855,1.95603311
7191,9014,0.11974407,0.04530089,0.06933291
7192,9015,-0.55011970,-0.59593266,-0.54694903
7193,9016,-0.11782958,-0.15775968,-0.07077549
7194,9017,0.94509268,0.99011922,0.92726880
7195,9018,1.03827667,1.00921667,1.03216350
7196,9019,-0.10563771,-0.12648527,-0.10690434
7197,9020,0.25898483,0.31208134,0.26611963
7198,9021,-0.77461737,-0.76072896,-0.66297132
7199,9022,-1.99044037,-2.00369859,-1.97918928
7200,9024,1.16652286,1.14070165,1.15587413
7201,9025,-1.71394730,-1.73007512,-1.66869438
7202,9026,0.73828357,0.74439448,0.80604154
7203,9027,0.52147317,0.50173926,0.46810427
7204,9028,-0.05610416,-0.12831335,-0.01173430
7205,9029,-0.97215575,-1.05038285,-0.97655112
7206,9030,-0.04997537,-0.03943834,-0.07295469
7207,9031,1.27614820,1.26677883,1.33516586
7208,9033,-1.42617226,-1.41299081,-1.38699925
7209,9034,-1.42484736,-1.44075847,-1.34060800
7210,9036,1.22874963,1.23424387,1.23532641
7211,9037,-0.25876775,-0.28257066,-0.28418890
7212,9038,1.59652174,1.60971439,1.68693829
7213,9039,1.73948002,1.78263426,1.78287685
7214,9040,-3.41221881,-3.35085583,-3.19990516
7215,9041,-2.16899610,-2.21167564,-2.19191408
7216,9042,-0.14826924,-0.20519860,-0.10706728
7217,9044,-2.56821227,-2.67277098,-2.67273664
7218,9045,0.62353444,0.69465238,0.66815960
7219,9046,1.05831575,1.06823230,1.04519022
7220,9047,-1.02976918,-1.03166330,-1.04873145
7221,9048,1.55099273,1.55882359,1.57623088
7222,9049,-0.98741168,-1.01792538,-0.95101696
7223,9052,1.34266424,1.41519344,1.37254083
7224,9054,-0.22501805,-0.22247808,-0.23560023
7225,9055,0.13874874,0.17934395,0.18916008
7226,9056,1.77010262,1.78939176,1.80240166
7227,9057,-1.68054307,-1.69922554,-1.69513822
7228,9058,-0.08171170,-0.06510662,0.03105881
7229,9060,-0.01972298,-0.03456506,-0.04515063
7230,9061,2.70598030,2.74922538,2.73781753
7231,9062,1.93097687,1.83657539,1.92093790
7232,9063,1.16323781,1.16841769,1.17470241
7233,9064,1.02138352,1.03756547,1.03887475
7234,9066,-5.20814037,-5.08264875,-4.94640017
7235,9067,-0.12712145,-0.08391409,-0.05868768
7236,9068,0.29795241,0.28219235,0.39505303
7237,9069,-2.68513942,-2.76270676,-2.68326974
7238,9070,0.98801249,0.99839664,1.00384355
7239,9071,2.14713812,2.24853730,2.18769646
7240,9072,0.07763270,0.06821877,0.06840498
7241,9074,0.20994264,0.20183508,0.22661892
7242,9075,-1.00653362,-1.12904084,-1.04180133
7243,9076,1.12651491,1.13723242,1.08800554
7244,9077,0.49187058,0.50580549,0.45765930
7245,9078,2.47071886,2.48264217,2.48740101
7246,9079,0.96089941,0.94574898,0.93414450
7247,9081,1.10406184,1.15767002,1.09519911
7248,9082,1.19770133,1.18386960,1.18931639
7249,9083,0.40185344,0.35462844,0.41153875
7250,9084,0.72695917,0.68301207,0.72944844
7251,9085,1.21869540,1.19089723,1.26306355
7252,9086,-3.63622117,-3.70783353,-3.64829135
7253,9087,-1.49421751,-1.57450426,-1.48537183
7254,9088,1.78674269,1.78019023,1.83117366
7255,9089,-0.47088540,-0.52949923,-0.47005060
7256,9090,-0.69368476,-0.62393647,-0.59701157
7257,9091,1.23570991,1.20343506,1.20650208
7258,9093,-1.18788409,-1.22657001,-1.21341527
7259,9094,-2.30722499,-2.47417259,-2.32014656
7260,9096,-3.03086543,-3.07402015,-2.95233202
7261,9097,0.60047156,0.64829344,0.66487074
7262,9098,0.69946182,0.70539749,0.73741794
7263,9099,1.14126146,1.14101446,1.18259311
7264,9101,0.14009434,0.11770688,0.13198224
7265,9102,-2.22503471,-2.16168666,-2.19053221
7266,9103,-2.06408215,-2.06177187,-2.00371504
7267,9105,-0.39726683,-0.44870919,-0.34829655
7268,9106,0.21881559,0.18948518,0.19237003
7269,9107,0.16156888,0.24624197,0.24367049
7270,9108,0.91107124,0.99019200,0.97699708
7271,9110,-4.09969807,-4.11166048,-3.94551921
7272,9111,1.59150410,1.60971475,1.73280442
7273,9112,2.18092918,2.16216087,2.16268277
7274,9113,-1.89502156,-1.80948699,-1.86611164
7275,9114,-1.34720182,-1.35996890,-1.35274220
7276,9116,1.85170281,1.93519068,1.95365989
7277,9117,-2.29128313,-2.40664792,-2.37093997
7278,9118,1.90427196,1.95948541,1.97688937
7279,9120,-1.35211480,-1.38549316,-1.33940041
7280,9121,1.79376066,1.83406961,1.79629087
7281,9122,-1.56499183,-1.61757088,-1.58927345
7282,9123,-0.05551665,0.01907662,-0.03968412
7283,9124,-0.34795541,-0.29188335,-0.29812557
7284,9125,-1.20356965,-1.20716476,-1.19251597
7285,9126,1.57284653,1.63220978,1.63113272
7286,9127,1.88883650,1.88028574,1.94887745
7287,9128,2.01398253,2.04798627,2.06254220
7288,9130,0.17342067,0.26385480,0.31616008
7289,9131,2.06921768,2.11296225,2.13943028
7290,9132,-5.46244574,-5.55627489,-5.46034145
7291,9134,0.41135377,0.39178711,0.41290855
7292,9135,-1.43424988,-1.44294620,-1.44120526
7293,9136,2.21821928,2.23046160,2.22542381
7294,9137,2.73933363,2.78749275,2.73910618
7295,9139,0.98268652,0.97339988,1.02581239
7296,9140,1.65665293,1.65184760,1.70948279
7297,9141,1.32805157,1.30908155,1.28517711
7298,9142,0.63668281,0.60888481,0.68915349
7299,9144,2.41212797,2.45165539,2.44110537
7300,9145,-1.07898366,-1.12096024,-1.02702832
7301,9146,0.93588549,0.96752751,0.93520087
7302,9147,0.00508287,0.03110681,0.00989839
7303,9148,-0.12614599,-0.13914202,-0.14285034
7304,9149,-6.16283941,-6.13866615,-6.03042984
7305,9150,0.67862672,0.68933916,0.61644113
7306,9151,-2.56358504,-2.57490063,-2.61485291
7307,9152,0.97092539,1.01487553,1.02253008
7308,9153,0.34683305,0.32055950,0.35062400
7309,9157,0.34385389,0.37534845,0.34214726
7310,9158,1.29582345,1.29801571,1.30613232
7311,9159,0.27308914,0.29028240,0.24455839
7312,9160,0.78776503,0.80228293,0.82017338
7313,9161,-0.01979500,-0.05470976,0.00074648
7314,9162,1.99267077,2.07453418,2.06376243
7315,9163,1.85380483,1.85027468,1.88172400
7316,9164,-0.64129835,-0.70083821,-0.69188046
7317,9165,2.41430759,2.40202045,2.42231536
7318,9167,2.32331538,2.29020548,2.30022120
7319,9168,1.79989111,1.80811262,1.87417448
7320,9169,0.28781056,0.27634591,0.31516400
7321,9170,1.61200321,1.59530950,1.61073446
7322,9171,-0.31150830,-0.31486905,-0.29112044
7323,9172,-2.89869356,-2.92346287,-2.85873652
7324,9173,0.04520670,0.09796540,0.04015949
7325,9174,1.97125840,2.00268793,1.97568429
7326,9175,0.41727132,0.37396497,0.35526541
7327,9176,-0.31264615,-0.26639640,-0.29455724
7328,9177,-0.77889752,-0.75770754,-0.68899655
7329,9179,1.88736677,1.94493294,1.94793546
7330,9181,0.81916469,0.81370914,0.81974149
7331,9182,0.60779142,0.63997144,0.60553181
7332,9183,-0.05817968,-0.07399288,-0.01130159
7333,9184,1.91135037,1.90864038,1.88732326
7334,9185,-4.43844938,-4.45605755,-4.35805511
7335,9187,-1.09416735,-1.09516680,-1.06759167
7336,9188,0.95690697,0.93126875,0.92695326
7337,9190,-0.65792650,-0.73867005,-0.69144785
7338,9191,-0.70149988,-0.71804333,-0.67365670
7339,9192,1.90123916,1.91565001,1.90093255
7340,9193,-0.74963313,-0.71818155,-0.71197712
7341,9194,0.77424580,0.79588175,0.78503650
7342,9195,1.75015831,1.79649138,1.76104653
7343,9196,1.17850161,1.23826635,1.19988239
7344,9199,0.12856308,0.10006464,0.12755404
7345,9200,2.26013613,2.28023291,2.37313676
7346,9201,2.49320221,2.53900862,2.53872991
7347,9202,1.83470023,1.87076175,1.88105381
7348,9203,1.23559749,1.22850132,1.28132796
7349,9204,0.91405058,1.02701259,0.98301685
7350,9205,-0.00682528,-0.08725046,-0.04672056
7351,9206,2.11838484,2.18769789,2.14383292
7352,9207,1.39769554,1.41475606,1.40321481
7353,9208,2.50750303,2.58677721,2.51176834
7354,9209,0.72326750,0.72863930,0.71409446
7355,9210,-0.36977342,-0.36330819,-0.33169836
7356,9211,-1.24610424,-1.29765022,-1.30844545
7357,9212,-1.45882392,-1.49686027,-1.52811003
7358,9213,-2.05959487,-2.12453151,-1.94311845
7359,9215,1.59951711,1.61381078,1.60484982
7360,9216,0.86421657,1.01548541,0.97384393
7361,9217,-1.55849719,-1.58277130,-1.54354858
7362,9218,1.55779016,1.55240226,1.53868330
7363,9219,1.75965738,1.82541478,1.74337208
7364,9220,1.34101295,1.37799954,1.39085591
7365,9221,-1.64891362,-1.62941718,-1.55426931
7366,9222,-1.49140143,-1.52272534,-1.49034178
7367,9223,-3.50810552,-3.53370571,-3.52883577
7368,9224,1.24254525,1.19246423,1.20881426
7369,9226,2.89727259,2.95740652,2.94423461
7370,9227,2.57123947,2.55465651,2.60753703
7371,9229,0.49871713,0.49061871,0.52297938
7372,9232,-5.52380657,-5.57034683,-5.54817533
7373,9233,0.37006283,0.32743561,0.35245964
7374,9234,0.04828245,0.11800694,0.11535882
7375,9235,2.70728350,2.72386217,2.74472141
7376,9236,1.55588722,1.51876915,1.49115908
7377,9237,0.95450431,0.99138528,0.98535782
7378,9238,-1.99482441,-2.09934282,-1.98924005
7379,9239,1.84091568,1.86713958,1.86882484
7380,9240,0.59314126,0.62507093,0.64761299
7381,9241,-0.18354940,-0.20479245,-0.22597313
7382,9242,1.78470945,1.86302280,1.77664626
7383,9244,1.20887756,1.17036295,1.19318557
7384,9245,-0.01720111,0.01648821,0.04383201
7385,9246,1.40972984,1.44931710,1.45667624
7386,9247,-1.30789840,-1.42356658,-1.36677575
7387,9248,0.63826531,0.60027581,0.65628827
7388,9249,2.77854204,2.83162689,2.79005671
7389,9250,1.00173485,1.04133987,1.02171528
7390,9251,0.28166059,0.27775204,0.31324250
7391,9252,0.11918729,0.14573719,0.19380391
7392,9253,-3.43194461,-3.44402885,-3.36678910
7393,9254,0.33413541,0.32201451,0.38147697
7394,9255,-0.67517078,-0.72691184,-0.64883268
7395,9256,-1.61959445,-1.63827038,-1.58602083
7396,9258,2.49623179,2.47652984,2.50398088
7397,9259,1.18145120,1.20034289,1.17182076
7398,9260,-3.81031561,-3.90243769,-3.99543023
7399,9261,-1.52519894,-1.48239660,-1.49370456
7400,9263,0.72660202,0.74949479,0.74496019
7401,9264,-4.51697922,-4.58584547,-4.52745152
7402,9265,-4.97484827,-5.14404058,-4.95303249
7403,9266,1.40009236,1.40468657,1.28873789
7404,9267,0.69902515,0.82482505,0.75019413
7405,9268,0.73076242,0.71987975,0.74290979
7406,9269,0.16276708,0.20834453,0.14365402
7407,9270,1.98996425,1.98139811,1.91649759
7408,9271,0.88972956,0.91912252,0.94640237
7409,9272,0.61805391,0.62638628,0.59443885
7410,9273,-0.08976234,-0.00306331,-0.02700716
7411,9274,-0.96311527,-1.10890269,-1.05006075
7412,9275,1.06202972,1.03551221,1.05440021
7413,9276,-1.69340038,-1.73064733,-1.73168910
7414,9277,1.36870289,1.32912338,1.36486793
7415,9278,-0.66493058,-0.67980582,-0.72413665
7416,9279,0.10781827,0.13364112,0.17604995
7417,9280,0.84943563,0.86340535,0.86214340
7418,9281,1.06503987,1.07291794,1.06619406
7419,9282,-2.04687643,-2.04559493,-1.94255340
7420,9283,-2.97198677,-2.99327016,-2.95041943
7421,9284,2.16516733,2.18414021,2.21048260
7422,9285,1.25204730,1.19319391,1.24615824
7423,9286,0.19407925,0.21018787,0.18070251
7424,9289,-3.10768509,-3.20753956,-3.12991214
7425,9290,-3.98876476,-4.04459667,-4.07000828
7426,9291,1.40884471,1.43281126,1.41984570
7427,9292,2.01941085,2.11631656,2.04397321
7428,9295,1.18276000,1.26229286,1.19172657
7429,9296,0.96969002,0.93488353,1.01846290
7430,9297,-0.95504671,-1.11929941,-1.03705359
7431,9298,1.81626821,1.81573319,1.83233166
7432,9299,1.16063404,1.06466150,1.12213886
7433,9301,-1.94956160,-2.00769997,-1.97051179
7434,9302,-0.14384782,-0.23364373,-0.15814519
7435,9304,1.27780855,1.30009401,1.25843036
7436,9305,0.55736375,0.62420118,0.64537418
7437,9306,0.97943878,1.00461340,1.01044261
7438,9308,1.81962705,1.83394349,1.84381402
7439,9309,1.47452199,1.49282515,1.44570971
7440,9310,-0.07610644,-0.07472734,-0.06485870
7441,9311,-1.85716915,-1.86896968,-1.79635680
7442,9312,2.19651222,2.28044009,2.25941014
7443,9313,-3.92646646,-3.94643497,-3.89391470
7444,9314,2.44975662,2.42915297,2.35442019
7445,9315,-1.33381689,-1.38018322,-1.31771839
7446,9316,2.33015394,2.34176350,2.36208272
7447,9317,2.39229679,2.42018032,2.34817553
7448,9318,2.66532278,2.62754440,2.65479517
7449,9319,-0.07505331,-0.12193705,-0.12689096
7450,9321,2.34427214,2.40229321,2.43374681
7451,9322,-0.60149938,-0.53085935,-0.44969574
7452,9323,1.98971748,2.00782704,2.04338551
7453,9325,0.56570303,0.54069155,0.47318041
7454,9326,1.38931322,1.44259834,1.38730824
7455,9327,-0.63153535,-0.63324946,-0.61927903
7456,9328,-0.86580247,-0.87077719,-0.79804611
7457,9329,0.93658215,0.97435182,0.91261762
7458,9330,-2.38579464,-2.50497389,-2.44279146
7459,9331,0.65216476,0.70654231,0.61387873
7460,9332,-0.97660047,-1.04612184,-0.97982281
7461,9333,2.04974270,2.06582546,2.09362817
7462,9334,-1.64792871,-1.70595646,-1.62351239
7463,9335,0.17493933,0.27610958,0.23620343
7464,9336,-1.95325661,-2.10216808,-1.99962699
7465,9337,0.02084259,0.03079875,0.03082787
7466,9338,-3.32693577,-3.33192968,-3.37000060
7467,9339,2.91634130,2.95690250,2.87796426
7468,9340,-0.21761709,-0.14978497,-0.21259692
7469,9341,2.09814358,2.13048244,2.14866471
7470,9342,0.67762405,0.66614223,0.65826333
7471,9343,0.48266953,0.50499547,0.56657094
7472,9344,0.79761243,0.80823350,0.86707157
7473,9345,-2.61858082,-2.66222239,-2.61769271
7474,9346,-5.90042162,-5.92864037,-6.01165152
7475,9348,1.88323808,1.86065137,1.90575945
7476,9349,-0.48732698,-0.46719903,-0.36399761
7477,9350,0.07541911,0.07490870,0.04316045
7478,9352,0.94826132,0.93531436,0.94870764
7479,9353,-0.16537479,-0.16948545,-0.14486939
7480,9354,0.59101659,0.65166056,0.64774776
7481,9355,1.21616518,1.19943452,1.22386146
7482,9356,-0.12004218,-0.12742896,-0.08940995
7483,9358,1.82828307,1.85076857,1.84060347
7484,9359,0.67264652,0.74052441,0.77863902
7485,9360,-1.67565668,-1.64803481,-1.60734189
7486,9362,2.18582439,2.18459272,2.19998145
7487,9364,0.77668822,0.85341603,0.83430248
7488,9365,-2.58955598,-2.62847853,-2.61394382
7489,9366,1.06805682,1.04125285,1.03881443
7490,9367,1.31149304,1.27887952,1.29362106
7491,9368,1.33600426,1.38687944,1.41387284
7492,9370,1.59706783,1.71162343,1.57912958
7493,9371,-0.97806126,-0.96975619,-0.97686714
7494,9372,-0.64918876,-0.68030840,-0.62546372
7495,9373,2.90088749,2.90044641,2.88124013
7496,9374,-1.73446870,-1.77399981,-1.69327927
7497,9377,-0.48469847,-0.46290612,-0.44760707
7498,9378,-5.57295942,-5.76777077,-5.69050407
7499,9381,0.38056573,0.35290897,0.40738931
7500,9382,1.88842988,1.84906375,1.82156062
7501,9383,-0.21601716,-0.22152604,-0.18346936
7502,9384,-0.79938835,-0.75640947,-0.77887225
7503,9385,-2.36203694,-2.46935415,-2.35896993
7504,9386,-1.72699547,-1.80684066,-1.76043367
7505,9387,0.18421078,0.13030373,0.16533257
7506,9388,-2.28192663,-2.25145435,-2.18444943
7507,9389,1.78222048,1.75023556,1.75174308
7508,9390,-0.05877779,-0.09736277,-0.01411203
7509,9391,0.60671073,0.57229179,0.62780994
7510,9392,-3.59507561,-3.61677241,-3.50495720
7511,9393,0.28047815,0.19703405,0.30978563
7512,9394,1.17641938,1.25555980,1.21941853
7513,9395,-1.41817117,-1.33915448,-1.39179623
7514,9397,1.07924545,1.10606444,1.15399265
7515,9398,1.52714562,1.51691425,1.51663697
7516,9399,1.20786214,1.22269833,1.27058649
7517,9400,0.72039253,0.74949878,0.77741987
7518,9401,-0.49144369,-0.47836089,-0.44771186
7519,9402,0.71841502,0.78688568,0.63340998
7520,9403,-5.99927425,-5.99985600,-5.84728098
7521,9404,1.41106606,1.34777904,1.41701865
7522,9406,2.48095608,2.47621727,2.46341848
7523,9407,0.49162480,0.53567928,0.51524478
7524,9410,0.88108391,0.92575192,0.93271405
7525,9411,1.12186301,1.10759461,1.17536187
7526,9412,-0.16231176,-0.18491052,-0.12799141
7527,9413,-3.37257290,-3.45570540,-3.35825849
7528,9414,0.14274496,0.13699999,0.11669586
7529,9415,-2.47397399,-2.47080135,-2.36893916
7530,9416,0.40740758,0.39399779,0.36878401
7531,9417,1.67214310,1.66938782,1.65218604
7532,9418,1.10591030,1.04540658,1.09410691
7533,9419,2.06217813,2.09673834,2.06313252
7534,9420,1.58742905,1.58540010,1.55510151
7535,9421,0.00169183,-0.04626568,0.01541523
7536,9422,0.34098753,0.28485072,0.32586667
7537,9424,-4.24795389,-4.21176052,-4.12390327
7538,9425,1.02276385,0.97594970,1.05908179
7539,9427,2.59401941,2.63609290,2.61965513
7540,9428,-0.12158281,-0.09829402,-0.07707655
7541,9430,1.92951632,1.94410348,1.92419755
7542,9432,2.92577624,2.94016647,2.95591784
7543,9433,0.37143576,0.35121095,0.33842632
7544,9434,-1.53457069,-1.56182337,-1.45549047
7545,9436,2.49212551,2.48488021,2.45297289
7546,9437,0.51063651,0.53027058,0.51567286
7547,9438,-1.44128001,-1.48698735,-1.41890752
7548,9439,-4.02493382,-4.10971069,-3.99827743
7549,9440,-1.16163385,-1.17571151,-1.12448585
7550,9441,0.60795355,0.67989308,0.60609597
7551,9442,-1.02562165,-0.92923379,-0.97322422
7552,9443,-0.25787064,-0.26886433,-0.24488464
7553,9444,0.94943607,1.05739152,1.01018500
7554,9445,-0.12714562,-0.16740708,-0.09581100
7555,9447,2.02217484,2.06249261,2.03631926
7556,9448,1.20151794,1.16906834,1.15760875
7557,9449,0.08443922,0.05659716,0.07403881
7558,9450,2.06567717,2.12881470,2.10937524
7559,9452,-2.25220442,-2.18871379,-2.22637439
7560,9453,-0.90879506,-0.91433215,-0.83885914
7561,9455,-1.65389204,-1.70407510,-1.63106906
7562,9456,-3.57655716,-3.73837328,-3.57390976
7563,9457,2.59155512,2.63262773,2.56070685
7564,9460,-3.36782789,-3.42276788,-3.34213233
7565,9461,1.86476064,1.96293020,1.89352286
7566,9462,0.15211795,0.09447934,0.17807016
7567,9463,1.53805780,1.59135818,1.59405458
7568,9464,-3.01396060,-2.97226334,-2.90457726
7569,9465,1.04881644,1.05681765,1.10394669
7570,9466,-1.73360014,-1.70982337,-1.72545028
7571,9467,-2.95386696,-2.95327449,-2.65836334
7572,9468,1.93218577,1.93134689,1.95193565
7573,9469,-0.00253325,-0.01723675,-0.06913147
7574,9470,-0.48356456,-0.54860187,-0.52845448
7575,9471,-0.03100013,-0.06782971,0.01863279
7576,9472,-1.44520235,-1.48894382,-1.40659702
7577,9473,0.80980366,0.87491405,0.83584160
7578,9474,-0.77809197,-0.75391400,-0.72834611
7579,9475,2.17756844,2.21323776,2.19737124
7580,9476,1.48260832,1.44228792,1.49626553
7581,9477,0.32764137,0.31668118,0.34865484
7582,9478,-0.66671473,-0.64662111,-0.62374473
7583,9479,1.21407664,1.25313628,1.19557762
7584,9480,-1.02054560,-1.00085557,-1.02126801
7585,9481,1.80112040,1.78679132,1.76016021
7586,9482,0.07387460,0.04636367,0.07314252
7587,9483,-3.51151085,-3.61563587,-3.62723708
7588,9484,1.70613742,1.76964355,1.74071324
7589,9486,1.90136480,1.90463495,1.90059745
7590,9487,0.95847493,0.97945362,0.94861698
7591,9490,-0.60285556,-0.59085339,-0.55345380
7592,9491,-2.33900046,-2.35034227,-2.24802756
7593,9492,1.37310469,1.43425620,1.41448069
7594,9493,-1.51484239,-1.56901860,-1.48046613
7595,9494,0.08170595,0.10545179,0.12132092
7596,9495,1.42419076,1.44956636,1.45372236
7597,9497,1.31370509,1.33826351,1.27863467
7598,9498,-1.48545384,-1.46435177,-1.46498299
7599,9499,0.32637751,0.35527837,0.25753754
7600,9500,0.87750787,0.85889095,0.89926922
7601,9501,0.09472943,0.12354736,0.09669907
7602,9502,-0.47502798,-0.50478607,-0.41811576
7603,9503,-1.16686940,-1.23755050,-1.20043957
7604,9504,0.39662248,0.33535057,0.39562127
7605,9507,1.44065595,1.44987845,1.44553864
7606,9508,-0.65410089,-0.71259451,-0.60974097
7607,9509,1.40448809,1.39670968,1.45415401
7608,9510,0.50377029,0.52210015,0.48670533
7609,9512,1.42495489,1.47971821,1.47844470
7610,9514,2.55353928,2.57787085,2.52105737
7611,9516,-2.13055468,-2.14653802,-2.05449414
7612,9517,-3.18789291,-3.23799419,-3.18707585
7613,9518,2.34631920,2.41231775,2.39748740
7614,9519,2.88134718,2.89481974,2.86536908
7615,9521,0.30392233,0.30966702,0.31172124
7616,9523,0.93302250,0.91550094,0.90115321
7617,9525,1.48428738,1.47929764,1.54585195
7618,9526,-4.48863316,-4.45522785,-4.49228382
7619,9527,-3.11701894,-3.17974758,-3.11098671
7620,9528,-2.08075261,-1.76905727,-1.74207366
7621,9530,0.62546623,0.58985573,0.57145190
7622,9531,0.39628685,0.44936615,0.37801746
7623,9532,0.97650123,0.95106727,0.95420337
7624,9533,0.70070231,0.68117166,0.65980786
7625,9535,-2.09125805,-2.19852567,-2.18522739
7626,9537,2.01102400,1.98175502,1.96845400
7627,9539,0.50496513,0.48430449,0.53639054
7628,9540,-3.35592532,-3.42069602,-3.35223007
7629,9541,2.23225331,2.22420049,2.20806980
7630,9542,1.00793517,1.05558062,1.04702055
7631,9543,1.61520267,1.64865005,1.62154281
7632,9544,-3.10579014,-3.17562556,-3.08695555
7633,9545,-1.34632254,-1.40072203,-1.29267025
7634,9547,-0.70529073,-0.71605921,-0.69463980
7635,9548,2.03277922,2.07946825,2.07184434
7636,9549,0.50999707,0.48413485,0.49240068
7637,9551,-2.37777948,-2.42459059,-2.39489150
7638,9552,0.95045716,0.96537894,1.01478267
7639,9553,0.49530807,0.51084471,0.55311805
7640,9554,-0.95965308,-0.98983997,-0.91533965
7641,9555,1.72317982,1.75262487,1.77288997
7642,9556,0.88521665,0.99220049,1.01372051
7643,9557,1.21126890,1.20677841,1.22718585
7644,9559,0.56092763,0.59950840,0.58249772
7645,9561,2.16239095,2.21231794,2.21873355
7646,9562,-0.27876535,-0.22319655,-0.21789864
7647,9564,0.69666225,0.77183622,0.69335556
7648,9565,-2.59226990,-2.59550858,-2.50620055
7649,9566,0.58610815,0.57789767,0.61447448
7650,9567,0.22823924,0.21142583,0.22210509
7651,9568,0.08229086,0.10075089,0.03944958
7652,9570,1.04406750,1.03697848,1.02583182
7653,9573,-1.94022608,-1.97931099,-1.90021992
7654,9575,1.70950866,1.76843750,1.75860620
7655,9576,0.04838245,0.09565163,0.16601017
7656,9577,0.83412057,0.86495239,0.85153800
7657,9578,0.99053293,0.97053337,1.03059781
7658,9580,1.68740118,1.86076891,1.72180021
7659,9581,1.27110398,1.26735592,1.31595600
7660,9582,-0.25845954,-0.26974386,-0.25930899
7661,9583,0.10613247,0.08391079,0.10502733
7662,9584,2.44726467,2.46561718,2.44288993
7663,9585,0.57248825,0.63121408,0.54808986
7664,9586,-0.83802551,-0.87425697,-0.86568958
7665,9587,1.75906754,1.75247526,1.80048239
7666,9588,2.22510982,2.21756148,2.20844507
7667,9589,-1.80622077,-1.72907901,-1.64119565
7668,9590,1.40441012,1.50767422,1.52727640
7669,9591,-0.31169432,-0.39606768,-0.35322928
7670,9592,-0.78794652,-0.82842535,-0.82784158
7671,9593,1.68269992,1.72087359,1.66062522
7672,9594,1.57826638,1.55426550,1.57657456
7673,9595,-3.65443373,-3.72363663,-3.67474079
7674,9596,1.18606400,1.23895597,1.22069085
7675,9598,1.22629130,1.25567746,1.22970605
7676,9599,1.51603734,1.55034959,1.54568374
7677,9600,1.33017063,1.33603501,1.26514280
7678,9601,-1.23144734,-1.15151477,-1.19995630
7679,9602,-0.28927109,-0.26883346,-0.24785274
7680,9603,-2.82495546,-2.92007494,-2.80796790
7681,9604,-3.43376899,-3.51633358,-3.43371153
7682,9607,0.09016070,0.11604829,0.06041801
7683,9608,1.74178290,1.76071262,1.75499606
7684,9609,0.06796143,-0.01511541,0.05251675
7685,9610,1.75547385,1.68042707,1.74996066
7686,9611,0.32129067,0.31108508,0.29343885
7687,9612,0.99540335,0.98797762,1.00247455
7688,9613,-2.59036231,-2.64826059,-2.54559827
7689,9614,-0.43546677,-0.49793345,-0.48375496
7690,9615,2.05791140,2.07138586,2.08135033
7691,9616,2.12811446,2.16593409,2.12043619
7692,9617,2.45483875,2.47946668,2.43887115
7693,9618,0.14314094,0.13538000,0.13317777
7694,9619,0.70534027,0.70361096,0.68689620
7695,9621,3.17131257,3.25956821,3.23179388
7696,9622,0.51150841,0.50278115,0.46606103
7697,9624,2.50469065,2.52260470,2.47138309
7698,9625,1.42988181,1.42681158,1.39806211
7699,9626,-0.63010556,-0.64486867,-0.60677153
7700,9627,0.03070941,-0.03032406,0.01057210
7701,9628,2.03312778,2.04015684,2.01190615
7702,9629,0.89719939,0.86768371,0.85383183
7703,9630,2.20992780,2.22433925,2.27871943
7704,9631,-1.22601151,-1.22775269,-1.14112592
7705,9632,2.11106110,2.16779447,2.07598543
7706,9633,1.47750759,1.53104341,1.55089581
7707,9634,-1.79344797,-1.74193525,-1.69192421
7708,9635,0.20517015,0.19395703,0.22217929
7709,9637,2.43729067,2.51075840,2.42709112
7710,9640,0.05730652,0.05315542,0.07295193
7711,9642,2.21318269,2.25427699,2.28618383
7712,9643,-0.41569611,-0.49342358,-0.45348856
7713,9644,1.81340742,1.83986986,1.84282279
7714,9645,1.81354570,1.81994033,1.86693859
7715,9646,2.02029014,2.11836076,2.09700370
7716,9647,-1.92053306,-1.97147417,-1.90781367
7717,9649,-1.25959921,-1.24096453,-1.29145300
7718,9650,-2.44581723,-2.51447177,-2.40011930
7719,9651,-0.42901087,-0.43404466,-0.43227127
7720,9652,-2.65899396,-2.71283770,-2.70898128
7721,9653,1.59606767,1.60776520,1.55391347
7722,9654,1.29134119,1.25209963,1.30914819
7723,9655,-1.11816192,-1.11337388,-1.01943171
7724,9657,2.27056932,2.33373737,2.31074309
7725,9658,1.16866803,1.17503929,1.19090140
7726,9659,0.74871135,0.73765725,0.74061000
7727,9660,-2.72884512,-2.70435858,-2.60621786
7728,9661,0.84566694,0.85141379,0.88266677
7729,9662,2.03162503,1.99850881,2.03951001
7730,9663,0.94994980,1.05326927,0.95740360
7731,9664,0.07152124,0.09247046,0.08528036
7732,9665,2.81603575,2.83709025,2.84315825
7733,9666,2.26390600,2.28062105,2.27981138
7734,9667,2.77953386,2.76685572,2.79716039
7735,9668,-2.81413579,-2.85784960,-2.82437301
7736,9669,0.14811960,0.15481319,0.15563501
7737,9672,-4.33917046,-4.39483118,-4.40629816
7738,9673,2.18145466,2.22338820,2.20197749
7739,9674,0.51890886,0.48597616,0.54695648
7740,9675,1.11214364,1.09292209,1.07365489
7741,9676,2.07125187,2.09491539,2.13730478
7742,9677,1.41158450,1.41814101,1.43798268
7743,9678,-0.89318120,-0.82998109,-0.82938117
7744,9679,-0.38666672,-0.41085339,-0.35980627
7745,9680,0.87538153,0.89568323,0.88009477
7746,9682,-2.17467904,-2.30950594,-2.30417681
7747,9683,1.18513906,1.21468973,1.22843659
7748,9684,-0.97637790,-1.02382064,-1.01300848
7749,9685,2.60170484,2.59966946,2.63405514
7750,9688,-0.04068290,-0.07413983,0.03289095
7751,9689,0.77941114,0.76581490,0.84716266
7752,9691,1.19281912,1.20756912,1.23035872
7753,9694,1.56608057,1.61751676,1.62640369
7754,9696,0.46191353,0.49678618,0.47660586
7755,9697,0.38623339,0.40771759,0.36887985
7756,9698,2.49374604,2.56602907,2.55166364
7757,9699,-0.08706135,-0.08941665,-0.03204747
7758,9700,1.71428502,1.83576703,1.76081383
7759,9701,0.94431287,0.96938699,0.96194261
7760,9702,0.26611662,0.27173460,0.28433213
7761,9704,1.34579539,1.39413369,1.42816675
7762,9705,1.54021621,1.53378987,1.59470260
7763,9706,-0.64410609,-0.67325264,-0.63360995
7764,9707,-1.49938941,-1.51561272,-1.49482882
7765,9710,0.93384570,0.95487958,0.98935318
7766,9711,0.66977471,0.70655650,0.67166740
7767,9712,2.22323728,2.22872686,2.23412013
7768,9713,-2.42664671,-2.45170045,-2.41952205
7769,9714,-0.99760503,-1.05597568,-1.05685747
7770,9715,1.73747683,1.75417972,1.69473207
7771,9716,1.15730834,1.14457011,1.16669679
7772,9717,-1.63478005,-1.76853836,-1.70277345
7773,9718,-0.28682956,-0.31696528,-0.29934329
7774,9719,1.07741046,1.02966571,1.12507832
7775,9720,0.40569818,0.40320510,0.42156065
7776,9721,-2.92473841,-2.89119196,-2.91684270
7777,9722,-1.87102950,-1.90346479,-1.89922702
7778,9724,1.33999884,1.34356666,1.41003811
7779,9725,-2.83061886,-2.90597510,-2.83816099
7780,9727,1.12373281,1.17731619,1.16834807
7781,9728,-0.61525553,-0.60521048,-0.61761999
7782,9729,-0.69235271,-0.70391583,-0.70504379
7783,9730,1.72387278,1.77297211,1.75263178
7784,9732,-1.57550502,-1.63656211,-1.56339657
7785,9733,-0.21218753,-0.20009901,-0.21204364
7786,9734,1.29959583,1.41654932,1.42200589
7787,9735,0.85874355,0.90137500,0.84826142
7788,9736,1.52752805,1.54100227,1.52866387
7789,9737,-2.60203218,-2.58729696,-2.52739930
7790,9738,2.50223827,2.52892900,2.47599173
7791,9739,1.07867360,1.16086614,1.15421975
7792,9740,1.60516727,1.59707761,1.57900465
7793,9741,1.27556765,1.31342649,1.30428672
7794,9742,0.38243240,0.36498779,0.39682797
7795,9743,0.47743335,0.51338089,0.54775029
7796,9744,1.79377449,1.75173116,1.78297317
7797,9745,-1.69991255,-1.70264161,-1.67015541
7798,9746,0.40638280,0.38458341,0.43729100
7799,9747,0.51276857,0.52450317,0.52192730
7800,9748,0.89059007,0.82563281,0.83107764
7801,9750,-1.47685456,-1.41706228,-1.29264021
7802,9751,2.81342840,2.84455156,2.81272650
7803,9752,1.80237913,1.83312011,1.84355438
7804,9753,-1.94592714,-2.04006481,-1.97142947
7805,9754,-0.58708078,-0.58616358,-0.52889371
7806,9755,0.17874214,0.17829230,0.18904871
7807,9756,-1.43996596,-1.47444987,-1.41509843
7808,9757,0.53114569,0.52959728,0.59830213
7809,9759,-6.49836540,-6.73403931,-6.64899015
7810,9760,-1.85332680,-1.87516832,-1.90512228
7811,9761,2.11595345,2.10846090,2.07540131
7812,9762,2.79960585,2.79728460,2.75113535
7813,9763,-0.33348244,-0.33103383,-0.25962967
7814,9764,-1.42554116,-1.52376842,-1.36600363
7815,9766,1.17869151,1.23708081,1.23511398
7816,9767,0.95963186,0.95825666,1.02730227
7817,9768,1.36455417,1.37220120,1.36191678
7818,9769,2.91330719,2.94451237,2.97457528
7819,9770,1.53912818,1.57137084,1.52256262
7820,9771,0.07332854,0.13799159,0.02064427
7821,9772,0.37503350,0.39556760,0.39021271
7822,9773,1.07160926,1.14621973,1.09027505
7823,9774,2.09710360,2.06699634,2.09082556
7824,9775,-1.77795887,-1.81973422,-1.77149618
7825,9776,2.38054466,2.38732958,2.40017629
7826,9778,0.83501494,0.81768703,0.84398609
7827,9780,1.13976908,1.20232952,1.24994826
7828,9782,0.06905602,0.04946518,0.08097460
7829,9785,2.83047962,2.90007353,2.88743067
7830,9786,1.27824068,1.29118323,1.25995624
7831,9789,2.36948967,2.38157129,2.38117123
7832,9790,1.47518909,1.51756275,1.49111629
7833,9792,-1.34280539,-1.41703141,-1.36978507
7834,9793,2.01354980,2.03410411,2.00206351
7835,9794,-2.81032515,-2.95249891,-2.89648461
7836,9795,1.80291414,1.81061339,1.85335684
7837,9796,0.44476938,0.49002033,0.48552322
7838,9797,0.53358537,0.48190361,0.46521631
7839,9798,-2.30912781,-2.33684468,-2.32420301
7840,9799,1.36966372,1.31851923,1.35829663
7841,9800,-0.68538070,-0.65068722,-0.71520317
7842,9802,1.38418055,1.39100921,1.40449524
7843,9803,1.63050544,1.62821841,1.61566961
7844,9804,-2.22558570,-2.17415619,-2.05613565
7845,9805,0.65273887,0.71057737,0.66180533
7846,9806,0.34701619,0.27389312,0.23660553
7847,9808,1.94297826,1.93553030,1.92333734
7848,9809,-0.33549470,-0.26745915,-0.28483781
7849,9811,1.75151253,1.75731289,1.78345609
7850,9812,0.40036687,0.34887946,0.42490318
7851,9813,-1.25686002,-1.29489350,-1.22901428
7852,9814,-0.77903676,-0.72257489,-0.72831899
7853,9815,3.13030791,3.13303185,3.09802461
7854,9816,1.86519027,1.90830231,1.90871322
7855,9817,1.66852295,1.64662242,1.64999592
7856,9818,2.19408917,2.20515656,2.19923568
7857,9819,-2.32463837,-2.36031651,-2.44193697
7858,9820,1.32284379,1.31191730,1.35406220
7859,9821,1.13197613,1.09954762,1.15489531
7860,9822,0.26048389,0.22353901,0.21085706
7861,9823,0.42030007,0.50600553,0.45146599
7862,9826,-0.50834548,-0.43562871,-0.41530433
7863,9827,-2.46812439,-2.45712113,-2.31005454
7864,9829,-3.25603127,-3.35042000,-3.23166633
7865,9830,-1.13798165,-1.07231688,-1.02941191
7866,9831,-0.36089766,-0.38494855,-0.32758829
7867,9832,-4.67850637,-4.75073910,-4.56559753
7868,9834,-2.60234785,-2.62705803,-2.60157084
7869,9835,1.77369761,1.80884290,1.75623178
7870,9836,-1.63136220,-1.61292505,-1.59675527
7871,9837,2.37146592,2.42812562,2.38479137
7872,9838,-3.18698812,-3.23434544,-3.16684985
7873,9839,1.78917468,1.79767990,1.77471387
7874,9840,2.47620869,2.52182555,2.49015260
7875,9841,1.17474675,1.18242788,1.19931591
7876,9842,0.19434831,0.13200016,0.21833965
7877,9845,-3.84991407,-3.90763783,-3.83719182
7878,9847,1.86961365,1.84981918,1.87137878
7879,9848,0.52268296,0.49782437,0.52055609
7880,9850,-0.11634552,-0.10904668,-0.12232780
7881,9851,0.80373806,0.90217811,0.88812584
7882,9852,-0.95375460,-1.02096224,-0.88763267
7883,9853,-0.94475406,-0.93324488,-0.90184283
7884,9854,0.98704571,0.95768839,0.96751767
7885,9855,-1.62681305,-1.61164188,-1.61739564
7886,9856,2.22805357,2.27670360,2.22777009
7887,9857,-1.48829389,-1.49201906,-1.47077036
7888,9858,-3.66805387,-3.78244042,-3.66200876
7889,9859,1.66267335,1.58827937,1.62438595
7890,9862,0.45373911,0.38220698,0.39061913
7891,9865,0.71768707,0.78784698,0.72855812
7892,9866,1.96241260,1.96990728,1.91035903
7893,9867,-2.38435268,-2.47019434,-2.48223162
7894,9868,-2.04760075,-2.02374268,-1.98013818
7895,9869,0.06505000,0.07228829,0.11908549
7896,9870,0.01673011,0.08818656,0.03942192
7897,9872,-0.41564825,-0.36594433,-0.39641607
7898,9873,2.02253819,2.04089212,2.04009604
7899,9874,1.42471838,1.49881840,1.53186989
7900,9876,-3.35349417,-3.40483809,-3.33404136
7901,9878,-0.60443991,-0.56776148,-0.54246706
7902,9880,0.74338096,0.72283000,0.69496775
7903,9881,-2.71159029,-2.75317931,-2.70167804
7904,9882,-5.45890331,-5.65401649,-5.51777363
7905,9883,1.07334721,1.09346139,1.12703323
7906,9884,-2.78224897,-3.05883574,-2.96624351
7907,9885,0.81166518,0.80727166,0.85462499
7908,9886,-2.31237531,-2.40501523,-2.36758399
7909,9888,-0.04509929,-0.08086315,-0.05524365
7910,9889,2.07596469,2.05048394,2.06940389
7911,9891,-1.44747531,-1.55743575,-1.42883790
7912,9892,2.64705038,2.63838458,2.67634916
7913,9894,1.41355217,1.42692804,1.45341861
7914,9895,-0.53295720,-0.60386819,-0.53436393
7915,9896,0.24904105,0.24928653,0.34299341
7916,9897,0.47459805,0.55064809,0.60908973
7917,9898,2.03757191,2.07352567,2.03968191
7918,9899,2.57828474,2.63366151,2.65847373
7919,9900,-2.76692629,-2.85364127,-2.73689842
7920,9901,0.47798494,0.54159743,0.50493836
7921,9902,2.33314276,2.23738027,2.27203155
7922,9903,-1.81891787,-1.88592958,-1.78370869
7923,9905,1.82421839,1.84308493,1.82072031
7924,9907,0.84282279,0.86868042,0.91300446
7925,9908,2.35506034,2.38566113,2.37348247
7926,9909,-1.69504142,-1.68876338,-1.63743782
7927,9910,1.39562404,1.45634317,1.45463514
7928,9911,2.52756500,2.52743649,2.52573466
7929,9913,2.26701212,2.26396775,2.23366904
7930,9914,-1.81589508,-1.91111875,-1.81835902
7931,9915,1.45020020,1.50349808,1.50771105
7932,9917,-1.46765637,-1.44937491,-1.40600753
7933,9918,0.91022378,0.93701977,0.94647563
7934,9919,2.20987654,2.29010630,2.23430824
7935,9920,1.79609561,1.76387668,1.81385386
7936,9921,-1.26526427,-1.38942301,-1.27688026
7937,9922,0.88599044,0.90568709,0.90866745
7938,9923,1.55562830,1.56727099,1.54973817
7939,9924,0.51317346,0.49513274,0.54764527
7940,9925,1.83427465,1.79672611,1.79759526
7941,9926,0.87504071,0.80608726,0.94467825
7942,9927,0.86227560,0.80622506,0.90543270
7943,9929,-0.70852667,-0.66939944,-0.72512019
7944,9930,1.04562449,1.05083609,1.10680294
7945,9931,1.61131322,1.66343033,1.60659540
7946,9932,0.85858512,0.91030258,0.88953900
7947,9933,0.08592061,0.15416643,0.09630393
7948,9934,2.09668326,2.14273810,2.08489704
7949,9935,0.85910934,0.91960454,0.84349042
7950,9936,1.27522421,1.21463978,1.21639907
7951,9937,-0.81286275,-0.84514487,-0.78894162
7952,9940,-2.76482153,-2.70678663,-2.69257903
7953,9941,1.47529161,1.50699437,1.49538553
7954,9942,1.42896450,1.50056303,1.52761054
7955,9943,0.90432161,0.87539566,0.91848415
7956,9944,-0.84986079,-0.78404349,-0.73947507
7957,9945,0.09145079,0.07031138,0.01235258
7958,9946,0.16702184,0.14842021,0.17228174
7959,9947,1.85960567,1.86470008,1.88122034
7960,9949,-2.88454914,-2.94561911,-2.93029642
7961,9950,1.46928370,1.49574208,1.49801135
7962,9951,-1.75829589,-1.80247545,-1.71634793
7963,9952,-2.45361471,-2.40455055,-2.38040400
7964,9953,-2.23615289,-2.42149734,-2.29210687
7965,9954,1.09613967,1.09327757,1.12443924
7966,9955,-0.77456057,-0.81374353,-0.76825982
7967,9957,-0.50324792,-0.53591371,-0.45195255
7968,9958,1.41735399,1.44839513,1.43221712
7969,9959,-0.66781545,-0.70344210,-0.66237020
7970,9960,-1.26316476,-1.32792974,-1.30907798
7971,9961,0.98044449,0.98851788,1.00691175
7972,9963,-1.11730444,-1.18653142,-1.06184244
7973,9964,1.35599446,1.38067138,1.35915399
7974,9965,-1.26301610,-1.23957324,-1.24708438
7975,9966,0.77924454,0.78735989,0.74221039
7976,9967,1.54496777,1.62329423,1.63473976
7977,9968,2.49220872,2.50273514,2.44876051
7978,9969,2.89778852,2.93542910,2.97158074
7979,9971,1.32460141,1.31949723,1.28716004
7980,9972,-1.81968105,-1.93393350,-1.85119760
7981,9973,-0.99251133,-0.98998374,-0.89138526
7982,9974,-0.12278538,-0.12428832,-0.08036282
7983,9976,1.48955798,1.47846603,1.50154006
7984,9977,0.63452375,0.64704561,0.65794462
7985,9978,-2.99154091,-3.10014844,-3.04181504
7986,9979,1.67569542,1.74834812,1.74935985
7987,9980,1.40997314,1.52369153,1.43984950
7988,9981,1.65718603,1.70100379,1.69379640
7989,9982,-0.04525065,-0.08570927,-0.07124472
7990,9984,1.31372321,1.31225109,1.36307120
7991,9986,0.41064149,0.41273212,0.41847429
7992,9987,1.02328813,1.03109419,0.99208742
7993,9989,1.03514075,1.07033277,1.03981948
7994,9990,2.50157976,2.54787946,2.49302173
7995,9991,0.99725229,0.98818737,1.04715919
7996,9992,-1.40681171,-1.41039217,-1.30954349
7997,9993,-3.38946581,-3.40344810,-3.37195516
7998,9995,2.58214402,2.59728622,2.57351971
7999,9996,-1.35538399,-1.36978090,-1.34981346
