=== kaggle_run start: run_id=20260911T155609Z-p43 args=Namespace(method='gps', dataset='molhiv', protocol='paper-seeds-provisional', seeds=[2, 3], smoke=False, max_epochs=None, unit_timeout_seconds=21600, plan=False, no_setup=False, resume=True, live_log=False, keep_work=False) ===
[event] runner_start args={'method': 'gps', 'dataset': 'molhiv', 'protocol': 'paper-seeds-provisional', 'seeds': [2, 3], 'smoke': False, 'max_epochs': None, 'unit_timeout_seconds': 21600, 'plan': False, 'no_setup': False, 'resume': True, 'live_log': False, 'keep_work': False} work=/kaggle/working results=/kaggle/working/hod-gnn-results

=== PLAN: 2 units (0 already done, 2 to run) ===
  [ ] gps          molhiv         seed=2
  [ ] gps          molhiv         seed=3
[event] plan_ready units=2 done=0
[event] setup_start
=== setup_env methods=['gps'] ===
[venv] using uv venv --python 3.10
[sh] /usr/local/bin/uv venv --python 3.10 /kaggle/working/.venv310
[event] command_start command=/usr/local/bin/uv venv --python 3.10 /kaggle/working/.venv310 cwd=/kaggle/working timeout_seconds=600
[event] command_end command=/usr/local/bin/uv venv --python 3.10 /kaggle/working/.venv310 cwd=/kaggle/working returncode=0 duration_seconds=0.508 stderr_tail=warning: The `--system` flag has no effect, `uv venv` always ignores virtual environments when finding a Python interpreter; did you mean `--no-managed-python`?
Using CPython 3.10.12 interpreter at: /usr/bin/python3.10
Creating virtual environment at: .venv310
Activate with: source .venv310/bin/activate

[venv] created /kaggle/working/.venv310/bin/python
[venv] python: Python 3.10.12
[sh] /usr/local/bin/uv pip install --python /kaggle/working/.venv310/bin/python -q torch==1.13.0 torchvision==0.14.0 torch==1.13.0 torchvision==0.14.0 --index-url https://download.pytorch.org/whl/cu117
[event] command_start command=/usr/local/bin/uv pip install --python /kaggle/working/.venv310/bin/python -q torch==1.13.0 torchvision==0.14.0 torch==1.13.0 torchvision==0.14.0 --index-url https://download.pytorch.org/whl/cu117 cwd=/kaggle/working timeout_seconds=900
[event] command_end command=/usr/local/bin/uv pip install --python /kaggle/working/.venv310/bin/python -q torch==1.13.0 torchvision==0.14.0 torch==1.13.0 torchvision==0.14.0 --index-url https://download.pytorch.org/whl/cu117 cwd=/kaggle/working returncode=0 duration_seconds=38.294
[sh] /usr/local/bin/uv pip install --python /kaggle/working/.venv310/bin/python -q nvidia-cuda-runtime-cu11 nvidia-cublas-cu11 nvidia-cufft-cu11 nvidia-curand-cu11 nvidia-cusolver-cu11 nvidia-cusparse-cu11 torch==1.13.0 torchvision==0.14.0
[event] command_start command=/usr/local/bin/uv pip install --python /kaggle/working/.venv310/bin/python -q nvidia-cuda-runtime-cu11 nvidia-cublas-cu11 nvidia-cufft-cu11 nvidia-curand-cu11 nvidia-cusolver-cu11 nvidia-cusparse-cu11 torch==1.13.0 torchvision==0.14.0 cwd=/kaggle/working timeout_seconds=900
[event] command_end command=/usr/local/bin/uv pip install --python /kaggle/working/.venv310/bin/python -q nvidia-cuda-runtime-cu11 nvidia-cublas-cu11 nvidia-cufft-cu11 nvidia-curand-cu11 nvidia-cusolver-cu11 nvidia-cusparse-cu11 torch==1.13.0 torchvision==0.14.0 cwd=/kaggle/working returncode=0 duration_seconds=11.613
[env] LD_LIBRARY_PATH += /kaggle/working/.venv310/lib/python3.10/site-packages/nvidia/cublas/lib; /kaggle/working/.venv310/lib/python3.10/site-packages/nvidia/cuda_runtime/lib; /kaggle/working/.venv310/lib/python3.10/site-packages/nvidia/cufft/lib; /kaggle/working/.venv310/lib/python3.10/site-packages/nvidia/curand/lib; /kaggle/working/.venv310/lib/python3.10/site-packages/nvidia/cusolver/lib; /kaggle/working/.venv310/lib/python3.10/site-packages/nvidia/cusparse/lib
[sh] /usr/local/bin/uv pip install --python /kaggle/working/.venv310/bin/python -q https://data.pyg.org/whl/torch-1.13.0+cu117/pyg_lib-0.4.0%2Bpt113cu117-cp310-cp310-linux_x86_64.whl https://data.pyg.org/whl/torch-1.13.0+cu117/torch_scatter-2.1.1%2Bpt113cu117-cp310-cp310-linux_x86_64.whl https://data.pyg.org/whl/torch-1.13.0+cu117/torch_sparse-0.6.17%2Bpt113cu117-cp310-cp310-linux_x86_64.whl https://data.pyg.org/whl/torch-1.13.0+cu117/torch_cluster-1.6.1%2Bpt113cu117-cp310-cp310-linux_x86_64.whl torch==1.13.0 torchvision==0.14.0
[event] command_start command=/usr/local/bin/uv pip install --python /kaggle/working/.venv310/bin/python -q https://data.pyg.org/whl/torch-1.13.0+cu117/pyg_lib-0.4.0%2Bpt113cu117-cp310-cp310-linux_x86_64.whl https://data.pyg.org/whl/torch-1.13.0+cu117/torch_scatter-2.1.1%2Bpt113cu117-cp310-cp310-linux_x86_64.whl https://data.pyg.org/whl/torch-1.13.0+cu117/torch_sparse-0.6.17%2Bpt113cu117-cp310-cp310-linux_x86_64.whl https://data.pyg.org/whl/torch-1.13.0+cu117/torch_cluster-1.6.1%2Bpt113cu117-cp310-cp310-linux_x86_64.whl torch==1.13.0 torchvision==0.14.0 cwd=/kaggle/working timeout_seconds=900
[event] command_end command=/usr/local/bin/uv pip install --python /kaggle/working/.venv310/bin/python -q https://data.pyg.org/whl/torch-1.13.0+cu117/pyg_lib-0.4.0%2Bpt113cu117-cp310-cp310-linux_x86_64.whl https://data.pyg.org/whl/torch-1.13.0+cu117/torch_scatter-2.1.1%2Bpt113cu117-cp310-cp310-linux_x86_64.whl https://data.pyg.org/whl/torch-1.13.0+cu117/torch_sparse-0.6.17%2Bpt113cu117-cp310-cp310-linux_x86_64.whl https://data.pyg.org/whl/torch-1.13.0+cu117/torch_cluster-1.6.1%2Bpt113cu117-cp310-cp310-linux_x86_64.whl torch==1.13.0 torchvision==0.14.0 cwd=/kaggle/working returncode=0 duration_seconds=6.16
[sh] /usr/local/bin/uv pip install --python /kaggle/working/.venv310/bin/python -q 'numpy<2' 'setuptools<80' 'scikit-learn<1.5' matplotlib torch-geometric==2.2.0 'pytorch-lightning<1.7' 'torchmetrics<1.0' yacs performer-pytorch tensorboardX ogb wandb einops networkx rdkit hydra-core omegaconf tqdm torch==1.13.0 torchvision==0.14.0
[event] command_start command=/usr/local/bin/uv pip install --python /kaggle/working/.venv310/bin/python -q 'numpy<2' 'setuptools<80' 'scikit-learn<1.5' matplotlib torch-geometric==2.2.0 'pytorch-lightning<1.7' 'torchmetrics<1.0' yacs performer-pytorch tensorboardX ogb wandb einops networkx rdkit hydra-core omegaconf tqdm torch==1.13.0 torchvision==0.14.0 cwd=/kaggle/working timeout_seconds=1800
[event] command_end command=/usr/local/bin/uv pip install --python /kaggle/working/.venv310/bin/python -q 'numpy<2' 'setuptools<80' 'scikit-learn<1.5' matplotlib torch-geometric==2.2.0 'pytorch-lightning<1.7' 'torchmetrics<1.0' yacs performer-pytorch tensorboardX ogb wandb einops networkx rdkit hydra-core omegaconf tqdm torch==1.13.0 torchvision==0.14.0 cwd=/kaggle/working returncode=0 duration_seconds=10.93
[sh] /usr/local/bin/uv pip install --python /kaggle/working/.venv310/bin/python -q torch==1.13.0 torchvision==0.14.0 torch==1.13.0 torchvision==0.14.0 --index-url https://download.pytorch.org/whl/cu117 --force-reinstall --no-deps
[event] command_start command=/usr/local/bin/uv pip install --python /kaggle/working/.venv310/bin/python -q torch==1.13.0 torchvision==0.14.0 torch==1.13.0 torchvision==0.14.0 --index-url https://download.pytorch.org/whl/cu117 --force-reinstall --no-deps cwd=/kaggle/working timeout_seconds=900
[event] command_end command=/usr/local/bin/uv pip install --python /kaggle/working/.venv310/bin/python -q torch==1.13.0 torchvision==0.14.0 torch==1.13.0 torchvision==0.14.0 --index-url https://download.pytorch.org/whl/cu117 --force-reinstall --no-deps cwd=/kaggle/working returncode=0 duration_seconds=4.881
[sh] /kaggle/working/.venv310/bin/python -c 'import torch, torch_geometric; print('"'"'TORCH_VER'"'"', torch.__version__); print('"'"'CUDA_OK'"'"', torch.cuda.is_available()); print('"'"'GPU'"'"', torch.cuda.get_device_name(0) if torch.cuda.is_available() else '"'"'CPU'"'"'); print('"'"'PYG'"'"', torch_geometric.__version__)'
[event] command_start command=/kaggle/working/.venv310/bin/python -c 'import torch, torch_geometric; print('"'"'TORCH_VER'"'"', torch.__version__); print('"'"'CUDA_OK'"'"', torch.cuda.is_available()); print('"'"'GPU'"'"', torch.cuda.get_device_name(0) if torch.cuda.is_available() else '"'"'CPU'"'"'); print('"'"'PYG'"'"', torch_geometric.__version__)' cwd=/kaggle/working timeout_seconds=300
[event] command_end command=/kaggle/working/.venv310/bin/python -c 'import torch, torch_geometric; print('"'"'TORCH_VER'"'"', torch.__version__); print('"'"'CUDA_OK'"'"', torch.cuda.is_available()); print('"'"'GPU'"'"', torch.cuda.get_device_name(0) if torch.cuda.is_available() else '"'"'CPU'"'"'); print('"'"'PYG'"'"', torch_geometric.__version__)' cwd=/kaggle/working returncode=0 duration_seconds=8.834 stdout_tail=TORCH_VER 1.13.0+cu117
CUDA_OK True
GPU Tesla P100-PCIE-16GB
PYG 2.2.0

=== setup_env done ===
[sh] git clone -q https://github.com/rampasek/GraphGPS.git /kaggle/working/vendor/GraphGPS
[event] command_start command=git clone -q https://github.com/rampasek/GraphGPS.git /kaggle/working/vendor/GraphGPS cwd=/kaggle/working timeout_seconds=600
[event] command_end command=git clone -q https://github.com/rampasek/GraphGPS.git /kaggle/working/vendor/GraphGPS cwd=/kaggle/working returncode=0 duration_seconds=1.89
[sh] git -C /kaggle/working/vendor/GraphGPS checkout -q 28015707cbab7f8ad72bed0ee872d068ea59c94b
[event] command_start command=git -C /kaggle/working/vendor/GraphGPS checkout -q 28015707cbab7f8ad72bed0ee872d068ea59c94b cwd=/kaggle/working timeout_seconds=120
[event] command_end command=git -C /kaggle/working/vendor/GraphGPS checkout -q 28015707cbab7f8ad72bed0ee872d068ea59c94b cwd=/kaggle/working returncode=0 duration_seconds=0.063
[repo] gps: 28015707cbab
[event] setup_end
[sh] /kaggle/working/.venv310/bin/python -c 'import torch, sys; print(torch.cuda.get_device_name(0) if torch.cuda.is_available() else '"'"'CPU-only'"'"'); print(torch.__version__); print(torch.version.cuda or '"'"'none'"'"'); print(torch.cuda.get_device_properties(0).total_memory if torch.cuda.is_available() else 0)'
[event] command_start command=/kaggle/working/.venv310/bin/python -c 'import torch, sys; print(torch.cuda.get_device_name(0) if torch.cuda.is_available() else '"'"'CPU-only'"'"'); print(torch.__version__); print(torch.version.cuda or '"'"'none'"'"'); print(torch.cuda.get_device_properties(0).total_memory if torch.cuda.is_available() else 0)' cwd=/kaggle/working timeout_seconds=120
[event] command_end command=/kaggle/working/.venv310/bin/python -c 'import torch, sys; print(torch.cuda.get_device_name(0) if torch.cuda.is_available() else '"'"'CPU-only'"'"'); print(torch.__version__); print(torch.version.cuda or '"'"'none'"'"'); print(torch.cuda.get_device_properties(0).total_memory if torch.cuda.is_available() else 0)' cwd=/kaggle/working returncode=0 duration_seconds=1.393 stdout_tail=Tesla P100-PCIE-16GB
1.13.0+cu117
11.7
17059545088

[event] runtime_detected gpu_name=Tesla P100-PCIE-16GB torch_version=1.13.0+cu117 cuda_version=11.7 gpu_memory_bytes=17059545088 python_version=3.12.13 platform=Linux-6.12.90+-x86_64-with-glibc2.35 hostname=c8be0c671c20
[event] unit_start method=gps dataset=molhiv protocol=paper-seeds-provisional seed=2

=== RUN gps molhiv seed=2 protocol=paper-seeds-provisional   ===
[event] unit_process_start unit=gps/molhiv/seed=2 command=/kaggle/working/.venv310/bin/python main.py --cfg configs/GPS/ogbg-molhiv-GPS+RWSE.yaml wandb.use False seed 2 cwd=/kaggle/working/vendor/GraphGPS log=hod-gnn-results/logs/gps-molhiv-2.log timeout_seconds=21600
[event] unit_heartbeat unit=gps/molhiv/seed=2 elapsed_seconds=60.2 lines=52 log_bytes=2483
[gps/molhiv/seed=2] metric_best: auc
[gps/molhiv/seed=2] max_epoch: 100
[gps/molhiv/seed=2] num_warmup_epochs: 5
[gps/molhiv/seed=2] train:
[gps/molhiv/seed=2] ckpt_best: False
[gps/molhiv/seed=2] epoch_resume: -1
[gps/molhiv/seed=2] iter_per_epoch: 32
[gps/molhiv/seed=2] skip_train_eval: False
[gps/molhiv/seed=2] val:
[event] unit_heartbeat unit=gps/molhiv/seed=2 elapsed_seconds=122.5 lines=535 log_bytes=19156
[gps/molhiv/seed=2] Start from epoch 0
[gps/molhiv/seed=2] train: {'epoch': 0, 'time_epoch': 100.76066, 'eta': 9975.305, 'eta_hours': 2.77092, 'loss': 0.83712535, 'lr': 0.0, 'params': 558673, 'time_iter': 0.09792, 'accuracy': 0.03745, 'precision': 0.03745, 'recall': 1.0, 'f1': 0.07219, 'auc': 0.52429}
[gps/molhiv/seed=2] ...computing epoch stats took: 0.05s
[gps/molhiv/seed=2] val: {'epoch': 0, 'time_epoch': 3.66919, 'loss': 0.84185644, 'lr': 0, 'params': 558673, 'time_iter': 0.02844, 'accuracy': 0.01994, 'precision': 0.0197, 'recall': 1.0, 'f1': 0.03864, 'auc': 0.54881}
[gps/molhiv/seed=2] ...computing epoch stats took: 0.01s
[gps/molhiv/seed=2] test: {'epoch': 0, 'time_epoch': 3.67387, 'loss': 0.8370714, 'lr': 0, 'params': 558673, 'time_iter': 0.02848, 'accuracy': 0.03355, 'precision': 0.03167, 'recall': 1.0, 'f1': 0.06139, 'auc': 0.54025}
[gps/molhiv/seed=2] ...computing epoch stats took: 0.01s
[gps/molhiv/seed=2] > Epoch 0: took 108.2s (avg 108.2s) | Best so far: epoch 0	train_loss: 0.8371 train_auc: 0.5243	val_loss: 0.8419 val_auc: 0.5488	test_loss: 0.8371 test_auc: 0.5403
[event] unit_heartbeat unit=gps/molhiv/seed=2 elapsed_seconds=185.6 lines=543 log_bytes=20091
[event] unit_heartbeat unit=gps/molhiv/seed=2 elapsed_seconds=245.7 lines=543 log_bytes=20091
[gps/molhiv/seed=2] train: {'epoch': 1, 'time_epoch': 99.43767, 'eta': 9809.71812, 'eta_hours': 2.72492, 'loss': 0.45885476, 'lr': 2e-05, 'params': 558673, 'time_iter': 0.09664, 'accuracy': 0.76107, 'precision': 0.04314, 'recall': 0.25406, 'f1': 0.07376, 'auc': 0.5396}
[gps/molhiv/seed=2] ...computing epoch stats took: 0.08s
[gps/molhiv/seed=2] val: {'epoch': 1, 'time_epoch': 3.3894, 'loss': 0.18747534, 'lr': 0, 'params': 558673, 'time_iter': 0.02627, 'accuracy': 0.97933, 'precision': 0.0, 'recall': 0.0, 'f1': 0.0, 'auc': 0.58707}
[gps/molhiv/seed=2] ...computing epoch stats took: 0.02s
[gps/molhiv/seed=2] test: {'epoch': 1, 'time_epoch': 3.48689, 'loss': 0.20634357, 'lr': 0, 'params': 558673, 'time_iter': 0.02703, 'accuracy': 0.96766, 'precision': 0.0, 'recall': 0.0, 'f1': 0.0, 'auc': 0.60355}
[gps/molhiv/seed=2] ...computing epoch stats took: 0.01s
[gps/molhiv/seed=2] > Epoch 1: took 106.5s (avg 107.3s) | Best so far: epoch 1	train_loss: 0.4589 train_auc: 0.5396	val_loss: 0.1875 val_auc: 0.5871	test_loss: 0.2063 test_auc: 0.6036
[event] unit_heartbeat unit=gps/molhiv/seed=2 elapsed_seconds=307.1 lines=550 log_bytes=20998
[event] unit_heartbeat unit=gps/molhiv/seed=2 elapsed_seconds=367.2 lines=550 log_bytes=20998
[gps/molhiv/seed=2] train: {'epoch': 2, 'time_epoch': 99.23836, 'eta': 9681.78621, 'eta_hours': 2.68939, 'loss': 0.17412811, 'lr': 4e-05, 'params': 558673, 'time_iter': 0.09644, 'accuracy': 0.96219, 'precision': 0.07143, 'recall': 0.00081, 'f1': 0.00161, 'auc': 0.6163}
[gps/molhiv/seed=2] ...computing epoch stats took: 0.07s
[gps/molhiv/seed=2] val: {'epoch': 2, 'time_epoch': 3.43715, 'loss': 0.09468906, 'lr': 0, 'params': 558673, 'time_iter': 0.02664, 'accuracy': 0.98031, 'precision': 0.0, 'recall': 0.0, 'f1': 0.0, 'auc': 0.71541}
[gps/molhiv/seed=2] ...computing epoch stats took: 0.01s
[gps/molhiv/seed=2] test: {'epoch': 2, 'time_epoch': 3.39622, 'loss': 0.1237137, 'lr': 0, 'params': 558673, 'time_iter': 0.02633, 'accuracy': 0.96839, 'precision': 0.0, 'recall': 0.0, 'f1': 0.0, 'auc': 0.7392}
[gps/molhiv/seed=2] ...computing epoch stats took: 0.01s
[gps/molhiv/seed=2] > Epoch 2: took 106.2s (avg 107.0s) | Best so far: epoch 2	train_loss: 0.1741 train_auc: 0.6163	val_loss: 0.0947 val_auc: 0.7154	test_loss: 0.1237 test_auc: 0.7392
[event] unit_heartbeat unit=gps/molhiv/seed=2 elapsed_seconds=428.4 lines=561 log_bytes=22550
[gps/molhiv/seed=2] train: {'epoch': 3, 'time_epoch': 99.18707, 'eta': 9566.97023, 'eta_hours': 2.65749, 'loss': 0.14876372, 'lr': 6e-05, 'params': 558673, 'time_iter': 0.09639, 'accuracy': 0.96255, 'precision': 0.0, 'recall': 0.0, 'f1': 0.0, 'auc': 0.69405}
[event] unit_heartbeat unit=gps/molhiv/seed=2 elapsed_seconds=491.3 lines=565 log_bytes=23362
[gps/molhiv/seed=2] val: {'epoch': 3, 'time_epoch': 3.70132, 'loss': 0.08981625, 'lr': 0, 'params': 558673, 'time_iter': 0.02869, 'accuracy': 0.98031, 'precision': 0.0, 'recall': 0.0, 'f1': 0.0, 'auc': 0.72929}
[gps/molhiv/seed=2] test: {'epoch': 3, 'time_epoch': 3.60928, 'loss': 0.12301046, 'lr': 0, 'params': 558673, 'time_iter': 0.02798, 'accuracy': 0.96839, 'precision': 0.0, 'recall': 0.0, 'f1': 0.0, 'auc': 0.73819}
[gps/molhiv/seed=2] > Epoch 3: took 106.6s (avg 106.9s) | Best so far: epoch 3	train_loss: 0.1488 train_auc: 0.6940	val_loss: 0.0898 val_auc: 0.7293	test_loss: 0.1230 test_auc: 0.7382
[event] unit_heartbeat unit=gps/molhiv/seed=2 elapsed_seconds=555.0 lines=571 log_bytes=24305
[gps/molhiv/seed=2] train: {'epoch': 4, 'time_epoch': 98.88241, 'eta': 9452.61718, 'eta_hours': 2.62573, 'loss': 0.13997525, 'lr': 8e-05, 'params': 558673, 'time_iter': 0.0961, 'accuracy': 0.96301, 'precision': 0.61538, 'recall': 0.03247, 'f1': 0.06168, 'auc': 0.73949}
[gps/molhiv/seed=2] val: {'epoch': 4, 'time_epoch': 3.46315, 'loss': 0.09044683, 'lr': 0, 'params': 558673, 'time_iter': 0.02685, 'accuracy': 0.98152, 'precision': 0.6087, 'recall': 0.17284, 'f1': 0.26923, 'auc': 0.73625}
[gps/molhiv/seed=2] test: {'epoch': 4, 'time_epoch': 3.38321, 'loss': 0.12190085, 'lr': 0, 'params': 558673, 'time_iter': 0.02623, 'accuracy': 0.96961, 'precision': 0.54902, 'recall': 0.21538, 'f1': 0.30939, 'auc': 0.75362}
[gps/molhiv/seed=2] > Epoch 4: took 105.9s (avg 106.7s) | Best so far: epoch 4	train_loss: 0.1400 train_auc: 0.7395	val_loss: 0.0904 val_auc: 0.7362	test_loss: 0.1219 test_auc: 0.7536
[event] unit_heartbeat unit=gps/molhiv/seed=2 elapsed_seconds=615.9 lines=575 log_bytes=25125
[event] unit_heartbeat unit=gps/molhiv/seed=2 elapsed_seconds=675.9 lines=575 log_bytes=25125
[gps/molhiv/seed=2] train: {'epoch': 5, 'time_epoch': 99.08047, 'eta': 9346.52396, 'eta_hours': 2.59626, 'loss': 0.13353304, 'lr': 0.0001, 'params': 558673, 'time_iter': 0.09629, 'accuracy': 0.96362, 'precision': 0.58794, 'recall': 0.09497, 'f1': 0.16352, 'auc': 0.76709}
[gps/molhiv/seed=2] val: {'epoch': 5, 'time_epoch': 3.37684, 'loss': 0.08285044, 'lr': 0, 'params': 558673, 'time_iter': 0.02618, 'accuracy': 0.98128, 'precision': 0.6, 'recall': 0.14815, 'f1': 0.23762, 'auc': 0.73853}
[gps/molhiv/seed=2] test: {'epoch': 5, 'time_epoch': 3.4087, 'loss': 0.11930954, 'lr': 0, 'params': 558673, 'time_iter': 0.02642, 'accuracy': 0.97082, 'precision': 0.61905, 'recall': 0.2, 'f1': 0.30233, 'auc': 0.76135}
[gps/molhiv/seed=2] > Epoch 5: took 106.0s (avg 106.6s) | Best so far: epoch 5	train_loss: 0.1335 train_auc: 0.7671	val_loss: 0.0829 val_auc: 0.7385	test_loss: 0.1193 test_auc: 0.7613
[event] unit_heartbeat unit=gps/molhiv/seed=2 elapsed_seconds=736.9 lines=579 log_bytes=25939
[event] unit_heartbeat unit=gps/molhiv/seed=2 elapsed_seconds=797.0 lines=579 log_bytes=25939
[gps/molhiv/seed=2] train: {'epoch': 6, 'time_epoch': 98.89691, 'eta': 9239.9957, 'eta_hours': 2.56667, 'loss': 0.1279341, 'lr': 9.997e-05, 'params': 558673, 'time_iter': 0.09611, 'accuracy': 0.96462, 'precision': 0.60559, 'recall': 0.15828, 'f1': 0.25097, 'auc': 0.79109}
[gps/molhiv/seed=2] val: {'epoch': 6, 'time_epoch': 3.42348, 'loss': 0.08629107, 'lr': 0, 'params': 558673, 'time_iter': 0.02654, 'accuracy': 0.98055, 'precision': 0.52174, 'recall': 0.14815, 'f1': 0.23077, 'auc': 0.74007}
[gps/molhiv/seed=2] test: {'epoch': 6, 'time_epoch': 3.39659, 'loss': 0.12491185, 'lr': 0, 'params': 558673, 'time_iter': 0.02633, 'accuracy': 0.96548, 'precision': 0.36364, 'recall': 0.12308, 'f1': 0.18391, 'auc': 0.76553}
[gps/molhiv/seed=2] > Epoch 6: took 105.9s (avg 106.5s) | Best so far: epoch 6	train_loss: 0.1279 train_auc: 0.7911	val_loss: 0.0863 val_auc: 0.7401	test_loss: 0.1249 test_auc: 0.7655
[event] unit_heartbeat unit=gps/molhiv/seed=2 elapsed_seconds=857.8 lines=583 log_bytes=26763
[gps/molhiv/seed=2] train: {'epoch': 7, 'time_epoch': 98.84799, 'eta': 9134.81271, 'eta_hours': 2.53745, 'loss': 0.12240167, 'lr': 9.989e-05, 'params': 558673, 'time_iter': 0.09606, 'accuracy': 0.96614, 'precision': 0.66389, 'recall': 0.19399, 'f1': 0.30025, 'auc': 0.8081}
[gps/molhiv/seed=2] val: {'epoch': 7, 'time_epoch': 3.41238, 'loss': 0.08184839, 'lr': 0, 'params': 558673, 'time_iter': 0.02645, 'accuracy': 0.98201, 'precision': 0.62963, 'recall': 0.20988, 'f1': 0.31481, 'auc': 0.7855}
[gps/molhiv/seed=2] test: {'epoch': 7, 'time_epoch': 3.37752, 'loss': 0.12247987, 'lr': 0, 'params': 558673, 'time_iter': 0.02618, 'accuracy': 0.96864, 'precision': 0.51351, 'recall': 0.14615, 'f1': 0.22754, 'auc': 0.75328}
[event] unit_heartbeat unit=gps/molhiv/seed=2 elapsed_seconds=918.5 lines=586 log_bytes=27423
[gps/molhiv/seed=2] > Epoch 7: took 105.8s (avg 106.4s) | Best so far: epoch 7	train_loss: 0.1224 train_auc: 0.8081	val_loss: 0.0818 val_auc: 0.7855	test_loss: 0.1225 test_auc: 0.7533
[event] unit_heartbeat unit=gps/molhiv/seed=2 elapsed_seconds=978.6 lines=587 log_bytes=27587
[gps/molhiv/seed=2] train: {'epoch': 8, 'time_epoch': 99.24577, 'eta': 9035.05945, 'eta_hours': 2.50974, 'loss': 0.12028263, 'lr': 9.975e-05, 'params': 558673, 'time_iter': 0.09645, 'accuracy': 0.96578, 'precision': 0.61229, 'recall': 0.23458, 'f1': 0.3392, 'auc': 0.81163}
[gps/molhiv/seed=2] val: {'epoch': 8, 'time_epoch': 3.41178, 'loss': 0.08440068, 'lr': 0, 'params': 558673, 'time_iter': 0.02645, 'accuracy': 0.98031, 'precision': 0.5, 'recall': 0.17284, 'f1': 0.25688, 'auc': 0.73339}
[gps/molhiv/seed=2] test: {'epoch': 8, 'time_epoch': 3.5602, 'loss': 0.1192809, 'lr': 0, 'params': 558673, 'time_iter': 0.0276, 'accuracy': 0.96815, 'precision': 0.48, 'recall': 0.09231, 'f1': 0.15484, 'auc': 0.7556}
[gps/molhiv/seed=2] > Epoch 8: took 106.4s (avg 106.4s) | Best so far: epoch 7	train_loss: 0.1224 train_auc: 0.8081	val_loss: 0.0818 val_auc: 0.7855	test_loss: 0.1225 test_auc: 0.7533
[event] unit_heartbeat unit=gps/molhiv/seed=2 elapsed_seconds=1039.9 lines=591 log_bytes=28401
[event] unit_heartbeat unit=gps/molhiv/seed=2 elapsed_seconds=1100.0 lines=591 log_bytes=28401
[gps/molhiv/seed=2] train: {'epoch': 9, 'time_epoch': 98.84092, 'eta': 8931.76405, 'eta_hours': 2.48105, 'loss': 0.11772001, 'lr': 9.956e-05, 'params': 558673, 'time_iter': 0.09606, 'accuracy': 0.96666, 'precision': 0.64516, 'recall': 0.24351, 'f1': 0.35357, 'auc': 0.82411}
[gps/molhiv/seed=2] val: {'epoch': 9, 'time_epoch': 3.49927, 'loss': 0.08300901, 'lr': 0, 'params': 558673, 'time_iter': 0.02713, 'accuracy': 0.97909, 'precision': 0.44444, 'recall': 0.24691, 'f1': 0.31746, 'auc': 0.76542}
[gps/molhiv/seed=2] test: {'epoch': 9, 'time_epoch': 3.3674, 'loss': 0.12081402, 'lr': 0, 'params': 558673, 'time_iter': 0.0261, 'accuracy': 0.96742, 'precision': 0.46667, 'recall': 0.21538, 'f1': 0.29474, 'auc': 0.7605}
[gps/molhiv/seed=2] > Epoch 9: took 105.9s (avg 106.3s) | Best so far: epoch 7	train_loss: 0.1224 train_auc: 0.8081	val_loss: 0.0818 val_auc: 0.7855	test_loss: 0.1225 test_auc: 0.7533
[event] unit_heartbeat unit=gps/molhiv/seed=2 elapsed_seconds=1160.8 lines=595 log_bytes=29224
[event] unit_heartbeat unit=gps/molhiv/seed=2 elapsed_seconds=1220.9 lines=595 log_bytes=29224
[gps/molhiv/seed=2] train: {'epoch': 10, 'time_epoch': 98.74344, 'eta': 8828.4899, 'eta_hours': 2.45236, 'loss': 0.11347721, 'lr': 9.932e-05, 'params': 558673, 'time_iter': 0.09596, 'accuracy': 0.96775, 'precision': 0.66798, 'recall': 0.27597, 'f1': 0.39058, 'auc': 0.83766}
[gps/molhiv/seed=2] val: {'epoch': 10, 'time_epoch': 3.41489, 'loss': 0.08262944, 'lr': 0, 'params': 558673, 'time_iter': 0.02647, 'accuracy': 0.98177, 'precision': 0.58333, 'recall': 0.25926, 'f1': 0.35897, 'auc': 0.74501}
[gps/molhiv/seed=2] test: {'epoch': 10, 'time_epoch': 3.41444, 'loss': 0.12073359, 'lr': 0, 'params': 558673, 'time_iter': 0.02647, 'accuracy': 0.96864, 'precision': 0.50877, 'recall': 0.22308, 'f1': 0.31016, 'auc': 0.7368}
[gps/molhiv/seed=2] > Epoch 10: took 105.7s (avg 106.3s) | Best so far: epoch 7	train_loss: 0.1224 train_auc: 0.8081	val_loss: 0.0818 val_auc: 0.7855	test_loss: 0.1225 test_auc: 0.7533
[event] unit_heartbeat unit=gps/molhiv/seed=2 elapsed_seconds=1281.5 lines=599 log_bytes=30052
[gps/molhiv/seed=2] train: {'epoch': 11, 'time_epoch': 99.46001, 'eta': 8731.22564, 'eta_hours': 2.42534, 'loss': 0.11226214, 'lr': 9.902e-05, 'params': 558673, 'time_iter': 0.09666, 'accuracy': 0.96787, 'precision': 0.66859, 'recall': 0.28166, 'f1': 0.39634, 'auc': 0.8448}
[gps/molhiv/seed=2] val: {'epoch': 11, 'time_epoch': 3.36387, 'loss': 0.07912119, 'lr': 0, 'params': 558673, 'time_iter': 0.02608, 'accuracy': 0.98177, 'precision': 0.625, 'recall': 0.18519, 'f1': 0.28571, 'auc': 0.77052}
[gps/molhiv/seed=2] test: {'epoch': 11, 'time_epoch': 3.35142, 'loss': 0.11923907, 'lr': 0, 'params': 558673, 'time_iter': 0.02598, 'accuracy': 0.96864, 'precision': 0.52, 'recall': 0.1, 'f1': 0.16774, 'auc': 0.76374}
[event] unit_heartbeat unit=gps/molhiv/seed=2 elapsed_seconds=1342.8 lines=602 log_bytes=30707
[gps/molhiv/seed=2] > Epoch 11: took 106.3s (avg 106.3s) | Best so far: epoch 7	train_loss: 0.1224 train_auc: 0.8081	val_loss: 0.0818 val_auc: 0.7855	test_loss: 0.1225 test_auc: 0.7533
[event] unit_heartbeat unit=gps/molhiv/seed=2 elapsed_seconds=1402.9 lines=603 log_bytes=30872
[gps/molhiv/seed=2] train: {'epoch': 12, 'time_epoch': 99.53855, 'eta': 8634.1492, 'eta_hours': 2.39837, 'loss': 0.10930162, 'lr': 9.867e-05, 'params': 558673, 'time_iter': 0.09673, 'accuracy': 0.96927, 'precision': 0.70654, 'recall': 0.30682, 'f1': 0.42784, 'auc': 0.85327}
[gps/molhiv/seed=2] val: {'epoch': 12, 'time_epoch': 3.43481, 'loss': 0.07866025, 'lr': 0, 'params': 558673, 'time_iter': 0.02663, 'accuracy': 0.98201, 'precision': 0.6, 'recall': 0.25926, 'f1': 0.36207, 'auc': 0.76062}
[gps/molhiv/seed=2] test: {'epoch': 12, 'time_epoch': 3.42863, 'loss': 0.11676804, 'lr': 0, 'params': 558673, 'time_iter': 0.02658, 'accuracy': 0.96985, 'precision': 0.55556, 'recall': 0.23077, 'f1': 0.32609, 'auc': 0.76171}
[gps/molhiv/seed=2] > Epoch 12: took 106.6s (avg 106.3s) | Best so far: epoch 7	train_loss: 0.1224 train_auc: 0.8081	val_loss: 0.0818 val_auc: 0.7855	test_loss: 0.1225 test_auc: 0.7533
[event] unit_heartbeat unit=gps/molhiv/seed=2 elapsed_seconds=1464.4 lines=607 log_bytes=31697
[event] unit_heartbeat unit=gps/molhiv/seed=2 elapsed_seconds=1524.5 lines=607 log_bytes=31697
[gps/molhiv/seed=2] train: {'epoch': 13, 'time_epoch': 99.3428, 'eta': 8535.51857, 'eta_hours': 2.37098, 'loss': 0.10901905, 'lr': 9.826e-05, 'params': 558673, 'time_iter': 0.09654, 'accuracy': 0.96869, 'precision': 0.68231, 'recall': 0.30682, 'f1': 0.42329, 'auc': 0.8589}
[gps/molhiv/seed=2] val: {'epoch': 13, 'time_epoch': 3.47527, 'loss': 0.07859807, 'lr': 0, 'params': 558673, 'time_iter': 0.02694, 'accuracy': 0.98274, 'precision': 0.64706, 'recall': 0.2716, 'f1': 0.38261, 'auc': 0.78899}
[gps/molhiv/seed=2] test: {'epoch': 13, 'time_epoch': 3.4533, 'loss': 0.11248697, 'lr': 0, 'params': 558673, 'time_iter': 0.02677, 'accuracy': 0.97058, 'precision': 0.57895, 'recall': 0.25385, 'f1': 0.35294, 'auc': 0.79319}
[gps/molhiv/seed=2] > Epoch 13: took 106.4s (avg 106.3s) | Best so far: epoch 13	train_loss: 0.1090 train_auc: 0.8589	val_loss: 0.0786 val_auc: 0.7890	test_loss: 0.1125 test_auc: 0.7932
[event] unit_heartbeat unit=gps/molhiv/seed=2 elapsed_seconds=1585.8 lines=611 log_bytes=32524
[event] unit_heartbeat unit=gps/molhiv/seed=2 elapsed_seconds=1645.9 lines=611 log_bytes=32524
[gps/molhiv/seed=2] train: {'epoch': 14, 'time_epoch': 99.26784, 'eta': 8436.36821, 'eta_hours': 2.34344, 'loss': 0.105098, 'lr': 9.78e-05, 'params': 558673, 'time_iter': 0.09647, 'accuracy': 0.97003, 'precision': 0.7128, 'recall': 0.33442, 'f1': 0.45525, 'auc': 0.86843}
[gps/molhiv/seed=2] val: {'epoch': 14, 'time_epoch': 3.45028, 'loss': 0.07647217, 'lr': 0, 'params': 558673, 'time_iter': 0.02675, 'accuracy': 0.98152, 'precision': 0.56757, 'recall': 0.25926, 'f1': 0.35593, 'auc': 0.78683}
[gps/molhiv/seed=2] test: {'epoch': 14, 'time_epoch': 3.44689, 'loss': 0.11826148, 'lr': 0, 'params': 558673, 'time_iter': 0.02672, 'accuracy': 0.96937, 'precision': 0.53448, 'recall': 0.23846, 'f1': 0.32979, 'auc': 0.77142}
[gps/molhiv/seed=2] > Epoch 14: took 106.3s (avg 106.3s) | Best so far: epoch 13	train_loss: 0.1090 train_auc: 0.8589	val_loss: 0.0786 val_auc: 0.7890	test_loss: 0.1125 test_auc: 0.7932
[event] unit_heartbeat unit=gps/molhiv/seed=2 elapsed_seconds=1707.2 lines=615 log_bytes=33351
[gps/molhiv/seed=2] train: {'epoch': 15, 'time_epoch': 99.17729, 'eta': 8336.72777, 'eta_hours': 2.31576, 'loss': 0.1048367, 'lr': 9.729e-05, 'params': 558673, 'time_iter': 0.09638, 'accuracy': 0.96976, 'precision': 0.70826, 'recall': 0.32711, 'f1': 0.44753, 'auc': 0.87123}
[gps/molhiv/seed=2] val: {'epoch': 15, 'time_epoch': 3.46208, 'loss': 0.07993101, 'lr': 0, 'params': 558673, 'time_iter': 0.02684, 'accuracy': 0.98152, 'precision': 0.55102, 'recall': 0.33333, 'f1': 0.41538, 'auc': 0.77335}
[gps/molhiv/seed=2] test: {'epoch': 15, 'time_epoch': 3.41961, 'loss': 0.11704245, 'lr': 0, 'params': 558673, 'time_iter': 0.02651, 'accuracy': 0.96864, 'precision': 0.50602, 'recall': 0.32308, 'f1': 0.39437, 'auc': 0.7803}
[event] unit_heartbeat unit=gps/molhiv/seed=2 elapsed_seconds=1768.4 lines=618 log_bytes=34014
[gps/molhiv/seed=2] > Epoch 15: took 106.2s (avg 106.3s) | Best so far: epoch 13	train_loss: 0.1090 train_auc: 0.8589	val_loss: 0.0786 val_auc: 0.7890	test_loss: 0.1125 test_auc: 0.7932
[event] unit_heartbeat unit=gps/molhiv/seed=2 elapsed_seconds=1828.4 lines=619 log_bytes=34180
[gps/molhiv/seed=2] train: {'epoch': 16, 'time_epoch': 99.69023, 'eta': 8239.6462, 'eta_hours': 2.28879, 'loss': 0.10347528, 'lr': 9.673e-05, 'params': 558673, 'time_iter': 0.09688, 'accuracy': 0.96994, 'precision': 0.70769, 'recall': 0.33604, 'f1': 0.4557, 'auc': 0.87662}
[gps/molhiv/seed=2] val: {'epoch': 16, 'time_epoch': 3.39271, 'loss': 0.08045145, 'lr': 0, 'params': 558673, 'time_iter': 0.0263, 'accuracy': 0.98104, 'precision': 0.53488, 'recall': 0.28395, 'f1': 0.37097, 'auc': 0.77781}
[gps/molhiv/seed=2] test: {'epoch': 16, 'time_epoch': 3.417, 'loss': 0.12381834, 'lr': 0, 'params': 558673, 'time_iter': 0.02649, 'accuracy': 0.96572, 'precision': 0.42667, 'recall': 0.24615, 'f1': 0.3122, 'auc': 0.78201}
[gps/molhiv/seed=2] > Epoch 16: took 106.7s (avg 106.3s) | Best so far: epoch 13	train_loss: 0.1090 train_auc: 0.8589	val_loss: 0.0786 val_auc: 0.7890	test_loss: 0.1125 test_auc: 0.7932
[event] unit_heartbeat unit=gps/molhiv/seed=2 elapsed_seconds=1890.0 lines=623 log_bytes=35005
[event] unit_heartbeat unit=gps/molhiv/seed=2 elapsed_seconds=1950.1 lines=623 log_bytes=35005
[gps/molhiv/seed=2] train: {'epoch': 17, 'time_epoch': 99.67072, 'eta': 8142.1859, 'eta_hours': 2.26172, 'loss': 0.10086714, 'lr': 9.611e-05, 'params': 558673, 'time_iter': 0.09686, 'accuracy': 0.97058, 'precision': 0.71086, 'recall': 0.3612, 'f1': 0.47901, 'auc': 0.88374}
[gps/molhiv/seed=2] val: {'epoch': 17, 'time_epoch': 3.40977, 'loss': 0.0855062, 'lr': 0, 'params': 558673, 'time_iter': 0.02643, 'accuracy': 0.97958, 'precision': 0.47458, 'recall': 0.34568, 'f1': 0.4, 'auc': 0.77237}
[gps/molhiv/seed=2] test: {'epoch': 17, 'time_epoch': 3.40419, 'loss': 0.12270949, 'lr': 0, 'params': 558673, 'time_iter': 0.02639, 'accuracy': 0.96596, 'precision': 0.4359, 'recall': 0.26154, 'f1': 0.32692, 'auc': 0.78467}
[gps/molhiv/seed=2] > Epoch 17: took 106.6s (avg 106.3s) | Best so far: epoch 13	train_loss: 0.1090 train_auc: 0.8589	val_loss: 0.0786 val_auc: 0.7890	test_loss: 0.1125 test_auc: 0.7932
[event] unit_heartbeat unit=gps/molhiv/seed=2 elapsed_seconds=2011.7 lines=627 log_bytes=35828
[event] unit_heartbeat unit=gps/molhiv/seed=2 elapsed_seconds=2071.7 lines=627 log_bytes=35828
[gps/molhiv/seed=2] train: {'epoch': 18, 'time_epoch': 99.53804, 'eta': 8043.92729, 'eta_hours': 2.23442, 'loss': 0.10017179, 'lr': 9.545e-05, 'params': 558673, 'time_iter': 0.09673, 'accuracy': 0.97116, 'precision': 0.7264, 'recall': 0.36851, 'f1': 0.48896, 'auc': 0.88625}
[gps/molhiv/seed=2] val: {'epoch': 18, 'time_epoch': 3.43396, 'loss': 0.08088585, 'lr': 0, 'params': 558673, 'time_iter': 0.02662, 'accuracy': 0.98152, 'precision': 0.56098, 'recall': 0.28395, 'f1': 0.37705, 'auc': 0.74407}
[gps/molhiv/seed=2] test: {'epoch': 18, 'time_epoch': 3.37389, 'loss': 0.11272552, 'lr': 0, 'params': 558673, 'time_iter': 0.02615, 'accuracy': 0.97034, 'precision': 0.55714, 'recall': 0.3, 'f1': 0.39, 'auc': 0.79576}
[gps/molhiv/seed=2] > Epoch 18: took 106.5s (avg 106.4s) | Best so far: epoch 13	train_loss: 0.1090 train_auc: 0.8589	val_loss: 0.0786 val_auc: 0.7890	test_loss: 0.1125 test_auc: 0.7932
[event] unit_heartbeat unit=gps/molhiv/seed=2 elapsed_seconds=2133.2 lines=631 log_bytes=36651
[gps/molhiv/seed=2] train: {'epoch': 19, 'time_epoch': 99.1523, 'eta': 7943.99778, 'eta_hours': 2.20667, 'loss': 0.09758598, 'lr': 9.474e-05, 'params': 558673, 'time_iter': 0.09636, 'accuracy': 0.97189, 'precision': 0.75123, 'recall': 0.37256, 'f1': 0.4981, 'auc': 0.89285}
[gps/molhiv/seed=2] val: {'epoch': 19, 'time_epoch': 3.37019, 'loss': 0.08099317, 'lr': 0, 'params': 558673, 'time_iter': 0.02613, 'accuracy': 0.98298, 'precision': 0.7037, 'recall': 0.23457, 'f1': 0.35185, 'auc': 0.74789}
[gps/molhiv/seed=2] test: {'epoch': 19, 'time_epoch': 3.4195, 'loss': 0.1269365, 'lr': 0, 'params': 558673, 'time_iter': 0.02651, 'accuracy': 0.96766, 'precision': 0.46939, 'recall': 0.17692, 'f1': 0.25698, 'auc': 0.77341}
[event] unit_heartbeat unit=gps/molhiv/seed=2 elapsed_seconds=2194.3 lines=634 log_bytes=37311
[gps/molhiv/seed=2] > Epoch 19: took 106.1s (avg 106.3s) | Best so far: epoch 13	train_loss: 0.1090 train_auc: 0.8589	val_loss: 0.0786 val_auc: 0.7890	test_loss: 0.1125 test_auc: 0.7932
[event] unit_heartbeat unit=gps/molhiv/seed=2 elapsed_seconds=2254.3 lines=635 log_bytes=37477
[gps/molhiv/seed=2] train: {'epoch': 20, 'time_epoch': 98.4334, 'eta': 7841.43784, 'eta_hours': 2.17818, 'loss': 0.09623962, 'lr': 9.397e-05, 'params': 558673, 'time_iter': 0.09566, 'accuracy': 0.97143, 'precision': 0.72813, 'recall': 0.37825, 'f1': 0.49786, 'auc': 0.90138}
[gps/molhiv/seed=2] val: {'epoch': 20, 'time_epoch': 3.46224, 'loss': 0.08359309, 'lr': 0, 'params': 558673, 'time_iter': 0.02684, 'accuracy': 0.97982, 'precision': 0.48333, 'recall': 0.35802, 'f1': 0.41135, 'auc': 0.79339}
[gps/molhiv/seed=2] test: {'epoch': 20, 'time_epoch': 3.38611, 'loss': 0.12523265, 'lr': 0, 'params': 558673, 'time_iter': 0.02625, 'accuracy': 0.96523, 'precision': 0.43158, 'recall': 0.31538, 'f1': 0.36444, 'auc': 0.7766}
[gps/molhiv/seed=2] > Epoch 20: took 105.4s (avg 106.3s) | Best so far: epoch 20	train_loss: 0.0962 train_auc: 0.9014	val_loss: 0.0836 val_auc: 0.7934	test_loss: 0.1252 test_auc: 0.7766
[event] unit_heartbeat unit=gps/molhiv/seed=2 elapsed_seconds=2314.7 lines=639 log_bytes=38306
[event] unit_heartbeat unit=gps/molhiv/seed=2 elapsed_seconds=2374.8 lines=639 log_bytes=38306
[gps/molhiv/seed=2] train: {'epoch': 21, 'time_epoch': 98.82, 'eta': 7740.62374, 'eta_hours': 2.15017, 'loss': 0.09475315, 'lr': 9.316e-05, 'params': 558673, 'time_iter': 0.09603, 'accuracy': 0.97234, 'precision': 0.74923, 'recall': 0.39286, 'f1': 0.51544, 'auc': 0.90902}
[gps/molhiv/seed=2] val: {'epoch': 21, 'time_epoch': 3.4077, 'loss': 0.07769602, 'lr': 0, 'params': 558673, 'time_iter': 0.02642, 'accuracy': 0.98225, 'precision': 0.58696, 'recall': 0.33333, 'f1': 0.4252, 'auc': 0.80473}
[gps/molhiv/seed=2] test: {'epoch': 21, 'time_epoch': 3.43023, 'loss': 0.11968809, 'lr': 0, 'params': 558673, 'time_iter': 0.02659, 'accuracy': 0.96766, 'precision': 0.47761, 'recall': 0.24615, 'f1': 0.32487, 'auc': 0.80415}
[gps/molhiv/seed=2] > Epoch 21: took 105.8s (avg 106.3s) | Best so far: epoch 21	train_loss: 0.0948 train_auc: 0.9090	val_loss: 0.0777 val_auc: 0.8047	test_loss: 0.1197 test_auc: 0.8042
[event] unit_heartbeat unit=gps/molhiv/seed=2 elapsed_seconds=2435.5 lines=643 log_bytes=39132
[event] unit_heartbeat unit=gps/molhiv/seed=2 elapsed_seconds=2495.6 lines=643 log_bytes=39132
[gps/molhiv/seed=2] train: {'epoch': 22, 'time_epoch': 99.73849, 'eta': 7643.05797, 'eta_hours': 2.12307, 'loss': 0.09340507, 'lr': 9.23e-05, 'params': 558673, 'time_iter': 0.09693, 'accuracy': 0.97289, 'precision': 0.75074, 'recall': 0.41315, 'f1': 0.53298, 'auc': 0.91059}
[gps/molhiv/seed=2] val: {'epoch': 22, 'time_epoch': 3.38593, 'loss': 0.07346337, 'lr': 0, 'params': 558673, 'time_iter': 0.02625, 'accuracy': 0.98177, 'precision': 0.5625, 'recall': 0.33333, 'f1': 0.4186, 'auc': 0.81891}
[gps/molhiv/seed=2] test: {'epoch': 22, 'time_epoch': 3.40939, 'loss': 0.12537096, 'lr': 0, 'params': 558673, 'time_iter': 0.02643, 'accuracy': 0.96888, 'precision': 0.52, 'recall': 0.2, 'f1': 0.28889, 'auc': 0.77519}
[gps/molhiv/seed=2] > Epoch 22: took 106.7s (avg 106.3s) | Best so far: epoch 22	train_loss: 0.0934 train_auc: 0.9106	val_loss: 0.0735 val_auc: 0.8189	test_loss: 0.1254 test_auc: 0.7752
[event] unit_heartbeat unit=gps/molhiv/seed=2 elapsed_seconds=2557.2 lines=647 log_bytes=39953
[gps/molhiv/seed=2] train: {'epoch': 23, 'time_epoch': 99.06409, 'eta': 7543.17554, 'eta_hours': 2.09533, 'loss': 0.09223547, 'lr': 9.14e-05, 'params': 558673, 'time_iter': 0.09627, 'accuracy': 0.97304, 'precision': 0.75405, 'recall': 0.41558, 'f1': 0.53585, 'auc': 0.91238}
[gps/molhiv/seed=2] val: {'epoch': 23, 'time_epoch': 3.41933, 'loss': 0.08930554, 'lr': 0, 'params': 558673, 'time_iter': 0.02651, 'accuracy': 0.97909, 'precision': 0.45283, 'recall': 0.2963, 'f1': 0.35821, 'auc': 0.78572}
[gps/molhiv/seed=2] test: {'epoch': 23, 'time_epoch': 3.38736, 'loss': 0.1277925, 'lr': 0, 'params': 558673, 'time_iter': 0.02626, 'accuracy': 0.96572, 'precision': 0.4321, 'recall': 0.26923, 'f1': 0.33175, 'auc': 0.78221}
[event] unit_heartbeat unit=gps/molhiv/seed=2 elapsed_seconds=2618.2 lines=650 log_bytes=40614
[gps/molhiv/seed=2] > Epoch 23: took 106.0s (avg 106.3s) | Best so far: epoch 22	train_loss: 0.0934 train_auc: 0.9106	val_loss: 0.0735 val_auc: 0.8189	test_loss: 0.1254 test_auc: 0.7752
[event] unit_heartbeat unit=gps/molhiv/seed=2 elapsed_seconds=2678.3 lines=651 log_bytes=40780
[gps/molhiv/seed=2] train: {'epoch': 24, 'time_epoch': 98.90514, 'eta': 7442.88171, 'eta_hours': 2.06747, 'loss': 0.09147619, 'lr': 9.045e-05, 'params': 558673, 'time_iter': 0.09612, 'accuracy': 0.97289, 'precision': 0.74011, 'recall': 0.42532, 'f1': 0.54021, 'auc': 0.91755}
[gps/molhiv/seed=2] val: {'epoch': 24, 'time_epoch': 3.36641, 'loss': 0.08752082, 'lr': 0, 'params': 558673, 'time_iter': 0.0261, 'accuracy': 0.97933, 'precision': 0.46296, 'recall': 0.30864, 'f1': 0.37037, 'auc': 0.75923}
[gps/molhiv/seed=2] test: {'epoch': 24, 'time_epoch': 3.30645, 'loss': 0.12600861, 'lr': 0, 'params': 558673, 'time_iter': 0.02563, 'accuracy': 0.96839, 'precision': 0.5, 'recall': 0.26154, 'f1': 0.34343, 'auc': 0.79716}
[gps/molhiv/seed=2] > Epoch 24: took 105.7s (avg 106.3s) | Best so far: epoch 22	train_loss: 0.0934 train_auc: 0.9106	val_loss: 0.0735 val_auc: 0.8189	test_loss: 0.1254 test_auc: 0.7752
[event] unit_heartbeat unit=gps/molhiv/seed=2 elapsed_seconds=2739.0 lines=655 log_bytes=41606
[event] unit_heartbeat unit=gps/molhiv/seed=2 elapsed_seconds=2799.0 lines=655 log_bytes=41606
[gps/molhiv/seed=2] train: {'epoch': 25, 'time_epoch': 98.79733, 'eta': 7342.38787, 'eta_hours': 2.03955, 'loss': 0.08941116, 'lr': 8.946e-05, 'params': 558673, 'time_iter': 0.09601, 'accuracy': 0.97337, 'precision': 0.75429, 'recall': 0.42857, 'f1': 0.54658, 'auc': 0.92407}
[gps/molhiv/seed=2] val: {'epoch': 25, 'time_epoch': 3.41479, 'loss': 0.08695833, 'lr': 0, 'params': 558673, 'time_iter': 0.02647, 'accuracy': 0.98031, 'precision': 0.5, 'recall': 0.30864, 'f1': 0.38168, 'auc': 0.77957}
[gps/molhiv/seed=2] test: {'epoch': 25, 'time_epoch': 3.61306, 'loss': 0.13346979, 'lr': 0, 'params': 558673, 'time_iter': 0.02801, 'accuracy': 0.96766, 'precision': 0.47692, 'recall': 0.23846, 'f1': 0.31795, 'auc': 0.76597}
[gps/molhiv/seed=2] > Epoch 25: took 106.0s (avg 106.3s) | Best so far: epoch 22	train_loss: 0.0934 train_auc: 0.9106	val_loss: 0.0735 val_auc: 0.8189	test_loss: 0.1254 test_auc: 0.7752
[event] unit_heartbeat unit=gps/molhiv/seed=2 elapsed_seconds=2860.0 lines=659 log_bytes=42433
[event] unit_heartbeat unit=gps/molhiv/seed=2 elapsed_seconds=2920.0 lines=659 log_bytes=42433
[gps/molhiv/seed=2] train: {'epoch': 26, 'time_epoch': 98.69858, 'eta': 7241.75272, 'eta_hours': 2.0116, 'loss': 0.08957281, 'lr': 8.842e-05, 'params': 558673, 'time_iter': 0.09592, 'accuracy': 0.97316, 'precision': 0.75253, 'recall': 0.42208, 'f1': 0.54082, 'auc': 0.92335}
[gps/molhiv/seed=2] val: {'epoch': 26, 'time_epoch': 3.37829, 'loss': 0.08856392, 'lr': 0, 'params': 558673, 'time_iter': 0.02619, 'accuracy': 0.98201, 'precision': 0.57778, 'recall': 0.32099, 'f1': 0.4127, 'auc': 0.72908}
[gps/molhiv/seed=2] test: {'epoch': 26, 'time_epoch': 3.44357, 'loss': 0.13073037, 'lr': 0, 'params': 558673, 'time_iter': 0.02669, 'accuracy': 0.96693, 'precision': 0.45946, 'recall': 0.26154, 'f1': 0.33333, 'auc': 0.78627}
[gps/molhiv/seed=2] > Epoch 26: took 105.7s (avg 106.2s) | Best so far: epoch 22	train_loss: 0.0934 train_auc: 0.9106	val_loss: 0.0735 val_auc: 0.8189	test_loss: 0.1254 test_auc: 0.7752
[event] unit_heartbeat unit=gps/molhiv/seed=2 elapsed_seconds=2980.7 lines=663 log_bytes=43262
[gps/molhiv/seed=2] train: {'epoch': 27, 'time_epoch': 98.49589, 'eta': 7140.73467, 'eta_hours': 1.98354, 'loss': 0.08798226, 'lr': 8.734e-05, 'params': 558673, 'time_iter': 0.09572, 'accuracy': 0.97353, 'precision': 0.75749, 'recall': 0.43101, 'f1': 0.54941, 'auc': 0.92557}
[gps/molhiv/seed=2] val: {'epoch': 27, 'time_epoch': 3.42646, 'loss': 0.08378111, 'lr': 0, 'params': 558673, 'time_iter': 0.02656, 'accuracy': 0.98249, 'precision': 0.62857, 'recall': 0.2716, 'f1': 0.37931, 'auc': 0.76966}
[gps/molhiv/seed=2] test: {'epoch': 27, 'time_epoch': 3.44908, 'loss': 0.13293672, 'lr': 0, 'params': 558673, 'time_iter': 0.02674, 'accuracy': 0.97009, 'precision': 0.57447, 'recall': 0.20769, 'f1': 0.30508, 'auc': 0.76468}
[event] unit_heartbeat unit=gps/molhiv/seed=2 elapsed_seconds=3041.2 lines=666 log_bytes=43926
[gps/molhiv/seed=2] > Epoch 27: took 105.5s (avg 106.2s) | Best so far: epoch 22	train_loss: 0.0934 train_auc: 0.9106	val_loss: 0.0735 val_auc: 0.8189	test_loss: 0.1254 test_auc: 0.7752
[event] unit_heartbeat unit=gps/molhiv/seed=2 elapsed_seconds=3101.2 lines=667 log_bytes=44092
[gps/molhiv/seed=2] train: {'epoch': 28, 'time_epoch': 98.81292, 'eta': 7040.66675, 'eta_hours': 1.95574, 'loss': 0.08535662, 'lr': 8.622e-05, 'params': 558673, 'time_iter': 0.09603, 'accuracy': 0.97392, 'precision': 0.75687, 'recall': 0.44724, 'f1': 0.56224, 'auc': 0.93647}
[gps/molhiv/seed=2] val: {'epoch': 28, 'time_epoch': 3.36537, 'loss': 0.08086679, 'lr': 0, 'params': 558673, 'time_iter': 0.02609, 'accuracy': 0.98079, 'precision': 0.52083, 'recall': 0.30864, 'f1': 0.3876, 'auc': 0.81673}
[gps/molhiv/seed=2] test: {'epoch': 28, 'time_epoch': 3.38904, 'loss': 0.13466592, 'lr': 0, 'params': 558673, 'time_iter': 0.02627, 'accuracy': 0.96499, 'precision': 0.41463, 'recall': 0.26154, 'f1': 0.32075, 'auc': 0.7608}
[gps/molhiv/seed=2] > Epoch 28: took 105.7s (avg 106.2s) | Best so far: epoch 22	train_loss: 0.0934 train_auc: 0.9106	val_loss: 0.0735 val_auc: 0.8189	test_loss: 0.1254 test_auc: 0.7752
[event] unit_heartbeat unit=gps/molhiv/seed=2 elapsed_seconds=3161.9 lines=671 log_bytes=44921
[event] unit_heartbeat unit=gps/molhiv/seed=2 elapsed_seconds=3222.0 lines=671 log_bytes=44921
[gps/molhiv/seed=2] train: {'epoch': 29, 'time_epoch': 98.39785, 'eta': 6939.71399, 'eta_hours': 1.9277, 'loss': 0.08354812, 'lr': 8.506e-05, 'params': 558673, 'time_iter': 0.09562, 'accuracy': 0.97441, 'precision': 0.76786, 'recall': 0.45373, 'f1': 0.57041, 'auc': 0.93787}
[gps/molhiv/seed=2] val: {'epoch': 29, 'time_epoch': 3.38316, 'loss': 0.08341874, 'lr': 0, 'params': 558673, 'time_iter': 0.02623, 'accuracy': 0.98249, 'precision': 0.63636, 'recall': 0.25926, 'f1': 0.36842, 'auc': 0.7609}
[gps/molhiv/seed=2] test: {'epoch': 29, 'time_epoch': 3.38007, 'loss': 0.13817578, 'lr': 0, 'params': 558673, 'time_iter': 0.0262, 'accuracy': 0.96815, 'precision': 0.48936, 'recall': 0.17692, 'f1': 0.25989, 'auc': 0.75948}
[gps/molhiv/seed=2] > Epoch 29: took 105.3s (avg 106.2s) | Best so far: epoch 22	train_loss: 0.0934 train_auc: 0.9106	val_loss: 0.0735 val_auc: 0.8189	test_loss: 0.1254 test_auc: 0.7752
[event] unit_heartbeat unit=gps/molhiv/seed=2 elapsed_seconds=3282.2 lines=675 log_bytes=45749
[event] unit_heartbeat unit=gps/molhiv/seed=2 elapsed_seconds=3342.3 lines=675 log_bytes=45749
[gps/molhiv/seed=2] train: {'epoch': 30, 'time_epoch': 98.11993, 'eta': 6838.30746, 'eta_hours': 1.89953, 'loss': 0.08368058, 'lr': 8.386e-05, 'params': 558673, 'time_iter': 0.09535, 'accuracy': 0.97368, 'precision': 0.75417, 'recall': 0.44075, 'f1': 0.55635, 'auc': 0.93914}
[gps/molhiv/seed=2] val: {'epoch': 30, 'time_epoch': 3.42084, 'loss': 0.08098583, 'lr': 0, 'params': 558673, 'time_iter': 0.02652, 'accuracy': 0.97982, 'precision': 0.48148, 'recall': 0.32099, 'f1': 0.38519, 'auc': 0.8089}
[gps/molhiv/seed=2] test: {'epoch': 30, 'time_epoch': 3.48588, 'loss': 0.134217, 'lr': 0, 'params': 558673, 'time_iter': 0.02702, 'accuracy': 0.9645, 'precision': 0.41837, 'recall': 0.31538, 'f1': 0.35965, 'auc': 0.79029}
[gps/molhiv/seed=2] > Epoch 30: took 105.2s (avg 106.1s) | Best so far: epoch 22	train_loss: 0.0934 train_auc: 0.9106	val_loss: 0.0735 val_auc: 0.8189	test_loss: 0.1254 test_auc: 0.7752
[event] unit_heartbeat unit=gps/molhiv/seed=2 elapsed_seconds=3402.4 lines=679 log_bytes=46576
[gps/molhiv/seed=2] train: {'epoch': 31, 'time_epoch': 95.19065, 'eta': 6730.88164, 'eta_hours': 1.86969, 'loss': 0.08307547, 'lr': 8.263e-05, 'params': 558673, 'time_iter': 0.09251, 'accuracy': 0.97392, 'precision': 0.76117, 'recall': 0.44237, 'f1': 0.55955, 'auc': 0.94071}
[gps/molhiv/seed=2] val: {'epoch': 31, 'time_epoch': 3.26211, 'loss': 0.08526187, 'lr': 0, 'params': 558673, 'time_iter': 0.02529, 'accuracy': 0.98079, 'precision': 0.52632, 'recall': 0.24691, 'f1': 0.33613, 'auc': 0.78966}
[gps/molhiv/seed=2] test: {'epoch': 31, 'time_epoch': 3.23523, 'loss': 0.14460614, 'lr': 0, 'params': 558673, 'time_iter': 0.02508, 'accuracy': 0.96888, 'precision': 0.51613, 'recall': 0.24615, 'f1': 0.33333, 'auc': 0.75019}
[gps/molhiv/seed=2] > Epoch 31: took 101.8s (avg 106.0s) | Best so far: epoch 22	train_loss: 0.0934 train_auc: 0.9106	val_loss: 0.0735 val_auc: 0.8189	test_loss: 0.1254 test_auc: 0.7752
[event] unit_heartbeat unit=gps/molhiv/seed=2 elapsed_seconds=3464.2 lines=683 log_bytes=47407
[event] unit_heartbeat unit=gps/molhiv/seed=2 elapsed_seconds=3524.3 lines=683 log_bytes=47407
[gps/molhiv/seed=2] train: {'epoch': 32, 'time_epoch': 93.38144, 'eta': 6620.5241, 'eta_hours': 1.83903, 'loss': 0.07922043, 'lr': 8.136e-05, 'params': 558673, 'time_iter': 0.09075, 'accuracy': 0.97505, 'precision': 0.76863, 'recall': 0.47727, 'f1': 0.58888, 'auc': 0.94458}
[gps/molhiv/seed=2] val: {'epoch': 32, 'time_epoch': 3.3397, 'loss': 0.08481006, 'lr': 0, 'params': 558673, 'time_iter': 0.02589, 'accuracy': 0.98177, 'precision': 0.57895, 'recall': 0.2716, 'f1': 0.36975, 'auc': 0.78556}
[gps/molhiv/seed=2] test: {'epoch': 32, 'time_epoch': 3.3872, 'loss': 0.14497998, 'lr': 0, 'params': 558673, 'time_iter': 0.02626, 'accuracy': 0.96766, 'precision': 0.47761, 'recall': 0.24615, 'f1': 0.32487, 'auc': 0.76753}
[gps/molhiv/seed=2] > Epoch 32: took 100.2s (avg 105.8s) | Best so far: epoch 22	train_loss: 0.0934 train_auc: 0.9106	val_loss: 0.0735 val_auc: 0.8189	test_loss: 0.1254 test_auc: 0.7752
[event] unit_heartbeat unit=gps/molhiv/seed=2 elapsed_seconds=3584.5 lines=687 log_bytes=48234
[event] unit_heartbeat unit=gps/molhiv/seed=2 elapsed_seconds=3644.5 lines=687 log_bytes=48234
[gps/molhiv/seed=2] train: {'epoch': 33, 'time_epoch': 92.65984, 'eta': 6509.76439, 'eta_hours': 1.80827, 'loss': 0.07996934, 'lr': 8.005e-05, 'params': 558673, 'time_iter': 0.09005, 'accuracy': 0.97477, 'precision': 0.768, 'recall': 0.46753, 'f1': 0.58123, 'auc': 0.94663}
[gps/molhiv/seed=2] val: {'epoch': 33, 'time_epoch': 3.28403, 'loss': 0.08918491, 'lr': 0, 'params': 558673, 'time_iter': 0.02546, 'accuracy': 0.97812, 'precision': 0.42373, 'recall': 0.30864, 'f1': 0.35714, 'auc': 0.78241}
[gps/molhiv/seed=2] test: {'epoch': 33, 'time_epoch': 3.25818, 'loss': 0.14064707, 'lr': 0, 'params': 558673, 'time_iter': 0.02526, 'accuracy': 0.96572, 'precision': 0.42466, 'recall': 0.23846, 'f1': 0.30542, 'auc': 0.77945}
[gps/molhiv/seed=2] > Epoch 33: took 99.3s (avg 105.6s) | Best so far: epoch 22	train_loss: 0.0934 train_auc: 0.9106	val_loss: 0.0735 val_auc: 0.8189	test_loss: 0.1254 test_auc: 0.7752
[event] unit_heartbeat unit=gps/molhiv/seed=2 elapsed_seconds=3708.8 lines=691 log_bytes=49062
[gps/molhiv/seed=2] train: {'epoch': 34, 'time_epoch': 92.97472, 'eta': 6400.62374, 'eta_hours': 1.77795, 'loss': 0.0785152, 'lr': 7.872e-05, 'params': 558673, 'time_iter': 0.09035, 'accuracy': 0.97508, 'precision': 0.76893, 'recall': 0.47808, 'f1': 0.58959, 'auc': 0.94892}
[gps/molhiv/seed=2] val: {'epoch': 34, 'time_epoch': 3.26727, 'loss': 0.08296663, 'lr': 0, 'params': 558673, 'time_iter': 0.02533, 'accuracy': 0.98152, 'precision': 0.57576, 'recall': 0.23457, 'f1': 0.33333, 'auc': 0.79799}
[gps/molhiv/seed=2] test: {'epoch': 34, 'time_epoch': 3.26046, 'loss': 0.14492908, 'lr': 0, 'params': 558673, 'time_iter': 0.02527, 'accuracy': 0.96864, 'precision': 0.50847, 'recall': 0.23077, 'f1': 0.31746, 'auc': 0.77058}
[gps/molhiv/seed=2] > Epoch 34: took 99.6s (avg 105.5s) | Best so far: epoch 22	train_loss: 0.0934 train_auc: 0.9106	val_loss: 0.0735 val_auc: 0.8189	test_loss: 0.1254 test_auc: 0.7752
[event] unit_heartbeat unit=gps/molhiv/seed=2 elapsed_seconds=3773.4 lines=695 log_bytes=49891
[event] unit_heartbeat unit=gps/molhiv/seed=2 elapsed_seconds=3833.5 lines=695 log_bytes=49891
[gps/molhiv/seed=2] train: {'epoch': 35, 'time_epoch': 92.71266, 'eta': 6291.91531, 'eta_hours': 1.74775, 'loss': 0.07611838, 'lr': 7.735e-05, 'params': 558673, 'time_iter': 0.0901, 'accuracy': 0.97526, 'precision': 0.75676, 'recall': 0.5, 'f1': 0.60215, 'auc': 0.95163}
[gps/molhiv/seed=2] val: {'epoch': 35, 'time_epoch': 3.25554, 'loss': 0.08930414, 'lr': 0, 'params': 558673, 'time_iter': 0.02524, 'accuracy': 0.98152, 'precision': 0.57576, 'recall': 0.23457, 'f1': 0.33333, 'auc': 0.77565}
[gps/molhiv/seed=2] test: {'epoch': 35, 'time_epoch': 3.27363, 'loss': 0.14408092, 'lr': 0, 'params': 558673, 'time_iter': 0.02538, 'accuracy': 0.96864, 'precision': 0.50794, 'recall': 0.24615, 'f1': 0.33161, 'auc': 0.77217}
[gps/molhiv/seed=2] > Epoch 35: took 99.4s (avg 105.3s) | Best so far: epoch 22	train_loss: 0.0934 train_auc: 0.9106	val_loss: 0.0735 val_auc: 0.8189	test_loss: 0.1254 test_auc: 0.7752
[event] unit_heartbeat unit=gps/molhiv/seed=2 elapsed_seconds=3897.8 lines=699 log_bytes=50716
[gps/molhiv/seed=2] train: {'epoch': 36, 'time_epoch': 92.97474, 'eta': 6184.51777, 'eta_hours': 1.71792, 'loss': 0.07518317, 'lr': 7.595e-05, 'params': 558673, 'time_iter': 0.09035, 'accuracy': 0.97572, 'precision': 0.78449, 'recall': 0.48458, 'f1': 0.5991, 'auc': 0.95658}
[gps/molhiv/seed=2] val: {'epoch': 36, 'time_epoch': 3.28891, 'loss': 0.08599074, 'lr': 0, 'params': 558673, 'time_iter': 0.0255, 'accuracy': 0.98079, 'precision': 0.52083, 'recall': 0.30864, 'f1': 0.3876, 'auc': 0.79625}
[gps/molhiv/seed=2] test: {'epoch': 36, 'time_epoch': 3.2924, 'loss': 0.1426945, 'lr': 0, 'params': 558673, 'time_iter': 0.02552, 'accuracy': 0.9662, 'precision': 0.45161, 'recall': 0.32308, 'f1': 0.37668, 'auc': 0.77983}
[gps/molhiv/seed=2] > Epoch 36: took 99.7s (avg 105.1s) | Best so far: epoch 22	train_loss: 0.0934 train_auc: 0.9106	val_loss: 0.0735 val_auc: 0.8189	test_loss: 0.1254 test_auc: 0.7752
[event] unit_heartbeat unit=gps/molhiv/seed=2 elapsed_seconds=3962.5 lines=703 log_bytes=51540
[event] unit_heartbeat unit=gps/molhiv/seed=2 elapsed_seconds=4022.6 lines=703 log_bytes=51540
[gps/molhiv/seed=2] train: {'epoch': 37, 'time_epoch': 95.32814, 'eta': 6081.71907, 'eta_hours': 1.68937, 'loss': 0.07347172, 'lr': 7.452e-05, 'params': 558673, 'time_iter': 0.09264, 'accuracy': 0.97711, 'precision': 0.79752, 'recall': 0.5211, 'f1': 0.63034, 'auc': 0.95759}
[gps/molhiv/seed=2] val: {'epoch': 37, 'time_epoch': 3.44854, 'loss': 0.08455373, 'lr': 0, 'params': 558673, 'time_iter': 0.02673, 'accuracy': 0.98177, 'precision': 0.56522, 'recall': 0.32099, 'f1': 0.40945, 'auc': 0.78354}
[gps/molhiv/seed=2] test: {'epoch': 37, 'time_epoch': 3.35294, 'loss': 0.1429365, 'lr': 0, 'params': 558673, 'time_iter': 0.02599, 'accuracy': 0.96888, 'precision': 0.51562, 'recall': 0.25385, 'f1': 0.34021, 'auc': 0.77004}
[gps/molhiv/seed=2] > Epoch 37: took 102.3s (avg 105.1s) | Best so far: epoch 22	train_loss: 0.0934 train_auc: 0.9106	val_loss: 0.0735 val_auc: 0.8189	test_loss: 0.1254 test_auc: 0.7752
[event] unit_heartbeat unit=gps/molhiv/seed=2 elapsed_seconds=4084.8 lines=707 log_bytes=52369
[event] unit_heartbeat unit=gps/molhiv/seed=2 elapsed_seconds=4144.9 lines=707 log_bytes=52369
[gps/molhiv/seed=2] train: {'epoch': 38, 'time_epoch': 96.03218, 'eta': 5980.40468, 'eta_hours': 1.66122, 'loss': 0.07486364, 'lr': 7.307e-05, 'params': 558673, 'time_iter': 0.09333, 'accuracy': 0.97599, 'precision': 0.78406, 'recall': 0.49513, 'f1': 0.60697, 'auc': 0.95592}
[gps/molhiv/seed=2] val: {'epoch': 38, 'time_epoch': 3.27147, 'loss': 0.08980912, 'lr': 0, 'params': 558673, 'time_iter': 0.02536, 'accuracy': 0.97982, 'precision': 0.47917, 'recall': 0.28395, 'f1': 0.35659, 'auc': 0.77119}
[gps/molhiv/seed=2] test: {'epoch': 38, 'time_epoch': 3.28901, 'loss': 0.14608107, 'lr': 0, 'params': 558673, 'time_iter': 0.0255, 'accuracy': 0.96548, 'precision': 0.42308, 'recall': 0.25385, 'f1': 0.31731, 'auc': 0.77811}
[gps/molhiv/seed=2] > Epoch 38: took 102.7s (avg 105.0s) | Best so far: epoch 22	train_loss: 0.0934 train_auc: 0.9106	val_loss: 0.0735 val_auc: 0.8189	test_loss: 0.1254 test_auc: 0.7752
[event] unit_heartbeat unit=gps/molhiv/seed=2 elapsed_seconds=4207.6 lines=711 log_bytes=53199
[gps/molhiv/seed=2] train: {'epoch': 39, 'time_epoch': 94.45677, 'eta': 5876.99128, 'eta_hours': 1.6325, 'loss': 0.0743188, 'lr': 7.159e-05, 'params': 558673, 'time_iter': 0.09179, 'accuracy': 0.97657, 'precision': 0.78849, 'recall': 0.51136, 'f1': 0.62038, 'auc': 0.95768}
[gps/molhiv/seed=2] val: {'epoch': 39, 'time_epoch': 3.26357, 'loss': 0.09127737, 'lr': 0, 'params': 558673, 'time_iter': 0.0253, 'accuracy': 0.98031, 'precision': 0.5, 'recall': 0.2963, 'f1': 0.37209, 'auc': 0.758}
[gps/molhiv/seed=2] test: {'epoch': 39, 'time_epoch': 3.36818, 'loss': 0.14726433, 'lr': 0, 'params': 558673, 'time_iter': 0.02611, 'accuracy': 0.96693, 'precision': 0.46154, 'recall': 0.27692, 'f1': 0.34615, 'auc': 0.7725}
[gps/molhiv/seed=2] > Epoch 39: took 101.2s (avg 104.9s) | Best so far: epoch 22	train_loss: 0.0934 train_auc: 0.9106	val_loss: 0.0735 val_auc: 0.8189	test_loss: 0.1254 test_auc: 0.7752
[event] unit_heartbeat unit=gps/molhiv/seed=2 elapsed_seconds=4268.7 lines=715 log_bytes=54019
[event] unit_heartbeat unit=gps/molhiv/seed=2 elapsed_seconds=4328.8 lines=715 log_bytes=54019
[gps/molhiv/seed=2] train: {'epoch': 40, 'time_epoch': 94.30093, 'eta': 5773.79053, 'eta_hours': 1.60383, 'loss': 0.07106302, 'lr': 7.008e-05, 'params': 558673, 'time_iter': 0.09164, 'accuracy': 0.97763, 'precision': 0.80392, 'recall': 0.53247, 'f1': 0.64062, 'auc': 0.95854}
[gps/molhiv/seed=2] val: {'epoch': 40, 'time_epoch': 3.24721, 'loss': 0.08521714, 'lr': 0, 'params': 558673, 'time_iter': 0.02517, 'accuracy': 0.98104, 'precision': 0.53191, 'recall': 0.30864, 'f1': 0.39062, 'auc': 0.79116}
[gps/molhiv/seed=2] test: {'epoch': 40, 'time_epoch': 3.39221, 'loss': 0.14516582, 'lr': 0, 'params': 558673, 'time_iter': 0.0263, 'accuracy': 0.96766, 'precision': 0.48052, 'recall': 0.28462, 'f1': 0.35749, 'auc': 0.78408}
[gps/molhiv/seed=2] > Epoch 40: took 101.1s (avg 104.8s) | Best so far: epoch 22	train_loss: 0.0934 train_auc: 0.9106	val_loss: 0.0735 val_auc: 0.8189	test_loss: 0.1254 test_auc: 0.7752
[event] unit_heartbeat unit=gps/molhiv/seed=2 elapsed_seconds=4389.8 lines=719 log_bytes=54849
[event] unit_heartbeat unit=gps/molhiv/seed=2 elapsed_seconds=4449.9 lines=719 log_bytes=54849
[gps/molhiv/seed=2] train: {'epoch': 41, 'time_epoch': 93.59309, 'eta': 5670.03609, 'eta_hours': 1.57501, 'loss': 0.06898835, 'lr': 6.856e-05, 'params': 558673, 'time_iter': 0.09096, 'accuracy': 0.97821, 'precision': 0.80765, 'recall': 0.5487, 'f1': 0.65346, 'auc': 0.96523}
[gps/molhiv/seed=2] val: {'epoch': 41, 'time_epoch': 3.26602, 'loss': 0.0873638, 'lr': 0, 'params': 558673, 'time_iter': 0.02532, 'accuracy': 0.97958, 'precision': 0.47273, 'recall': 0.32099, 'f1': 0.38235, 'auc': 0.79217}
[gps/molhiv/seed=2] test: {'epoch': 41, 'time_epoch': 3.35004, 'loss': 0.15303033, 'lr': 0, 'params': 558673, 'time_iter': 0.02597, 'accuracy': 0.96572, 'precision': 0.42857, 'recall': 0.25385, 'f1': 0.31884, 'auc': 0.7764}
[gps/molhiv/seed=2] > Epoch 41: took 100.3s (avg 104.7s) | Best so far: epoch 22	train_loss: 0.0934 train_auc: 0.9106	val_loss: 0.0735 val_auc: 0.8189	test_loss: 0.1254 test_auc: 0.7752
[event] unit_heartbeat unit=gps/molhiv/seed=2 elapsed_seconds=4510.2 lines=723 log_bytes=55677
[gps/molhiv/seed=2] train: {'epoch': 42, 'time_epoch': 93.9538, 'eta': 5567.23243, 'eta_hours': 1.54645, 'loss': 0.0695614, 'lr': 6.701e-05, 'params': 558673, 'time_iter': 0.09131, 'accuracy': 0.97672, 'precision': 0.78695, 'recall': 0.51867, 'f1': 0.62524, 'auc': 0.96526}
[gps/molhiv/seed=2] val: {'epoch': 42, 'time_epoch': 3.38474, 'loss': 0.09510719, 'lr': 0, 'params': 558673, 'time_iter': 0.02624, 'accuracy': 0.97544, 'precision': 0.34848, 'recall': 0.28395, 'f1': 0.31293, 'auc': 0.79758}
[gps/molhiv/seed=2] test: {'epoch': 42, 'time_epoch': 3.23289, 'loss': 0.16120398, 'lr': 0, 'params': 558673, 'time_iter': 0.02506, 'accuracy': 0.96475, 'precision': 0.41176, 'recall': 0.26923, 'f1': 0.32558, 'auc': 0.77204}
[gps/molhiv/seed=2] > Epoch 42: took 100.7s (avg 104.6s) | Best so far: epoch 22	train_loss: 0.0934 train_auc: 0.9106	val_loss: 0.0735 val_auc: 0.8189	test_loss: 0.1254 test_auc: 0.7752
[event] unit_heartbeat unit=gps/molhiv/seed=2 elapsed_seconds=4570.9 lines=727 log_bytes=56506
[event] unit_heartbeat unit=gps/molhiv/seed=2 elapsed_seconds=4630.9 lines=727 log_bytes=56506
[gps/molhiv/seed=2] train: {'epoch': 43, 'time_epoch': 95.75267, 'eta': 5467.1205, 'eta_hours': 1.51864, 'loss': 0.06759384, 'lr': 6.545e-05, 'params': 558673, 'time_iter': 0.09305, 'accuracy': 0.97769, 'precision': 0.79502, 'recall': 0.54464, 'f1': 0.64644, 'auc': 0.96834}
[gps/molhiv/seed=2] val: {'epoch': 43, 'time_epoch': 3.45179, 'loss': 0.10045749, 'lr': 0, 'params': 558673, 'time_iter': 0.02676, 'accuracy': 0.97569, 'precision': 0.36986, 'recall': 0.33333, 'f1': 0.35065, 'auc': 0.77715}
[gps/molhiv/seed=2] test: {'epoch': 43, 'time_epoch': 3.61318, 'loss': 0.16366298, 'lr': 0, 'params': 558673, 'time_iter': 0.02801, 'accuracy': 0.96134, 'precision': 0.36937, 'recall': 0.31538, 'f1': 0.34025, 'auc': 0.78182}
[gps/molhiv/seed=2] > Epoch 43: took 103.0s (avg 104.6s) | Best so far: epoch 22	train_loss: 0.0934 train_auc: 0.9106	val_loss: 0.0735 val_auc: 0.8189	test_loss: 0.1254 test_auc: 0.7752
[event] unit_heartbeat unit=gps/molhiv/seed=2 elapsed_seconds=4693.9 lines=731 log_bytes=57336
[event] unit_heartbeat unit=gps/molhiv/seed=2 elapsed_seconds=4754.0 lines=731 log_bytes=57336
[gps/molhiv/seed=2] train: {'epoch': 44, 'time_epoch': 97.21586, 'eta': 5368.99065, 'eta_hours': 1.49139, 'loss': 0.06729838, 'lr': 6.387e-05, 'params': 558673, 'time_iter': 0.09448, 'accuracy': 0.97857, 'precision': 0.81785, 'recall': 0.55032, 'f1': 0.65793, 'auc': 0.96736}
[gps/molhiv/seed=2] val: {'epoch': 44, 'time_epoch': 3.29024, 'loss': 0.0961524, 'lr': 0, 'params': 558673, 'time_iter': 0.02551, 'accuracy': 0.97958, 'precision': 0.4717, 'recall': 0.30864, 'f1': 0.37313, 'auc': 0.79199}
[gps/molhiv/seed=2] test: {'epoch': 44, 'time_epoch': 3.41357, 'loss': 0.16370138, 'lr': 0, 'params': 558673, 'time_iter': 0.02646, 'accuracy': 0.96475, 'precision': 0.41573, 'recall': 0.28462, 'f1': 0.3379, 'auc': 0.77568}
[gps/molhiv/seed=2] > Epoch 44: took 104.1s (avg 104.6s) | Best so far: epoch 22	train_loss: 0.0934 train_auc: 0.9106	val_loss: 0.0735 val_auc: 0.8189	test_loss: 0.1254 test_auc: 0.7752
[event] unit_heartbeat unit=gps/molhiv/seed=2 elapsed_seconds=4818.0 lines=735 log_bytes=58164
[gps/molhiv/seed=2] train: {'epoch': 45, 'time_epoch': 96.78941, 'eta': 5270.39994, 'eta_hours': 1.464, 'loss': 0.0652818, 'lr': 6.227e-05, 'params': 558673, 'time_iter': 0.09406, 'accuracy': 0.97878, 'precision': 0.82641, 'recall': 0.5487, 'f1': 0.65951, 'auc': 0.96883}
[gps/molhiv/seed=2] val: {'epoch': 45, 'time_epoch': 3.36544, 'loss': 0.09388339, 'lr': 0, 'params': 558673, 'time_iter': 0.02609, 'accuracy': 0.98055, 'precision': 0.51064, 'recall': 0.2963, 'f1': 0.375, 'auc': 0.78964}
[gps/molhiv/seed=2] test: {'epoch': 45, 'time_epoch': 3.34252, 'loss': 0.16917736, 'lr': 0, 'params': 558673, 'time_iter': 0.02591, 'accuracy': 0.96572, 'precision': 0.43529, 'recall': 0.28462, 'f1': 0.34419, 'auc': 0.75969}
[gps/molhiv/seed=2] > Epoch 45: took 103.6s (avg 104.5s) | Best so far: epoch 22	train_loss: 0.0934 train_auc: 0.9106	val_loss: 0.0735 val_auc: 0.8189	test_loss: 0.1254 test_auc: 0.7752
[event] unit_heartbeat unit=gps/molhiv/seed=2 elapsed_seconds=4881.6 lines=739 log_bytes=58988
[event] unit_heartbeat unit=gps/molhiv/seed=2 elapsed_seconds=4941.6 lines=739 log_bytes=58988
[gps/molhiv/seed=2] train: {'epoch': 46, 'time_epoch': 98.70902, 'eta': 5174.05054, 'eta_hours': 1.43724, 'loss': 0.06316049, 'lr': 6.066e-05, 'params': 558673, 'time_iter': 0.09593, 'accuracy': 0.97897, 'precision': 0.81034, 'recall': 0.57224, 'f1': 0.67079, 'auc': 0.97286}
[gps/molhiv/seed=2] val: {'epoch': 46, 'time_epoch': 3.37719, 'loss': 0.09291558, 'lr': 0, 'params': 558673, 'time_iter': 0.02618, 'accuracy': 0.97763, 'precision': 0.41791, 'recall': 0.34568, 'f1': 0.37838, 'auc': 0.79502}
[gps/molhiv/seed=2] test: {'epoch': 46, 'time_epoch': 3.4613, 'loss': 0.15936702, 'lr': 0, 'params': 558673, 'time_iter': 0.02683, 'accuracy': 0.96353, 'precision': 0.39796, 'recall': 0.3, 'f1': 0.34211, 'auc': 0.78174}
[gps/molhiv/seed=2] > Epoch 46: took 105.7s (avg 104.6s) | Best so far: epoch 22	train_loss: 0.0934 train_auc: 0.9106	val_loss: 0.0735 val_auc: 0.8189	test_loss: 0.1254 test_auc: 0.7752
[event] unit_heartbeat unit=gps/molhiv/seed=2 elapsed_seconds=5002.3 lines=743 log_bytes=59814
[event] unit_heartbeat unit=gps/molhiv/seed=2 elapsed_seconds=5062.4 lines=743 log_bytes=59814
[gps/molhiv/seed=2] train: {'epoch': 47, 'time_epoch': 98.3978, 'eta': 5077.26567, 'eta_hours': 1.41035, 'loss': 0.06451768, 'lr': 5.904e-05, 'params': 558673, 'time_iter': 0.09562, 'accuracy': 0.97948, 'precision': 0.83037, 'recall': 0.56818, 'f1': 0.6747, 'auc': 0.97157}
[gps/molhiv/seed=2] val: {'epoch': 47, 'time_epoch': 3.35355, 'loss': 0.10408728, 'lr': 0, 'params': 558673, 'time_iter': 0.026, 'accuracy': 0.9769, 'precision': 0.38333, 'recall': 0.28395, 'f1': 0.32624, 'auc': 0.77509}
[gps/molhiv/seed=2] test: {'epoch': 47, 'time_epoch': 3.42275, 'loss': 0.17757169, 'lr': 0, 'params': 558673, 'time_iter': 0.02653, 'accuracy': 0.96207, 'precision': 0.35556, 'recall': 0.24615, 'f1': 0.29091, 'auc': 0.76385}
[gps/molhiv/seed=2] > Epoch 47: took 105.3s (avg 104.6s) | Best so far: epoch 22	train_loss: 0.0934 train_auc: 0.9106	val_loss: 0.0735 val_auc: 0.8189	test_loss: 0.1254 test_auc: 0.7752
[event] unit_heartbeat unit=gps/molhiv/seed=2 elapsed_seconds=5122.6 lines=747 log_bytes=60640
[event] unit_heartbeat unit=gps/molhiv/seed=2 elapsed_seconds=5182.7 lines=747 log_bytes=60640
[gps/molhiv/seed=2] train: {'epoch': 48, 'time_epoch': 98.67698, 'eta': 4980.70554, 'eta_hours': 1.38353, 'loss': 0.06240184, 'lr': 5.741e-05, 'params': 558673, 'time_iter': 0.0959, 'accuracy': 0.97967, 'precision': 0.81174, 'recall': 0.59497, 'f1': 0.68665, 'auc': 0.97345}
[gps/molhiv/seed=2] val: {'epoch': 48, 'time_epoch': 3.71648, 'loss': 0.09295416, 'lr': 0, 'params': 558673, 'time_iter': 0.02881, 'accuracy': 0.97909, 'precision': 0.45614, 'recall': 0.32099, 'f1': 0.37681, 'auc': 0.79384}
[gps/molhiv/seed=2] test: {'epoch': 48, 'time_epoch': 3.70388, 'loss': 0.16068861, 'lr': 0, 'params': 558673, 'time_iter': 0.02871, 'accuracy': 0.96523, 'precision': 0.42857, 'recall': 0.3, 'f1': 0.35294, 'auc': 0.76991}
[gps/molhiv/seed=2] > Epoch 48: took 106.2s (avg 104.6s) | Best so far: epoch 22	train_loss: 0.0934 train_auc: 0.9106	val_loss: 0.0735 val_auc: 0.8189	test_loss: 0.1254 test_auc: 0.7752
[event] unit_heartbeat unit=gps/molhiv/seed=2 elapsed_seconds=5243.9 lines=751 log_bytes=61466
[gps/molhiv/seed=2] train: {'epoch': 49, 'time_epoch': 98.83902, 'eta': 4884.22277, 'eta_hours': 1.35673, 'loss': 0.06307105, 'lr': 5.577e-05, 'params': 558673, 'time_iter': 0.09605, 'accuracy': 0.97951, 'precision': 0.81849, 'recall': 0.58198, 'f1': 0.68027, 'auc': 0.97284}
[gps/molhiv/seed=2] val: {'epoch': 49, 'time_epoch': 3.38582, 'loss': 0.09774697, 'lr': 0, 'params': 558673, 'time_iter': 0.02625, 'accuracy': 0.97642, 'precision': 0.37879, 'recall': 0.30864, 'f1': 0.34014, 'auc': 0.78538}
[gps/molhiv/seed=2] test: {'epoch': 49, 'time_epoch': 3.54157, 'loss': 0.16333312, 'lr': 0, 'params': 558673, 'time_iter': 0.02745, 'accuracy': 0.96402, 'precision': 0.40816, 'recall': 0.30769, 'f1': 0.35088, 'auc': 0.79003}
[gps/molhiv/seed=2] > Epoch 49: took 105.9s (avg 104.6s) | Best so far: epoch 22	train_loss: 0.0934 train_auc: 0.9106	val_loss: 0.0735 val_auc: 0.8189	test_loss: 0.1254 test_auc: 0.7752
[event] unit_heartbeat unit=gps/molhiv/seed=2 elapsed_seconds=5304.8 lines=755 log_bytes=62297
[event] unit_heartbeat unit=gps/molhiv/seed=2 elapsed_seconds=5364.8 lines=755 log_bytes=62297
[gps/molhiv/seed=2] train: {'epoch': 50, 'time_epoch': 99.18563, 'eta': 4787.98062, 'eta_hours': 1.32999, 'loss': 0.06205069, 'lr': 5.413e-05, 'params': 558673, 'time_iter': 0.09639, 'accuracy': 0.97985, 'precision': 0.8193, 'recall': 0.59253, 'f1': 0.68771, 'auc': 0.97333}
[gps/molhiv/seed=2] val: {'epoch': 50, 'time_epoch': 3.49413, 'loss': 0.09728909, 'lr': 0, 'params': 558673, 'time_iter': 0.02709, 'accuracy': 0.97909, 'precision': 0.45455, 'recall': 0.30864, 'f1': 0.36765, 'auc': 0.77928}
[gps/molhiv/seed=2] test: {'epoch': 50, 'time_epoch': 3.53046, 'loss': 0.16716172, 'lr': 0, 'params': 558673, 'time_iter': 0.02737, 'accuracy': 0.96499, 'precision': 0.41026, 'recall': 0.24615, 'f1': 0.30769, 'auc': 0.77214}
[gps/molhiv/seed=2] > Epoch 50: took 106.4s (avg 104.7s) | Best so far: epoch 22	train_loss: 0.0934 train_auc: 0.9106	val_loss: 0.0735 val_auc: 0.8189	test_loss: 0.1254 test_auc: 0.7752
[event] unit_heartbeat unit=gps/molhiv/seed=2 elapsed_seconds=5426.2 lines=759 log_bytes=63127
[event] unit_heartbeat unit=gps/molhiv/seed=2 elapsed_seconds=5486.2 lines=759 log_bytes=63127
[gps/molhiv/seed=2] train: {'epoch': 51, 'time_epoch': 98.41222, 'eta': 4690.91134, 'eta_hours': 1.30303, 'loss': 0.05993939, 'lr': 5.248e-05, 'params': 558673, 'time_iter': 0.09564, 'accuracy': 0.98052, 'precision': 0.82366, 'recall': 0.61039, 'f1': 0.70117, 'auc': 0.97492}
[gps/molhiv/seed=2] val: {'epoch': 51, 'time_epoch': 3.41254, 'loss': 0.10434459, 'lr': 0, 'params': 558673, 'time_iter': 0.02645, 'accuracy': 0.97788, 'precision': 0.42647, 'recall': 0.35802, 'f1': 0.38926, 'auc': 0.78632}
[gps/molhiv/seed=2] test: {'epoch': 51, 'time_epoch': 3.37235, 'loss': 0.17941851, 'lr': 0, 'params': 558673, 'time_iter': 0.02614, 'accuracy': 0.96329, 'precision': 0.40187, 'recall': 0.33077, 'f1': 0.36287, 'auc': 0.76399}
[gps/molhiv/seed=2] > Epoch 51: took 105.3s (avg 104.7s) | Best so far: epoch 22	train_loss: 0.0934 train_auc: 0.9106	val_loss: 0.0735 val_auc: 0.8189	test_loss: 0.1254 test_auc: 0.7752
[event] unit_heartbeat unit=gps/molhiv/seed=2 elapsed_seconds=5546.5 lines=763 log_bytes=63958
[event] unit_heartbeat unit=gps/molhiv/seed=2 elapsed_seconds=5606.6 lines=763 log_bytes=63958
[gps/molhiv/seed=2] train: {'epoch': 52, 'time_epoch': 98.53822, 'eta': 4593.90312, 'eta_hours': 1.27608, 'loss': 0.06102022, 'lr': 5.083e-05, 'params': 558673, 'time_iter': 0.09576, 'accuracy': 0.97918, 'precision': 0.80834, 'recall': 0.58198, 'f1': 0.67673, 'auc': 0.97631}
[gps/molhiv/seed=2] val: {'epoch': 52, 'time_epoch': 3.3572, 'loss': 0.09842895, 'lr': 0, 'params': 558673, 'time_iter': 0.02602, 'accuracy': 0.97788, 'precision': 0.42647, 'recall': 0.35802, 'f1': 0.38926, 'auc': 0.7916}
[gps/molhiv/seed=2] test: {'epoch': 52, 'time_epoch': 3.37087, 'loss': 0.17218919, 'lr': 0, 'params': 558673, 'time_iter': 0.02613, 'accuracy': 0.96402, 'precision': 0.40625, 'recall': 0.3, 'f1': 0.34513, 'auc': 0.77154}
[gps/molhiv/seed=2] > Epoch 52: took 105.4s (avg 104.7s) | Best so far: epoch 22	train_loss: 0.0934 train_auc: 0.9106	val_loss: 0.0735 val_auc: 0.8189	test_loss: 0.1254 test_auc: 0.7752
[event] unit_heartbeat unit=gps/molhiv/seed=2 elapsed_seconds=5666.9 lines=767 log_bytes=64783
[gps/molhiv/seed=2] train: {'epoch': 53, 'time_epoch': 98.04466, 'eta': 4496.4178, 'eta_hours': 1.249, 'loss': 0.05971806, 'lr': 4.917e-05, 'params': 558673, 'time_iter': 0.09528, 'accuracy': 0.97979, 'precision': 0.80583, 'recall': 0.60633, 'f1': 0.69199, 'auc': 0.97808}
[gps/molhiv/seed=2] val: {'epoch': 53, 'time_epoch': 3.46259, 'loss': 0.11041032, 'lr': 0, 'params': 558673, 'time_iter': 0.02684, 'accuracy': 0.97423, 'precision': 0.35632, 'recall': 0.38272, 'f1': 0.36905, 'auc': 0.7728}
[gps/molhiv/seed=2] test: {'epoch': 53, 'time_epoch': 3.61823, 'loss': 0.17790049, 'lr': 0, 'params': 558673, 'time_iter': 0.02805, 'accuracy': 0.96256, 'precision': 0.39091, 'recall': 0.33077, 'f1': 0.35833, 'auc': 0.77958}
[gps/molhiv/seed=2] > Epoch 53: took 105.3s (avg 104.7s) | Best so far: epoch 22	train_loss: 0.0934 train_auc: 0.9106	val_loss: 0.0735 val_auc: 0.8189	test_loss: 0.1254 test_auc: 0.7752
[event] unit_heartbeat unit=gps/molhiv/seed=2 elapsed_seconds=5727.2 lines=771 log_bytes=65610
[event] unit_heartbeat unit=gps/molhiv/seed=2 elapsed_seconds=5787.2 lines=771 log_bytes=65610
[gps/molhiv/seed=2] train: {'epoch': 54, 'time_epoch': 98.20801, 'eta': 4399.04578, 'eta_hours': 1.22196, 'loss': 0.05896702, 'lr': 4.752e-05, 'params': 558673, 'time_iter': 0.09544, 'accuracy': 0.98027, 'precision': 0.82068, 'recall': 0.60552, 'f1': 0.69687, 'auc': 0.97809}
[gps/molhiv/seed=2] val: {'epoch': 54, 'time_epoch': 3.33763, 'loss': 0.09939539, 'lr': 0, 'params': 558673, 'time_iter': 0.02587, 'accuracy': 0.98079, 'precision': 0.525, 'recall': 0.25926, 'f1': 0.34711, 'auc': 0.78531}
[gps/molhiv/seed=2] test: {'epoch': 54, 'time_epoch': 3.50896, 'loss': 0.17205953, 'lr': 0, 'params': 558673, 'time_iter': 0.0272, 'accuracy': 0.9662, 'precision': 0.44156, 'recall': 0.26154, 'f1': 0.3285, 'auc': 0.77216}
[gps/molhiv/seed=2] > Epoch 54: took 105.2s (avg 104.7s) | Best so far: epoch 22	train_loss: 0.0934 train_auc: 0.9106	val_loss: 0.0735 val_auc: 0.8189	test_loss: 0.1254 test_auc: 0.7752
[event] unit_heartbeat unit=gps/molhiv/seed=2 elapsed_seconds=5847.4 lines=775 log_bytes=66436
[event] unit_heartbeat unit=gps/molhiv/seed=2 elapsed_seconds=5907.5 lines=775 log_bytes=66436
[gps/molhiv/seed=2] train: {'epoch': 55, 'time_epoch': 97.80729, 'eta': 4301.32906, 'eta_hours': 1.19481, 'loss': 0.05849305, 'lr': 4.587e-05, 'params': 558673, 'time_iter': 0.09505, 'accuracy': 0.98046, 'precision': 0.83202, 'recall': 0.59903, 'f1': 0.69655, 'auc': 0.97886}
[gps/molhiv/seed=2] val: {'epoch': 55, 'time_epoch': 3.37094, 'loss': 0.09668777, 'lr': 0, 'params': 558673, 'time_iter': 0.02613, 'accuracy': 0.9786, 'precision': 0.43137, 'recall': 0.2716, 'f1': 0.33333, 'auc': 0.79851}
[gps/molhiv/seed=2] test: {'epoch': 55, 'time_epoch': 3.53334, 'loss': 0.169279, 'lr': 0, 'params': 558673, 'time_iter': 0.02739, 'accuracy': 0.96475, 'precision': 0.41935, 'recall': 0.3, 'f1': 0.34978, 'auc': 0.7835}
[gps/molhiv/seed=2] > Epoch 55: took 104.9s (avg 104.7s) | Best so far: epoch 22	train_loss: 0.0934 train_auc: 0.9106	val_loss: 0.0735 val_auc: 0.8189	test_loss: 0.1254 test_auc: 0.7752
[event] unit_heartbeat unit=gps/molhiv/seed=2 elapsed_seconds=5972.3 lines=779 log_bytes=67258
[gps/molhiv/seed=2] train: {'epoch': 56, 'time_epoch': 97.8364, 'eta': 4203.63112, 'eta_hours': 1.16768, 'loss': 0.05738182, 'lr': 4.423e-05, 'params': 558673, 'time_iter': 0.09508, 'accuracy': 0.98103, 'precision': 0.829, 'recall': 0.62175, 'f1': 0.71058, 'auc': 0.97843}
[gps/molhiv/seed=2] val: {'epoch': 56, 'time_epoch': 3.35473, 'loss': 0.10100159, 'lr': 0, 'params': 558673, 'time_iter': 0.02601, 'accuracy': 0.97544, 'precision': 0.37179, 'recall': 0.35802, 'f1': 0.36478, 'auc': 0.811}
[event] unit_heartbeat unit=gps/molhiv/seed=2 elapsed_seconds=6033.6 lines=781 log_bytes=67713
[gps/molhiv/seed=2] test: {'epoch': 56, 'time_epoch': 3.6286, 'loss': 0.18058121, 'lr': 0, 'params': 558673, 'time_iter': 0.02813, 'accuracy': 0.96183, 'precision': 0.37838, 'recall': 0.32308, 'f1': 0.34855, 'auc': 0.77281}
[gps/molhiv/seed=2] > Epoch 56: took 105.0s (avg 104.7s) | Best so far: epoch 22	train_loss: 0.0934 train_auc: 0.9106	val_loss: 0.0735 val_auc: 0.8189	test_loss: 0.1254 test_auc: 0.7752
[event] unit_heartbeat unit=gps/molhiv/seed=2 elapsed_seconds=6097.3 lines=783 log_bytes=68083
[gps/molhiv/seed=2] train: {'epoch': 57, 'time_epoch': 98.14594, 'eta': 4106.15255, 'eta_hours': 1.1406, 'loss': 0.054787, 'lr': 4.259e-05, 'params': 558673, 'time_iter': 0.09538, 'accuracy': 0.98164, 'precision': 0.83836, 'recall': 0.63149, 'f1': 0.72037, 'auc': 0.98144}
[gps/molhiv/seed=2] val: {'epoch': 57, 'time_epoch': 3.36273, 'loss': 0.09575429, 'lr': 0, 'params': 558673, 'time_iter': 0.02607, 'accuracy': 0.97715, 'precision': 0.4058, 'recall': 0.34568, 'f1': 0.37333, 'auc': 0.81065}
[gps/molhiv/seed=2] test: {'epoch': 57, 'time_epoch': 3.42132, 'loss': 0.17043408, 'lr': 0, 'params': 558673, 'time_iter': 0.02652, 'accuracy': 0.96353, 'precision': 0.40385, 'recall': 0.32308, 'f1': 0.35897, 'auc': 0.78814}
[gps/molhiv/seed=2] > Epoch 57: took 105.1s (avg 104.7s) | Best so far: epoch 22	train_loss: 0.0934 train_auc: 0.9106	val_loss: 0.0735 val_auc: 0.8189	test_loss: 0.1254 test_auc: 0.7752
[event] unit_heartbeat unit=gps/molhiv/seed=2 elapsed_seconds=6157.3 lines=787 log_bytes=68910
[event] unit_heartbeat unit=gps/molhiv/seed=2 elapsed_seconds=6217.4 lines=787 log_bytes=68910
[gps/molhiv/seed=2] train: {'epoch': 58, 'time_epoch': 98.26821, 'eta': 4008.73632, 'eta_hours': 1.11354, 'loss': 0.05376782, 'lr': 4.096e-05, 'params': 558673, 'time_iter': 0.0955, 'accuracy': 0.98155, 'precision': 0.83711, 'recall': 0.62987, 'f1': 0.71885, 'auc': 0.98287}
[gps/molhiv/seed=2] val: {'epoch': 58, 'time_epoch': 3.3281, 'loss': 0.09865065, 'lr': 0, 'params': 558673, 'time_iter': 0.0258, 'accuracy': 0.97812, 'precision': 0.42373, 'recall': 0.30864, 'f1': 0.35714, 'auc': 0.80846}
[gps/molhiv/seed=2] test: {'epoch': 58, 'time_epoch': 3.48725, 'loss': 0.185027, 'lr': 0, 'params': 558673, 'time_iter': 0.02703, 'accuracy': 0.96499, 'precision': 0.42391, 'recall': 0.3, 'f1': 0.35135, 'auc': 0.76903}
[gps/molhiv/seed=2] > Epoch 58: took 105.2s (avg 104.7s) | Best so far: epoch 22	train_loss: 0.0934 train_auc: 0.9106	val_loss: 0.0735 val_auc: 0.8189	test_loss: 0.1254 test_auc: 0.7752
[event] unit_heartbeat unit=gps/molhiv/seed=2 elapsed_seconds=6277.6 lines=791 log_bytes=69732
[event] unit_heartbeat unit=gps/molhiv/seed=2 elapsed_seconds=6337.6 lines=791 log_bytes=69732
[gps/molhiv/seed=2] train: {'epoch': 59, 'time_epoch': 98.88304, 'eta': 3911.70159, 'eta_hours': 1.08658, 'loss': 0.05420851, 'lr': 3.934e-05, 'params': 558673, 'time_iter': 0.0961, 'accuracy': 0.98179, 'precision': 0.8444, 'recall': 0.62987, 'f1': 0.72152, 'auc': 0.98287}
[gps/molhiv/seed=2] val: {'epoch': 59, 'time_epoch': 3.40354, 'loss': 0.1117074, 'lr': 0, 'params': 558673, 'time_iter': 0.02638, 'accuracy': 0.97788, 'precision': 0.41935, 'recall': 0.32099, 'f1': 0.36364, 'auc': 0.75822}
[gps/molhiv/seed=2] test: {'epoch': 59, 'time_epoch': 3.42698, 'loss': 0.19052565, 'lr': 0, 'params': 558673, 'time_iter': 0.02657, 'accuracy': 0.96353, 'precision': 0.39583, 'recall': 0.29231, 'f1': 0.33628, 'auc': 0.76365}
[gps/molhiv/seed=2] > Epoch 59: took 105.9s (avg 104.8s) | Best so far: epoch 22	train_loss: 0.0934 train_auc: 0.9106	val_loss: 0.0735 val_auc: 0.8189	test_loss: 0.1254 test_auc: 0.7752
[event] unit_heartbeat unit=gps/molhiv/seed=2 elapsed_seconds=6398.5 lines=795 log_bytes=70560
[gps/molhiv/seed=2] train: {'epoch': 60, 'time_epoch': 98.21398, 'eta': 3814.17849, 'eta_hours': 1.05949, 'loss': 0.0512167, 'lr': 3.773e-05, 'params': 558673, 'time_iter': 0.09545, 'accuracy': 0.9824, 'precision': 0.84046, 'recall': 0.65422, 'f1': 0.73574, 'auc': 0.98554}
[gps/molhiv/seed=2] val: {'epoch': 60, 'time_epoch': 3.60744, 'loss': 0.11049193, 'lr': 0, 'params': 558673, 'time_iter': 0.02796, 'accuracy': 0.97788, 'precision': 0.40741, 'recall': 0.2716, 'f1': 0.32593, 'auc': 0.7769}
[gps/molhiv/seed=2] test: {'epoch': 60, 'time_epoch': 3.38237, 'loss': 0.19031847, 'lr': 0, 'params': 558673, 'time_iter': 0.02622, 'accuracy': 0.96329, 'precision': 0.37037, 'recall': 0.23077, 'f1': 0.28436, 'auc': 0.77513}
[event] unit_heartbeat unit=gps/molhiv/seed=2 elapsed_seconds=6458.8 lines=798 log_bytes=71221
[gps/molhiv/seed=2] > Epoch 60: took 105.4s (avg 104.8s) | Best so far: epoch 22	train_loss: 0.0934 train_auc: 0.9106	val_loss: 0.0735 val_auc: 0.8189	test_loss: 0.1254 test_auc: 0.7752
[event] unit_heartbeat unit=gps/molhiv/seed=2 elapsed_seconds=6518.8 lines=799 log_bytes=71387
[gps/molhiv/seed=2] train: {'epoch': 61, 'time_epoch': 99.54646, 'eta': 3717.44979, 'eta_hours': 1.03262, 'loss': 0.05405747, 'lr': 3.613e-05, 'params': 558673, 'time_iter': 0.09674, 'accuracy': 0.98207, 'precision': 0.83577, 'recall': 0.64854, 'f1': 0.73035, 'auc': 0.98161}
[gps/molhiv/seed=2] val: {'epoch': 61, 'time_epoch': 3.34176, 'loss': 0.1126188, 'lr': 0, 'params': 558673, 'time_iter': 0.02591, 'accuracy': 0.97544, 'precision': 0.375, 'recall': 0.37037, 'f1': 0.37267, 'auc': 0.78594}
[gps/molhiv/seed=2] test: {'epoch': 61, 'time_epoch': 3.57627, 'loss': 0.20005542, 'lr': 0, 'params': 558673, 'time_iter': 0.02772, 'accuracy': 0.96013, 'precision': 0.35833, 'recall': 0.33077, 'f1': 0.344, 'auc': 0.77082}
[gps/molhiv/seed=2] > Epoch 61: took 106.6s (avg 104.8s) | Best so far: epoch 22	train_loss: 0.0934 train_auc: 0.9106	val_loss: 0.0735 val_auc: 0.8189	test_loss: 0.1254 test_auc: 0.7752
[event] unit_heartbeat unit=gps/molhiv/seed=2 elapsed_seconds=6580.4 lines=803 log_bytes=72213
[event] unit_heartbeat unit=gps/molhiv/seed=2 elapsed_seconds=6640.5 lines=803 log_bytes=72213
[gps/molhiv/seed=2] train: {'epoch': 62, 'time_epoch': 99.31862, 'eta': 3620.49783, 'eta_hours': 1.00569, 'loss': 0.05013822, 'lr': 3.455e-05, 'params': 558673, 'time_iter': 0.09652, 'accuracy': 0.98268, 'precision': 0.83367, 'recall': 0.67127, 'f1': 0.74371, 'auc': 0.98568}
[gps/molhiv/seed=2] val: {'epoch': 62, 'time_epoch': 3.39203, 'loss': 0.10961997, 'lr': 0, 'params': 558673, 'time_iter': 0.02629, 'accuracy': 0.97788, 'precision': 0.40741, 'recall': 0.2716, 'f1': 0.32593, 'auc': 0.79291}
[gps/molhiv/seed=2] test: {'epoch': 62, 'time_epoch': 3.4331, 'loss': 0.20284488, 'lr': 0, 'params': 558673, 'time_iter': 0.02661, 'accuracy': 0.96304, 'precision': 0.38043, 'recall': 0.26923, 'f1': 0.31532, 'auc': 0.7736}
[gps/molhiv/seed=2] > Epoch 62: took 106.3s (avg 104.8s) | Best so far: epoch 22	train_loss: 0.0934 train_auc: 0.9106	val_loss: 0.0735 val_auc: 0.8189	test_loss: 0.1254 test_auc: 0.7752
[event] unit_heartbeat unit=gps/molhiv/seed=2 elapsed_seconds=6701.7 lines=807 log_bytes=73041
[event] unit_heartbeat unit=gps/molhiv/seed=2 elapsed_seconds=6761.8 lines=807 log_bytes=73041
[gps/molhiv/seed=2] train: {'epoch': 63, 'time_epoch': 98.73752, 'eta': 3523.14504, 'eta_hours': 0.97865, 'loss': 0.04971222, 'lr': 3.299e-05, 'params': 558673, 'time_iter': 0.09595, 'accuracy': 0.98274, 'precision': 0.83603, 'recall': 0.67045, 'f1': 0.74414, 'auc': 0.98608}
[gps/molhiv/seed=2] val: {'epoch': 63, 'time_epoch': 3.42116, 'loss': 0.1009231, 'lr': 0, 'params': 558673, 'time_iter': 0.02652, 'accuracy': 0.97812, 'precision': 0.42623, 'recall': 0.32099, 'f1': 0.3662, 'auc': 0.81982}
[gps/molhiv/seed=2] test: {'epoch': 63, 'time_epoch': 3.40473, 'loss': 0.18996277, 'lr': 0, 'params': 558673, 'time_iter': 0.02639, 'accuracy': 0.96353, 'precision': 0.38372, 'recall': 0.25385, 'f1': 0.30556, 'auc': 0.78382}
[gps/molhiv/seed=2] > Epoch 63: took 105.7s (avg 104.8s) | Best so far: epoch 63	train_loss: 0.0497 train_auc: 0.9861	val_loss: 0.1009 val_auc: 0.8198	test_loss: 0.1900 test_auc: 0.7838
[event] unit_heartbeat unit=gps/molhiv/seed=2 elapsed_seconds=6822.4 lines=811 log_bytes=73870
[gps/molhiv/seed=2] train: {'epoch': 64, 'time_epoch': 98.88666, 'eta': 3425.82995, 'eta_hours': 0.95162, 'loss': 0.05067193, 'lr': 3.144e-05, 'params': 558673, 'time_iter': 0.0961, 'accuracy': 0.98261, 'precision': 0.83811, 'recall': 0.66396, 'f1': 0.74094, 'auc': 0.98598}
[gps/molhiv/seed=2] val: {'epoch': 64, 'time_epoch': 3.35614, 'loss': 0.118215, 'lr': 0, 'params': 558673, 'time_iter': 0.02602, 'accuracy': 0.97447, 'precision': 0.35366, 'recall': 0.35802, 'f1': 0.35583, 'auc': 0.79587}
[gps/molhiv/seed=2] test: {'epoch': 64, 'time_epoch': 3.46876, 'loss': 0.20824113, 'lr': 0, 'params': 558673, 'time_iter': 0.02689, 'accuracy': 0.96134, 'precision': 0.36449, 'recall': 0.3, 'f1': 0.32911, 'auc': 0.76691}
[event] unit_heartbeat unit=gps/molhiv/seed=2 elapsed_seconds=6883.2 lines=814 log_bytes=74528
[gps/molhiv/seed=2] > Epoch 64: took 105.9s (avg 104.9s) | Best so far: epoch 63	train_loss: 0.0497 train_auc: 0.9861	val_loss: 0.1009 val_auc: 0.8198	test_loss: 0.1900 test_auc: 0.7838
[event] unit_heartbeat unit=gps/molhiv/seed=2 elapsed_seconds=6943.3 lines=815 log_bytes=74694
[gps/molhiv/seed=2] train: {'epoch': 65, 'time_epoch': 98.92615, 'eta': 3328.48758, 'eta_hours': 0.92458, 'loss': 0.05156831, 'lr': 2.992e-05, 'params': 558673, 'time_iter': 0.09614, 'accuracy': 0.98198, 'precision': 0.82569, 'recall': 0.65747, 'f1': 0.73204, 'auc': 0.98506}
[gps/molhiv/seed=2] val: {'epoch': 65, 'time_epoch': 3.41994, 'loss': 0.11389011, 'lr': 0, 'params': 558673, 'time_iter': 0.02651, 'accuracy': 0.97666, 'precision': 0.39437, 'recall': 0.34568, 'f1': 0.36842, 'auc': 0.78815}
[gps/molhiv/seed=2] test: {'epoch': 65, 'time_epoch': 3.36411, 'loss': 0.20232265, 'lr': 0, 'params': 558673, 'time_iter': 0.02608, 'accuracy': 0.96353, 'precision': 0.38636, 'recall': 0.26154, 'f1': 0.31193, 'auc': 0.77115}
[gps/molhiv/seed=2] > Epoch 65: took 105.9s (avg 104.9s) | Best so far: epoch 63	train_loss: 0.0497 train_auc: 0.9861	val_loss: 0.1009 val_auc: 0.8198	test_loss: 0.1900 test_auc: 0.7838
[event] unit_heartbeat unit=gps/molhiv/seed=2 elapsed_seconds=7004.1 lines=819 log_bytes=75525
[event] unit_heartbeat unit=gps/molhiv/seed=2 elapsed_seconds=7064.2 lines=819 log_bytes=75525
[gps/molhiv/seed=2] train: {'epoch': 66, 'time_epoch': 99.20601, 'eta': 3231.23577, 'eta_hours': 0.89757, 'loss': 0.04893677, 'lr': 2.841e-05, 'params': 558673, 'time_iter': 0.09641, 'accuracy': 0.98322, 'precision': 0.8527, 'recall': 0.66721, 'f1': 0.74863, 'auc': 0.98615}
[gps/molhiv/seed=2] val: {'epoch': 66, 'time_epoch': 3.37749, 'loss': 0.1118408, 'lr': 0, 'params': 558673, 'time_iter': 0.02618, 'accuracy': 0.97642, 'precision': 0.37097, 'recall': 0.28395, 'f1': 0.32168, 'auc': 0.80006}
[gps/molhiv/seed=2] test: {'epoch': 66, 'time_epoch': 3.43675, 'loss': 0.19926755, 'lr': 0, 'params': 558673, 'time_iter': 0.02664, 'accuracy': 0.96523, 'precision': 0.41975, 'recall': 0.26154, 'f1': 0.32227, 'auc': 0.77716}
[gps/molhiv/seed=2] > Epoch 66: took 106.2s (avg 104.9s) | Best so far: epoch 63	train_loss: 0.0497 train_auc: 0.9861	val_loss: 0.1009 val_auc: 0.8198	test_loss: 0.1900 test_auc: 0.7838
[event] unit_heartbeat unit=gps/molhiv/seed=2 elapsed_seconds=7125.3 lines=823 log_bytes=76354
[event] unit_heartbeat unit=gps/molhiv/seed=2 elapsed_seconds=7185.4 lines=823 log_bytes=76354
[gps/molhiv/seed=2] train: {'epoch': 67, 'time_epoch': 97.98195, 'eta': 3133.35046, 'eta_hours': 0.87038, 'loss': 0.04777896, 'lr': 2.693e-05, 'params': 558673, 'time_iter': 0.09522, 'accuracy': 0.98383, 'precision': 0.84722, 'recall': 0.69318, 'f1': 0.7625, 'auc': 0.98756}
[gps/molhiv/seed=2] val: {'epoch': 67, 'time_epoch': 3.62582, 'loss': 0.11266209, 'lr': 0, 'params': 558673, 'time_iter': 0.02811, 'accuracy': 0.97496, 'precision': 0.35526, 'recall': 0.33333, 'f1': 0.34395, 'auc': 0.79467}
[gps/molhiv/seed=2] test: {'epoch': 67, 'time_epoch': 3.3864, 'loss': 0.19978544, 'lr': 0, 'params': 558673, 'time_iter': 0.02625, 'accuracy': 0.96426, 'precision': 0.41414, 'recall': 0.31538, 'f1': 0.35808, 'auc': 0.77312}
[gps/molhiv/seed=2] > Epoch 67: took 105.1s (avg 104.9s) | Best so far: epoch 63	train_loss: 0.0497 train_auc: 0.9861	val_loss: 0.1009 val_auc: 0.8198	test_loss: 0.1900 test_auc: 0.7838
[event] unit_heartbeat unit=gps/molhiv/seed=2 elapsed_seconds=7245.5 lines=827 log_bytes=77183
[gps/molhiv/seed=2] train: {'epoch': 68, 'time_epoch': 98.74607, 'eta': 3035.80565, 'eta_hours': 0.84328, 'loss': 0.04759842, 'lr': 2.548e-05, 'params': 558673, 'time_iter': 0.09596, 'accuracy': 0.98383, 'precision': 0.85211, 'recall': 0.6875, 'f1': 0.76101, 'auc': 0.98782}
[gps/molhiv/seed=2] val: {'epoch': 68, 'time_epoch': 3.38084, 'loss': 0.12251051, 'lr': 0, 'params': 558673, 'time_iter': 0.02621, 'accuracy': 0.97374, 'precision': 0.34118, 'recall': 0.35802, 'f1': 0.3494, 'auc': 0.79281}
[gps/molhiv/seed=2] test: {'epoch': 68, 'time_epoch': 3.46521, 'loss': 0.21685517, 'lr': 0, 'params': 558673, 'time_iter': 0.02686, 'accuracy': 0.9611, 'precision': 0.36607, 'recall': 0.31538, 'f1': 0.33884, 'auc': 0.76223}
[event] unit_heartbeat unit=gps/molhiv/seed=2 elapsed_seconds=7306.2 lines=830 log_bytes=77845
[gps/molhiv/seed=2] > Epoch 68: took 105.7s (avg 104.9s) | Best so far: epoch 63	train_loss: 0.0497 train_auc: 0.9861	val_loss: 0.1009 val_auc: 0.8198	test_loss: 0.1900 test_auc: 0.7838
[event] unit_heartbeat unit=gps/molhiv/seed=2 elapsed_seconds=7366.2 lines=831 log_bytes=78011
[gps/molhiv/seed=2] train: {'epoch': 69, 'time_epoch': 98.51273, 'eta': 2938.12651, 'eta_hours': 0.81615, 'loss': 0.04776329, 'lr': 2.405e-05, 'params': 558673, 'time_iter': 0.09574, 'accuracy': 0.98395, 'precision': 0.84921, 'recall': 0.69481, 'f1': 0.76429, 'auc': 0.98745}
[gps/molhiv/seed=2] val: {'epoch': 69, 'time_epoch': 3.32934, 'loss': 0.12486486, 'lr': 0, 'params': 558673, 'time_iter': 0.02581, 'accuracy': 0.97398, 'precision': 0.35227, 'recall': 0.38272, 'f1': 0.36686, 'auc': 0.7962}
[gps/molhiv/seed=2] test: {'epoch': 69, 'time_epoch': 3.48894, 'loss': 0.22161673, 'lr': 0, 'params': 558673, 'time_iter': 0.02705, 'accuracy': 0.96037, 'precision': 0.35652, 'recall': 0.31538, 'f1': 0.33469, 'auc': 0.77301}
[gps/molhiv/seed=2] > Epoch 69: took 105.5s (avg 104.9s) | Best so far: epoch 63	train_loss: 0.0497 train_auc: 0.9861	val_loss: 0.1009 val_auc: 0.8198	test_loss: 0.1900 test_auc: 0.7838
[event] unit_heartbeat unit=gps/molhiv/seed=2 elapsed_seconds=7426.7 lines=835 log_bytes=78841
[event] unit_heartbeat unit=gps/molhiv/seed=2 elapsed_seconds=7486.7 lines=835 log_bytes=78841
[gps/molhiv/seed=2] train: {'epoch': 70, 'time_epoch': 99.02117, 'eta': 2840.63156, 'eta_hours': 0.78906, 'loss': 0.04649027, 'lr': 2.265e-05, 'params': 558673, 'time_iter': 0.09623, 'accuracy': 0.98429, 'precision': 0.86294, 'recall': 0.68994, 'f1': 0.7668, 'auc': 0.98836}
[gps/molhiv/seed=2] val: {'epoch': 70, 'time_epoch': 3.56003, 'loss': 0.11347411, 'lr': 0, 'params': 558673, 'time_iter': 0.0276, 'accuracy': 0.97666, 'precision': 0.39437, 'recall': 0.34568, 'f1': 0.36842, 'auc': 0.80748}
[gps/molhiv/seed=2] test: {'epoch': 70, 'time_epoch': 3.40459, 'loss': 0.22044639, 'lr': 0, 'params': 558673, 'time_iter': 0.02639, 'accuracy': 0.96183, 'precision': 0.36893, 'recall': 0.29231, 'f1': 0.32618, 'auc': 0.77224}
[gps/molhiv/seed=2] > Epoch 70: took 106.1s (avg 104.9s) | Best so far: epoch 63	train_loss: 0.0497 train_auc: 0.9861	val_loss: 0.1009 val_auc: 0.8198	test_loss: 0.1900 test_auc: 0.7838
[event] unit_heartbeat unit=gps/molhiv/seed=2 elapsed_seconds=7547.8 lines=839 log_bytes=79670
[event] unit_heartbeat unit=gps/molhiv/seed=2 elapsed_seconds=7607.9 lines=839 log_bytes=79670
[gps/molhiv/seed=2] train: {'epoch': 71, 'time_epoch': 99.05502, 'eta': 2743.10739, 'eta_hours': 0.76197, 'loss': 0.04766295, 'lr': 2.128e-05, 'params': 558673, 'time_iter': 0.09626, 'accuracy': 0.98374, 'precision': 0.84608, 'recall': 0.69156, 'f1': 0.76105, 'auc': 0.98773}
[gps/molhiv/seed=2] val: {'epoch': 71, 'time_epoch': 3.39407, 'loss': 0.1140135, 'lr': 0, 'params': 558673, 'time_iter': 0.02631, 'accuracy': 0.97909, 'precision': 0.45614, 'recall': 0.32099, 'f1': 0.37681, 'auc': 0.80444}
[gps/molhiv/seed=2] test: {'epoch': 71, 'time_epoch': 3.44286, 'loss': 0.21339237, 'lr': 0, 'params': 558673, 'time_iter': 0.02669, 'accuracy': 0.96572, 'precision': 0.43529, 'recall': 0.28462, 'f1': 0.34419, 'auc': 0.76828}
[gps/molhiv/seed=2] > Epoch 71: took 106.0s (avg 105.0s) | Best so far: epoch 63	train_loss: 0.0497 train_auc: 0.9861	val_loss: 0.1009 val_auc: 0.8198	test_loss: 0.1900 test_auc: 0.7838
[event] unit_heartbeat unit=gps/molhiv/seed=2 elapsed_seconds=7668.9 lines=843 log_bytes=80500
[gps/molhiv/seed=2] train: {'epoch': 72, 'time_epoch': 99.04226, 'eta': 2645.53655, 'eta_hours': 0.73487, 'loss': 0.04678518, 'lr': 1.995e-05, 'params': 558673, 'time_iter': 0.09625, 'accuracy': 0.98407, 'precision': 0.85685, 'recall': 0.68994, 'f1': 0.76439, 'auc': 0.98802}
[gps/molhiv/seed=2] val: {'epoch': 72, 'time_epoch': 3.47567, 'loss': 0.12981615, 'lr': 0, 'params': 558673, 'time_iter': 0.02694, 'accuracy': 0.97301, 'precision': 0.33333, 'recall': 0.37037, 'f1': 0.35088, 'auc': 0.78617}
[gps/molhiv/seed=2] test: {'epoch': 72, 'time_epoch': 3.46704, 'loss': 0.22041117, 'lr': 0, 'params': 558673, 'time_iter': 0.02688, 'accuracy': 0.95964, 'precision': 0.34746, 'recall': 0.31538, 'f1': 0.33065, 'auc': 0.76438}
[event] unit_heartbeat unit=gps/molhiv/seed=2 elapsed_seconds=7730.0 lines=846 log_bytes=81165
[gps/molhiv/seed=2] > Epoch 72: took 106.1s (avg 105.0s) | Best so far: epoch 63	train_loss: 0.0497 train_auc: 0.9861	val_loss: 0.1009 val_auc: 0.8198	test_loss: 0.1900 test_auc: 0.7838
[event] unit_heartbeat unit=gps/molhiv/seed=2 elapsed_seconds=7790.1 lines=847 log_bytes=81331
[gps/molhiv/seed=2] train: {'epoch': 73, 'time_epoch': 99.29536, 'eta': 2548.01487, 'eta_hours': 0.70778, 'loss': 0.04524874, 'lr': 1.864e-05, 'params': 558673, 'time_iter': 0.0965, 'accuracy': 0.98495, 'precision': 0.85881, 'recall': 0.71591, 'f1': 0.78088, 'auc': 0.98843}
[gps/molhiv/seed=2] val: {'epoch': 73, 'time_epoch': 3.40205, 'loss': 0.11652993, 'lr': 0, 'params': 558673, 'time_iter': 0.02637, 'accuracy': 0.97885, 'precision': 0.45, 'recall': 0.33333, 'f1': 0.38298, 'auc': 0.79295}
[gps/molhiv/seed=2] test: {'epoch': 73, 'time_epoch': 3.65762, 'loss': 0.21315188, 'lr': 0, 'params': 558673, 'time_iter': 0.02835, 'accuracy': 0.96475, 'precision': 0.40964, 'recall': 0.26154, 'f1': 0.31925, 'auc': 0.7786}
[gps/molhiv/seed=2] > Epoch 73: took 106.5s (avg 105.0s) | Best so far: epoch 63	train_loss: 0.0497 train_auc: 0.9861	val_loss: 0.1009 val_auc: 0.8198	test_loss: 0.1900 test_auc: 0.7838
[event] unit_heartbeat unit=gps/molhiv/seed=2 elapsed_seconds=7851.5 lines=851 log_bytes=82157
[event] unit_heartbeat unit=gps/molhiv/seed=2 elapsed_seconds=7911.6 lines=851 log_bytes=82157
[gps/molhiv/seed=2] train: {'epoch': 74, 'time_epoch': 98.46135, 'eta': 2450.16789, 'eta_hours': 0.6806, 'loss': 0.04607026, 'lr': 1.737e-05, 'params': 558673, 'time_iter': 0.09569, 'accuracy': 0.98468, 'precision': 0.86255, 'recall': 0.70292, 'f1': 0.7746, 'auc': 0.98843}
[gps/molhiv/seed=2] val: {'epoch': 74, 'time_epoch': 3.45225, 'loss': 0.12811584, 'lr': 0, 'params': 558673, 'time_iter': 0.02676, 'accuracy': 0.97301, 'precision': 0.33696, 'recall': 0.38272, 'f1': 0.35838, 'auc': 0.79356}
[gps/molhiv/seed=2] test: {'epoch': 74, 'time_epoch': 3.4735, 'loss': 0.2188346, 'lr': 0, 'params': 558673, 'time_iter': 0.02693, 'accuracy': 0.9611, 'precision': 0.36364, 'recall': 0.30769, 'f1': 0.33333, 'auc': 0.7771}
[gps/molhiv/seed=2] > Epoch 74: took 105.5s (avg 105.0s) | Best so far: epoch 63	train_loss: 0.0497 train_auc: 0.9861	val_loss: 0.1009 val_auc: 0.8198	test_loss: 0.1900 test_auc: 0.7838
[event] unit_heartbeat unit=gps/molhiv/seed=2 elapsed_seconds=7972.1 lines=855 log_bytes=82982
[event] unit_heartbeat unit=gps/molhiv/seed=2 elapsed_seconds=8032.1 lines=855 log_bytes=82982
[gps/molhiv/seed=2] train: {'epoch': 75, 'time_epoch': 99.424, 'eta': 2352.60874, 'eta_hours': 0.6535, 'loss': 0.04300829, 'lr': 1.614e-05, 'params': 558673, 'time_iter': 0.09662, 'accuracy': 0.98523, 'precision': 0.86004, 'recall': 0.72321, 'f1': 0.78571, 'auc': 0.98988}
[gps/molhiv/seed=2] val: {'epoch': 75, 'time_epoch': 3.42199, 'loss': 0.12620801, 'lr': 0, 'params': 558673, 'time_iter': 0.02653, 'accuracy': 0.97374, 'precision': 0.35484, 'recall': 0.40741, 'f1': 0.37931, 'auc': 0.79155}
[gps/molhiv/seed=2] test: {'epoch': 75, 'time_epoch': 3.32176, 'loss': 0.22272273, 'lr': 0, 'params': 558673, 'time_iter': 0.02575, 'accuracy': 0.9594, 'precision': 0.33913, 'recall': 0.3, 'f1': 0.31837, 'auc': 0.76497}
[gps/molhiv/seed=2] > Epoch 75: took 106.3s (avg 105.0s) | Best so far: epoch 63	train_loss: 0.0497 train_auc: 0.9861	val_loss: 0.1009 val_auc: 0.8198	test_loss: 0.1900 test_auc: 0.7838
[event] unit_heartbeat unit=gps/molhiv/seed=2 elapsed_seconds=8093.4 lines=859 log_bytes=83805
[gps/molhiv/seed=2] train: {'epoch': 76, 'time_epoch': 98.98939, 'eta': 2254.87133, 'eta_hours': 0.62635, 'loss': 0.04276825, 'lr': 1.494e-05, 'params': 558673, 'time_iter': 0.0962, 'accuracy': 0.98495, 'precision': 0.85062, 'recall': 0.72565, 'f1': 0.78318, 'auc': 0.99028}
[gps/molhiv/seed=2] val: {'epoch': 76, 'time_epoch': 3.43037, 'loss': 0.12081148, 'lr': 0, 'params': 558673, 'time_iter': 0.02659, 'accuracy': 0.97471, 'precision': 0.36782, 'recall': 0.39506, 'f1': 0.38095, 'auc': 0.81167}
[gps/molhiv/seed=2] test: {'epoch': 76, 'time_epoch': 3.72792, 'loss': 0.22531773, 'lr': 0, 'params': 558673, 'time_iter': 0.0289, 'accuracy': 0.96159, 'precision': 0.36792, 'recall': 0.3, 'f1': 0.33051, 'auc': 0.77199}
[event] unit_heartbeat unit=gps/molhiv/seed=2 elapsed_seconds=8154.7 lines=862 log_bytes=84464
[gps/molhiv/seed=2] > Epoch 76: took 106.3s (avg 105.0s) | Best so far: epoch 63	train_loss: 0.0497 train_auc: 0.9861	val_loss: 0.1009 val_auc: 0.8198	test_loss: 0.1900 test_auc: 0.7838
[event] unit_heartbeat unit=gps/molhiv/seed=2 elapsed_seconds=8214.7 lines=863 log_bytes=84630
[gps/molhiv/seed=2] train: {'epoch': 77, 'time_epoch': 98.57578, 'eta': 2156.98516, 'eta_hours': 0.59916, 'loss': 0.04348226, 'lr': 1.378e-05, 'params': 558673, 'time_iter': 0.0958, 'accuracy': 0.98517, 'precision': 0.85838, 'recall': 0.72321, 'f1': 0.78502, 'auc': 0.99043}
[gps/molhiv/seed=2] val: {'epoch': 77, 'time_epoch': 3.41556, 'loss': 0.11836822, 'lr': 0, 'params': 558673, 'time_iter': 0.02648, 'accuracy': 0.97715, 'precision': 0.4, 'recall': 0.32099, 'f1': 0.35616, 'auc': 0.80392}
[gps/molhiv/seed=2] test: {'epoch': 77, 'time_epoch': 3.56569, 'loss': 0.22512135, 'lr': 0, 'params': 558673, 'time_iter': 0.02764, 'accuracy': 0.96523, 'precision': 0.41772, 'recall': 0.25385, 'f1': 0.31579, 'auc': 0.77091}
[gps/molhiv/seed=2] > Epoch 77: took 105.7s (avg 105.0s) | Best so far: epoch 63	train_loss: 0.0497 train_auc: 0.9861	val_loss: 0.1009 val_auc: 0.8198	test_loss: 0.1900 test_auc: 0.7838
[event] unit_heartbeat unit=gps/molhiv/seed=2 elapsed_seconds=8275.4 lines=867 log_bytes=85456
[event] unit_heartbeat unit=gps/molhiv/seed=2 elapsed_seconds=8335.5 lines=867 log_bytes=85456
[gps/molhiv/seed=2] train: {'epoch': 78, 'time_epoch': 98.87385, 'eta': 2059.16077, 'eta_hours': 0.57199, 'loss': 0.04419538, 'lr': 1.266e-05, 'params': 558673, 'time_iter': 0.09609, 'accuracy': 0.98514, 'precision': 0.86244, 'recall': 0.71753, 'f1': 0.78334, 'auc': 0.98918}
[gps/molhiv/seed=2] val: {'epoch': 78, 'time_epoch': 3.49193, 'loss': 0.13157568, 'lr': 0, 'params': 558673, 'time_iter': 0.02707, 'accuracy': 0.97617, 'precision': 0.38356, 'recall': 0.34568, 'f1': 0.36364, 'auc': 0.78916}
[gps/molhiv/seed=2] test: {'epoch': 78, 'time_epoch': 3.45182, 'loss': 0.2318674, 'lr': 0, 'params': 558673, 'time_iter': 0.02676, 'accuracy': 0.96329, 'precision': 0.38462, 'recall': 0.26923, 'f1': 0.31674, 'auc': 0.77225}
[gps/molhiv/seed=2] > Epoch 78: took 106.0s (avg 105.0s) | Best so far: epoch 63	train_loss: 0.0497 train_auc: 0.9861	val_loss: 0.1009 val_auc: 0.8198	test_loss: 0.1900 test_auc: 0.7838
[event] unit_heartbeat unit=gps/molhiv/seed=2 elapsed_seconds=8396.4 lines=871 log_bytes=86286
[event] unit_heartbeat unit=gps/molhiv/seed=2 elapsed_seconds=8456.4 lines=871 log_bytes=86286
[gps/molhiv/seed=2] train: {'epoch': 79, 'time_epoch': 98.4299, 'eta': 1961.19915, 'eta_hours': 0.54478, 'loss': 0.04106251, 'lr': 1.158e-05, 'params': 558673, 'time_iter': 0.09566, 'accuracy': 0.9855, 'precision': 0.8538, 'recall': 0.73945, 'f1': 0.79252, 'auc': 0.99118}
[gps/molhiv/seed=2] val: {'epoch': 79, 'time_epoch': 3.31733, 'loss': 0.12431232, 'lr': 0, 'params': 558673, 'time_iter': 0.02572, 'accuracy': 0.97593, 'precision': 0.36765, 'recall': 0.30864, 'f1': 0.33557, 'auc': 0.7826}
[gps/molhiv/seed=2] test: {'epoch': 79, 'time_epoch': 3.3182, 'loss': 0.22061632, 'lr': 0, 'params': 558673, 'time_iter': 0.02572, 'accuracy': 0.96523, 'precision': 0.41975, 'recall': 0.26154, 'f1': 0.32227, 'auc': 0.77826}
[gps/molhiv/seed=2] > Epoch 79: took 105.2s (avg 105.1s) | Best so far: epoch 63	train_loss: 0.0497 train_auc: 0.9861	val_loss: 0.1009 val_auc: 0.8198	test_loss: 0.1900 test_auc: 0.7838
[event] unit_heartbeat unit=gps/molhiv/seed=2 elapsed_seconds=8516.6 lines=875 log_bytes=87112
[gps/molhiv/seed=2] train: {'epoch': 80, 'time_epoch': 98.08423, 'eta': 1863.14488, 'eta_hours': 0.51754, 'loss': 0.03987959, 'lr': 1.054e-05, 'params': 558673, 'time_iter': 0.09532, 'accuracy': 0.98571, 'precision': 0.86847, 'recall': 0.7289, 'f1': 0.79259, 'auc': 0.99236}
[gps/molhiv/seed=2] val: {'epoch': 80, 'time_epoch': 3.34645, 'loss': 0.12297751, 'lr': 0, 'params': 558673, 'time_iter': 0.02594, 'accuracy': 0.97544, 'precision': 0.36111, 'recall': 0.32099, 'f1': 0.33987, 'auc': 0.79357}
[gps/molhiv/seed=2] test: {'epoch': 80, 'time_epoch': 3.61435, 'loss': 0.22286349, 'lr': 0, 'params': 558673, 'time_iter': 0.02802, 'accuracy': 0.96207, 'precision': 0.36735, 'recall': 0.27692, 'f1': 0.31579, 'auc': 0.77978}
[event] unit_heartbeat unit=gps/molhiv/seed=2 elapsed_seconds=8576.8 lines=878 log_bytes=87776
[gps/molhiv/seed=2] > Epoch 80: took 105.2s (avg 105.1s) | Best so far: epoch 63	train_loss: 0.0497 train_auc: 0.9861	val_loss: 0.1009 val_auc: 0.8198	test_loss: 0.1900 test_auc: 0.7838
[event] unit_heartbeat unit=gps/molhiv/seed=2 elapsed_seconds=8636.8 lines=879 log_bytes=87942
[gps/molhiv/seed=2] train: {'epoch': 81, 'time_epoch': 97.29851, 'eta': 1764.91741, 'eta_hours': 0.49025, 'loss': 0.04270887, 'lr': 9.55e-06, 'params': 558673, 'time_iter': 0.09456, 'accuracy': 0.98514, 'precision': 0.85618, 'recall': 0.72484, 'f1': 0.78505, 'auc': 0.98997}
[gps/molhiv/seed=2] val: {'epoch': 81, 'time_epoch': 3.41979, 'loss': 0.12247623, 'lr': 0, 'params': 558673, 'time_iter': 0.02651, 'accuracy': 0.97593, 'precision': 0.38462, 'recall': 0.37037, 'f1': 0.37736, 'auc': 0.80373}
[gps/molhiv/seed=2] test: {'epoch': 81, 'time_epoch': 3.38693, 'loss': 0.22484428, 'lr': 0, 'params': 558673, 'time_iter': 0.02626, 'accuracy': 0.9628, 'precision': 0.37634, 'recall': 0.26923, 'f1': 0.3139, 'auc': 0.78154}
[gps/molhiv/seed=2] > Epoch 81: took 104.3s (avg 105.0s) | Best so far: epoch 63	train_loss: 0.0497 train_auc: 0.9861	val_loss: 0.1009 val_auc: 0.8198	test_loss: 0.1900 test_auc: 0.7838
[event] unit_heartbeat unit=gps/molhiv/seed=2 elapsed_seconds=8701.0 lines=883 log_bytes=88770
[event] unit_heartbeat unit=gps/molhiv/seed=2 elapsed_seconds=8761.1 lines=883 log_bytes=88770
[gps/molhiv/seed=2] train: {'epoch': 82, 'time_epoch': 98.26571, 'eta': 1666.91043, 'eta_hours': 0.46303, 'loss': 0.04321976, 'lr': 8.6e-06, 'params': 558673, 'time_iter': 0.0955, 'accuracy': 0.98495, 'precision': 0.85535, 'recall': 0.71997, 'f1': 0.78184, 'auc': 0.99066}
[gps/molhiv/seed=2] val: {'epoch': 82, 'time_epoch': 3.37744, 'loss': 0.12154486, 'lr': 0, 'params': 558673, 'time_iter': 0.02618, 'accuracy': 0.97447, 'precision': 0.35366, 'recall': 0.35802, 'f1': 0.35583, 'auc': 0.79583}
[gps/molhiv/seed=2] test: {'epoch': 82, 'time_epoch': 3.3516, 'loss': 0.22302728, 'lr': 0, 'params': 558673, 'time_iter': 0.02598, 'accuracy': 0.96231, 'precision': 0.36559, 'recall': 0.26154, 'f1': 0.30493, 'auc': 0.77503}
[gps/molhiv/seed=2] > Epoch 82: took 105.2s (avg 105.0s) | Best so far: epoch 63	train_loss: 0.0497 train_auc: 0.9861	val_loss: 0.1009 val_auc: 0.8198	test_loss: 0.1900 test_auc: 0.7838
[event] unit_heartbeat unit=gps/molhiv/seed=2 elapsed_seconds=8821.2 lines=887 log_bytes=89597
[event] unit_heartbeat unit=gps/molhiv/seed=2 elapsed_seconds=8881.3 lines=887 log_bytes=89597
[gps/molhiv/seed=2] train: {'epoch': 83, 'time_epoch': 97.87837, 'eta': 1568.82351, 'eta_hours': 0.43578, 'loss': 0.04145954, 'lr': 7.7e-06, 'params': 558673, 'time_iter': 0.09512, 'accuracy': 0.98599, 'precision': 0.8761, 'recall': 0.7289, 'f1': 0.79575, 'auc': 0.99199}
[gps/molhiv/seed=2] val: {'epoch': 83, 'time_epoch': 3.37749, 'loss': 0.12436125, 'lr': 0, 'params': 558673, 'time_iter': 0.02618, 'accuracy': 0.97496, 'precision': 0.3625, 'recall': 0.35802, 'f1': 0.36025, 'auc': 0.78958}
[gps/molhiv/seed=2] test: {'epoch': 83, 'time_epoch': 3.56413, 'loss': 0.22461477, 'lr': 0, 'params': 558673, 'time_iter': 0.02763, 'accuracy': 0.96037, 'precision': 0.34862, 'recall': 0.29231, 'f1': 0.31799, 'auc': 0.7736}
[gps/molhiv/seed=2] > Epoch 83: took 105.0s (avg 105.0s) | Best so far: epoch 63	train_loss: 0.0497 train_auc: 0.9861	val_loss: 0.1009 val_auc: 0.8198	test_loss: 0.1900 test_auc: 0.7838
[event] unit_heartbeat unit=gps/molhiv/seed=2 elapsed_seconds=8946.2 lines=891 log_bytes=90422
[gps/molhiv/seed=2] train: {'epoch': 84, 'time_epoch': 98.04255, 'eta': 1470.77046, 'eta_hours': 0.40855, 'loss': 0.04448603, 'lr': 6.84e-06, 'params': 558673, 'time_iter': 0.09528, 'accuracy': 0.98477, 'precision': 0.8552, 'recall': 0.71429, 'f1': 0.77842, 'auc': 0.98977}
[gps/molhiv/seed=2] val: {'epoch': 84, 'time_epoch': 3.62082, 'loss': 0.12135674, 'lr': 0, 'params': 558673, 'time_iter': 0.02807, 'accuracy': 0.97496, 'precision': 0.36905, 'recall': 0.38272, 'f1': 0.37576, 'auc': 0.79646}
[gps/molhiv/seed=2] test: {'epoch': 84, 'time_epoch': 3.60831, 'loss': 0.22365011, 'lr': 0, 'params': 558673, 'time_iter': 0.02797, 'accuracy': 0.96207, 'precision': 0.37, 'recall': 0.28462, 'f1': 0.32174, 'auc': 0.77535}
[gps/molhiv/seed=2] > Epoch 84: took 105.4s (avg 105.0s) | Best so far: epoch 63	train_loss: 0.0497 train_auc: 0.9861	val_loss: 0.1009 val_auc: 0.8198	test_loss: 0.1900 test_auc: 0.7838
[event] unit_heartbeat unit=gps/molhiv/seed=2 elapsed_seconds=9006.6 lines=895 log_bytes=91248
[event] unit_heartbeat unit=gps/molhiv/seed=2 elapsed_seconds=9066.6 lines=895 log_bytes=91248
[gps/molhiv/seed=2] train: {'epoch': 85, 'time_epoch': 98.39221, 'eta': 1372.77459, 'eta_hours': 0.38133, 'loss': 0.04061862, 'lr': 6.03e-06, 'params': 558673, 'time_iter': 0.09562, 'accuracy': 0.98544, 'precision': 0.8596, 'recall': 0.73052, 'f1': 0.78982, 'auc': 0.991}
[gps/molhiv/seed=2] val: {'epoch': 85, 'time_epoch': 3.4207, 'loss': 0.11951782, 'lr': 0, 'params': 558673, 'time_iter': 0.02652, 'accuracy': 0.97715, 'precision': 0.39344, 'recall': 0.2963, 'f1': 0.33803, 'auc': 0.79643}
[gps/molhiv/seed=2] test: {'epoch': 85, 'time_epoch': 3.3918, 'loss': 0.22271125, 'lr': 0, 'params': 558673, 'time_iter': 0.02629, 'accuracy': 0.96499, 'precision': 0.40278, 'recall': 0.22308, 'f1': 0.28713, 'auc': 0.76704}
[gps/molhiv/seed=2] > Epoch 85: took 105.4s (avg 105.1s) | Best so far: epoch 63	train_loss: 0.0497 train_auc: 0.9861	val_loss: 0.1009 val_auc: 0.8198	test_loss: 0.1900 test_auc: 0.7838
[event] unit_heartbeat unit=gps/molhiv/seed=2 elapsed_seconds=9126.9 lines=899 log_bytes=92072
[event] unit_heartbeat unit=gps/molhiv/seed=2 elapsed_seconds=9187.0 lines=899 log_bytes=92072
[gps/molhiv/seed=2] train: {'epoch': 86, 'time_epoch': 97.75085, 'eta': 1274.67376, 'eta_hours': 0.35408, 'loss': 0.03809223, 'lr': 5.26e-06, 'params': 558673, 'time_iter': 0.095, 'accuracy': 0.98644, 'precision': 0.88304, 'recall': 0.73539, 'f1': 0.80248, 'auc': 0.9924}
[gps/molhiv/seed=2] val: {'epoch': 86, 'time_epoch': 3.40128, 'loss': 0.12726108, 'lr': 0, 'params': 558673, 'time_iter': 0.02637, 'accuracy': 0.97739, 'precision': 0.41176, 'recall': 0.34568, 'f1': 0.37584, 'auc': 0.79141}
[gps/molhiv/seed=2] test: {'epoch': 86, 'time_epoch': 3.39272, 'loss': 0.23859412, 'lr': 0, 'params': 558673, 'time_iter': 0.0263, 'accuracy': 0.96426, 'precision': 0.40449, 'recall': 0.27692, 'f1': 0.32877, 'auc': 0.77207}
[gps/molhiv/seed=2] > Epoch 86: took 104.7s (avg 105.0s) | Best so far: epoch 63	train_loss: 0.0497 train_auc: 0.9861	val_loss: 0.1009 val_auc: 0.8198	test_loss: 0.1900 test_auc: 0.7838
[event] unit_heartbeat unit=gps/molhiv/seed=2 elapsed_seconds=9251.7 lines=903 log_bytes=92898
[gps/molhiv/seed=2] train: {'epoch': 87, 'time_epoch': 97.85392, 'eta': 1176.59495, 'eta_hours': 0.32683, 'loss': 0.04173671, 'lr': 4.55e-06, 'params': 558673, 'time_iter': 0.0951, 'accuracy': 0.98535, 'precision': 0.85782, 'recall': 0.72971, 'f1': 0.7886, 'auc': 0.99119}
[gps/molhiv/seed=2] val: {'epoch': 87, 'time_epoch': 3.40603, 'loss': 0.11991509, 'lr': 0, 'params': 558673, 'time_iter': 0.0264, 'accuracy': 0.97496, 'precision': 0.36905, 'recall': 0.38272, 'f1': 0.37576, 'auc': 0.80305}
[gps/molhiv/seed=2] test: {'epoch': 87, 'time_epoch': 3.37425, 'loss': 0.22655209, 'lr': 0, 'params': 558673, 'time_iter': 0.02616, 'accuracy': 0.96231, 'precision': 0.37624, 'recall': 0.29231, 'f1': 0.329, 'auc': 0.77783}
[gps/molhiv/seed=2] > Epoch 87: took 104.8s (avg 105.0s) | Best so far: epoch 63	train_loss: 0.0497 train_auc: 0.9861	val_loss: 0.1009 val_auc: 0.8198	test_loss: 0.1900 test_auc: 0.7838
[event] unit_heartbeat unit=gps/molhiv/seed=2 elapsed_seconds=9316.4 lines=907 log_bytes=93723
[event] unit_heartbeat unit=gps/molhiv/seed=2 elapsed_seconds=9376.5 lines=907 log_bytes=93723
[gps/molhiv/seed=2] train: {'epoch': 88, 'time_epoch': 96.8209, 'eta': 1078.39351, 'eta_hours': 0.29955, 'loss': 0.03894846, 'lr': 3.89e-06, 'params': 558673, 'time_iter': 0.09409, 'accuracy': 0.98672, 'precision': 0.87966, 'recall': 0.74756, 'f1': 0.80825, 'auc': 0.9918}
[gps/molhiv/seed=2] val: {'epoch': 88, 'time_epoch': 3.35375, 'loss': 0.1226135, 'lr': 0, 'params': 558673, 'time_iter': 0.026, 'accuracy': 0.97642, 'precision': 0.37879, 'recall': 0.30864, 'f1': 0.34014, 'auc': 0.8021}
[gps/molhiv/seed=2] test: {'epoch': 88, 'time_epoch': 3.35585, 'loss': 0.23159808, 'lr': 0, 'params': 558673, 'time_iter': 0.02601, 'accuracy': 0.96183, 'precision': 0.36082, 'recall': 0.26923, 'f1': 0.30837, 'auc': 0.7808}
[gps/molhiv/seed=2] > Epoch 88: took 103.7s (avg 105.0s) | Best so far: epoch 63	train_loss: 0.0497 train_auc: 0.9861	val_loss: 0.1009 val_auc: 0.8198	test_loss: 0.1900 test_auc: 0.7838
[event] unit_heartbeat unit=gps/molhiv/seed=2 elapsed_seconds=9440.1 lines=911 log_bytes=94546
[event] unit_heartbeat unit=gps/molhiv/seed=2 elapsed_seconds=9500.2 lines=911 log_bytes=94546
[gps/molhiv/seed=2] train: {'epoch': 89, 'time_epoch': 97.58307, 'eta': 980.30743, 'eta_hours': 0.27231, 'loss': 0.03951465, 'lr': 3.27e-06, 'params': 558673, 'time_iter': 0.09483, 'accuracy': 0.98638, 'precision': 0.87476, 'recall': 0.74269, 'f1': 0.80334, 'auc': 0.99206}
[gps/molhiv/seed=2] val: {'epoch': 89, 'time_epoch': 3.38317, 'loss': 0.12244476, 'lr': 0, 'params': 558673, 'time_iter': 0.02623, 'accuracy': 0.97496, 'precision': 0.35897, 'recall': 0.34568, 'f1': 0.3522, 'auc': 0.80199}
[gps/molhiv/seed=2] test: {'epoch': 89, 'time_epoch': 3.49818, 'loss': 0.22571871, 'lr': 0, 'params': 558673, 'time_iter': 0.02712, 'accuracy': 0.96086, 'precision': 0.35514, 'recall': 0.29231, 'f1': 0.32068, 'auc': 0.7796}
[gps/molhiv/seed=2] > Epoch 89: took 104.6s (avg 105.0s) | Best so far: epoch 63	train_loss: 0.0497 train_auc: 0.9861	val_loss: 0.1009 val_auc: 0.8198	test_loss: 0.1900 test_auc: 0.7838
[event] unit_heartbeat unit=gps/molhiv/seed=2 elapsed_seconds=9564.7 lines=915 log_bytes=95373
[gps/molhiv/seed=2] train: {'epoch': 90, 'time_epoch': 98.0526, 'eta': 882.27885, 'eta_hours': 0.24508, 'loss': 0.04093533, 'lr': 2.71e-06, 'params': 558673, 'time_iter': 0.09529, 'accuracy': 0.98559, 'precision': 0.8562, 'recall': 0.73945, 'f1': 0.79355, 'auc': 0.99084}
[gps/molhiv/seed=2] val: {'epoch': 90, 'time_epoch': 3.34863, 'loss': 0.12947504, 'lr': 0, 'params': 558673, 'time_iter': 0.02596, 'accuracy': 0.97447, 'precision': 0.33784, 'recall': 0.30864, 'f1': 0.32258, 'auc': 0.78536}
[gps/molhiv/seed=2] test: {'epoch': 90, 'time_epoch': 3.43657, 'loss': 0.23729462, 'lr': 0, 'params': 558673, 'time_iter': 0.02664, 'accuracy': 0.96353, 'precision': 0.3913, 'recall': 0.27692, 'f1': 0.32432, 'auc': 0.77287}
[gps/molhiv/seed=2] > Epoch 90: took 105.0s (avg 105.0s) | Best so far: epoch 63	train_loss: 0.0497 train_auc: 0.9861	val_loss: 0.1009 val_auc: 0.8198	test_loss: 0.1900 test_auc: 0.7838
[event] unit_heartbeat unit=gps/molhiv/seed=2 elapsed_seconds=9629.7 lines=919 log_bytes=96199
[event] unit_heartbeat unit=gps/molhiv/seed=2 elapsed_seconds=9689.8 lines=919 log_bytes=96199
[gps/molhiv/seed=2] train: {'epoch': 91, 'time_epoch': 98.28288, 'eta': 784.26977, 'eta_hours': 0.21785, 'loss': 0.04015904, 'lr': 2.2e-06, 'params': 558673, 'time_iter': 0.09551, 'accuracy': 0.98657, 'precision': 0.8835, 'recall': 0.73864, 'f1': 0.8046, 'auc': 0.99183}
[gps/molhiv/seed=2] val: {'epoch': 91, 'time_epoch': 3.42807, 'loss': 0.13083788, 'lr': 0, 'params': 558673, 'time_iter': 0.02657, 'accuracy': 0.97326, 'precision': 0.33708, 'recall': 0.37037, 'f1': 0.35294, 'auc': 0.79336}
[gps/molhiv/seed=2] test: {'epoch': 91, 'time_epoch': 3.31468, 'loss': 0.23894724, 'lr': 0, 'params': 558673, 'time_iter': 0.0257, 'accuracy': 0.9611, 'precision': 0.36111, 'recall': 0.3, 'f1': 0.32773, 'auc': 0.77456}
[gps/molhiv/seed=2] > Epoch 91: took 105.2s (avg 105.0s) | Best so far: epoch 63	train_loss: 0.0497 train_auc: 0.9861	val_loss: 0.1009 val_auc: 0.8198	test_loss: 0.1900 test_auc: 0.7838
[event] unit_heartbeat unit=gps/molhiv/seed=2 elapsed_seconds=9749.9 lines=923 log_bytes=97019
[event] unit_heartbeat unit=gps/molhiv/seed=2 elapsed_seconds=9810.0 lines=923 log_bytes=97019
[gps/molhiv/seed=2] train: {'epoch': 92, 'time_epoch': 97.7338, 'eta': 686.21348, 'eta_hours': 0.19061, 'loss': 0.04068154, 'lr': 1.74e-06, 'params': 558673, 'time_iter': 0.09498, 'accuracy': 0.98663, 'precision': 0.87931, 'recall': 0.74513, 'f1': 0.80668, 'auc': 0.99119}
[gps/molhiv/seed=2] val: {'epoch': 92, 'time_epoch': 3.36205, 'loss': 0.12098419, 'lr': 0, 'params': 558673, 'time_iter': 0.02606, 'accuracy': 0.97617, 'precision': 0.38961, 'recall': 0.37037, 'f1': 0.37975, 'auc': 0.79783}
[gps/molhiv/seed=2] test: {'epoch': 92, 'time_epoch': 3.47117, 'loss': 0.22368929, 'lr': 0, 'params': 558673, 'time_iter': 0.02691, 'accuracy': 0.96061, 'precision': 0.35185, 'recall': 0.29231, 'f1': 0.31933, 'auc': 0.7808}
[gps/molhiv/seed=2] > Epoch 92: took 104.7s (avg 105.0s) | Best so far: epoch 63	train_loss: 0.0497 train_auc: 0.9861	val_loss: 0.1009 val_auc: 0.8198	test_loss: 0.1900 test_auc: 0.7838
[event] unit_heartbeat unit=gps/molhiv/seed=2 elapsed_seconds=9874.6 lines=927 log_bytes=97846
[gps/molhiv/seed=2] train: {'epoch': 93, 'time_epoch': 98.012, 'eta': 588.1818, 'eta_hours': 0.16338, 'loss': 0.03893993, 'lr': 1.33e-06, 'params': 558673, 'time_iter': 0.09525, 'accuracy': 0.98544, 'precision': 0.85687, 'recall': 0.73377, 'f1': 0.79056, 'auc': 0.9929}
[gps/molhiv/seed=2] val: {'epoch': 93, 'time_epoch': 3.29592, 'loss': 0.12442253, 'lr': 0, 'params': 558673, 'time_iter': 0.02555, 'accuracy': 0.97301, 'precision': 0.32558, 'recall': 0.34568, 'f1': 0.33533, 'auc': 0.79953}
[event] unit_heartbeat unit=gps/molhiv/seed=2 elapsed_seconds=9936.0 lines=929 log_bytes=98300
[gps/molhiv/seed=2] test: {'epoch': 93, 'time_epoch': 3.46304, 'loss': 0.22338454, 'lr': 0, 'params': 558673, 'time_iter': 0.02685, 'accuracy': 0.96159, 'precision': 0.36792, 'recall': 0.3, 'f1': 0.33051, 'auc': 0.77391}
[gps/molhiv/seed=2] > Epoch 93: took 104.9s (avg 105.0s) | Best so far: epoch 63	train_loss: 0.0497 train_auc: 0.9861	val_loss: 0.1009 val_auc: 0.8198	test_loss: 0.1900 test_auc: 0.7838
[event] unit_heartbeat unit=gps/molhiv/seed=2 elapsed_seconds=9999.6 lines=931 log_bytes=98667
[gps/molhiv/seed=2] train: {'epoch': 94, 'time_epoch': 97.99464, 'eta': 490.14962, 'eta_hours': 0.13615, 'loss': 0.0413616, 'lr': 9.8e-07, 'params': 558673, 'time_iter': 0.09523, 'accuracy': 0.98593, 'precision': 0.86103, 'recall': 0.74432, 'f1': 0.79843, 'auc': 0.99102}
[gps/molhiv/seed=2] val: {'epoch': 94, 'time_epoch': 3.36182, 'loss': 0.11917808, 'lr': 0, 'params': 558673, 'time_iter': 0.02606, 'accuracy': 0.97666, 'precision': 0.39726, 'recall': 0.35802, 'f1': 0.37662, 'auc': 0.80302}
[gps/molhiv/seed=2] test: {'epoch': 94, 'time_epoch': 3.33733, 'loss': 0.22238918, 'lr': 0, 'params': 558673, 'time_iter': 0.02587, 'accuracy': 0.96183, 'precision': 0.36893, 'recall': 0.29231, 'f1': 0.32618, 'auc': 0.7871}
[gps/molhiv/seed=2] > Epoch 94: took 104.8s (avg 105.0s) | Best so far: epoch 63	train_loss: 0.0497 train_auc: 0.9861	val_loss: 0.1009 val_auc: 0.8198	test_loss: 0.1900 test_auc: 0.7838
[event] unit_heartbeat unit=gps/molhiv/seed=2 elapsed_seconds=10064.4 lines=935 log_bytes=99493
[event] unit_heartbeat unit=gps/molhiv/seed=2 elapsed_seconds=10124.4 lines=935 log_bytes=99493
[gps/molhiv/seed=2] train: {'epoch': 95, 'time_epoch': 96.77536, 'eta': 392.06742, 'eta_hours': 0.10891, 'loss': 0.03814705, 'lr': 6.8e-07, 'params': 558673, 'time_iter': 0.09405, 'accuracy': 0.98681, 'precision': 0.8736, 'recall': 0.75731, 'f1': 0.8113, 'auc': 0.99191}
[gps/molhiv/seed=2] val: {'epoch': 95, 'time_epoch': 3.40247, 'loss': 0.12400363, 'lr': 0, 'params': 558673, 'time_iter': 0.02638, 'accuracy': 0.97496, 'precision': 0.36905, 'recall': 0.38272, 'f1': 0.37576, 'auc': 0.79071}
[gps/molhiv/seed=2] test: {'epoch': 95, 'time_epoch': 3.25201, 'loss': 0.22499026, 'lr': 0, 'params': 558673, 'time_iter': 0.02521, 'accuracy': 0.96256, 'precision': 0.38, 'recall': 0.29231, 'f1': 0.33043, 'auc': 0.77509}
[gps/molhiv/seed=2] > Epoch 95: took 103.6s (avg 105.0s) | Best so far: epoch 63	train_loss: 0.0497 train_auc: 0.9861	val_loss: 0.1009 val_auc: 0.8198	test_loss: 0.1900 test_auc: 0.7838
[event] unit_heartbeat unit=gps/molhiv/seed=2 elapsed_seconds=10188.0 lines=939 log_bytes=100316
[gps/molhiv/seed=2] train: {'epoch': 96, 'time_epoch': 97.18007, 'eta': 294.02469, 'eta_hours': 0.08167, 'loss': 0.04049917, 'lr': 4.4e-07, 'params': 558673, 'time_iter': 0.09444, 'accuracy': 0.98632, 'precision': 0.86817, 'recall': 0.74838, 'f1': 0.80384, 'auc': 0.99151}
[gps/molhiv/seed=2] val: {'epoch': 96, 'time_epoch': 3.43936, 'loss': 0.12553014, 'lr': 0, 'params': 558673, 'time_iter': 0.02666, 'accuracy': 0.97423, 'precision': 0.3494, 'recall': 0.35802, 'f1': 0.35366, 'auc': 0.79468}
[event] unit_heartbeat unit=gps/molhiv/seed=2 elapsed_seconds=10248.7 lines=941 log_bytes=100772
[gps/molhiv/seed=2] test: {'epoch': 96, 'time_epoch': 3.40812, 'loss': 0.22584278, 'lr': 0, 'params': 558673, 'time_iter': 0.02642, 'accuracy': 0.96256, 'precision': 0.37755, 'recall': 0.28462, 'f1': 0.32456, 'auc': 0.77476}
[gps/molhiv/seed=2] > Epoch 96: took 104.2s (avg 105.0s) | Best so far: epoch 63	train_loss: 0.0497 train_auc: 0.9861	val_loss: 0.1009 val_auc: 0.8198	test_loss: 0.1900 test_auc: 0.7838
[event] unit_heartbeat unit=gps/molhiv/seed=2 elapsed_seconds=10312.2 lines=943 log_bytes=101143
[gps/molhiv/seed=2] train: {'epoch': 97, 'time_epoch': 97.82616, 'eta': 196.01274, 'eta_hours': 0.05445, 'loss': 0.036778, 'lr': 2.5e-07, 'params': 558673, 'time_iter': 0.09507, 'accuracy': 0.98657, 'precision': 0.87405, 'recall': 0.74919, 'f1': 0.80682, 'auc': 0.99353}
[gps/molhiv/seed=2] val: {'epoch': 97, 'time_epoch': 3.3028, 'loss': 0.12755531, 'lr': 0, 'params': 558673, 'time_iter': 0.0256, 'accuracy': 0.97569, 'precision': 0.37333, 'recall': 0.34568, 'f1': 0.35897, 'auc': 0.78873}
[gps/molhiv/seed=2] test: {'epoch': 97, 'time_epoch': 3.55561, 'loss': 0.23945104, 'lr': 0, 'params': 558673, 'time_iter': 0.02756, 'accuracy': 0.96231, 'precision': 0.37113, 'recall': 0.27692, 'f1': 0.31718, 'auc': 0.77523}
[gps/molhiv/seed=2] > Epoch 97: took 104.8s (avg 105.0s) | Best so far: epoch 63	train_loss: 0.0497 train_auc: 0.9861	val_loss: 0.1009 val_auc: 0.8198	test_loss: 0.1900 test_auc: 0.7838
[event] unit_heartbeat unit=gps/molhiv/seed=2 elapsed_seconds=10377.0 lines=947 log_bytes=101967
[event] unit_heartbeat unit=gps/molhiv/seed=2 elapsed_seconds=10437.0 lines=947 log_bytes=101967
[gps/molhiv/seed=2] train: {'epoch': 98, 'time_epoch': 97.98238, 'eta': 98.00613, 'eta_hours': 0.02722, 'loss': 0.04059185, 'lr': 1.1e-07, 'params': 558673, 'time_iter': 0.09522, 'accuracy': 0.98565, 'precision': 0.84926, 'recall': 0.75, 'f1': 0.79655, 'auc': 0.99179}
[gps/molhiv/seed=2] val: {'epoch': 98, 'time_epoch': 3.37157, 'loss': 0.12246261, 'lr': 0, 'params': 558673, 'time_iter': 0.02614, 'accuracy': 0.97471, 'precision': 0.34247, 'recall': 0.30864, 'f1': 0.32468, 'auc': 0.79731}
[gps/molhiv/seed=2] test: {'epoch': 98, 'time_epoch': 3.51192, 'loss': 0.22888994, 'lr': 0, 'params': 558673, 'time_iter': 0.02722, 'accuracy': 0.96304, 'precision': 0.38298, 'recall': 0.27692, 'f1': 0.32143, 'auc': 0.77601}
[gps/molhiv/seed=2] > Epoch 98: took 105.0s (avg 105.0s) | Best so far: epoch 63	train_loss: 0.0497 train_auc: 0.9861	val_loss: 0.1009 val_auc: 0.8198	test_loss: 0.1900 test_auc: 0.7838
[event] unit_heartbeat unit=gps/molhiv/seed=2 elapsed_seconds=10502.0 lines=951 log_bytes=102791
[gps/molhiv/seed=2] train: {'epoch': 99, 'time_epoch': 97.81577, 'eta': 0.0, 'eta_hours': 0.0, 'loss': 0.03904177, 'lr': 3e-08, 'params': 558673, 'time_iter': 0.09506, 'accuracy': 0.98638, 'precision': 0.86499, 'recall': 0.75406, 'f1': 0.80572, 'auc': 0.99297}
[gps/molhiv/seed=2] val: {'epoch': 99, 'time_epoch': 3.47568, 'loss': 0.12625173, 'lr': 0, 'params': 558673, 'time_iter': 0.02694, 'accuracy': 0.97471, 'precision': 0.35802, 'recall': 0.35802, 'f1': 0.35802, 'auc': 0.7922}
[event] unit_heartbeat unit=gps/molhiv/seed=2 elapsed_seconds=10563.4 lines=953 log_bytes=103235
[gps/molhiv/seed=2] test: {'epoch': 99, 'time_epoch': 3.47825, 'loss': 0.23260308, 'lr': 0, 'params': 558673, 'time_iter': 0.02696, 'accuracy': 0.96183, 'precision': 0.36893, 'recall': 0.29231, 'f1': 0.32618, 'auc': 0.77517}
[gps/molhiv/seed=2] > Epoch 99: took 104.9s (avg 105.0s) | Best so far: epoch 63	train_loss: 0.0497 train_auc: 0.9861	val_loss: 0.1009 val_auc: 0.8198	test_loss: 0.1900 test_auc: 0.7838
[gps/molhiv/seed=2] Avg time per epoch: 104.99s
[gps/molhiv/seed=2] {'epoch': 63, 'time_epoch': 3.42116, 'loss': 0.1009231, 'lr': 0, 'params': 558673, 'time_iter': 0.02652, 'accuracy': 0.97812, 'precision': 0.42623, 'recall': 0.32099, 'f1': 0.3662, 'auc': 0.81982}
[gps/molhiv/seed=2] {'epoch': 63, 'time_epoch': 98.73752, 'eta': 3523.14504, 'eta_hours': 0.97865, 'loss': 0.04971222, 'lr': 3.299e-05, 'params': 558673, 'time_iter': 0.09595, 'accuracy': 0.98274, 'precision': 0.83603, 'recall': 0.67045, 'f1': 0.74414, 'auc': 0.98608}
[gps/molhiv/seed=2] {'epoch': 63, 'time_epoch': 3.40473, 'loss': 0.18996277, 'lr': 0, 'params': 558673, 'time_iter': 0.02639, 'accuracy': 0.96353, 'precision': 0.38372, 'recall': 0.25385, 'f1': 0.30556, 'auc': 0.78382}
[event] unit_process_end unit=gps/molhiv/seed=2 returncode=0 duration_seconds=10570.067 timed_out=False lines=964 log_bytes=104484
[event] registry_append method=gps dataset=molhiv protocol=paper-seeds-provisional seed=2 status=success
[registry] gps/molhiv/paper-seeds-provisional/seed=2 roc_auc=0.78382 [success]
[event] unit_end method=gps dataset=molhiv protocol=paper-seeds-provisional seed=2 status=success
[event] unit_start method=gps dataset=molhiv protocol=paper-seeds-provisional seed=3

=== RUN gps molhiv seed=3 protocol=paper-seeds-provisional   ===
[event] unit_process_start unit=gps/molhiv/seed=3 command=/kaggle/working/.venv310/bin/python main.py --cfg configs/GPS/ogbg-molhiv-GPS+RWSE.yaml wandb.use False seed 3 cwd=/kaggle/working/vendor/GraphGPS log=hod-gnn-results/logs/gps-molhiv-3.log timeout_seconds=21600
[gps/molhiv/seed=3] metric_best: auc
[gps/molhiv/seed=3] max_epoch: 100
[gps/molhiv/seed=3] num_warmup_epochs: 5
[gps/molhiv/seed=3] train:
[gps/molhiv/seed=3] ckpt_best: False
[gps/molhiv/seed=3] epoch_resume: -1
[gps/molhiv/seed=3] iter_per_epoch: 32
[gps/molhiv/seed=3] skip_train_eval: False
[gps/molhiv/seed=3] val:
[event] unit_heartbeat unit=gps/molhiv/seed=3 elapsed_seconds=62.1 lines=502 log_bytes=17487
[event] unit_heartbeat unit=gps/molhiv/seed=3 elapsed_seconds=122.2 lines=502 log_bytes=17487
[gps/molhiv/seed=3] Start from epoch 0
[gps/molhiv/seed=3] train: {'epoch': 0, 'time_epoch': 98.8081, 'eta': 9782.0018, 'eta_hours': 2.71722, 'loss': 0.63531246, 'lr': 0.0, 'params': 558673, 'time_iter': 0.09602, 'accuracy': 0.92681, 'precision': 0.02885, 'recall': 0.02922, 'f1': 0.02903, 'auc': 0.52332}
[gps/molhiv/seed=3] ...computing epoch stats took: 0.11s
[gps/molhiv/seed=3] val: {'epoch': 0, 'time_epoch': 3.88679, 'loss': 0.64959632, 'lr': 0, 'params': 558673, 'time_iter': 0.03013, 'accuracy': 0.87284, 'precision': 0.01747, 'recall': 0.09877, 'f1': 0.02968, 'auc': 0.52334}
[gps/molhiv/seed=3] ...computing epoch stats took: 0.02s
[gps/molhiv/seed=3] test: {'epoch': 0, 'time_epoch': 3.92728, 'loss': 0.64466016, 'lr': 0, 'params': 558673, 'time_iter': 0.03044, 'accuracy': 0.85996, 'precision': 0.03347, 'recall': 0.12308, 'f1': 0.05263, 'auc': 0.5872}
[gps/molhiv/seed=3] ...computing epoch stats took: 0.02s
[gps/molhiv/seed=3] > Epoch 0: took 106.8s (avg 106.8s) | Best so far: epoch 0	train_loss: 0.6353 train_auc: 0.5233	val_loss: 0.6496 val_auc: 0.5233	test_loss: 0.6447 test_auc: 0.5872
[event] unit_heartbeat unit=gps/molhiv/seed=3 elapsed_seconds=183.9 lines=510 log_bytes=18434
[event] unit_heartbeat unit=gps/molhiv/seed=3 elapsed_seconds=244.0 lines=510 log_bytes=18434
[gps/molhiv/seed=3] train: {'epoch': 1, 'time_epoch': 97.34789, 'eta': 9611.6436, 'eta_hours': 2.6699, 'loss': 0.33348432, 'lr': 2e-05, 'params': 558673, 'time_iter': 0.0946, 'accuracy': 0.9624, 'precision': 0.14286, 'recall': 0.00081, 'f1': 0.00161, 'auc': 0.54322}
[gps/molhiv/seed=3] ...computing epoch stats took: 0.07s
[gps/molhiv/seed=3] val: {'epoch': 1, 'time_epoch': 3.63691, 'loss': 0.15265303, 'lr': 0, 'params': 558673, 'time_iter': 0.02819, 'accuracy': 0.98031, 'precision': 0.0, 'recall': 0.0, 'f1': 0.0, 'auc': 0.58192}
[gps/molhiv/seed=3] ...computing epoch stats took: 0.01s
[gps/molhiv/seed=3] test: {'epoch': 1, 'time_epoch': 3.45996, 'loss': 0.1700993, 'lr': 0, 'params': 558673, 'time_iter': 0.02682, 'accuracy': 0.96839, 'precision': 0.0, 'recall': 0.0, 'f1': 0.0, 'auc': 0.62379}
[gps/molhiv/seed=3] ...computing epoch stats took: 0.01s
[gps/molhiv/seed=3] > Epoch 1: took 104.6s (avg 105.7s) | Best so far: epoch 1	train_loss: 0.3335 train_auc: 0.5432	val_loss: 0.1527 val_auc: 0.5819	test_loss: 0.1701 test_auc: 0.6238
[event] unit_heartbeat unit=gps/molhiv/seed=3 elapsed_seconds=308.5 lines=521 log_bytes=19984
[gps/molhiv/seed=3] train: {'epoch': 2, 'time_epoch': 97.05218, 'eta': 9480.39756, 'eta_hours': 2.63344, 'loss': 0.16088084, 'lr': 4e-05, 'params': 558673, 'time_iter': 0.09432, 'accuracy': 0.96255, 'precision': 0.0, 'recall': 0.0, 'f1': 0.0, 'auc': 0.64855}
[gps/molhiv/seed=3] ...computing epoch stats took: 0.05s
[event] unit_heartbeat unit=gps/molhiv/seed=3 elapsed_seconds=369.0 lines=526 log_bytes=20833
[gps/molhiv/seed=3] val: {'epoch': 2, 'time_epoch': 3.40221, 'loss': 0.09903733, 'lr': 0, 'params': 558673, 'time_iter': 0.02637, 'accuracy': 0.98031, 'precision': 0.0, 'recall': 0.0, 'f1': 0.0, 'auc': 0.69299}
[gps/molhiv/seed=3] ...computing epoch stats took: 0.01s
[gps/molhiv/seed=3] test: {'epoch': 2, 'time_epoch': 3.39744, 'loss': 0.13269362, 'lr': 0, 'params': 558673, 'time_iter': 0.02634, 'accuracy': 0.96839, 'precision': 0.0, 'recall': 0.0, 'f1': 0.0, 'auc': 0.71687}
[gps/molhiv/seed=3] ...computing epoch stats took: 0.01s
[gps/molhiv/seed=3] > Epoch 2: took 104.0s (avg 105.1s) | Best so far: epoch 2	train_loss: 0.1609 train_auc: 0.6485	val_loss: 0.0990 val_auc: 0.6930	test_loss: 0.1327 test_auc: 0.7169
[event] unit_heartbeat unit=gps/molhiv/seed=3 elapsed_seconds=432.5 lines=534 log_bytes=21850
[gps/molhiv/seed=3] train: {'epoch': 3, 'time_epoch': 97.72302, 'eta': 9382.34867, 'eta_hours': 2.60621, 'loss': 0.14693927, 'lr': 6e-05, 'params': 558673, 'time_iter': 0.09497, 'accuracy': 0.96255, 'precision': 0.0, 'recall': 0.0, 'f1': 0.0, 'auc': 0.7175}
[gps/molhiv/seed=3] val: {'epoch': 3, 'time_epoch': 3.35064, 'loss': 0.0912872, 'lr': 0, 'params': 558673, 'time_iter': 0.02597, 'accuracy': 0.98031, 'precision': 0.0, 'recall': 0.0, 'f1': 0.0, 'auc': 0.7206}
[gps/molhiv/seed=3] test: {'epoch': 3, 'time_epoch': 3.3989, 'loss': 0.12679897, 'lr': 0, 'params': 558673, 'time_iter': 0.02635, 'accuracy': 0.96839, 'precision': 0.0, 'recall': 0.0, 'f1': 0.0, 'auc': 0.72163}
[gps/molhiv/seed=3] > Epoch 3: took 104.6s (avg 105.0s) | Best so far: epoch 3	train_loss: 0.1469 train_auc: 0.7175	val_loss: 0.0913 val_auc: 0.7206	test_loss: 0.1268 test_auc: 0.7216
[event] unit_heartbeat unit=gps/molhiv/seed=3 elapsed_seconds=497.1 lines=544 log_bytes=23601
[event] unit_heartbeat unit=gps/molhiv/seed=3 elapsed_seconds=557.2 lines=544 log_bytes=23601
[gps/molhiv/seed=3] train: {'epoch': 4, 'time_epoch': 97.46483, 'eta': 9279.5245, 'eta_hours': 2.57765, 'loss': 0.13946214, 'lr': 8e-05, 'params': 558673, 'time_iter': 0.09472, 'accuracy': 0.96255, 'precision': 0.0, 'recall': 0.0, 'f1': 0.0, 'auc': 0.74793}
[gps/molhiv/seed=3] val: {'epoch': 4, 'time_epoch': 3.38348, 'loss': 0.09385322, 'lr': 0, 'params': 558673, 'time_iter': 0.02623, 'accuracy': 0.98031, 'precision': 0.0, 'recall': 0.0, 'f1': 0.0, 'auc': 0.70546}
[gps/molhiv/seed=3] test: {'epoch': 4, 'time_epoch': 3.61785, 'loss': 0.13004759, 'lr': 0, 'params': 558673, 'time_iter': 0.02805, 'accuracy': 0.96839, 'precision': 0.0, 'recall': 0.0, 'f1': 0.0, 'auc': 0.70388}
[gps/molhiv/seed=3] > Epoch 4: took 104.6s (avg 104.9s) | Best so far: epoch 3	train_loss: 0.1469 train_auc: 0.7175	val_loss: 0.0913 val_auc: 0.7206	test_loss: 0.1268 test_auc: 0.7216
[event] unit_heartbeat unit=gps/molhiv/seed=3 elapsed_seconds=621.7 lines=554 log_bytes=25355
[gps/molhiv/seed=3] train: {'epoch': 5, 'time_epoch': 97.50719, 'eta': 9179.15043, 'eta_hours': 2.54976, 'loss': 0.13210929, 'lr': 0.0001, 'params': 558673, 'time_iter': 0.09476, 'accuracy': 0.96292, 'precision': 0.75, 'recall': 0.01461, 'f1': 0.02866, 'auc': 0.78436}
[gps/molhiv/seed=3] val: {'epoch': 5, 'time_epoch': 3.38266, 'loss': 0.08617338, 'lr': 0, 'params': 558673, 'time_iter': 0.02622, 'accuracy': 0.98031, 'precision': 0.5, 'recall': 0.06173, 'f1': 0.10989, 'auc': 0.72788}
[event] unit_heartbeat unit=gps/molhiv/seed=3 elapsed_seconds=682.7 lines=556 log_bytes=25803
[gps/molhiv/seed=3] test: {'epoch': 5, 'time_epoch': 3.56841, 'loss': 0.12433324, 'lr': 0, 'params': 558673, 'time_iter': 0.02766, 'accuracy': 0.96961, 'precision': 0.85714, 'recall': 0.04615, 'f1': 0.08759, 'auc': 0.73375}
[gps/molhiv/seed=3] > Epoch 5: took 104.6s (avg 104.9s) | Best so far: epoch 5	train_loss: 0.1321 train_auc: 0.7844	val_loss: 0.0862 val_auc: 0.7279	test_loss: 0.1243 test_auc: 0.7338
[event] unit_heartbeat unit=gps/molhiv/seed=3 elapsed_seconds=746.4 lines=558 log_bytes=26171
[gps/molhiv/seed=3] train: {'epoch': 6, 'time_epoch': 97.6235, 'eta': 9081.14074, 'eta_hours': 2.52254, 'loss': 0.12874463, 'lr': 9.997e-05, 'params': 558673, 'time_iter': 0.09487, 'accuracy': 0.96426, 'precision': 0.69718, 'recall': 0.08036, 'f1': 0.1441, 'auc': 0.79562}
[gps/molhiv/seed=3] val: {'epoch': 6, 'time_epoch': 3.45079, 'loss': 0.08348709, 'lr': 0, 'params': 558673, 'time_iter': 0.02675, 'accuracy': 0.98104, 'precision': 0.8, 'recall': 0.04938, 'f1': 0.09302, 'auc': 0.75505}
[gps/molhiv/seed=3] test: {'epoch': 6, 'time_epoch': 3.38971, 'loss': 0.12598643, 'lr': 0, 'params': 558673, 'time_iter': 0.02628, 'accuracy': 0.96839, 'precision': 0.0, 'recall': 0.0, 'f1': 0.0, 'auc': 0.73677}
[gps/molhiv/seed=3] > Epoch 6: took 104.6s (avg 104.8s) | Best so far: epoch 6	train_loss: 0.1287 train_auc: 0.7956	val_loss: 0.0835 val_auc: 0.7550	test_loss: 0.1260 test_auc: 0.7368
[event] unit_heartbeat unit=gps/molhiv/seed=3 elapsed_seconds=810.9 lines=564 log_bytes=27302
[event] unit_heartbeat unit=gps/molhiv/seed=3 elapsed_seconds=871.0 lines=564 log_bytes=27302
[gps/molhiv/seed=3] train: {'epoch': 7, 'time_epoch': 97.56973, 'eta': 8982.60923, 'eta_hours': 2.49517, 'loss': 0.12339004, 'lr': 9.989e-05, 'params': 558673, 'time_iter': 0.09482, 'accuracy': 0.96538, 'precision': 0.64048, 'recall': 0.17208, 'f1': 0.27127, 'auc': 0.80601}
[gps/molhiv/seed=3] val: {'epoch': 7, 'time_epoch': 3.3587, 'loss': 0.09452398, 'lr': 0, 'params': 558673, 'time_iter': 0.02604, 'accuracy': 0.97715, 'precision': 0.36735, 'recall': 0.22222, 'f1': 0.27692, 'auc': 0.73961}
[gps/molhiv/seed=3] test: {'epoch': 7, 'time_epoch': 3.41675, 'loss': 0.12213336, 'lr': 0, 'params': 558673, 'time_iter': 0.02649, 'accuracy': 0.96596, 'precision': 0.42647, 'recall': 0.22308, 'f1': 0.29293, 'auc': 0.76103}
[gps/molhiv/seed=3] > Epoch 7: took 104.5s (avg 104.8s) | Best so far: epoch 6	train_loss: 0.1287 train_auc: 0.7956	val_loss: 0.0835 val_auc: 0.7550	test_loss: 0.1260 test_auc: 0.7368
[event] unit_heartbeat unit=gps/molhiv/seed=3 elapsed_seconds=935.5 lines=568 log_bytes=28127
[gps/molhiv/seed=3] train: {'epoch': 8, 'time_epoch': 98.60456, 'eta': 8894.7547, 'eta_hours': 2.47077, 'loss': 0.12036882, 'lr': 9.975e-05, 'params': 558673, 'time_iter': 0.09583, 'accuracy': 0.96553, 'precision': 0.62827, 'recall': 0.19481, 'f1': 0.2974, 'auc': 0.81722}
[gps/molhiv/seed=3] val: {'epoch': 8, 'time_epoch': 3.49226, 'loss': 0.08627063, 'lr': 0, 'params': 558673, 'time_iter': 0.02707, 'accuracy': 0.98152, 'precision': 0.63158, 'recall': 0.14815, 'f1': 0.24, 'auc': 0.73712}
[event] unit_heartbeat unit=gps/molhiv/seed=3 elapsed_seconds=997.7 lines=570 log_bytes=28580
[gps/molhiv/seed=3] test: {'epoch': 8, 'time_epoch': 3.71021, 'loss': 0.12587113, 'lr': 0, 'params': 558673, 'time_iter': 0.02876, 'accuracy': 0.96548, 'precision': 0.125, 'recall': 0.01538, 'f1': 0.0274, 'auc': 0.75367}
[gps/molhiv/seed=3] > Epoch 8: took 106.0s (avg 104.9s) | Best so far: epoch 6	train_loss: 0.1287 train_auc: 0.7956	val_loss: 0.0835 val_auc: 0.7550	test_loss: 0.1260 test_auc: 0.7368
[event] unit_heartbeat unit=gps/molhiv/seed=3 elapsed_seconds=1061.4 lines=572 log_bytes=28945
[gps/molhiv/seed=3] train: {'epoch': 9, 'time_epoch': 97.40304, 'eta': 8793.93646, 'eta_hours': 2.44276, 'loss': 0.11710948, 'lr': 9.956e-05, 'params': 558673, 'time_iter': 0.09466, 'accuracy': 0.96675, 'precision': 0.65753, 'recall': 0.23377, 'f1': 0.34491, 'auc': 0.82717}
[gps/molhiv/seed=3] val: {'epoch': 9, 'time_epoch': 3.42013, 'loss': 0.08094823, 'lr': 0, 'params': 558673, 'time_iter': 0.02651, 'accuracy': 0.98128, 'precision': 0.57692, 'recall': 0.18519, 'f1': 0.28037, 'auc': 0.75194}
[gps/molhiv/seed=3] test: {'epoch': 9, 'time_epoch': 3.52962, 'loss': 0.12047508, 'lr': 0, 'params': 558673, 'time_iter': 0.02736, 'accuracy': 0.97082, 'precision': 0.66667, 'recall': 0.15385, 'f1': 0.25, 'auc': 0.75935}
[gps/molhiv/seed=3] > Epoch 9: took 104.5s (avg 104.9s) | Best so far: epoch 6	train_loss: 0.1287 train_auc: 0.7956	val_loss: 0.0835 val_auc: 0.7550	test_loss: 0.1260 test_auc: 0.7368
[event] unit_heartbeat unit=gps/molhiv/seed=3 elapsed_seconds=1125.9 lines=576 log_bytes=29768
[event] unit_heartbeat unit=gps/molhiv/seed=3 elapsed_seconds=1186.0 lines=576 log_bytes=29768
[gps/molhiv/seed=3] train: {'epoch': 10, 'time_epoch': 96.78651, 'eta': 8688.75092, 'eta_hours': 2.41354, 'loss': 0.11409449, 'lr': 9.932e-05, 'params': 558673, 'time_iter': 0.09406, 'accuracy': 0.96787, 'precision': 0.6898, 'recall': 0.25812, 'f1': 0.37566, 'auc': 0.83813}
[gps/molhiv/seed=3] val: {'epoch': 10, 'time_epoch': 3.46139, 'loss': 0.075903, 'lr': 0, 'params': 558673, 'time_iter': 0.02683, 'accuracy': 0.98298, 'precision': 0.73913, 'recall': 0.20988, 'f1': 0.32692, 'auc': 0.79552}
[gps/molhiv/seed=3] test: {'epoch': 10, 'time_epoch': 3.33895, 'loss': 0.11782426, 'lr': 0, 'params': 558673, 'time_iter': 0.02588, 'accuracy': 0.97009, 'precision': 0.88889, 'recall': 0.06154, 'f1': 0.11511, 'auc': 0.77446}
[gps/molhiv/seed=3] > Epoch 10: took 103.7s (avg 104.8s) | Best so far: epoch 10	train_loss: 0.1141 train_auc: 0.8381	val_loss: 0.0759 val_auc: 0.7955	test_loss: 0.1178 test_auc: 0.7745
[event] unit_heartbeat unit=gps/molhiv/seed=3 elapsed_seconds=1249.7 lines=580 log_bytes=30596
[gps/molhiv/seed=3] train: {'epoch': 11, 'time_epoch': 96.62304, 'eta': 8583.76641, 'eta_hours': 2.38438, 'loss': 0.11178544, 'lr': 9.902e-05, 'params': 558673, 'time_iter': 0.0939, 'accuracy': 0.96854, 'precision': 0.69661, 'recall': 0.28328, 'f1': 0.40277, 'auc': 0.84287}
[gps/molhiv/seed=3] val: {'epoch': 11, 'time_epoch': 3.34276, 'loss': 0.08235954, 'lr': 0, 'params': 558673, 'time_iter': 0.02591, 'accuracy': 0.98152, 'precision': 0.5641, 'recall': 0.2716, 'f1': 0.36667, 'auc': 0.75055}
[event] unit_heartbeat unit=gps/molhiv/seed=3 elapsed_seconds=1309.7 lines=582 log_bytes=31053
[gps/molhiv/seed=3] test: {'epoch': 11, 'time_epoch': 3.37155, 'loss': 0.12382001, 'lr': 0, 'params': 558673, 'time_iter': 0.02614, 'accuracy': 0.96669, 'precision': 0.44068, 'recall': 0.2, 'f1': 0.27513, 'auc': 0.74427}
[gps/molhiv/seed=3] > Epoch 11: took 103.5s (avg 104.7s) | Best so far: epoch 10	train_loss: 0.1141 train_auc: 0.8381	val_loss: 0.0759 val_auc: 0.7955	test_loss: 0.1178 test_auc: 0.7745
[event] unit_heartbeat unit=gps/molhiv/seed=3 elapsed_seconds=1373.2 lines=584 log_bytes=31420
[gps/molhiv/seed=3] train: {'epoch': 12, 'time_epoch': 96.25789, 'eta': 8477.62462, 'eta_hours': 2.3549, 'loss': 0.10966014, 'lr': 9.867e-05, 'params': 558673, 'time_iter': 0.09355, 'accuracy': 0.96888, 'precision': 0.70472, 'recall': 0.29058, 'f1': 0.41149, 'auc': 0.8509}
[gps/molhiv/seed=3] val: {'epoch': 12, 'time_epoch': 3.36824, 'loss': 0.0763645, 'lr': 0, 'params': 558673, 'time_iter': 0.02611, 'accuracy': 0.98298, 'precision': 0.67742, 'recall': 0.25926, 'f1': 0.375, 'auc': 0.77465}
[gps/molhiv/seed=3] test: {'epoch': 12, 'time_epoch': 3.35727, 'loss': 0.11934808, 'lr': 0, 'params': 558673, 'time_iter': 0.02603, 'accuracy': 0.97034, 'precision': 0.59524, 'recall': 0.19231, 'f1': 0.2907, 'auc': 0.76124}
[gps/molhiv/seed=3] > Epoch 12: took 103.1s (avg 104.6s) | Best so far: epoch 10	train_loss: 0.1141 train_auc: 0.8381	val_loss: 0.0759 val_auc: 0.7955	test_loss: 0.1178 test_auc: 0.7745
[event] unit_heartbeat unit=gps/molhiv/seed=3 elapsed_seconds=1436.3 lines=588 log_bytes=32245
[event] unit_heartbeat unit=gps/molhiv/seed=3 elapsed_seconds=1496.3 lines=588 log_bytes=32245
[gps/molhiv/seed=3] train: {'epoch': 13, 'time_epoch': 95.84442, 'eta': 8370.35493, 'eta_hours': 2.3251, 'loss': 0.10913091, 'lr': 9.826e-05, 'params': 558673, 'time_iter': 0.09314, 'accuracy': 0.96827, 'precision': 0.67939, 'recall': 0.28896, 'f1': 0.40547, 'auc': 0.85653}
[gps/molhiv/seed=3] val: {'epoch': 13, 'time_epoch': 3.33541, 'loss': 0.07768593, 'lr': 0, 'params': 558673, 'time_iter': 0.02586, 'accuracy': 0.98177, 'precision': 0.575, 'recall': 0.28395, 'f1': 0.38017, 'auc': 0.77756}
[gps/molhiv/seed=3] test: {'epoch': 13, 'time_epoch': 3.4058, 'loss': 0.11818935, 'lr': 0, 'params': 558673, 'time_iter': 0.0264, 'accuracy': 0.96815, 'precision': 0.4902, 'recall': 0.19231, 'f1': 0.27624, 'auc': 0.76936}
[gps/molhiv/seed=3] > Epoch 13: took 102.7s (avg 104.4s) | Best so far: epoch 10	train_loss: 0.1141 train_auc: 0.8381	val_loss: 0.0759 val_auc: 0.7955	test_loss: 0.1178 test_auc: 0.7745
[event] unit_heartbeat unit=gps/molhiv/seed=3 elapsed_seconds=1559.0 lines=592 log_bytes=33070
[gps/molhiv/seed=3] train: {'epoch': 14, 'time_epoch': 95.69504, 'eta': 8263.76209, 'eta_hours': 2.29549, 'loss': 0.10651427, 'lr': 9.78e-05, 'params': 558673, 'time_iter': 0.093, 'accuracy': 0.96933, 'precision': 0.70236, 'recall': 0.31412, 'f1': 0.4341, 'auc': 0.86136}
[gps/molhiv/seed=3] val: {'epoch': 14, 'time_epoch': 3.27175, 'loss': 0.08149434, 'lr': 0, 'params': 558673, 'time_iter': 0.02536, 'accuracy': 0.98031, 'precision': 0.5, 'recall': 0.2963, 'f1': 0.37209, 'auc': 0.78325}
[gps/molhiv/seed=3] test: {'epoch': 14, 'time_epoch': 3.31754, 'loss': 0.11552525, 'lr': 0, 'params': 558673, 'time_iter': 0.02572, 'accuracy': 0.96888, 'precision': 0.51613, 'recall': 0.24615, 'f1': 0.33333, 'auc': 0.77566}
[event] unit_heartbeat unit=gps/molhiv/seed=3 elapsed_seconds=1621.4 lines=595 log_bytes=33726
[gps/molhiv/seed=3] > Epoch 14: took 102.4s (avg 104.3s) | Best so far: epoch 10	train_loss: 0.1141 train_auc: 0.8381	val_loss: 0.0759 val_auc: 0.7955	test_loss: 0.1178 test_auc: 0.7745
[event] unit_heartbeat unit=gps/molhiv/seed=3 elapsed_seconds=1681.5 lines=596 log_bytes=33892
[gps/molhiv/seed=3] train: {'epoch': 15, 'time_epoch': 95.80358, 'eta': 8159.10134, 'eta_hours': 2.26642, 'loss': 0.10561384, 'lr': 9.729e-05, 'params': 558673, 'time_iter': 0.0931, 'accuracy': 0.96997, 'precision': 0.71329, 'recall': 0.33117, 'f1': 0.45233, 'auc': 0.86476}
[gps/molhiv/seed=3] val: {'epoch': 15, 'time_epoch': 3.33881, 'loss': 0.08125343, 'lr': 0, 'params': 558673, 'time_iter': 0.02588, 'accuracy': 0.9786, 'precision': 0.42553, 'recall': 0.24691, 'f1': 0.3125, 'auc': 0.78306}
[gps/molhiv/seed=3] test: {'epoch': 15, 'time_epoch': 3.3234, 'loss': 0.12144812, 'lr': 0, 'params': 558673, 'time_iter': 0.02576, 'accuracy': 0.96791, 'precision': 0.48529, 'recall': 0.25385, 'f1': 0.33333, 'auc': 0.76618}
[gps/molhiv/seed=3] > Epoch 15: took 102.6s (avg 104.2s) | Best so far: epoch 10	train_loss: 0.1141 train_auc: 0.8381	val_loss: 0.0759 val_auc: 0.7955	test_loss: 0.1178 test_auc: 0.7745
[event] unit_heartbeat unit=gps/molhiv/seed=3 elapsed_seconds=1744.1 lines=600 log_bytes=34719
[event] unit_heartbeat unit=gps/molhiv/seed=3 elapsed_seconds=1804.1 lines=600 log_bytes=34719
[gps/molhiv/seed=3] train: {'epoch': 16, 'time_epoch': 94.66228, 'eta': 8049.91037, 'eta_hours': 2.23609, 'loss': 0.10237009, 'lr': 9.673e-05, 'params': 558673, 'time_iter': 0.09199, 'accuracy': 0.97021, 'precision': 0.71799, 'recall': 0.33685, 'f1': 0.45856, 'auc': 0.87707}
[gps/molhiv/seed=3] val: {'epoch': 16, 'time_epoch': 3.27758, 'loss': 0.08015264, 'lr': 0, 'params': 558673, 'time_iter': 0.02541, 'accuracy': 0.97982, 'precision': 0.48276, 'recall': 0.34568, 'f1': 0.40288, 'auc': 0.78653}
[gps/molhiv/seed=3] test: {'epoch': 16, 'time_epoch': 3.47366, 'loss': 0.12145613, 'lr': 0, 'params': 558673, 'time_iter': 0.02693, 'accuracy': 0.96815, 'precision': 0.49275, 'recall': 0.26154, 'f1': 0.34171, 'auc': 0.76349}
[gps/molhiv/seed=3] > Epoch 16: took 101.6s (avg 104.0s) | Best so far: epoch 10	train_loss: 0.1141 train_auc: 0.8381	val_loss: 0.0759 val_auc: 0.7955	test_loss: 0.1178 test_auc: 0.7745
[event] unit_heartbeat unit=gps/molhiv/seed=3 elapsed_seconds=1865.6 lines=604 log_bytes=35550
[gps/molhiv/seed=3] train: {'epoch': 17, 'time_epoch': 95.9021, 'eta': 7947.98178, 'eta_hours': 2.20777, 'loss': 0.10214299, 'lr': 9.611e-05, 'params': 558673, 'time_iter': 0.0932, 'accuracy': 0.9704, 'precision': 0.71939, 'recall': 0.34334, 'f1': 0.46484, 'auc': 0.87819}
[gps/molhiv/seed=3] val: {'epoch': 17, 'time_epoch': 3.38082, 'loss': 0.07261137, 'lr': 0, 'params': 558673, 'time_iter': 0.02621, 'accuracy': 0.98274, 'precision': 0.66667, 'recall': 0.24691, 'f1': 0.36036, 'auc': 0.81774}
[gps/molhiv/seed=3] test: {'epoch': 17, 'time_epoch': 3.28615, 'loss': 0.12145087, 'lr': 0, 'params': 558673, 'time_iter': 0.02547, 'accuracy': 0.97082, 'precision': 0.67857, 'recall': 0.14615, 'f1': 0.24051, 'auc': 0.77265}
[event] unit_heartbeat unit=gps/molhiv/seed=3 elapsed_seconds=1928.3 lines=607 log_bytes=36212
[gps/molhiv/seed=3] > Epoch 17: took 102.7s (avg 104.0s) | Best so far: epoch 17	train_loss: 0.1021 train_auc: 0.8782	val_loss: 0.0726 val_auc: 0.8177	test_loss: 0.1215 test_auc: 0.7726
[event] unit_heartbeat unit=gps/molhiv/seed=3 elapsed_seconds=1988.4 lines=608 log_bytes=36378
[gps/molhiv/seed=3] train: {'epoch': 18, 'time_epoch': 95.41839, 'eta': 7844.62539, 'eta_hours': 2.17906, 'loss': 0.10079832, 'lr': 9.545e-05, 'params': 558673, 'time_iter': 0.09273, 'accuracy': 0.97116, 'precision': 0.72786, 'recall': 0.36688, 'f1': 0.48786, 'auc': 0.88156}
[gps/molhiv/seed=3] val: {'epoch': 18, 'time_epoch': 3.33067, 'loss': 0.07525437, 'lr': 0, 'params': 558673, 'time_iter': 0.02582, 'accuracy': 0.9842, 'precision': 0.76667, 'recall': 0.28395, 'f1': 0.41441, 'auc': 0.7869}
[gps/molhiv/seed=3] test: {'epoch': 18, 'time_epoch': 3.2817, 'loss': 0.12171096, 'lr': 0, 'params': 558673, 'time_iter': 0.02544, 'accuracy': 0.97058, 'precision': 0.62162, 'recall': 0.17692, 'f1': 0.27545, 'auc': 0.74502}
[gps/molhiv/seed=3] > Epoch 18: took 102.2s (avg 103.9s) | Best so far: epoch 17	train_loss: 0.1021 train_auc: 0.8782	val_loss: 0.0726 val_auc: 0.8177	test_loss: 0.1215 test_auc: 0.7726
[event] unit_heartbeat unit=gps/molhiv/seed=3 elapsed_seconds=2050.5 lines=612 log_bytes=37206
[event] unit_heartbeat unit=gps/molhiv/seed=3 elapsed_seconds=2110.6 lines=612 log_bytes=37206
[gps/molhiv/seed=3] train: {'epoch': 19, 'time_epoch': 95.19584, 'eta': 7741.17262, 'eta_hours': 2.15033, 'loss': 0.09937974, 'lr': 9.474e-05, 'params': 558673, 'time_iter': 0.09251, 'accuracy': 0.97179, 'precision': 0.74595, 'recall': 0.37419, 'f1': 0.49838, 'auc': 0.88473}
[gps/molhiv/seed=3] val: {'epoch': 19, 'time_epoch': 3.31674, 'loss': 0.07557098, 'lr': 0, 'params': 558673, 'time_iter': 0.02571, 'accuracy': 0.98347, 'precision': 0.74074, 'recall': 0.24691, 'f1': 0.37037, 'auc': 0.79166}
[gps/molhiv/seed=3] test: {'epoch': 19, 'time_epoch': 3.29456, 'loss': 0.12158356, 'lr': 0, 'params': 558673, 'time_iter': 0.02554, 'accuracy': 0.97107, 'precision': 0.63415, 'recall': 0.2, 'f1': 0.30409, 'auc': 0.7711}
[gps/molhiv/seed=3] > Epoch 19: took 102.0s (avg 103.8s) | Best so far: epoch 17	train_loss: 0.1021 train_auc: 0.8782	val_loss: 0.0726 val_auc: 0.8177	test_loss: 0.1215 test_auc: 0.7726
[event] unit_heartbeat unit=gps/molhiv/seed=3 elapsed_seconds=2172.5 lines=616 log_bytes=38032
[gps/molhiv/seed=3] train: {'epoch': 20, 'time_epoch': 96.40443, 'eta': 7643.05281, 'eta_hours': 2.12307, 'loss': 0.09733307, 'lr': 9.397e-05, 'params': 558673, 'time_iter': 0.09369, 'accuracy': 0.97179, 'precision': 0.74837, 'recall': 0.37175, 'f1': 0.49675, 'auc': 0.89142}
[gps/molhiv/seed=3] val: {'epoch': 20, 'time_epoch': 3.35303, 'loss': 0.07714231, 'lr': 0, 'params': 558673, 'time_iter': 0.02599, 'accuracy': 0.98177, 'precision': 0.575, 'recall': 0.28395, 'f1': 0.38017, 'auc': 0.79152}
[gps/molhiv/seed=3] test: {'epoch': 20, 'time_epoch': 3.31948, 'loss': 0.12286922, 'lr': 0, 'params': 558673, 'time_iter': 0.02573, 'accuracy': 0.96888, 'precision': 0.51923, 'recall': 0.20769, 'f1': 0.2967, 'auc': 0.76566}
[event] unit_heartbeat unit=gps/molhiv/seed=3 elapsed_seconds=2235.7 lines=619 log_bytes=38694
[gps/molhiv/seed=3] > Epoch 20: took 103.2s (avg 103.7s) | Best so far: epoch 17	train_loss: 0.1021 train_auc: 0.8782	val_loss: 0.0726 val_auc: 0.8177	test_loss: 0.1215 test_auc: 0.7726
[event] unit_heartbeat unit=gps/molhiv/seed=3 elapsed_seconds=2295.7 lines=620 log_bytes=38860
[gps/molhiv/seed=3] train: {'epoch': 21, 'time_epoch': 96.43573, 'eta': 7545.19993, 'eta_hours': 2.09589, 'loss': 0.0958807, 'lr': 9.316e-05, 'params': 558673, 'time_iter': 0.09372, 'accuracy': 0.97225, 'precision': 0.74729, 'recall': 0.39123, 'f1': 0.51359, 'auc': 0.90038}
[gps/molhiv/seed=3] val: {'epoch': 21, 'time_epoch': 3.46236, 'loss': 0.07938697, 'lr': 0, 'params': 558673, 'time_iter': 0.02684, 'accuracy': 0.97982, 'precision': 0.47727, 'recall': 0.25926, 'f1': 0.336, 'auc': 0.80731}
[gps/molhiv/seed=3] test: {'epoch': 21, 'time_epoch': 3.27825, 'loss': 0.11935278, 'lr': 0, 'params': 558673, 'time_iter': 0.02541, 'accuracy': 0.96864, 'precision': 0.50877, 'recall': 0.22308, 'f1': 0.31016, 'auc': 0.79493}
[gps/molhiv/seed=3] > Epoch 21: took 103.3s (avg 103.7s) | Best so far: epoch 17	train_loss: 0.1021 train_auc: 0.8782	val_loss: 0.0726 val_auc: 0.8177	test_loss: 0.1215 test_auc: 0.7726
[event] unit_heartbeat unit=gps/molhiv/seed=3 elapsed_seconds=2359.0 lines=624 log_bytes=39688
[event] unit_heartbeat unit=gps/molhiv/seed=3 elapsed_seconds=2419.1 lines=624 log_bytes=39688
[gps/molhiv/seed=3] train: {'epoch': 22, 'time_epoch': 95.51999, 'eta': 7444.40455, 'eta_hours': 2.06789, 'loss': 0.09512901, 'lr': 9.23e-05, 'params': 558673, 'time_iter': 0.09283, 'accuracy': 0.97234, 'precision': 0.74693, 'recall': 0.39529, 'f1': 0.51699, 'auc': 0.90201}
[gps/molhiv/seed=3] val: {'epoch': 22, 'time_epoch': 3.30223, 'loss': 0.07521824, 'lr': 0, 'params': 558673, 'time_iter': 0.0256, 'accuracy': 0.98177, 'precision': 0.5625, 'recall': 0.33333, 'f1': 0.4186, 'auc': 0.80353}
[gps/molhiv/seed=3] test: {'epoch': 22, 'time_epoch': 3.24018, 'loss': 0.12341565, 'lr': 0, 'params': 558673, 'time_iter': 0.02512, 'accuracy': 0.97034, 'precision': 0.56667, 'recall': 0.26154, 'f1': 0.35789, 'auc': 0.76474}
[gps/molhiv/seed=3] > Epoch 22: took 102.2s (avg 103.7s) | Best so far: epoch 17	train_loss: 0.1021 train_auc: 0.8782	val_loss: 0.0726 val_auc: 0.8177	test_loss: 0.1215 test_auc: 0.7726
[event] unit_heartbeat unit=gps/molhiv/seed=3 elapsed_seconds=2481.2 lines=628 log_bytes=40515
[gps/molhiv/seed=3] train: {'epoch': 23, 'time_epoch': 96.80501, 'eta': 7348.11802, 'eta_hours': 2.04114, 'loss': 0.09367349, 'lr': 9.14e-05, 'params': 558673, 'time_iter': 0.09408, 'accuracy': 0.97304, 'precision': 0.76097, 'recall': 0.40828, 'f1': 0.53143, 'auc': 0.9044}
[gps/molhiv/seed=3] val: {'epoch': 23, 'time_epoch': 3.45583, 'loss': 0.07887385, 'lr': 0, 'params': 558673, 'time_iter': 0.02679, 'accuracy': 0.98031, 'precision': 0.5, 'recall': 0.25926, 'f1': 0.34146, 'auc': 0.80206}
[event] unit_heartbeat unit=gps/molhiv/seed=3 elapsed_seconds=2541.6 lines=630 log_bytes=40969
[gps/molhiv/seed=3] test: {'epoch': 23, 'time_epoch': 3.50583, 'loss': 0.1235986, 'lr': 0, 'params': 558673, 'time_iter': 0.02718, 'accuracy': 0.96912, 'precision': 0.52239, 'recall': 0.26923, 'f1': 0.35533, 'auc': 0.7749}
[gps/molhiv/seed=3] > Epoch 23: took 103.9s (avg 103.7s) | Best so far: epoch 17	train_loss: 0.1021 train_auc: 0.8782	val_loss: 0.0726 val_auc: 0.8177	test_loss: 0.1215 test_auc: 0.7726
[event] unit_heartbeat unit=gps/molhiv/seed=3 elapsed_seconds=2605.2 lines=632 log_bytes=41338
[gps/molhiv/seed=3] train: {'epoch': 24, 'time_epoch': 102.4761, 'eta': 7268.80327, 'eta_hours': 2.01911, 'loss': 0.09269043, 'lr': 9.045e-05, 'params': 558673, 'time_iter': 0.09959, 'accuracy': 0.97289, 'precision': 0.76154, 'recall': 0.40179, 'f1': 0.52604, 'auc': 0.91245}
[gps/molhiv/seed=3] val: {'epoch': 24, 'time_epoch': 3.62838, 'loss': 0.07676771, 'lr': 0, 'params': 558673, 'time_iter': 0.02813, 'accuracy': 0.98152, 'precision': 0.55319, 'recall': 0.32099, 'f1': 0.40625, 'auc': 0.82273}
[gps/molhiv/seed=3] test: {'epoch': 24, 'time_epoch': 3.53572, 'loss': 0.12344261, 'lr': 0, 'params': 558673, 'time_iter': 0.02741, 'accuracy': 0.96961, 'precision': 0.55319, 'recall': 0.2, 'f1': 0.29379, 'auc': 0.77983}
[gps/molhiv/seed=3] > Epoch 24: took 109.8s (avg 103.9s) | Best so far: epoch 24	train_loss: 0.0927 train_auc: 0.9124	val_loss: 0.0768 val_auc: 0.8227	test_loss: 0.1234 test_auc: 0.7798
[event] unit_heartbeat unit=gps/molhiv/seed=3 elapsed_seconds=2669.9 lines=636 log_bytes=42165
[event] unit_heartbeat unit=gps/molhiv/seed=3 elapsed_seconds=2730.0 lines=636 log_bytes=42165
[gps/molhiv/seed=3] train: {'epoch': 25, 'time_epoch': 99.39878, 'eta': 7178.94836, 'eta_hours': 1.99415, 'loss': 0.09077379, 'lr': 8.946e-05, 'params': 558673, 'time_iter': 0.0966, 'accuracy': 0.97265, 'precision': 0.75382, 'recall': 0.40016, 'f1': 0.5228, 'auc': 0.9157}
[gps/molhiv/seed=3] val: {'epoch': 25, 'time_epoch': 3.36317, 'loss': 0.07747707, 'lr': 0, 'params': 558673, 'time_iter': 0.02607, 'accuracy': 0.98249, 'precision': 0.62162, 'recall': 0.28395, 'f1': 0.38983, 'auc': 0.80603}
[gps/molhiv/seed=3] test: {'epoch': 25, 'time_epoch': 3.41476, 'loss': 0.12136305, 'lr': 0, 'params': 558673, 'time_iter': 0.02647, 'accuracy': 0.97131, 'precision': 0.61538, 'recall': 0.24615, 'f1': 0.35165, 'auc': 0.7895}
[gps/molhiv/seed=3] > Epoch 25: took 106.3s (avg 104.0s) | Best so far: epoch 24	train_loss: 0.0927 train_auc: 0.9124	val_loss: 0.0768 val_auc: 0.8227	test_loss: 0.1234 test_auc: 0.7798
[event] unit_heartbeat unit=gps/molhiv/seed=3 elapsed_seconds=2791.3 lines=640 log_bytes=42992
[event] unit_heartbeat unit=gps/molhiv/seed=3 elapsed_seconds=2851.4 lines=640 log_bytes=42992
[gps/molhiv/seed=3] train: {'epoch': 26, 'time_epoch': 95.57272, 'eta': 7078.04194, 'eta_hours': 1.96612, 'loss': 0.09057386, 'lr': 8.842e-05, 'params': 558673, 'time_iter': 0.09288, 'accuracy': 0.97301, 'precision': 0.763, 'recall': 0.40503, 'f1': 0.52916, 'auc': 0.91822}
[gps/molhiv/seed=3] val: {'epoch': 26, 'time_epoch': 3.3084, 'loss': 0.08142142, 'lr': 0, 'params': 558673, 'time_iter': 0.02565, 'accuracy': 0.98274, 'precision': 0.67857, 'recall': 0.23457, 'f1': 0.34862, 'auc': 0.74058}
[gps/molhiv/seed=3] test: {'epoch': 26, 'time_epoch': 3.36865, 'loss': 0.12741223, 'lr': 0, 'params': 558673, 'time_iter': 0.02611, 'accuracy': 0.97009, 'precision': 0.60606, 'recall': 0.15385, 'f1': 0.2454, 'auc': 0.76456}
[gps/molhiv/seed=3] > Epoch 26: took 102.4s (avg 103.9s) | Best so far: epoch 24	train_loss: 0.0927 train_auc: 0.9124	val_loss: 0.0768 val_auc: 0.8227	test_loss: 0.1234 test_auc: 0.7798
[event] unit_heartbeat unit=gps/molhiv/seed=3 elapsed_seconds=2913.7 lines=644 log_bytes=43819
[gps/molhiv/seed=3] train: {'epoch': 27, 'time_epoch': 95.38853, 'eta': 6977.04289, 'eta_hours': 1.93807, 'loss': 0.0894825, 'lr': 8.734e-05, 'params': 558673, 'time_iter': 0.0927, 'accuracy': 0.97316, 'precision': 0.754, 'recall': 0.42045, 'f1': 0.53986, 'auc': 0.92112}
[gps/molhiv/seed=3] val: {'epoch': 27, 'time_epoch': 3.50531, 'loss': 0.07754708, 'lr': 0, 'params': 558673, 'time_iter': 0.02717, 'accuracy': 0.98249, 'precision': 0.6, 'recall': 0.33333, 'f1': 0.42857, 'auc': 0.79563}
[gps/molhiv/seed=3] test: {'epoch': 27, 'time_epoch': 3.5294, 'loss': 0.12976433, 'lr': 0, 'params': 558673, 'time_iter': 0.02736, 'accuracy': 0.97058, 'precision': 0.57143, 'recall': 0.27692, 'f1': 0.37306, 'auc': 0.76868}
[gps/molhiv/seed=3] > Epoch 27: took 102.6s (avg 103.9s) | Best so far: epoch 24	train_loss: 0.0927 train_auc: 0.9124	val_loss: 0.0768 val_auc: 0.8227	test_loss: 0.1234 test_auc: 0.7798
[event] unit_heartbeat unit=gps/molhiv/seed=3 elapsed_seconds=2976.3 lines=648 log_bytes=44641
[event] unit_heartbeat unit=gps/molhiv/seed=3 elapsed_seconds=3036.3 lines=648 log_bytes=44641
[gps/molhiv/seed=3] train: {'epoch': 28, 'time_epoch': 95.21385, 'eta': 6876.00309, 'eta_hours': 1.91, 'loss': 0.08815148, 'lr': 8.622e-05, 'params': 558673, 'time_iter': 0.09253, 'accuracy': 0.97337, 'precision': 0.76727, 'recall': 0.41477, 'f1': 0.53846, 'auc': 0.92519}
[gps/molhiv/seed=3] val: {'epoch': 28, 'time_epoch': 3.40071, 'loss': 0.07700075, 'lr': 0, 'params': 558673, 'time_iter': 0.02636, 'accuracy': 0.98201, 'precision': 0.5814, 'recall': 0.30864, 'f1': 0.40323, 'auc': 0.82289}
[gps/molhiv/seed=3] test: {'epoch': 28, 'time_epoch': 3.60786, 'loss': 0.1330403, 'lr': 0, 'params': 558673, 'time_iter': 0.02797, 'accuracy': 0.97009, 'precision': 0.57143, 'recall': 0.21538, 'f1': 0.31285, 'auc': 0.7579}
[gps/molhiv/seed=3] > Epoch 28: took 102.4s (avg 103.8s) | Best so far: epoch 28	train_loss: 0.0882 train_auc: 0.9252	val_loss: 0.0770 val_auc: 0.8229	test_loss: 0.1330 test_auc: 0.7579
[event] unit_heartbeat unit=gps/molhiv/seed=3 elapsed_seconds=3098.6 lines=652 log_bytes=45466
[event] unit_heartbeat unit=gps/molhiv/seed=3 elapsed_seconds=3158.7 lines=652 log_bytes=45466
[gps/molhiv/seed=3] train: {'epoch': 29, 'time_epoch': 94.37151, 'eta': 6773.38624, 'eta_hours': 1.8815, 'loss': 0.08680054, 'lr': 8.506e-05, 'params': 558673, 'time_iter': 0.09171, 'accuracy': 0.97395, 'precision': 0.77213, 'recall': 0.43182, 'f1': 0.55388, 'auc': 0.9279}
[gps/molhiv/seed=3] val: {'epoch': 29, 'time_epoch': 3.28476, 'loss': 0.07753791, 'lr': 0, 'params': 558673, 'time_iter': 0.02546, 'accuracy': 0.98152, 'precision': 0.56757, 'recall': 0.25926, 'f1': 0.35593, 'auc': 0.81357}
[gps/molhiv/seed=3] test: {'epoch': 29, 'time_epoch': 3.30365, 'loss': 0.13180368, 'lr': 0, 'params': 558673, 'time_iter': 0.02561, 'accuracy': 0.96888, 'precision': 0.52941, 'recall': 0.13846, 'f1': 0.21951, 'auc': 0.77188}
[gps/molhiv/seed=3] > Epoch 29: took 101.1s (avg 103.8s) | Best so far: epoch 28	train_loss: 0.0882 train_auc: 0.9252	val_loss: 0.0770 val_auc: 0.8229	test_loss: 0.1330 test_auc: 0.7579
[event] unit_heartbeat unit=gps/molhiv/seed=3 elapsed_seconds=3219.8 lines=656 log_bytes=46295
[gps/molhiv/seed=3] train: {'epoch': 30, 'time_epoch': 94.10503, 'eta': 6670.70822, 'eta_hours': 1.85297, 'loss': 0.08520108, 'lr': 8.386e-05, 'params': 558673, 'time_iter': 0.09145, 'accuracy': 0.9738, 'precision': 0.76968, 'recall': 0.42857, 'f1': 0.55057, 'auc': 0.93175}
[gps/molhiv/seed=3] val: {'epoch': 30, 'time_epoch': 3.25281, 'loss': 0.08060045, 'lr': 0, 'params': 558673, 'time_iter': 0.02522, 'accuracy': 0.98152, 'precision': 0.56098, 'recall': 0.28395, 'f1': 0.37705, 'auc': 0.79385}
[gps/molhiv/seed=3] test: {'epoch': 30, 'time_epoch': 3.27904, 'loss': 0.13421351, 'lr': 0, 'params': 558673, 'time_iter': 0.02542, 'accuracy': 0.96815, 'precision': 0.48571, 'recall': 0.13077, 'f1': 0.20606, 'auc': 0.77392}
[gps/molhiv/seed=3] > Epoch 30: took 100.8s (avg 103.7s) | Best so far: epoch 28	train_loss: 0.0882 train_auc: 0.9252	val_loss: 0.0770 val_auc: 0.8229	test_loss: 0.1330 test_auc: 0.7579
[event] unit_heartbeat unit=gps/molhiv/seed=3 elapsed_seconds=3280.5 lines=660 log_bytes=47125
[event] unit_heartbeat unit=gps/molhiv/seed=3 elapsed_seconds=3340.6 lines=660 log_bytes=47125
[gps/molhiv/seed=3] train: {'epoch': 31, 'time_epoch': 93.345, 'eta': 6566.95093, 'eta_hours': 1.82415, 'loss': 0.08270086, 'lr': 8.263e-05, 'params': 558673, 'time_iter': 0.09071, 'accuracy': 0.97526, 'precision': 0.7919, 'recall': 0.46023, 'f1': 0.58214, 'auc': 0.93703}
[gps/molhiv/seed=3] val: {'epoch': 31, 'time_epoch': 3.30555, 'loss': 0.078657, 'lr': 0, 'params': 558673, 'time_iter': 0.02562, 'accuracy': 0.98249, 'precision': 0.59574, 'recall': 0.34568, 'f1': 0.4375, 'auc': 0.82458}
[gps/molhiv/seed=3] test: {'epoch': 31, 'time_epoch': 3.24875, 'loss': 0.13531216, 'lr': 0, 'params': 558673, 'time_iter': 0.02518, 'accuracy': 0.97009, 'precision': 0.55224, 'recall': 0.28462, 'f1': 0.37563, 'auc': 0.77202}
[gps/molhiv/seed=3] > Epoch 31: took 100.0s (avg 103.5s) | Best so far: epoch 31	train_loss: 0.0827 train_auc: 0.9370	val_loss: 0.0787 val_auc: 0.8246	test_loss: 0.1353 test_auc: 0.7720
[event] unit_heartbeat unit=gps/molhiv/seed=3 elapsed_seconds=3405.6 lines=664 log_bytes=47950
[gps/molhiv/seed=3] train: {'epoch': 32, 'time_epoch': 94.62726, 'eta': 6466.42807, 'eta_hours': 1.79623, 'loss': 0.08231654, 'lr': 8.136e-05, 'params': 558673, 'time_iter': 0.09196, 'accuracy': 0.97535, 'precision': 0.79277, 'recall': 0.46266, 'f1': 0.58432, 'auc': 0.93677}
[gps/molhiv/seed=3] val: {'epoch': 32, 'time_epoch': 3.29653, 'loss': 0.07712793, 'lr': 0, 'params': 558673, 'time_iter': 0.02555, 'accuracy': 0.98249, 'precision': 0.60465, 'recall': 0.32099, 'f1': 0.41935, 'auc': 0.82376}
[event] unit_heartbeat unit=gps/molhiv/seed=3 elapsed_seconds=3468.6 lines=666 log_bytes=48410
[gps/molhiv/seed=3] test: {'epoch': 32, 'time_epoch': 3.28227, 'loss': 0.13752022, 'lr': 0, 'params': 558673, 'time_iter': 0.02544, 'accuracy': 0.96888, 'precision': 0.51852, 'recall': 0.21538, 'f1': 0.30435, 'auc': 0.76322}
[gps/molhiv/seed=3] > Epoch 32: took 101.4s (avg 103.5s) | Best so far: epoch 31	train_loss: 0.0827 train_auc: 0.9370	val_loss: 0.0787 val_auc: 0.8246	test_loss: 0.1353 test_auc: 0.7720
[event] unit_heartbeat unit=gps/molhiv/seed=3 elapsed_seconds=3531.9 lines=668 log_bytes=48781
[gps/molhiv/seed=3] train: {'epoch': 33, 'time_epoch': 97.00172, 'eta': 6370.86125, 'eta_hours': 1.76968, 'loss': 0.08137359, 'lr': 8.005e-05, 'params': 558673, 'time_iter': 0.09427, 'accuracy': 0.97468, 'precision': 0.7798, 'recall': 0.4513, 'f1': 0.57172, 'auc': 0.94154}
[gps/molhiv/seed=3] val: {'epoch': 33, 'time_epoch': 3.38264, 'loss': 0.08216593, 'lr': 0, 'params': 558673, 'time_iter': 0.02622, 'accuracy': 0.98152, 'precision': 0.56757, 'recall': 0.25926, 'f1': 0.35593, 'auc': 0.8}
[gps/molhiv/seed=3] test: {'epoch': 33, 'time_epoch': 3.40997, 'loss': 0.1433136, 'lr': 0, 'params': 558673, 'time_iter': 0.02643, 'accuracy': 0.96888, 'precision': 0.525, 'recall': 0.16154, 'f1': 0.24706, 'auc': 0.759}
[gps/molhiv/seed=3] > Epoch 33: took 103.9s (avg 103.5s) | Best so far: epoch 31	train_loss: 0.0827 train_auc: 0.9370	val_loss: 0.0787 val_auc: 0.8246	test_loss: 0.1353 test_auc: 0.7720
[event] unit_heartbeat unit=gps/molhiv/seed=3 elapsed_seconds=3595.9 lines=672 log_bytes=49601
[event] unit_heartbeat unit=gps/molhiv/seed=3 elapsed_seconds=3655.9 lines=672 log_bytes=49601
[gps/molhiv/seed=3] train: {'epoch': 34, 'time_epoch': 96.95492, 'eta': 6275.12552, 'eta_hours': 1.74309, 'loss': 0.07885714, 'lr': 7.872e-05, 'params': 558673, 'time_iter': 0.09422, 'accuracy': 0.97502, 'precision': 0.77333, 'recall': 0.47078, 'f1': 0.58527, 'auc': 0.94619}
[gps/molhiv/seed=3] val: {'epoch': 34, 'time_epoch': 3.37801, 'loss': 0.0847331, 'lr': 0, 'params': 558673, 'time_iter': 0.02619, 'accuracy': 0.98104, 'precision': 0.5283, 'recall': 0.34568, 'f1': 0.41791, 'auc': 0.80754}
[gps/molhiv/seed=3] test: {'epoch': 34, 'time_epoch': 3.42217, 'loss': 0.13762967, 'lr': 0, 'params': 558673, 'time_iter': 0.02653, 'accuracy': 0.96888, 'precision': 0.51389, 'recall': 0.28462, 'f1': 0.36634, 'auc': 0.79508}
[gps/molhiv/seed=3] > Epoch 34: took 103.9s (avg 103.5s) | Best so far: epoch 31	train_loss: 0.0827 train_auc: 0.9370	val_loss: 0.0787 val_auc: 0.8246	test_loss: 0.1353 test_auc: 0.7720
[event] unit_heartbeat unit=gps/molhiv/seed=3 elapsed_seconds=3719.8 lines=676 log_bytes=50430
[gps/molhiv/seed=3] train: {'epoch': 35, 'time_epoch': 95.77686, 'eta': 6177.22774, 'eta_hours': 1.7159, 'loss': 0.07753822, 'lr': 7.735e-05, 'params': 558673, 'time_iter': 0.09308, 'accuracy': 0.97553, 'precision': 0.78353, 'recall': 0.4789, 'f1': 0.59446, 'auc': 0.95215}
[gps/molhiv/seed=3] val: {'epoch': 35, 'time_epoch': 3.57154, 'loss': 0.08281084, 'lr': 0, 'params': 558673, 'time_iter': 0.02769, 'accuracy': 0.98128, 'precision': 0.54167, 'recall': 0.32099, 'f1': 0.4031, 'auc': 0.8151}
[gps/molhiv/seed=3] test: {'epoch': 35, 'time_epoch': 3.71094, 'loss': 0.14377676, 'lr': 0, 'params': 558673, 'time_iter': 0.02877, 'accuracy': 0.96791, 'precision': 0.48, 'recall': 0.18462, 'f1': 0.26667, 'auc': 0.78321}
[event] unit_heartbeat unit=gps/molhiv/seed=3 elapsed_seconds=3782.9 lines=679 log_bytes=51088
[gps/molhiv/seed=3] > Epoch 35: took 103.2s (avg 103.5s) | Best so far: epoch 31	train_loss: 0.0827 train_auc: 0.9370	val_loss: 0.0787 val_auc: 0.8246	test_loss: 0.1353 test_auc: 0.7720
[event] unit_heartbeat unit=gps/molhiv/seed=3 elapsed_seconds=3843.0 lines=680 log_bytes=51254
[gps/molhiv/seed=3] train: {'epoch': 36, 'time_epoch': 96.10543, 'eta': 6080.00407, 'eta_hours': 1.68889, 'loss': 0.07604493, 'lr': 7.595e-05, 'params': 558673, 'time_iter': 0.0934, 'accuracy': 0.97599, 'precision': 0.79233, 'recall': 0.4862, 'f1': 0.60262, 'auc': 0.95086}
[gps/molhiv/seed=3] val: {'epoch': 36, 'time_epoch': 3.36519, 'loss': 0.08456303, 'lr': 0, 'params': 558673, 'time_iter': 0.02609, 'accuracy': 0.98006, 'precision': 0.49123, 'recall': 0.34568, 'f1': 0.4058, 'auc': 0.8072}
[gps/molhiv/seed=3] test: {'epoch': 36, 'time_epoch': 3.4187, 'loss': 0.1517368, 'lr': 0, 'params': 558673, 'time_iter': 0.0265, 'accuracy': 0.96864, 'precision': 0.5082, 'recall': 0.23846, 'f1': 0.32461, 'auc': 0.75122}
[gps/molhiv/seed=3] > Epoch 36: took 103.0s (avg 103.5s) | Best so far: epoch 31	train_loss: 0.0827 train_auc: 0.9370	val_loss: 0.0787 val_auc: 0.8246	test_loss: 0.1353 test_auc: 0.7720
[event] unit_heartbeat unit=gps/molhiv/seed=3 elapsed_seconds=3906.0 lines=684 log_bytes=52077
[event] unit_heartbeat unit=gps/molhiv/seed=3 elapsed_seconds=3966.1 lines=684 log_bytes=52077
[gps/molhiv/seed=3] train: {'epoch': 37, 'time_epoch': 95.9912, 'eta': 5982.65287, 'eta_hours': 1.66185, 'loss': 0.07559827, 'lr': 7.452e-05, 'params': 558673, 'time_iter': 0.09329, 'accuracy': 0.97623, 'precision': 0.79605, 'recall': 0.49107, 'f1': 0.60743, 'auc': 0.9528}
[gps/molhiv/seed=3] val: {'epoch': 37, 'time_epoch': 3.39486, 'loss': 0.08236366, 'lr': 0, 'params': 558673, 'time_iter': 0.02632, 'accuracy': 0.98128, 'precision': 0.54762, 'recall': 0.28395, 'f1': 0.37398, 'auc': 0.82174}
[gps/molhiv/seed=3] test: {'epoch': 37, 'time_epoch': 3.36194, 'loss': 0.14815407, 'lr': 0, 'params': 558673, 'time_iter': 0.02606, 'accuracy': 0.96864, 'precision': 0.50909, 'recall': 0.21538, 'f1': 0.3027, 'auc': 0.77288}
[gps/molhiv/seed=3] > Epoch 37: took 102.9s (avg 103.5s) | Best so far: epoch 31	train_loss: 0.0827 train_auc: 0.9370	val_loss: 0.0787 val_auc: 0.8246	test_loss: 0.1353 test_auc: 0.7720
[event] unit_heartbeat unit=gps/molhiv/seed=3 elapsed_seconds=4028.9 lines=688 log_bytes=52905
[gps/molhiv/seed=3] train: {'epoch': 38, 'time_epoch': 94.72707, 'eta': 5883.39419, 'eta_hours': 1.63428, 'loss': 0.07444618, 'lr': 7.307e-05, 'params': 558673, 'time_iter': 0.09206, 'accuracy': 0.97626, 'precision': 0.79248, 'recall': 0.49594, 'f1': 0.61008, 'auc': 0.95774}
[gps/molhiv/seed=3] val: {'epoch': 38, 'time_epoch': 3.60502, 'loss': 0.08333043, 'lr': 0, 'params': 558673, 'time_iter': 0.02795, 'accuracy': 0.98128, 'precision': 0.54762, 'recall': 0.28395, 'f1': 0.37398, 'auc': 0.79928}
[gps/molhiv/seed=3] test: {'epoch': 38, 'time_epoch': 3.329, 'loss': 0.14206296, 'lr': 0, 'params': 558673, 'time_iter': 0.02581, 'accuracy': 0.96937, 'precision': 0.53846, 'recall': 0.21538, 'f1': 0.30769, 'auc': 0.77634}
[event] unit_heartbeat unit=gps/molhiv/seed=3 elapsed_seconds=4090.7 lines=691 log_bytes=53568
[gps/molhiv/seed=3] > Epoch 38: took 101.8s (avg 103.4s) | Best so far: epoch 31	train_loss: 0.0827 train_auc: 0.9370	val_loss: 0.0787 val_auc: 0.8246	test_loss: 0.1353 test_auc: 0.7720
[event] unit_heartbeat unit=gps/molhiv/seed=3 elapsed_seconds=4150.8 lines=692 log_bytes=53734
[gps/molhiv/seed=3] train: {'epoch': 39, 'time_epoch': 95.78785, 'eta': 5785.95325, 'eta_hours': 1.60721, 'loss': 0.0739509, 'lr': 7.159e-05, 'params': 558673, 'time_iter': 0.09309, 'accuracy': 0.97672, 'precision': 0.80658, 'recall': 0.49756, 'f1': 0.61546, 'auc': 0.95715}
[gps/molhiv/seed=3] val: {'epoch': 39, 'time_epoch': 3.36328, 'loss': 0.08600114, 'lr': 0, 'params': 558673, 'time_iter': 0.02607, 'accuracy': 0.97933, 'precision': 0.46, 'recall': 0.28395, 'f1': 0.35115, 'auc': 0.81844}
[gps/molhiv/seed=3] test: {'epoch': 39, 'time_epoch': 3.36524, 'loss': 0.15270042, 'lr': 0, 'params': 558673, 'time_iter': 0.02609, 'accuracy': 0.96791, 'precision': 0.48, 'recall': 0.18462, 'f1': 0.26667, 'auc': 0.77119}
[gps/molhiv/seed=3] > Epoch 39: took 102.7s (avg 103.4s) | Best so far: epoch 31	train_loss: 0.0827 train_auc: 0.9370	val_loss: 0.0787 val_auc: 0.8246	test_loss: 0.1353 test_auc: 0.7720
[event] unit_heartbeat unit=gps/molhiv/seed=3 elapsed_seconds=4213.4 lines=696 log_bytes=54558
[event] unit_heartbeat unit=gps/molhiv/seed=3 elapsed_seconds=4273.4 lines=696 log_bytes=54558
[gps/molhiv/seed=3] train: {'epoch': 40, 'time_epoch': 95.79534, 'eta': 5688.60373, 'eta_hours': 1.58017, 'loss': 0.0726385, 'lr': 7.008e-05, 'params': 558673, 'time_iter': 0.0931, 'accuracy': 0.97736, 'precision': 0.80629, 'recall': 0.52029, 'f1': 0.63246, 'auc': 0.95735}
[gps/molhiv/seed=3] val: {'epoch': 40, 'time_epoch': 3.2662, 'loss': 0.08333361, 'lr': 0, 'params': 558673, 'time_iter': 0.02532, 'accuracy': 0.98152, 'precision': 0.54717, 'recall': 0.35802, 'f1': 0.43284, 'auc': 0.81339}
[gps/molhiv/seed=3] test: {'epoch': 40, 'time_epoch': 3.46128, 'loss': 0.15516486, 'lr': 0, 'params': 558673, 'time_iter': 0.02683, 'accuracy': 0.96718, 'precision': 0.46377, 'recall': 0.24615, 'f1': 0.32161, 'auc': 0.75808}
[gps/molhiv/seed=3] > Epoch 40: took 102.7s (avg 103.4s) | Best so far: epoch 31	train_loss: 0.0827 train_auc: 0.9370	val_loss: 0.0787 val_auc: 0.8246	test_loss: 0.1353 test_auc: 0.7720
[event] unit_heartbeat unit=gps/molhiv/seed=3 elapsed_seconds=4336.1 lines=700 log_bytes=55386
[gps/molhiv/seed=3] train: {'epoch': 41, 'time_epoch': 96.01102, 'eta': 5591.62607, 'eta_hours': 1.55323, 'loss': 0.07223437, 'lr': 6.856e-05, 'params': 558673, 'time_iter': 0.09331, 'accuracy': 0.97708, 'precision': 0.80407, 'recall': 0.51299, 'f1': 0.62636, 'auc': 0.95886}
[gps/molhiv/seed=3] val: {'epoch': 41, 'time_epoch': 3.38524, 'loss': 0.08559311, 'lr': 0, 'params': 558673, 'time_iter': 0.02624, 'accuracy': 0.97933, 'precision': 0.46, 'recall': 0.28395, 'f1': 0.35115, 'auc': 0.8049}
[gps/molhiv/seed=3] test: {'epoch': 41, 'time_epoch': 3.25873, 'loss': 0.15110535, 'lr': 0, 'params': 558673, 'time_iter': 0.02526, 'accuracy': 0.96693, 'precision': 0.44444, 'recall': 0.18462, 'f1': 0.26087, 'auc': 0.77364}
[event] unit_heartbeat unit=gps/molhiv/seed=3 elapsed_seconds=4398.8 lines=703 log_bytes=56047
[gps/molhiv/seed=3] > Epoch 41: took 102.8s (avg 103.4s) | Best so far: epoch 31	train_loss: 0.0827 train_auc: 0.9370	val_loss: 0.0787 val_auc: 0.8246	test_loss: 0.1353 test_auc: 0.7720
[event] unit_heartbeat unit=gps/molhiv/seed=3 elapsed_seconds=4458.9 lines=704 log_bytes=56213
[gps/molhiv/seed=3] train: {'epoch': 42, 'time_epoch': 95.33281, 'eta': 5493.79434, 'eta_hours': 1.52605, 'loss': 0.07086559, 'lr': 6.701e-05, 'params': 558673, 'time_iter': 0.09265, 'accuracy': 0.97727, 'precision': 0.81347, 'recall': 0.50974, 'f1': 0.62675, 'auc': 0.96264}
[gps/molhiv/seed=3] val: {'epoch': 42, 'time_epoch': 3.32669, 'loss': 0.08644284, 'lr': 0, 'params': 558673, 'time_iter': 0.02579, 'accuracy': 0.98128, 'precision': 0.55, 'recall': 0.2716, 'f1': 0.36364, 'auc': 0.8113}
[gps/molhiv/seed=3] test: {'epoch': 42, 'time_epoch': 3.33059, 'loss': 0.16064217, 'lr': 0, 'params': 558673, 'time_iter': 0.02582, 'accuracy': 0.97009, 'precision': 0.58537, 'recall': 0.18462, 'f1': 0.2807, 'auc': 0.76435}
[gps/molhiv/seed=3] > Epoch 42: took 102.2s (avg 103.3s) | Best so far: epoch 31	train_loss: 0.0827 train_auc: 0.9370	val_loss: 0.0787 val_auc: 0.8246	test_loss: 0.1353 test_auc: 0.7720
[event] unit_heartbeat unit=gps/molhiv/seed=3 elapsed_seconds=4521.0 lines=708 log_bytes=57038
[event] unit_heartbeat unit=gps/molhiv/seed=3 elapsed_seconds=4581.1 lines=708 log_bytes=57038
[gps/molhiv/seed=3] train: {'epoch': 43, 'time_epoch': 95.18706, 'eta': 5395.8907, 'eta_hours': 1.49886, 'loss': 0.07019885, 'lr': 6.545e-05, 'params': 558673, 'time_iter': 0.0925, 'accuracy': 0.97745, 'precision': 0.79589, 'recall': 0.5349, 'f1': 0.63981, 'auc': 0.96329}
[gps/molhiv/seed=3] val: {'epoch': 43, 'time_epoch': 3.35335, 'loss': 0.09025636, 'lr': 0, 'params': 558673, 'time_iter': 0.02599, 'accuracy': 0.98104, 'precision': 0.53488, 'recall': 0.28395, 'f1': 0.37097, 'auc': 0.78651}
[gps/molhiv/seed=3] test: {'epoch': 43, 'time_epoch': 3.35294, 'loss': 0.16368911, 'lr': 0, 'params': 558673, 'time_iter': 0.02599, 'accuracy': 0.96766, 'precision': 0.47059, 'recall': 0.18462, 'f1': 0.26519, 'auc': 0.74099}
[gps/molhiv/seed=3] > Epoch 43: took 102.0s (avg 103.3s) | Best so far: epoch 31	train_loss: 0.0827 train_auc: 0.9370	val_loss: 0.0787 val_auc: 0.8246	test_loss: 0.1353 test_auc: 0.7720
[event] unit_heartbeat unit=gps/molhiv/seed=3 elapsed_seconds=4643.1 lines=712 log_bytes=57866
[gps/molhiv/seed=3] train: {'epoch': 44, 'time_epoch': 95.71234, 'eta': 5298.74979, 'eta_hours': 1.47187, 'loss': 0.06951528, 'lr': 6.387e-05, 'params': 558673, 'time_iter': 0.09301, 'accuracy': 0.97727, 'precision': 0.80175, 'recall': 0.52192, 'f1': 0.63225, 'auc': 0.96501}
[gps/molhiv/seed=3] val: {'epoch': 44, 'time_epoch': 3.36079, 'loss': 0.0856323, 'lr': 0, 'params': 558673, 'time_iter': 0.02605, 'accuracy': 0.98055, 'precision': 0.5098, 'recall': 0.32099, 'f1': 0.39394, 'auc': 0.83384}
[gps/molhiv/seed=3] test: {'epoch': 44, 'time_epoch': 3.42366, 'loss': 0.15753043, 'lr': 0, 'params': 558673, 'time_iter': 0.02654, 'accuracy': 0.96596, 'precision': 0.4359, 'recall': 0.26154, 'f1': 0.32692, 'auc': 0.76889}
[event] unit_heartbeat unit=gps/molhiv/seed=3 elapsed_seconds=4705.7 lines=715 log_bytes=58528
[gps/molhiv/seed=3] > Epoch 44: took 102.6s (avg 103.3s) | Best so far: epoch 44	train_loss: 0.0695 train_auc: 0.9650	val_loss: 0.0856 val_auc: 0.8338	test_loss: 0.1575 test_auc: 0.7689
[event] unit_heartbeat unit=gps/molhiv/seed=3 elapsed_seconds=4765.7 lines=716 log_bytes=58694
[gps/molhiv/seed=3] train: {'epoch': 45, 'time_epoch': 94.49943, 'eta': 5200.24716, 'eta_hours': 1.44451, 'loss': 0.06892162, 'lr': 6.227e-05, 'params': 558673, 'time_iter': 0.09184, 'accuracy': 0.97699, 'precision': 0.79285, 'recall': 0.52192, 'f1': 0.62947, 'auc': 0.96605}
[gps/molhiv/seed=3] val: {'epoch': 45, 'time_epoch': 3.30713, 'loss': 0.09475287, 'lr': 0, 'params': 558673, 'time_iter': 0.02564, 'accuracy': 0.98225, 'precision': 0.6, 'recall': 0.2963, 'f1': 0.39669, 'auc': 0.81306}
[gps/molhiv/seed=3] test: {'epoch': 45, 'time_epoch': 3.37199, 'loss': 0.17121409, 'lr': 0, 'params': 558673, 'time_iter': 0.02614, 'accuracy': 0.96815, 'precision': 0.4898, 'recall': 0.18462, 'f1': 0.26816, 'auc': 0.77042}
[gps/molhiv/seed=3] > Epoch 45: took 101.3s (avg 103.3s) | Best so far: epoch 44	train_loss: 0.0695 train_auc: 0.9650	val_loss: 0.0856 val_auc: 0.8338	test_loss: 0.1575 test_auc: 0.7689
[event] unit_heartbeat unit=gps/molhiv/seed=3 elapsed_seconds=4827.0 lines=720 log_bytes=59519
[event] unit_heartbeat unit=gps/molhiv/seed=3 elapsed_seconds=4887.1 lines=720 log_bytes=59519
[gps/molhiv/seed=3] train: {'epoch': 46, 'time_epoch': 95.62584, 'eta': 5103.18507, 'eta_hours': 1.41755, 'loss': 0.06669648, 'lr': 6.066e-05, 'params': 558673, 'time_iter': 0.09293, 'accuracy': 0.97784, 'precision': 0.80708, 'recall': 0.53653, 'f1': 0.64456, 'auc': 0.968}
[gps/molhiv/seed=3] val: {'epoch': 46, 'time_epoch': 3.39112, 'loss': 0.08875315, 'lr': 0, 'params': 558673, 'time_iter': 0.02629, 'accuracy': 0.97958, 'precision': 0.47059, 'recall': 0.2963, 'f1': 0.36364, 'auc': 0.81467}
[gps/molhiv/seed=3] test: {'epoch': 46, 'time_epoch': 3.32025, 'loss': 0.16047309, 'lr': 0, 'params': 558673, 'time_iter': 0.02574, 'accuracy': 0.96742, 'precision': 0.4697, 'recall': 0.23846, 'f1': 0.31633, 'auc': 0.7684}
[gps/molhiv/seed=3] > Epoch 46: took 102.5s (avg 103.2s) | Best so far: epoch 44	train_loss: 0.0695 train_auc: 0.9650	val_loss: 0.0856 val_auc: 0.8338	test_loss: 0.1575 test_auc: 0.7689
[event] unit_heartbeat unit=gps/molhiv/seed=3 elapsed_seconds=4949.5 lines=724 log_bytes=60345
[gps/molhiv/seed=3] train: {'epoch': 47, 'time_epoch': 96.33441, 'eta': 5006.95045, 'eta_hours': 1.39082, 'loss': 0.06654607, 'lr': 5.904e-05, 'params': 558673, 'time_iter': 0.09362, 'accuracy': 0.97809, 'precision': 0.8097, 'recall': 0.54221, 'f1': 0.64949, 'auc': 0.96837}
[gps/molhiv/seed=3] val: {'epoch': 47, 'time_epoch': 3.40806, 'loss': 0.09620623, 'lr': 0, 'params': 558673, 'time_iter': 0.02642, 'accuracy': 0.97496, 'precision': 0.35897, 'recall': 0.34568, 'f1': 0.3522, 'auc': 0.82131}
[gps/molhiv/seed=3] test: {'epoch': 47, 'time_epoch': 3.49361, 'loss': 0.17257058, 'lr': 0, 'params': 558673, 'time_iter': 0.02708, 'accuracy': 0.96499, 'precision': 0.42391, 'recall': 0.3, 'f1': 0.35135, 'auc': 0.75769}
[event] unit_heartbeat unit=gps/molhiv/seed=3 elapsed_seconds=5012.9 lines=727 log_bytes=61004
[gps/molhiv/seed=3] > Epoch 47: took 103.4s (avg 103.2s) | Best so far: epoch 44	train_loss: 0.0695 train_auc: 0.9650	val_loss: 0.0856 val_auc: 0.8338	test_loss: 0.1575 test_auc: 0.7689
[event] unit_heartbeat unit=gps/molhiv/seed=3 elapsed_seconds=5072.9 lines=728 log_bytes=61170
[gps/molhiv/seed=3] train: {'epoch': 48, 'time_epoch': 96.09588, 'eta': 4910.46349, 'eta_hours': 1.36402, 'loss': 0.06201145, 'lr': 5.741e-05, 'params': 558673, 'time_iter': 0.09339, 'accuracy': 0.97951, 'precision': 0.82746, 'recall': 0.57224, 'f1': 0.67658, 'auc': 0.97361}
[gps/molhiv/seed=3] val: {'epoch': 48, 'time_epoch': 3.37819, 'loss': 0.09473119, 'lr': 0, 'params': 558673, 'time_iter': 0.02619, 'accuracy': 0.9786, 'precision': 0.4386, 'recall': 0.30864, 'f1': 0.36232, 'auc': 0.81142}
[gps/molhiv/seed=3] test: {'epoch': 48, 'time_epoch': 3.43501, 'loss': 0.17070274, 'lr': 0, 'params': 558673, 'time_iter': 0.02663, 'accuracy': 0.96645, 'precision': 0.44286, 'recall': 0.23846, 'f1': 0.31, 'auc': 0.76004}
[gps/molhiv/seed=3] > Epoch 48: took 103.1s (avg 103.2s) | Best so far: epoch 44	train_loss: 0.0695 train_auc: 0.9650	val_loss: 0.0856 val_auc: 0.8338	test_loss: 0.1575 test_auc: 0.7689
[event] unit_heartbeat unit=gps/molhiv/seed=3 elapsed_seconds=5136.0 lines=732 log_bytes=61996
[event] unit_heartbeat unit=gps/molhiv/seed=3 elapsed_seconds=5196.0 lines=732 log_bytes=61996
[gps/molhiv/seed=3] train: {'epoch': 49, 'time_epoch': 96.22684, 'eta': 4814.12314, 'eta_hours': 1.33726, 'loss': 0.06316013, 'lr': 5.577e-05, 'params': 558673, 'time_iter': 0.09351, 'accuracy': 0.97912, 'precision': 0.81072, 'recall': 0.57711, 'f1': 0.67425, 'auc': 0.97305}
[gps/molhiv/seed=3] val: {'epoch': 49, 'time_epoch': 3.37992, 'loss': 0.09374648, 'lr': 0, 'params': 558673, 'time_iter': 0.0262, 'accuracy': 0.97763, 'precision': 0.40351, 'recall': 0.28395, 'f1': 0.33333, 'auc': 0.81248}
[gps/molhiv/seed=3] test: {'epoch': 49, 'time_epoch': 3.31582, 'loss': 0.1741176, 'lr': 0, 'params': 558673, 'time_iter': 0.0257, 'accuracy': 0.96645, 'precision': 0.43939, 'recall': 0.22308, 'f1': 0.29592, 'auc': 0.7561}
[gps/molhiv/seed=3] > Epoch 49: took 103.1s (avg 103.2s) | Best so far: epoch 44	train_loss: 0.0695 train_auc: 0.9650	val_loss: 0.0856 val_auc: 0.8338	test_loss: 0.1575 test_auc: 0.7689
[event] unit_heartbeat unit=gps/molhiv/seed=3 elapsed_seconds=5259.1 lines=736 log_bytes=62823
[gps/molhiv/seed=3] train: {'epoch': 50, 'time_epoch': 97.02289, 'eta': 4718.55207, 'eta_hours': 1.31071, 'loss': 0.06444097, 'lr': 5.413e-05, 'params': 558673, 'time_iter': 0.09429, 'accuracy': 0.97839, 'precision': 0.80468, 'recall': 0.55844, 'f1': 0.65932, 'auc': 0.97292}
[gps/molhiv/seed=3] val: {'epoch': 50, 'time_epoch': 3.3288, 'loss': 0.09224953, 'lr': 0, 'params': 558673, 'time_iter': 0.0258, 'accuracy': 0.98152, 'precision': 0.55814, 'recall': 0.2963, 'f1': 0.3871, 'auc': 0.79}
[event] unit_heartbeat unit=gps/molhiv/seed=3 elapsed_seconds=5319.5 lines=738 log_bytes=63276
[gps/molhiv/seed=3] test: {'epoch': 50, 'time_epoch': 3.50106, 'loss': 0.16457425, 'lr': 0, 'params': 558673, 'time_iter': 0.02714, 'accuracy': 0.96839, 'precision': 0.5, 'recall': 0.22308, 'f1': 0.30851, 'auc': 0.765}
[gps/molhiv/seed=3] > Epoch 50: took 104.0s (avg 103.3s) | Best so far: epoch 44	train_loss: 0.0695 train_auc: 0.9650	val_loss: 0.0856 val_auc: 0.8338	test_loss: 0.1575 test_auc: 0.7689
[event] unit_heartbeat unit=gps/molhiv/seed=3 elapsed_seconds=5383.1 lines=740 log_bytes=63641
[gps/molhiv/seed=3] train: {'epoch': 51, 'time_epoch': 96.15697, 'eta': 4622.12585, 'eta_hours': 1.28392, 'loss': 0.06233052, 'lr': 5.248e-05, 'params': 558673, 'time_iter': 0.09345, 'accuracy': 0.97942, 'precision': 0.83394, 'recall': 0.5625, 'f1': 0.67184, 'auc': 0.97282}
[gps/molhiv/seed=3] val: {'epoch': 51, 'time_epoch': 3.31954, 'loss': 0.09252246, 'lr': 0, 'params': 558673, 'time_iter': 0.02573, 'accuracy': 0.97958, 'precision': 0.47541, 'recall': 0.35802, 'f1': 0.40845, 'auc': 0.8227}
[gps/molhiv/seed=3] test: {'epoch': 51, 'time_epoch': 3.44103, 'loss': 0.18133715, 'lr': 0, 'params': 558673, 'time_iter': 0.02667, 'accuracy': 0.96548, 'precision': 0.43333, 'recall': 0.3, 'f1': 0.35455, 'auc': 0.75957}
[gps/molhiv/seed=3] > Epoch 51: took 103.1s (avg 103.3s) | Best so far: epoch 44	train_loss: 0.0695 train_auc: 0.9650	val_loss: 0.0856 val_auc: 0.8338	test_loss: 0.1575 test_auc: 0.7689
[event] unit_heartbeat unit=gps/molhiv/seed=3 elapsed_seconds=5446.1 lines=744 log_bytes=64466
[event] unit_heartbeat unit=gps/molhiv/seed=3 elapsed_seconds=5506.2 lines=744 log_bytes=64466
[gps/molhiv/seed=3] train: {'epoch': 52, 'time_epoch': 97.1126, 'eta': 4526.55723, 'eta_hours': 1.25738, 'loss': 0.06116162, 'lr': 5.083e-05, 'params': 558673, 'time_iter': 0.09438, 'accuracy': 0.97991, 'precision': 0.83082, 'recall': 0.58198, 'f1': 0.68449, 'auc': 0.97411}
[gps/molhiv/seed=3] val: {'epoch': 52, 'time_epoch': 3.37788, 'loss': 0.09624093, 'lr': 0, 'params': 558673, 'time_iter': 0.02619, 'accuracy': 0.97885, 'precision': 0.44643, 'recall': 0.30864, 'f1': 0.36496, 'auc': 0.8087}
[gps/molhiv/seed=3] test: {'epoch': 52, 'time_epoch': 3.36902, 'loss': 0.17466493, 'lr': 0, 'params': 558673, 'time_iter': 0.02612, 'accuracy': 0.96548, 'precision': 0.42308, 'recall': 0.25385, 'f1': 0.31731, 'auc': 0.7523}
[gps/molhiv/seed=3] > Epoch 52: took 104.0s (avg 103.3s) | Best so far: epoch 44	train_loss: 0.0695 train_auc: 0.9650	val_loss: 0.0856 val_auc: 0.8338	test_loss: 0.1575 test_auc: 0.7689
[event] unit_heartbeat unit=gps/molhiv/seed=3 elapsed_seconds=5570.2 lines=748 log_bytes=65294
[gps/molhiv/seed=3] train: {'epoch': 53, 'time_epoch': 97.44734, 'eta': 4431.21658, 'eta_hours': 1.23089, 'loss': 0.06175526, 'lr': 4.917e-05, 'params': 558673, 'time_iter': 0.0947, 'accuracy': 0.97961, 'precision': 0.82204, 'recall': 0.58117, 'f1': 0.68093, 'auc': 0.97363}
[gps/molhiv/seed=3] val: {'epoch': 53, 'time_epoch': 3.38906, 'loss': 0.10091697, 'lr': 0, 'params': 558673, 'time_iter': 0.02627, 'accuracy': 0.98031, 'precision': 0.5, 'recall': 0.35802, 'f1': 0.41727, 'auc': 0.81071}
[event] unit_heartbeat unit=gps/molhiv/seed=3 elapsed_seconds=5631.1 lines=750 log_bytes=65749
[gps/molhiv/seed=3] test: {'epoch': 53, 'time_epoch': 3.39017, 'loss': 0.18156828, 'lr': 0, 'params': 558673, 'time_iter': 0.02628, 'accuracy': 0.96596, 'precision': 0.42188, 'recall': 0.20769, 'f1': 0.27835, 'auc': 0.76451}
[gps/molhiv/seed=3] > Epoch 53: took 104.4s (avg 103.3s) | Best so far: epoch 44	train_loss: 0.0695 train_auc: 0.9650	val_loss: 0.0856 val_auc: 0.8338	test_loss: 0.1575 test_auc: 0.7689
[event] unit_heartbeat unit=gps/molhiv/seed=3 elapsed_seconds=5694.6 lines=752 log_bytes=66120
[gps/molhiv/seed=3] train: {'epoch': 54, 'time_epoch': 95.07446, 'eta': 4333.85788, 'eta_hours': 1.20385, 'loss': 0.06160674, 'lr': 4.752e-05, 'params': 558673, 'time_iter': 0.0924, 'accuracy': 0.97942, 'precision': 0.80799, 'recall': 0.59091, 'f1': 0.68261, 'auc': 0.97385}
[gps/molhiv/seed=3] val: {'epoch': 54, 'time_epoch': 3.3211, 'loss': 0.09824015, 'lr': 0, 'params': 558673, 'time_iter': 0.02574, 'accuracy': 0.98298, 'precision': 0.64103, 'recall': 0.30864, 'f1': 0.41667, 'auc': 0.79398}
[gps/molhiv/seed=3] test: {'epoch': 54, 'time_epoch': 3.33132, 'loss': 0.17973086, 'lr': 0, 'params': 558673, 'time_iter': 0.02582, 'accuracy': 0.96961, 'precision': 0.54386, 'recall': 0.23846, 'f1': 0.33155, 'auc': 0.76268}
[gps/molhiv/seed=3] > Epoch 54: took 101.9s (avg 103.3s) | Best so far: epoch 44	train_loss: 0.0695 train_auc: 0.9650	val_loss: 0.0856 val_auc: 0.8338	test_loss: 0.1575 test_auc: 0.7689
[event] unit_heartbeat unit=gps/molhiv/seed=3 elapsed_seconds=5756.4 lines=756 log_bytes=66949
[event] unit_heartbeat unit=gps/molhiv/seed=3 elapsed_seconds=5816.5 lines=756 log_bytes=66949
[gps/molhiv/seed=3] train: {'epoch': 55, 'time_epoch': 95.0632, 'eta': 4236.5719, 'eta_hours': 1.17683, 'loss': 0.06025759, 'lr': 4.587e-05, 'params': 558673, 'time_iter': 0.09238, 'accuracy': 0.97979, 'precision': 0.82624, 'recall': 0.58279, 'f1': 0.68348, 'auc': 0.97559}
[gps/molhiv/seed=3] val: {'epoch': 55, 'time_epoch': 3.39734, 'loss': 0.09614158, 'lr': 0, 'params': 558673, 'time_iter': 0.02634, 'accuracy': 0.98274, 'precision': 0.60417, 'recall': 0.35802, 'f1': 0.44961, 'auc': 0.8034}
[gps/molhiv/seed=3] test: {'epoch': 55, 'time_epoch': 3.30147, 'loss': 0.18590268, 'lr': 0, 'params': 558673, 'time_iter': 0.02559, 'accuracy': 0.96718, 'precision': 0.45763, 'recall': 0.20769, 'f1': 0.28571, 'auc': 0.75817}
[gps/molhiv/seed=3] > Epoch 55: took 101.9s (avg 103.2s) | Best so far: epoch 44	train_loss: 0.0695 train_auc: 0.9650	val_loss: 0.0856 val_auc: 0.8338	test_loss: 0.1575 test_auc: 0.7689
[event] unit_heartbeat unit=gps/molhiv/seed=3 elapsed_seconds=5878.4 lines=760 log_bytes=67777
[gps/molhiv/seed=3] train: {'epoch': 56, 'time_epoch': 94.92045, 'eta': 4139.25623, 'eta_hours': 1.14979, 'loss': 0.05965878, 'lr': 4.423e-05, 'params': 558673, 'time_iter': 0.09225, 'accuracy': 0.98055, 'precision': 0.82962, 'recall': 0.60471, 'f1': 0.69953, 'auc': 0.97671}
[gps/molhiv/seed=3] val: {'epoch': 56, 'time_epoch': 3.32049, 'loss': 0.10128474, 'lr': 0, 'params': 558673, 'time_iter': 0.02574, 'accuracy': 0.97909, 'precision': 0.44898, 'recall': 0.2716, 'f1': 0.33846, 'auc': 0.80082}
[gps/molhiv/seed=3] test: {'epoch': 56, 'time_epoch': 3.30052, 'loss': 0.18175198, 'lr': 0, 'params': 558673, 'time_iter': 0.02559, 'accuracy': 0.96742, 'precision': 0.47222, 'recall': 0.26154, 'f1': 0.33663, 'auc': 0.77211}
[event] unit_heartbeat unit=gps/molhiv/seed=3 elapsed_seconds=5940.0 lines=763 log_bytes=68441
[gps/molhiv/seed=3] > Epoch 56: took 101.7s (avg 103.2s) | Best so far: epoch 44	train_loss: 0.0695 train_auc: 0.9650	val_loss: 0.0856 val_auc: 0.8338	test_loss: 0.1575 test_auc: 0.7689
[event] unit_heartbeat unit=gps/molhiv/seed=3 elapsed_seconds=6000.1 lines=764 log_bytes=68607
[gps/molhiv/seed=3] train: {'epoch': 57, 'time_epoch': 94.77635, 'eta': 4041.91881, 'eta_hours': 1.12276, 'loss': 0.05726273, 'lr': 4.259e-05, 'params': 558673, 'time_iter': 0.09211, 'accuracy': 0.98091, 'precision': 0.83042, 'recall': 0.61607, 'f1': 0.70736, 'auc': 0.97874}
[gps/molhiv/seed=3] val: {'epoch': 57, 'time_epoch': 3.31368, 'loss': 0.09944972, 'lr': 0, 'params': 558673, 'time_iter': 0.02569, 'accuracy': 0.97836, 'precision': 0.43333, 'recall': 0.32099, 'f1': 0.36879, 'auc': 0.80517}
[gps/molhiv/seed=3] test: {'epoch': 57, 'time_epoch': 3.43712, 'loss': 0.18671412, 'lr': 0, 'params': 558673, 'time_iter': 0.02664, 'accuracy': 0.96815, 'precision': 0.49296, 'recall': 0.26923, 'f1': 0.34826, 'auc': 0.7637}
[gps/molhiv/seed=3] > Epoch 57: took 101.7s (avg 103.2s) | Best so far: epoch 44	train_loss: 0.0695 train_auc: 0.9650	val_loss: 0.0856 val_auc: 0.8338	test_loss: 0.1575 test_auc: 0.7689
[event] unit_heartbeat unit=gps/molhiv/seed=3 elapsed_seconds=6061.7 lines=768 log_bytes=69437
[event] unit_heartbeat unit=gps/molhiv/seed=3 elapsed_seconds=6121.8 lines=768 log_bytes=69437
[gps/molhiv/seed=3] train: {'epoch': 58, 'time_epoch': 95.2213, 'eta': 3944.97741, 'eta_hours': 1.09583, 'loss': 0.05767588, 'lr': 4.096e-05, 'params': 558673, 'time_iter': 0.09254, 'accuracy': 0.98073, 'precision': 0.82785, 'recall': 0.61282, 'f1': 0.70429, 'auc': 0.97902}
[gps/molhiv/seed=3] val: {'epoch': 58, 'time_epoch': 3.27369, 'loss': 0.10263665, 'lr': 0, 'params': 558673, 'time_iter': 0.02538, 'accuracy': 0.97982, 'precision': 0.48077, 'recall': 0.30864, 'f1': 0.37594, 'auc': 0.80969}
[gps/molhiv/seed=3] test: {'epoch': 58, 'time_epoch': 3.45034, 'loss': 0.1914446, 'lr': 0, 'params': 558673, 'time_iter': 0.02675, 'accuracy': 0.96766, 'precision': 0.4717, 'recall': 0.19231, 'f1': 0.27322, 'auc': 0.76531}
[gps/molhiv/seed=3] > Epoch 58: took 102.1s (avg 103.2s) | Best so far: epoch 44	train_loss: 0.0695 train_auc: 0.9650	val_loss: 0.0856 val_auc: 0.8338	test_loss: 0.1575 test_auc: 0.7689
[event] unit_heartbeat unit=gps/molhiv/seed=3 elapsed_seconds=6183.8 lines=772 log_bytes=70265
[gps/molhiv/seed=3] train: {'epoch': 59, 'time_epoch': 95.04049, 'eta': 3847.9728, 'eta_hours': 1.06888, 'loss': 0.05585808, 'lr': 3.934e-05, 'params': 558673, 'time_iter': 0.09236, 'accuracy': 0.98073, 'precision': 0.82289, 'recall': 0.61851, 'f1': 0.70621, 'auc': 0.98}
[gps/molhiv/seed=3] val: {'epoch': 59, 'time_epoch': 3.30324, 'loss': 0.09545744, 'lr': 0, 'params': 558673, 'time_iter': 0.02561, 'accuracy': 0.98104, 'precision': 0.53333, 'recall': 0.2963, 'f1': 0.38095, 'auc': 0.81582}
[gps/molhiv/seed=3] test: {'epoch': 59, 'time_epoch': 3.26226, 'loss': 0.18381946, 'lr': 0, 'params': 558673, 'time_iter': 0.02529, 'accuracy': 0.96937, 'precision': 0.53333, 'recall': 0.24615, 'f1': 0.33684, 'auc': 0.77265}
[event] unit_heartbeat unit=gps/molhiv/seed=3 elapsed_seconds=6245.6 lines=775 log_bytes=70925
[gps/molhiv/seed=3] > Epoch 59: took 101.8s (avg 103.1s) | Best so far: epoch 44	train_loss: 0.0695 train_auc: 0.9650	val_loss: 0.0856 val_auc: 0.8338	test_loss: 0.1575 test_auc: 0.7689
[event] unit_heartbeat unit=gps/molhiv/seed=3 elapsed_seconds=6305.6 lines=776 log_bytes=71091
[gps/molhiv/seed=3] train: {'epoch': 60, 'time_epoch': 95.61789, 'eta': 3751.40174, 'eta_hours': 1.04206, 'loss': 0.05320495, 'lr': 3.773e-05, 'params': 558673, 'time_iter': 0.09292, 'accuracy': 0.98158, 'precision': 0.8344, 'recall': 0.63393, 'f1': 0.72048, 'auc': 0.9825}
[gps/molhiv/seed=3] val: {'epoch': 60, 'time_epoch': 3.47572, 'loss': 0.09903746, 'lr': 0, 'params': 558673, 'time_iter': 0.02694, 'accuracy': 0.98128, 'precision': 0.55, 'recall': 0.2716, 'f1': 0.36364, 'auc': 0.81042}
[gps/molhiv/seed=3] test: {'epoch': 60, 'time_epoch': 3.32928, 'loss': 0.19509113, 'lr': 0, 'params': 558673, 'time_iter': 0.02581, 'accuracy': 0.96718, 'precision': 0.44444, 'recall': 0.15385, 'f1': 0.22857, 'auc': 0.76037}
[gps/molhiv/seed=3] > Epoch 60: took 102.6s (avg 103.1s) | Best so far: epoch 44	train_loss: 0.0695 train_auc: 0.9650	val_loss: 0.0856 val_auc: 0.8338	test_loss: 0.1575 test_auc: 0.7689
[event] unit_heartbeat unit=gps/molhiv/seed=3 elapsed_seconds=6368.2 lines=780 log_bytes=71916
[event] unit_heartbeat unit=gps/molhiv/seed=3 elapsed_seconds=6428.2 lines=780 log_bytes=71916
[gps/molhiv/seed=3] train: {'epoch': 61, 'time_epoch': 97.33228, 'eta': 3655.91219, 'eta_hours': 1.01553, 'loss': 0.0546586, 'lr': 3.613e-05, 'params': 558673, 'time_iter': 0.09459, 'accuracy': 0.98143, 'precision': 0.8364, 'recall': 0.62662, 'f1': 0.71647, 'auc': 0.98128}
[gps/molhiv/seed=3] val: {'epoch': 61, 'time_epoch': 3.45929, 'loss': 0.10779591, 'lr': 0, 'params': 558673, 'time_iter': 0.02682, 'accuracy': 0.98201, 'precision': 0.57447, 'recall': 0.33333, 'f1': 0.42188, 'auc': 0.79147}
[gps/molhiv/seed=3] test: {'epoch': 61, 'time_epoch': 3.58165, 'loss': 0.19335232, 'lr': 0, 'params': 558673, 'time_iter': 0.02776, 'accuracy': 0.96645, 'precision': 0.44286, 'recall': 0.23846, 'f1': 0.31, 'auc': 0.76737}
[gps/molhiv/seed=3] > Epoch 61: took 104.5s (avg 103.2s) | Best so far: epoch 44	train_loss: 0.0695 train_auc: 0.9650	val_loss: 0.0856 val_auc: 0.8338	test_loss: 0.1575 test_auc: 0.7689
[event] unit_heartbeat unit=gps/molhiv/seed=3 elapsed_seconds=6492.7 lines=784 log_bytes=72742
[gps/molhiv/seed=3] train: {'epoch': 62, 'time_epoch': 96.4661, 'eta': 3559.85543, 'eta_hours': 0.98885, 'loss': 0.05463558, 'lr': 3.455e-05, 'params': 558673, 'time_iter': 0.09375, 'accuracy': 0.98128, 'precision': 0.84298, 'recall': 0.61445, 'f1': 0.7108, 'auc': 0.98198}
[gps/molhiv/seed=3] val: {'epoch': 62, 'time_epoch': 3.3384, 'loss': 0.11352833, 'lr': 0, 'params': 558673, 'time_iter': 0.02588, 'accuracy': 0.98104, 'precision': 0.52727, 'recall': 0.35802, 'f1': 0.42647, 'auc': 0.7821}
[gps/molhiv/seed=3] test: {'epoch': 62, 'time_epoch': 3.3726, 'loss': 0.19105255, 'lr': 0, 'params': 558673, 'time_iter': 0.02614, 'accuracy': 0.96766, 'precision': 0.47945, 'recall': 0.26923, 'f1': 0.34483, 'auc': 0.7803}
[event] unit_heartbeat unit=gps/molhiv/seed=3 elapsed_seconds=6556.0 lines=787 log_bytes=73401
[gps/molhiv/seed=3] > Epoch 62: took 103.3s (avg 103.2s) | Best so far: epoch 44	train_loss: 0.0695 train_auc: 0.9650	val_loss: 0.0856 val_auc: 0.8338	test_loss: 0.1575 test_auc: 0.7689
[event] unit_heartbeat unit=gps/molhiv/seed=3 elapsed_seconds=6616.0 lines=788 log_bytes=73567
[gps/molhiv/seed=3] train: {'epoch': 63, 'time_epoch': 96.22446, 'eta': 3463.64995, 'eta_hours': 0.96212, 'loss': 0.05230474, 'lr': 3.299e-05, 'params': 558673, 'time_iter': 0.09351, 'accuracy': 0.98198, 'precision': 0.85226, 'recall': 0.62744, 'f1': 0.72277, 'auc': 0.98363}
[gps/molhiv/seed=3] val: {'epoch': 63, 'time_epoch': 3.37285, 'loss': 0.11450046, 'lr': 0, 'params': 558673, 'time_iter': 0.02615, 'accuracy': 0.97666, 'precision': 0.38806, 'recall': 0.32099, 'f1': 0.35135, 'auc': 0.78877}
[gps/molhiv/seed=3] test: {'epoch': 63, 'time_epoch': 3.39091, 'loss': 0.20455986, 'lr': 0, 'params': 558673, 'time_iter': 0.02629, 'accuracy': 0.96256, 'precision': 0.36364, 'recall': 0.24615, 'f1': 0.29358, 'auc': 0.76626}
[gps/molhiv/seed=3] > Epoch 63: took 103.1s (avg 103.2s) | Best so far: epoch 44	train_loss: 0.0695 train_auc: 0.9650	val_loss: 0.0856 val_auc: 0.8338	test_loss: 0.1575 test_auc: 0.7689
[event] unit_heartbeat unit=gps/molhiv/seed=3 elapsed_seconds=6679.1 lines=792 log_bytes=74398
[event] unit_heartbeat unit=gps/molhiv/seed=3 elapsed_seconds=6739.2 lines=792 log_bytes=74398
[gps/molhiv/seed=3] train: {'epoch': 64, 'time_epoch': 96.61859, 'eta': 3367.65612, 'eta_hours': 0.93546, 'loss': 0.0533838, 'lr': 3.144e-05, 'params': 558673, 'time_iter': 0.0939, 'accuracy': 0.98167, 'precision': 0.83001, 'recall': 0.64205, 'f1': 0.72403, 'auc': 0.9834}
[gps/molhiv/seed=3] val: {'epoch': 64, 'time_epoch': 3.40066, 'loss': 0.11127608, 'lr': 0, 'params': 558673, 'time_iter': 0.02636, 'accuracy': 0.9752, 'precision': 0.36364, 'recall': 0.34568, 'f1': 0.35443, 'auc': 0.80979}
[gps/molhiv/seed=3] test: {'epoch': 64, 'time_epoch': 3.38516, 'loss': 0.19641508, 'lr': 0, 'params': 558673, 'time_iter': 0.02624, 'accuracy': 0.96402, 'precision': 0.40816, 'recall': 0.30769, 'f1': 0.35088, 'auc': 0.77016}
[gps/molhiv/seed=3] > Epoch 64: took 103.6s (avg 103.2s) | Best so far: epoch 44	train_loss: 0.0695 train_auc: 0.9650	val_loss: 0.0856 val_auc: 0.8338	test_loss: 0.1575 test_auc: 0.7689
[event] unit_heartbeat unit=gps/molhiv/seed=3 elapsed_seconds=6802.7 lines=796 log_bytes=75225
[gps/molhiv/seed=3] train: {'epoch': 65, 'time_epoch': 97.18027, 'eta': 3271.9327, 'eta_hours': 0.90887, 'loss': 0.05063329, 'lr': 2.992e-05, 'params': 558673, 'time_iter': 0.09444, 'accuracy': 0.9821, 'precision': 0.83949, 'recall': 0.64529, 'f1': 0.72969, 'auc': 0.98486}
[gps/molhiv/seed=3] val: {'epoch': 65, 'time_epoch': 3.44265, 'loss': 0.10744146, 'lr': 0, 'params': 558673, 'time_iter': 0.02669, 'accuracy': 0.97909, 'precision': 0.45902, 'recall': 0.34568, 'f1': 0.39437, 'auc': 0.82192}
[event] unit_heartbeat unit=gps/molhiv/seed=3 elapsed_seconds=6863.4 lines=798 log_bytes=75683
[gps/molhiv/seed=3] test: {'epoch': 65, 'time_epoch': 3.55015, 'loss': 0.19770586, 'lr': 0, 'params': 558673, 'time_iter': 0.02752, 'accuracy': 0.96791, 'precision': 0.48611, 'recall': 0.26923, 'f1': 0.34653, 'auc': 0.77642}
[gps/molhiv/seed=3] > Epoch 65: took 104.3s (avg 103.2s) | Best so far: epoch 44	train_loss: 0.0695 train_auc: 0.9650	val_loss: 0.0856 val_auc: 0.8338	test_loss: 0.1575 test_auc: 0.7689
[event] unit_heartbeat unit=gps/molhiv/seed=3 elapsed_seconds=6927.1 lines=800 log_bytes=76054
[gps/molhiv/seed=3] train: {'epoch': 66, 'time_epoch': 96.81074, 'eta': 3175.98379, 'eta_hours': 0.88222, 'loss': 0.04994965, 'lr': 2.841e-05, 'params': 558673, 'time_iter': 0.09408, 'accuracy': 0.9824, 'precision': 0.84188, 'recall': 0.6526, 'f1': 0.73525, 'auc': 0.98618}
[gps/molhiv/seed=3] val: {'epoch': 66, 'time_epoch': 3.39345, 'loss': 0.10773536, 'lr': 0, 'params': 558673, 'time_iter': 0.02631, 'accuracy': 0.97812, 'precision': 0.43662, 'recall': 0.38272, 'f1': 0.40789, 'auc': 0.80634}
[gps/molhiv/seed=3] test: {'epoch': 66, 'time_epoch': 3.29293, 'loss': 0.20050039, 'lr': 0, 'params': 558673, 'time_iter': 0.02553, 'accuracy': 0.96377, 'precision': 0.3956, 'recall': 0.27692, 'f1': 0.32579, 'auc': 0.76465}
[gps/molhiv/seed=3] > Epoch 66: took 103.6s (avg 103.2s) | Best so far: epoch 44	train_loss: 0.0695 train_auc: 0.9650	val_loss: 0.0856 val_auc: 0.8338	test_loss: 0.1575 test_auc: 0.7689
[event] unit_heartbeat unit=gps/molhiv/seed=3 elapsed_seconds=6990.7 lines=804 log_bytes=76882
[event] unit_heartbeat unit=gps/molhiv/seed=3 elapsed_seconds=7050.7 lines=804 log_bytes=76882
[gps/molhiv/seed=3] train: {'epoch': 67, 'time_epoch': 95.50315, 'eta': 3079.39419, 'eta_hours': 0.85539, 'loss': 0.04892081, 'lr': 2.693e-05, 'params': 558673, 'time_iter': 0.09281, 'accuracy': 0.98268, 'precision': 0.84124, 'recall': 0.66234, 'f1': 0.74114, 'auc': 0.98741}
[gps/molhiv/seed=3] val: {'epoch': 67, 'time_epoch': 3.36509, 'loss': 0.11055441, 'lr': 0, 'params': 558673, 'time_iter': 0.02609, 'accuracy': 0.98079, 'precision': 0.51562, 'recall': 0.40741, 'f1': 0.45517, 'auc': 0.80127}
[gps/molhiv/seed=3] test: {'epoch': 67, 'time_epoch': 3.3312, 'loss': 0.20339077, 'lr': 0, 'params': 558673, 'time_iter': 0.02582, 'accuracy': 0.96669, 'precision': 0.45783, 'recall': 0.29231, 'f1': 0.35681, 'auc': 0.76342}
[gps/molhiv/seed=3] > Epoch 67: took 102.4s (avg 103.2s) | Best so far: epoch 44	train_loss: 0.0695 train_auc: 0.9650	val_loss: 0.0856 val_auc: 0.8338	test_loss: 0.1575 test_auc: 0.7689
[event] unit_heartbeat unit=gps/molhiv/seed=3 elapsed_seconds=7113.0 lines=808 log_bytes=77712
[gps/molhiv/seed=3] train: {'epoch': 68, 'time_epoch': 96.20832, 'eta': 2983.1529, 'eta_hours': 0.82865, 'loss': 0.05030493, 'lr': 2.548e-05, 'params': 558673, 'time_iter': 0.0935, 'accuracy': 0.98316, 'precision': 0.84173, 'recall': 0.67776, 'f1': 0.7509, 'auc': 0.98415}
[gps/molhiv/seed=3] val: {'epoch': 68, 'time_epoch': 3.55139, 'loss': 0.11141646, 'lr': 0, 'params': 558673, 'time_iter': 0.02753, 'accuracy': 0.98152, 'precision': 0.54717, 'recall': 0.35802, 'f1': 0.43284, 'auc': 0.80105}
[gps/molhiv/seed=3] test: {'epoch': 68, 'time_epoch': 3.39223, 'loss': 0.20394973, 'lr': 0, 'params': 558673, 'time_iter': 0.0263, 'accuracy': 0.96645, 'precision': 0.44118, 'recall': 0.23077, 'f1': 0.30303, 'auc': 0.76413}
[event] unit_heartbeat unit=gps/molhiv/seed=3 elapsed_seconds=7176.3 lines=811 log_bytes=78373
[gps/molhiv/seed=3] > Epoch 68: took 103.3s (avg 103.2s) | Best so far: epoch 44	train_loss: 0.0695 train_auc: 0.9650	val_loss: 0.0856 val_auc: 0.8338	test_loss: 0.1575 test_auc: 0.7689
[event] unit_heartbeat unit=gps/molhiv/seed=3 elapsed_seconds=7236.4 lines=812 log_bytes=78539
[gps/molhiv/seed=3] train: {'epoch': 69, 'time_epoch': 97.28259, 'eta': 2887.37296, 'eta_hours': 0.80205, 'loss': 0.04863199, 'lr': 2.405e-05, 'params': 558673, 'time_iter': 0.09454, 'accuracy': 0.98356, 'precision': 0.86407, 'recall': 0.66558, 'f1': 0.75195, 'auc': 0.98608}
[gps/molhiv/seed=3] val: {'epoch': 69, 'time_epoch': 3.50634, 'loss': 0.10988919, 'lr': 0, 'params': 558673, 'time_iter': 0.02718, 'accuracy': 0.97909, 'precision': 0.45902, 'recall': 0.34568, 'f1': 0.39437, 'auc': 0.80586}
[gps/molhiv/seed=3] test: {'epoch': 69, 'time_epoch': 3.35457, 'loss': 0.20375165, 'lr': 0, 'params': 558673, 'time_iter': 0.026, 'accuracy': 0.9662, 'precision': 0.44706, 'recall': 0.29231, 'f1': 0.35349, 'auc': 0.76492}
[gps/molhiv/seed=3] > Epoch 69: took 104.3s (avg 103.2s) | Best so far: epoch 44	train_loss: 0.0695 train_auc: 0.9650	val_loss: 0.0856 val_auc: 0.8338	test_loss: 0.1575 test_auc: 0.7689
[event] unit_heartbeat unit=gps/molhiv/seed=3 elapsed_seconds=7300.6 lines=816 log_bytes=79367
[event] unit_heartbeat unit=gps/molhiv/seed=3 elapsed_seconds=7360.7 lines=816 log_bytes=79367
[gps/molhiv/seed=3] train: {'epoch': 70, 'time_epoch': 96.28363, 'eta': 2791.14266, 'eta_hours': 0.77532, 'loss': 0.05046161, 'lr': 2.265e-05, 'params': 558673, 'time_iter': 0.09357, 'accuracy': 0.98246, 'precision': 0.83728, 'recall': 0.6599, 'f1': 0.73808, 'auc': 0.98583}
[gps/molhiv/seed=3] val: {'epoch': 70, 'time_epoch': 3.27404, 'loss': 0.11661685, 'lr': 0, 'params': 558673, 'time_iter': 0.02538, 'accuracy': 0.98031, 'precision': 0.5, 'recall': 0.33333, 'f1': 0.4, 'auc': 0.80662}
[gps/molhiv/seed=3] test: {'epoch': 70, 'time_epoch': 3.27654, 'loss': 0.21413972, 'lr': 0, 'params': 558673, 'time_iter': 0.0254, 'accuracy': 0.96693, 'precision': 0.45312, 'recall': 0.22308, 'f1': 0.29897, 'auc': 0.7649}
[gps/molhiv/seed=3] > Epoch 70: took 103.0s (avg 103.2s) | Best so far: epoch 44	train_loss: 0.0695 train_auc: 0.9650	val_loss: 0.0856 val_auc: 0.8338	test_loss: 0.1575 test_auc: 0.7689
[event] unit_heartbeat unit=gps/molhiv/seed=3 elapsed_seconds=7423.6 lines=820 log_bytes=80187
[gps/molhiv/seed=3] train: {'epoch': 71, 'time_epoch': 95.71176, 'eta': 2694.68848, 'eta_hours': 0.74852, 'loss': 0.04979117, 'lr': 2.128e-05, 'params': 558673, 'time_iter': 0.09301, 'accuracy': 0.98295, 'precision': 0.85503, 'recall': 0.65584, 'f1': 0.74231, 'auc': 0.98569}
[gps/molhiv/seed=3] val: {'epoch': 71, 'time_epoch': 3.32191, 'loss': 0.10898847, 'lr': 0, 'params': 558673, 'time_iter': 0.02575, 'accuracy': 0.97958, 'precision': 0.47458, 'recall': 0.34568, 'f1': 0.4, 'auc': 0.80423}
[gps/molhiv/seed=3] test: {'epoch': 71, 'time_epoch': 3.55251, 'loss': 0.20151013, 'lr': 0, 'params': 558673, 'time_iter': 0.02754, 'accuracy': 0.96815, 'precision': 0.49275, 'recall': 0.26154, 'f1': 0.34171, 'auc': 0.76735}
[event] unit_heartbeat unit=gps/molhiv/seed=3 elapsed_seconds=7486.3 lines=823 log_bytes=80848
[gps/molhiv/seed=3] > Epoch 71: took 102.7s (avg 103.2s) | Best so far: epoch 44	train_loss: 0.0695 train_auc: 0.9650	val_loss: 0.0856 val_auc: 0.8338	test_loss: 0.1575 test_auc: 0.7689
[event] unit_heartbeat unit=gps/molhiv/seed=3 elapsed_seconds=7546.4 lines=824 log_bytes=81014
[gps/molhiv/seed=3] train: {'epoch': 72, 'time_epoch': 95.24018, 'eta': 2598.08023, 'eta_hours': 0.72169, 'loss': 0.04755531, 'lr': 1.995e-05, 'params': 558673, 'time_iter': 0.09256, 'accuracy': 0.98383, 'precision': 0.85787, 'recall': 0.68101, 'f1': 0.75928, 'auc': 0.98672}
[gps/molhiv/seed=3] val: {'epoch': 72, 'time_epoch': 3.35126, 'loss': 0.11190043, 'lr': 0, 'params': 558673, 'time_iter': 0.02598, 'accuracy': 0.97958, 'precision': 0.47368, 'recall': 0.33333, 'f1': 0.3913, 'auc': 0.79847}
[gps/molhiv/seed=3] test: {'epoch': 72, 'time_epoch': 3.25161, 'loss': 0.20489228, 'lr': 0, 'params': 558673, 'time_iter': 0.02521, 'accuracy': 0.96669, 'precision': 0.45205, 'recall': 0.25385, 'f1': 0.32512, 'auc': 0.76701}
[gps/molhiv/seed=3] > Epoch 72: took 102.0s (avg 103.2s) | Best so far: epoch 44	train_loss: 0.0695 train_auc: 0.9650	val_loss: 0.0856 val_auc: 0.8338	test_loss: 0.1575 test_auc: 0.7689
[event] unit_heartbeat unit=gps/molhiv/seed=3 elapsed_seconds=7608.3 lines=828 log_bytes=81844
[event] unit_heartbeat unit=gps/molhiv/seed=3 elapsed_seconds=7668.4 lines=828 log_bytes=81844
[gps/molhiv/seed=3] train: {'epoch': 73, 'time_epoch': 96.17974, 'eta': 2501.83906, 'eta_hours': 0.69496, 'loss': 0.04551145, 'lr': 1.864e-05, 'params': 558673, 'time_iter': 0.09347, 'accuracy': 0.98426, 'precision': 0.8628, 'recall': 0.68912, 'f1': 0.76625, 'auc': 0.98771}
[gps/molhiv/seed=3] val: {'epoch': 73, 'time_epoch': 3.51493, 'loss': 0.11407486, 'lr': 0, 'params': 558673, 'time_iter': 0.02725, 'accuracy': 0.98031, 'precision': 0.5, 'recall': 0.37037, 'f1': 0.42553, 'auc': 0.79976}
[gps/molhiv/seed=3] test: {'epoch': 73, 'time_epoch': 3.77485, 'loss': 0.20541006, 'lr': 0, 'params': 558673, 'time_iter': 0.02926, 'accuracy': 0.9662, 'precision': 0.44156, 'recall': 0.26154, 'f1': 0.3285, 'auc': 0.76618}
[gps/molhiv/seed=3] > Epoch 73: took 103.6s (avg 103.2s) | Best so far: epoch 44	train_loss: 0.0695 train_auc: 0.9650	val_loss: 0.0856 val_auc: 0.8338	test_loss: 0.1575 test_auc: 0.7689
[event] unit_heartbeat unit=gps/molhiv/seed=3 elapsed_seconds=7732.0 lines=832 log_bytes=82668
[event] unit_heartbeat unit=gps/molhiv/seed=3 elapsed_seconds=7792.0 lines=832 log_bytes=82668
[gps/molhiv/seed=3] train: {'epoch': 74, 'time_epoch': 100.23717, 'eta': 2406.95201, 'eta_hours': 0.6686, 'loss': 0.04658466, 'lr': 1.737e-05, 'params': 558673, 'time_iter': 0.09741, 'accuracy': 0.9838, 'precision': 0.84915, 'recall': 0.68994, 'f1': 0.76131, 'auc': 0.98806}
[gps/molhiv/seed=3] val: {'epoch': 74, 'time_epoch': 3.58629, 'loss': 0.11215799, 'lr': 0, 'params': 558673, 'time_iter': 0.0278, 'accuracy': 0.98177, 'precision': 0.56, 'recall': 0.34568, 'f1': 0.42748, 'auc': 0.80646}
[gps/molhiv/seed=3] test: {'epoch': 74, 'time_epoch': 3.67684, 'loss': 0.21513647, 'lr': 0, 'params': 558673, 'time_iter': 0.0285, 'accuracy': 0.97009, 'precision': 0.56604, 'recall': 0.23077, 'f1': 0.32787, 'auc': 0.76864}
[gps/molhiv/seed=3] > Epoch 74: took 107.7s (avg 103.2s) | Best so far: epoch 44	train_loss: 0.0695 train_auc: 0.9650	val_loss: 0.0856 val_auc: 0.8338	test_loss: 0.1575 test_auc: 0.7689
[event] unit_heartbeat unit=gps/molhiv/seed=3 elapsed_seconds=7854.6 lines=836 log_bytes=83493
[gps/molhiv/seed=3] train: {'epoch': 75, 'time_epoch': 98.66726, 'eta': 2311.42841, 'eta_hours': 0.64206, 'loss': 0.0469505, 'lr': 1.614e-05, 'params': 558673, 'time_iter': 0.09589, 'accuracy': 0.98392, 'precision': 0.85115, 'recall': 0.69156, 'f1': 0.7631, 'auc': 0.98775}
[gps/molhiv/seed=3] val: {'epoch': 75, 'time_epoch': 3.45388, 'loss': 0.10808475, 'lr': 0, 'params': 558673, 'time_iter': 0.02677, 'accuracy': 0.97958, 'precision': 0.47619, 'recall': 0.37037, 'f1': 0.41667, 'auc': 0.8095}
[gps/molhiv/seed=3] test: {'epoch': 75, 'time_epoch': 3.48018, 'loss': 0.20612236, 'lr': 0, 'params': 558673, 'time_iter': 0.02698, 'accuracy': 0.96669, 'precision': 0.45679, 'recall': 0.28462, 'f1': 0.35071, 'auc': 0.7717}
[gps/molhiv/seed=3] > Epoch 75: took 105.8s (avg 103.3s) | Best so far: epoch 44	train_loss: 0.0695 train_auc: 0.9650	val_loss: 0.0856 val_auc: 0.8338	test_loss: 0.1575 test_auc: 0.7689
[event] unit_heartbeat unit=gps/molhiv/seed=3 elapsed_seconds=7915.4 lines=840 log_bytes=84320
[event] unit_heartbeat unit=gps/molhiv/seed=3 elapsed_seconds=7975.4 lines=840 log_bytes=84320
[gps/molhiv/seed=3] train: {'epoch': 76, 'time_epoch': 98.79031, 'eta': 2215.85991, 'eta_hours': 0.61552, 'loss': 0.04685761, 'lr': 1.494e-05, 'params': 558673, 'time_iter': 0.09601, 'accuracy': 0.98468, 'precision': 0.85, 'recall': 0.71753, 'f1': 0.77817, 'auc': 0.9877}
[gps/molhiv/seed=3] val: {'epoch': 76, 'time_epoch': 3.42055, 'loss': 0.10946924, 'lr': 0, 'params': 558673, 'time_iter': 0.02652, 'accuracy': 0.98177, 'precision': 0.55556, 'recall': 0.37037, 'f1': 0.44444, 'auc': 0.80836}
[gps/molhiv/seed=3] test: {'epoch': 76, 'time_epoch': 3.51762, 'loss': 0.20945768, 'lr': 0, 'params': 558673, 'time_iter': 0.02727, 'accuracy': 0.96839, 'precision': 0.5, 'recall': 0.24615, 'f1': 0.3299, 'auc': 0.76842}
[gps/molhiv/seed=3] > Epoch 76: took 105.9s (avg 103.3s) | Best so far: epoch 44	train_loss: 0.0695 train_auc: 0.9650	val_loss: 0.0856 val_auc: 0.8338	test_loss: 0.1575 test_auc: 0.7689
[event] unit_heartbeat unit=gps/molhiv/seed=3 elapsed_seconds=8036.3 lines=844 log_bytes=85142
[event] unit_heartbeat unit=gps/molhiv/seed=3 elapsed_seconds=8096.4 lines=844 log_bytes=85142
[gps/molhiv/seed=3] train: {'epoch': 77, 'time_epoch': 99.47791, 'eta': 2120.40274, 'eta_hours': 0.589, 'loss': 0.04437795, 'lr': 1.378e-05, 'params': 558673, 'time_iter': 0.09667, 'accuracy': 0.98426, 'precision': 0.8466, 'recall': 0.70779, 'f1': 0.771, 'auc': 0.98956}
[gps/molhiv/seed=3] val: {'epoch': 77, 'time_epoch': 3.66932, 'loss': 0.1080753, 'lr': 0, 'params': 558673, 'time_iter': 0.02844, 'accuracy': 0.98152, 'precision': 0.54545, 'recall': 0.37037, 'f1': 0.44118, 'auc': 0.80988}
[gps/molhiv/seed=3] test: {'epoch': 77, 'time_epoch': 3.3858, 'loss': 0.20778665, 'lr': 0, 'params': 558673, 'time_iter': 0.02625, 'accuracy': 0.96791, 'precision': 0.48529, 'recall': 0.25385, 'f1': 0.33333, 'auc': 0.76784}
[gps/molhiv/seed=3] > Epoch 77: took 106.7s (avg 103.3s) | Best so far: epoch 44	train_loss: 0.0695 train_auc: 0.9650	val_loss: 0.0856 val_auc: 0.8338	test_loss: 0.1575 test_auc: 0.7689
[event] unit_heartbeat unit=gps/molhiv/seed=3 elapsed_seconds=8158.0 lines=848 log_bytes=85966
[gps/molhiv/seed=3] train: {'epoch': 78, 'time_epoch': 99.4435, 'eta': 2024.83463, 'eta_hours': 0.56245, 'loss': 0.04276863, 'lr': 1.266e-05, 'params': 558673, 'time_iter': 0.09664, 'accuracy': 0.98508, 'precision': 0.87845, 'recall': 0.69805, 'f1': 0.77793, 'auc': 0.98937}
[gps/molhiv/seed=3] val: {'epoch': 78, 'time_epoch': 3.47401, 'loss': 0.11380588, 'lr': 0, 'params': 558673, 'time_iter': 0.02693, 'accuracy': 0.98006, 'precision': 0.4918, 'recall': 0.37037, 'f1': 0.42254, 'auc': 0.81751}
[event] unit_heartbeat unit=gps/molhiv/seed=3 elapsed_seconds=8221.0 lines=850 log_bytes=86424
[gps/molhiv/seed=3] test: {'epoch': 78, 'time_epoch': 3.45247, 'loss': 0.21321308, 'lr': 0, 'params': 558673, 'time_iter': 0.02676, 'accuracy': 0.96718, 'precision': 0.46667, 'recall': 0.26923, 'f1': 0.34146, 'auc': 0.77419}
[gps/molhiv/seed=3] > Epoch 78: took 106.5s (avg 103.4s) | Best so far: epoch 44	train_loss: 0.0695 train_auc: 0.9650	val_loss: 0.0856 val_auc: 0.8338	test_loss: 0.1575 test_auc: 0.7689
[event] unit_heartbeat unit=gps/molhiv/seed=3 elapsed_seconds=8284.5 lines=852 log_bytes=86795
[gps/molhiv/seed=3] train: {'epoch': 79, 'time_epoch': 99.5394, 'eta': 1929.19361, 'eta_hours': 0.53589, 'loss': 0.04520933, 'lr': 1.158e-05, 'params': 558673, 'time_iter': 0.09673, 'accuracy': 0.98468, 'precision': 0.86546, 'recall': 0.69968, 'f1': 0.77379, 'auc': 0.98937}
[gps/molhiv/seed=3] val: {'epoch': 79, 'time_epoch': 3.46462, 'loss': 0.12095664, 'lr': 0, 'params': 558673, 'time_iter': 0.02686, 'accuracy': 0.97958, 'precision': 0.47692, 'recall': 0.38272, 'f1': 0.42466, 'auc': 0.81778}
[gps/molhiv/seed=3] test: {'epoch': 79, 'time_epoch': 3.36709, 'loss': 0.22138664, 'lr': 0, 'params': 558673, 'time_iter': 0.0261, 'accuracy': 0.96669, 'precision': 0.45679, 'recall': 0.28462, 'f1': 0.35071, 'auc': 0.7787}
[gps/molhiv/seed=3] > Epoch 79: took 106.5s (avg 103.4s) | Best so far: epoch 44	train_loss: 0.0695 train_auc: 0.9650	val_loss: 0.0856 val_auc: 0.8338	test_loss: 0.1575 test_auc: 0.7689
[event] unit_heartbeat unit=gps/molhiv/seed=3 elapsed_seconds=8346.0 lines=856 log_bytes=87623
[event] unit_heartbeat unit=gps/molhiv/seed=3 elapsed_seconds=8406.1 lines=856 log_bytes=87623
[gps/molhiv/seed=3] train: {'epoch': 80, 'time_epoch': 98.80631, 'eta': 1833.28437, 'eta_hours': 0.50925, 'loss': 0.0439798, 'lr': 1.054e-05, 'params': 558673, 'time_iter': 0.09602, 'accuracy': 0.98529, 'precision': 0.86957, 'recall': 0.71429, 'f1': 0.78431, 'auc': 0.98889}
[gps/molhiv/seed=3] val: {'epoch': 80, 'time_epoch': 3.3422, 'loss': 0.11657321, 'lr': 0, 'params': 558673, 'time_iter': 0.02591, 'accuracy': 0.97885, 'precision': 0.45161, 'recall': 0.34568, 'f1': 0.39161, 'auc': 0.81397}
[gps/molhiv/seed=3] test: {'epoch': 80, 'time_epoch': 3.45347, 'loss': 0.21806348, 'lr': 0, 'params': 558673, 'time_iter': 0.02677, 'accuracy': 0.96499, 'precision': 0.4186, 'recall': 0.27692, 'f1': 0.33333, 'auc': 0.77031}
[gps/molhiv/seed=3] > Epoch 80: took 105.8s (avg 103.5s) | Best so far: epoch 44	train_loss: 0.0695 train_auc: 0.9650	val_loss: 0.0856 val_auc: 0.8338	test_loss: 0.1575 test_auc: 0.7689
[event] unit_heartbeat unit=gps/molhiv/seed=3 elapsed_seconds=8466.8 lines=860 log_bytes=88451
[event] unit_heartbeat unit=gps/molhiv/seed=3 elapsed_seconds=8526.9 lines=860 log_bytes=88451
[gps/molhiv/seed=3] train: {'epoch': 81, 'time_epoch': 97.12206, 'eta': 1736.93476, 'eta_hours': 0.48248, 'loss': 0.04323256, 'lr': 9.55e-06, 'params': 558673, 'time_iter': 0.09438, 'accuracy': 0.9855, 'precision': 0.86829, 'recall': 0.7224, 'f1': 0.78866, 'auc': 0.98977}
[gps/molhiv/seed=3] val: {'epoch': 81, 'time_epoch': 3.43644, 'loss': 0.11233062, 'lr': 0, 'params': 558673, 'time_iter': 0.02664, 'accuracy': 0.98031, 'precision': 0.5, 'recall': 0.34568, 'f1': 0.40876, 'auc': 0.81779}
[gps/molhiv/seed=3] test: {'epoch': 81, 'time_epoch': 3.38732, 'loss': 0.21524504, 'lr': 0, 'params': 558673, 'time_iter': 0.02626, 'accuracy': 0.96693, 'precision': 0.46053, 'recall': 0.26923, 'f1': 0.33981, 'auc': 0.77625}
[gps/molhiv/seed=3] > Epoch 81: took 104.1s (avg 103.5s) | Best so far: epoch 44	train_loss: 0.0695 train_auc: 0.9650	val_loss: 0.0856 val_auc: 0.8338	test_loss: 0.1575 test_auc: 0.7689
[event] unit_heartbeat unit=gps/molhiv/seed=3 elapsed_seconds=8590.9 lines=864 log_bytes=89275
[gps/molhiv/seed=3] train: {'epoch': 82, 'time_epoch': 99.13242, 'eta': 1640.9783, 'eta_hours': 0.45583, 'loss': 0.04372284, 'lr': 8.6e-06, 'params': 558673, 'time_iter': 0.09634, 'accuracy': 0.98456, 'precision': 0.84875, 'recall': 0.7151, 'f1': 0.77621, 'auc': 0.99064}
[gps/molhiv/seed=3] val: {'epoch': 82, 'time_epoch': 3.49472, 'loss': 0.11488665, 'lr': 0, 'params': 558673, 'time_iter': 0.02709, 'accuracy': 0.98079, 'precision': 0.51786, 'recall': 0.35802, 'f1': 0.42336, 'auc': 0.80975}
[gps/molhiv/seed=3] test: {'epoch': 82, 'time_epoch': 3.46155, 'loss': 0.22041674, 'lr': 0, 'params': 558673, 'time_iter': 0.02683, 'accuracy': 0.96693, 'precision': 0.45312, 'recall': 0.22308, 'f1': 0.29897, 'auc': 0.76688}
[gps/molhiv/seed=3] > Epoch 82: took 106.2s (avg 103.5s) | Best so far: epoch 44	train_loss: 0.0695 train_auc: 0.9650	val_loss: 0.0856 val_auc: 0.8338	test_loss: 0.1575 test_auc: 0.7689
[event] unit_heartbeat unit=gps/molhiv/seed=3 elapsed_seconds=8652.1 lines=868 log_bytes=90102
[event] unit_heartbeat unit=gps/molhiv/seed=3 elapsed_seconds=8712.2 lines=868 log_bytes=90102
[gps/molhiv/seed=3] train: {'epoch': 83, 'time_epoch': 99.32895, 'eta': 1544.98365, 'eta_hours': 0.42916, 'loss': 0.04104844, 'lr': 7.7e-06, 'params': 558673, 'time_iter': 0.09653, 'accuracy': 0.98508, 'precision': 0.86431, 'recall': 0.71347, 'f1': 0.78168, 'auc': 0.99124}
[gps/molhiv/seed=3] val: {'epoch': 83, 'time_epoch': 3.43882, 'loss': 0.12144956, 'lr': 0, 'params': 558673, 'time_iter': 0.02666, 'accuracy': 0.97836, 'precision': 0.44118, 'recall': 0.37037, 'f1': 0.40268, 'auc': 0.81021}
[gps/molhiv/seed=3] test: {'epoch': 83, 'time_epoch': 3.48785, 'loss': 0.22427348, 'lr': 0, 'params': 558673, 'time_iter': 0.02704, 'accuracy': 0.96596, 'precision': 0.44048, 'recall': 0.28462, 'f1': 0.34579, 'auc': 0.77444}
[gps/molhiv/seed=3] > Epoch 83: took 106.4s (avg 103.5s) | Best so far: epoch 44	train_loss: 0.0695 train_auc: 0.9650	val_loss: 0.0856 val_auc: 0.8338	test_loss: 0.1575 test_auc: 0.7689
[event] unit_heartbeat unit=gps/molhiv/seed=3 elapsed_seconds=8773.6 lines=872 log_bytes=90931
[event] unit_heartbeat unit=gps/molhiv/seed=3 elapsed_seconds=8833.6 lines=872 log_bytes=90931
[gps/molhiv/seed=3] train: {'epoch': 84, 'time_epoch': 98.87989, 'eta': 1448.8313, 'eta_hours': 0.40245, 'loss': 0.0426163, 'lr': 6.84e-06, 'params': 558673, 'time_iter': 0.09609, 'accuracy': 0.98553, 'precision': 0.86346, 'recall': 0.7289, 'f1': 0.79049, 'auc': 0.99007}
[gps/molhiv/seed=3] val: {'epoch': 84, 'time_epoch': 3.4012, 'loss': 0.11593894, 'lr': 0, 'params': 558673, 'time_iter': 0.02637, 'accuracy': 0.97933, 'precision': 0.46667, 'recall': 0.34568, 'f1': 0.39716, 'auc': 0.81577}
[gps/molhiv/seed=3] test: {'epoch': 84, 'time_epoch': 3.52129, 'loss': 0.21681389, 'lr': 0, 'params': 558673, 'time_iter': 0.0273, 'accuracy': 0.96548, 'precision': 0.42683, 'recall': 0.26923, 'f1': 0.33019, 'auc': 0.77617}
[gps/molhiv/seed=3] > Epoch 84: took 106.0s (avg 103.6s) | Best so far: epoch 44	train_loss: 0.0695 train_auc: 0.9650	val_loss: 0.0856 val_auc: 0.8338	test_loss: 0.1575 test_auc: 0.7689
[event] unit_heartbeat unit=gps/molhiv/seed=3 elapsed_seconds=8894.5 lines=876 log_bytes=91756
[event] unit_heartbeat unit=gps/molhiv/seed=3 elapsed_seconds=8954.6 lines=876 log_bytes=91756
[gps/molhiv/seed=3] train: {'epoch': 85, 'time_epoch': 99.25365, 'eta': 1352.67637, 'eta_hours': 0.37574, 'loss': 0.04307367, 'lr': 6.03e-06, 'params': 558673, 'time_iter': 0.09646, 'accuracy': 0.98578, 'precision': 0.86944, 'recall': 0.72971, 'f1': 0.79347, 'auc': 0.99044}
[gps/molhiv/seed=3] val: {'epoch': 85, 'time_epoch': 3.42276, 'loss': 0.11226643, 'lr': 0, 'params': 558673, 'time_iter': 0.02653, 'accuracy': 0.98128, 'precision': 0.53448, 'recall': 0.38272, 'f1': 0.44604, 'auc': 0.81095}
[gps/molhiv/seed=3] test: {'epoch': 85, 'time_epoch': 3.43625, 'loss': 0.21689765, 'lr': 0, 'params': 558673, 'time_iter': 0.02664, 'accuracy': 0.96791, 'precision': 0.48438, 'recall': 0.23846, 'f1': 0.31959, 'auc': 0.77054}
[gps/molhiv/seed=3] > Epoch 85: took 106.3s (avg 103.6s) | Best so far: epoch 44	train_loss: 0.0695 train_auc: 0.9650	val_loss: 0.0856 val_auc: 0.8338	test_loss: 0.1575 test_auc: 0.7689
[event] unit_heartbeat unit=gps/molhiv/seed=3 elapsed_seconds=9015.8 lines=880 log_bytes=92586
[gps/molhiv/seed=3] train: {'epoch': 86, 'time_epoch': 97.62341, 'eta': 1256.2066, 'eta_hours': 0.34895, 'loss': 0.04251068, 'lr': 5.26e-06, 'params': 558673, 'time_iter': 0.09487, 'accuracy': 0.98562, 'precision': 0.87389, 'recall': 0.71997, 'f1': 0.7895, 'auc': 0.9899}
[gps/molhiv/seed=3] val: {'epoch': 86, 'time_epoch': 3.6022, 'loss': 0.11118361, 'lr': 0, 'params': 558673, 'time_iter': 0.02792, 'accuracy': 0.97933, 'precision': 0.46875, 'recall': 0.37037, 'f1': 0.41379, 'auc': 0.81138}
[gps/molhiv/seed=3] test: {'epoch': 86, 'time_epoch': 3.31469, 'loss': 0.2114222, 'lr': 0, 'params': 558673, 'time_iter': 0.0257, 'accuracy': 0.96572, 'precision': 0.43373, 'recall': 0.27692, 'f1': 0.33803, 'auc': 0.77237}
[gps/molhiv/seed=3] > Epoch 86: took 104.7s (avg 103.6s) | Best so far: epoch 44	train_loss: 0.0695 train_auc: 0.9650	val_loss: 0.0856 val_auc: 0.8338	test_loss: 0.1575 test_auc: 0.7689
[event] unit_heartbeat unit=gps/molhiv/seed=3 elapsed_seconds=9080.5 lines=884 log_bytes=93410
[event] unit_heartbeat unit=gps/molhiv/seed=3 elapsed_seconds=9140.5 lines=884 log_bytes=93410
[gps/molhiv/seed=3] train: {'epoch': 87, 'time_epoch': 98.56746, 'eta': 1159.83935, 'eta_hours': 0.32218, 'loss': 0.04285902, 'lr': 4.55e-06, 'params': 558673, 'time_iter': 0.09579, 'accuracy': 0.9852, 'precision': 0.87362, 'recall': 0.70698, 'f1': 0.78152, 'auc': 0.99051}
[gps/molhiv/seed=3] val: {'epoch': 87, 'time_epoch': 3.42204, 'loss': 0.11933869, 'lr': 0, 'params': 558673, 'time_iter': 0.02653, 'accuracy': 0.98055, 'precision': 0.5082, 'recall': 0.38272, 'f1': 0.43662, 'auc': 0.81063}
[gps/molhiv/seed=3] test: {'epoch': 87, 'time_epoch': 3.64821, 'loss': 0.22410865, 'lr': 0, 'params': 558673, 'time_iter': 0.02828, 'accuracy': 0.96548, 'precision': 0.42683, 'recall': 0.26923, 'f1': 0.33019, 'auc': 0.77075}
[gps/molhiv/seed=3] > Epoch 87: took 105.8s (avg 103.6s) | Best so far: epoch 44	train_loss: 0.0695 train_auc: 0.9650	val_loss: 0.0856 val_auc: 0.8338	test_loss: 0.1575 test_auc: 0.7689
[event] unit_heartbeat unit=gps/molhiv/seed=3 elapsed_seconds=9201.3 lines=888 log_bytes=94238
[event] unit_heartbeat unit=gps/molhiv/seed=3 elapsed_seconds=9261.4 lines=888 log_bytes=94238
[gps/molhiv/seed=3] train: {'epoch': 88, 'time_epoch': 98.96772, 'eta': 1063.47213, 'eta_hours': 0.29541, 'loss': 0.04277159, 'lr': 3.89e-06, 'params': 558673, 'time_iter': 0.09618, 'accuracy': 0.98544, 'precision': 0.87314, 'recall': 0.7151, 'f1': 0.78626, 'auc': 0.99077}
[gps/molhiv/seed=3] val: {'epoch': 88, 'time_epoch': 3.45225, 'loss': 0.11800185, 'lr': 0, 'params': 558673, 'time_iter': 0.02676, 'accuracy': 0.98006, 'precision': 0.49123, 'recall': 0.34568, 'f1': 0.4058, 'auc': 0.80939}
[gps/molhiv/seed=3] test: {'epoch': 88, 'time_epoch': 3.49323, 'loss': 0.22227442, 'lr': 0, 'params': 558673, 'time_iter': 0.02708, 'accuracy': 0.9662, 'precision': 0.44156, 'recall': 0.26154, 'f1': 0.3285, 'auc': 0.77168}
[gps/molhiv/seed=3] > Epoch 88: took 106.1s (avg 103.7s) | Best so far: epoch 44	train_loss: 0.0695 train_auc: 0.9650	val_loss: 0.0856 val_auc: 0.8338	test_loss: 0.1575 test_auc: 0.7689
[event] unit_heartbeat unit=gps/molhiv/seed=3 elapsed_seconds=9322.4 lines=892 log_bytes=95064
[gps/molhiv/seed=3] train: {'epoch': 89, 'time_epoch': 99.86291, 'eta': 967.14658, 'eta_hours': 0.26865, 'loss': 0.04270224, 'lr': 3.27e-06, 'params': 558673, 'time_iter': 0.09705, 'accuracy': 0.98535, 'precision': 0.86765, 'recall': 0.71834, 'f1': 0.78597, 'auc': 0.99039}
[gps/molhiv/seed=3] val: {'epoch': 89, 'time_epoch': 3.45177, 'loss': 0.11475684, 'lr': 0, 'params': 558673, 'time_iter': 0.02676, 'accuracy': 0.98031, 'precision': 0.5, 'recall': 0.37037, 'f1': 0.42553, 'auc': 0.8093}
[event] unit_heartbeat unit=gps/molhiv/seed=3 elapsed_seconds=9385.8 lines=894 log_bytes=95517
[gps/molhiv/seed=3] test: {'epoch': 89, 'time_epoch': 3.40125, 'loss': 0.22020065, 'lr': 0, 'params': 558673, 'time_iter': 0.02637, 'accuracy': 0.9662, 'precision': 0.44304, 'recall': 0.26923, 'f1': 0.33493, 'auc': 0.77237}
[gps/molhiv/seed=3] > Epoch 89: took 106.9s (avg 103.7s) | Best so far: epoch 44	train_loss: 0.0695 train_auc: 0.9650	val_loss: 0.0856 val_auc: 0.8338	test_loss: 0.1575 test_auc: 0.7689
[event] unit_heartbeat unit=gps/molhiv/seed=3 elapsed_seconds=9449.3 lines=896 log_bytes=95887
[gps/molhiv/seed=3] train: {'epoch': 90, 'time_epoch': 98.81895, 'eta': 870.64004, 'eta_hours': 0.24184, 'loss': 0.03953268, 'lr': 2.71e-06, 'params': 558673, 'time_iter': 0.09603, 'accuracy': 0.98614, 'precision': 0.86812, 'recall': 0.74269, 'f1': 0.80052, 'auc': 0.99122}
[gps/molhiv/seed=3] val: {'epoch': 90, 'time_epoch': 3.40042, 'loss': 0.1119918, 'lr': 0, 'params': 558673, 'time_iter': 0.02636, 'accuracy': 0.97933, 'precision': 0.46774, 'recall': 0.35802, 'f1': 0.40559, 'auc': 0.80963}
[gps/molhiv/seed=3] test: {'epoch': 90, 'time_epoch': 3.53909, 'loss': 0.21498347, 'lr': 0, 'params': 558673, 'time_iter': 0.02743, 'accuracy': 0.9662, 'precision': 0.44156, 'recall': 0.26154, 'f1': 0.3285, 'auc': 0.76876}
[gps/molhiv/seed=3] > Epoch 90: took 105.9s (avg 103.7s) | Best so far: epoch 44	train_loss: 0.0695 train_auc: 0.9650	val_loss: 0.0856 val_auc: 0.8338	test_loss: 0.1575 test_auc: 0.7689
[event] unit_heartbeat unit=gps/molhiv/seed=3 elapsed_seconds=9510.1 lines=900 log_bytes=96713
[event] unit_heartbeat unit=gps/molhiv/seed=3 elapsed_seconds=9570.2 lines=900 log_bytes=96713
[gps/molhiv/seed=3] train: {'epoch': 91, 'time_epoch': 99.44346, 'eta': 774.13753, 'eta_hours': 0.21504, 'loss': 0.04186542, 'lr': 2.2e-06, 'params': 558673, 'time_iter': 0.09664, 'accuracy': 0.9859, 'precision': 0.86502, 'recall': 0.73864, 'f1': 0.79685, 'auc': 0.9906}
[gps/molhiv/seed=3] val: {'epoch': 91, 'time_epoch': 3.48797, 'loss': 0.11817145, 'lr': 0, 'params': 558673, 'time_iter': 0.02704, 'accuracy': 0.97982, 'precision': 0.48333, 'recall': 0.35802, 'f1': 0.41135, 'auc': 0.81098}
[gps/molhiv/seed=3] test: {'epoch': 91, 'time_epoch': 3.45154, 'loss': 0.2264687, 'lr': 0, 'params': 558673, 'time_iter': 0.02676, 'accuracy': 0.96693, 'precision': 0.45946, 'recall': 0.26154, 'f1': 0.33333, 'auc': 0.76806}
[gps/molhiv/seed=3] > Epoch 91: took 106.5s (avg 103.7s) | Best so far: epoch 44	train_loss: 0.0695 train_auc: 0.9650	val_loss: 0.0856 val_auc: 0.8338	test_loss: 0.1575 test_auc: 0.7689
[event] unit_heartbeat unit=gps/molhiv/seed=3 elapsed_seconds=9631.7 lines=904 log_bytes=97538
[event] unit_heartbeat unit=gps/molhiv/seed=3 elapsed_seconds=9691.8 lines=904 log_bytes=97538
[gps/molhiv/seed=3] train: {'epoch': 92, 'time_epoch': 97.78236, 'eta': 677.44675, 'eta_hours': 0.18818, 'loss': 0.04210853, 'lr': 1.74e-06, 'params': 558673, 'time_iter': 0.09503, 'accuracy': 0.98499, 'precision': 0.85965, 'recall': 0.71591, 'f1': 0.78122, 'auc': 0.9908}
[gps/molhiv/seed=3] val: {'epoch': 92, 'time_epoch': 3.43917, 'loss': 0.11828147, 'lr': 0, 'params': 558673, 'time_iter': 0.02666, 'accuracy': 0.97982, 'precision': 0.48387, 'recall': 0.37037, 'f1': 0.41958, 'auc': 0.8129}
[gps/molhiv/seed=3] test: {'epoch': 92, 'time_epoch': 3.4158, 'loss': 0.22311522, 'lr': 0, 'params': 558673, 'time_iter': 0.02648, 'accuracy': 0.96572, 'precision': 0.42857, 'recall': 0.25385, 'f1': 0.31884, 'auc': 0.77387}
[gps/molhiv/seed=3] > Epoch 92: took 104.8s (avg 103.8s) | Best so far: epoch 44	train_loss: 0.0695 train_auc: 0.9650	val_loss: 0.0856 val_auc: 0.8338	test_loss: 0.1575 test_auc: 0.7689
[event] unit_heartbeat unit=gps/molhiv/seed=3 elapsed_seconds=9756.5 lines=908 log_bytes=98364
[gps/molhiv/seed=3] train: {'epoch': 93, 'time_epoch': 99.06892, 'eta': 580.81487, 'eta_hours': 0.16134, 'loss': 0.04240926, 'lr': 1.33e-06, 'params': 558673, 'time_iter': 0.09628, 'accuracy': 0.98571, 'precision': 0.8608, 'recall': 0.73782, 'f1': 0.79458, 'auc': 0.98984}
[gps/molhiv/seed=3] val: {'epoch': 93, 'time_epoch': 3.39934, 'loss': 0.11831811, 'lr': 0, 'params': 558673, 'time_iter': 0.02635, 'accuracy': 0.98006, 'precision': 0.49123, 'recall': 0.34568, 'f1': 0.4058, 'auc': 0.80857}
[gps/molhiv/seed=3] test: {'epoch': 93, 'time_epoch': 3.39396, 'loss': 0.22254082, 'lr': 0, 'params': 558673, 'time_iter': 0.02631, 'accuracy': 0.96742, 'precision': 0.47222, 'recall': 0.26154, 'f1': 0.33663, 'auc': 0.767}
[gps/molhiv/seed=3] > Epoch 93: took 106.0s (avg 103.8s) | Best so far: epoch 44	train_loss: 0.0695 train_auc: 0.9650	val_loss: 0.0856 val_auc: 0.8338	test_loss: 0.1575 test_auc: 0.7689
[event] unit_heartbeat unit=gps/molhiv/seed=3 elapsed_seconds=9817.5 lines=912 log_bytes=99189
[event] unit_heartbeat unit=gps/molhiv/seed=3 elapsed_seconds=9877.6 lines=912 log_bytes=99189
[gps/molhiv/seed=3] train: {'epoch': 94, 'time_epoch': 99.42294, 'eta': 484.15031, 'eta_hours': 0.13449, 'loss': 0.04104072, 'lr': 9.8e-07, 'params': 558673, 'time_iter': 0.09662, 'accuracy': 0.98532, 'precision': 0.86608, 'recall': 0.71916, 'f1': 0.78581, 'auc': 0.99162}
[gps/molhiv/seed=3] val: {'epoch': 94, 'time_epoch': 3.43638, 'loss': 0.11374133, 'lr': 0, 'params': 558673, 'time_iter': 0.02664, 'accuracy': 0.98006, 'precision': 0.49153, 'recall': 0.35802, 'f1': 0.41429, 'auc': 0.81192}
[gps/molhiv/seed=3] test: {'epoch': 94, 'time_epoch': 3.44304, 'loss': 0.21773362, 'lr': 0, 'params': 558673, 'time_iter': 0.02669, 'accuracy': 0.96766, 'precision': 0.47887, 'recall': 0.26154, 'f1': 0.33831, 'auc': 0.77087}
[gps/molhiv/seed=3] > Epoch 94: took 106.5s (avg 103.8s) | Best so far: epoch 44	train_loss: 0.0695 train_auc: 0.9650	val_loss: 0.0856 val_auc: 0.8338	test_loss: 0.1575 test_auc: 0.7689
[event] unit_heartbeat unit=gps/molhiv/seed=3 elapsed_seconds=9939.0 lines=916 log_bytes=100017
[event] unit_heartbeat unit=gps/molhiv/seed=3 elapsed_seconds=9999.0 lines=916 log_bytes=100017
[gps/molhiv/seed=3] train: {'epoch': 95, 'time_epoch': 99.57663, 'eta': 387.43469, 'eta_hours': 0.10762, 'loss': 0.04181628, 'lr': 6.8e-07, 'params': 558673, 'time_iter': 0.09677, 'accuracy': 0.9859, 'precision': 0.87721, 'recall': 0.72484, 'f1': 0.79378, 'auc': 0.99023}
[gps/molhiv/seed=3] val: {'epoch': 95, 'time_epoch': 3.408, 'loss': 0.12155287, 'lr': 0, 'params': 558673, 'time_iter': 0.02642, 'accuracy': 0.97812, 'precision': 0.43284, 'recall': 0.35802, 'f1': 0.39189, 'auc': 0.80724}
[gps/molhiv/seed=3] test: {'epoch': 95, 'time_epoch': 3.42546, 'loss': 0.22488998, 'lr': 0, 'params': 558673, 'time_iter': 0.02655, 'accuracy': 0.96572, 'precision': 0.43038, 'recall': 0.26154, 'f1': 0.32536, 'auc': 0.77125}
[gps/molhiv/seed=3] > Epoch 95: took 106.6s (avg 103.8s) | Best so far: epoch 44	train_loss: 0.0695 train_auc: 0.9650	val_loss: 0.0856 val_auc: 0.8338	test_loss: 0.1575 test_auc: 0.7689
[event] unit_heartbeat unit=gps/molhiv/seed=3 elapsed_seconds=10060.6 lines=920 log_bytes=100842
[event] unit_heartbeat unit=gps/molhiv/seed=3 elapsed_seconds=10120.6 lines=920 log_bytes=100842
[gps/molhiv/seed=3] train: {'epoch': 96, 'time_epoch': 99.6798, 'eta': 290.66327, 'eta_hours': 0.08074, 'loss': 0.04019094, 'lr': 4.4e-07, 'params': 558673, 'time_iter': 0.09687, 'accuracy': 0.98556, 'precision': 0.8629, 'recall': 0.73052, 'f1': 0.79121, 'auc': 0.992}
[gps/molhiv/seed=3] val: {'epoch': 96, 'time_epoch': 3.44255, 'loss': 0.11886008, 'lr': 0, 'params': 558673, 'time_iter': 0.02669, 'accuracy': 0.97982, 'precision': 0.48276, 'recall': 0.34568, 'f1': 0.40288, 'auc': 0.8111}
[gps/molhiv/seed=3] test: {'epoch': 96, 'time_epoch': 3.47596, 'loss': 0.22575559, 'lr': 0, 'params': 558673, 'time_iter': 0.02695, 'accuracy': 0.96596, 'precision': 0.4359, 'recall': 0.26154, 'f1': 0.32692, 'auc': 0.77164}
[gps/molhiv/seed=3] > Epoch 96: took 106.8s (avg 103.9s) | Best so far: epoch 44	train_loss: 0.0695 train_auc: 0.9650	val_loss: 0.0856 val_auc: 0.8338	test_loss: 0.1575 test_auc: 0.7689
[event] unit_heartbeat unit=gps/molhiv/seed=3 elapsed_seconds=10182.3 lines=924 log_bytes=101664
[gps/molhiv/seed=3] train: {'epoch': 97, 'time_epoch': 98.09673, 'eta': 193.80018, 'eta_hours': 0.05383, 'loss': 0.04139925, 'lr': 2.5e-07, 'params': 558673, 'time_iter': 0.09533, 'accuracy': 0.98556, 'precision': 0.86855, 'recall': 0.72403, 'f1': 0.78973, 'auc': 0.99095}
[gps/molhiv/seed=3] val: {'epoch': 97, 'time_epoch': 3.44794, 'loss': 0.12232102, 'lr': 0, 'params': 558673, 'time_iter': 0.02673, 'accuracy': 0.97933, 'precision': 0.46774, 'recall': 0.35802, 'f1': 0.40559, 'auc': 0.81044}
[gps/molhiv/seed=3] test: {'epoch': 97, 'time_epoch': 3.43202, 'loss': 0.22736563, 'lr': 0, 'params': 558673, 'time_iter': 0.0266, 'accuracy': 0.96572, 'precision': 0.43038, 'recall': 0.26154, 'f1': 0.32536, 'auc': 0.77418}
[gps/molhiv/seed=3] > Epoch 97: took 105.1s (avg 103.9s) | Best so far: epoch 44	train_loss: 0.0695 train_auc: 0.9650	val_loss: 0.0856 val_auc: 0.8338	test_loss: 0.1575 test_auc: 0.7689
[event] unit_heartbeat unit=gps/molhiv/seed=3 elapsed_seconds=10242.4 lines=928 log_bytes=102491
[event] unit_heartbeat unit=gps/molhiv/seed=3 elapsed_seconds=10302.5 lines=928 log_bytes=102491
[gps/molhiv/seed=3] train: {'epoch': 98, 'time_epoch': 99.74074, 'eta': 96.92879, 'eta_hours': 0.02692, 'loss': 0.04179473, 'lr': 1.1e-07, 'params': 558673, 'time_iter': 0.09693, 'accuracy': 0.98584, 'precision': 0.87041, 'recall': 0.73052, 'f1': 0.79435, 'auc': 0.99028}
[gps/molhiv/seed=3] val: {'epoch': 98, 'time_epoch': 3.42981, 'loss': 0.12157612, 'lr': 0, 'params': 558673, 'time_iter': 0.02659, 'accuracy': 0.98055, 'precision': 0.50877, 'recall': 0.35802, 'f1': 0.42029, 'auc': 0.80894}
[gps/molhiv/seed=3] test: {'epoch': 98, 'time_epoch': 3.43488, 'loss': 0.22990756, 'lr': 0, 'params': 558673, 'time_iter': 0.02663, 'accuracy': 0.96693, 'precision': 0.45714, 'recall': 0.24615, 'f1': 0.32, 'auc': 0.76948}
[gps/molhiv/seed=3] > Epoch 98: took 106.8s (avg 103.9s) | Best so far: epoch 44	train_loss: 0.0695 train_auc: 0.9650	val_loss: 0.0856 val_auc: 0.8338	test_loss: 0.1575 test_auc: 0.7689
[event] unit_heartbeat unit=gps/molhiv/seed=3 elapsed_seconds=10364.2 lines=932 log_bytes=103315
[event] unit_heartbeat unit=gps/molhiv/seed=3 elapsed_seconds=10424.3 lines=932 log_bytes=103315
[gps/molhiv/seed=3] train: {'epoch': 99, 'time_epoch': 99.19736, 'eta': 0.0, 'eta_hours': 0.0, 'loss': 0.04055246, 'lr': 3e-08, 'params': 558673, 'time_iter': 0.0964, 'accuracy': 0.98556, 'precision': 0.87512, 'recall': 0.71672, 'f1': 0.78804, 'auc': 0.99143}
[gps/molhiv/seed=3] val: {'epoch': 99, 'time_epoch': 3.44701, 'loss': 0.12153026, 'lr': 0, 'params': 558673, 'time_iter': 0.02672, 'accuracy': 0.98006, 'precision': 0.49153, 'recall': 0.35802, 'f1': 0.41429, 'auc': 0.81083}
[gps/molhiv/seed=3] test: {'epoch': 99, 'time_epoch': 3.44292, 'loss': 0.22898396, 'lr': 0, 'params': 558673, 'time_iter': 0.02669, 'accuracy': 0.96669, 'precision': 0.45333, 'recall': 0.26154, 'f1': 0.33171, 'auc': 0.77217}
[gps/molhiv/seed=3] > Epoch 99: took 106.3s (avg 103.9s) | Best so far: epoch 44	train_loss: 0.0695 train_auc: 0.9650	val_loss: 0.0856 val_auc: 0.8338	test_loss: 0.1575 test_auc: 0.7689
[gps/molhiv/seed=3] Avg time per epoch: 103.93s
[gps/molhiv/seed=3] {'epoch': 44, 'time_epoch': 3.36079, 'loss': 0.0856323, 'lr': 0, 'params': 558673, 'time_iter': 0.02605, 'accuracy': 0.98055, 'precision': 0.5098, 'recall': 0.32099, 'f1': 0.39394, 'auc': 0.83384}
[gps/molhiv/seed=3] {'epoch': 44, 'time_epoch': 95.71234, 'eta': 5298.74979, 'eta_hours': 1.47187, 'loss': 0.06951528, 'lr': 6.387e-05, 'params': 558673, 'time_iter': 0.09301, 'accuracy': 0.97727, 'precision': 0.80175, 'recall': 0.52192, 'f1': 0.63225, 'auc': 0.96501}
[gps/molhiv/seed=3] {'epoch': 44, 'time_epoch': 3.42366, 'loss': 0.15753043, 'lr': 0, 'params': 558673, 'time_iter': 0.02654, 'accuracy': 0.96596, 'precision': 0.4359, 'recall': 0.26154, 'f1': 0.32692, 'auc': 0.76889}
[gps/molhiv/seed=3] {'epoch': 63, 'time_epoch': 3.42116, 'loss': 0.1009231, 'lr': 0, 'params': 558673, 'time_iter': 0.02652, 'accuracy': 0.97812, 'precision': 0.42623, 'recall': 0.32099, 'f1': 0.3662, 'auc': 0.81982}
[gps/molhiv/seed=3] {'epoch': 63, 'time_epoch': 98.73752, 'eta': 3523.14504, 'eta_hours': 0.97865, 'loss': 0.04971222, 'lr': 3.299e-05, 'params': 558673, 'time_iter': 0.09595, 'accuracy': 0.98274, 'precision': 0.83603, 'recall': 0.67045, 'f1': 0.74414, 'auc': 0.98608}
[gps/molhiv/seed=3] {'epoch': 63, 'time_epoch': 3.40473, 'loss': 0.18996277, 'lr': 0, 'params': 558673, 'time_iter': 0.02639, 'accuracy': 0.96353, 'precision': 0.38372, 'recall': 0.25385, 'f1': 0.30556, 'auc': 0.78382}
[event] unit_process_end unit=gps/molhiv/seed=3 returncode=0 duration_seconds=10453.779 timed_out=False lines=949 log_bytes=105655
[event] registry_append method=gps dataset=molhiv protocol=paper-seeds-provisional seed=3 status=success
[registry] gps/molhiv/paper-seeds-provisional/seed=3 roc_auc=0.76889 [success]
[event] unit_end method=gps dataset=molhiv protocol=paper-seeds-provisional seed=3 status=success

=== SUMMARY (mean±std, n, paper target, verdict) ===
gps          molhiv         paper-seeds-provisional    0.7764±0.0106 (n=2)  paper=0.788±0.0101  reproduced

[csv] /kaggle/working/hod-gnn-results/paper_vs_reproduced.csv
[event] runner_end status=complete zip=hod-gnn-results.zip remaining=0

=== DONE. Results in /kaggle/working/hod-gnn-results (zip: hod-gnn-results.zip) ===
Kaggle: 右侧 'Output' 下载 hod-gnn-results.zip；下一轮挂载后加 --resume
