[*] Run ID 2: seed=2, split_index=0
    Starting now: 2026-09-11 15:58:26.497573
Downloading http://snap.stanford.edu/ogb/data/graphproppred/csv_mol_download/hiv.zip

  0%|          | 0/3 [00:00<?, ?it/s]
Downloaded 0.00 GB:   0%|          | 0/3 [00:03<?, ?it/s]
Downloaded 0.00 GB:  33%|███▎      | 1/3 [00:03<00:06,  3.06s/it]
Downloaded 0.00 GB:  33%|███▎      | 1/3 [00:04<00:06,  3.06s/it]
Downloaded 0.00 GB:  67%|██████▋   | 2/3 [00:04<00:01,  1.95s/it]
Downloaded 0.00 GB:  67%|██████▋   | 2/3 [00:04<00:01,  1.95s/it]
Downloaded 0.00 GB: 100%|██████████| 3/3 [00:04<00:00,  1.41s/it]
Extracting ./datasets/hiv.zip
Processing...
Loading necessary files...
This might take a while.
Processing graphs...

  0%|          | 0/41127 [00:00<?, ?it/s]
 28%|██▊       | 11488/41127 [00:00<00:00, 114869.70it/s]
 56%|█████▌    | 23060/41127 [00:00<00:00, 115359.73it/s]
 84%|████████▍ | 34596/41127 [00:00<00:00, 110493.62it/s]
100%|██████████| 41127/41127 [00:00<00:00, 110276.29it/s]
Converting graphs into PyG objects...

  0%|          | 0/41127 [00:00<?, ?it/s]
  5%|▍         | 1997/41127 [00:00<00:03, 11953.01it/s]
 22%|██▏       | 9030/41127 [00:00<00:00, 38859.41it/s]
 33%|███▎      | 13659/41127 [00:00<00:00, 28448.90it/s]
 50%|█████     | 20721/41127 [00:00<00:00, 40191.28it/s]
 62%|██████▏   | 25618/41127 [00:00<00:00, 30537.74it/s]
 77%|███████▋  | 31691/41127 [00:00<00:00, 37337.18it/s]
 90%|█████████ | 37056/41127 [00:01<00:00, 41308.38it/s]
100%|██████████| 41127/41127 [00:01<00:00, 37922.10it/s]
Saving...
Done!
[*] Loaded dataset 'ogbg-molhiv' from 'OGB':
  Data(edge_index=[2, 2259376], edge_attr=[2259376, 3], x=[1049163, 9], y=[41127, 1], num_nodes=1049163)
  undirected: True
  num graphs: 41127
  avg num_nodes/graph: 25
  num node features: 9
  num edge features: 3
  num tasks: 1
  num classes: 2
Parsed RWSE PE kernel times / steps: [1, 2, 3, 4, 5, 6, 7, 8, 9, 10, 11, 12, 13, 14, 15, 16]
Precomputing Positional Encoding statistics: ['RWSE'] for all graphs...
  ...estimated to be undirected: True

  0%|          | 0/41127 [00:00<?, ?it/s]
 23%|██▎       | 9423/41127 [00:10<00:33, 942.22it/s]
 45%|████▍     | 18454/41127 [00:20<00:24, 919.21it/s]
 67%|██████▋   | 27743/41127 [00:30<00:14, 923.61it/s]
 90%|████████▉ | 36929/41127 [00:40<00:04, 921.62it/s]
100%|██████████| 41127/41127 [00:45<00:00, 913.06it/s]
Done! Took 00:00:45.95
Created a temporary directory at /tmp/tmpu3z32ayh
Writing /tmp/tmpu3z32ayh/_remote_module_non_scriptable.py
GraphGymModule(
  (model): GPSModel(
    (encoder): FeatureEncoder(
      (node_encoder): Concat2NodeEncoder(
        (encoder1): AtomEncoder(
          (atom_embedding_list): ModuleList(
            (0): Embedding(119, 48)
            (1): Embedding(5, 48)
            (2): Embedding(12, 48)
            (3): Embedding(12, 48)
            (4): Embedding(10, 48)
            (5): Embedding(6, 48)
            (6): Embedding(6, 48)
            (7): Embedding(2, 48)
            (8): Embedding(2, 48)
          )
        )
        (encoder2): RWSENodeEncoder(
          (raw_norm): BatchNorm1d(16, eps=1e-05, momentum=0.1, affine=True, track_running_stats=True)
          (pe_encoder): Linear(in_features=16, out_features=16, bias=True)
        )
      )
      (edge_encoder): BondEncoder(
        (bond_embedding_list): ModuleList(
          (0): Embedding(5, 64)
          (1): Embedding(6, 64)
          (2): Embedding(2, 64)
        )
      )
    )
    (layers): Sequential(
      (0): GPSLayer(
        summary: dim_h=64, local_gnn_type=CustomGatedGCN, global_model_type=Transformer, heads=4
        (local_model): GatedGCNLayer()
        (self_attn): MultiheadAttention(
          (out_proj): NonDynamicallyQuantizableLinear(in_features=64, out_features=64, bias=True)
        )
        (norm1_local): BatchNorm1d(64, eps=1e-05, momentum=0.1, affine=True, track_running_stats=True)
        (norm1_attn): BatchNorm1d(64, eps=1e-05, momentum=0.1, affine=True, track_running_stats=True)
        (dropout_local): Dropout(p=0.05, inplace=False)
        (dropout_attn): Dropout(p=0.05, inplace=False)
        (ff_linear1): Linear(in_features=64, out_features=128, bias=True)
        (ff_linear2): Linear(in_features=128, out_features=64, bias=True)
        (act_fn_ff): ReLU()
        (norm2): BatchNorm1d(64, eps=1e-05, momentum=0.1, affine=True, track_running_stats=True)
        (ff_dropout1): Dropout(p=0.05, inplace=False)
        (ff_dropout2): Dropout(p=0.05, inplace=False)
      )
      (1): GPSLayer(
        summary: dim_h=64, local_gnn_type=CustomGatedGCN, global_model_type=Transformer, heads=4
        (local_model): GatedGCNLayer()
        (self_attn): MultiheadAttention(
          (out_proj): NonDynamicallyQuantizableLinear(in_features=64, out_features=64, bias=True)
        )
        (norm1_local): BatchNorm1d(64, eps=1e-05, momentum=0.1, affine=True, track_running_stats=True)
        (norm1_attn): BatchNorm1d(64, eps=1e-05, momentum=0.1, affine=True, track_running_stats=True)
        (dropout_local): Dropout(p=0.05, inplace=False)
        (dropout_attn): Dropout(p=0.05, inplace=False)
        (ff_linear1): Linear(in_features=64, out_features=128, bias=True)
        (ff_linear2): Linear(in_features=128, out_features=64, bias=True)
        (act_fn_ff): ReLU()
        (norm2): BatchNorm1d(64, eps=1e-05, momentum=0.1, affine=True, track_running_stats=True)
        (ff_dropout1): Dropout(p=0.05, inplace=False)
        (ff_dropout2): Dropout(p=0.05, inplace=False)
      )
      (2): GPSLayer(
        summary: dim_h=64, local_gnn_type=CustomGatedGCN, global_model_type=Transformer, heads=4
        (local_model): GatedGCNLayer()
        (self_attn): MultiheadAttention(
          (out_proj): NonDynamicallyQuantizableLinear(in_features=64, out_features=64, bias=True)
        )
        (norm1_local): BatchNorm1d(64, eps=1e-05, momentum=0.1, affine=True, track_running_stats=True)
        (norm1_attn): BatchNorm1d(64, eps=1e-05, momentum=0.1, affine=True, track_running_stats=True)
        (dropout_local): Dropout(p=0.05, inplace=False)
        (dropout_attn): Dropout(p=0.05, inplace=False)
        (ff_linear1): Linear(in_features=64, out_features=128, bias=True)
        (ff_linear2): Linear(in_features=128, out_features=64, bias=True)
        (act_fn_ff): ReLU()
        (norm2): BatchNorm1d(64, eps=1e-05, momentum=0.1, affine=True, track_running_stats=True)
        (ff_dropout1): Dropout(p=0.05, inplace=False)
        (ff_dropout2): Dropout(p=0.05, inplace=False)
      )
      (3): GPSLayer(
        summary: dim_h=64, local_gnn_type=CustomGatedGCN, global_model_type=Transformer, heads=4
        (local_model): GatedGCNLayer()
        (self_attn): MultiheadAttention(
          (out_proj): NonDynamicallyQuantizableLinear(in_features=64, out_features=64, bias=True)
        )
        (norm1_local): BatchNorm1d(64, eps=1e-05, momentum=0.1, affine=True, track_running_stats=True)
        (norm1_attn): BatchNorm1d(64, eps=1e-05, momentum=0.1, affine=True, track_running_stats=True)
        (dropout_local): Dropout(p=0.05, inplace=False)
        (dropout_attn): Dropout(p=0.05, inplace=False)
        (ff_linear1): Linear(in_features=64, out_features=128, bias=True)
        (ff_linear2): Linear(in_features=128, out_features=64, bias=True)
        (act_fn_ff): ReLU()
        (norm2): BatchNorm1d(64, eps=1e-05, momentum=0.1, affine=True, track_running_stats=True)
        (ff_dropout1): Dropout(p=0.05, inplace=False)
        (ff_dropout2): Dropout(p=0.05, inplace=False)
      )
      (4): GPSLayer(
        summary: dim_h=64, local_gnn_type=CustomGatedGCN, global_model_type=Transformer, heads=4
        (local_model): GatedGCNLayer()
        (self_attn): MultiheadAttention(
          (out_proj): NonDynamicallyQuantizableLinear(in_features=64, out_features=64, bias=True)
        )
        (norm1_local): BatchNorm1d(64, eps=1e-05, momentum=0.1, affine=True, track_running_stats=True)
        (norm1_attn): BatchNorm1d(64, eps=1e-05, momentum=0.1, affine=True, track_running_stats=True)
        (dropout_local): Dropout(p=0.05, inplace=False)
        (dropout_attn): Dropout(p=0.05, inplace=False)
        (ff_linear1): Linear(in_features=64, out_features=128, bias=True)
        (ff_linear2): Linear(in_features=128, out_features=64, bias=True)
        (act_fn_ff): ReLU()
        (norm2): BatchNorm1d(64, eps=1e-05, momentum=0.1, affine=True, track_running_stats=True)
        (ff_dropout1): Dropout(p=0.05, inplace=False)
        (ff_dropout2): Dropout(p=0.05, inplace=False)
      )
      (5): GPSLayer(
        summary: dim_h=64, local_gnn_type=CustomGatedGCN, global_model_type=Transformer, heads=4
        (local_model): GatedGCNLayer()
        (self_attn): MultiheadAttention(
          (out_proj): NonDynamicallyQuantizableLinear(in_features=64, out_features=64, bias=True)
        )
        (norm1_local): BatchNorm1d(64, eps=1e-05, momentum=0.1, affine=True, track_running_stats=True)
        (norm1_attn): BatchNorm1d(64, eps=1e-05, momentum=0.1, affine=True, track_running_stats=True)
        (dropout_local): Dropout(p=0.05, inplace=False)
        (dropout_attn): Dropout(p=0.05, inplace=False)
        (ff_linear1): Linear(in_features=64, out_features=128, bias=True)
        (ff_linear2): Linear(in_features=128, out_features=64, bias=True)
        (act_fn_ff): ReLU()
        (norm2): BatchNorm1d(64, eps=1e-05, momentum=0.1, affine=True, track_running_stats=True)
        (ff_dropout1): Dropout(p=0.05, inplace=False)
        (ff_dropout2): Dropout(p=0.05, inplace=False)
      )
      (6): GPSLayer(
        summary: dim_h=64, local_gnn_type=CustomGatedGCN, global_model_type=Transformer, heads=4
        (local_model): GatedGCNLayer()
        (self_attn): MultiheadAttention(
          (out_proj): NonDynamicallyQuantizableLinear(in_features=64, out_features=64, bias=True)
        )
        (norm1_local): BatchNorm1d(64, eps=1e-05, momentum=0.1, affine=True, track_running_stats=True)
        (norm1_attn): BatchNorm1d(64, eps=1e-05, momentum=0.1, affine=True, track_running_stats=True)
        (dropout_local): Dropout(p=0.05, inplace=False)
        (dropout_attn): Dropout(p=0.05, inplace=False)
        (ff_linear1): Linear(in_features=64, out_features=128, bias=True)
        (ff_linear2): Linear(in_features=128, out_features=64, bias=True)
        (act_fn_ff): ReLU()
        (norm2): BatchNorm1d(64, eps=1e-05, momentum=0.1, affine=True, track_running_stats=True)
        (ff_dropout1): Dropout(p=0.05, inplace=False)
        (ff_dropout2): Dropout(p=0.05, inplace=False)
      )
      (7): GPSLayer(
        summary: dim_h=64, local_gnn_type=CustomGatedGCN, global_model_type=Transformer, heads=4
        (local_model): GatedGCNLayer()
        (self_attn): MultiheadAttention(
          (out_proj): NonDynamicallyQuantizableLinear(in_features=64, out_features=64, bias=True)
        )
        (norm1_local): BatchNorm1d(64, eps=1e-05, momentum=0.1, affine=True, track_running_stats=True)
        (norm1_attn): BatchNorm1d(64, eps=1e-05, momentum=0.1, affine=True, track_running_stats=True)
        (dropout_local): Dropout(p=0.05, inplace=False)
        (dropout_attn): Dropout(p=0.05, inplace=False)
        (ff_linear1): Linear(in_features=64, out_features=128, bias=True)
        (ff_linear2): Linear(in_features=128, out_features=64, bias=True)
        (act_fn_ff): ReLU()
        (norm2): BatchNorm1d(64, eps=1e-05, momentum=0.1, affine=True, track_running_stats=True)
        (ff_dropout1): Dropout(p=0.05, inplace=False)
        (ff_dropout2): Dropout(p=0.05, inplace=False)
      )
      (8): GPSLayer(
        summary: dim_h=64, local_gnn_type=CustomGatedGCN, global_model_type=Transformer, heads=4
        (local_model): GatedGCNLayer()
        (self_attn): MultiheadAttention(
          (out_proj): NonDynamicallyQuantizableLinear(in_features=64, out_features=64, bias=True)
        )
        (norm1_local): BatchNorm1d(64, eps=1e-05, momentum=0.1, affine=True, track_running_stats=True)
        (norm1_attn): BatchNorm1d(64, eps=1e-05, momentum=0.1, affine=True, track_running_stats=True)
        (dropout_local): Dropout(p=0.05, inplace=False)
        (dropout_attn): Dropout(p=0.05, inplace=False)
        (ff_linear1): Linear(in_features=64, out_features=128, bias=True)
        (ff_linear2): Linear(in_features=128, out_features=64, bias=True)
        (act_fn_ff): ReLU()
        (norm2): BatchNorm1d(64, eps=1e-05, momentum=0.1, affine=True, track_running_stats=True)
        (ff_dropout1): Dropout(p=0.05, inplace=False)
        (ff_dropout2): Dropout(p=0.05, inplace=False)
      )
      (9): GPSLayer(
        summary: dim_h=64, local_gnn_type=CustomGatedGCN, global_model_type=Transformer, heads=4
        (local_model): GatedGCNLayer()
        (self_attn): MultiheadAttention(
          (out_proj): NonDynamicallyQuantizableLinear(in_features=64, out_features=64, bias=True)
        )
        (norm1_local): BatchNorm1d(64, eps=1e-05, momentum=0.1, affine=True, track_running_stats=True)
        (norm1_attn): BatchNorm1d(64, eps=1e-05, momentum=0.1, affine=True, track_running_stats=True)
        (dropout_local): Dropout(p=0.05, inplace=False)
        (dropout_attn): Dropout(p=0.05, inplace=False)
        (ff_linear1): Linear(in_features=64, out_features=128, bias=True)
        (ff_linear2): Linear(in_features=128, out_features=64, bias=True)
        (act_fn_ff): ReLU()
        (norm2): BatchNorm1d(64, eps=1e-05, momentum=0.1, affine=True, track_running_stats=True)
        (ff_dropout1): Dropout(p=0.05, inplace=False)
        (ff_dropout2): Dropout(p=0.05, inplace=False)
      )
    )
    (post_mp): SANGraphHead(
      (FC_layers): ModuleList(
        (0): Linear(in_features=64, out_features=32, bias=True)
        (1): Linear(in_features=32, out_features=16, bias=True)
        (2): Linear(in_features=16, out_features=1, bias=True)
      )
      (activation): ReLU()
    )
  )
)
accelerator: cuda
benchmark: False
bn:
  eps: 1e-05
  mom: 0.1
cfg_dest: config.yaml
custom_metrics: []
dataset:
  cache_load: False
  cache_save: False
  dir: ./datasets
  edge_dim: 128
  edge_encoder: True
  edge_encoder_bn: False
  edge_encoder_name: Bond
  edge_encoder_num_types: 0
  edge_message_ratio: 0.8
  edge_negative_sampling_ratio: 1.0
  edge_train_mode: all
  encoder: True
  encoder_bn: True
  encoder_dim: 128
  encoder_name: db
  format: OGB
  infer_link_label: None
  label_column: none
  label_table: none
  location: local
  name: ogbg-molhiv
  node_encoder: True
  node_encoder_bn: False
  node_encoder_name: Atom+RWSE
  node_encoder_num_types: 0
  remove_feature: False
  resample_disjoint: False
  resample_negative: False
  shuffle_split: True
  slic_compactness: 10
  split: [0.8, 0.1, 0.1]
  split_dir: ./splits
  split_index: 0
  split_mode: standard
  task: graph
  task_type: classification
  to_undirected: False
  transductive: False
  transform: none
  tu_simple: True
devices: 1
example_arg: example
example_group:
  example_arg: example
gnn:
  act: relu
  agg: mean
  att_final_linear: False
  att_final_linear_bn: False
  att_heads: 1
  batchnorm: True
  clear_feature: True
  dim_edge: 64
  dim_inner: 64
  dropout: 0.0
  head: san_graph
  keep_edge: 0.5
  l2norm: True
  layer_type: generalconv
  layers_mp: 2
  layers_post_mp: 3
  layers_pre_mp: 0
  msg_direction: single
  normalize_adj: False
  residual: False
  self_msg: concat
  skip_every: 1
  stage_type: stack
gpu_mem: False
graphormer:
  attention_dropout: 0.0
  dropout: 0.0
  embed_dim: 80
  input_dropout: 0.0
  mlp_dropout: 0.0
  num_heads: 4
  num_layers: 6
  use_graph_token: True
gt:
  attn_dropout: 0.5
  batch_norm: True
  bigbird:
    add_cross_attention: False
    attention_type: block_sparse
    block_size: 3
    chunk_size_feed_forward: 0
    hidden_act: relu
    is_decoder: False
    layer_norm_eps: 1e-06
    max_position_embeddings: 128
    num_random_blocks: 3
    use_bias: False
  dim_hidden: 64
  dropout: 0.05
  full_graph: True
  gamma: 1e-05
  layer_norm: False
  layer_type: CustomGatedGCN+Transformer
  layers: 10
  n_heads: 4
  pna_degrees: []
  residual: True
mem:
  inplace: False
metric_agg: argmax
metric_best: auc
model:
  edge_decoding: dot
  graph_pooling: mean
  loss_fun: cross_entropy
  match_upper: True
  size_average: mean
  thresh: 0.5
  type: GPSModel
name_tag: 
num_threads: 6
num_workers: 0
optim:
  base_lr: 0.0001
  batch_accumulation: 1
  clip_grad_norm: True
  clip_grad_norm_value: 1.0
  lr_decay: 0.1
  max_epoch: 100
  min_lr: 0.0
  momentum: 0.9
  num_warmup_epochs: 5
  optimizer: adamW
  reduce_factor: 0.1
  schedule_patience: 10
  scheduler: cosine_with_warmup
  steps: [30, 60, 90]
  weight_decay: 1e-05
out_dir: results/ogbg-molhiv-GPS+RWSE
posenc_ElstaticSE:
  dim_pe: 16
  enable: False
  kernel:
    times: []
    times_func: range(10)
  layers: 3
  model: none
  n_heads: 4
  pass_as_var: False
  post_layers: 0
  raw_norm_type: none
posenc_EquivStableLapPE:
  eigen:
    eigvec_norm: L2
    laplacian_norm: sym
    max_freqs: 10
  enable: False
  raw_norm_type: none
posenc_GraphormerBias:
  dim_pe: 0
  enable: False
  node_degrees_only: False
  num_in_degrees: None
  num_out_degrees: None
  num_spatial_types: None
posenc_HKdiagSE:
  dim_pe: 16
  enable: False
  kernel:
    times: []
    times_func: 
  layers: 3
  model: none
  n_heads: 4
  pass_as_var: False
  post_layers: 0
  raw_norm_type: none
posenc_LapPE:
  dim_pe: 16
  eigen:
    eigvec_norm: L2
    laplacian_norm: sym
    max_freqs: 10
  enable: False
  layers: 3
  model: none
  n_heads: 4
  pass_as_var: False
  post_layers: 0
  raw_norm_type: none
posenc_RWSE:
  dim_pe: 16
  enable: True
  kernel:
    times: [1, 2, 3, 4, 5, 6, 7, 8, 9, 10, 11, 12, 13, 14, 15, 16]
    times_func: range(1,17)
  layers: 3
  model: Linear
  n_heads: 4
  pass_as_var: False
  post_layers: 0
  raw_norm_type: BatchNorm
posenc_SignNet:
  dim_pe: 16
  eigen:
    eigvec_norm: L2
    laplacian_norm: sym
    max_freqs: 10
  enable: False
  layers: 3
  model: none
  n_heads: 4
  pass_as_var: False
  phi_hidden_dim: 64
  phi_out_dim: 4
  post_layers: 0
  raw_norm_type: none
pretrained:
  dir: 
  freeze_main: False
  reset_prediction_head: True
print: both
round: 5
run_dir: results/ogbg-molhiv-GPS+RWSE/2
run_id: 2
run_multiple_splits: []
seed: 2
share:
  dim_in: 9
  dim_out: 2
  num_splits: 3
tensorboard_agg: True
tensorboard_each_run: False
train:
  auto_resume: False
  batch_size: 32
  ckpt_best: False
  ckpt_clean: True
  ckpt_period: 100
  enable_ckpt: True
  epoch_resume: -1
  eval_period: 1
  iter_per_epoch: 32
  mode: custom
  neighbor_sizes: [20, 15, 10, 5]
  node_per_graph: 32
  radius: extend
  sample_node: False
  sampler: full_batch
  skip_train_eval: False
  walk_length: 4
val:
  node_per_graph: 32
  radius: extend
  sample_node: False
  sampler: full_batch
view_emb: False
wandb:
  entity: gtransformers
  name: 
  project: molhiv
  use: False
Num parameters: 558673
Start from epoch 0
train: {'epoch': 0, 'time_epoch': 100.76066, 'eta': 9975.305, 'eta_hours': 2.77092, 'loss': 0.83712535, 'lr': 0.0, 'params': 558673, 'time_iter': 0.09792, 'accuracy': 0.03745, 'precision': 0.03745, 'recall': 1.0, 'f1': 0.07219, 'auc': 0.52429}
...computing epoch stats took: 0.05s
val: {'epoch': 0, 'time_epoch': 3.66919, 'loss': 0.84185644, 'lr': 0, 'params': 558673, 'time_iter': 0.02844, 'accuracy': 0.01994, 'precision': 0.0197, 'recall': 1.0, 'f1': 0.03864, 'auc': 0.54881}
...computing epoch stats took: 0.01s
test: {'epoch': 0, 'time_epoch': 3.67387, 'loss': 0.8370714, 'lr': 0, 'params': 558673, 'time_iter': 0.02848, 'accuracy': 0.03355, 'precision': 0.03167, 'recall': 1.0, 'f1': 0.06139, 'auc': 0.54025}
...computing epoch stats took: 0.01s
> Epoch 0: took 108.2s (avg 108.2s) | Best so far: epoch 0	train_loss: 0.8371 train_auc: 0.5243	val_loss: 0.8419 val_auc: 0.5488	test_loss: 0.8371 test_auc: 0.5403
train: {'epoch': 1, 'time_epoch': 99.43767, 'eta': 9809.71812, 'eta_hours': 2.72492, 'loss': 0.45885476, 'lr': 2e-05, 'params': 558673, 'time_iter': 0.09664, 'accuracy': 0.76107, 'precision': 0.04314, 'recall': 0.25406, 'f1': 0.07376, 'auc': 0.5396}
...computing epoch stats took: 0.08s
val: {'epoch': 1, 'time_epoch': 3.3894, 'loss': 0.18747534, 'lr': 0, 'params': 558673, 'time_iter': 0.02627, 'accuracy': 0.97933, 'precision': 0.0, 'recall': 0.0, 'f1': 0.0, 'auc': 0.58707}
...computing epoch stats took: 0.02s
test: {'epoch': 1, 'time_epoch': 3.48689, 'loss': 0.20634357, 'lr': 0, 'params': 558673, 'time_iter': 0.02703, 'accuracy': 0.96766, 'precision': 0.0, 'recall': 0.0, 'f1': 0.0, 'auc': 0.60355}
...computing epoch stats took: 0.01s
> Epoch 1: took 106.5s (avg 107.3s) | Best so far: epoch 1	train_loss: 0.4589 train_auc: 0.5396	val_loss: 0.1875 val_auc: 0.5871	test_loss: 0.2063 test_auc: 0.6036
train: {'epoch': 2, 'time_epoch': 99.23836, 'eta': 9681.78621, 'eta_hours': 2.68939, 'loss': 0.17412811, 'lr': 4e-05, 'params': 558673, 'time_iter': 0.09644, 'accuracy': 0.96219, 'precision': 0.07143, 'recall': 0.00081, 'f1': 0.00161, 'auc': 0.6163}
...computing epoch stats took: 0.07s
/kaggle/working/.venv310/lib/python3.10/site-packages/sklearn/metrics/_classification.py:1509: UndefinedMetricWarning: Precision is ill-defined and being set to 0.0 due to no predicted samples. Use `zero_division` parameter to control this behavior.
  _warn_prf(average, modifier, f"{metric.capitalize()} is", len(result))
val: {'epoch': 2, 'time_epoch': 3.43715, 'loss': 0.09468906, 'lr': 0, 'params': 558673, 'time_iter': 0.02664, 'accuracy': 0.98031, 'precision': 0.0, 'recall': 0.0, 'f1': 0.0, 'auc': 0.71541}
...computing epoch stats took: 0.01s
/kaggle/working/.venv310/lib/python3.10/site-packages/sklearn/metrics/_classification.py:1509: UndefinedMetricWarning: Precision is ill-defined and being set to 0.0 due to no predicted samples. Use `zero_division` parameter to control this behavior.
  _warn_prf(average, modifier, f"{metric.capitalize()} is", len(result))
test: {'epoch': 2, 'time_epoch': 3.39622, 'loss': 0.1237137, 'lr': 0, 'params': 558673, 'time_iter': 0.02633, 'accuracy': 0.96839, 'precision': 0.0, 'recall': 0.0, 'f1': 0.0, 'auc': 0.7392}
...computing epoch stats took: 0.01s
> Epoch 2: took 106.2s (avg 107.0s) | Best so far: epoch 2	train_loss: 0.1741 train_auc: 0.6163	val_loss: 0.0947 val_auc: 0.7154	test_loss: 0.1237 test_auc: 0.7392
/kaggle/working/.venv310/lib/python3.10/site-packages/sklearn/metrics/_classification.py:1509: UndefinedMetricWarning: Precision is ill-defined and being set to 0.0 due to no predicted samples. Use `zero_division` parameter to control this behavior.
  _warn_prf(average, modifier, f"{metric.capitalize()} is", len(result))
train: {'epoch': 3, 'time_epoch': 99.18707, 'eta': 9566.97023, 'eta_hours': 2.65749, 'loss': 0.14876372, 'lr': 6e-05, 'params': 558673, 'time_iter': 0.09639, 'accuracy': 0.96255, 'precision': 0.0, 'recall': 0.0, 'f1': 0.0, 'auc': 0.69405}
/kaggle/working/.venv310/lib/python3.10/site-packages/sklearn/metrics/_classification.py:1509: UndefinedMetricWarning: Precision is ill-defined and being set to 0.0 due to no predicted samples. Use `zero_division` parameter to control this behavior.
  _warn_prf(average, modifier, f"{metric.capitalize()} is", len(result))
val: {'epoch': 3, 'time_epoch': 3.70132, 'loss': 0.08981625, 'lr': 0, 'params': 558673, 'time_iter': 0.02869, 'accuracy': 0.98031, 'precision': 0.0, 'recall': 0.0, 'f1': 0.0, 'auc': 0.72929}
/kaggle/working/.venv310/lib/python3.10/site-packages/sklearn/metrics/_classification.py:1509: UndefinedMetricWarning: Precision is ill-defined and being set to 0.0 due to no predicted samples. Use `zero_division` parameter to control this behavior.
  _warn_prf(average, modifier, f"{metric.capitalize()} is", len(result))
test: {'epoch': 3, 'time_epoch': 3.60928, 'loss': 0.12301046, 'lr': 0, 'params': 558673, 'time_iter': 0.02798, 'accuracy': 0.96839, 'precision': 0.0, 'recall': 0.0, 'f1': 0.0, 'auc': 0.73819}
> Epoch 3: took 106.6s (avg 106.9s) | Best so far: epoch 3	train_loss: 0.1488 train_auc: 0.6940	val_loss: 0.0898 val_auc: 0.7293	test_loss: 0.1230 test_auc: 0.7382
train: {'epoch': 4, 'time_epoch': 98.88241, 'eta': 9452.61718, 'eta_hours': 2.62573, 'loss': 0.13997525, 'lr': 8e-05, 'params': 558673, 'time_iter': 0.0961, 'accuracy': 0.96301, 'precision': 0.61538, 'recall': 0.03247, 'f1': 0.06168, 'auc': 0.73949}
val: {'epoch': 4, 'time_epoch': 3.46315, 'loss': 0.09044683, 'lr': 0, 'params': 558673, 'time_iter': 0.02685, 'accuracy': 0.98152, 'precision': 0.6087, 'recall': 0.17284, 'f1': 0.26923, 'auc': 0.73625}
test: {'epoch': 4, 'time_epoch': 3.38321, 'loss': 0.12190085, 'lr': 0, 'params': 558673, 'time_iter': 0.02623, 'accuracy': 0.96961, 'precision': 0.54902, 'recall': 0.21538, 'f1': 0.30939, 'auc': 0.75362}
> Epoch 4: took 105.9s (avg 106.7s) | Best so far: epoch 4	train_loss: 0.1400 train_auc: 0.7395	val_loss: 0.0904 val_auc: 0.7362	test_loss: 0.1219 test_auc: 0.7536
train: {'epoch': 5, 'time_epoch': 99.08047, 'eta': 9346.52396, 'eta_hours': 2.59626, 'loss': 0.13353304, 'lr': 0.0001, 'params': 558673, 'time_iter': 0.09629, 'accuracy': 0.96362, 'precision': 0.58794, 'recall': 0.09497, 'f1': 0.16352, 'auc': 0.76709}
val: {'epoch': 5, 'time_epoch': 3.37684, 'loss': 0.08285044, 'lr': 0, 'params': 558673, 'time_iter': 0.02618, 'accuracy': 0.98128, 'precision': 0.6, 'recall': 0.14815, 'f1': 0.23762, 'auc': 0.73853}
test: {'epoch': 5, 'time_epoch': 3.4087, 'loss': 0.11930954, 'lr': 0, 'params': 558673, 'time_iter': 0.02642, 'accuracy': 0.97082, 'precision': 0.61905, 'recall': 0.2, 'f1': 0.30233, 'auc': 0.76135}
> Epoch 5: took 106.0s (avg 106.6s) | Best so far: epoch 5	train_loss: 0.1335 train_auc: 0.7671	val_loss: 0.0829 val_auc: 0.7385	test_loss: 0.1193 test_auc: 0.7613
train: {'epoch': 6, 'time_epoch': 98.89691, 'eta': 9239.9957, 'eta_hours': 2.56667, 'loss': 0.1279341, 'lr': 9.997e-05, 'params': 558673, 'time_iter': 0.09611, 'accuracy': 0.96462, 'precision': 0.60559, 'recall': 0.15828, 'f1': 0.25097, 'auc': 0.79109}
val: {'epoch': 6, 'time_epoch': 3.42348, 'loss': 0.08629107, 'lr': 0, 'params': 558673, 'time_iter': 0.02654, 'accuracy': 0.98055, 'precision': 0.52174, 'recall': 0.14815, 'f1': 0.23077, 'auc': 0.74007}
test: {'epoch': 6, 'time_epoch': 3.39659, 'loss': 0.12491185, 'lr': 0, 'params': 558673, 'time_iter': 0.02633, 'accuracy': 0.96548, 'precision': 0.36364, 'recall': 0.12308, 'f1': 0.18391, 'auc': 0.76553}
> Epoch 6: took 105.9s (avg 106.5s) | Best so far: epoch 6	train_loss: 0.1279 train_auc: 0.7911	val_loss: 0.0863 val_auc: 0.7401	test_loss: 0.1249 test_auc: 0.7655
train: {'epoch': 7, 'time_epoch': 98.84799, 'eta': 9134.81271, 'eta_hours': 2.53745, 'loss': 0.12240167, 'lr': 9.989e-05, 'params': 558673, 'time_iter': 0.09606, 'accuracy': 0.96614, 'precision': 0.66389, 'recall': 0.19399, 'f1': 0.30025, 'auc': 0.8081}
val: {'epoch': 7, 'time_epoch': 3.41238, 'loss': 0.08184839, 'lr': 0, 'params': 558673, 'time_iter': 0.02645, 'accuracy': 0.98201, 'precision': 0.62963, 'recall': 0.20988, 'f1': 0.31481, 'auc': 0.7855}
test: {'epoch': 7, 'time_epoch': 3.37752, 'loss': 0.12247987, 'lr': 0, 'params': 558673, 'time_iter': 0.02618, 'accuracy': 0.96864, 'precision': 0.51351, 'recall': 0.14615, 'f1': 0.22754, 'auc': 0.75328}
> Epoch 7: took 105.8s (avg 106.4s) | Best so far: epoch 7	train_loss: 0.1224 train_auc: 0.8081	val_loss: 0.0818 val_auc: 0.7855	test_loss: 0.1225 test_auc: 0.7533
train: {'epoch': 8, 'time_epoch': 99.24577, 'eta': 9035.05945, 'eta_hours': 2.50974, 'loss': 0.12028263, 'lr': 9.975e-05, 'params': 558673, 'time_iter': 0.09645, 'accuracy': 0.96578, 'precision': 0.61229, 'recall': 0.23458, 'f1': 0.3392, 'auc': 0.81163}
val: {'epoch': 8, 'time_epoch': 3.41178, 'loss': 0.08440068, 'lr': 0, 'params': 558673, 'time_iter': 0.02645, 'accuracy': 0.98031, 'precision': 0.5, 'recall': 0.17284, 'f1': 0.25688, 'auc': 0.73339}
test: {'epoch': 8, 'time_epoch': 3.5602, 'loss': 0.1192809, 'lr': 0, 'params': 558673, 'time_iter': 0.0276, 'accuracy': 0.96815, 'precision': 0.48, 'recall': 0.09231, 'f1': 0.15484, 'auc': 0.7556}
> Epoch 8: took 106.4s (avg 106.4s) | Best so far: epoch 7	train_loss: 0.1224 train_auc: 0.8081	val_loss: 0.0818 val_auc: 0.7855	test_loss: 0.1225 test_auc: 0.7533
train: {'epoch': 9, 'time_epoch': 98.84092, 'eta': 8931.76405, 'eta_hours': 2.48105, 'loss': 0.11772001, 'lr': 9.956e-05, 'params': 558673, 'time_iter': 0.09606, 'accuracy': 0.96666, 'precision': 0.64516, 'recall': 0.24351, 'f1': 0.35357, 'auc': 0.82411}
val: {'epoch': 9, 'time_epoch': 3.49927, 'loss': 0.08300901, 'lr': 0, 'params': 558673, 'time_iter': 0.02713, 'accuracy': 0.97909, 'precision': 0.44444, 'recall': 0.24691, 'f1': 0.31746, 'auc': 0.76542}
test: {'epoch': 9, 'time_epoch': 3.3674, 'loss': 0.12081402, 'lr': 0, 'params': 558673, 'time_iter': 0.0261, 'accuracy': 0.96742, 'precision': 0.46667, 'recall': 0.21538, 'f1': 0.29474, 'auc': 0.7605}
> Epoch 9: took 105.9s (avg 106.3s) | Best so far: epoch 7	train_loss: 0.1224 train_auc: 0.8081	val_loss: 0.0818 val_auc: 0.7855	test_loss: 0.1225 test_auc: 0.7533
train: {'epoch': 10, 'time_epoch': 98.74344, 'eta': 8828.4899, 'eta_hours': 2.45236, 'loss': 0.11347721, 'lr': 9.932e-05, 'params': 558673, 'time_iter': 0.09596, 'accuracy': 0.96775, 'precision': 0.66798, 'recall': 0.27597, 'f1': 0.39058, 'auc': 0.83766}
val: {'epoch': 10, 'time_epoch': 3.41489, 'loss': 0.08262944, 'lr': 0, 'params': 558673, 'time_iter': 0.02647, 'accuracy': 0.98177, 'precision': 0.58333, 'recall': 0.25926, 'f1': 0.35897, 'auc': 0.74501}
test: {'epoch': 10, 'time_epoch': 3.41444, 'loss': 0.12073359, 'lr': 0, 'params': 558673, 'time_iter': 0.02647, 'accuracy': 0.96864, 'precision': 0.50877, 'recall': 0.22308, 'f1': 0.31016, 'auc': 0.7368}
> Epoch 10: took 105.7s (avg 106.3s) | Best so far: epoch 7	train_loss: 0.1224 train_auc: 0.8081	val_loss: 0.0818 val_auc: 0.7855	test_loss: 0.1225 test_auc: 0.7533
train: {'epoch': 11, 'time_epoch': 99.46001, 'eta': 8731.22564, 'eta_hours': 2.42534, 'loss': 0.11226214, 'lr': 9.902e-05, 'params': 558673, 'time_iter': 0.09666, 'accuracy': 0.96787, 'precision': 0.66859, 'recall': 0.28166, 'f1': 0.39634, 'auc': 0.8448}
val: {'epoch': 11, 'time_epoch': 3.36387, 'loss': 0.07912119, 'lr': 0, 'params': 558673, 'time_iter': 0.02608, 'accuracy': 0.98177, 'precision': 0.625, 'recall': 0.18519, 'f1': 0.28571, 'auc': 0.77052}
test: {'epoch': 11, 'time_epoch': 3.35142, 'loss': 0.11923907, 'lr': 0, 'params': 558673, 'time_iter': 0.02598, 'accuracy': 0.96864, 'precision': 0.52, 'recall': 0.1, 'f1': 0.16774, 'auc': 0.76374}
> Epoch 11: took 106.3s (avg 106.3s) | Best so far: epoch 7	train_loss: 0.1224 train_auc: 0.8081	val_loss: 0.0818 val_auc: 0.7855	test_loss: 0.1225 test_auc: 0.7533
train: {'epoch': 12, 'time_epoch': 99.53855, 'eta': 8634.1492, 'eta_hours': 2.39837, 'loss': 0.10930162, 'lr': 9.867e-05, 'params': 558673, 'time_iter': 0.09673, 'accuracy': 0.96927, 'precision': 0.70654, 'recall': 0.30682, 'f1': 0.42784, 'auc': 0.85327}
val: {'epoch': 12, 'time_epoch': 3.43481, 'loss': 0.07866025, 'lr': 0, 'params': 558673, 'time_iter': 0.02663, 'accuracy': 0.98201, 'precision': 0.6, 'recall': 0.25926, 'f1': 0.36207, 'auc': 0.76062}
test: {'epoch': 12, 'time_epoch': 3.42863, 'loss': 0.11676804, 'lr': 0, 'params': 558673, 'time_iter': 0.02658, 'accuracy': 0.96985, 'precision': 0.55556, 'recall': 0.23077, 'f1': 0.32609, 'auc': 0.76171}
> Epoch 12: took 106.6s (avg 106.3s) | Best so far: epoch 7	train_loss: 0.1224 train_auc: 0.8081	val_loss: 0.0818 val_auc: 0.7855	test_loss: 0.1225 test_auc: 0.7533
train: {'epoch': 13, 'time_epoch': 99.3428, 'eta': 8535.51857, 'eta_hours': 2.37098, 'loss': 0.10901905, 'lr': 9.826e-05, 'params': 558673, 'time_iter': 0.09654, 'accuracy': 0.96869, 'precision': 0.68231, 'recall': 0.30682, 'f1': 0.42329, 'auc': 0.8589}
val: {'epoch': 13, 'time_epoch': 3.47527, 'loss': 0.07859807, 'lr': 0, 'params': 558673, 'time_iter': 0.02694, 'accuracy': 0.98274, 'precision': 0.64706, 'recall': 0.2716, 'f1': 0.38261, 'auc': 0.78899}
test: {'epoch': 13, 'time_epoch': 3.4533, 'loss': 0.11248697, 'lr': 0, 'params': 558673, 'time_iter': 0.02677, 'accuracy': 0.97058, 'precision': 0.57895, 'recall': 0.25385, 'f1': 0.35294, 'auc': 0.79319}
> Epoch 13: took 106.4s (avg 106.3s) | Best so far: epoch 13	train_loss: 0.1090 train_auc: 0.8589	val_loss: 0.0786 val_auc: 0.7890	test_loss: 0.1125 test_auc: 0.7932
train: {'epoch': 14, 'time_epoch': 99.26784, 'eta': 8436.36821, 'eta_hours': 2.34344, 'loss': 0.105098, 'lr': 9.78e-05, 'params': 558673, 'time_iter': 0.09647, 'accuracy': 0.97003, 'precision': 0.7128, 'recall': 0.33442, 'f1': 0.45525, 'auc': 0.86843}
val: {'epoch': 14, 'time_epoch': 3.45028, 'loss': 0.07647217, 'lr': 0, 'params': 558673, 'time_iter': 0.02675, 'accuracy': 0.98152, 'precision': 0.56757, 'recall': 0.25926, 'f1': 0.35593, 'auc': 0.78683}
test: {'epoch': 14, 'time_epoch': 3.44689, 'loss': 0.11826148, 'lr': 0, 'params': 558673, 'time_iter': 0.02672, 'accuracy': 0.96937, 'precision': 0.53448, 'recall': 0.23846, 'f1': 0.32979, 'auc': 0.77142}
> Epoch 14: took 106.3s (avg 106.3s) | Best so far: epoch 13	train_loss: 0.1090 train_auc: 0.8589	val_loss: 0.0786 val_auc: 0.7890	test_loss: 0.1125 test_auc: 0.7932
train: {'epoch': 15, 'time_epoch': 99.17729, 'eta': 8336.72777, 'eta_hours': 2.31576, 'loss': 0.1048367, 'lr': 9.729e-05, 'params': 558673, 'time_iter': 0.09638, 'accuracy': 0.96976, 'precision': 0.70826, 'recall': 0.32711, 'f1': 0.44753, 'auc': 0.87123}
val: {'epoch': 15, 'time_epoch': 3.46208, 'loss': 0.07993101, 'lr': 0, 'params': 558673, 'time_iter': 0.02684, 'accuracy': 0.98152, 'precision': 0.55102, 'recall': 0.33333, 'f1': 0.41538, 'auc': 0.77335}
test: {'epoch': 15, 'time_epoch': 3.41961, 'loss': 0.11704245, 'lr': 0, 'params': 558673, 'time_iter': 0.02651, 'accuracy': 0.96864, 'precision': 0.50602, 'recall': 0.32308, 'f1': 0.39437, 'auc': 0.7803}
> Epoch 15: took 106.2s (avg 106.3s) | Best so far: epoch 13	train_loss: 0.1090 train_auc: 0.8589	val_loss: 0.0786 val_auc: 0.7890	test_loss: 0.1125 test_auc: 0.7932
train: {'epoch': 16, 'time_epoch': 99.69023, 'eta': 8239.6462, 'eta_hours': 2.28879, 'loss': 0.10347528, 'lr': 9.673e-05, 'params': 558673, 'time_iter': 0.09688, 'accuracy': 0.96994, 'precision': 0.70769, 'recall': 0.33604, 'f1': 0.4557, 'auc': 0.87662}
val: {'epoch': 16, 'time_epoch': 3.39271, 'loss': 0.08045145, 'lr': 0, 'params': 558673, 'time_iter': 0.0263, 'accuracy': 0.98104, 'precision': 0.53488, 'recall': 0.28395, 'f1': 0.37097, 'auc': 0.77781}
test: {'epoch': 16, 'time_epoch': 3.417, 'loss': 0.12381834, 'lr': 0, 'params': 558673, 'time_iter': 0.02649, 'accuracy': 0.96572, 'precision': 0.42667, 'recall': 0.24615, 'f1': 0.3122, 'auc': 0.78201}
> Epoch 16: took 106.7s (avg 106.3s) | Best so far: epoch 13	train_loss: 0.1090 train_auc: 0.8589	val_loss: 0.0786 val_auc: 0.7890	test_loss: 0.1125 test_auc: 0.7932
train: {'epoch': 17, 'time_epoch': 99.67072, 'eta': 8142.1859, 'eta_hours': 2.26172, 'loss': 0.10086714, 'lr': 9.611e-05, 'params': 558673, 'time_iter': 0.09686, 'accuracy': 0.97058, 'precision': 0.71086, 'recall': 0.3612, 'f1': 0.47901, 'auc': 0.88374}
val: {'epoch': 17, 'time_epoch': 3.40977, 'loss': 0.0855062, 'lr': 0, 'params': 558673, 'time_iter': 0.02643, 'accuracy': 0.97958, 'precision': 0.47458, 'recall': 0.34568, 'f1': 0.4, 'auc': 0.77237}
test: {'epoch': 17, 'time_epoch': 3.40419, 'loss': 0.12270949, 'lr': 0, 'params': 558673, 'time_iter': 0.02639, 'accuracy': 0.96596, 'precision': 0.4359, 'recall': 0.26154, 'f1': 0.32692, 'auc': 0.78467}
> Epoch 17: took 106.6s (avg 106.3s) | Best so far: epoch 13	train_loss: 0.1090 train_auc: 0.8589	val_loss: 0.0786 val_auc: 0.7890	test_loss: 0.1125 test_auc: 0.7932
train: {'epoch': 18, 'time_epoch': 99.53804, 'eta': 8043.92729, 'eta_hours': 2.23442, 'loss': 0.10017179, 'lr': 9.545e-05, 'params': 558673, 'time_iter': 0.09673, 'accuracy': 0.97116, 'precision': 0.7264, 'recall': 0.36851, 'f1': 0.48896, 'auc': 0.88625}
val: {'epoch': 18, 'time_epoch': 3.43396, 'loss': 0.08088585, 'lr': 0, 'params': 558673, 'time_iter': 0.02662, 'accuracy': 0.98152, 'precision': 0.56098, 'recall': 0.28395, 'f1': 0.37705, 'auc': 0.74407}
test: {'epoch': 18, 'time_epoch': 3.37389, 'loss': 0.11272552, 'lr': 0, 'params': 558673, 'time_iter': 0.02615, 'accuracy': 0.97034, 'precision': 0.55714, 'recall': 0.3, 'f1': 0.39, 'auc': 0.79576}
> Epoch 18: took 106.5s (avg 106.4s) | Best so far: epoch 13	train_loss: 0.1090 train_auc: 0.8589	val_loss: 0.0786 val_auc: 0.7890	test_loss: 0.1125 test_auc: 0.7932
train: {'epoch': 19, 'time_epoch': 99.1523, 'eta': 7943.99778, 'eta_hours': 2.20667, 'loss': 0.09758598, 'lr': 9.474e-05, 'params': 558673, 'time_iter': 0.09636, 'accuracy': 0.97189, 'precision': 0.75123, 'recall': 0.37256, 'f1': 0.4981, 'auc': 0.89285}
val: {'epoch': 19, 'time_epoch': 3.37019, 'loss': 0.08099317, 'lr': 0, 'params': 558673, 'time_iter': 0.02613, 'accuracy': 0.98298, 'precision': 0.7037, 'recall': 0.23457, 'f1': 0.35185, 'auc': 0.74789}
test: {'epoch': 19, 'time_epoch': 3.4195, 'loss': 0.1269365, 'lr': 0, 'params': 558673, 'time_iter': 0.02651, 'accuracy': 0.96766, 'precision': 0.46939, 'recall': 0.17692, 'f1': 0.25698, 'auc': 0.77341}
> Epoch 19: took 106.1s (avg 106.3s) | Best so far: epoch 13	train_loss: 0.1090 train_auc: 0.8589	val_loss: 0.0786 val_auc: 0.7890	test_loss: 0.1125 test_auc: 0.7932
train: {'epoch': 20, 'time_epoch': 98.4334, 'eta': 7841.43784, 'eta_hours': 2.17818, 'loss': 0.09623962, 'lr': 9.397e-05, 'params': 558673, 'time_iter': 0.09566, 'accuracy': 0.97143, 'precision': 0.72813, 'recall': 0.37825, 'f1': 0.49786, 'auc': 0.90138}
val: {'epoch': 20, 'time_epoch': 3.46224, 'loss': 0.08359309, 'lr': 0, 'params': 558673, 'time_iter': 0.02684, 'accuracy': 0.97982, 'precision': 0.48333, 'recall': 0.35802, 'f1': 0.41135, 'auc': 0.79339}
test: {'epoch': 20, 'time_epoch': 3.38611, 'loss': 0.12523265, 'lr': 0, 'params': 558673, 'time_iter': 0.02625, 'accuracy': 0.96523, 'precision': 0.43158, 'recall': 0.31538, 'f1': 0.36444, 'auc': 0.7766}
> Epoch 20: took 105.4s (avg 106.3s) | Best so far: epoch 20	train_loss: 0.0962 train_auc: 0.9014	val_loss: 0.0836 val_auc: 0.7934	test_loss: 0.1252 test_auc: 0.7766
train: {'epoch': 21, 'time_epoch': 98.82, 'eta': 7740.62374, 'eta_hours': 2.15017, 'loss': 0.09475315, 'lr': 9.316e-05, 'params': 558673, 'time_iter': 0.09603, 'accuracy': 0.97234, 'precision': 0.74923, 'recall': 0.39286, 'f1': 0.51544, 'auc': 0.90902}
val: {'epoch': 21, 'time_epoch': 3.4077, 'loss': 0.07769602, 'lr': 0, 'params': 558673, 'time_iter': 0.02642, 'accuracy': 0.98225, 'precision': 0.58696, 'recall': 0.33333, 'f1': 0.4252, 'auc': 0.80473}
test: {'epoch': 21, 'time_epoch': 3.43023, 'loss': 0.11968809, 'lr': 0, 'params': 558673, 'time_iter': 0.02659, 'accuracy': 0.96766, 'precision': 0.47761, 'recall': 0.24615, 'f1': 0.32487, 'auc': 0.80415}
> Epoch 21: took 105.8s (avg 106.3s) | Best so far: epoch 21	train_loss: 0.0948 train_auc: 0.9090	val_loss: 0.0777 val_auc: 0.8047	test_loss: 0.1197 test_auc: 0.8042
train: {'epoch': 22, 'time_epoch': 99.73849, 'eta': 7643.05797, 'eta_hours': 2.12307, 'loss': 0.09340507, 'lr': 9.23e-05, 'params': 558673, 'time_iter': 0.09693, 'accuracy': 0.97289, 'precision': 0.75074, 'recall': 0.41315, 'f1': 0.53298, 'auc': 0.91059}
val: {'epoch': 22, 'time_epoch': 3.38593, 'loss': 0.07346337, 'lr': 0, 'params': 558673, 'time_iter': 0.02625, 'accuracy': 0.98177, 'precision': 0.5625, 'recall': 0.33333, 'f1': 0.4186, 'auc': 0.81891}
test: {'epoch': 22, 'time_epoch': 3.40939, 'loss': 0.12537096, 'lr': 0, 'params': 558673, 'time_iter': 0.02643, 'accuracy': 0.96888, 'precision': 0.52, 'recall': 0.2, 'f1': 0.28889, 'auc': 0.77519}
> Epoch 22: took 106.7s (avg 106.3s) | Best so far: epoch 22	train_loss: 0.0934 train_auc: 0.9106	val_loss: 0.0735 val_auc: 0.8189	test_loss: 0.1254 test_auc: 0.7752
train: {'epoch': 23, 'time_epoch': 99.06409, 'eta': 7543.17554, 'eta_hours': 2.09533, 'loss': 0.09223547, 'lr': 9.14e-05, 'params': 558673, 'time_iter': 0.09627, 'accuracy': 0.97304, 'precision': 0.75405, 'recall': 0.41558, 'f1': 0.53585, 'auc': 0.91238}
val: {'epoch': 23, 'time_epoch': 3.41933, 'loss': 0.08930554, 'lr': 0, 'params': 558673, 'time_iter': 0.02651, 'accuracy': 0.97909, 'precision': 0.45283, 'recall': 0.2963, 'f1': 0.35821, 'auc': 0.78572}
test: {'epoch': 23, 'time_epoch': 3.38736, 'loss': 0.1277925, 'lr': 0, 'params': 558673, 'time_iter': 0.02626, 'accuracy': 0.96572, 'precision': 0.4321, 'recall': 0.26923, 'f1': 0.33175, 'auc': 0.78221}
> Epoch 23: took 106.0s (avg 106.3s) | Best so far: epoch 22	train_loss: 0.0934 train_auc: 0.9106	val_loss: 0.0735 val_auc: 0.8189	test_loss: 0.1254 test_auc: 0.7752
train: {'epoch': 24, 'time_epoch': 98.90514, 'eta': 7442.88171, 'eta_hours': 2.06747, 'loss': 0.09147619, 'lr': 9.045e-05, 'params': 558673, 'time_iter': 0.09612, 'accuracy': 0.97289, 'precision': 0.74011, 'recall': 0.42532, 'f1': 0.54021, 'auc': 0.91755}
val: {'epoch': 24, 'time_epoch': 3.36641, 'loss': 0.08752082, 'lr': 0, 'params': 558673, 'time_iter': 0.0261, 'accuracy': 0.97933, 'precision': 0.46296, 'recall': 0.30864, 'f1': 0.37037, 'auc': 0.75923}
test: {'epoch': 24, 'time_epoch': 3.30645, 'loss': 0.12600861, 'lr': 0, 'params': 558673, 'time_iter': 0.02563, 'accuracy': 0.96839, 'precision': 0.5, 'recall': 0.26154, 'f1': 0.34343, 'auc': 0.79716}
> Epoch 24: took 105.7s (avg 106.3s) | Best so far: epoch 22	train_loss: 0.0934 train_auc: 0.9106	val_loss: 0.0735 val_auc: 0.8189	test_loss: 0.1254 test_auc: 0.7752
train: {'epoch': 25, 'time_epoch': 98.79733, 'eta': 7342.38787, 'eta_hours': 2.03955, 'loss': 0.08941116, 'lr': 8.946e-05, 'params': 558673, 'time_iter': 0.09601, 'accuracy': 0.97337, 'precision': 0.75429, 'recall': 0.42857, 'f1': 0.54658, 'auc': 0.92407}
val: {'epoch': 25, 'time_epoch': 3.41479, 'loss': 0.08695833, 'lr': 0, 'params': 558673, 'time_iter': 0.02647, 'accuracy': 0.98031, 'precision': 0.5, 'recall': 0.30864, 'f1': 0.38168, 'auc': 0.77957}
test: {'epoch': 25, 'time_epoch': 3.61306, 'loss': 0.13346979, 'lr': 0, 'params': 558673, 'time_iter': 0.02801, 'accuracy': 0.96766, 'precision': 0.47692, 'recall': 0.23846, 'f1': 0.31795, 'auc': 0.76597}
> Epoch 25: took 106.0s (avg 106.3s) | Best so far: epoch 22	train_loss: 0.0934 train_auc: 0.9106	val_loss: 0.0735 val_auc: 0.8189	test_loss: 0.1254 test_auc: 0.7752
train: {'epoch': 26, 'time_epoch': 98.69858, 'eta': 7241.75272, 'eta_hours': 2.0116, 'loss': 0.08957281, 'lr': 8.842e-05, 'params': 558673, 'time_iter': 0.09592, 'accuracy': 0.97316, 'precision': 0.75253, 'recall': 0.42208, 'f1': 0.54082, 'auc': 0.92335}
val: {'epoch': 26, 'time_epoch': 3.37829, 'loss': 0.08856392, 'lr': 0, 'params': 558673, 'time_iter': 0.02619, 'accuracy': 0.98201, 'precision': 0.57778, 'recall': 0.32099, 'f1': 0.4127, 'auc': 0.72908}
test: {'epoch': 26, 'time_epoch': 3.44357, 'loss': 0.13073037, 'lr': 0, 'params': 558673, 'time_iter': 0.02669, 'accuracy': 0.96693, 'precision': 0.45946, 'recall': 0.26154, 'f1': 0.33333, 'auc': 0.78627}
> Epoch 26: took 105.7s (avg 106.2s) | Best so far: epoch 22	train_loss: 0.0934 train_auc: 0.9106	val_loss: 0.0735 val_auc: 0.8189	test_loss: 0.1254 test_auc: 0.7752
train: {'epoch': 27, 'time_epoch': 98.49589, 'eta': 7140.73467, 'eta_hours': 1.98354, 'loss': 0.08798226, 'lr': 8.734e-05, 'params': 558673, 'time_iter': 0.09572, 'accuracy': 0.97353, 'precision': 0.75749, 'recall': 0.43101, 'f1': 0.54941, 'auc': 0.92557}
val: {'epoch': 27, 'time_epoch': 3.42646, 'loss': 0.08378111, 'lr': 0, 'params': 558673, 'time_iter': 0.02656, 'accuracy': 0.98249, 'precision': 0.62857, 'recall': 0.2716, 'f1': 0.37931, 'auc': 0.76966}
test: {'epoch': 27, 'time_epoch': 3.44908, 'loss': 0.13293672, 'lr': 0, 'params': 558673, 'time_iter': 0.02674, 'accuracy': 0.97009, 'precision': 0.57447, 'recall': 0.20769, 'f1': 0.30508, 'auc': 0.76468}
> Epoch 27: took 105.5s (avg 106.2s) | Best so far: epoch 22	train_loss: 0.0934 train_auc: 0.9106	val_loss: 0.0735 val_auc: 0.8189	test_loss: 0.1254 test_auc: 0.7752
train: {'epoch': 28, 'time_epoch': 98.81292, 'eta': 7040.66675, 'eta_hours': 1.95574, 'loss': 0.08535662, 'lr': 8.622e-05, 'params': 558673, 'time_iter': 0.09603, 'accuracy': 0.97392, 'precision': 0.75687, 'recall': 0.44724, 'f1': 0.56224, 'auc': 0.93647}
val: {'epoch': 28, 'time_epoch': 3.36537, 'loss': 0.08086679, 'lr': 0, 'params': 558673, 'time_iter': 0.02609, 'accuracy': 0.98079, 'precision': 0.52083, 'recall': 0.30864, 'f1': 0.3876, 'auc': 0.81673}
test: {'epoch': 28, 'time_epoch': 3.38904, 'loss': 0.13466592, 'lr': 0, 'params': 558673, 'time_iter': 0.02627, 'accuracy': 0.96499, 'precision': 0.41463, 'recall': 0.26154, 'f1': 0.32075, 'auc': 0.7608}
> Epoch 28: took 105.7s (avg 106.2s) | Best so far: epoch 22	train_loss: 0.0934 train_auc: 0.9106	val_loss: 0.0735 val_auc: 0.8189	test_loss: 0.1254 test_auc: 0.7752
train: {'epoch': 29, 'time_epoch': 98.39785, 'eta': 6939.71399, 'eta_hours': 1.9277, 'loss': 0.08354812, 'lr': 8.506e-05, 'params': 558673, 'time_iter': 0.09562, 'accuracy': 0.97441, 'precision': 0.76786, 'recall': 0.45373, 'f1': 0.57041, 'auc': 0.93787}
val: {'epoch': 29, 'time_epoch': 3.38316, 'loss': 0.08341874, 'lr': 0, 'params': 558673, 'time_iter': 0.02623, 'accuracy': 0.98249, 'precision': 0.63636, 'recall': 0.25926, 'f1': 0.36842, 'auc': 0.7609}
test: {'epoch': 29, 'time_epoch': 3.38007, 'loss': 0.13817578, 'lr': 0, 'params': 558673, 'time_iter': 0.0262, 'accuracy': 0.96815, 'precision': 0.48936, 'recall': 0.17692, 'f1': 0.25989, 'auc': 0.75948}
> Epoch 29: took 105.3s (avg 106.2s) | Best so far: epoch 22	train_loss: 0.0934 train_auc: 0.9106	val_loss: 0.0735 val_auc: 0.8189	test_loss: 0.1254 test_auc: 0.7752
train: {'epoch': 30, 'time_epoch': 98.11993, 'eta': 6838.30746, 'eta_hours': 1.89953, 'loss': 0.08368058, 'lr': 8.386e-05, 'params': 558673, 'time_iter': 0.09535, 'accuracy': 0.97368, 'precision': 0.75417, 'recall': 0.44075, 'f1': 0.55635, 'auc': 0.93914}
val: {'epoch': 30, 'time_epoch': 3.42084, 'loss': 0.08098583, 'lr': 0, 'params': 558673, 'time_iter': 0.02652, 'accuracy': 0.97982, 'precision': 0.48148, 'recall': 0.32099, 'f1': 0.38519, 'auc': 0.8089}
test: {'epoch': 30, 'time_epoch': 3.48588, 'loss': 0.134217, 'lr': 0, 'params': 558673, 'time_iter': 0.02702, 'accuracy': 0.9645, 'precision': 0.41837, 'recall': 0.31538, 'f1': 0.35965, 'auc': 0.79029}
> Epoch 30: took 105.2s (avg 106.1s) | Best so far: epoch 22	train_loss: 0.0934 train_auc: 0.9106	val_loss: 0.0735 val_auc: 0.8189	test_loss: 0.1254 test_auc: 0.7752
train: {'epoch': 31, 'time_epoch': 95.19065, 'eta': 6730.88164, 'eta_hours': 1.86969, 'loss': 0.08307547, 'lr': 8.263e-05, 'params': 558673, 'time_iter': 0.09251, 'accuracy': 0.97392, 'precision': 0.76117, 'recall': 0.44237, 'f1': 0.55955, 'auc': 0.94071}
val: {'epoch': 31, 'time_epoch': 3.26211, 'loss': 0.08526187, 'lr': 0, 'params': 558673, 'time_iter': 0.02529, 'accuracy': 0.98079, 'precision': 0.52632, 'recall': 0.24691, 'f1': 0.33613, 'auc': 0.78966}
test: {'epoch': 31, 'time_epoch': 3.23523, 'loss': 0.14460614, 'lr': 0, 'params': 558673, 'time_iter': 0.02508, 'accuracy': 0.96888, 'precision': 0.51613, 'recall': 0.24615, 'f1': 0.33333, 'auc': 0.75019}
> Epoch 31: took 101.8s (avg 106.0s) | Best so far: epoch 22	train_loss: 0.0934 train_auc: 0.9106	val_loss: 0.0735 val_auc: 0.8189	test_loss: 0.1254 test_auc: 0.7752
train: {'epoch': 32, 'time_epoch': 93.38144, 'eta': 6620.5241, 'eta_hours': 1.83903, 'loss': 0.07922043, 'lr': 8.136e-05, 'params': 558673, 'time_iter': 0.09075, 'accuracy': 0.97505, 'precision': 0.76863, 'recall': 0.47727, 'f1': 0.58888, 'auc': 0.94458}
val: {'epoch': 32, 'time_epoch': 3.3397, 'loss': 0.08481006, 'lr': 0, 'params': 558673, 'time_iter': 0.02589, 'accuracy': 0.98177, 'precision': 0.57895, 'recall': 0.2716, 'f1': 0.36975, 'auc': 0.78556}
test: {'epoch': 32, 'time_epoch': 3.3872, 'loss': 0.14497998, 'lr': 0, 'params': 558673, 'time_iter': 0.02626, 'accuracy': 0.96766, 'precision': 0.47761, 'recall': 0.24615, 'f1': 0.32487, 'auc': 0.76753}
> Epoch 32: took 100.2s (avg 105.8s) | Best so far: epoch 22	train_loss: 0.0934 train_auc: 0.9106	val_loss: 0.0735 val_auc: 0.8189	test_loss: 0.1254 test_auc: 0.7752
train: {'epoch': 33, 'time_epoch': 92.65984, 'eta': 6509.76439, 'eta_hours': 1.80827, 'loss': 0.07996934, 'lr': 8.005e-05, 'params': 558673, 'time_iter': 0.09005, 'accuracy': 0.97477, 'precision': 0.768, 'recall': 0.46753, 'f1': 0.58123, 'auc': 0.94663}
val: {'epoch': 33, 'time_epoch': 3.28403, 'loss': 0.08918491, 'lr': 0, 'params': 558673, 'time_iter': 0.02546, 'accuracy': 0.97812, 'precision': 0.42373, 'recall': 0.30864, 'f1': 0.35714, 'auc': 0.78241}
test: {'epoch': 33, 'time_epoch': 3.25818, 'loss': 0.14064707, 'lr': 0, 'params': 558673, 'time_iter': 0.02526, 'accuracy': 0.96572, 'precision': 0.42466, 'recall': 0.23846, 'f1': 0.30542, 'auc': 0.77945}
> Epoch 33: took 99.3s (avg 105.6s) | Best so far: epoch 22	train_loss: 0.0934 train_auc: 0.9106	val_loss: 0.0735 val_auc: 0.8189	test_loss: 0.1254 test_auc: 0.7752
train: {'epoch': 34, 'time_epoch': 92.97472, 'eta': 6400.62374, 'eta_hours': 1.77795, 'loss': 0.0785152, 'lr': 7.872e-05, 'params': 558673, 'time_iter': 0.09035, 'accuracy': 0.97508, 'precision': 0.76893, 'recall': 0.47808, 'f1': 0.58959, 'auc': 0.94892}
val: {'epoch': 34, 'time_epoch': 3.26727, 'loss': 0.08296663, 'lr': 0, 'params': 558673, 'time_iter': 0.02533, 'accuracy': 0.98152, 'precision': 0.57576, 'recall': 0.23457, 'f1': 0.33333, 'auc': 0.79799}
test: {'epoch': 34, 'time_epoch': 3.26046, 'loss': 0.14492908, 'lr': 0, 'params': 558673, 'time_iter': 0.02527, 'accuracy': 0.96864, 'precision': 0.50847, 'recall': 0.23077, 'f1': 0.31746, 'auc': 0.77058}
> Epoch 34: took 99.6s (avg 105.5s) | Best so far: epoch 22	train_loss: 0.0934 train_auc: 0.9106	val_loss: 0.0735 val_auc: 0.8189	test_loss: 0.1254 test_auc: 0.7752
train: {'epoch': 35, 'time_epoch': 92.71266, 'eta': 6291.91531, 'eta_hours': 1.74775, 'loss': 0.07611838, 'lr': 7.735e-05, 'params': 558673, 'time_iter': 0.0901, 'accuracy': 0.97526, 'precision': 0.75676, 'recall': 0.5, 'f1': 0.60215, 'auc': 0.95163}
val: {'epoch': 35, 'time_epoch': 3.25554, 'loss': 0.08930414, 'lr': 0, 'params': 558673, 'time_iter': 0.02524, 'accuracy': 0.98152, 'precision': 0.57576, 'recall': 0.23457, 'f1': 0.33333, 'auc': 0.77565}
test: {'epoch': 35, 'time_epoch': 3.27363, 'loss': 0.14408092, 'lr': 0, 'params': 558673, 'time_iter': 0.02538, 'accuracy': 0.96864, 'precision': 0.50794, 'recall': 0.24615, 'f1': 0.33161, 'auc': 0.77217}
> Epoch 35: took 99.4s (avg 105.3s) | Best so far: epoch 22	train_loss: 0.0934 train_auc: 0.9106	val_loss: 0.0735 val_auc: 0.8189	test_loss: 0.1254 test_auc: 0.7752
train: {'epoch': 36, 'time_epoch': 92.97474, 'eta': 6184.51777, 'eta_hours': 1.71792, 'loss': 0.07518317, 'lr': 7.595e-05, 'params': 558673, 'time_iter': 0.09035, 'accuracy': 0.97572, 'precision': 0.78449, 'recall': 0.48458, 'f1': 0.5991, 'auc': 0.95658}
val: {'epoch': 36, 'time_epoch': 3.28891, 'loss': 0.08599074, 'lr': 0, 'params': 558673, 'time_iter': 0.0255, 'accuracy': 0.98079, 'precision': 0.52083, 'recall': 0.30864, 'f1': 0.3876, 'auc': 0.79625}
test: {'epoch': 36, 'time_epoch': 3.2924, 'loss': 0.1426945, 'lr': 0, 'params': 558673, 'time_iter': 0.02552, 'accuracy': 0.9662, 'precision': 0.45161, 'recall': 0.32308, 'f1': 0.37668, 'auc': 0.77983}
> Epoch 36: took 99.7s (avg 105.1s) | Best so far: epoch 22	train_loss: 0.0934 train_auc: 0.9106	val_loss: 0.0735 val_auc: 0.8189	test_loss: 0.1254 test_auc: 0.7752
train: {'epoch': 37, 'time_epoch': 95.32814, 'eta': 6081.71907, 'eta_hours': 1.68937, 'loss': 0.07347172, 'lr': 7.452e-05, 'params': 558673, 'time_iter': 0.09264, 'accuracy': 0.97711, 'precision': 0.79752, 'recall': 0.5211, 'f1': 0.63034, 'auc': 0.95759}
val: {'epoch': 37, 'time_epoch': 3.44854, 'loss': 0.08455373, 'lr': 0, 'params': 558673, 'time_iter': 0.02673, 'accuracy': 0.98177, 'precision': 0.56522, 'recall': 0.32099, 'f1': 0.40945, 'auc': 0.78354}
test: {'epoch': 37, 'time_epoch': 3.35294, 'loss': 0.1429365, 'lr': 0, 'params': 558673, 'time_iter': 0.02599, 'accuracy': 0.96888, 'precision': 0.51562, 'recall': 0.25385, 'f1': 0.34021, 'auc': 0.77004}
> Epoch 37: took 102.3s (avg 105.1s) | Best so far: epoch 22	train_loss: 0.0934 train_auc: 0.9106	val_loss: 0.0735 val_auc: 0.8189	test_loss: 0.1254 test_auc: 0.7752
train: {'epoch': 38, 'time_epoch': 96.03218, 'eta': 5980.40468, 'eta_hours': 1.66122, 'loss': 0.07486364, 'lr': 7.307e-05, 'params': 558673, 'time_iter': 0.09333, 'accuracy': 0.97599, 'precision': 0.78406, 'recall': 0.49513, 'f1': 0.60697, 'auc': 0.95592}
val: {'epoch': 38, 'time_epoch': 3.27147, 'loss': 0.08980912, 'lr': 0, 'params': 558673, 'time_iter': 0.02536, 'accuracy': 0.97982, 'precision': 0.47917, 'recall': 0.28395, 'f1': 0.35659, 'auc': 0.77119}
test: {'epoch': 38, 'time_epoch': 3.28901, 'loss': 0.14608107, 'lr': 0, 'params': 558673, 'time_iter': 0.0255, 'accuracy': 0.96548, 'precision': 0.42308, 'recall': 0.25385, 'f1': 0.31731, 'auc': 0.77811}
> Epoch 38: took 102.7s (avg 105.0s) | Best so far: epoch 22	train_loss: 0.0934 train_auc: 0.9106	val_loss: 0.0735 val_auc: 0.8189	test_loss: 0.1254 test_auc: 0.7752
train: {'epoch': 39, 'time_epoch': 94.45677, 'eta': 5876.99128, 'eta_hours': 1.6325, 'loss': 0.0743188, 'lr': 7.159e-05, 'params': 558673, 'time_iter': 0.09179, 'accuracy': 0.97657, 'precision': 0.78849, 'recall': 0.51136, 'f1': 0.62038, 'auc': 0.95768}
val: {'epoch': 39, 'time_epoch': 3.26357, 'loss': 0.09127737, 'lr': 0, 'params': 558673, 'time_iter': 0.0253, 'accuracy': 0.98031, 'precision': 0.5, 'recall': 0.2963, 'f1': 0.37209, 'auc': 0.758}
test: {'epoch': 39, 'time_epoch': 3.36818, 'loss': 0.14726433, 'lr': 0, 'params': 558673, 'time_iter': 0.02611, 'accuracy': 0.96693, 'precision': 0.46154, 'recall': 0.27692, 'f1': 0.34615, 'auc': 0.7725}
> Epoch 39: took 101.2s (avg 104.9s) | Best so far: epoch 22	train_loss: 0.0934 train_auc: 0.9106	val_loss: 0.0735 val_auc: 0.8189	test_loss: 0.1254 test_auc: 0.7752
train: {'epoch': 40, 'time_epoch': 94.30093, 'eta': 5773.79053, 'eta_hours': 1.60383, 'loss': 0.07106302, 'lr': 7.008e-05, 'params': 558673, 'time_iter': 0.09164, 'accuracy': 0.97763, 'precision': 0.80392, 'recall': 0.53247, 'f1': 0.64062, 'auc': 0.95854}
val: {'epoch': 40, 'time_epoch': 3.24721, 'loss': 0.08521714, 'lr': 0, 'params': 558673, 'time_iter': 0.02517, 'accuracy': 0.98104, 'precision': 0.53191, 'recall': 0.30864, 'f1': 0.39062, 'auc': 0.79116}
test: {'epoch': 40, 'time_epoch': 3.39221, 'loss': 0.14516582, 'lr': 0, 'params': 558673, 'time_iter': 0.0263, 'accuracy': 0.96766, 'precision': 0.48052, 'recall': 0.28462, 'f1': 0.35749, 'auc': 0.78408}
> Epoch 40: took 101.1s (avg 104.8s) | Best so far: epoch 22	train_loss: 0.0934 train_auc: 0.9106	val_loss: 0.0735 val_auc: 0.8189	test_loss: 0.1254 test_auc: 0.7752
train: {'epoch': 41, 'time_epoch': 93.59309, 'eta': 5670.03609, 'eta_hours': 1.57501, 'loss': 0.06898835, 'lr': 6.856e-05, 'params': 558673, 'time_iter': 0.09096, 'accuracy': 0.97821, 'precision': 0.80765, 'recall': 0.5487, 'f1': 0.65346, 'auc': 0.96523}
val: {'epoch': 41, 'time_epoch': 3.26602, 'loss': 0.0873638, 'lr': 0, 'params': 558673, 'time_iter': 0.02532, 'accuracy': 0.97958, 'precision': 0.47273, 'recall': 0.32099, 'f1': 0.38235, 'auc': 0.79217}
test: {'epoch': 41, 'time_epoch': 3.35004, 'loss': 0.15303033, 'lr': 0, 'params': 558673, 'time_iter': 0.02597, 'accuracy': 0.96572, 'precision': 0.42857, 'recall': 0.25385, 'f1': 0.31884, 'auc': 0.7764}
> Epoch 41: took 100.3s (avg 104.7s) | Best so far: epoch 22	train_loss: 0.0934 train_auc: 0.9106	val_loss: 0.0735 val_auc: 0.8189	test_loss: 0.1254 test_auc: 0.7752
train: {'epoch': 42, 'time_epoch': 93.9538, 'eta': 5567.23243, 'eta_hours': 1.54645, 'loss': 0.0695614, 'lr': 6.701e-05, 'params': 558673, 'time_iter': 0.09131, 'accuracy': 0.97672, 'precision': 0.78695, 'recall': 0.51867, 'f1': 0.62524, 'auc': 0.96526}
val: {'epoch': 42, 'time_epoch': 3.38474, 'loss': 0.09510719, 'lr': 0, 'params': 558673, 'time_iter': 0.02624, 'accuracy': 0.97544, 'precision': 0.34848, 'recall': 0.28395, 'f1': 0.31293, 'auc': 0.79758}
test: {'epoch': 42, 'time_epoch': 3.23289, 'loss': 0.16120398, 'lr': 0, 'params': 558673, 'time_iter': 0.02506, 'accuracy': 0.96475, 'precision': 0.41176, 'recall': 0.26923, 'f1': 0.32558, 'auc': 0.77204}
> Epoch 42: took 100.7s (avg 104.6s) | Best so far: epoch 22	train_loss: 0.0934 train_auc: 0.9106	val_loss: 0.0735 val_auc: 0.8189	test_loss: 0.1254 test_auc: 0.7752
train: {'epoch': 43, 'time_epoch': 95.75267, 'eta': 5467.1205, 'eta_hours': 1.51864, 'loss': 0.06759384, 'lr': 6.545e-05, 'params': 558673, 'time_iter': 0.09305, 'accuracy': 0.97769, 'precision': 0.79502, 'recall': 0.54464, 'f1': 0.64644, 'auc': 0.96834}
val: {'epoch': 43, 'time_epoch': 3.45179, 'loss': 0.10045749, 'lr': 0, 'params': 558673, 'time_iter': 0.02676, 'accuracy': 0.97569, 'precision': 0.36986, 'recall': 0.33333, 'f1': 0.35065, 'auc': 0.77715}
test: {'epoch': 43, 'time_epoch': 3.61318, 'loss': 0.16366298, 'lr': 0, 'params': 558673, 'time_iter': 0.02801, 'accuracy': 0.96134, 'precision': 0.36937, 'recall': 0.31538, 'f1': 0.34025, 'auc': 0.78182}
> Epoch 43: took 103.0s (avg 104.6s) | Best so far: epoch 22	train_loss: 0.0934 train_auc: 0.9106	val_loss: 0.0735 val_auc: 0.8189	test_loss: 0.1254 test_auc: 0.7752
train: {'epoch': 44, 'time_epoch': 97.21586, 'eta': 5368.99065, 'eta_hours': 1.49139, 'loss': 0.06729838, 'lr': 6.387e-05, 'params': 558673, 'time_iter': 0.09448, 'accuracy': 0.97857, 'precision': 0.81785, 'recall': 0.55032, 'f1': 0.65793, 'auc': 0.96736}
val: {'epoch': 44, 'time_epoch': 3.29024, 'loss': 0.0961524, 'lr': 0, 'params': 558673, 'time_iter': 0.02551, 'accuracy': 0.97958, 'precision': 0.4717, 'recall': 0.30864, 'f1': 0.37313, 'auc': 0.79199}
test: {'epoch': 44, 'time_epoch': 3.41357, 'loss': 0.16370138, 'lr': 0, 'params': 558673, 'time_iter': 0.02646, 'accuracy': 0.96475, 'precision': 0.41573, 'recall': 0.28462, 'f1': 0.3379, 'auc': 0.77568}
> Epoch 44: took 104.1s (avg 104.6s) | Best so far: epoch 22	train_loss: 0.0934 train_auc: 0.9106	val_loss: 0.0735 val_auc: 0.8189	test_loss: 0.1254 test_auc: 0.7752
train: {'epoch': 45, 'time_epoch': 96.78941, 'eta': 5270.39994, 'eta_hours': 1.464, 'loss': 0.0652818, 'lr': 6.227e-05, 'params': 558673, 'time_iter': 0.09406, 'accuracy': 0.97878, 'precision': 0.82641, 'recall': 0.5487, 'f1': 0.65951, 'auc': 0.96883}
val: {'epoch': 45, 'time_epoch': 3.36544, 'loss': 0.09388339, 'lr': 0, 'params': 558673, 'time_iter': 0.02609, 'accuracy': 0.98055, 'precision': 0.51064, 'recall': 0.2963, 'f1': 0.375, 'auc': 0.78964}
test: {'epoch': 45, 'time_epoch': 3.34252, 'loss': 0.16917736, 'lr': 0, 'params': 558673, 'time_iter': 0.02591, 'accuracy': 0.96572, 'precision': 0.43529, 'recall': 0.28462, 'f1': 0.34419, 'auc': 0.75969}
> Epoch 45: took 103.6s (avg 104.5s) | Best so far: epoch 22	train_loss: 0.0934 train_auc: 0.9106	val_loss: 0.0735 val_auc: 0.8189	test_loss: 0.1254 test_auc: 0.7752
train: {'epoch': 46, 'time_epoch': 98.70902, 'eta': 5174.05054, 'eta_hours': 1.43724, 'loss': 0.06316049, 'lr': 6.066e-05, 'params': 558673, 'time_iter': 0.09593, 'accuracy': 0.97897, 'precision': 0.81034, 'recall': 0.57224, 'f1': 0.67079, 'auc': 0.97286}
val: {'epoch': 46, 'time_epoch': 3.37719, 'loss': 0.09291558, 'lr': 0, 'params': 558673, 'time_iter': 0.02618, 'accuracy': 0.97763, 'precision': 0.41791, 'recall': 0.34568, 'f1': 0.37838, 'auc': 0.79502}
test: {'epoch': 46, 'time_epoch': 3.4613, 'loss': 0.15936702, 'lr': 0, 'params': 558673, 'time_iter': 0.02683, 'accuracy': 0.96353, 'precision': 0.39796, 'recall': 0.3, 'f1': 0.34211, 'auc': 0.78174}
> Epoch 46: took 105.7s (avg 104.6s) | Best so far: epoch 22	train_loss: 0.0934 train_auc: 0.9106	val_loss: 0.0735 val_auc: 0.8189	test_loss: 0.1254 test_auc: 0.7752
train: {'epoch': 47, 'time_epoch': 98.3978, 'eta': 5077.26567, 'eta_hours': 1.41035, 'loss': 0.06451768, 'lr': 5.904e-05, 'params': 558673, 'time_iter': 0.09562, 'accuracy': 0.97948, 'precision': 0.83037, 'recall': 0.56818, 'f1': 0.6747, 'auc': 0.97157}
val: {'epoch': 47, 'time_epoch': 3.35355, 'loss': 0.10408728, 'lr': 0, 'params': 558673, 'time_iter': 0.026, 'accuracy': 0.9769, 'precision': 0.38333, 'recall': 0.28395, 'f1': 0.32624, 'auc': 0.77509}
test: {'epoch': 47, 'time_epoch': 3.42275, 'loss': 0.17757169, 'lr': 0, 'params': 558673, 'time_iter': 0.02653, 'accuracy': 0.96207, 'precision': 0.35556, 'recall': 0.24615, 'f1': 0.29091, 'auc': 0.76385}
> Epoch 47: took 105.3s (avg 104.6s) | Best so far: epoch 22	train_loss: 0.0934 train_auc: 0.9106	val_loss: 0.0735 val_auc: 0.8189	test_loss: 0.1254 test_auc: 0.7752
train: {'epoch': 48, 'time_epoch': 98.67698, 'eta': 4980.70554, 'eta_hours': 1.38353, 'loss': 0.06240184, 'lr': 5.741e-05, 'params': 558673, 'time_iter': 0.0959, 'accuracy': 0.97967, 'precision': 0.81174, 'recall': 0.59497, 'f1': 0.68665, 'auc': 0.97345}
val: {'epoch': 48, 'time_epoch': 3.71648, 'loss': 0.09295416, 'lr': 0, 'params': 558673, 'time_iter': 0.02881, 'accuracy': 0.97909, 'precision': 0.45614, 'recall': 0.32099, 'f1': 0.37681, 'auc': 0.79384}
test: {'epoch': 48, 'time_epoch': 3.70388, 'loss': 0.16068861, 'lr': 0, 'params': 558673, 'time_iter': 0.02871, 'accuracy': 0.96523, 'precision': 0.42857, 'recall': 0.3, 'f1': 0.35294, 'auc': 0.76991}
> Epoch 48: took 106.2s (avg 104.6s) | Best so far: epoch 22	train_loss: 0.0934 train_auc: 0.9106	val_loss: 0.0735 val_auc: 0.8189	test_loss: 0.1254 test_auc: 0.7752
train: {'epoch': 49, 'time_epoch': 98.83902, 'eta': 4884.22277, 'eta_hours': 1.35673, 'loss': 0.06307105, 'lr': 5.577e-05, 'params': 558673, 'time_iter': 0.09605, 'accuracy': 0.97951, 'precision': 0.81849, 'recall': 0.58198, 'f1': 0.68027, 'auc': 0.97284}
val: {'epoch': 49, 'time_epoch': 3.38582, 'loss': 0.09774697, 'lr': 0, 'params': 558673, 'time_iter': 0.02625, 'accuracy': 0.97642, 'precision': 0.37879, 'recall': 0.30864, 'f1': 0.34014, 'auc': 0.78538}
test: {'epoch': 49, 'time_epoch': 3.54157, 'loss': 0.16333312, 'lr': 0, 'params': 558673, 'time_iter': 0.02745, 'accuracy': 0.96402, 'precision': 0.40816, 'recall': 0.30769, 'f1': 0.35088, 'auc': 0.79003}
> Epoch 49: took 105.9s (avg 104.6s) | Best so far: epoch 22	train_loss: 0.0934 train_auc: 0.9106	val_loss: 0.0735 val_auc: 0.8189	test_loss: 0.1254 test_auc: 0.7752
train: {'epoch': 50, 'time_epoch': 99.18563, 'eta': 4787.98062, 'eta_hours': 1.32999, 'loss': 0.06205069, 'lr': 5.413e-05, 'params': 558673, 'time_iter': 0.09639, 'accuracy': 0.97985, 'precision': 0.8193, 'recall': 0.59253, 'f1': 0.68771, 'auc': 0.97333}
val: {'epoch': 50, 'time_epoch': 3.49413, 'loss': 0.09728909, 'lr': 0, 'params': 558673, 'time_iter': 0.02709, 'accuracy': 0.97909, 'precision': 0.45455, 'recall': 0.30864, 'f1': 0.36765, 'auc': 0.77928}
test: {'epoch': 50, 'time_epoch': 3.53046, 'loss': 0.16716172, 'lr': 0, 'params': 558673, 'time_iter': 0.02737, 'accuracy': 0.96499, 'precision': 0.41026, 'recall': 0.24615, 'f1': 0.30769, 'auc': 0.77214}
> Epoch 50: took 106.4s (avg 104.7s) | Best so far: epoch 22	train_loss: 0.0934 train_auc: 0.9106	val_loss: 0.0735 val_auc: 0.8189	test_loss: 0.1254 test_auc: 0.7752
train: {'epoch': 51, 'time_epoch': 98.41222, 'eta': 4690.91134, 'eta_hours': 1.30303, 'loss': 0.05993939, 'lr': 5.248e-05, 'params': 558673, 'time_iter': 0.09564, 'accuracy': 0.98052, 'precision': 0.82366, 'recall': 0.61039, 'f1': 0.70117, 'auc': 0.97492}
val: {'epoch': 51, 'time_epoch': 3.41254, 'loss': 0.10434459, 'lr': 0, 'params': 558673, 'time_iter': 0.02645, 'accuracy': 0.97788, 'precision': 0.42647, 'recall': 0.35802, 'f1': 0.38926, 'auc': 0.78632}
test: {'epoch': 51, 'time_epoch': 3.37235, 'loss': 0.17941851, 'lr': 0, 'params': 558673, 'time_iter': 0.02614, 'accuracy': 0.96329, 'precision': 0.40187, 'recall': 0.33077, 'f1': 0.36287, 'auc': 0.76399}
> Epoch 51: took 105.3s (avg 104.7s) | Best so far: epoch 22	train_loss: 0.0934 train_auc: 0.9106	val_loss: 0.0735 val_auc: 0.8189	test_loss: 0.1254 test_auc: 0.7752
train: {'epoch': 52, 'time_epoch': 98.53822, 'eta': 4593.90312, 'eta_hours': 1.27608, 'loss': 0.06102022, 'lr': 5.083e-05, 'params': 558673, 'time_iter': 0.09576, 'accuracy': 0.97918, 'precision': 0.80834, 'recall': 0.58198, 'f1': 0.67673, 'auc': 0.97631}
val: {'epoch': 52, 'time_epoch': 3.3572, 'loss': 0.09842895, 'lr': 0, 'params': 558673, 'time_iter': 0.02602, 'accuracy': 0.97788, 'precision': 0.42647, 'recall': 0.35802, 'f1': 0.38926, 'auc': 0.7916}
test: {'epoch': 52, 'time_epoch': 3.37087, 'loss': 0.17218919, 'lr': 0, 'params': 558673, 'time_iter': 0.02613, 'accuracy': 0.96402, 'precision': 0.40625, 'recall': 0.3, 'f1': 0.34513, 'auc': 0.77154}
> Epoch 52: took 105.4s (avg 104.7s) | Best so far: epoch 22	train_loss: 0.0934 train_auc: 0.9106	val_loss: 0.0735 val_auc: 0.8189	test_loss: 0.1254 test_auc: 0.7752
train: {'epoch': 53, 'time_epoch': 98.04466, 'eta': 4496.4178, 'eta_hours': 1.249, 'loss': 0.05971806, 'lr': 4.917e-05, 'params': 558673, 'time_iter': 0.09528, 'accuracy': 0.97979, 'precision': 0.80583, 'recall': 0.60633, 'f1': 0.69199, 'auc': 0.97808}
val: {'epoch': 53, 'time_epoch': 3.46259, 'loss': 0.11041032, 'lr': 0, 'params': 558673, 'time_iter': 0.02684, 'accuracy': 0.97423, 'precision': 0.35632, 'recall': 0.38272, 'f1': 0.36905, 'auc': 0.7728}
test: {'epoch': 53, 'time_epoch': 3.61823, 'loss': 0.17790049, 'lr': 0, 'params': 558673, 'time_iter': 0.02805, 'accuracy': 0.96256, 'precision': 0.39091, 'recall': 0.33077, 'f1': 0.35833, 'auc': 0.77958}
> Epoch 53: took 105.3s (avg 104.7s) | Best so far: epoch 22	train_loss: 0.0934 train_auc: 0.9106	val_loss: 0.0735 val_auc: 0.8189	test_loss: 0.1254 test_auc: 0.7752
train: {'epoch': 54, 'time_epoch': 98.20801, 'eta': 4399.04578, 'eta_hours': 1.22196, 'loss': 0.05896702, 'lr': 4.752e-05, 'params': 558673, 'time_iter': 0.09544, 'accuracy': 0.98027, 'precision': 0.82068, 'recall': 0.60552, 'f1': 0.69687, 'auc': 0.97809}
val: {'epoch': 54, 'time_epoch': 3.33763, 'loss': 0.09939539, 'lr': 0, 'params': 558673, 'time_iter': 0.02587, 'accuracy': 0.98079, 'precision': 0.525, 'recall': 0.25926, 'f1': 0.34711, 'auc': 0.78531}
test: {'epoch': 54, 'time_epoch': 3.50896, 'loss': 0.17205953, 'lr': 0, 'params': 558673, 'time_iter': 0.0272, 'accuracy': 0.9662, 'precision': 0.44156, 'recall': 0.26154, 'f1': 0.3285, 'auc': 0.77216}
> Epoch 54: took 105.2s (avg 104.7s) | Best so far: epoch 22	train_loss: 0.0934 train_auc: 0.9106	val_loss: 0.0735 val_auc: 0.8189	test_loss: 0.1254 test_auc: 0.7752
train: {'epoch': 55, 'time_epoch': 97.80729, 'eta': 4301.32906, 'eta_hours': 1.19481, 'loss': 0.05849305, 'lr': 4.587e-05, 'params': 558673, 'time_iter': 0.09505, 'accuracy': 0.98046, 'precision': 0.83202, 'recall': 0.59903, 'f1': 0.69655, 'auc': 0.97886}
val: {'epoch': 55, 'time_epoch': 3.37094, 'loss': 0.09668777, 'lr': 0, 'params': 558673, 'time_iter': 0.02613, 'accuracy': 0.9786, 'precision': 0.43137, 'recall': 0.2716, 'f1': 0.33333, 'auc': 0.79851}
test: {'epoch': 55, 'time_epoch': 3.53334, 'loss': 0.169279, 'lr': 0, 'params': 558673, 'time_iter': 0.02739, 'accuracy': 0.96475, 'precision': 0.41935, 'recall': 0.3, 'f1': 0.34978, 'auc': 0.7835}
> Epoch 55: took 104.9s (avg 104.7s) | Best so far: epoch 22	train_loss: 0.0934 train_auc: 0.9106	val_loss: 0.0735 val_auc: 0.8189	test_loss: 0.1254 test_auc: 0.7752
train: {'epoch': 56, 'time_epoch': 97.8364, 'eta': 4203.63112, 'eta_hours': 1.16768, 'loss': 0.05738182, 'lr': 4.423e-05, 'params': 558673, 'time_iter': 0.09508, 'accuracy': 0.98103, 'precision': 0.829, 'recall': 0.62175, 'f1': 0.71058, 'auc': 0.97843}
val: {'epoch': 56, 'time_epoch': 3.35473, 'loss': 0.10100159, 'lr': 0, 'params': 558673, 'time_iter': 0.02601, 'accuracy': 0.97544, 'precision': 0.37179, 'recall': 0.35802, 'f1': 0.36478, 'auc': 0.811}
test: {'epoch': 56, 'time_epoch': 3.6286, 'loss': 0.18058121, 'lr': 0, 'params': 558673, 'time_iter': 0.02813, 'accuracy': 0.96183, 'precision': 0.37838, 'recall': 0.32308, 'f1': 0.34855, 'auc': 0.77281}
> Epoch 56: took 105.0s (avg 104.7s) | Best so far: epoch 22	train_loss: 0.0934 train_auc: 0.9106	val_loss: 0.0735 val_auc: 0.8189	test_loss: 0.1254 test_auc: 0.7752
train: {'epoch': 57, 'time_epoch': 98.14594, 'eta': 4106.15255, 'eta_hours': 1.1406, 'loss': 0.054787, 'lr': 4.259e-05, 'params': 558673, 'time_iter': 0.09538, 'accuracy': 0.98164, 'precision': 0.83836, 'recall': 0.63149, 'f1': 0.72037, 'auc': 0.98144}
val: {'epoch': 57, 'time_epoch': 3.36273, 'loss': 0.09575429, 'lr': 0, 'params': 558673, 'time_iter': 0.02607, 'accuracy': 0.97715, 'precision': 0.4058, 'recall': 0.34568, 'f1': 0.37333, 'auc': 0.81065}
test: {'epoch': 57, 'time_epoch': 3.42132, 'loss': 0.17043408, 'lr': 0, 'params': 558673, 'time_iter': 0.02652, 'accuracy': 0.96353, 'precision': 0.40385, 'recall': 0.32308, 'f1': 0.35897, 'auc': 0.78814}
> Epoch 57: took 105.1s (avg 104.7s) | Best so far: epoch 22	train_loss: 0.0934 train_auc: 0.9106	val_loss: 0.0735 val_auc: 0.8189	test_loss: 0.1254 test_auc: 0.7752
train: {'epoch': 58, 'time_epoch': 98.26821, 'eta': 4008.73632, 'eta_hours': 1.11354, 'loss': 0.05376782, 'lr': 4.096e-05, 'params': 558673, 'time_iter': 0.0955, 'accuracy': 0.98155, 'precision': 0.83711, 'recall': 0.62987, 'f1': 0.71885, 'auc': 0.98287}
val: {'epoch': 58, 'time_epoch': 3.3281, 'loss': 0.09865065, 'lr': 0, 'params': 558673, 'time_iter': 0.0258, 'accuracy': 0.97812, 'precision': 0.42373, 'recall': 0.30864, 'f1': 0.35714, 'auc': 0.80846}
test: {'epoch': 58, 'time_epoch': 3.48725, 'loss': 0.185027, 'lr': 0, 'params': 558673, 'time_iter': 0.02703, 'accuracy': 0.96499, 'precision': 0.42391, 'recall': 0.3, 'f1': 0.35135, 'auc': 0.76903}
> Epoch 58: took 105.2s (avg 104.7s) | Best so far: epoch 22	train_loss: 0.0934 train_auc: 0.9106	val_loss: 0.0735 val_auc: 0.8189	test_loss: 0.1254 test_auc: 0.7752
train: {'epoch': 59, 'time_epoch': 98.88304, 'eta': 3911.70159, 'eta_hours': 1.08658, 'loss': 0.05420851, 'lr': 3.934e-05, 'params': 558673, 'time_iter': 0.0961, 'accuracy': 0.98179, 'precision': 0.8444, 'recall': 0.62987, 'f1': 0.72152, 'auc': 0.98287}
val: {'epoch': 59, 'time_epoch': 3.40354, 'loss': 0.1117074, 'lr': 0, 'params': 558673, 'time_iter': 0.02638, 'accuracy': 0.97788, 'precision': 0.41935, 'recall': 0.32099, 'f1': 0.36364, 'auc': 0.75822}
test: {'epoch': 59, 'time_epoch': 3.42698, 'loss': 0.19052565, 'lr': 0, 'params': 558673, 'time_iter': 0.02657, 'accuracy': 0.96353, 'precision': 0.39583, 'recall': 0.29231, 'f1': 0.33628, 'auc': 0.76365}
> Epoch 59: took 105.9s (avg 104.8s) | Best so far: epoch 22	train_loss: 0.0934 train_auc: 0.9106	val_loss: 0.0735 val_auc: 0.8189	test_loss: 0.1254 test_auc: 0.7752
train: {'epoch': 60, 'time_epoch': 98.21398, 'eta': 3814.17849, 'eta_hours': 1.05949, 'loss': 0.0512167, 'lr': 3.773e-05, 'params': 558673, 'time_iter': 0.09545, 'accuracy': 0.9824, 'precision': 0.84046, 'recall': 0.65422, 'f1': 0.73574, 'auc': 0.98554}
val: {'epoch': 60, 'time_epoch': 3.60744, 'loss': 0.11049193, 'lr': 0, 'params': 558673, 'time_iter': 0.02796, 'accuracy': 0.97788, 'precision': 0.40741, 'recall': 0.2716, 'f1': 0.32593, 'auc': 0.7769}
test: {'epoch': 60, 'time_epoch': 3.38237, 'loss': 0.19031847, 'lr': 0, 'params': 558673, 'time_iter': 0.02622, 'accuracy': 0.96329, 'precision': 0.37037, 'recall': 0.23077, 'f1': 0.28436, 'auc': 0.77513}
> Epoch 60: took 105.4s (avg 104.8s) | Best so far: epoch 22	train_loss: 0.0934 train_auc: 0.9106	val_loss: 0.0735 val_auc: 0.8189	test_loss: 0.1254 test_auc: 0.7752
train: {'epoch': 61, 'time_epoch': 99.54646, 'eta': 3717.44979, 'eta_hours': 1.03262, 'loss': 0.05405747, 'lr': 3.613e-05, 'params': 558673, 'time_iter': 0.09674, 'accuracy': 0.98207, 'precision': 0.83577, 'recall': 0.64854, 'f1': 0.73035, 'auc': 0.98161}
val: {'epoch': 61, 'time_epoch': 3.34176, 'loss': 0.1126188, 'lr': 0, 'params': 558673, 'time_iter': 0.02591, 'accuracy': 0.97544, 'precision': 0.375, 'recall': 0.37037, 'f1': 0.37267, 'auc': 0.78594}
test: {'epoch': 61, 'time_epoch': 3.57627, 'loss': 0.20005542, 'lr': 0, 'params': 558673, 'time_iter': 0.02772, 'accuracy': 0.96013, 'precision': 0.35833, 'recall': 0.33077, 'f1': 0.344, 'auc': 0.77082}
> Epoch 61: took 106.6s (avg 104.8s) | Best so far: epoch 22	train_loss: 0.0934 train_auc: 0.9106	val_loss: 0.0735 val_auc: 0.8189	test_loss: 0.1254 test_auc: 0.7752
train: {'epoch': 62, 'time_epoch': 99.31862, 'eta': 3620.49783, 'eta_hours': 1.00569, 'loss': 0.05013822, 'lr': 3.455e-05, 'params': 558673, 'time_iter': 0.09652, 'accuracy': 0.98268, 'precision': 0.83367, 'recall': 0.67127, 'f1': 0.74371, 'auc': 0.98568}
val: {'epoch': 62, 'time_epoch': 3.39203, 'loss': 0.10961997, 'lr': 0, 'params': 558673, 'time_iter': 0.02629, 'accuracy': 0.97788, 'precision': 0.40741, 'recall': 0.2716, 'f1': 0.32593, 'auc': 0.79291}
test: {'epoch': 62, 'time_epoch': 3.4331, 'loss': 0.20284488, 'lr': 0, 'params': 558673, 'time_iter': 0.02661, 'accuracy': 0.96304, 'precision': 0.38043, 'recall': 0.26923, 'f1': 0.31532, 'auc': 0.7736}
> Epoch 62: took 106.3s (avg 104.8s) | Best so far: epoch 22	train_loss: 0.0934 train_auc: 0.9106	val_loss: 0.0735 val_auc: 0.8189	test_loss: 0.1254 test_auc: 0.7752
train: {'epoch': 63, 'time_epoch': 98.73752, 'eta': 3523.14504, 'eta_hours': 0.97865, 'loss': 0.04971222, 'lr': 3.299e-05, 'params': 558673, 'time_iter': 0.09595, 'accuracy': 0.98274, 'precision': 0.83603, 'recall': 0.67045, 'f1': 0.74414, 'auc': 0.98608}
val: {'epoch': 63, 'time_epoch': 3.42116, 'loss': 0.1009231, 'lr': 0, 'params': 558673, 'time_iter': 0.02652, 'accuracy': 0.97812, 'precision': 0.42623, 'recall': 0.32099, 'f1': 0.3662, 'auc': 0.81982}
test: {'epoch': 63, 'time_epoch': 3.40473, 'loss': 0.18996277, 'lr': 0, 'params': 558673, 'time_iter': 0.02639, 'accuracy': 0.96353, 'precision': 0.38372, 'recall': 0.25385, 'f1': 0.30556, 'auc': 0.78382}
> Epoch 63: took 105.7s (avg 104.8s) | Best so far: epoch 63	train_loss: 0.0497 train_auc: 0.9861	val_loss: 0.1009 val_auc: 0.8198	test_loss: 0.1900 test_auc: 0.7838
train: {'epoch': 64, 'time_epoch': 98.88666, 'eta': 3425.82995, 'eta_hours': 0.95162, 'loss': 0.05067193, 'lr': 3.144e-05, 'params': 558673, 'time_iter': 0.0961, 'accuracy': 0.98261, 'precision': 0.83811, 'recall': 0.66396, 'f1': 0.74094, 'auc': 0.98598}
val: {'epoch': 64, 'time_epoch': 3.35614, 'loss': 0.118215, 'lr': 0, 'params': 558673, 'time_iter': 0.02602, 'accuracy': 0.97447, 'precision': 0.35366, 'recall': 0.35802, 'f1': 0.35583, 'auc': 0.79587}
test: {'epoch': 64, 'time_epoch': 3.46876, 'loss': 0.20824113, 'lr': 0, 'params': 558673, 'time_iter': 0.02689, 'accuracy': 0.96134, 'precision': 0.36449, 'recall': 0.3, 'f1': 0.32911, 'auc': 0.76691}
> Epoch 64: took 105.9s (avg 104.9s) | Best so far: epoch 63	train_loss: 0.0497 train_auc: 0.9861	val_loss: 0.1009 val_auc: 0.8198	test_loss: 0.1900 test_auc: 0.7838
train: {'epoch': 65, 'time_epoch': 98.92615, 'eta': 3328.48758, 'eta_hours': 0.92458, 'loss': 0.05156831, 'lr': 2.992e-05, 'params': 558673, 'time_iter': 0.09614, 'accuracy': 0.98198, 'precision': 0.82569, 'recall': 0.65747, 'f1': 0.73204, 'auc': 0.98506}
val: {'epoch': 65, 'time_epoch': 3.41994, 'loss': 0.11389011, 'lr': 0, 'params': 558673, 'time_iter': 0.02651, 'accuracy': 0.97666, 'precision': 0.39437, 'recall': 0.34568, 'f1': 0.36842, 'auc': 0.78815}
test: {'epoch': 65, 'time_epoch': 3.36411, 'loss': 0.20232265, 'lr': 0, 'params': 558673, 'time_iter': 0.02608, 'accuracy': 0.96353, 'precision': 0.38636, 'recall': 0.26154, 'f1': 0.31193, 'auc': 0.77115}
> Epoch 65: took 105.9s (avg 104.9s) | Best so far: epoch 63	train_loss: 0.0497 train_auc: 0.9861	val_loss: 0.1009 val_auc: 0.8198	test_loss: 0.1900 test_auc: 0.7838
train: {'epoch': 66, 'time_epoch': 99.20601, 'eta': 3231.23577, 'eta_hours': 0.89757, 'loss': 0.04893677, 'lr': 2.841e-05, 'params': 558673, 'time_iter': 0.09641, 'accuracy': 0.98322, 'precision': 0.8527, 'recall': 0.66721, 'f1': 0.74863, 'auc': 0.98615}
val: {'epoch': 66, 'time_epoch': 3.37749, 'loss': 0.1118408, 'lr': 0, 'params': 558673, 'time_iter': 0.02618, 'accuracy': 0.97642, 'precision': 0.37097, 'recall': 0.28395, 'f1': 0.32168, 'auc': 0.80006}
test: {'epoch': 66, 'time_epoch': 3.43675, 'loss': 0.19926755, 'lr': 0, 'params': 558673, 'time_iter': 0.02664, 'accuracy': 0.96523, 'precision': 0.41975, 'recall': 0.26154, 'f1': 0.32227, 'auc': 0.77716}
> Epoch 66: took 106.2s (avg 104.9s) | Best so far: epoch 63	train_loss: 0.0497 train_auc: 0.9861	val_loss: 0.1009 val_auc: 0.8198	test_loss: 0.1900 test_auc: 0.7838
train: {'epoch': 67, 'time_epoch': 97.98195, 'eta': 3133.35046, 'eta_hours': 0.87038, 'loss': 0.04777896, 'lr': 2.693e-05, 'params': 558673, 'time_iter': 0.09522, 'accuracy': 0.98383, 'precision': 0.84722, 'recall': 0.69318, 'f1': 0.7625, 'auc': 0.98756}
val: {'epoch': 67, 'time_epoch': 3.62582, 'loss': 0.11266209, 'lr': 0, 'params': 558673, 'time_iter': 0.02811, 'accuracy': 0.97496, 'precision': 0.35526, 'recall': 0.33333, 'f1': 0.34395, 'auc': 0.79467}
test: {'epoch': 67, 'time_epoch': 3.3864, 'loss': 0.19978544, 'lr': 0, 'params': 558673, 'time_iter': 0.02625, 'accuracy': 0.96426, 'precision': 0.41414, 'recall': 0.31538, 'f1': 0.35808, 'auc': 0.77312}
> Epoch 67: took 105.1s (avg 104.9s) | Best so far: epoch 63	train_loss: 0.0497 train_auc: 0.9861	val_loss: 0.1009 val_auc: 0.8198	test_loss: 0.1900 test_auc: 0.7838
train: {'epoch': 68, 'time_epoch': 98.74607, 'eta': 3035.80565, 'eta_hours': 0.84328, 'loss': 0.04759842, 'lr': 2.548e-05, 'params': 558673, 'time_iter': 0.09596, 'accuracy': 0.98383, 'precision': 0.85211, 'recall': 0.6875, 'f1': 0.76101, 'auc': 0.98782}
val: {'epoch': 68, 'time_epoch': 3.38084, 'loss': 0.12251051, 'lr': 0, 'params': 558673, 'time_iter': 0.02621, 'accuracy': 0.97374, 'precision': 0.34118, 'recall': 0.35802, 'f1': 0.3494, 'auc': 0.79281}
test: {'epoch': 68, 'time_epoch': 3.46521, 'loss': 0.21685517, 'lr': 0, 'params': 558673, 'time_iter': 0.02686, 'accuracy': 0.9611, 'precision': 0.36607, 'recall': 0.31538, 'f1': 0.33884, 'auc': 0.76223}
> Epoch 68: took 105.7s (avg 104.9s) | Best so far: epoch 63	train_loss: 0.0497 train_auc: 0.9861	val_loss: 0.1009 val_auc: 0.8198	test_loss: 0.1900 test_auc: 0.7838
train: {'epoch': 69, 'time_epoch': 98.51273, 'eta': 2938.12651, 'eta_hours': 0.81615, 'loss': 0.04776329, 'lr': 2.405e-05, 'params': 558673, 'time_iter': 0.09574, 'accuracy': 0.98395, 'precision': 0.84921, 'recall': 0.69481, 'f1': 0.76429, 'auc': 0.98745}
val: {'epoch': 69, 'time_epoch': 3.32934, 'loss': 0.12486486, 'lr': 0, 'params': 558673, 'time_iter': 0.02581, 'accuracy': 0.97398, 'precision': 0.35227, 'recall': 0.38272, 'f1': 0.36686, 'auc': 0.7962}
test: {'epoch': 69, 'time_epoch': 3.48894, 'loss': 0.22161673, 'lr': 0, 'params': 558673, 'time_iter': 0.02705, 'accuracy': 0.96037, 'precision': 0.35652, 'recall': 0.31538, 'f1': 0.33469, 'auc': 0.77301}
> Epoch 69: took 105.5s (avg 104.9s) | Best so far: epoch 63	train_loss: 0.0497 train_auc: 0.9861	val_loss: 0.1009 val_auc: 0.8198	test_loss: 0.1900 test_auc: 0.7838
train: {'epoch': 70, 'time_epoch': 99.02117, 'eta': 2840.63156, 'eta_hours': 0.78906, 'loss': 0.04649027, 'lr': 2.265e-05, 'params': 558673, 'time_iter': 0.09623, 'accuracy': 0.98429, 'precision': 0.86294, 'recall': 0.68994, 'f1': 0.7668, 'auc': 0.98836}
val: {'epoch': 70, 'time_epoch': 3.56003, 'loss': 0.11347411, 'lr': 0, 'params': 558673, 'time_iter': 0.0276, 'accuracy': 0.97666, 'precision': 0.39437, 'recall': 0.34568, 'f1': 0.36842, 'auc': 0.80748}
test: {'epoch': 70, 'time_epoch': 3.40459, 'loss': 0.22044639, 'lr': 0, 'params': 558673, 'time_iter': 0.02639, 'accuracy': 0.96183, 'precision': 0.36893, 'recall': 0.29231, 'f1': 0.32618, 'auc': 0.77224}
> Epoch 70: took 106.1s (avg 104.9s) | Best so far: epoch 63	train_loss: 0.0497 train_auc: 0.9861	val_loss: 0.1009 val_auc: 0.8198	test_loss: 0.1900 test_auc: 0.7838
train: {'epoch': 71, 'time_epoch': 99.05502, 'eta': 2743.10739, 'eta_hours': 0.76197, 'loss': 0.04766295, 'lr': 2.128e-05, 'params': 558673, 'time_iter': 0.09626, 'accuracy': 0.98374, 'precision': 0.84608, 'recall': 0.69156, 'f1': 0.76105, 'auc': 0.98773}
val: {'epoch': 71, 'time_epoch': 3.39407, 'loss': 0.1140135, 'lr': 0, 'params': 558673, 'time_iter': 0.02631, 'accuracy': 0.97909, 'precision': 0.45614, 'recall': 0.32099, 'f1': 0.37681, 'auc': 0.80444}
test: {'epoch': 71, 'time_epoch': 3.44286, 'loss': 0.21339237, 'lr': 0, 'params': 558673, 'time_iter': 0.02669, 'accuracy': 0.96572, 'precision': 0.43529, 'recall': 0.28462, 'f1': 0.34419, 'auc': 0.76828}
> Epoch 71: took 106.0s (avg 105.0s) | Best so far: epoch 63	train_loss: 0.0497 train_auc: 0.9861	val_loss: 0.1009 val_auc: 0.8198	test_loss: 0.1900 test_auc: 0.7838
train: {'epoch': 72, 'time_epoch': 99.04226, 'eta': 2645.53655, 'eta_hours': 0.73487, 'loss': 0.04678518, 'lr': 1.995e-05, 'params': 558673, 'time_iter': 0.09625, 'accuracy': 0.98407, 'precision': 0.85685, 'recall': 0.68994, 'f1': 0.76439, 'auc': 0.98802}
val: {'epoch': 72, 'time_epoch': 3.47567, 'loss': 0.12981615, 'lr': 0, 'params': 558673, 'time_iter': 0.02694, 'accuracy': 0.97301, 'precision': 0.33333, 'recall': 0.37037, 'f1': 0.35088, 'auc': 0.78617}
test: {'epoch': 72, 'time_epoch': 3.46704, 'loss': 0.22041117, 'lr': 0, 'params': 558673, 'time_iter': 0.02688, 'accuracy': 0.95964, 'precision': 0.34746, 'recall': 0.31538, 'f1': 0.33065, 'auc': 0.76438}
> Epoch 72: took 106.1s (avg 105.0s) | Best so far: epoch 63	train_loss: 0.0497 train_auc: 0.9861	val_loss: 0.1009 val_auc: 0.8198	test_loss: 0.1900 test_auc: 0.7838
train: {'epoch': 73, 'time_epoch': 99.29536, 'eta': 2548.01487, 'eta_hours': 0.70778, 'loss': 0.04524874, 'lr': 1.864e-05, 'params': 558673, 'time_iter': 0.0965, 'accuracy': 0.98495, 'precision': 0.85881, 'recall': 0.71591, 'f1': 0.78088, 'auc': 0.98843}
val: {'epoch': 73, 'time_epoch': 3.40205, 'loss': 0.11652993, 'lr': 0, 'params': 558673, 'time_iter': 0.02637, 'accuracy': 0.97885, 'precision': 0.45, 'recall': 0.33333, 'f1': 0.38298, 'auc': 0.79295}
test: {'epoch': 73, 'time_epoch': 3.65762, 'loss': 0.21315188, 'lr': 0, 'params': 558673, 'time_iter': 0.02835, 'accuracy': 0.96475, 'precision': 0.40964, 'recall': 0.26154, 'f1': 0.31925, 'auc': 0.7786}
> Epoch 73: took 106.5s (avg 105.0s) | Best so far: epoch 63	train_loss: 0.0497 train_auc: 0.9861	val_loss: 0.1009 val_auc: 0.8198	test_loss: 0.1900 test_auc: 0.7838
train: {'epoch': 74, 'time_epoch': 98.46135, 'eta': 2450.16789, 'eta_hours': 0.6806, 'loss': 0.04607026, 'lr': 1.737e-05, 'params': 558673, 'time_iter': 0.09569, 'accuracy': 0.98468, 'precision': 0.86255, 'recall': 0.70292, 'f1': 0.7746, 'auc': 0.98843}
val: {'epoch': 74, 'time_epoch': 3.45225, 'loss': 0.12811584, 'lr': 0, 'params': 558673, 'time_iter': 0.02676, 'accuracy': 0.97301, 'precision': 0.33696, 'recall': 0.38272, 'f1': 0.35838, 'auc': 0.79356}
test: {'epoch': 74, 'time_epoch': 3.4735, 'loss': 0.2188346, 'lr': 0, 'params': 558673, 'time_iter': 0.02693, 'accuracy': 0.9611, 'precision': 0.36364, 'recall': 0.30769, 'f1': 0.33333, 'auc': 0.7771}
> Epoch 74: took 105.5s (avg 105.0s) | Best so far: epoch 63	train_loss: 0.0497 train_auc: 0.9861	val_loss: 0.1009 val_auc: 0.8198	test_loss: 0.1900 test_auc: 0.7838
train: {'epoch': 75, 'time_epoch': 99.424, 'eta': 2352.60874, 'eta_hours': 0.6535, 'loss': 0.04300829, 'lr': 1.614e-05, 'params': 558673, 'time_iter': 0.09662, 'accuracy': 0.98523, 'precision': 0.86004, 'recall': 0.72321, 'f1': 0.78571, 'auc': 0.98988}
val: {'epoch': 75, 'time_epoch': 3.42199, 'loss': 0.12620801, 'lr': 0, 'params': 558673, 'time_iter': 0.02653, 'accuracy': 0.97374, 'precision': 0.35484, 'recall': 0.40741, 'f1': 0.37931, 'auc': 0.79155}
test: {'epoch': 75, 'time_epoch': 3.32176, 'loss': 0.22272273, 'lr': 0, 'params': 558673, 'time_iter': 0.02575, 'accuracy': 0.9594, 'precision': 0.33913, 'recall': 0.3, 'f1': 0.31837, 'auc': 0.76497}
> Epoch 75: took 106.3s (avg 105.0s) | Best so far: epoch 63	train_loss: 0.0497 train_auc: 0.9861	val_loss: 0.1009 val_auc: 0.8198	test_loss: 0.1900 test_auc: 0.7838
train: {'epoch': 76, 'time_epoch': 98.98939, 'eta': 2254.87133, 'eta_hours': 0.62635, 'loss': 0.04276825, 'lr': 1.494e-05, 'params': 558673, 'time_iter': 0.0962, 'accuracy': 0.98495, 'precision': 0.85062, 'recall': 0.72565, 'f1': 0.78318, 'auc': 0.99028}
val: {'epoch': 76, 'time_epoch': 3.43037, 'loss': 0.12081148, 'lr': 0, 'params': 558673, 'time_iter': 0.02659, 'accuracy': 0.97471, 'precision': 0.36782, 'recall': 0.39506, 'f1': 0.38095, 'auc': 0.81167}
test: {'epoch': 76, 'time_epoch': 3.72792, 'loss': 0.22531773, 'lr': 0, 'params': 558673, 'time_iter': 0.0289, 'accuracy': 0.96159, 'precision': 0.36792, 'recall': 0.3, 'f1': 0.33051, 'auc': 0.77199}
> Epoch 76: took 106.3s (avg 105.0s) | Best so far: epoch 63	train_loss: 0.0497 train_auc: 0.9861	val_loss: 0.1009 val_auc: 0.8198	test_loss: 0.1900 test_auc: 0.7838
train: {'epoch': 77, 'time_epoch': 98.57578, 'eta': 2156.98516, 'eta_hours': 0.59916, 'loss': 0.04348226, 'lr': 1.378e-05, 'params': 558673, 'time_iter': 0.0958, 'accuracy': 0.98517, 'precision': 0.85838, 'recall': 0.72321, 'f1': 0.78502, 'auc': 0.99043}
val: {'epoch': 77, 'time_epoch': 3.41556, 'loss': 0.11836822, 'lr': 0, 'params': 558673, 'time_iter': 0.02648, 'accuracy': 0.97715, 'precision': 0.4, 'recall': 0.32099, 'f1': 0.35616, 'auc': 0.80392}
test: {'epoch': 77, 'time_epoch': 3.56569, 'loss': 0.22512135, 'lr': 0, 'params': 558673, 'time_iter': 0.02764, 'accuracy': 0.96523, 'precision': 0.41772, 'recall': 0.25385, 'f1': 0.31579, 'auc': 0.77091}
> Epoch 77: took 105.7s (avg 105.0s) | Best so far: epoch 63	train_loss: 0.0497 train_auc: 0.9861	val_loss: 0.1009 val_auc: 0.8198	test_loss: 0.1900 test_auc: 0.7838
train: {'epoch': 78, 'time_epoch': 98.87385, 'eta': 2059.16077, 'eta_hours': 0.57199, 'loss': 0.04419538, 'lr': 1.266e-05, 'params': 558673, 'time_iter': 0.09609, 'accuracy': 0.98514, 'precision': 0.86244, 'recall': 0.71753, 'f1': 0.78334, 'auc': 0.98918}
val: {'epoch': 78, 'time_epoch': 3.49193, 'loss': 0.13157568, 'lr': 0, 'params': 558673, 'time_iter': 0.02707, 'accuracy': 0.97617, 'precision': 0.38356, 'recall': 0.34568, 'f1': 0.36364, 'auc': 0.78916}
test: {'epoch': 78, 'time_epoch': 3.45182, 'loss': 0.2318674, 'lr': 0, 'params': 558673, 'time_iter': 0.02676, 'accuracy': 0.96329, 'precision': 0.38462, 'recall': 0.26923, 'f1': 0.31674, 'auc': 0.77225}
> Epoch 78: took 106.0s (avg 105.0s) | Best so far: epoch 63	train_loss: 0.0497 train_auc: 0.9861	val_loss: 0.1009 val_auc: 0.8198	test_loss: 0.1900 test_auc: 0.7838
train: {'epoch': 79, 'time_epoch': 98.4299, 'eta': 1961.19915, 'eta_hours': 0.54478, 'loss': 0.04106251, 'lr': 1.158e-05, 'params': 558673, 'time_iter': 0.09566, 'accuracy': 0.9855, 'precision': 0.8538, 'recall': 0.73945, 'f1': 0.79252, 'auc': 0.99118}
val: {'epoch': 79, 'time_epoch': 3.31733, 'loss': 0.12431232, 'lr': 0, 'params': 558673, 'time_iter': 0.02572, 'accuracy': 0.97593, 'precision': 0.36765, 'recall': 0.30864, 'f1': 0.33557, 'auc': 0.7826}
test: {'epoch': 79, 'time_epoch': 3.3182, 'loss': 0.22061632, 'lr': 0, 'params': 558673, 'time_iter': 0.02572, 'accuracy': 0.96523, 'precision': 0.41975, 'recall': 0.26154, 'f1': 0.32227, 'auc': 0.77826}
> Epoch 79: took 105.2s (avg 105.1s) | Best so far: epoch 63	train_loss: 0.0497 train_auc: 0.9861	val_loss: 0.1009 val_auc: 0.8198	test_loss: 0.1900 test_auc: 0.7838
train: {'epoch': 80, 'time_epoch': 98.08423, 'eta': 1863.14488, 'eta_hours': 0.51754, 'loss': 0.03987959, 'lr': 1.054e-05, 'params': 558673, 'time_iter': 0.09532, 'accuracy': 0.98571, 'precision': 0.86847, 'recall': 0.7289, 'f1': 0.79259, 'auc': 0.99236}
val: {'epoch': 80, 'time_epoch': 3.34645, 'loss': 0.12297751, 'lr': 0, 'params': 558673, 'time_iter': 0.02594, 'accuracy': 0.97544, 'precision': 0.36111, 'recall': 0.32099, 'f1': 0.33987, 'auc': 0.79357}
test: {'epoch': 80, 'time_epoch': 3.61435, 'loss': 0.22286349, 'lr': 0, 'params': 558673, 'time_iter': 0.02802, 'accuracy': 0.96207, 'precision': 0.36735, 'recall': 0.27692, 'f1': 0.31579, 'auc': 0.77978}
> Epoch 80: took 105.2s (avg 105.1s) | Best so far: epoch 63	train_loss: 0.0497 train_auc: 0.9861	val_loss: 0.1009 val_auc: 0.8198	test_loss: 0.1900 test_auc: 0.7838
train: {'epoch': 81, 'time_epoch': 97.29851, 'eta': 1764.91741, 'eta_hours': 0.49025, 'loss': 0.04270887, 'lr': 9.55e-06, 'params': 558673, 'time_iter': 0.09456, 'accuracy': 0.98514, 'precision': 0.85618, 'recall': 0.72484, 'f1': 0.78505, 'auc': 0.98997}
val: {'epoch': 81, 'time_epoch': 3.41979, 'loss': 0.12247623, 'lr': 0, 'params': 558673, 'time_iter': 0.02651, 'accuracy': 0.97593, 'precision': 0.38462, 'recall': 0.37037, 'f1': 0.37736, 'auc': 0.80373}
test: {'epoch': 81, 'time_epoch': 3.38693, 'loss': 0.22484428, 'lr': 0, 'params': 558673, 'time_iter': 0.02626, 'accuracy': 0.9628, 'precision': 0.37634, 'recall': 0.26923, 'f1': 0.3139, 'auc': 0.78154}
> Epoch 81: took 104.3s (avg 105.0s) | Best so far: epoch 63	train_loss: 0.0497 train_auc: 0.9861	val_loss: 0.1009 val_auc: 0.8198	test_loss: 0.1900 test_auc: 0.7838
train: {'epoch': 82, 'time_epoch': 98.26571, 'eta': 1666.91043, 'eta_hours': 0.46303, 'loss': 0.04321976, 'lr': 8.6e-06, 'params': 558673, 'time_iter': 0.0955, 'accuracy': 0.98495, 'precision': 0.85535, 'recall': 0.71997, 'f1': 0.78184, 'auc': 0.99066}
val: {'epoch': 82, 'time_epoch': 3.37744, 'loss': 0.12154486, 'lr': 0, 'params': 558673, 'time_iter': 0.02618, 'accuracy': 0.97447, 'precision': 0.35366, 'recall': 0.35802, 'f1': 0.35583, 'auc': 0.79583}
test: {'epoch': 82, 'time_epoch': 3.3516, 'loss': 0.22302728, 'lr': 0, 'params': 558673, 'time_iter': 0.02598, 'accuracy': 0.96231, 'precision': 0.36559, 'recall': 0.26154, 'f1': 0.30493, 'auc': 0.77503}
> Epoch 82: took 105.2s (avg 105.0s) | Best so far: epoch 63	train_loss: 0.0497 train_auc: 0.9861	val_loss: 0.1009 val_auc: 0.8198	test_loss: 0.1900 test_auc: 0.7838
train: {'epoch': 83, 'time_epoch': 97.87837, 'eta': 1568.82351, 'eta_hours': 0.43578, 'loss': 0.04145954, 'lr': 7.7e-06, 'params': 558673, 'time_iter': 0.09512, 'accuracy': 0.98599, 'precision': 0.8761, 'recall': 0.7289, 'f1': 0.79575, 'auc': 0.99199}
val: {'epoch': 83, 'time_epoch': 3.37749, 'loss': 0.12436125, 'lr': 0, 'params': 558673, 'time_iter': 0.02618, 'accuracy': 0.97496, 'precision': 0.3625, 'recall': 0.35802, 'f1': 0.36025, 'auc': 0.78958}
test: {'epoch': 83, 'time_epoch': 3.56413, 'loss': 0.22461477, 'lr': 0, 'params': 558673, 'time_iter': 0.02763, 'accuracy': 0.96037, 'precision': 0.34862, 'recall': 0.29231, 'f1': 0.31799, 'auc': 0.7736}
> Epoch 83: took 105.0s (avg 105.0s) | Best so far: epoch 63	train_loss: 0.0497 train_auc: 0.9861	val_loss: 0.1009 val_auc: 0.8198	test_loss: 0.1900 test_auc: 0.7838
train: {'epoch': 84, 'time_epoch': 98.04255, 'eta': 1470.77046, 'eta_hours': 0.40855, 'loss': 0.04448603, 'lr': 6.84e-06, 'params': 558673, 'time_iter': 0.09528, 'accuracy': 0.98477, 'precision': 0.8552, 'recall': 0.71429, 'f1': 0.77842, 'auc': 0.98977}
val: {'epoch': 84, 'time_epoch': 3.62082, 'loss': 0.12135674, 'lr': 0, 'params': 558673, 'time_iter': 0.02807, 'accuracy': 0.97496, 'precision': 0.36905, 'recall': 0.38272, 'f1': 0.37576, 'auc': 0.79646}
test: {'epoch': 84, 'time_epoch': 3.60831, 'loss': 0.22365011, 'lr': 0, 'params': 558673, 'time_iter': 0.02797, 'accuracy': 0.96207, 'precision': 0.37, 'recall': 0.28462, 'f1': 0.32174, 'auc': 0.77535}
> Epoch 84: took 105.4s (avg 105.0s) | Best so far: epoch 63	train_loss: 0.0497 train_auc: 0.9861	val_loss: 0.1009 val_auc: 0.8198	test_loss: 0.1900 test_auc: 0.7838
train: {'epoch': 85, 'time_epoch': 98.39221, 'eta': 1372.77459, 'eta_hours': 0.38133, 'loss': 0.04061862, 'lr': 6.03e-06, 'params': 558673, 'time_iter': 0.09562, 'accuracy': 0.98544, 'precision': 0.8596, 'recall': 0.73052, 'f1': 0.78982, 'auc': 0.991}
val: {'epoch': 85, 'time_epoch': 3.4207, 'loss': 0.11951782, 'lr': 0, 'params': 558673, 'time_iter': 0.02652, 'accuracy': 0.97715, 'precision': 0.39344, 'recall': 0.2963, 'f1': 0.33803, 'auc': 0.79643}
test: {'epoch': 85, 'time_epoch': 3.3918, 'loss': 0.22271125, 'lr': 0, 'params': 558673, 'time_iter': 0.02629, 'accuracy': 0.96499, 'precision': 0.40278, 'recall': 0.22308, 'f1': 0.28713, 'auc': 0.76704}
> Epoch 85: took 105.4s (avg 105.1s) | Best so far: epoch 63	train_loss: 0.0497 train_auc: 0.9861	val_loss: 0.1009 val_auc: 0.8198	test_loss: 0.1900 test_auc: 0.7838
train: {'epoch': 86, 'time_epoch': 97.75085, 'eta': 1274.67376, 'eta_hours': 0.35408, 'loss': 0.03809223, 'lr': 5.26e-06, 'params': 558673, 'time_iter': 0.095, 'accuracy': 0.98644, 'precision': 0.88304, 'recall': 0.73539, 'f1': 0.80248, 'auc': 0.9924}
val: {'epoch': 86, 'time_epoch': 3.40128, 'loss': 0.12726108, 'lr': 0, 'params': 558673, 'time_iter': 0.02637, 'accuracy': 0.97739, 'precision': 0.41176, 'recall': 0.34568, 'f1': 0.37584, 'auc': 0.79141}
test: {'epoch': 86, 'time_epoch': 3.39272, 'loss': 0.23859412, 'lr': 0, 'params': 558673, 'time_iter': 0.0263, 'accuracy': 0.96426, 'precision': 0.40449, 'recall': 0.27692, 'f1': 0.32877, 'auc': 0.77207}
> Epoch 86: took 104.7s (avg 105.0s) | Best so far: epoch 63	train_loss: 0.0497 train_auc: 0.9861	val_loss: 0.1009 val_auc: 0.8198	test_loss: 0.1900 test_auc: 0.7838
train: {'epoch': 87, 'time_epoch': 97.85392, 'eta': 1176.59495, 'eta_hours': 0.32683, 'loss': 0.04173671, 'lr': 4.55e-06, 'params': 558673, 'time_iter': 0.0951, 'accuracy': 0.98535, 'precision': 0.85782, 'recall': 0.72971, 'f1': 0.7886, 'auc': 0.99119}
val: {'epoch': 87, 'time_epoch': 3.40603, 'loss': 0.11991509, 'lr': 0, 'params': 558673, 'time_iter': 0.0264, 'accuracy': 0.97496, 'precision': 0.36905, 'recall': 0.38272, 'f1': 0.37576, 'auc': 0.80305}
test: {'epoch': 87, 'time_epoch': 3.37425, 'loss': 0.22655209, 'lr': 0, 'params': 558673, 'time_iter': 0.02616, 'accuracy': 0.96231, 'precision': 0.37624, 'recall': 0.29231, 'f1': 0.329, 'auc': 0.77783}
> Epoch 87: took 104.8s (avg 105.0s) | Best so far: epoch 63	train_loss: 0.0497 train_auc: 0.9861	val_loss: 0.1009 val_auc: 0.8198	test_loss: 0.1900 test_auc: 0.7838
train: {'epoch': 88, 'time_epoch': 96.8209, 'eta': 1078.39351, 'eta_hours': 0.29955, 'loss': 0.03894846, 'lr': 3.89e-06, 'params': 558673, 'time_iter': 0.09409, 'accuracy': 0.98672, 'precision': 0.87966, 'recall': 0.74756, 'f1': 0.80825, 'auc': 0.9918}
val: {'epoch': 88, 'time_epoch': 3.35375, 'loss': 0.1226135, 'lr': 0, 'params': 558673, 'time_iter': 0.026, 'accuracy': 0.97642, 'precision': 0.37879, 'recall': 0.30864, 'f1': 0.34014, 'auc': 0.8021}
test: {'epoch': 88, 'time_epoch': 3.35585, 'loss': 0.23159808, 'lr': 0, 'params': 558673, 'time_iter': 0.02601, 'accuracy': 0.96183, 'precision': 0.36082, 'recall': 0.26923, 'f1': 0.30837, 'auc': 0.7808}
> Epoch 88: took 103.7s (avg 105.0s) | Best so far: epoch 63	train_loss: 0.0497 train_auc: 0.9861	val_loss: 0.1009 val_auc: 0.8198	test_loss: 0.1900 test_auc: 0.7838
train: {'epoch': 89, 'time_epoch': 97.58307, 'eta': 980.30743, 'eta_hours': 0.27231, 'loss': 0.03951465, 'lr': 3.27e-06, 'params': 558673, 'time_iter': 0.09483, 'accuracy': 0.98638, 'precision': 0.87476, 'recall': 0.74269, 'f1': 0.80334, 'auc': 0.99206}
val: {'epoch': 89, 'time_epoch': 3.38317, 'loss': 0.12244476, 'lr': 0, 'params': 558673, 'time_iter': 0.02623, 'accuracy': 0.97496, 'precision': 0.35897, 'recall': 0.34568, 'f1': 0.3522, 'auc': 0.80199}
test: {'epoch': 89, 'time_epoch': 3.49818, 'loss': 0.22571871, 'lr': 0, 'params': 558673, 'time_iter': 0.02712, 'accuracy': 0.96086, 'precision': 0.35514, 'recall': 0.29231, 'f1': 0.32068, 'auc': 0.7796}
> Epoch 89: took 104.6s (avg 105.0s) | Best so far: epoch 63	train_loss: 0.0497 train_auc: 0.9861	val_loss: 0.1009 val_auc: 0.8198	test_loss: 0.1900 test_auc: 0.7838
train: {'epoch': 90, 'time_epoch': 98.0526, 'eta': 882.27885, 'eta_hours': 0.24508, 'loss': 0.04093533, 'lr': 2.71e-06, 'params': 558673, 'time_iter': 0.09529, 'accuracy': 0.98559, 'precision': 0.8562, 'recall': 0.73945, 'f1': 0.79355, 'auc': 0.99084}
val: {'epoch': 90, 'time_epoch': 3.34863, 'loss': 0.12947504, 'lr': 0, 'params': 558673, 'time_iter': 0.02596, 'accuracy': 0.97447, 'precision': 0.33784, 'recall': 0.30864, 'f1': 0.32258, 'auc': 0.78536}
test: {'epoch': 90, 'time_epoch': 3.43657, 'loss': 0.23729462, 'lr': 0, 'params': 558673, 'time_iter': 0.02664, 'accuracy': 0.96353, 'precision': 0.3913, 'recall': 0.27692, 'f1': 0.32432, 'auc': 0.77287}
> Epoch 90: took 105.0s (avg 105.0s) | Best so far: epoch 63	train_loss: 0.0497 train_auc: 0.9861	val_loss: 0.1009 val_auc: 0.8198	test_loss: 0.1900 test_auc: 0.7838
train: {'epoch': 91, 'time_epoch': 98.28288, 'eta': 784.26977, 'eta_hours': 0.21785, 'loss': 0.04015904, 'lr': 2.2e-06, 'params': 558673, 'time_iter': 0.09551, 'accuracy': 0.98657, 'precision': 0.8835, 'recall': 0.73864, 'f1': 0.8046, 'auc': 0.99183}
val: {'epoch': 91, 'time_epoch': 3.42807, 'loss': 0.13083788, 'lr': 0, 'params': 558673, 'time_iter': 0.02657, 'accuracy': 0.97326, 'precision': 0.33708, 'recall': 0.37037, 'f1': 0.35294, 'auc': 0.79336}
test: {'epoch': 91, 'time_epoch': 3.31468, 'loss': 0.23894724, 'lr': 0, 'params': 558673, 'time_iter': 0.0257, 'accuracy': 0.9611, 'precision': 0.36111, 'recall': 0.3, 'f1': 0.32773, 'auc': 0.77456}
> Epoch 91: took 105.2s (avg 105.0s) | Best so far: epoch 63	train_loss: 0.0497 train_auc: 0.9861	val_loss: 0.1009 val_auc: 0.8198	test_loss: 0.1900 test_auc: 0.7838
train: {'epoch': 92, 'time_epoch': 97.7338, 'eta': 686.21348, 'eta_hours': 0.19061, 'loss': 0.04068154, 'lr': 1.74e-06, 'params': 558673, 'time_iter': 0.09498, 'accuracy': 0.98663, 'precision': 0.87931, 'recall': 0.74513, 'f1': 0.80668, 'auc': 0.99119}
val: {'epoch': 92, 'time_epoch': 3.36205, 'loss': 0.12098419, 'lr': 0, 'params': 558673, 'time_iter': 0.02606, 'accuracy': 0.97617, 'precision': 0.38961, 'recall': 0.37037, 'f1': 0.37975, 'auc': 0.79783}
test: {'epoch': 92, 'time_epoch': 3.47117, 'loss': 0.22368929, 'lr': 0, 'params': 558673, 'time_iter': 0.02691, 'accuracy': 0.96061, 'precision': 0.35185, 'recall': 0.29231, 'f1': 0.31933, 'auc': 0.7808}
> Epoch 92: took 104.7s (avg 105.0s) | Best so far: epoch 63	train_loss: 0.0497 train_auc: 0.9861	val_loss: 0.1009 val_auc: 0.8198	test_loss: 0.1900 test_auc: 0.7838
train: {'epoch': 93, 'time_epoch': 98.012, 'eta': 588.1818, 'eta_hours': 0.16338, 'loss': 0.03893993, 'lr': 1.33e-06, 'params': 558673, 'time_iter': 0.09525, 'accuracy': 0.98544, 'precision': 0.85687, 'recall': 0.73377, 'f1': 0.79056, 'auc': 0.9929}
val: {'epoch': 93, 'time_epoch': 3.29592, 'loss': 0.12442253, 'lr': 0, 'params': 558673, 'time_iter': 0.02555, 'accuracy': 0.97301, 'precision': 0.32558, 'recall': 0.34568, 'f1': 0.33533, 'auc': 0.79953}
test: {'epoch': 93, 'time_epoch': 3.46304, 'loss': 0.22338454, 'lr': 0, 'params': 558673, 'time_iter': 0.02685, 'accuracy': 0.96159, 'precision': 0.36792, 'recall': 0.3, 'f1': 0.33051, 'auc': 0.77391}
> Epoch 93: took 104.9s (avg 105.0s) | Best so far: epoch 63	train_loss: 0.0497 train_auc: 0.9861	val_loss: 0.1009 val_auc: 0.8198	test_loss: 0.1900 test_auc: 0.7838
train: {'epoch': 94, 'time_epoch': 97.99464, 'eta': 490.14962, 'eta_hours': 0.13615, 'loss': 0.0413616, 'lr': 9.8e-07, 'params': 558673, 'time_iter': 0.09523, 'accuracy': 0.98593, 'precision': 0.86103, 'recall': 0.74432, 'f1': 0.79843, 'auc': 0.99102}
val: {'epoch': 94, 'time_epoch': 3.36182, 'loss': 0.11917808, 'lr': 0, 'params': 558673, 'time_iter': 0.02606, 'accuracy': 0.97666, 'precision': 0.39726, 'recall': 0.35802, 'f1': 0.37662, 'auc': 0.80302}
test: {'epoch': 94, 'time_epoch': 3.33733, 'loss': 0.22238918, 'lr': 0, 'params': 558673, 'time_iter': 0.02587, 'accuracy': 0.96183, 'precision': 0.36893, 'recall': 0.29231, 'f1': 0.32618, 'auc': 0.7871}
> Epoch 94: took 104.8s (avg 105.0s) | Best so far: epoch 63	train_loss: 0.0497 train_auc: 0.9861	val_loss: 0.1009 val_auc: 0.8198	test_loss: 0.1900 test_auc: 0.7838
train: {'epoch': 95, 'time_epoch': 96.77536, 'eta': 392.06742, 'eta_hours': 0.10891, 'loss': 0.03814705, 'lr': 6.8e-07, 'params': 558673, 'time_iter': 0.09405, 'accuracy': 0.98681, 'precision': 0.8736, 'recall': 0.75731, 'f1': 0.8113, 'auc': 0.99191}
val: {'epoch': 95, 'time_epoch': 3.40247, 'loss': 0.12400363, 'lr': 0, 'params': 558673, 'time_iter': 0.02638, 'accuracy': 0.97496, 'precision': 0.36905, 'recall': 0.38272, 'f1': 0.37576, 'auc': 0.79071}
test: {'epoch': 95, 'time_epoch': 3.25201, 'loss': 0.22499026, 'lr': 0, 'params': 558673, 'time_iter': 0.02521, 'accuracy': 0.96256, 'precision': 0.38, 'recall': 0.29231, 'f1': 0.33043, 'auc': 0.77509}
> Epoch 95: took 103.6s (avg 105.0s) | Best so far: epoch 63	train_loss: 0.0497 train_auc: 0.9861	val_loss: 0.1009 val_auc: 0.8198	test_loss: 0.1900 test_auc: 0.7838
train: {'epoch': 96, 'time_epoch': 97.18007, 'eta': 294.02469, 'eta_hours': 0.08167, 'loss': 0.04049917, 'lr': 4.4e-07, 'params': 558673, 'time_iter': 0.09444, 'accuracy': 0.98632, 'precision': 0.86817, 'recall': 0.74838, 'f1': 0.80384, 'auc': 0.99151}
val: {'epoch': 96, 'time_epoch': 3.43936, 'loss': 0.12553014, 'lr': 0, 'params': 558673, 'time_iter': 0.02666, 'accuracy': 0.97423, 'precision': 0.3494, 'recall': 0.35802, 'f1': 0.35366, 'auc': 0.79468}
test: {'epoch': 96, 'time_epoch': 3.40812, 'loss': 0.22584278, 'lr': 0, 'params': 558673, 'time_iter': 0.02642, 'accuracy': 0.96256, 'precision': 0.37755, 'recall': 0.28462, 'f1': 0.32456, 'auc': 0.77476}
> Epoch 96: took 104.2s (avg 105.0s) | Best so far: epoch 63	train_loss: 0.0497 train_auc: 0.9861	val_loss: 0.1009 val_auc: 0.8198	test_loss: 0.1900 test_auc: 0.7838
train: {'epoch': 97, 'time_epoch': 97.82616, 'eta': 196.01274, 'eta_hours': 0.05445, 'loss': 0.036778, 'lr': 2.5e-07, 'params': 558673, 'time_iter': 0.09507, 'accuracy': 0.98657, 'precision': 0.87405, 'recall': 0.74919, 'f1': 0.80682, 'auc': 0.99353}
val: {'epoch': 97, 'time_epoch': 3.3028, 'loss': 0.12755531, 'lr': 0, 'params': 558673, 'time_iter': 0.0256, 'accuracy': 0.97569, 'precision': 0.37333, 'recall': 0.34568, 'f1': 0.35897, 'auc': 0.78873}
test: {'epoch': 97, 'time_epoch': 3.55561, 'loss': 0.23945104, 'lr': 0, 'params': 558673, 'time_iter': 0.02756, 'accuracy': 0.96231, 'precision': 0.37113, 'recall': 0.27692, 'f1': 0.31718, 'auc': 0.77523}
> Epoch 97: took 104.8s (avg 105.0s) | Best so far: epoch 63	train_loss: 0.0497 train_auc: 0.9861	val_loss: 0.1009 val_auc: 0.8198	test_loss: 0.1900 test_auc: 0.7838
train: {'epoch': 98, 'time_epoch': 97.98238, 'eta': 98.00613, 'eta_hours': 0.02722, 'loss': 0.04059185, 'lr': 1.1e-07, 'params': 558673, 'time_iter': 0.09522, 'accuracy': 0.98565, 'precision': 0.84926, 'recall': 0.75, 'f1': 0.79655, 'auc': 0.99179}
val: {'epoch': 98, 'time_epoch': 3.37157, 'loss': 0.12246261, 'lr': 0, 'params': 558673, 'time_iter': 0.02614, 'accuracy': 0.97471, 'precision': 0.34247, 'recall': 0.30864, 'f1': 0.32468, 'auc': 0.79731}
test: {'epoch': 98, 'time_epoch': 3.51192, 'loss': 0.22888994, 'lr': 0, 'params': 558673, 'time_iter': 0.02722, 'accuracy': 0.96304, 'precision': 0.38298, 'recall': 0.27692, 'f1': 0.32143, 'auc': 0.77601}
> Epoch 98: took 105.0s (avg 105.0s) | Best so far: epoch 63	train_loss: 0.0497 train_auc: 0.9861	val_loss: 0.1009 val_auc: 0.8198	test_loss: 0.1900 test_auc: 0.7838
train: {'epoch': 99, 'time_epoch': 97.81577, 'eta': 0.0, 'eta_hours': 0.0, 'loss': 0.03904177, 'lr': 3e-08, 'params': 558673, 'time_iter': 0.09506, 'accuracy': 0.98638, 'precision': 0.86499, 'recall': 0.75406, 'f1': 0.80572, 'auc': 0.99297}
val: {'epoch': 99, 'time_epoch': 3.47568, 'loss': 0.12625173, 'lr': 0, 'params': 558673, 'time_iter': 0.02694, 'accuracy': 0.97471, 'precision': 0.35802, 'recall': 0.35802, 'f1': 0.35802, 'auc': 0.7922}
test: {'epoch': 99, 'time_epoch': 3.47825, 'loss': 0.23260308, 'lr': 0, 'params': 558673, 'time_iter': 0.02696, 'accuracy': 0.96183, 'precision': 0.36893, 'recall': 0.29231, 'f1': 0.32618, 'auc': 0.77517}
> Epoch 99: took 104.9s (avg 105.0s) | Best so far: epoch 63	train_loss: 0.0497 train_auc: 0.9861	val_loss: 0.1009 val_auc: 0.8198	test_loss: 0.1900 test_auc: 0.7838
Avg time per epoch: 104.99s
Total train loop time: 2.92h
Task done, results saved in results/ogbg-molhiv-GPS+RWSE/2
63
{'epoch': 63, 'time_epoch': 3.42116, 'loss': 0.1009231, 'lr': 0, 'params': 558673, 'time_iter': 0.02652, 'accuracy': 0.97812, 'precision': 0.42623, 'recall': 0.32099, 'f1': 0.3662, 'auc': 0.81982}
{'epoch': 63, 'time_epoch': 98.73752, 'eta': 3523.14504, 'eta_hours': 0.97865, 'loss': 0.04971222, 'lr': 3.299e-05, 'params': 558673, 'time_iter': 0.09595, 'accuracy': 0.98274, 'precision': 0.83603, 'recall': 0.67045, 'f1': 0.74414, 'auc': 0.98608}
{'epoch': 63, 'time_epoch': 3.40473, 'loss': 0.18996277, 'lr': 0, 'params': 558673, 'time_iter': 0.02639, 'accuracy': 0.96353, 'precision': 0.38372, 'recall': 0.25385, 'f1': 0.30556, 'auc': 0.78382}
Results aggregated across runs saved in results/ogbg-molhiv-GPS+RWSE/agg
[*] All done: 2026-09-11 18:54:27.513221
