stable_id,k,y,D_raw,D_cal,M_raw,M_cal
train:0001,0,-2.1935491562,-2.1890213490,-2.2023389935,-2.1259090900,-2.1463893056
train:0002,0,1.8422303200,1.8540635109,1.8407458663,1.8260803223,1.8056001067
train:0003,0,-0.7115330100,-0.6879004240,-0.7012180686,-0.7227988243,-0.7432790399
train:0004,0,0.2463470101,0.2501699030,0.2368522584,0.1656271815,0.1451469660
train:0006,0,-1.7172499895,-1.7220280170,-1.7353456616,-1.6674284935,-1.6879087090
train:0007,0,-0.4237147868,-0.3989597559,-0.4122774005,-0.4023997188,-0.4228799343
train:0008,0,0.9019936323,0.8857158422,0.8723981977,0.9342747927,0.9137945771
train:0010,0,1.6768877506,1.6846915483,1.6713739038,1.6797704697,1.6592902541
train:0011,0,-0.2070338428,-0.2068569064,-0.2201745510,-0.1621926427,-0.1826728582
train:0012,0,-0.3450775743,-0.3314375579,-0.3447552025,-0.2980503440,-0.3185305595
train:0013,0,1.4855577946,1.5352295637,1.5219119191,1.5328767300,1.5123965144
train:0015,0,-0.3966677487,-0.4064450562,-0.4197627008,-0.3568689227,-0.3773491383
train:0016,0,0.4611717761,0.4470917284,0.4337740839,0.5326098204,0.5121296048
train:0017,0,0.1111464277,0.1063783914,0.0930607468,0.1516850889,0.1312048733
train:0018,0,0.6842109561,0.6721142530,0.6587966084,0.7188521028,0.6983718872
train:0019,0,1.6424596310,1.6072502136,1.5939325690,1.6332798004,1.6127995849
train:0021,0,1.0669530630,1.0685403347,1.0552226901,1.0528841019,1.0324038863
train:0022,0,1.6601083279,1.6850173473,1.6716997027,1.6916754246,1.6711952090
train:0023,0,2.8328137398,2.8339331150,2.8206154704,2.9068136215,2.8863334060
train:0024,0,1.2793864012,1.2365601063,1.2232424617,1.3179075718,1.2974273562
train:0025,0,-0.0581888892,-0.1241921633,-0.1375098079,-0.1194444448,-0.1399246603
train:0026,0,0.7471174002,0.7374672890,0.7241496444,0.7357441187,0.7152639031
train:0027,0,-0.0971616507,-0.0679557323,-0.0812733769,-0.0421429276,-0.0626231432
train:0028,0,0.9659149647,1.0289374590,1.0156198144,0.9881411195,0.9676609039
train:0029,0,1.7420296669,1.8141576052,1.8008399606,1.7792158127,1.7587355971
train:0030,0,1.9064229727,1.9389376640,1.9256200194,1.9368429184,1.9163627028
train:0031,0,0.0972772911,0.1256777495,0.1123601049,0.0893220007,0.0688417852
train:0033,0,1.1792854071,1.1653373241,1.1520196795,1.2093966007,1.1889163852
train:0034,0,2.2293698788,2.2403013706,2.2269837260,2.2572140694,2.2367338538
train:0035,0,0.6046759486,0.5893578529,0.5760402083,0.6121469140,0.5916666985
train:0036,0,-0.4045015872,-0.4018374085,-0.4151550531,-0.3740411997,-0.3945214152
train:0037,0,1.2719031572,1.2637583017,1.2504406571,1.3150799274,1.2945997119
train:0038,0,-1.5157648325,-1.5430544615,-1.5563721061,-1.4826419353,-1.5031221509
train:0039,0,1.1530786753,1.1408063173,1.1274886727,1.1395330429,1.1190528274
train:0040,0,2.0675313473,2.0561573505,2.0428397059,2.0644981861,2.0440179706
train:0041,0,1.9595443010,1.9498326778,1.9365150332,1.9872503281,1.9667701125
train:0042,0,1.0008978844,1.0214349031,1.0081172585,1.0334153175,1.0129351020
train:0043,0,-0.7444507480,-0.7554155588,-0.7687332034,-0.6758868098,-0.6963670254
train:0044,0,-1.8665065765,-1.7773325443,-1.7906501889,-1.8075075150,-1.8279877305
train:0045,0,1.5069360733,1.4578665495,1.4445489049,1.5235993862,1.5031191707
train:0049,0,2.4421665668,2.3968632221,2.3835455775,2.4189221859,2.3984419703
train:0050,0,2.2457599640,2.2263562679,2.2130386233,2.2585306168,2.2380504012
train:0051,0,-0.3814709783,-0.3441208303,-0.3574384749,-0.3636759520,-0.3841561675
train:0052,0,-2.4206740856,-2.3676497936,-2.3809674382,-2.4145810604,-2.4350612760
train:0053,0,-2.0617530346,-2.0761766434,-2.0894942880,-2.0510406494,-2.0715208650
train:0054,0,0.7987825871,0.7824773788,0.7691597342,0.8293207288,0.8088405132
train:0055,-1,-2.9473211765,-2.9123947620,-2.9257124066,-3.0498423576,-3.0703225732
train:0056,0,-1.3107717037,-1.3436560631,-1.3569737077,-1.3472595215,-1.3677397370
train:0057,0,2.9129238129,2.9007256031,2.8874079585,2.9080924988,2.8876122832
train:0058,0,0.4222463369,0.4146614075,0.4013437629,0.4077031016,0.3872228861
train:0059,0,-2.9340281487,-2.9354116917,-2.9487293363,-2.8658151627,-2.8862953782
train:0060,0,-0.4138135612,-0.4155985713,-0.4289162159,-0.3957951665,-0.4162753820
train:0061,0,-0.6592074633,-0.5836563110,-0.5969739556,-0.6319817305,-0.6524619460
train:0062,0,1.3576846123,1.4381214380,1.4248037934,1.3922238350,1.3717436194
train:0063,0,-3.5447466373,-3.5529317856,-3.5662494302,-3.4874072075,-3.5078874230
train:0064,0,3.1437947750,3.1267833710,3.1134657264,3.1093878746,3.0889076591
train:0065,0,1.2627854347,1.2299666405,1.2166489959,1.2720444202,1.2515642047
train:0066,0,2.8444201946,2.8174345493,2.8041169047,2.9146504402,2.8941702247
train:0067,0,2.8814880848,2.9515197277,2.9382020831,2.9091606140,2.8886803985
train:0068,0,1.1154156923,1.0874958038,1.0741781592,1.1389532089,1.1184729934
train:0069,0,-2.3993613720,-2.3947131634,-2.4080308080,-2.4361641407,-2.4566443563
train:0070,0,2.3466279507,2.3386986256,2.3253809810,2.2878601551,2.2673799396
train:0071,0,-0.7857689261,-0.7277363539,-0.7410539985,-0.7169124484,-0.7373926640
train:0072,0,2.2993488312,2.2388093472,2.2254917026,2.2661974430,2.2457172275
train:0073,0,0.0088837622,-0.0374130681,-0.0507307127,0.0125652403,-0.0079149753
train:0074,0,0.6633074880,0.7308501005,0.7175324559,0.7229226232,0.7024424076
train:0075,0,-0.8584890962,-0.8246574402,-0.8379750848,-0.7978262305,-0.8183064461
train:0077,0,2.6778609753,2.6802413464,2.6669237018,2.6854422092,2.6649619937
train:0078,0,2.1311633587,2.1378850937,2.1245674491,2.1228153706,2.1023351550
train:0079,0,-1.9900220633,-1.9591081142,-1.9724257588,-2.0038394928,-2.0243197083
train:0080,0,0.1421886235,0.1961878985,0.1828702539,0.2007781565,0.1802979410
train:0082,0,-1.0263811350,-0.9926419258,-1.0059595704,-1.0011925697,-1.0216727853
train:0083,0,0.6782059073,0.6477607489,0.6344431043,0.7086135745,0.6881333590
train:0084,0,0.6147950888,0.6153415442,0.6020238996,0.6586048603,0.6381246448
train:0085,-1,-6.5259671211,-6.5286860466,-6.5420036912,-6.4229068756,-6.4433870912
train:0086,0,-0.2131764293,-0.1565856338,-0.1699032784,-0.1668297648,-0.1873099804
train:0088,0,1.4588367939,1.4184216261,1.4051039815,1.4770855904,1.4566053748
train:0089,0,1.1029280424,1.0832185745,1.0699009299,1.1156492233,1.0951690078
train:0090,0,-0.3662392795,-0.2713378370,-0.2846554816,-0.2875850201,-0.3080652356
train:0091,0,0.9390215278,0.9289269447,0.9156093001,0.9289589524,0.9084787369
train:0092,0,1.6023017168,1.5880389214,1.5747212768,1.6522767544,1.6317965388
train:0093,0,1.5876737833,1.5951962471,1.5818786025,1.6298072338,1.6093270183
train:0094,0,1.3047773838,1.2890231609,1.2757055163,1.3553986549,1.3349184394
train:0095,0,1.6804896593,1.6523649693,1.6390473247,1.7274920940,1.7070118785
train:0096,0,-0.6514406204,-0.6665251255,-0.6798427701,-0.6286916137,-0.6491718292
train:0098,0,1.1364815235,1.1267428398,1.1134251952,1.2093884945,1.1889082789
train:0099,0,1.3955823183,1.3921682835,1.3788506389,1.4100811481,1.3896009326
train:0100,0,-0.5155738592,-0.4646944702,-0.4780121148,-0.5415286422,-0.5620088577
train:0102,0,1.9000065327,1.8650289774,1.8517113328,1.9249863625,1.9045061469
train:0103,0,2.2795071602,2.2711179256,2.2578002810,2.3008351326,2.2803549170
train:0105,0,0.1490462720,0.2028480917,0.1895304471,0.1962530613,0.1757728457
train:0106,0,1.0107637644,1.0630545616,1.0497369170,1.0434579849,1.0229777694
train:0107,0,0.7411426306,0.7372105122,0.7238928676,0.7798409462,0.7593607306
train:0108,0,1.1106379032,1.1038651466,1.0905475020,1.1267414093,1.1062611938
train:0109,0,2.0869460106,2.0655443668,2.0522267222,2.1462988853,2.1258186698
train:0110,0,-1.3152709007,-1.2784047127,-1.2917223573,-1.2806251049,-1.3011053205
train:0111,-1,-6.4401054382,-6.4924702644,-6.5057879090,-6.2787861824,-6.2992663980
train:0112,0,-0.1554189920,-0.1258675754,-0.1391852200,-0.1627930701,-0.1832732856
train:0113,0,2.4297049046,2.4362378120,2.4229201674,2.4617714882,2.4412912726
train:0114,0,2.5221560001,2.5241782665,2.5108606219,2.5536746979,2.5331944823
train:0115,0,0.5245863795,0.5317977071,0.5184800625,0.5518981218,0.5314179063
train:0116,0,1.5495535135,1.5136084557,1.5002908111,1.5997352600,1.5792550445
train:0117,0,1.2939895391,1.3085868359,1.2952691913,1.2782204151,1.2577401996
train:0118,0,0.5303277969,0.5655673742,0.5522497296,0.5745527744,0.5540725589
train:0119,0,-4.2000918388,-4.1526222229,-4.1659398675,-4.1657295227,-4.1862097383
train:0120,0,0.2348437607,0.1812448353,0.1679271907,0.2653203011,0.2448400855
train:0121,0,-0.7697669864,-0.7600101233,-0.7733277678,-0.7608118057,-0.7812920213
train:0122,0,0.1196014211,0.0987826586,0.0854650140,0.1036816984,0.0832014829
train:0123,0,3.0779120922,3.1078562737,3.0945386291,3.1122422218,3.0917620063
train:0124,0,-1.2845194340,-1.2207028866,-1.2340205312,-1.2698807716,-1.2903609872
train:0125,0,1.2077316046,1.2180087566,1.2046911120,1.2533278465,1.2328476310
train:0126,0,-2.9675397873,-2.9890525341,-3.0023701787,-2.9073374271,-2.9278176427
train:0127,0,0.3867355883,0.4419781864,0.4286605418,0.4636388421,0.4431586266
train:0128,0,-1.3568724394,-1.2808694839,-1.2941871285,-1.3813729286,-1.4018531442
train:0129,0,-0.2514896095,-0.2686060071,-0.2819236517,-0.2194644809,-0.2399446964
train:0130,0,0.7294777632,0.7396354675,0.7263178229,0.7609060407,0.7404258251
train:0131,0,2.2673346996,2.3122019768,2.2988843322,2.2654068470,2.2449266315
train:0132,0,0.6376103759,0.7090665102,0.6957488656,0.6755455136,0.6550652981
train:0133,0,0.6704891920,0.7183103561,0.7049927115,0.7453014255,0.7248212099
train:0134,0,-0.2620366216,-0.2444207966,-0.2577384412,-0.2385914028,-0.2590716183
train:0135,0,2.5565285683,2.5240318775,2.5107142329,2.5680782795,2.5475980639
train:0136,0,-0.5987548828,-0.5609165430,-0.5742341876,-0.5675023198,-0.5879825354
train:0139,0,-3.6782038212,-3.6202652454,-3.6335828900,-3.6720242500,-3.6925044656
train:0140,0,2.7998807430,2.8331234455,2.8198058009,2.7929320335,2.7724518180
train:0141,0,2.4830799103,2.4351634979,2.4218458533,2.4795751572,2.4590949416
train:0143,0,2.3214290142,2.2613074780,2.2479898334,2.2803754807,2.2598952651
train:0144,0,1.2996689081,1.3359885216,1.3226708770,1.3469679356,1.3264877200
train:0145,0,0.8687707186,0.8305776119,0.8172599673,0.8907008767,0.8702206612
train:0146,0,1.2219798565,1.2141706944,1.2008530498,1.2696259022,1.2491456866
train:0147,0,0.3862388432,0.4501740932,0.4368564487,0.4247089028,0.4042286873
train:0148,0,0.9358646870,0.9380694628,0.9247518182,0.9827800393,0.9622998238
train:0149,0,-3.5773262978,-3.5719518661,-3.5852695107,-3.6169347763,-3.6374149919
train:0151,0,-3.5832746029,-3.5464911461,-3.5598087907,-3.5544838905,-3.5749641061
train:0152,0,0.7912514210,0.8319455385,0.8186278939,0.8589656949,0.8384854794
train:0153,0,0.8232230544,0.8461329937,0.8328153491,0.8357475400,0.8152673244
train:0154,0,1.7344231606,1.7974622250,1.7841445804,1.8088500500,1.7883698344
train:0155,0,1.5733880997,1.5267431736,1.5134255290,1.5675225258,1.5470423102
train:0156,0,1.2627619505,1.2704820633,1.2571644187,1.3001348972,1.2796546817
train:0157,0,-0.3815474808,-0.4042716026,-0.4175892472,-0.3359699249,-0.3564501405
train:0159,0,1.0519818068,0.9889675379,0.9756498933,1.0509433746,1.0304631591
train:0160,0,-0.0967518464,-0.0602492243,-0.0735668689,-0.0535997748,-0.0740799904
train:0161,0,-0.6617074609,-0.6101100445,-0.6234276891,-0.6610950828,-0.6815752983
train:0163,0,2.3888552189,2.3628542423,2.3495365977,2.4063568115,2.3858765960
train:0164,0,-2.7805933952,-2.6995816231,-2.7128992677,-2.8235893250,-2.8440695405
train:0165,0,-2.4777083397,-2.4681575298,-2.4814751744,-2.4785146713,-2.4989948869
train:0166,0,-0.2541400194,-0.1919741929,-0.2052918375,-0.1808505654,-0.2013307810
train:0167,0,-1.1790659428,-0.1207626909,-0.1340803355,-1.0441055298,-1.0645857453
train:0168,0,1.4451175928,1.3752501011,1.3619324565,1.4659998417,1.4455196261
train:0169,0,-1.4344886541,-1.3810117245,-1.3943293691,-1.3794724941,-1.3999527097
train:0170,0,0.4397011995,0.4591864049,0.4458687603,0.5488771200,0.5283969045
train:0171,0,2.2363128662,2.2840154171,2.2706977725,2.2629129887,2.2424327731
train:0172,0,-2.7526993752,-2.6783664227,-2.6916840672,-2.7653360367,-2.7858162522
train:0173,0,2.3282968998,2.3150107861,2.3016931415,2.3353297710,2.3148495555
train:0174,0,1.7721378803,1.8226548433,1.8093371987,1.8377563953,1.8172761798
train:0176,0,-0.5521273017,-0.5609810352,-0.5742986798,-0.5505480170,-0.5710282326
train:0179,0,1.4721246958,1.5409427881,1.5276251435,1.4865717888,1.4660915732
train:0180,0,0.7437708974,0.7500426769,0.7367250323,0.7603884339,0.7399082184
train:0181,0,1.4310206175,1.4493939877,1.4360763431,1.4830052853,1.4625250697
train:0183,0,1.0728144646,1.0754843950,1.0621667504,1.1079328060,1.0874525905
train:0184,0,1.5890505314,1.5445286036,1.5312109590,1.6279191971,1.6074389815
train:0185,0,-1.3291873932,-1.2879786491,-1.3012962937,-1.3100380898,-1.3305183053
train:0186,0,1.0458059311,1.0308611393,1.0175434947,1.1105959415,1.0901157260
train:0187,0,-0.0309672765,-0.0134069622,-0.0267246068,0.0088771135,-0.0116031021
train:0188,0,-2.8438999653,-2.7347266674,-2.7480443120,-2.8207664490,-2.8412466645
train:0189,-1,-8.3595056534,-8.3356704712,-8.3489881158,-8.3174171448,-8.3378973603
train:0190,0,1.1436399221,1.0808982849,1.0675806403,1.1043856144,1.0839053988
train:0192,0,0.6028974056,0.7113356590,0.6980180144,0.6417352557,0.6212550402
train:0193,0,0.7589634657,0.7747422457,0.7614246011,0.7764735818,0.7559933662
train:0194,0,1.0258404016,1.0853049755,1.0719873309,1.0604258776,1.0399456620
train:0195,0,1.5844421387,1.5253125429,1.5119948983,1.5897996426,1.5693194270
train:0198,0,-0.3769004941,-0.2873313725,-0.3006490171,-0.3234374225,-0.3439176381
train:0199,0,2.3224463463,2.3485538960,2.3352362514,2.3516368866,2.3311566710
train:0200,0,1.0508035421,1.0674281120,1.0541104674,1.0681848526,1.0477046371
train:0201,0,2.5798158646,2.5617570877,2.5484394431,2.5679662228,2.5474860072
train:0202,0,3.4689824581,3.4880061150,3.4746884704,3.4380130768,3.4175328612
train:0204,0,-2.6515936852,-2.5960347652,-2.6093524098,-2.6460688114,-2.6665490270
train:0205,0,-2.1933350563,-2.2620656490,-2.2753832936,-2.2085981369,-2.2290783525
train:0206,0,1.7328062057,1.7051906586,1.6918730140,1.7686934471,1.7482132316
train:0207,-1,-6.5648498535,-6.5418748856,-6.5551925302,-6.5739765167,-6.5944567323
train:0208,0,-1.8008537292,-1.7905861139,-1.8039037585,-1.7510182858,-1.7714985013
train:0209,0,0.2707204521,0.2473569065,0.2340392619,0.2903562486,0.2698760331
train:0210,0,1.1954275370,1.1636795998,1.1503619552,1.2484738827,1.2279936671
train:0211,0,-0.9227284193,-0.8582894802,-0.8716071248,-0.9177893996,-0.9382696152
train:0212,0,1.5807480812,1.9218704700,1.9085528255,1.6287379265,1.6082577109
train:0213,0,2.2097306252,2.2611925602,2.2478749156,2.1597526073,2.1392723918
train:0214,0,1.0385102034,1.0075571537,0.9942395091,1.0586726665,1.0381924510
train:0215,0,0.8000436425,0.8433903456,0.8300727010,0.8146048188,0.7941246033
train:0216,0,-0.0219773259,-0.1495401114,-0.1628577560,0.0114593655,-0.0090208501
train:0217,0,2.5956296921,2.5480635166,2.5347458720,2.6426734924,2.6221932769
train:0218,0,1.8730422258,1.9411462545,1.9278286099,1.8438024521,1.8233222365
train:0219,0,0.2941008508,0.3095493317,0.2962316871,0.3046638966,0.2841836810
train:0222,0,0.6696956754,0.6371536255,0.6238359809,0.6686416268,0.6481614113
train:0224,0,-1.9685465097,-1.9913542271,-2.0046718717,-1.9575524330,-1.9780326486
train:0225,0,0.7150074840,0.7444863319,0.7311686873,0.8148735166,0.7943933010
train:0226,0,-2.3949193954,-2.4320809841,-2.4453986287,-2.3741881847,-2.3946684003
train:0227,0,-0.2372135073,-0.2080453038,-0.2213629484,-0.2443710864,-0.2648513019
train:0228,0,-0.9539103508,-0.9183772802,-0.9316949248,-0.9062840343,-0.9267642498
train:0229,0,1.4255464077,1.4869580269,1.4736403823,1.4618964195,1.4414162040
train:0230,0,2.1150891781,2.2251522541,2.2118346095,2.1893291473,2.1688489318
train:0231,0,-0.1605716795,-0.0828386545,-0.0961562991,-0.1685978472,-0.1890780628
train:0232,0,-0.1908890158,-0.1489177197,-0.1622353643,-0.1146411598,-0.1351213753
train:0233,0,0.4834540784,0.4637435675,0.4504259229,0.5568791628,0.5363989472
train:0234,0,-0.6641592383,-0.6578284502,-0.6711460948,-0.6746786237,-0.6951588392
train:0236,0,0.8518127799,0.9292628765,0.9159452319,0.8294579387,0.8089777231
train:0237,0,0.1792374551,0.1963846087,0.1830669641,0.2569224238,0.2364422083
train:0238,0,-2.3246142864,-2.3296225071,-2.3429401517,-2.2940158844,-2.3144960999
train:0239,0,-2.1077637672,-2.0601375103,-2.0734551549,-2.1305770874,-2.1510573030
train:0240,0,-0.3759403229,-0.3808372617,-0.3941549063,-0.3648876548,-0.3853678703
train:0241,0,1.2242939472,1.2137773037,1.2004596591,1.2190289497,1.1985487342
train:0242,0,0.9875535369,1.0026277304,0.9893100858,0.9828498363,0.9623696208
train:0244,0,0.9599646330,0.9516520500,0.9383344054,0.9287816882,0.9083014727
train:0245,0,1.6723504066,1.6796309948,1.6663133502,1.7313365936,1.7108563781
train:0246,0,1.3738954067,1.3518133163,1.3384956717,1.3921673298,1.3716871142
train:0247,0,-0.6603603363,-0.6408520937,-0.6541697383,-0.6839755774,-0.7044557929
train:0248,0,0.4744263887,0.5119112730,0.4985936284,0.4801004231,0.4596202075
train:0249,0,0.9176776409,0.9167066813,0.9033890367,0.9390034080,0.9185231924
train:0250,0,1.7499794960,1.7741830349,1.7608653903,1.7727618217,1.7522816062
train:0251,0,-3.3048493862,-3.2126762867,-3.2259939313,-3.2369961739,-3.2574763894
train:0252,0,-0.1475186646,-0.1797754019,-0.1930930465,-0.1487899423,-0.1692701578
train:0254,0,-0.7474483252,-0.7357885838,-0.7491062284,-0.7281662822,-0.7486464977
train:0256,0,1.3398435116,1.3668122292,1.3534945846,1.3445165157,1.3240363002
train:0258,0,2.6979899406,2.7078182697,2.6945006251,2.7043867111,2.6839064956
train:0259,0,-2.8605861664,-2.8543641567,-2.8676818013,-2.7972898483,-2.8177700639
train:0260,0,-3.1412146091,-3.1353898048,-3.1487074494,-3.2077553272,-3.2282355428
train:0261,0,0.4491517246,0.3964635432,0.3831458986,0.4863649309,0.4658847153
train:0262,0,0.6897764802,0.6937240362,0.6804063916,0.7237415910,0.7032613754
train:0263,0,0.8489227891,0.8962059021,0.8828882575,0.8452426791,0.8247624636
train:0264,0,2.3529748917,2.3629806042,2.3496629596,2.3669052124,2.3464249969
train:0265,0,-1.2129212618,-1.3107945919,-1.3241122365,-1.2161171436,-1.2365973592
train:0266,0,-0.9268718362,-0.9174592495,-0.9307768941,-0.9437891841,-0.9642693996
train:0267,0,-0.6701347232,-0.6781848669,-0.6915025115,-0.6613010764,-0.6817812920
train:0269,0,0.5655294061,0.5277631283,0.5144454837,0.5227119923,0.5022317767
train:0271,0,0.3478464484,0.3714905083,0.3581728637,0.3647142351,0.3442340195
train:0273,0,0.5620152354,0.5752632618,0.5619456172,0.6147860289,0.5943058133
train:0274,0,-2.0625808239,-2.0376181602,-2.0509358048,-2.0563020706,-2.0767822862
train:0275,0,1.7509868145,1.7078869343,1.6945692897,1.7812309265,1.7607507110
train:0276,0,0.7910095453,0.8320393562,0.8187217116,0.8470016122,0.8265213966
train:0277,0,0.8112365007,0.7268366814,0.7135190368,0.7732446790,0.7527644634
train:0278,0,-0.0998349041,-0.0881633162,-0.1014809608,-0.1085489392,-0.1290291548
train:0279,0,-0.4362042248,-0.4666477144,-0.4799653590,-0.4162377715,-0.4367179871
train:0280,0,1.4452046156,1.4905376434,1.4772199988,1.4552972317,1.4348170161
train:0281,0,0.2020035237,0.2506921887,0.2373745441,0.2620929480,0.2416127324
train:0283,0,-1.0176091194,-1.0654621124,-1.0787797570,-0.9526219964,-0.9731022120
train:0284,0,1.1706614494,1.1429153681,1.1295977235,1.1481139660,1.1276337504
train:0285,0,-0.1125754863,-0.1365430951,-0.1498607397,-0.2062642574,-0.2267444730
train:0287,0,2.0574681759,2.0451378822,2.0318202376,2.0241980553,2.0037178397
train:0291,0,1.3128378391,1.3239904642,1.3106728196,1.3488223553,1.3283421397
train:0293,0,0.2114224136,0.1898284405,0.1765107960,0.2212960720,0.2008158565
train:0294,0,0.6156441569,0.6380151510,0.6246975064,0.6569883227,0.6365081072
train:0296,0,-4.7989277840,-4.6713576317,-4.6846752763,-4.6926984787,-4.7131786942
train:0298,0,2.5273857117,2.5367338657,2.5234162211,2.5329029560,2.5124227405
train:0299,0,-1.2088147402,-1.1843721867,-1.1976898313,-1.2687814236,-1.2892616391
train:0300,0,1.9989013672,2.0043404102,1.9910227656,2.0366113186,2.0161311030
train:0302,0,-1.8080422878,-1.6967577934,-1.7100754380,-1.8057591915,-1.8262394071
train:0303,0,0.5555002689,0.5535602570,0.5402426124,0.5977998376,0.5773196220
train:0304,0,-7.4799871445,-7.4446253777,-7.4579430223,-7.3329358101,-7.3534160256
train:0305,0,-0.0881957635,-0.0708613098,-0.0841789544,-0.1558329463,-0.1763131618
train:0307,0,-2.2267808914,-2.3123881817,-2.3257058263,-2.2472400665,-2.2677202821
train:0308,0,-2.9972755909,-2.8652713299,-2.8785889745,-2.9392170906,-2.9596973062
train:0310,0,-0.7622779608,-0.7180742025,-0.7313918471,-0.7438741326,-0.7643543482
train:0311,0,0.8258506656,0.8856165409,0.8722988963,0.9009853005,0.8805050850
train:0312,0,1.4692920446,1.4028604031,1.3895427585,1.5147020817,1.4942218661
train:0313,0,1.4260560274,1.4021120071,1.3887943625,1.4093742371,1.3888940215
train:0315,0,-0.6336902380,-0.6352639198,-0.6485815644,-0.6315597296,-0.6520399451
train:0317,0,-2.2375526428,-2.2096207142,-2.2229383588,-2.2627689838,-2.2832491994
train:0318,0,1.0044219494,1.0314060450,1.0180884004,1.0956997871,1.0752195716
train:0319,0,-0.8301520944,-0.6962084770,-0.7095261216,-0.8112506270,-0.8317308426
train:0321,0,-0.8432800174,-0.7485706806,-0.7618883252,-0.7755759358,-0.7960561514
train:0323,0,1.1610565186,1.1710228920,1.1577052474,1.1810514927,1.1605712771
train:0325,0,0.9532626867,0.9633159637,0.9499983191,1.0240203142,1.0035400987
train:0326,-1,-7.9020457268,-7.7810730934,-7.7943907380,-7.9966697693,-8.0171499848
train:0327,0,-0.1010636762,-0.0866188109,-0.0999364555,-0.0761351287,-0.0966153443
train:0328,0,0.7642693520,0.8137955666,0.8004779220,0.7435112596,0.7230310440
train:0329,0,-0.1599934995,-0.0912642777,-0.1045819223,-0.0876580030,-0.1081382185
train:0330,0,-2.6703100204,-2.6020102501,-2.6153278947,-2.6415872574,-2.6620674729
train:0331,-1,-5.0744485855,-5.0543227196,-5.0676403642,-4.9642691612,-4.9847493768
train:0332,0,1.7875370979,1.7674770355,1.7541593909,1.8190579414,1.7985777259
train:0335,0,2.3324499130,2.3894836903,2.3761660457,2.3751902580,2.3547100425
train:0336,0,0.5523775816,0.5320190787,0.5187014341,0.5915587544,0.5710785389
train:0337,0,-3.1004424095,-3.1462481022,-3.1595657468,-3.0624985695,-3.0829787850
train:0338,0,-2.4198842049,-2.3516421318,-2.3649597764,-2.3704926968,-2.3909729123
train:0339,0,0.2512004077,0.2960869968,0.2827693522,0.2273718268,0.2068916112
train:0340,0,1.0254369974,1.0610941648,1.0477765203,1.0583767891,1.0378965735
train:0342,0,2.6041107178,2.5968835354,2.5835658908,2.6377763748,2.6172961593
train:0343,0,0.0084518427,-0.1024027169,-0.1157203615,-0.0157715976,-0.0362518132
train:0344,0,0.1768028885,0.1548885405,0.1415708959,0.1677465439,0.1472663283
train:0345,0,-2.2940919399,-2.2790834904,-2.2924011350,-2.2807097435,-2.3011899590
train:0348,0,0.7195730805,0.7345784903,0.7212608457,0.6999643445,0.6794841290
train:0349,0,-0.5942752361,-0.5502865314,-0.5636041760,-0.5142351985,-0.5347154140
train:0351,0,0.9722132087,1.0250097513,1.0116921067,1.0049796104,0.9844993949
train:0352,0,-2.7570312023,-2.7433879375,-2.7567055821,-2.6927256584,-2.7132058740
train:0355,0,-2.3003392220,-2.2885477543,-2.3018653989,-2.3885316849,-2.4090119004
train:0356,0,0.0851801634,0.1381461322,0.1248284876,0.1117082089,0.0912279934
train:0357,0,2.9389274120,2.9550979137,2.9417802691,2.9941115379,2.9736313224
train:0358,0,0.9309913516,0.9369117022,0.9235940576,0.9338487387,0.9133685231
train:0360,0,-0.5075877309,-0.4499424398,-0.4632600844,-0.4691141248,-0.4895943403
train:0361,0,-0.8718056083,-0.8420889378,-0.8554065824,-0.8580142856,-0.8784945011
train:0362,0,-1.3159931898,-1.2544445992,-1.2677622437,-1.2968883514,-1.3173685670
train:0364,0,-1.1778688431,-1.1592919827,-1.1726096272,-1.1634838581,-1.1839640737
train:0365,0,1.5825084448,1.6838437319,1.6705260873,1.6419720650,1.6214918494
train:0366,0,-2.4320890903,-2.3823578358,-2.3956754804,-2.4808049202,-2.5012851357
train:0367,0,0.7149395943,0.6755129099,0.6621952653,0.7505561709,0.7300759554
train:0368,0,1.5339900255,1.5599770546,1.5466594100,1.5346710682,1.5141908526
train:0369,0,0.5387129784,0.4918495715,0.4785319269,0.5715175867,0.5510373712
train:0370,0,0.0818879008,0.1577194333,0.1444017887,0.0238821507,0.0034019351
train:0371,0,2.5173442364,2.4902274609,2.4769098163,2.5252985954,2.5048183799
train:0372,0,-0.2729943991,-0.2729489207,-0.2862665653,-0.2162287831,-0.2367089987
train:0374,0,0.5753150582,0.6121109724,0.5987933278,0.5633789301,0.5428987145
train:0376,0,0.4308903515,0.4206335843,0.4073159397,0.4362237155,0.4157435000
train:0377,0,2.4611299038,2.5564239025,2.5431062579,2.5067381859,2.4862579703
train:0381,0,1.5208139420,1.4874795675,1.4741619229,1.5417950153,1.5213147998
train:0382,0,-0.2336646765,-0.2163368762,-0.2296545208,-0.2442405224,-0.2647207379
train:0383,0,-2.1793081760,-2.1976175308,-2.2109351754,-2.1561818123,-2.1766620278
train:0384,0,1.6584120989,1.6620494127,1.6487317681,1.6573548317,1.6368746161
train:0385,0,-0.6511960626,-0.6850495338,-0.6983671784,-0.6334965825,-0.6539767981
train:0386,0,0.1383043528,0.1612562388,0.1479385942,0.1336648613,0.1131846458
train:0388,0,1.8288261890,1.8509835005,1.8376658559,1.8774628639,1.8569826484
train:0389,-1,-1.3462451696,-1.4725725651,-1.4858902097,-1.3641548157,-1.3846350312
train:0390,0,2.6815199852,2.7267248631,2.7134072185,2.6856079102,2.6651276946
train:0391,0,1.8061048985,1.8367365599,1.8234189153,1.8297376633,1.8092574477
train:0392,0,-2.9083640575,-2.8503048420,-2.8636224866,-2.8045926094,-2.8250728250
train:0395,0,0.7786052227,0.8012776375,0.7879599929,0.8366575837,0.8161773682
train:0397,-1,-2.1101634502,-2.1013693810,-2.1146870255,-2.0590867996,-2.0795670152
train:0399,0,1.7091660500,1.7083342075,1.6950165629,1.7443792820,1.7238990664
train:0400,0,2.2259950638,2.3209803104,2.3076626658,2.2701072693,2.2496270537
train:0401,0,2.3600838184,2.2651555538,2.2518379092,2.3687787056,2.3482984900
train:0402,0,0.3898967505,0.4617896974,0.4484720528,0.3950702548,0.3745900393
train:0403,0,0.9592154622,0.9251525402,0.9118348956,1.0159661770,0.9954859614
train:0404,0,-0.4101473987,-0.4054338336,-0.4187514782,-0.4241494536,-0.4446296692
train:0405,0,0.3286030293,0.2921450734,0.2788274288,0.2897104323,0.2692302167
train:0406,0,-0.8805604577,-0.8038550615,-0.8171727061,-0.8365551829,-0.8570353985
train:0407,0,-1.2990933657,-1.2068482637,-1.2201659083,-1.2333867550,-1.2538669705
train:0408,0,-1.0836913586,-1.1005117893,-1.1138294339,-1.0943584442,-1.1148386598
train:0409,0,1.0974463224,1.0990078449,1.0856902003,1.1113395691,1.0908593535
train:0410,0,-2.1439361572,-2.1367876530,-2.1501052976,-2.1279265881,-2.1484068036
train:0411,0,0.3530711532,0.3771533370,0.3638356924,0.3919273615,0.3714471459
train:0413,0,-1.3765627146,-1.2442615032,-1.2575791478,-1.3428442478,-1.3633244634
train:0416,0,2.0176138878,1.9911463261,1.9778286815,2.0416181087,2.0211378932
train:0417,0,2.2977976799,2.2422261238,2.2289084792,2.3098411560,2.2893609405
train:0418,0,-0.1372539252,-0.0400531515,-0.0533707961,-0.0543150604,-0.0747952759
train:0420,0,-3.0326445103,-2.9792578220,-2.9925754666,-3.0077252388,-3.0282054543
train:0421,-1,-7.1753468513,-7.1984400749,-7.2117577195,-7.1115121841,-7.1319923997
train:0422,0,-0.4704990089,-0.4415591061,-0.4548767507,-0.4094888568,-0.4299690723
train:0423,0,2.0385336876,2.0447890759,2.0314714313,2.0670256615,2.0465454459
train:0424,0,-1.7166124582,-1.7015467882,-1.7148644328,-1.6563348770,-1.6768150926
train:0426,0,1.1054670811,1.1437809467,1.1304633021,1.1337556839,1.1132754683
train:0427,0,0.7989500165,0.7868982553,0.7735806108,0.8059785962,0.7854983807
train:0428,0,1.6201593876,1.6011633873,1.5878457427,1.6496894360,1.6292092204
train:0429,0,-0.8245158792,-0.8392347097,-0.8525523543,-0.8439425826,-0.8644227982
train:0430,0,-1.0975849628,-1.1176805496,-1.1309981942,-1.0227239132,-1.0432041287
train:0431,0,1.5968071222,1.6082084179,1.5948907733,1.5730113983,1.5525311828
train:0432,0,-0.2364769131,-0.2599129677,-0.2732306123,-0.2485697269,-0.2690499425
train:0433,0,2.6376016140,2.6311042309,2.6177865863,2.6655051708,2.6450249553
train:0434,-1,-1.9775760174,-2.0620439053,-2.0753615499,-2.0071315765,-2.0276117921
train:0437,0,-1.3572242260,-1.2995750904,-1.3128927350,-1.2934491634,-1.3139293790
train:0438,0,-2.8399381638,-2.8440158367,-2.8573334813,-2.7731437683,-2.7936239839
train:0439,0,-0.3863808811,-0.3534929156,-0.3668105602,-0.3586474657,-0.3791276813
train:0440,0,0.5259997845,0.5430232286,0.5297055840,0.5532526374,0.5327724218
train:0441,0,0.5364648700,0.5381612778,0.5248436332,0.5397025347,0.5192223191
train:0443,0,0.7712074518,0.7983087301,0.7849910855,0.8194407821,0.7989605665
train:0444,0,1.5894271135,1.5551469326,1.5418292880,1.5933637619,1.5728835464
train:0445,0,2.1002950668,2.0455961227,2.0322784781,2.1073105335,2.0868303180
train:0447,0,0.4110864103,0.4542325139,0.4409148693,0.3799702227,0.3594900072
train:0449,0,2.1592547894,2.1427013874,2.1293837428,2.1496047974,2.1291245818
train:0451,0,1.3897691965,1.3667647839,1.3534471393,1.3698716164,1.3493914008
train:0452,0,-1.0500253439,-1.0430055857,-1.0563232303,-1.0739288330,-1.0944090486
train:0454,0,1.9631136656,1.9275671244,1.9142494798,1.9902329445,1.9697527289
train:0455,0,1.2620660067,1.2550998926,1.2417822480,1.3310410976,1.3105608821
train:0456,-1,-3.0410916805,-3.0450522900,-3.0583699346,-2.9115855694,-2.9320657849
train:0457,0,-1.8106855154,-1.8571634293,-1.8704810739,-1.7671353817,-1.7876155972
train:0458,0,0.3259327114,0.2987759411,0.2854582965,0.3677912951,0.3473110795
train:0459,0,2.5644500256,2.5226986408,2.5093809962,2.5684089661,2.5479287505
train:0460,0,1.3903356791,1.3997471333,1.3864294887,1.3991868496,1.3787066340
train:0461,0,0.0565323718,0.1367742717,0.1234566271,0.0821672082,0.0616869926
train:0463,0,1.2039581537,1.2331671715,1.2198495269,1.2496006489,1.2291204333
train:0464,0,0.7100047469,0.7224445343,0.7091268897,0.7452985644,0.7248183489
train:0465,0,0.8177025318,0.8144295216,0.8011118770,0.8507214189,0.8302412033
train:0466,0,-1.4114401340,-1.3624738455,-1.3757914901,-1.3167970181,-1.3372772336
train:0467,0,0.8469804525,0.8848243952,0.8715067506,0.9186546206,0.8981744051
train:0468,0,0.7745686173,0.8328906298,0.8195729852,0.7242138982,0.7037336826
train:0469,0,1.6855916977,1.7410061359,1.7276884913,1.7562160492,1.7357358336
train:0470,0,0.2146303356,0.2642135322,0.2508958876,0.1853999943,0.1649197787
train:0474,0,-2.1860249043,-2.1864047050,-2.1997223496,-2.1147677898,-2.1352480054
train:0475,0,-3.2266240120,-3.1891188622,-3.2024365067,-3.2509727478,-3.2714529634
train:0476,-1,-1.8349547386,-1.8153798580,-1.8286975026,-1.8949973583,-1.9154775739
train:0477,0,1.0167067051,1.0477871895,1.0344695449,1.0253887177,1.0049085021
train:0478,0,-1.5471863747,-1.6107604504,-1.6240780950,-1.5388274193,-1.5593076348
train:0479,0,-2.2268946171,-2.1560320854,-2.1693497300,-2.2444045544,-2.2648847699
train:0480,0,1.1841038465,1.1557977200,1.1424800754,1.2050924301,1.1846122146
train:0481,0,-1.7634983063,-1.7010877132,-1.7144053578,-1.7291870117,-1.7496672273
train:0482,0,1.7523014545,1.7443044186,1.7309867740,1.7991311550,1.7786509395
train:0484,0,-0.5176987052,-0.5251680613,-0.5384857059,-0.5090494752,-0.5295296907
train:0485,0,1.3855295181,1.4167671204,1.4034494758,1.3744854927,1.3540052772
train:0486,0,-1.0457295179,-1.0866093636,-1.0999270082,-1.0608851910,-1.0813654065
train:0489,0,0.8909131289,0.9158333540,0.9025157094,0.9141457677,0.8936655521
train:0490,0,-0.1569208652,-0.1089489162,-0.1222665608,-0.1948290169,-0.2153092325
train:0491,0,0.0079038832,0.0287022293,0.0153845847,0.0522924662,0.0318122506
train:0492,0,2.5287578106,2.5096356869,2.4963180423,2.5805590153,2.5600787997
train:0493,0,-0.2365689427,-0.2110734880,-0.2243911326,-0.2174210548,-0.2379012704
train:0494,0,1.0631611347,1.2022262812,1.1889086366,1.1359090805,1.1154288650
train:0495,0,-0.5445972681,-0.5343571901,-0.5476748347,-0.5461337566,-0.5666139722
train:0496,0,1.7104027271,1.6992654800,1.6859478354,1.7240440845,1.7035638690
train:0497,0,-0.5607863665,-0.5472311974,-0.5605488420,-0.5683799982,-0.5888602138
train:0498,0,0.9415079951,0.9526641369,0.9393464923,0.9754646420,0.9549844265
train:0499,0,-0.8536474109,-0.7928210497,-0.8061386943,-0.8919829726,-0.9124631882
train:0500,0,0.7126648426,0.7178380489,0.7045204043,0.7344027162,0.7139225006
train:0503,0,0.7249711156,0.7171838284,0.7038661838,0.7716575265,0.7511773109
train:0504,0,0.6207185984,0.5964776278,0.5831599832,0.6918880939,0.6714078784
train:0505,0,-2.3850901127,-2.3381614685,-2.3514791131,-2.3692243099,-2.3897045255
train:0506,0,-3.5280256271,-3.5211050510,-3.5344226956,-3.5108056068,-3.5312858224
train:0510,0,1.1752450466,1.1512510777,1.1379334331,1.2011437416,1.1806635261
train:0511,0,-0.8127289414,-0.7762762308,-0.7895938754,-0.8381523490,-0.8586325645
train:0512,0,1.3275371790,1.4075374603,1.3942198157,1.2891213894,1.2686411738
train:0513,0,0.0646546856,0.0618538186,0.0485361740,0.0800665170,0.0595863014
train:0514,0,-4.9505786896,-4.8863830566,-4.8997007012,-4.8978691101,-4.9183493257
train:0515,0,-0.6241821647,-0.6011698246,-0.6144874692,-0.6427730322,-0.6632532477
train:0516,0,0.2914049029,0.3090667129,0.2957490683,0.3654331565,0.3449529409
train:0517,0,-0.2931376100,-0.2360175550,-0.2493351996,-0.2499473095,-0.2704275250
train:0518,0,-0.5148236156,-0.4702095687,-0.4835272133,-0.5118033886,-0.5322836041
train:0519,0,-0.5163769722,-0.4323814809,-0.4456991255,-0.6144298315,-0.6349100471
train:0520,0,-2.6715042591,-2.6388676167,-2.6521852612,-2.6658234596,-2.6863036752
train:0521,0,1.5322327614,1.5320956707,1.5187780261,1.5337700844,1.5132898688
train:0522,0,0.8844653964,0.9782426357,0.9649249911,0.8783426881,0.8578624725
train:0524,0,0.6878122091,0.7580515146,0.7447338700,0.7428432107,0.7223629951
train:0525,-1,-2.6924335957,-2.7454025745,-2.7587202191,-2.6751947403,-2.6956749558
train:0526,0,1.3025237322,1.3232760429,1.3099583983,1.2964859009,1.2760056853
train:0527,0,0.2246077657,0.2338358760,0.2205182314,0.2793467045,0.2588664889
train:0528,0,-1.5887962580,-1.5714675188,-1.5847851634,-1.5373008251,-1.5577810407
train:0529,0,1.0552458763,1.0727825165,1.0594648719,1.1048581600,1.0843779445
train:0532,0,0.8799105883,0.8351176977,0.8218000531,0.8962844014,0.8758041859
train:0534,0,1.0353051424,1.2246822119,1.2113645673,1.0310628414,1.0105826259
train:0535,0,3.1452507973,3.1945936680,3.1812760234,3.1605525017,3.1400722861
train:0538,0,0.6620503664,0.6733077765,0.6599901319,0.7186464667,0.6981662512
train:0539,-2,-5.3101673126,-5.2216739655,-5.2349916101,-5.1200699806,-5.1405501962
train:0541,0,-1.5655512810,-1.5608111620,-1.5741288066,-1.4975044727,-1.5179846883
train:0542,0,-1.8859348297,-1.8538525105,-1.8671701550,-1.8140270710,-1.8345072865
train:0543,0,0.4575669467,0.4192284346,0.4059107900,0.4964135289,0.4759333134
train:0545,-1,-2.7241113186,-2.6732270718,-2.6865447164,-2.6842775345,-2.7047577500
train:0546,0,-2.1430463791,-2.0439660549,-2.0572836995,-2.1098122597,-2.1302924752
train:0547,0,1.0562434196,1.0647876263,1.0514699817,1.0254051685,1.0049249530
train:0549,0,-0.5023167133,-0.4624000490,-0.4757176936,-0.5065459609,-0.5270261765
train:0550,0,0.7921770215,0.7879213095,0.7746036649,0.8043282628,0.7838480473
train:0553,0,0.5191957951,0.5209063292,0.5075886846,0.6042778492,0.5837976336
train:0554,0,-0.5338420868,-0.5505419970,-0.5638596416,-0.5026646852,-0.5231449008
train:0555,0,1.2998409271,1.3005180359,1.2872003913,1.3161826134,1.2957023978
train:0556,0,0.9105582833,0.8896349669,0.8763173223,0.9307993650,0.9103191495
train:0557,0,0.8053658009,0.7917726040,0.7784549594,0.8253890872,0.8049088717
train:0558,0,0.5219287276,0.5187536478,0.5054360032,0.5707203150,0.5502400994
train:0559,0,-2.4503078461,-2.3804957867,-2.3938134313,-2.4202029705,-2.4406831861
train:0560,0,0.1995451748,0.2231893539,0.2098717093,0.2301761210,0.2096959054
train:0561,0,1.5131642818,1.5274302959,1.5141126513,1.5496003628,1.5291201472
train:0563,0,0.0605780371,0.1428363025,0.1295186579,0.1657609046,0.1452806890
train:0564,0,3.3203432560,3.2870788574,3.2737612128,3.2515234947,3.2310432792
train:0565,0,1.1123198271,1.1898019314,1.1764842868,1.1197185516,1.0992383361
train:0566,0,-0.3334917724,-0.2823120952,-0.2956297398,-0.3518092632,-0.3722894788
train:0568,0,2.0500359535,2.0930421352,2.0797244906,2.1004736423,2.0799934268
train:0569,0,-2.6021196842,-2.5803499222,-2.5936675668,-2.5446083546,-2.5650885701
train:0570,0,2.2846240997,2.2147152424,2.2013975978,2.3158352375,2.2953550220
train:0571,0,2.2543194294,2.2411925793,2.2278749347,2.2750351429,2.2545549273
train:0573,0,-0.4610941410,-0.3346347511,-0.3479523957,-0.4214590192,-0.4419392347
train:0574,0,0.5390080214,0.5599449873,0.5466273427,0.5510153770,0.5305351615
train:0575,0,1.2258963585,1.1965918541,1.1832742095,1.2374024391,1.2169222236
train:0576,0,0.0101508070,-0.0100598484,-0.0233774930,0.0257418752,0.0052616596
train:0577,0,0.4080593288,0.4042106569,0.3908930123,0.4363117814,0.4158315659
train:0578,0,2.5099985600,2.4816081524,2.4682905078,2.5082631111,2.4877828956
train:0580,0,0.7568873763,0.8328884840,0.8195708394,0.8124930859,0.7920128703
train:0581,0,0.3166350126,0.2612935007,0.2479758561,0.3314738274,0.3109936118
train:0582,0,0.1145541668,0.0765807927,0.0632631481,0.0871099234,0.0666297078
train:0583,0,2.5783867836,2.5816128254,2.5682951808,2.5347449780,2.5142647624
train:0584,0,2.7010285854,2.6306164265,2.6172987819,2.6743295193,2.6538493037
train:0585,0,0.8186984062,0.8530998230,0.8397821784,0.8835491538,0.8630689383
train:0586,0,0.6551386118,0.6651302576,0.6518126130,0.7243383527,0.7038581371
train:0587,0,-3.0976138115,-3.0341715813,-3.0474892259,-3.0873923302,-3.1078725457
train:0588,0,1.8063428402,1.7635771036,1.7502594590,1.8033330441,1.7828528285
train:0589,0,1.4628800154,1.4923405647,1.4790229201,1.4859333038,1.4654530883
train:0590,0,0.2057993710,0.2277105153,0.2143928707,0.1912403107,0.1707600951
train:0594,0,0.6888063550,0.7128249407,0.6995072961,0.7285476327,0.7080674171
train:0595,0,2.4579100609,2.5058395863,2.4925219417,2.5150890350,2.4946088195
train:0596,0,0.9378854632,0.9073743820,0.8940567374,1.0151923895,0.9947121739
train:0597,0,0.7007067204,0.7045981884,0.6912805438,0.7697860599,0.7493058443
train:0598,0,0.1708593369,0.1567814052,0.1434637606,0.1829200387,0.1624398232
train:0599,-1,-6.9662928581,-6.9434857368,-6.9568033814,-7.0180411339,-7.0385213494
train:0601,0,0.4099464715,0.4603450596,0.4470274150,0.4401447773,0.4196645617
train:0602,0,1.9407203197,1.8844466209,1.8711289763,1.9398195744,1.9193393588
train:0603,0,-1.6977458000,-1.6510443687,-1.6643620133,-1.7441008091,-1.7645810246
train:0604,0,1.3701128960,1.3873959780,1.3740783334,1.3494746685,1.3289944530
train:0605,0,2.2225675583,2.1655962467,2.1522786021,2.2120633125,2.1915830970
train:0606,0,1.0613659620,1.1469360590,1.1336184144,1.0510940552,1.0306138396
train:0607,0,-0.4565537274,-0.4018307328,-0.4151483774,-0.4101362228,-0.4306164384
train:0608,0,-1.1245077848,-1.1309303045,-1.1442479491,-1.1318452358,-1.1523254514
train:0609,0,1.5045822859,1.5134778023,1.5001601577,1.5724070072,1.5519267917
train:0610,0,0.3154709637,0.3650802970,0.3517626524,0.3070918918,0.2866116762
train:0611,0,0.8619291186,0.8732063770,0.8598887324,0.8506237864,0.8301435709
train:0612,0,1.1524449587,1.1403074265,1.1269897819,1.1358726025,1.1153923869
train:0613,0,2.4463245869,2.4557528496,2.4424352050,2.4873871803,2.4669069648
train:0614,0,0.4330142736,0.4428804219,0.4295627773,0.4513728619,0.4308926463
train:0615,0,-0.7367153168,-0.6636984348,-0.6770160794,-0.6970877051,-0.7175679207
train:0616,0,1.0693897009,0.9982625246,0.9849448800,1.1108016968,1.0903214812
train:0617,-2,-5.4296574593,-5.5142264366,-5.5275440812,-5.3067317009,-5.3272119164
train:0618,0,0.0449554399,0.0543021634,0.0409845188,0.0645868480,0.0441066325
train:0619,0,1.9189435244,1.9405186176,1.9272009730,2.0028374195,1.9823572040
train:0620,0,-2.5193610191,-2.3936531544,-2.4069707990,-2.5620384216,-2.5825186372
train:0621,0,1.3183509111,1.3155456781,1.3022280335,1.3460345268,1.3255543113
train:0622,0,0.3568339944,0.3551631272,0.3418454826,0.2628305554,0.2423503399
train:0623,0,-1.1579754353,-1.1485515833,-1.1618692279,-1.2358140945,-1.2562943101
train:0625,0,-0.3056279719,-0.3311028481,-0.3444204926,-0.3160966635,-0.3365768790
train:0627,0,0.2574448287,0.2578768134,0.2445591688,0.3383739591,0.3178937435
train:0628,0,0.0303040612,0.0499709398,0.0366532952,0.0615523010,0.0410720855
train:0629,0,0.7862346768,0.7899141312,0.7765964866,0.8100675941,0.7895873785
train:0630,0,0.9484611154,1.0587630272,1.0454453826,1.0674353838,1.0469551682
train:0632,0,-3.8348238468,-3.8263816833,-3.8396993279,-3.8636279106,-3.8841081262
train:0634,0,2.5598578453,2.5866482258,2.5733305812,2.5274233818,2.5069431663
train:0635,0,0.5983617306,0.6085919142,0.5952742696,0.6399992108,0.6195189953
train:0636,0,-4.1572599411,-4.0938014984,-4.1071191430,-4.1425228119,-4.1630030274
train:0637,0,0.8114252687,0.8215535879,0.8082359433,0.8134126067,0.7929323912
train:0638,0,-0.7338404059,-0.6987659931,-0.7120836377,-0.8193870187,-0.8398672342
train:0640,0,0.2449829131,0.2377922684,0.2244746238,0.3241883516,0.3037081361
train:0641,0,0.9838123322,1.0043114424,0.9909937978,1.0388498306,1.0183696151
train:0642,0,2.2999498844,2.2623183727,2.2490007281,2.3690040112,2.3485237956
train:0644,0,2.1520533562,2.1912772655,2.1779596210,2.1179299355,2.0974497199
train:0645,0,2.6525418758,2.6370089054,2.6236912608,2.6817588806,2.6612786651
train:0647,0,0.9111654758,0.9818719625,0.9685543180,0.9676980376,0.9472178221
train:0649,0,1.5294730663,1.4753830433,1.4620653987,1.5361380577,1.5156578422
train:0650,0,2.1955184937,2.0984108448,2.0850932002,2.1910207272,2.1705405116
train:0651,0,1.1899725199,1.2248985767,1.2115809321,1.2370316982,1.2165514827
train:0653,0,0.0849979222,0.1474659443,0.1341482997,0.0422788858,0.0217986703
train:0654,0,-0.6027226448,-0.5905179977,-0.6038356423,-0.6376733184,-0.6581535339
train:0655,0,-0.0785441920,-0.0083461404,-0.0216637850,-0.0558666587,-0.0763468742
train:0657,0,-1.4754861593,-1.4314556122,-1.4447732568,-1.4355368614,-1.4560170770
train:0658,0,0.9802044034,0.9770233631,0.9637057185,0.9701394439,0.9496592283
train:0660,0,0.5122479200,0.5105244517,0.4972068071,0.5307309628,0.5102507472
train:0661,0,-2.4476606846,-2.3688089848,-2.3821266294,-2.4271860123,-2.4476662278
train:0662,0,2.3674876690,2.4335677624,2.4202501178,2.3733851910,2.3529049754
train:0663,0,-0.7764922380,-0.6555510759,-0.6688687205,-0.6254298687,-0.6459100842
train:0664,0,-0.7497556806,-0.8024280071,-0.8157456517,-0.8200178742,-0.8404980898
train:0666,0,-2.3034675121,-2.2404253483,-2.2537429929,-2.2637176514,-2.2841978669
train:0667,0,1.9408668280,1.9432693720,1.9299517274,1.9679148197,1.9474346042
train:0668,0,0.6217606068,0.6988896132,0.6855719686,0.6480001807,0.6275199652
train:0670,0,1.6961385012,1.6507408619,1.6374232173,1.7484107018,1.7279304862
train:0671,0,-0.7982863188,-0.7415859699,-0.7549036145,-0.8117099404,-0.8321901560
train:0673,0,1.0430833101,1.0809506178,1.0676329732,1.1071658134,1.0866855979
train:0675,0,2.2823491096,2.2919361591,2.2786185145,2.2912507057,2.2707704902
train:0676,0,0.6741936803,0.7638231516,0.7505055070,0.7369579077,0.7164776921
train:0677,0,1.8426977396,1.8477818966,1.8344642520,1.8857197762,1.8652395606
train:0678,-1,-1.8340172768,-1.9063882828,-1.9197059274,-1.8757545948,-1.8962348104
train:0680,0,1.3646868467,1.3163914680,1.3030738235,1.4175267220,1.3970465064
train:0681,0,-1.2956990004,-1.2341862917,-1.2475039363,-1.2718436718,-1.2923238873
train:0682,0,0.7416514158,0.7640891075,0.7507714629,0.7199977040,0.6995174885
train:0683,0,0.2298334390,0.2498833835,0.2365657389,0.2494939864,0.2290137708
train:0685,0,1.4698375463,1.4193147421,1.4059970975,1.4510502815,1.4305700660
train:0687,0,0.6893700361,0.6409729719,0.6276553273,0.7068479657,0.6863677502
train:0688,0,1.0625208616,1.0935701132,1.0802524686,1.1991271973,1.1786469817
train:0689,0,0.3548411727,0.3478495777,0.3345319331,0.3367378712,0.3162576556
train:0690,0,1.9413719177,1.8989101648,1.8855925202,1.9632260799,1.9427458644
train:0691,0,1.5845326185,1.5406229496,1.5273053050,1.5874259472,1.5669457316
train:0692,0,-0.7087153196,-0.7041196823,-0.7174373269,-0.6937597394,-0.7142399549
train:0693,0,0.8193347454,0.8384337425,0.8251160979,0.8534831405,0.8330029249
train:0694,0,1.7974232435,1.7692734003,1.7559557557,1.7533290386,1.7328488231
train:0695,0,-0.0257175881,-0.0318987370,-0.0452163815,-0.0173395500,-0.0378197655
train:0696,0,-2.4460589886,-2.4016249180,-2.4149425626,-2.3822417259,-2.4027219415
train:0697,0,-2.3948330879,-2.3618035316,-2.3751211762,-2.4196162224,-2.4400964379
train:0698,0,-3.3162164688,-3.3029766083,-3.3162942529,-3.3919534683,-3.4124336839
train:0699,0,-0.8706837893,-0.8640608788,-0.8773785233,-0.9168757796,-0.9373559952
train:0702,0,-1.3737360239,-1.3053365946,-1.3186542392,-1.3553168774,-1.3757970929
train:0704,0,-2.8920624256,-2.8135690689,-2.8268867135,-2.8786294460,-2.8991096616
train:0706,0,-1.0835527182,-1.1105979681,-1.1239156127,-1.1005189419,-1.1209991574
train:0707,0,-1.3519891500,-1.3051428795,-1.3184605241,-1.3177413940,-1.3382216096
train:0708,0,0.6826682687,0.7424157858,0.7290981412,0.7223664522,0.7018862367
train:0709,0,2.4130353928,2.4240643978,2.4107467532,2.4100418091,2.3895615935
train:0710,0,-0.7953030467,-0.7935882807,-0.8069059253,-0.7507306933,-0.7712109089
train:0711,0,-2.2350957394,-2.1820931435,-2.1954107881,-2.1827201843,-2.2032003999
train:0713,0,0.6412029862,0.6337326765,0.6204150319,0.6325336695,0.6120534539
train:0714,0,1.6804651022,1.6675920486,1.6542744040,1.6764974594,1.6560172439
train:0715,0,-2.8263797760,-2.7689192295,-2.7822368741,-2.8376336098,-2.8581138253
train:0716,0,-0.3528722823,-0.3598147929,-0.3731324375,-0.3536533117,-0.3741335273
train:0717,0,-4.2472786903,-4.2858624458,-4.2991800904,-4.2956914902,-4.3161717057
train:0720,0,1.5174443722,1.5286332369,1.5153155923,1.5238585472,1.5033783317
train:0722,0,-0.8979630470,-0.9301024675,-0.9434201121,-0.8729908466,-0.8934710622
train:0723,0,1.0882760286,1.1177262068,1.1044085622,1.0833816528,1.0629014373
train:0724,0,-2.6552734375,-2.5290412903,-2.5423589349,-2.6169934273,-2.6374736428
train:0726,0,1.8395352364,1.8267924786,1.8134748340,1.8354592323,1.8149790168
train:0727,0,2.5290520191,2.5157291889,2.5024115443,2.5528769493,2.5323967338
train:0728,0,1.1906572580,1.4169141054,1.4035964608,1.1915125847,1.1710323691
train:0730,0,0.7883865833,0.8295370340,0.8162193894,0.8455453515,0.8250651360
train:0731,0,0.0469104797,0.0562575907,0.0429399461,0.1425875574,0.1221073419
train:0732,0,0.2786359787,0.3314649463,0.3181473017,0.3574511409,0.3369709253
train:0733,0,0.6991358995,0.7305077314,0.7171900868,0.7722722888,0.7517920732
train:0735,0,0.3766816854,0.4309852123,0.4176675677,0.4717988968,0.4513186812
train:0736,0,0.7885721922,0.7738369703,0.7605193257,0.7945454717,0.7740652561
train:0737,0,2.1676387787,2.1481854916,2.1348678470,2.2434377670,2.2229575515
train:0738,-1,-1.3773133755,-1.7228513956,-1.7361690402,-1.6655552387,-1.6860354543
train:0739,0,1.4914950132,1.5245664120,1.5112487674,1.5082764626,1.4877962470
train:0740,0,-2.4264822006,-2.3422658443,-2.3555834889,-2.3766710758,-2.3971512914
train:0741,0,-4.6006464958,-4.5453886986,-4.5587063432,-4.5805830956,-4.6010633111
train:0742,0,1.0951399803,1.0491514206,1.0358337760,1.0996417999,1.0791615844
train:0743,0,-3.0195975304,-2.9960572720,-3.0093749166,-2.9403383732,-2.9608185887
train:0744,0,1.6425957680,1.5859769583,1.5726593137,1.6312973499,1.6108171344
train:0745,0,1.5457332134,1.5496498346,1.5363321900,1.5815892220,1.5611090064
train:0748,0,-1.3483114243,-1.3700735569,-1.3833912015,-1.3976156712,-1.4180958867
train:0749,0,0.4584609568,0.5240218639,0.5107042193,0.4710423648,0.4505621493
train:0750,0,1.4274357557,1.3877667189,1.3744490743,1.3974275589,1.3769473433
train:0751,0,1.8092008829,1.8297073841,1.8163897395,1.8047735691,1.7842933536
train:0753,0,2.7711308002,2.6958103180,2.6824926734,2.6976122856,2.6771320701
train:0755,-2,-7.4299449921,-7.6680874825,-7.6814051270,-7.5655679703,-7.5860481858
train:0756,0,1.3191708326,1.3323357105,1.3190180659,1.3396155834,1.3191353679
train:0757,0,2.9063315392,2.9490396976,2.9357220531,2.9755656719,2.9550854564
train:0758,0,1.4273709059,1.4979193211,1.4846016765,1.4475595951,1.4270793796
train:0759,0,-0.5732092261,-0.5603564978,-0.5736741424,-0.5467266440,-0.5672068596
train:0761,0,2.8782429695,2.9667406082,2.9534229636,2.8721859455,2.8517057300
train:0762,0,0.7498996258,0.8067139387,0.7933962941,0.7689538598,0.7484736443
train:0763,-1,-6.4180521965,-6.3316073418,-6.3449249864,-6.3707132339,-6.3911934495
train:0765,0,1.1201325655,1.1255798340,1.1122621894,1.1712968349,1.1508166194
train:0766,0,-2.1313369274,-2.1293115616,-2.1426292062,-2.1601939201,-2.1806741357
train:0768,0,-0.4689534307,-0.4743797481,-0.4876973927,-0.4639294744,-0.4844096899
train:0772,0,-0.1193176508,-0.0613873899,-0.0747050345,-0.1061052084,-0.1265854239
train:0773,0,2.3347122669,2.3384950161,2.3251773715,2.3344616890,2.3139814734
train:0775,0,-2.0111074448,-1.9550943375,-1.9684119821,-2.0581538677,-2.0786340833
train:0776,0,1.4554204941,1.4676736593,1.4543560147,1.5211253166,1.5006451011
train:0777,0,1.1347053051,1.0965712070,1.0832535625,1.1034328938,1.0829526782
train:0778,0,-0.4233793020,-0.3609161079,-0.3742337525,-0.3813520968,-0.4018323123
train:0779,0,1.3799930811,1.4400188923,1.4267012477,1.4248206615,1.4043404460
train:0780,0,0.9246990681,0.8531548977,0.8398372531,0.8549569249,0.8344767094
train:0781,-1,-7.4676198959,-7.3609929085,-7.3743105531,-7.4365735054,-7.4570537210
train:0782,0,1.2297101021,1.1956009865,1.1822833419,1.2156033516,1.1951231360
train:0783,0,1.6281778812,1.6532907486,1.6399731040,1.6092128754,1.5887326598
train:0784,0,3.3161239624,3.3619749546,3.3486573100,3.3217391968,3.3012589812
train:0785,0,-3.1070334911,-3.1595091820,-3.1728268266,-3.1242341995,-3.1447144151
train:0786,0,-1.9731951952,-1.9830768108,-1.9963944554,-1.9540112019,-1.9744914174
train:0787,0,0.3756733239,0.3596512675,0.3463336229,0.4016926289,0.3812124133
train:0788,0,-2.4288928509,-2.3892686367,-2.4025862813,-2.4229979515,-2.4434781671
train:0790,0,1.3889036179,1.4352571964,1.4219395518,1.3931667805,1.3726865649
train:0791,0,2.2489852905,2.2951362133,2.2818185687,2.2430479527,2.2225677371
train:0792,0,0.7436556816,0.7484244108,0.7351067662,0.7171284556,0.6966482401
train:0795,0,1.3202958107,1.3867902756,1.3734726310,1.3132438660,1.2927636504
train:0797,0,1.7208967209,1.7501405478,1.7368229032,1.7356090546,1.7151288390
train:0799,0,2.3502118587,2.3827660084,2.3694483638,2.4105222225,2.3900420070
train:0800,0,0.7872215509,0.7979688644,0.7846512198,0.8562018871,0.8357216716
train:0801,0,-0.8533352017,-0.8488525152,-0.8621701598,-0.8301571012,-0.8506373167
train:0803,0,2.3685164452,2.3446748257,2.3313571811,2.4184126854,2.3979324698
train:0805,0,2.5132253170,2.5418033600,2.5284857154,2.4480824471,2.4276022315
train:0807,0,-0.4347062111,-0.3948360085,-0.4081536531,-0.3961006403,-0.4165808558
train:0809,0,1.4150366783,1.4874567986,1.4741391540,1.4427139759,1.4222337604
train:0810,0,0.2444142252,0.2366377115,0.2233200669,0.2333620787,0.2128818631
train:0811,0,3.1646695137,3.1797144413,3.1663967967,3.1200027466,3.0995225310
train:0812,0,-0.3075533211,-0.2997212112,-0.3130388558,-0.3197074831,-0.3401876986
train:0813,0,-1.0704627037,-1.0470427275,-1.0603603721,-1.0353934765,-1.0558736920
train:0815,0,-2.2234976292,-2.2140135765,-2.2273312211,-2.2545466423,-2.2750268579
train:0816,0,-1.8384708166,-1.8074300289,-1.8207476735,-1.9012305737,-1.9217107892
train:0817,0,0.8561628461,0.7460836172,0.7327659726,0.8935014606,0.8730212450
train:0818,0,1.2181546688,1.1720949411,1.1587772965,1.2306926250,1.2102124095
train:0819,0,1.0302921534,1.2920492887,1.2787316442,1.1951565742,1.1746763587
train:0820,0,0.6240801215,0.6150020361,0.6016843915,0.6353065372,0.6148263216
train:0821,0,1.0394484997,1.0642594099,1.0509417653,1.0267925262,1.0063123107
train:0823,0,2.6503725052,2.6241054535,2.6107878089,2.5963954926,2.5759152770
train:0824,0,2.0410423279,2.0817518234,2.0684341788,2.0830357075,2.0625554919
train:0825,0,1.7590703964,1.8180321455,1.8047145009,1.8279740810,1.8074938655
train:0826,0,0.2642276883,0.3556085527,0.3422909081,0.2523233891,0.2318431735
train:0827,0,-1.0203915834,-1.0248771906,-1.0381948352,-1.0450143814,-1.0654945970
train:0829,0,0.3653749228,0.4624693096,0.4491516650,0.5203703046,0.4998900890
train:0831,0,-2.4412670135,-2.3535416126,-2.3668592572,-2.3871777058,-2.4076579213
train:0832,0,-1.5575499535,-1.5637453794,-1.5770630240,-1.5631117821,-1.5835919976
train:0833,0,2.4409608841,2.4291870594,2.4158694148,2.4458405972,2.4253603816
train:0834,0,0.1049599200,0.1144182235,0.1011005789,0.0688216835,0.0483414680
train:0835,0,0.5722520947,0.5525861979,0.5392685533,0.5865198374,0.5660396218
train:0836,0,1.3303653002,1.3624224663,1.3491048217,1.3825314045,1.3620511889
train:0837,0,-2.6751620770,-2.6024816036,-2.6157992482,-2.5962259769,-2.6167061925
train:0838,0,1.2962286472,1.3657351732,1.3524175286,1.3802013397,1.3597211242
train:0839,0,1.0420560837,1.0596582890,1.0463406444,1.0524289608,1.0319487453
train:0840,0,-0.4025236368,-0.4184304774,-0.4317481220,-0.3489342928,-0.3694145083
train:0841,0,1.9170650244,1.9632766247,1.9499589801,1.9495270252,1.9290468097
train:0842,0,0.9526478052,0.9687638283,0.9554461837,0.9566858411,0.9362056255
train:0844,0,1.6583197117,1.6824294329,1.6691117883,1.6777451038,1.6572648883
train:0845,0,-1.9511982203,-1.8887528181,-1.9020704627,-1.9469730854,-1.9674533010
train:0846,0,-0.0416203029,-0.0596807152,-0.0729983598,-0.0130734444,-0.0335536599
train:0847,0,-3.4310963154,-3.4200129509,-3.4333305955,-3.4240002632,-3.4444804788
train:0848,0,2.3647210598,2.4208605289,2.4075428843,2.3662099838,2.3457297683
train:0849,0,-7.7421698570,-7.7704539299,-7.7837715745,-7.7914791107,-7.8119593263
train:0850,0,1.6353702545,1.6482470036,1.6349293590,1.6130938530,1.5926136374
train:0851,0,0.1391635835,0.1668829024,0.1535652578,0.1712774634,0.1507972479
train:0852,0,1.0272636414,1.0614849329,1.0481672883,1.0185528994,0.9980726838
train:0853,0,2.8779139519,2.8873293400,2.8740116954,2.8940658569,2.8735856414
train:0854,0,0.1602964401,0.3517467976,0.3384291530,0.2978805304,0.2774003148
train:0855,0,-4.7547373772,-4.7822527885,-4.7955704331,-4.7110338211,-4.7315140367
train:0857,0,0.0855757445,0.1324550211,0.1191373765,0.1654298306,0.1449496150
train:0859,0,2.1890814304,2.1456387043,2.1323210597,2.1679368019,2.1474565864
train:0860,0,-0.7588829994,-0.7301155329,-0.7434331775,-0.7187952399,-0.7392754555
train:0861,0,1.8960973024,1.9290144444,1.9156967998,1.9080660343,1.8875858188
train:0863,0,0.2044204026,0.1835142225,0.1701965779,0.2774455845,0.2569653690
train:0864,0,0.4217615128,0.6075928211,0.5942751765,0.4778641164,0.4573839009
train:0865,0,1.4056142569,1.4663962126,1.4530785680,1.3958506584,1.3753704429
train:0866,0,-0.7209932208,-0.6790850163,-0.6924026608,-0.7026395798,-0.7231197953
train:0867,0,2.0490534306,2.0150325298,2.0017148852,2.0864846706,2.0660044551
train:0868,0,2.7252800465,2.6911745071,2.6778568625,2.7160334587,2.6955532432
train:0869,0,-0.9245243073,-0.8513344526,-0.8646520972,-0.8978418708,-0.9183220863
train:0870,-1,-2.6435527802,-2.7143647671,-2.7276824117,-2.5770959854,-2.5975762010
train:0871,0,0.4372230172,0.4643768072,0.4510591626,0.4985631406,0.4780829251
train:0874,0,-2.6982865334,-2.5944216251,-2.6077392697,-2.7453508377,-2.7658310533
train:0876,0,-2.0563898087,-1.9557862282,-1.9691038728,-1.9966537952,-2.0171340108
train:0877,0,-4.2323098183,-4.2306027412,-4.2439203858,-4.1612491608,-4.1817293763
train:0878,0,0.5647396445,0.6243656874,0.6110480428,0.5618013144,0.5413210988
train:0879,0,-0.4286625981,-0.3650344908,-0.3783521354,-0.4209390879,-0.4414193034
train:0880,0,1.3351616859,1.3651300669,1.3518124223,1.3550586700,1.3345784545
train:0881,0,0.6076390743,0.6845045090,0.6711868644,0.6869862676,0.6665060520
train:0882,0,2.2344462872,2.2344055176,2.2210878730,2.2316493988,2.2111691833
train:0883,0,1.5222374201,1.5086855888,1.4953679442,1.5135717392,1.4930915236
train:0884,0,2.2085397243,2.2367918491,2.2234742045,2.2732043266,2.2527241111
train:0886,0,0.6037197113,0.6681128740,0.6547952294,0.5901194215,0.5696392059
train:0887,0,-0.5477777123,-0.5297311544,-0.5430487990,-0.5165340900,-0.5370143056
train:0888,0,0.9408972263,0.9826631546,0.9693455100,0.9788706899,0.9583904743
train:0889,0,-3.8326127529,-3.7020018101,-3.7153194547,-3.8081982136,-3.8286784291
train:0890,0,0.3012225330,0.3144712150,0.3011535704,0.3381554484,0.3176752329
train:0892,0,-0.2913135588,-0.2649454176,-0.2782630622,-0.2738570273,-0.2943372428
train:0894,0,0.9322587848,0.8739730120,0.8606553674,0.9200487137,0.8995684981
train:0895,0,-1.2224709988,-1.1734180450,-1.1867356896,-1.1804692745,-1.2009494901
train:0896,0,0.9820955992,1.0226887465,1.0093711019,1.0232282877,1.0027480721
train:0897,0,-0.9036579728,-0.8560899496,-0.8694075942,-0.8388836384,-0.8593638539
train:0898,0,0.0167686716,0.0596451387,0.0463274941,0.0399059802,0.0194257647
train:0899,0,-0.3053595126,-0.2966594398,-0.3099770844,-0.3322861791,-0.3527663946
train:0900,0,1.4976969957,1.5185801983,1.5052625537,1.5246565342,1.5041763186
train:0901,0,-1.6323381662,-1.6632333994,-1.6765510440,-1.6158149242,-1.6362951398
train:0902,-2,-6.5757350922,-6.7314391136,-6.7447567582,-6.7226791382,-6.7431593537
train:0903,0,-1.5975703001,-1.5676679611,-1.5809856057,-1.5692839622,-1.5897641778
train:0904,0,0.6362462044,0.6270465851,0.6137289405,0.6112965345,0.5908163190
train:0906,0,1.5045298338,1.4171326160,1.4038149714,1.4601941109,1.4397138953
train:0907,0,-2.5032906532,-2.5017061234,-2.5150237679,-2.5282757282,-2.5487559438
train:0908,0,-4.6053338051,-4.5386290550,-4.5519466996,-4.6226267815,-4.6431069970
train:0910,0,2.3511593342,2.4182527065,2.4049350619,2.4222073555,2.4017271399
train:0911,0,0.8536273837,0.8787654638,0.8654478192,0.8809901476,0.8605099320
train:0912,0,-0.6154648662,-0.6289544106,-0.6422720551,-0.6741948128,-0.6946750283
train:0913,0,-2.6779742241,-2.6989147663,-2.7122324109,-2.7230215073,-2.7435017228
train:0915,0,-0.3724088371,-0.4296310246,-0.4429486692,-0.3421612382,-0.3626414537
train:0917,0,0.9445989728,0.9391623735,0.9258447289,0.9994212985,0.9789410830
train:0918,0,-5.1519613266,-4.9862256050,-4.9995432496,-5.1544442177,-5.1749244332
train:0920,0,0.6195030808,0.6467319727,0.6334143281,0.6762046218,0.6557244062
train:0921,0,1.5576745272,1.5193729401,1.5060552955,1.6060538292,1.5855736136
train:0922,0,-1.1291612387,-1.1729466915,-1.1862643361,-1.1187498569,-1.1392300725
train:0924,0,1.0132534504,0.9965672493,0.9832496047,0.9431076646,0.9226274490
train:0925,0,-2.9078030586,-2.8650979996,-2.8784156442,-2.8362011909,-2.8566814065
train:0926,0,-1.4374582767,-1.4070510864,-1.4203687310,-1.4284586906,-1.4489389062
train:0927,0,-1.1234879494,-1.1585586071,-1.1718762517,-1.1697711945,-1.1902514100
train:0929,0,0.1376071870,0.1243109256,0.1109932810,0.1421022117,0.1216219962
train:0930,0,0.8086379766,0.8446245193,0.8313068748,0.8076270819,0.7871468663
train:0931,0,1.0125093460,1.0130126476,0.9996950030,1.0916550159,1.0711748004
train:0932,0,-0.6387401819,-0.5571804047,-0.5704980493,-0.4495158792,-0.4699960947
train:0933,0,2.2914814949,2.2855880260,2.2722703815,2.3325934410,2.3121132255
train:0935,0,0.1635134965,0.1937730014,0.1804553568,0.1826833934,0.1622031778
train:0937,0,1.2347468138,1.2440451384,1.2307274938,1.2002611160,1.1797809005
train:0938,0,0.5038853288,0.4946152270,0.4812975824,0.5477554202,0.5272752047
train:0941,-1,-3.7862560749,-3.7897109985,-3.8030286431,-3.8216531277,-3.8421333432
train:0943,0,-2.9645924568,-2.9848268032,-2.9981444478,-2.9961247444,-3.0166049600
train:0944,-1,-5.2443971634,-5.2626438141,-5.2759614587,-5.1673288345,-5.1878090501
train:0945,0,2.3407473564,2.2781426907,2.2648250461,2.3170950413,2.2966148257
train:0947,0,0.1761827767,0.2542872727,0.2409696281,0.3111013472,0.2906211317
train:0948,0,-0.9207056165,-0.8907276392,-0.9040452838,-0.8343253136,-0.8548055291
train:0949,0,0.8377941847,0.8695929050,0.8562752604,0.8664167523,0.8459365368
train:0950,0,1.0977065563,1.0695869923,1.0562693477,1.1183490753,1.0978688598
train:0951,0,-0.9719823599,-0.9681684971,-0.9814861417,-0.9350132346,-0.9554934502
train:0953,0,1.8479079008,1.9124844074,1.8991667628,1.8647537231,1.8442735076
train:0955,0,0.2748779655,0.2534480095,0.2401303649,0.3237605691,0.3032803535
train:0956,0,1.0372605324,1.0375300646,1.0242124200,1.0864555836,1.0659753680
train:0958,0,-3.4444162846,-3.3950393200,-3.4083569646,-3.4393744469,-3.4598546624
train:0959,0,-0.0917523578,-0.0665002763,-0.0798179209,-0.0716377646,-0.0921179801
train:0960,0,-1.5272343159,-1.4965677261,-1.5098853707,-1.4815430641,-1.5020232797
train:0961,0,1.8720427752,1.8750069141,1.8616892695,1.9353125095,1.9148322940
train:0962,0,2.3943572044,2.3952651024,2.3819474578,2.4337320328,2.4132518172
train:0963,0,1.3757419586,1.4431262016,1.4298085570,1.3389964104,1.3185161948
train:0964,0,-2.6070837975,-2.5871813297,-2.6004989743,-2.5584342480,-2.5789144635
train:0965,0,0.8175430894,0.8343287706,0.8210111260,0.8483046889,0.8278244734
train:0966,0,1.0340156555,1.0372502804,1.0239326358,1.0816385746,1.0611583591
train:0968,0,-0.5911517143,-0.5702488422,-0.5835664868,-0.6155846715,-0.6360648870
train:0969,0,-0.5068246126,-0.5104236603,-0.5237413049,-0.5498855710,-0.5703657866
train:0971,0,-0.7866234779,-0.7857208252,-0.7990384698,-0.7607476115,-0.7812278271
train:0972,0,-0.9488521218,-0.9469861984,-0.9603038430,-0.9463395476,-0.9668197632
train:0973,0,-1.0661002398,-1.0148085356,-1.0281261802,-1.0382673740,-1.0587475896
train:0974,0,-0.0977998078,-0.1155924499,-0.1289100945,-0.0999935716,-0.1204737872
train:0975,0,-0.1064932495,-0.0869132876,-0.1002309322,-0.0531606078,-0.0736408234
train:0976,0,2.8513784409,2.9478726387,2.9345549941,2.9085478783,2.8880676627
train:0977,0,0.3540913463,0.4018241465,0.3885065019,0.3417834640,0.3213032484
train:0978,0,0.9962974787,1.0455849171,1.0322672725,1.0193049908,0.9988247752
train:0979,0,1.0265835524,1.0450401306,1.0317224860,1.0406346321,1.0201544166
train:0980,0,0.5789289474,0.6277755499,0.6144579053,0.5975537300,0.5770735145
train:0981,0,-1.0475466251,-1.0920405388,-1.1053581834,-1.0207333565,-1.0412135720
train:0982,0,1.2748279572,1.2849640846,1.2716464400,1.2878174782,1.2673372626
train:0983,0,-0.3142805099,-0.4074819684,-0.4207996130,-0.3359534144,-0.3564336300
train:0984,0,1.2478230000,1.2692921162,1.2559744716,1.3050878048,1.2846075892
train:0986,0,1.9175409079,1.9336209297,1.9203032851,1.9343895912,1.9139093757
train:0987,0,0.1624060124,0.1970470548,0.1837294102,0.2273520231,0.2068718076
train:0988,0,-4.4098982811,-4.2940535545,-4.3073711991,-4.3437929153,-4.3642731309
train:0989,0,1.6168372631,1.6635935307,1.6502758861,1.6831998825,1.6627196670
train:0990,0,2.0546844006,2.0483314991,2.0350138545,2.0836114883,2.0631312728
train:0991,0,-0.6679204106,-0.6793321371,-0.6926497817,-0.6438210607,-0.6643012762
train:0992,0,-0.7708372474,-0.7173627615,-0.7306804061,-0.7490034103,-0.7694836259
train:0993,0,0.8875867128,0.8615081310,0.8481904864,0.9063613415,0.8858811259
train:0994,0,0.2769334614,0.2590733767,0.2457557321,0.3335077465,0.3130275309
train:0995,0,-0.7639024258,-0.7547786236,-0.7680962682,-0.7402177453,-0.7606979609
train:0997,0,-1.7486634254,-1.7057168484,-1.7190344930,-1.7887060642,-1.8091862798
train:0999,0,2.9534378052,2.9344227314,2.9211050868,2.9660112858,2.9455310702
train:1000,0,2.4211657047,2.3607146740,2.3473970294,2.3900713921,2.3695911765
train:1001,0,-0.4736558795,-0.3945256174,-0.4078432620,-0.4744439721,-0.4949241877
train:1002,0,1.2739099264,1.2482113838,1.2348937392,1.2081692219,1.1876890063
train:1003,0,0.9326410294,0.9431725740,0.9298549294,0.9900277257,0.9695475101
train:1004,0,0.7114960551,0.7362399101,0.7229222655,0.7528866529,0.7324064374
train:1006,0,1.6644014120,1.6926440001,1.6793263555,1.6972489357,1.6767687201
train:1007,0,2.8433094025,2.7073338032,2.6940161586,2.8072724342,2.7867922187
train:1008,0,2.0611255169,2.2074110508,2.1940934062,2.0995700359,2.0790898204
train:1009,0,-0.1988874227,-0.2225638330,-0.2358814776,-0.1774793863,-0.1979596019
train:1010,0,0.6233583689,0.5722719431,0.5589542985,0.6244947910,0.6040145755
train:1012,0,1.4234831333,1.4454269409,1.4321092963,1.4235522747,1.4030720592
train:1013,0,1.6154712439,1.5967087746,1.5833911300,1.6761660576,1.6556858420
train:1015,0,0.6959632635,0.6716260910,0.6583084464,0.7211903930,0.7007101774
train:1016,0,-0.2077323794,-0.1997314990,-0.2130491436,-0.1813127398,-0.2017929554
train:1017,0,0.2489778697,0.2858924866,0.2725748420,0.2755976021,0.2551173866
train:1018,0,-2.9773769379,-2.8997666836,-2.9130843282,-2.9589273930,-2.9794076085
train:1019,0,1.4481263161,1.3724868298,1.3591691852,1.4206156731,1.4001354575
train:1020,0,-1.2428878546,-1.2193832397,-1.2327008843,-1.2381651402,-1.2586453557
train:1021,0,-4.6468386650,-4.6289143562,-4.6422320008,-4.6681084633,-4.6885886788
train:1022,0,1.7233266830,1.7481565475,1.7348389030,1.7310967445,1.7106165290
train:1023,0,-1.8018674850,-1.7372813225,-1.7505989671,-1.8377242088,-1.8582044244
train:1024,0,0.8758462071,0.8840534687,0.8707358241,0.8831402659,0.8626600504
train:1025,0,-0.0796213672,-0.1382022202,-0.1515198648,-0.0743729323,-0.0948531479
train:1026,0,0.3369625211,0.3123502135,0.2990325689,0.4126980901,0.3922178745
train:1027,0,-1.0451164246,-0.9402250051,-0.9535426497,-1.0277285576,-1.0482087731
train:1028,0,-5.3155465126,-5.2369046211,-5.2502222657,-5.3011131287,-5.3215933442
train:1029,0,-2.4835891724,-2.4769008160,-2.4902184606,-2.4872169495,-2.5076971650
train:1030,0,2.2891821861,2.3389682770,2.3256506324,2.2857146263,2.2652344108
train:1031,0,-0.5163291693,-0.5006011724,-0.5139188170,-0.5421335101,-0.5626137257
train:1033,0,0.4413865507,0.4906888306,0.4773711860,0.4557343721,0.4352541566
train:1034,0,-0.3993427157,-0.3927919567,-0.4061096013,-0.3586318791,-0.3791120946
train:1035,0,-0.0919197872,-0.0854926705,-0.0988103151,-0.0451469421,-0.0656271577
train:1036,0,-0.1481600553,-0.1041288376,-0.1174464822,-0.1187731922,-0.1392534077
train:1037,0,-2.2605803013,-2.2162044048,-2.2295220494,-2.2129006386,-2.2333808541
train:1038,0,2.1511857510,2.1573665142,2.1440488696,2.1014842987,2.0810040832
train:1040,0,0.9980257154,1.0463356972,1.0330180526,1.0945215225,1.0740413070
train:1041,0,1.7406711578,1.7362655401,1.7229478955,1.7419657707,1.7214855552
train:1042,0,1.3375288248,1.2945058346,1.2811881900,1.3504633904,1.3299831748
train:1044,0,-1.5589122772,-1.5736260414,-1.5869436860,-1.5714125633,-1.5918927789
train:1045,0,-0.0181189161,-0.0317534357,-0.0450710803,0.0156868249,-0.0047933906
train:1046,0,1.0741611719,1.0794270039,1.0661093593,1.1476705074,1.1271902919
train:1047,0,-1.1320840120,-0.9980509281,-1.0113685727,-1.0641191006,-1.0845993161
train:1050,0,0.0962548703,0.1497965455,0.1364789009,0.1311269701,0.1106467545
train:1051,-1,-3.3676319122,-3.4635603428,-3.4768779874,-3.5922548771,-3.6127350926
train:1052,0,0.5964424014,0.5492093563,0.5358917117,0.6367869377,0.6163067222
train:1054,0,-3.6673429012,-3.6262309551,-3.6395485997,-3.6352393627,-3.6557195783
train:1055,0,1.7076374292,1.7102351189,1.6969174743,1.7102589607,1.6897787452
train:1056,0,2.7146892548,2.6835968494,2.6702792048,2.7585778236,2.7380976081
train:1058,0,-1.6443257332,-1.6261727810,-1.6394904256,-1.6244313717,-1.6449115872
train:1059,0,-2.7211744785,-2.7740931511,-2.7874107957,-2.7816743851,-2.8021546006
train:1060,0,-0.5891122818,-0.5461477041,-0.5594653487,-0.6445671320,-0.6650473475
train:1061,0,2.9418611526,2.9870157242,2.9736980796,2.9440052509,2.9235250354
train:1063,0,-0.2650245726,-0.3394456804,-0.3527633250,-0.2632009089,-0.2836811244
train:1064,0,1.3643108606,1.3479757309,1.3346580863,1.3577079773,1.3372277617
train:1065,0,0.2071343958,0.2644646764,0.2511470318,0.2710492313,0.2505690157
train:1066,0,-1.3693742752,-1.2759871483,-1.2893047929,-1.2768495083,-1.2973297238
train:1067,0,1.7016558647,1.7165431976,1.7032255530,1.6789503098,1.6584700942
train:1068,0,-0.0554032698,0.0413362235,0.0280185789,-0.0743900985,-0.0948703140
train:1070,-1,-4.4257159233,-4.3717770576,-4.3850947022,-4.3700728416,-4.3905530572
train:1071,0,0.3495427072,0.3407909870,0.3274733424,0.3607689142,0.3402886987
train:1072,0,1.1731311083,1.2066578865,1.1933402419,1.1829247475,1.1624445319
train:1073,0,1.9742709398,1.9903056622,1.9769880176,2.0075910091,1.9871107936
train:1074,0,1.0571579933,1.0357893705,1.0224717259,1.0640828609,1.0436026454
train:1075,0,-1.6706854105,-1.6017079353,-1.6150255799,-1.5599064827,-1.5803866982
train:1076,0,-5.9019622803,-5.8753447533,-5.8886623979,-5.8129196167,-5.8333998322
train:1077,-2,-6.5319766998,-6.6072106361,-6.6205282807,-6.6326646805,-6.6531448960
train:1078,0,1.1974371672,1.2073786259,1.1940609813,1.1851823330,1.1647021174
train:1079,0,2.0640141964,2.1013686657,2.0880510211,2.1045465469,2.0840663314
train:1080,0,-1.7869455814,-1.7772456408,-1.7905632854,-1.8518362045,-1.8723164201
train:1081,0,0.5556609631,0.5351306200,0.5218129754,0.5940443277,0.5735641122
train:1082,0,-0.4309424460,-0.4227802753,-0.4360979199,-0.4235309958,-0.4440112114
train:1083,0,0.4469568133,0.4463932216,0.4330755770,0.5602411032,0.5397608876
train:1084,0,1.0914342403,1.1495237350,1.1362060905,1.1001794338,1.0796992183
train:1088,-1,-4.6617350578,-4.6344313622,-4.6477490067,-4.6495628357,-4.6700430512
train:1089,0,-3.8633263111,-3.7642796040,-3.7775972486,-3.8653140068,-3.8857942224
train:1090,0,-2.3634536266,-2.3620522022,-2.3753698468,-2.3122522831,-2.3327324986
train:1092,0,-0.1426722407,-0.1773413718,-0.1906590164,-0.1449460983,-0.1654263139
train:1093,0,0.5926297307,0.6091824770,0.5958648324,0.5814047456,0.5609245300
train:1094,0,2.3933176994,2.3769047260,2.3635870814,2.3776938915,2.3572136760
train:1095,0,-2.0856163502,-2.1206080914,-2.1339257360,-2.0880506039,-2.1085308194
train:1098,0,-0.4330018759,-0.4536707699,-0.4669884145,-0.3966939449,-0.4171741605
train:1099,0,-3.0228087902,-3.0415160656,-3.0548337102,-3.0346715450,-3.0551517606
train:1100,0,0.3498011231,0.3900075853,0.3766899407,0.3859262466,0.3654460311
train:1101,0,-1.1771284342,-1.1169283390,-1.1302459836,-1.1144430637,-1.1349232793
train:1102,0,-2.4359419346,-2.4782936573,-2.4916113019,-2.5574450493,-2.5779252648
train:1103,0,0.9732014537,1.0055953264,0.9922776818,0.9883717895,0.9678915739
train:1104,0,0.6809710264,0.6869684458,0.6736508012,0.7340376973,0.7135574818
train:1105,0,2.9299662113,2.9285967350,2.9152790904,2.9564263821,2.9359461665
train:1107,0,0.8217031360,0.8380078077,0.8246901631,0.8000907302,0.7796105146
train:1108,0,-0.3445547223,-0.3085230291,-0.3218406737,-0.3284526467,-0.3489328623
train:1110,0,1.0664249659,1.0456757545,1.0323581100,1.0661094189,1.0456292033
train:1111,0,1.1736868620,1.2492592335,1.2359415889,1.1475059986,1.1270257831
train:1113,-2,-5.1500463486,-5.5589137077,-5.5722313523,-5.0459394455,-5.0664196610
train:1114,0,0.5031006336,0.4392094910,0.4258918464,0.5665572882,0.5460770726
train:1115,0,0.4863334596,0.5073903799,0.4940727353,0.4748954475,0.4544152319
train:1116,0,0.6257060766,0.6108947992,0.5975771546,0.6886475682,0.6681673527
train:1117,0,0.4949663877,0.5221242309,0.5088065863,0.5147342682,0.4942540526
train:1118,0,0.2476427406,0.2775683701,0.2642507255,0.2998228371,0.2793426216
train:1119,0,1.9603351355,1.9888317585,1.9755141139,1.9917478561,1.9712676406
train:1120,0,-2.5199830532,-2.5027296543,-2.5160472989,-2.4428215027,-2.4633017182
train:1121,0,0.9616003633,1.0192028284,1.0058851838,0.9904534221,0.9699732065
train:1122,0,-1.3397815228,-1.3558765650,-1.3691942096,-1.3170802593,-1.3375604749
train:1124,0,0.2284489274,0.1637903005,0.1504726559,0.2725390792,0.2520588636
train:1126,0,1.0433558226,1.0640275478,1.0507099032,1.0212454796,1.0007652640
train:1127,0,2.9287893772,3.0090672970,2.9957496524,2.9205551147,2.9000748992
train:1128,0,0.2649266720,0.2585352659,0.2452176213,0.2849228680,0.2644426525
train:1130,0,1.2167952061,1.1907598972,1.1774422526,1.2077908516,1.1873106360
train:1131,0,1.6132067442,1.5721614361,1.5588437915,1.6277985573,1.6073183417
train:1134,0,-2.4636952877,-2.4137372971,-2.4270549417,-2.3596403599,-2.3801205754
train:1138,0,0.5623624325,0.6214867830,0.6081691384,0.6717426777,0.6512624621
train:1139,0,-3.7253980637,-3.7415938377,-3.7549114823,-3.7111334801,-3.7316136956
train:1140,0,1.0396924019,0.9446587563,0.9313411117,1.0173628330,0.9968826175
train:1141,0,-0.4185303450,-0.4079365134,-0.4212541580,-0.3875843585,-0.4080645740
train:1142,0,2.8560242653,2.8421144485,2.8287968040,2.8488550186,2.8283748031
train:1143,0,-0.0153678944,0.0159540772,0.0026364326,-0.0438617170,-0.0643419325
train:1144,0,1.0198960304,1.0462896824,1.0329720378,1.0659325123,1.0454522967
train:1145,0,1.0596984625,1.0636119843,1.0502943397,1.0827746391,1.0622944236
train:1146,0,-1.6223641634,-1.6506752968,-1.6639929414,-1.5575211048,-1.5780013204
train:1147,-1,-2.3540730476,-2.2808048725,-2.2941225171,-2.3502941132,-2.3707743287
train:1148,0,-0.3098016679,-0.3112400770,-0.3245577216,-0.3143035769,-0.3347837925
train:1150,0,-1.4151139259,-1.4312069416,-1.4445245862,-1.4251224995,-1.4456027150
train:1151,0,0.5893733501,0.5257019997,0.5123843551,0.5739002228,0.5534200072
train:1152,0,-1.1441323757,-1.0239031315,-1.0372207761,-1.0994386673,-1.1199188828
train:1153,0,0.1849526018,0.2256064564,0.2122888118,0.1681542993,0.1476740837
train:1154,0,0.0802843273,0.0536818057,0.0403641611,0.0937770605,0.0732968450
train:1155,0,1.3225649595,1.3597574234,1.3464397788,1.3327736855,1.3122934699
train:1156,0,-0.2742751241,-0.2505133450,-0.2638309896,-0.2848682404,-0.3053484559
train:1157,0,1.0704144239,1.0941443443,1.0808266997,1.1177887917,1.0973085761
train:1159,0,-3.7862901688,-3.7100174427,-3.7233350873,-3.8136694431,-3.8341496587
train:1160,0,0.1425624490,0.0706000552,0.0572824106,0.0868617967,0.0663815811
train:1161,0,-2.3255889416,-2.3159837723,-2.3293014169,-2.2739109993,-2.2943912148
train:1162,0,-3.4060716629,-3.4156227112,-3.4289403558,-3.4060440063,-3.4265242219
train:1163,-2,-8.7831153870,-8.8557405472,-8.8690581918,-9.0329875946,-9.0534678102
train:1165,0,1.6146973372,1.6140108109,1.6006931663,1.6725518703,1.6520716548
train:1166,0,1.7561954260,1.7005958557,1.6872782111,1.7522768974,1.7317966819
train:1167,0,1.2746384144,1.2981724739,1.2848548293,1.3031980991,1.2827178836
train:1168,0,0.9254645109,1.0153480768,1.0020304322,0.9944550991,0.9739748836
train:1169,0,0.3803545833,0.4720098376,0.4586921930,0.4026581049,0.3821778893
train:1171,-1,-1.1352882385,-1.2076451778,-1.2209628224,-1.1599788666,-1.1804590821
train:1173,0,2.0262119770,2.0320410728,2.0187234282,2.0703368187,2.0498566031
train:1174,0,-3.2094154358,-3.1927068233,-3.2060244679,-3.1475338936,-3.1680141091
train:1175,0,1.8822735548,1.8544186354,1.8411009908,1.9098691940,1.8893889785
train:1176,0,-1.2743027210,-1.3020043373,-1.3153219819,-1.2616751194,-1.2821553349
train:1177,0,1.5946165323,1.5806741714,1.5673565269,1.6283779144,1.6078976989
train:1178,0,-2.4856548309,-2.4601120949,-2.4734297395,-2.3861074448,-2.4065876603
train:1179,0,0.2596196532,0.2539201975,0.2406025529,0.3100986481,0.2896184325
train:1180,0,0.6998280883,0.7230218649,0.7097042203,0.7482911944,0.7278109789
train:1181,0,1.1207573414,1.1893610954,1.1760434508,1.1350817680,1.1146015525
train:1184,0,1.9069128036,1.8484551907,1.8351375461,1.9475002289,1.9270200133
train:1185,0,-2.2644402981,-2.3263270855,-2.3396447301,-2.1739878654,-2.1944680810
train:1186,0,1.7456459999,1.8094147444,1.7960970998,1.7597999573,1.7393197417
train:1187,0,0.1543617249,0.1398798674,0.1265622228,0.1661556065,0.1456753910
train:1188,0,0.5469622016,0.5388684273,0.5255507827,0.6044132113,0.5839329958
train:1189,0,-0.4297744334,-0.4178923070,-0.4312099516,-0.4637359381,-0.4842161536
train:1190,0,0.8529628515,0.8667210340,0.8534033895,0.8647608757,0.8442806602
train:1191,0,1.9830189943,1.9082932472,1.8949756026,1.9615497589,1.9410695434
train:1192,0,0.7798742652,0.7388803959,0.7255627513,0.7175882459,0.6971080303
train:1193,0,0.2886042297,0.3257808387,0.3124631941,0.3043883145,0.2839080989
train:1194,0,1.1380678415,-0.1207626909,-0.1340803355,1.0772765875,1.0567963719
train:1195,0,2.4716720581,2.4644956589,2.4511780143,2.5066878796,2.4862076640
train:1196,0,1.1583355665,1.1655824184,1.1522647738,1.1538083553,1.1333281398
train:1197,0,0.2216148227,0.2038201690,0.1905025244,0.2544741035,0.2339938879
train:1198,0,1.4179083109,1.4256544113,1.4123367667,1.4531769753,1.4326967597
train:1200,0,-1.1169743538,-1.0989429951,-1.1122606397,-1.1539964676,-1.1744766831
train:1203,0,1.8574522734,1.8693540096,1.8560363650,1.8284218311,1.8079416156
train:1204,0,-0.3362412155,-0.3083373904,-0.3216550350,-0.3123115897,-0.3327918053
train:1205,0,-1.2122445107,-1.1452295780,-1.1585472226,-1.2149891853,-1.2354694009
train:1207,0,1.8172361851,1.7810316086,1.7677139640,1.7963745594,1.7758943439
train:1208,-1,-5.5591607094,-5.5777497292,-5.5910673738,-5.5251960754,-5.5456762910
train:1210,0,1.3026477098,1.3608851433,1.3475674987,1.3138561249,1.2933759093
train:1212,0,0.3820766509,0.3704464734,0.3571288288,0.4313789606,0.4108987451
train:1213,0,-0.1377479583,-0.1535456777,-0.1668633223,-0.1676276326,-0.1881078482
train:1214,0,1.9948099852,1.9496054649,1.9362878203,2.0057015419,1.9852213264
train:1215,0,1.7468657494,1.8255882263,1.8122705817,1.8446917534,1.8242115378
train:1216,0,2.5542199612,2.4967501163,2.4834324718,2.5524811745,2.5320009589
train:1218,0,1.7044385672,1.7370811701,1.7237635255,1.7672977448,1.7468175292
train:1219,0,-2.5729432106,-2.5612757206,-2.5745933652,-2.5947639942,-2.6152442098
train:1221,0,2.1526243687,2.1563391685,2.1430215240,2.1394464970,2.1189662814
train:1224,0,-5.3052692413,-5.2734537125,-5.2867713571,-5.2567520142,-5.2772322297
train:1225,0,-1.3186230659,-1.3115587234,-1.3248763680,-1.3047318459,-1.3252120614
train:1227,0,0.5245127678,0.5213455558,0.5080279112,0.5723809600,0.5519007444
train:1228,0,2.3426365852,2.3221905231,2.3088728786,2.3507583141,2.3302780986
train:1229,0,-1.0113773346,-0.9617576599,-0.9750753045,-1.0147066116,-1.0351868272
train:1230,0,0.5679884553,0.6495702267,0.6362525821,0.6245422363,0.6040620208
train:1231,0,2.3093440533,2.3143646717,2.3010470271,2.3074116707,2.2869314551
train:1232,0,1.9924733639,1.9759525061,1.9626348615,2.0503728390,2.0298926234
train:1233,0,-0.3045236170,-0.2670765519,-0.2803941965,-0.3069089353,-0.3273891509
train:1237,0,1.1280225515,1.1282287836,1.1149111390,1.1574692726,1.1369890571
train:1238,-2,-5.4415159225,-5.7488083839,-5.7621260285,-5.6731910706,-5.6936712861
train:1239,0,-2.0622150898,-2.0236725807,-2.0369902253,-2.0792078972,-2.0996881127
train:1240,0,-1.1424962282,-1.1224505901,-1.1357682347,-1.1299567223,-1.1504369378
train:1241,0,1.3037108183,1.3307595253,1.3174418807,1.3350558281,1.3145756125
train:1243,0,-2.6612217426,-2.5993030071,-2.6126206517,-2.6245598793,-2.6450400949
train:1244,0,0.5225251317,0.4847209752,0.4714033306,0.5762820244,0.5558018088
train:1246,0,1.4196418524,1.4581553936,1.4448377490,1.4463794231,1.4258992076
train:1247,0,-2.3968350887,-2.4635186195,-2.4768362641,-2.3578846455,-2.3783648610
train:1248,0,1.4058090448,1.3810801506,1.3677625060,1.4363803864,1.4159001708
train:1249,0,0.8646664619,0.8459870815,0.8326694369,0.8214539886,0.8009737730
train:1250,0,0.6579258442,0.6322139502,0.6188963056,0.6667463183,0.6462661028
train:1253,0,0.6738864183,0.6606605053,0.6473428607,0.7384523153,0.7179720998
train:1256,0,-1.6526919603,-1.6026453972,-1.6159630418,-1.6022312641,-1.6227114797
train:1257,0,0.2340286076,0.2600585222,0.2467408776,0.2300172001,0.2095369846
train:1258,0,0.9766518474,1.0128800869,0.9995624423,1.0450925827,1.0246123672
train:1259,-1,-2.0131645203,-1.9904146194,-2.0037322640,-2.0783205032,-2.0988007188
train:1260,0,-0.1210052744,-0.1240799129,-0.1373975575,-0.1199258566,-0.1404060721
train:1263,0,-2.5521159172,-2.5450303555,-2.5583480000,-2.5647296906,-2.5852099061
train:1264,0,0.6232052445,0.6249613762,0.6116437316,0.6408789754,0.6203987598
train:1265,0,-0.1447521150,-0.1083960384,-0.1217136830,-0.1028776467,-0.1233578622
train:1267,0,0.7776458859,0.7960727215,0.7827550769,0.8329847455,0.8125045300
train:1268,0,1.2542954683,1.2003369331,1.1870192885,1.2715673447,1.2510871291
train:1269,0,1.7478741407,1.7418782711,1.7285606265,1.8069014549,1.7864212394
train:1273,0,-3.9158263206,-3.8840925694,-3.8974102139,-3.8303575516,-3.8508377671
train:1274,0,-1.5013403893,-1.4968668222,-1.5101844668,-1.4573454857,-1.4778257012
train:1276,0,-1.0660853386,-1.1412838697,-1.1546015143,-1.0634822845,-1.0839625001
train:1277,0,0.7058692575,0.7058594227,0.6925417781,0.7767509818,0.7562707663
train:1278,-1,-3.0467717648,-3.0174093246,-3.0307269692,-3.1705732346,-3.1910534501
train:1279,0,1.5541328192,1.5384547710,1.5251371264,1.6596493721,1.6391691566
train:1280,0,-0.2232398391,-0.2366373837,-0.2499550283,-0.2064903378,-0.2269705534
train:1281,0,2.4859662056,2.4596121311,2.4462944865,2.4513912201,2.4309110045
train:1282,0,0.2091813087,0.1864029020,0.1730852574,0.2113511264,0.1908709109
train:1283,0,1.0478914976,1.0720628500,1.0587452054,1.0459465981,1.0254663825
train:1284,0,0.3601392806,0.4275039136,0.4141862690,0.3866095543,0.3661293387
train:1287,0,-0.6646029949,-0.6163320541,-0.6296496987,-0.6426811814,-0.6631613970
train:1288,0,-2.2941758633,-2.2331235409,-2.2464411855,-2.2865900993,-2.3070703149
train:1289,0,-1.8347952366,-1.8896367550,-1.9029543996,-1.8575015068,-1.8779817224
train:1290,0,0.9273086190,0.9869790077,0.9736613631,1.0193066597,0.9988264441
train:1291,0,-0.6262037158,-0.6161690950,-0.6294867396,-0.5832571387,-0.6037373543
train:1292,0,0.1982292682,0.1779839993,0.1646663547,0.2185227424,0.1980425268
train:1293,0,1.6530724764,1.6652839184,1.6519662738,1.6921160221,1.6716358066
train:1295,0,1.8876644373,1.9067363739,1.8934187293,1.9350728989,1.9145926833
train:1296,0,-2.8212327957,-2.7661142349,-2.7794318795,-2.7986030579,-2.8190832734
train:1297,0,-1.4060796499,-1.3873928785,-1.4007105231,-1.4424374104,-1.4629176259
train:1299,0,1.6124032736,1.5671398640,1.5538222194,1.6308834553,1.6104032397
train:1300,0,-0.0062047886,-0.0169066787,-0.0302243233,-0.0103034228,-0.0307836384
train:1301,0,1.6031234264,1.5784213543,1.5651037097,1.6396758556,1.6191956401
train:1302,0,-0.7950524092,-0.7997243404,-0.8130419850,-0.8089825511,-0.8294627666
train:1303,0,0.9823251963,0.8827052116,0.8693875670,0.9456911683,0.9252109528
train:1305,0,-0.6468525529,-0.5845819712,-0.5978996158,-0.6045123935,-0.6249926090
train:1306,0,3.1776366234,3.1997587681,3.1864411235,3.1820764542,3.1615962386
train:1307,0,1.2868068218,1.2277420759,1.2144244313,1.2610433102,1.2405630946
train:1309,-1,-6.0236825943,-5.8832745552,-5.8965921998,-6.0954608917,-6.1159411073
train:1310,0,-5.4852347374,-5.4686698914,-5.4819875360,-5.4124469757,-5.4329271913
train:1311,0,1.8642178774,1.8724868298,1.8591691852,1.9038388729,1.8833586574
train:1313,0,2.6412177086,2.6442327499,2.6309151053,2.6445832253,2.6241030097
train:1314,0,2.5788238049,2.5637505054,2.5504328609,2.6266663074,2.6061860919
train:1315,0,0.4638824761,0.5066215992,0.4933039546,0.5205757022,0.5000954866
train:1316,0,2.7717297077,2.7703893185,2.7570716739,2.7635455132,2.7430652976
train:1317,0,-1.6049318314,-1.6698837280,-1.6832013726,-1.7736837864,-1.7941640019
train:1318,0,3.1179714203,3.0920970440,3.0787793994,3.0933952332,3.0729150176
train:1319,0,0.3448840380,0.3393445909,0.3260269463,0.4296419919,0.4091617763
train:1322,0,-0.8327440023,-0.7915649414,-0.8048825860,-0.6735900044,-0.6940702200
train:1323,0,0.9535501599,0.9419997931,0.9286821485,0.9763352275,0.9558550119
train:1324,0,-0.4934057295,-0.4749157727,-0.4882334173,-0.5723924041,-0.5928726196
train:1325,0,0.4833016098,0.5466643572,0.5333467126,0.5556443930,0.5351641774
train:1326,0,-1.3595298529,-1.3295496702,-1.3428673148,-1.3752164841,-1.3956966996
train:1327,0,-2.0705146790,-2.0406274796,-2.0539451241,-2.0597705841,-2.0802507997
train:1330,0,0.8373458982,0.8577200174,0.8444023728,0.9260175824,0.9055373669
train:1331,0,-3.0410964489,-3.0251019001,-3.0384195447,-3.0301432610,-3.0506234765
train:1332,0,-0.2025070637,-0.2553917468,-0.2687093914,-0.1031741500,-0.1236543655
train:1333,0,1.1220620871,1.0910696983,1.0777520537,1.1188158989,1.0983356833
train:1334,0,0.8166625500,0.7911928892,0.7778752446,0.8859409690,0.8654607534
train:1335,0,-2.4005973339,-2.3392984867,-2.3526161313,-2.3439698219,-2.3644500375
train:1336,0,2.4003081322,2.4575285912,2.4442109466,2.4557633400,2.4352831244
train:1338,0,-2.5582978725,-2.5091636181,-2.5224812627,-2.4936335087,-2.5141137242
train:1339,0,1.0797643661,1.0300021172,1.0166844726,1.0858998299,1.0654196143
train:1341,0,1.3492904902,1.3878588676,1.3745412230,1.3605396748,1.3400594592
train:1343,0,-0.4843466878,-0.4575713575,-0.4708890021,-0.5151778460,-0.5356580615
train:1344,0,0.5107475519,0.4821641147,0.4688464701,0.5459686518,0.5254884362
train:1345,0,0.0573111214,0.1160519421,0.1027342975,0.1338123530,0.1133321375
train:1347,0,0.9340989590,0.9376850128,0.9243673682,0.9811771512,0.9606969357
train:1348,0,-0.8126444817,-0.8008971214,-0.8142147660,-0.7903949618,-0.8108751774
train:1349,0,2.4698805809,2.4577863216,2.4444686770,2.5012478828,2.4807676673
train:1352,-2,-7.1301760674,-7.2498602867,-7.2631779313,-7.2788734436,-7.2993536592
train:1353,0,-0.0920446664,-0.0994546562,-0.1127723008,-0.0797232836,-0.1002034992
train:1355,0,1.5283544064,1.5560255051,1.5427078605,1.5667879581,1.5463077426
train:1356,0,-2.6707901955,-2.5442416668,-2.5575593114,-2.6133899689,-2.6338701844
train:1358,0,-4.5390200615,-4.7145686150,-4.7278862596,-4.5339503288,-4.5544305444
train:1359,0,1.6524000168,1.6749668121,1.6616491675,1.6968574524,1.6763772368
train:1360,0,1.4921072721,1.5195662975,1.5062486529,1.4935021400,1.4730219245
train:1363,0,1.4194895029,1.3472359180,1.3339182734,1.3801798820,1.3596996665
train:1364,0,-2.4166562557,-2.3395099640,-2.3528276086,-2.4013004303,-2.4217806458
train:1366,0,1.6129251719,1.5954916477,1.5821740031,1.6451599598,1.6246797442
train:1367,0,-3.5272819996,-3.4907314777,-3.5040491223,-3.4294884205,-3.4499686360
train:1368,0,2.2160003185,2.2122247219,2.1989070773,2.1934843063,2.1730040908
train:1369,0,1.6571568251,1.7032086849,1.6898910403,1.7154004574,1.6949202418
train:1370,0,-2.0049576759,-2.0479581356,-2.0612757802,-1.9800672531,-2.0005474687
train:1371,0,-2.5599761009,-2.5228278637,-2.5361455083,-2.4741468430,-2.4946270585
train:1372,0,1.5351181030,1.5692641735,1.5559465289,1.5561404228,1.5356602073
train:1373,0,-1.2570549250,-1.1862623692,-1.1995800138,-1.2493817806,-1.2698619962
train:1374,0,1.6002132893,1.5679014921,1.5545838475,1.6054959297,1.5850157142
train:1375,0,1.0055434704,1.0315103531,1.0181927085,1.0140550137,0.9935747981
train:1376,0,0.1275919974,0.1528697014,0.1395520568,0.1685173064,0.1480370909
train:1377,0,-2.5950715542,-2.5635516644,-2.5768693089,-2.5933024883,-2.6137827039
train:1379,0,0.1006657705,0.0994737670,0.0861561224,0.1564913690,0.1360111535
train:1380,0,-0.7814514041,-0.7883887291,-0.8017063737,-0.7621673942,-0.7826476097
train:1381,0,-5.4307103157,-5.4497151375,-5.4630327821,-5.4456043243,-5.4660845399
train:1382,0,1.7470489740,1.7638010979,1.7504834533,1.7428419590,1.7223617435
train:1383,0,1.5541347265,1.4624253511,1.4491077065,1.5776436329,1.5571634173
train:1384,0,-2.0116517544,-2.0882375240,-2.1015551686,-1.8846342564,-1.9051144719
train:1385,0,0.4891535640,0.5691527128,0.5558350682,0.6228329539,0.6023527384
train:1386,0,-0.4145703614,-0.3558610380,-0.3691786826,-0.4281983972,-0.4486786127
train:1387,0,-0.7895647883,-0.7478047609,-0.7611224055,-0.7176836133,-0.7381638288
train:1388,0,0.2778415084,0.2559403181,0.2426226735,0.3142586350,0.2937784195
train:1390,0,-1.7203755379,-1.6104037762,-1.6237214208,-1.7009074688,-1.7213876843
train:1392,0,0.8898996115,0.9029320478,0.8896144032,0.9332988858,0.9128186703
train:1393,0,0.2742306292,0.3176308572,0.3043132126,0.3041389585,0.2836587429
train:1394,0,0.9474976659,1.0361837149,1.0228660703,1.0346760750,1.0141958594
train:1395,0,-0.3094808161,-0.2822867632,-0.2956044078,-0.3817653358,-0.4022455513
train:1396,0,0.8252370954,0.8327993155,0.8194816709,0.8822870255,0.8618068099
train:1397,0,0.0629757941,0.0466622561,0.0333446115,0.0284283459,0.0079481304
train:1398,0,-0.7566136718,-0.7163733244,-0.7296909690,-0.7116052508,-0.7320854664
train:1399,0,0.4148564637,0.4255144298,0.4121967852,0.4390801191,0.4185999036
train:1400,0,0.2463272214,0.2650528848,0.2517352402,0.2317727208,0.2112925053
train:1401,0,0.3031141162,0.3529821038,0.3396644592,0.3238729835,0.3033927679
train:1402,0,0.4115668535,0.3969707787,0.3836531341,0.4392645359,0.4187843204
train:1403,0,1.4664076567,1.4633164406,1.4499987960,1.5419938564,1.5215136409
train:1404,0,0.7981182933,0.7880761623,0.7747585177,0.8062331080,0.7857528925
train:1405,0,-0.2885356843,-0.2844780385,-0.2977956831,-0.2556419075,-0.2761221230
train:1406,0,0.6390799284,0.7033799887,0.6900623441,0.6865662336,0.6660860181
train:1407,0,2.8815774918,2.8361539841,2.8228363395,2.8910391331,2.8705589175
train:1408,0,-0.3045644462,-0.3025959730,-0.3159136176,-0.2795786858,-0.3000589013
train:1409,0,1.4244812727,1.4143600464,1.4010424018,1.4569244385,1.4364442229
train:1411,0,0.0466698371,0.0418525562,0.0285349116,-0.0124510825,-0.0329312980
train:1412,0,-4.3552408218,-4.2621140480,-4.2754316926,-4.3240141869,-4.3444944024
train:1413,0,2.6544928551,2.7112407684,2.6979231238,2.6870687008,2.6665884852
train:1414,0,0.2595680654,0.1853621006,0.1720444560,0.2862737179,0.2657935023
train:1415,0,-0.5860829353,-0.6063849926,-0.6197026372,-0.5879576206,-0.6084378362
train:1416,0,-0.9926972985,-0.9715274572,-0.9848451018,-0.9389705062,-0.9594507217
train:1417,0,-1.9298976660,-1.9115457535,-1.9248633981,-1.9282622337,-1.9487424493
train:1418,0,1.9342942238,1.9182736874,1.9049560428,2.0137767792,1.9932965636
train:1419,0,0.0038417473,0.0863968730,0.0730792284,0.0026997626,-0.0177804530
train:1420,0,0.3908350170,0.3943662941,0.3810486495,0.3773497641,0.3568695486
train:1422,0,-0.1980406642,-0.1777515560,-0.1910692006,-0.1413448751,-0.1618250906
train:1423,0,1.7915956974,1.8072742224,1.7939565778,1.8173391819,1.7968589664
train:1424,-6,-20.7827606201,-17.4221305847,-17.4354482293,-22.7111167908,-22.7315970063
train:1425,0,-1.2926825285,-1.2552511692,-1.2685688138,-1.2585470676,-1.2790272832
train:1427,0,0.4910054803,0.5170776844,0.5037600398,0.5214166641,0.5009364486
train:1428,0,3.2380578518,3.2177155018,3.2043978572,3.2688875198,3.2484073043
train:1429,0,2.2359328270,2.2332565784,2.2199389338,2.3125195503,2.2920393348
train:1430,0,2.1946196556,2.2258918285,2.2125741839,2.1746993065,2.1542190909
train:1431,0,0.3731930554,0.4034571052,0.3901394606,0.4260535240,0.4055733085
train:1432,0,1.1671423912,1.1793212891,1.1660036445,1.1891572475,1.1686770320
train:1433,0,0.0759510621,0.1083898172,0.0950721726,0.1031321883,0.0826519728
train:1434,0,1.1288607121,1.1516547203,1.1383370757,1.0949674845,1.0744872689
train:1435,0,-0.5593293309,-0.5184278488,-0.5317454934,-0.5411309600,-0.5616111755
train:1436,0,0.8550023437,0.8328824043,0.8195647597,0.8830088377,0.8625286222
train:1437,0,2.3543217182,2.3721706867,2.3588530421,2.3722748756,2.3517946601
train:1438,0,-0.1893517375,-0.2422179282,-0.2555355728,-0.1477611661,-0.1682413816
train:1439,0,2.0092637539,2.0547111034,2.0413934588,2.0335786343,2.0130984187
train:1440,0,0.1387163997,0.1816371679,0.1683195233,0.1748906374,0.1544104218
train:1441,0,-2.4677996635,-2.4307444096,-2.4440620542,-2.5408930779,-2.5613732934
train:1442,0,1.0605192184,1.0845217705,1.0712041259,1.1171610355,1.0966808200
train:1445,0,0.8050730228,0.7936925888,0.7803749442,0.7991200686,0.7786398530
train:1446,0,-0.7301879525,-0.7019602060,-0.7152778506,-0.7168138623,-0.7372940779
train:1448,0,1.4929375648,1.4606866837,1.4473690391,1.5081484318,1.4876682162
train:1449,-1,-2.1569888592,-2.1715240479,-2.1848416924,-2.0993986130,-2.1198788285
train:1450,0,-0.8062157631,-0.7571893930,-0.7705070376,-0.7542437911,-0.7747240067
train:1451,0,-0.2478359938,-0.2270997465,-0.2404173911,-0.2221413851,-0.2426216006
train:1452,0,1.8032650948,1.7606215477,1.7473039031,1.8366200924,1.8161398768
train:1453,-1,-4.8099856377,-4.7671427727,-4.7804604173,-4.7911057472,-4.8115859628
train:1454,0,0.5541290045,0.5537685156,0.5404508710,0.5640515685,0.5435713530
train:1455,0,0.5731800795,0.6248186827,0.6115010381,0.6048491001,0.5843688846
train:1456,0,0.1311310381,0.1107321531,0.0974145085,0.1938412189,0.1733610034
train:1458,0,0.5082787871,0.5308728218,0.5175551772,0.5844159722,0.5639357567
train:1459,0,-2.4718565941,-2.7162508965,-2.7295685410,-2.4249315262,-2.4454117417
train:1461,0,-0.0160317160,0.0124035925,-0.0009140521,-0.0207071602,-0.0411873758
train:1462,0,0.1627724171,0.1262819320,0.1129642874,0.1976211667,0.1771409512
train:1463,0,1.7306301594,1.7085423470,1.6952247024,1.7314624786,1.7109822631
train:1464,0,0.3405224681,0.3307449222,0.3174272776,0.3346098959,0.3141296804
train:1465,0,0.2580448389,0.2809781730,0.2676605284,0.2306328565,0.2101526409
train:1467,0,1.9094232321,1.8970463276,1.8837286830,1.9082415104,1.8877612948
train:1468,0,2.3691956997,2.3296210766,2.3163034320,2.3896961212,2.3692159057
train:1469,0,0.0842695758,0.1077535152,0.0944358706,0.1303738803,0.1098936647
train:1470,0,2.3656542301,2.4087703228,2.3954526782,2.4071221352,2.3866419196
train:1471,0,0.3385899961,0.2926258445,0.2793081999,0.2809645534,0.2604843378
train:1473,0,0.9256250858,0.9170458317,0.9037281871,0.9531520009,0.9326717854
train:1474,0,3.3099055290,3.3372838497,3.3239662051,3.3029537201,3.2824735045
train:1475,0,0.2724160552,0.2966514230,0.2833337784,0.2827560604,0.2622758448
train:1477,0,1.9055920839,1.9402782917,1.9269606471,1.9031178951,1.8826376796
train:1478,0,2.6308858395,2.6487443447,2.6354267001,2.6388843060,2.6184040904
train:1479,0,0.7509874701,0.7412672043,0.7279495597,0.8071237206,0.7866435051
train:1480,0,1.9662070274,1.9073367119,1.8940190673,1.9946067333,1.9741265178
train:1481,0,-2.6654117107,-2.6310670376,-2.6443846822,-2.6904773712,-2.7109575868
train:1482,0,-3.1671009064,-3.0888774395,-3.1021950841,-3.1655216217,-3.1860018373
train:1483,0,2.5282261372,2.5090310574,2.4957134128,2.5061492920,2.4856690764
train:1484,0,-2.0863773823,-2.0658051968,-2.0791228414,-2.0483548641,-2.0688350797
train:1487,0,-1.5804941654,-1.5717005730,-1.5850182176,-1.5395944118,-1.5600746274
train:1489,0,-1.8931287527,-1.8591096401,-1.8724272847,-1.8915414810,-1.9120216966
train:1490,0,0.7232654691,0.7540156841,0.7406980395,0.7541583180,0.7336781025
train:1491,0,0.6505830884,0.6486572027,0.6353395581,0.6637879014,0.6433076859
train:1492,0,0.7736913562,0.7678935528,0.7545759082,0.7883535028,0.7678732872
train:1493,0,1.7783046961,1.8332988024,1.8199811578,1.8200430870,1.7995628715
train:1494,0,0.8591473699,0.8743603230,0.8610426784,0.8535307646,0.8330505490
train:1495,0,3.8048393726,3.7691810131,3.7558633685,3.7995905876,3.7791103721
train:1496,0,-2.6564691067,-2.6429035664,-2.6562212110,-2.6618044376,-2.6822846532
train:1497,0,0.7134980559,0.6946191788,0.6813015342,0.7346854806,0.7142052650
train:1498,0,-0.7093491554,-0.7150603533,-0.7283779979,-0.6584399939,-0.6789202094
train:1499,0,0.7080655098,0.6865365505,0.6732189059,0.7467296720,0.7262494564
train:1500,0,1.3348606825,1.3756011724,1.3622835279,1.3867573738,1.3662771583
train:1501,0,2.7527823448,2.7401216030,2.7268039584,2.7422592640,2.7217790484
train:1502,0,3.1649711132,3.1801369190,3.1668192744,3.1663920879,3.1459118724
train:1503,0,1.3234702349,1.3730701208,1.3597524762,1.3367273808,1.3162471652
train:1505,0,-0.4128669798,-0.4018248618,-0.4151425064,-0.4012205005,-0.4217007160
train:1508,0,1.3060830832,1.3546426296,1.3413249850,1.3447539806,1.3242737651
train:1509,0,-0.4674498737,-0.3775469065,-0.3908645511,-0.4629288316,-0.4834090471
train:1511,0,0.0940829664,0.1048727483,0.0915551037,0.1178544983,0.0973742828
train:1513,0,1.2468783855,1.2810546160,1.2677369714,1.2764353752,1.2559551597
train:1514,0,2.2994909286,2.3049006462,2.2915830016,2.3085494041,2.2880691886
train:1515,0,1.4855405092,1.6023466587,1.5890290141,1.5401349068,1.5196546912
train:1516,0,0.4714635313,0.4269383550,0.4136207104,0.4880626202,0.4675824046
train:1517,0,3.1304557323,3.1584773064,3.1451596618,3.1158318520,3.0953516364
train:1519,0,-0.6754786372,-0.6316776276,-0.6449952722,-0.6821947694,-0.7026749849
train:1521,0,1.1066583395,1.1737264395,1.1604087949,1.1290094852,1.1085292697
train:1522,0,1.8465746641,1.8644400835,1.8511224389,1.8531363010,1.8326560855
train:1523,0,-2.6070160866,-2.6020853519,-2.6154029965,-2.5670726299,-2.5875528455
train:1524,0,1.4912531376,1.5039651394,1.4906474948,1.4800219536,1.4595417380
train:1525,0,-0.2474354953,-0.2340517342,-0.2473693788,-0.2105767131,-0.2310569286
train:1527,0,2.3204431534,2.2886946201,2.2753769755,2.2953791618,2.2748989463
train:1528,0,-1.7143682241,-1.6599632502,-1.6732808948,-1.6505217552,-1.6710019708
train:1529,0,-2.1816351414,-2.2727847099,-2.2861023545,-2.1143102646,-2.1347904801
train:1530,0,1.5056731701,1.6271604300,1.6138427854,1.5975646973,1.5770844817
train:1531,0,2.0232372284,1.9527220726,1.9394044280,2.0592925549,2.0388123393
train:1533,0,-2.0195810795,-1.9557585716,-1.9690762162,-1.9814212322,-2.0019014478
train:1534,0,-0.6578471065,-0.5920326710,-0.6053503156,-0.5960553288,-0.6165355444
train:1536,0,3.4067950249,3.3855597973,3.3722421527,3.3709297180,3.3504495025
train:1537,0,-2.4553174973,-2.4725494385,-2.4858670831,-2.4333975315,-2.4538777471
train:1538,0,2.0518834591,2.0432810783,2.0299634337,2.0412795544,2.0207993388
train:1539,0,-0.8564076424,-0.8024836779,-0.8158013225,-0.8402927518,-0.8607729673
train:1540,0,0.4654225707,0.4265541136,0.4132364690,0.5178502798,0.4973700643
train:1541,0,1.8833756447,1.8598334789,1.8465158343,1.9572119713,1.9367317557
train:1542,0,-2.8106007576,-2.8171989918,-2.8305166364,-2.7787678242,-2.7992480397
train:1543,0,0.1833349168,0.2252105176,0.2118928730,0.2538001537,0.2333199382
train:1544,0,1.5151902437,1.4865608215,1.4732431769,1.5521328449,1.5316526294
train:1545,0,-2.7296299934,-2.6882495880,-2.7015672326,-2.7169132233,-2.7373934388
train:1546,0,-0.8034080863,-0.7809809446,-0.7942985892,-0.7905839682,-0.8110641837
train:1547,0,2.4759860039,2.4586541653,2.4453365207,2.4256992340,2.4052190185
train:1549,0,2.9036829472,2.8704142570,2.8570966125,2.8881580830,2.8676778674
train:1550,0,-0.7209485769,-0.7171611786,-0.7304788232,-0.6955752373,-0.7160554528
train:1552,0,2.3345983028,2.3234565258,2.3101388812,2.3446116447,2.3241314292
train:1553,0,1.6018970013,1.5926907063,1.5793730617,1.6340603828,1.6135801673
train:1554,0,-0.4977893829,-0.3742469847,-0.3875646293,-0.4764124751,-0.4968926907
train:1557,0,2.4118430614,2.4200873375,2.4067696929,2.4433002472,2.4228200316
train:1558,0,-0.7828110456,-0.7620496750,-0.7753673196,-0.8056169152,-0.8260971308
train:1559,0,-0.1896522343,-0.1157031655,-0.1290208101,-0.2805587649,-0.3010389805
train:1560,0,0.8347395658,1.0685042143,1.0551865697,0.7871406674,0.7666604519
train:1561,0,1.3255622387,1.3197979927,1.3064803481,1.3079361916,1.2874559760
train:1562,0,-0.4553125203,-0.4054512084,-0.4187688529,-0.4645748138,-0.4850550294
train:1564,0,-0.4132716954,-0.3774351776,-0.3907528222,-0.3853947520,-0.4058749676
train:1565,0,0.9735550284,1.0073825121,0.9940648675,1.0142002106,0.9937199950
train:1566,0,1.8901015520,1.8441567421,1.8308390975,1.9025599957,1.8820797801
train:1567,0,1.3183898926,1.4375568628,1.4242392182,1.4220700264,1.4015898108
train:1568,0,0.0681172907,0.0501285344,0.0368108898,0.0945674628,0.0740872473
train:1569,0,2.3801786900,2.3702435493,2.3569259048,2.3905975819,2.3701173663
train:1570,0,-1.7167165279,-1.6994237900,-1.7127414346,-1.7298700809,-1.7503502965
train:1571,0,2.7588610649,2.7453119755,2.7319943309,2.8103289604,2.7898487449
train:1572,0,0.1064743623,0.0682351291,0.0549174845,0.2054681778,0.1849879622
train:1573,0,2.3049671650,2.2914309502,2.2781133056,2.3527345657,2.3322543502
train:1575,0,0.0010592627,0.0133389607,0.0000213161,-0.0304730833,-0.0509532988
train:1576,0,2.4464895725,2.4447200298,2.4314023852,2.5312004089,2.5107201934
train:1577,0,1.1170498133,1.1058652401,1.0925475955,1.1639120579,1.1434318423
train:1579,0,-2.3807158470,-2.4145109653,-2.4278286099,-2.4470636845,-2.4675439000
train:1581,0,1.7360793352,1.7495927811,1.7362751365,1.8005156517,1.7800354362
train:1582,0,0.9734834433,0.9907133579,0.9773957133,0.9796831608,0.9592029452
train:1583,0,-0.1987022161,-0.2090540230,-0.2223716676,-0.2558900714,-0.2763702869
train:1584,-1,-4.8710341454,-4.9226737022,-4.9359913468,-4.9087495804,-4.9292297959
train:1585,0,-3.6420965195,-3.5580341816,-3.5713518262,-3.5880136490,-3.6084938645
train:1586,0,0.3163222373,0.3556863368,0.3423686922,0.3187390566,0.2982588410
train:1587,0,-2.3780057430,-2.2254998684,-2.2388175130,-2.3858685493,-2.4063487649
train:1588,0,1.0482950211,1.0244232416,1.0111055970,1.0816967487,1.0612165332
train:1589,0,0.3876186907,0.4299966991,0.4166790545,0.4000496566,0.3795694411
train:1590,0,2.3553011417,2.3596317768,2.3463141322,2.4347915649,2.4143113494
train:1591,0,-0.5721130967,-0.5464326143,-0.5597502589,-0.5822368264,-0.6027170420
train:1593,0,1.0429905653,1.0549350977,1.0416174531,1.0380351543,1.0175549388
train:1594,0,0.0834893659,0.1056840941,0.0923664495,0.1037527770,0.0832725614
train:1595,0,0.3269512057,0.3720165491,0.3586989045,0.3750814199,0.3546012044
train:1596,0,-2.6813237667,-2.6377861500,-2.6511037946,-2.6080145836,-2.6284947991
train:1597,0,0.2199591249,0.2696813047,0.2563636601,0.3063718677,0.2858916521
train:1598,0,0.3991897702,0.4037928879,0.3904752433,0.4434413910,0.4229611754
train:1599,0,0.8490172029,0.8545384407,0.8412207961,0.8637755513,0.8432953358
train:1600,0,1.5327048302,1.5220255852,1.5087079406,1.5610847473,1.5406045318
train:1601,0,-3.7568132877,-3.7671196461,-3.7804372907,-3.8115208149,-3.8320010304
train:1602,0,-0.7282415032,-0.7337204218,-0.7470380664,-0.6905533671,-0.7110335827
train:1603,0,-1.2556561232,-1.2605079412,-1.2738255858,-1.1798908710,-1.2003710866
train:1604,0,0.2186434418,0.0799686313,0.0666509867,0.2304019779,0.2099217623
train:1605,0,-3.3036308289,-3.2791268826,-3.2924445271,-3.3091201782,-3.3296003938
train:1606,0,-0.7007882595,-0.6523233652,-0.6656410098,-0.7128937840,-0.7333739996
train:1607,0,1.9621844292,1.9566835165,1.9433658719,1.9428381920,1.9223579764
train:1610,0,1.1935366392,1.2260570526,1.2127394080,1.2504606247,1.2299804091
train:1611,0,0.4372660816,0.4701889753,0.4568713307,0.4858096242,0.4653294086
train:1612,0,-1.1833814383,-1.1373701096,-1.1506877542,-1.2172591686,-1.2377393842
train:1613,0,0.0359256528,0.0701467693,0.0568291247,0.0342032015,0.0137229860
train:1614,0,-0.6214790344,-0.5957913399,-0.6091089845,-0.5804675817,-0.6009477973
train:1616,0,2.4585256577,2.4065885544,2.3932709098,2.4953010082,2.4748207927
train:1617,0,0.1468635947,0.1228501797,0.1095325351,0.2180187851,0.1975385696
train:1618,0,0.6283870339,0.6677978039,0.6544801593,0.6595525742,0.6390723586
train:1620,0,-2.9050230980,-2.8608832359,-2.8742008805,-2.9398767948,-2.9603570104
train:1623,0,0.7490454316,0.7526478767,0.7393302321,0.8275250793,0.8070448637
train:1624,0,0.2250101268,0.3406249583,0.3273073137,0.1838297546,0.1633495390
train:1626,0,1.5101002455,1.4729664326,1.4596487880,1.5320768356,1.5115966201
train:1628,0,2.6397180557,2.6223161221,2.6089984775,2.6822118759,2.6617316604
train:1631,0,-6.2985868454,-6.2602801323,-6.2735977769,-6.2280845642,-6.2485647798
train:1632,0,0.9577135444,0.9808593988,0.9675417542,1.0138103962,0.9933301806
train:1633,0,2.3099288940,2.3226997852,2.3093821406,2.3055775166,2.2850973010
train:1635,0,1.5321190357,1.5523440838,1.5390264392,1.5711898804,1.5507096648
train:1636,0,1.5953671932,1.5790147781,1.5656971335,1.5773797035,1.5568994880
train:1637,0,0.7899143100,0.8653302193,0.8520125747,0.8531179428,0.8326377273
train:1638,0,1.2336524725,1.2296365499,1.2163189054,1.2643475533,1.2438673377
train:1639,0,-0.8196045160,-0.8287615776,-0.8420792222,-0.7840306163,-0.8045108318
train:1643,0,1.6041283607,1.6075353622,1.5942177176,1.6266248226,1.6061446071
train:1644,0,1.2279766798,1.1646119356,1.1512942910,1.2112169266,1.1907367110
train:1647,0,1.3792262077,1.3885157108,1.3751980662,1.4191880226,1.3987078071
train:1648,0,1.2889721394,1.2515789270,1.2382612824,1.2692894936,1.2488092780
train:1649,0,-5.3024363518,-5.2225508690,-5.2358685136,-5.2795124054,-5.2999926209
train:1650,0,1.6658068895,1.6980197430,1.6847020984,1.6843287945,1.6638485789
train:1651,0,-0.4510950744,-0.4342123568,-0.4475300014,-0.4387683272,-0.4592485428
train:1652,0,-0.5149938464,-0.5069338083,-0.5202514529,-0.5395103097,-0.5599905252
train:1654,0,-0.9831784368,-0.9532030821,-0.9665207267,-1.0117599964,-1.0322402120
train:1655,0,0.6310618520,0.6295000315,0.6161823869,0.6403208375,0.6198406219
train:1656,0,1.9701679945,1.9382323027,1.9249146581,2.0185399055,1.9980596900
train:1657,0,-4.7751064301,-4.8110766411,-4.8243942857,-4.7169156075,-4.7373958230
train:1658,0,-1.8410950899,-1.8462035656,-1.8595212102,-1.7739748955,-1.7944551110
train:1659,0,1.4307509661,1.4427198172,1.4294021726,1.4242691994,1.4037889838
train:1660,0,-2.5089957714,-2.5444343090,-2.5577519536,-2.4655961990,-2.4860764146
train:1661,0,-3.6892819405,-3.6815745831,-3.6948922276,-3.6312117577,-3.6516919732
train:1662,0,2.1846477985,2.1803917885,2.1670741439,2.1917397976,2.1712595820
train:1664,0,-3.0225553513,-3.0369527340,-3.0502703786,-3.0692217350,-3.0897019506
train:1665,0,1.9997794628,2.0179467201,2.0046290755,1.9841008186,1.9636206031
train:1666,0,-1.6314041615,-1.6174159050,-1.6307335496,-1.5998563766,-1.6203365922
train:1667,0,0.9392376542,0.9475975037,0.9342798591,1.0187498331,0.9982696176
train:1668,0,0.1723286211,0.1509147733,0.1375971287,0.2191559672,0.1986757517
train:1669,0,-0.1437084377,-0.1548855752,-0.1682032198,-0.0494139791,-0.0698941946
train:1670,0,-0.3721675575,-0.4082127810,-0.4215304255,-0.3733637333,-0.3938439488
train:1671,0,-0.6283671856,-0.6524329185,-0.6657505631,-0.5401695371,-0.5606497526
train:1673,0,1.5985722542,1.6199076176,1.6065899730,1.6637740135,1.6432937980
train:1674,0,0.7778034210,0.8879909515,0.8746733069,0.8231145144,0.8026342988
train:1675,0,-0.0644601658,-0.0930855870,-0.1064032316,-0.0491927564,-0.0696729720
train:1676,0,2.3678705692,2.3484177589,2.3351001143,2.3715248108,2.3510445952
train:1677,0,-1.5319840908,-1.4920085669,-1.5053262115,-1.5038383007,-1.5243185163
train:1678,0,1.6520899534,1.6811748743,1.6678572297,1.6518609524,1.6313807368
train:1679,0,-1.7452368736,-1.7515225410,-1.7648401856,-1.7125029564,-1.7329831719
train:1681,0,1.1277359724,1.1306349039,1.1173172593,1.1922500134,1.1717697978
train:1682,0,-3.9376661777,-3.8968737125,-3.9101913571,-3.9357776642,-3.9562578797
train:1683,0,2.2573361397,2.2461068630,2.2327892184,2.3167793751,2.2962991595
train:1684,0,1.4956225157,1.4957020283,1.4823843837,1.5067150593,1.4862348437
train:1685,0,0.8068454862,0.8512536287,0.8379359841,0.8704951406,0.8500149250
train:1686,0,-0.0533256680,-0.0455782264,-0.0588958710,-0.0236200988,-0.0441003144
train:1687,0,-0.3853883147,-0.3775767386,-0.3908943832,-0.3338745832,-0.3543547988
train:1688,0,-3.8175623417,-3.7988891602,-3.8122068048,-3.8144724369,-3.8349526525
train:1689,0,0.9750499129,0.9674236774,0.9541060328,1.0537217855,1.0332415700
train:1690,0,1.5450958014,1.4733672142,1.4600495696,1.6119015217,1.5914213061
train:1692,0,-3.2682552338,-3.1981699467,-3.2114875913,-3.1873607635,-3.2078409791
train:1693,0,-1.2183421850,-1.2274841070,-1.2408017516,-1.1613526344,-1.1818328500
train:1695,0,1.2097814083,1.2300828695,1.2167652249,1.2750661373,1.2545859218
train:1696,0,1.7461463213,1.7387093306,1.7253916860,1.7950341702,1.7745539546
train:1697,0,1.2576230764,1.1871750355,1.1738573909,1.2693488598,1.2488686442
train:1698,0,-1.5103096962,-1.4864914417,-1.4998090863,-1.5174069405,-1.5378871560
train:1700,0,-1.5465378761,-1.5112926960,-1.5246103406,-1.5289833546,-1.5494635701
train:1701,0,0.1200114563,0.0538613051,0.0405436605,0.1192616224,0.0987814069
train:1702,0,0.1449571103,0.1375990808,0.1242814362,0.1947374046,0.1742571890
train:1703,0,0.7080730796,0.6658962965,0.6525786519,0.7262424827,0.7057622671
train:1704,0,-0.1822268218,-0.1559795290,-0.1692971736,-0.1493111551,-0.1697913706
train:1707,0,2.3892061710,2.3575038910,2.3441862464,2.3895769119,2.3690966964
train:1708,0,1.6764190197,1.6595399380,1.6462222934,1.6615312099,1.6410509944
train:1709,0,0.5564361811,0.5699372292,0.5566195846,0.5797216892,0.5592414737
train:1710,0,0.1782343239,0.1655965745,0.1522789299,0.2277848274,0.2073046118
train:1711,0,-6.1895942688,-6.0446677208,-6.0579853654,-6.1008067131,-6.1212869287
train:1712,0,2.3318996429,2.3123877048,2.2990700603,2.4020175934,2.3815373778
train:1713,0,0.7188593149,0.7420079708,0.7286903262,0.6550297737,0.6345495582
train:1714,0,1.8910251856,1.9099304676,1.8966128230,1.9707567692,1.9502765536
train:1715,0,-0.4286693037,-0.3882451952,-0.4015628397,-0.3199121952,-0.3403924108
train:1716,0,-0.6616399288,-0.5960829258,-0.6094005704,-0.6216869950,-0.6421672106
train:1717,0,-2.2737042904,-2.2025837898,-2.2159014344,-2.2428717613,-2.2633519769
train:1718,0,0.6922765374,0.7305010557,0.7171834111,0.6752032638,0.6547230482
train:1721,0,-0.2453183681,-0.2215703130,-0.2348879576,-0.2376280427,-0.2581082582
train:1723,0,-0.2290994823,-0.2098381221,-0.2231557667,-0.1953290105,-0.2158092260
train:1724,0,1.8639016151,1.8737494946,1.8604318500,1.8794691563,1.8589889407
train:1725,-1,-3.7082872391,-3.7128269672,-3.7261446118,-3.7520291805,-3.7725093961
train:1726,0,2.5014927387,2.5008778572,2.4875602126,2.5281171799,2.5076369643
train:1727,0,-0.1847319454,-0.2197765112,-0.2330941558,-0.1356223077,-0.1561025232
train:1728,0,-0.6011648178,-0.5754261017,-0.5887437463,-0.5601454377,-0.5806256533
train:1729,0,2.4236016273,2.3810377121,2.3677200675,2.4253249168,2.4048447013
train:1733,0,-2.3634912968,-2.2729265690,-2.2862442136,-2.2815036774,-2.3019838929
train:1734,0,0.5346738100,0.5447155237,0.5313978791,0.5389063358,0.5184261203
train:1735,0,0.3040891290,0.3028131723,0.2894955277,0.3517934382,0.3313132226
train:1736,0,-4.0432362556,-4.0217599869,-4.0350776315,-4.0394048691,-4.0598850846
train:1738,0,-0.0230290163,-0.0480419695,-0.0613596141,-0.0317984521,-0.0522786677
train:1739,0,-0.6737637520,-0.7300442457,-0.7433618903,-0.6746700406,-0.6951502562
train:1740,0,0.0236034319,0.0228679180,0.0095502734,0.0338168442,0.0133366287
train:1741,-1,-3.8315529823,-3.8665735722,-3.8798912168,-3.8814911842,-3.9019713998
train:1744,0,2.1908428669,2.1946196556,2.1813020110,2.2127909660,2.1923107505
train:1745,0,2.7809429169,2.7360646725,2.7227470279,2.7715287209,2.7510485053
train:1746,0,0.5129073858,0.5285233259,0.5152056813,0.5334776640,0.5129974484
train:1747,0,-2.1143393517,-2.0417904854,-2.0551081300,-2.0116238594,-2.0321040750
train:1748,0,-3.3385345936,-3.2508833408,-3.2642009854,-3.2958111763,-3.3162913918
train:1750,0,-0.5705980062,-0.5298985243,-0.5432161689,-0.5046941638,-0.5251743793
train:1751,0,-0.5505679846,-0.4992254674,-0.5125431120,-0.5382118225,-0.5586920381
train:1752,0,0.9389977455,0.8913644552,0.8780468106,0.9900835156,0.9696033001
train:1753,0,-0.8199689388,-0.7836400270,-0.7969576716,-0.8113481998,-0.8318284154
train:1754,0,-1.4887793064,-1.5182187557,-1.5315364003,-1.3930704594,-1.4135506749
train:1755,0,-0.7118093371,-0.6809896231,-0.6943072677,-0.7122141719,-0.7326943874
train:1756,0,0.9649227858,0.9692659378,0.9559482932,0.9875795245,0.9670993090
train:1757,0,0.1258682162,0.1490877569,0.1357701123,0.2060882449,0.1856080294
train:1758,0,3.2563664913,3.1922805309,3.1789628863,3.1676619053,3.1471816897
train:1761,0,2.2625975609,2.2680091858,2.2546915412,2.3068437576,2.2863635421
train:1762,0,1.0901021957,1.0618795156,1.0485618711,1.1017522812,1.0812720656
train:1763,0,0.3366113603,0.3224592209,0.3091415763,0.3653696775,0.3448894620
train:1764,0,2.2951209545,2.2696537971,2.2563361526,2.2966041565,2.2761239409
train:1765,0,2.1327593327,2.0633084774,2.0499908328,2.2011072636,2.1806270480
train:1766,0,2.1830489635,2.1284513474,2.1151337028,2.2445702553,2.2240900397
train:1769,0,1.5849457979,1.5589859486,1.5456683040,1.6171441078,1.5966638923
train:1770,0,1.0145735741,0.9855276346,0.9722099900,1.0455685854,1.0250883698
train:1771,0,0.0541552901,0.0967550427,0.0834373981,0.1859840751,0.1655038595
train:1772,0,2.7138838768,2.7496032715,2.7362856269,2.7524132729,2.7319330573
train:1773,0,2.7732770443,2.7148299217,2.7015122771,2.7431082726,2.7226280570
train:1775,0,0.0740833804,0.0998276919,0.0865100473,0.0876575410,0.0671773255
train:1776,0,1.3891526461,1.3838232756,1.3705056310,1.3716366291,1.3511564136
train:1778,0,-1.4311758280,-1.3836889267,-1.3970065713,-1.4482357502,-1.4687159657
train:1780,0,0.6803486347,0.7183593512,0.7050417066,0.6834426522,0.6629624367
train:1781,0,2.5947012901,2.6396553516,2.6263377070,2.6646642685,2.6441840529
train:1782,0,-0.3367529511,-0.2834085226,-0.2967261672,-0.3191680610,-0.3396482766
train:1783,0,2.0849068165,2.0754253864,2.0621077418,2.0696709156,2.0491907001
train:1784,0,-0.7813102603,-0.7845640182,-0.7978816628,-0.8197374940,-0.8402177095
train:1786,0,-2.9532346725,-2.9244668484,-2.9377844930,-2.9171862602,-2.9376664758
train:1787,0,-3.3139350414,-3.2687089443,-3.2820265889,-3.2770972252,-3.2975774407
train:1788,0,-0.5130272508,-0.4990824759,-0.5124001205,-0.5619544983,-0.5824347138
train:1792,0,-1.2845122814,-1.2841610909,-1.2974787354,-1.2361190319,-1.2565992475
train:1793,0,0.5149161816,0.5056934357,0.4923757911,0.5399308205,0.5194506049
train:1794,0,0.5154820085,0.5230860114,0.5097683668,0.5522463322,0.5317661166
train:1795,0,0.1286341846,0.1869124472,0.1735948026,0.1212714911,0.1007912755
train:1796,0,-2.8072369099,-2.6948010921,-2.7081187367,-2.8096172810,-2.8300974965
train:1797,0,-1.0090777874,-0.9106492996,-0.9239669442,-0.9688221812,-0.9893023968
train:1798,0,0.9264603853,0.8929125071,0.8795948625,0.9598202705,0.9393400550
train:1799,0,-2.4903752804,-2.5039355755,-2.5172532201,-2.4992542267,-2.5197344422
train:1800,0,-1.7688746452,-1.7286860943,-1.7420037389,-1.7239012718,-1.7443814874
train:1801,0,0.5172015429,0.4973651171,0.4840474725,0.5500511527,0.5295709372
train:1802,0,-1.5473767519,-1.5459685326,-1.5592861772,-1.5225906372,-1.5430708528
train:1803,0,1.9859780073,1.9490633011,1.9357456565,2.0059835911,1.9855033755
train:1804,0,0.5747032762,0.5926368237,0.5793191791,0.6035277843,0.5830475688
train:1805,0,-3.8882162571,-3.8616893291,-3.8750069737,-3.8630299568,-3.8835101724
train:1806,0,-2.4086027145,-2.3090636730,-2.3223813176,-2.3469643593,-2.3674445748
train:1807,0,0.5583550334,0.5642260313,0.5509083867,0.5806317329,0.5601515174
train:1808,0,-1.5452295542,-1.5532865524,-1.5666041970,-1.5012481213,-1.5217283368
train:1809,0,-2.1037991047,-2.0028750896,-2.0161927342,-2.0422563553,-2.0627365708
train:1810,0,1.5362726450,1.5616731644,1.5483555198,1.5267415047,1.5062612891
train:1811,0,1.4114385843,1.4610345364,1.4477168918,1.4334065914,1.4129263759
train:1812,0,0.6022576690,0.6431512833,0.6298336387,0.5932828188,0.5728026032
train:1813,0,-1.4779528379,-1.4431996346,-1.4565172791,-1.5370697975,-1.5575500131
train:1814,0,-0.9927836061,-0.9199870825,-0.9333047271,-0.9732537866,-0.9937340021
train:1815,0,-0.2221388817,-0.2002333403,-0.2135509849,-0.2461122572,-0.2665924728
train:1818,0,1.0733059645,1.0212333202,1.0079156756,1.0603007078,1.0398204923
train:1819,0,0.1696553081,0.1637643427,0.1504466981,0.1377048939,0.1172246784
train:1821,0,1.2938421965,1.3143392801,1.3010216355,1.3780944347,1.3576142192
train:1823,0,1.7839908600,1.8030169010,1.7896992564,1.8163499832,1.7958697677
train:1824,0,0.0941870287,0.0871291161,0.0738114715,0.0852092654,0.0647290498
train:1825,0,1.6237628460,1.6767631769,1.6634455323,1.6910622120,1.6705819964
train:1826,0,1.2285629511,1.2225759029,1.2092582583,1.2213792801,1.2008990645
train:1827,0,2.4985654354,2.4844994545,2.4711818099,2.4830884933,2.4626082778
train:1829,0,0.1748123020,0.2573358417,0.2440181971,0.2351040542,0.2146238387
train:1830,0,-1.6243686676,-1.5805149078,-1.5938325524,-1.5748014450,-1.5952816606
train:1831,0,-1.5241503716,-1.5019555092,-1.5152731538,-1.6153788567,-1.6358590722
train:1832,0,-2.7524318695,-2.7418324947,-2.7551501393,-2.7352986336,-2.7557788491
train:1833,0,-2.4697923660,-2.4164698124,-2.4297874570,-2.4834856987,-2.5039659142
train:1834,0,0.5496090651,0.6005661488,0.5872485042,0.5710698366,0.5505896211
train:1835,0,-2.0266363621,-1.9903759956,-2.0036936402,-1.9953112602,-2.0157914758
train:1836,0,1.0672576427,1.0716000795,1.0582824349,1.0845589638,1.0640787482
train:1837,0,-2.1812376976,-2.2124536037,-2.2257712483,-2.1459407806,-2.1664209962
train:1838,0,1.4592511654,1.4913885593,1.4780709147,1.4631159306,1.4426357150
train:1839,0,-0.1793889552,-0.0787746608,-0.0920923054,-0.2678666413,-0.2883468568
train:1840,0,1.5502234697,1.5353858471,1.5220682025,1.6275026798,1.6070224643
train:1842,0,0.5600835681,0.6358665228,0.6225488782,0.5407015085,0.5202212930
train:1843,0,0.7513443828,0.8125778437,0.7992601991,0.7893946767,0.7689144611
train:1844,0,-0.1401697993,-0.1326524317,-0.1459700763,-0.1216690838,-0.1421492994
train:1845,-1,-5.1687865257,-5.1526246071,-5.1659422517,-5.1616344452,-5.1821146607
train:1846,0,-0.4490958452,-0.4448975027,-0.4582151473,-0.4316980243,-0.4521782398
train:1848,0,0.3202759326,0.3489286900,0.3356110454,0.3349114060,0.3144311905
train:1849,0,1.2389272451,1.3171180487,1.3038004041,1.2935874462,1.2731072307
train:1851,0,-0.4865223467,-0.4336812198,-0.4469988644,-0.4681435823,-0.4886237979
train:1852,0,2.0835549831,2.1083652973,2.0950476527,2.0906791687,2.0701989532
train:1853,0,-0.0664591715,-0.0928498209,-0.1061674654,-0.0797753036,-0.1002555192
train:1854,0,0.6107056737,0.6660072803,0.6526896358,0.6657330394,0.6452528238
train:1856,0,0.7505185008,0.7745721340,0.7612544894,0.7953494787,0.7748692632
train:1857,0,0.3175823689,0.3963131011,0.3829954565,0.3387115598,0.3182313442
train:1858,0,-0.2473098338,-0.1486489773,-0.1619666219,-0.1926170588,-0.2130972743
train:1859,0,0.1439648420,0.1924183667,0.1791007221,0.1661213785,0.1456411630
train:1860,0,-0.7277804017,-0.7272719145,-0.7405895591,-0.7131071687,-0.7335873842
train:1862,0,2.1895425320,2.1483738422,2.1350561976,2.2048327923,2.1843525767
train:1863,0,-1.8581407070,-1.8910132647,-1.9043309093,-1.8506047726,-1.8710849881
train:1864,0,-4.8738331795,-4.9063944817,-4.9197121263,-4.8448748589,-4.8653550744
train:1865,0,0.2264987379,0.2335720956,0.2202544510,0.2893714905,0.2688912749
train:1866,0,-0.0660145134,-0.0709311664,-0.0842488110,-0.0029709041,-0.0234511197
train:1867,0,-0.9569963813,-0.9351122379,-0.9484298825,-0.9161062837,-0.9365864992
train:1869,0,1.3098019361,1.3112980127,1.2979803681,1.4084455967,1.3879653811
train:1871,0,-0.6193843484,-0.6203783751,-0.6336960196,-0.5905519724,-0.6110321879
train:1872,0,1.1274127960,1.1243903637,1.1110727191,1.1736435890,1.1531633735
train:1873,0,1.2347724438,1.2463704348,1.2330527902,1.3272233009,1.3067430854
train:1874,0,-2.1256701946,-2.0157430172,-2.0290606618,-2.0743789673,-2.0948591828
train:1875,0,0.9381031394,0.9819782972,0.9686606526,0.9342666268,0.9137864113
train:1876,0,-2.8346433640,-2.8301529884,-2.8434706330,-2.8399677277,-2.8604479432
train:1877,0,0.4359501898,0.4703752398,0.4570575953,0.4529617727,0.4324815571
train:1878,0,-0.4077319801,-0.3397943079,-0.3531119525,-0.3869435191,-0.4074237347
train:1879,-1,-3.3733232021,-3.4000656605,-3.4133833051,-3.3800811768,-3.4005613923
train:1880,-1,-2.2379376888,-2.3085372448,-2.3218548894,-2.1038656235,-2.1243458390
train:1881,0,-1.4231190681,-1.3842327595,-1.3975504041,-1.3697123528,-1.3901925683
train:1883,-1,-8.1867971420,-8.7823209763,-8.7956386209,-8.4875297546,-8.5080099702
train:1884,0,-0.9702922702,-0.9952480793,-1.0085657239,-1.0734939575,-1.0939741731
train:1885,0,2.6338338852,2.5878560543,2.5745384097,2.6356859207,2.6152057052
train:1886,0,3.2261507511,3.2197234631,3.2064058185,3.2572689056,3.2367886901
train:1887,0,-1.2457456589,-1.2538270950,-1.2671447396,-1.2201895714,-1.2406697869
train:1888,0,1.1026177406,1.1212909222,1.1079732776,1.0908265114,1.0703462958
train:1889,0,1.4816673994,1.4682496786,1.4549320340,1.4889507294,1.4684705138
train:1891,0,-2.5303931236,-2.4733502865,-2.4866679311,-2.4871768951,-2.5076571107
train:1892,0,-0.6153048277,-0.6364125013,-0.6497301459,-0.6554239392,-0.6759041548
train:1894,0,2.2141454220,2.2471084595,2.2337908149,2.1851351261,2.1646549106
train:1896,0,0.3674409389,0.3764609993,0.3631433547,0.3712838888,0.3508036733
train:1897,0,1.6510825157,1.6588721275,1.6455544829,1.7073774338,1.6868972182
train:1898,0,-2.9019925594,-2.8824007511,-2.8957183957,-2.8772611618,-2.8977413774
train:1899,0,-1.6659367085,-1.6483612061,-1.6616788507,-1.7559587955,-1.7764390111
train:1900,0,-2.0430722237,-2.0003635883,-2.0136812329,-2.0563032627,-2.0767834783
train:1901,0,1.8187309504,1.7708784342,1.7575607896,1.8529126644,1.8324324489
train:1903,0,1.5433648825,1.5270246267,1.5137069821,1.6200346947,1.5995544791
train:1906,0,2.6414923668,2.6305932999,2.6172756553,2.6542255878,2.6337453723
train:1907,0,-0.8324335814,-0.8196134567,-0.8329311013,-0.8426373005,-0.8631175160
train:1908,0,-2.3108355999,-2.3079504967,-2.3212681413,-2.2608523369,-2.2813325524
train:1909,-1,-5.3883471489,-5.3110175133,-5.3243351579,-5.3737239838,-5.3942041993
train:1910,0,1.2535904646,1.2943789959,1.2810613513,1.2510554790,1.2305752635
train:1912,0,2.0985131264,2.1037490368,2.0904313922,2.1507921219,2.1303119063
train:1914,0,1.9332063198,1.9224148989,1.9090972543,1.9516155720,1.9311353564
train:1916,0,-1.0283064842,-1.0531063080,-1.0664239526,-0.9854614139,-1.0059416294
train:1917,0,-1.0659843683,-1.1840143204,-1.1973319650,-1.0378184319,-1.0582986474
train:1918,0,0.7565072179,0.7812589407,0.7679412961,0.7817096710,0.7612294555
train:1919,0,2.3644783497,2.3287122250,2.3153945804,2.4163658619,2.3958856463
train:1920,0,-0.4560541213,-0.4361592829,-0.4494769275,-0.4273402095,-0.4478204250
train:1921,0,-0.5998187065,-0.6079157591,-0.6212334037,-0.6247841716,-0.6452643871
train:1922,0,-1.4851657152,-1.4251604080,-1.4384780526,-1.4934201241,-1.5139003396
train:1923,0,0.6245807409,0.6594164371,0.6460987926,0.6349920630,0.6145118475
train:1924,0,-0.5192429423,-0.4782695472,-0.4915871918,-0.4793744683,-0.4998546839
train:1925,0,1.6078714132,1.6235849857,1.6102673411,1.5755603313,1.5550801158
train:1927,0,-0.3716278970,-0.4283808172,-0.4416984618,-0.3216387928,-0.3421190083
train:1928,0,0.7423983812,0.7604750395,0.7471573949,0.7307589650,0.7102787495
train:1930,0,0.3131698668,0.3200114071,0.3066937625,0.3187118769,0.2982316613
train:1932,0,1.8755526543,1.9066538811,1.8933362365,1.8708653450,1.8503851295
train:1933,0,-2.7857708931,-2.6975181103,-2.7108357549,-2.7690353394,-2.7895155549
train:1935,0,0.7075237632,0.6826940775,0.6693764329,0.7240212560,0.7035410404
train:1937,0,1.3831235170,1.4087820053,1.3954643607,1.4596920013,1.4392117858
train:1938,0,-1.3580969572,-1.3185253143,-1.3318429589,-1.3182988167,-1.3387790322
train:1940,0,0.2450501174,0.2386943996,0.2253767550,0.2918730676,0.2713928521
train:1941,0,-1.4325044155,-1.4365637302,-1.4498813748,-1.6469719410,-1.6674521565
train:1943,0,-1.6837267876,-1.5960484743,-1.6093661189,-1.6390883923,-1.6595686078
train:1944,0,-0.8566448689,-0.8278290033,-0.8411466479,-0.7697563767,-0.7902365923
train:1946,0,0.2616718709,0.3508182466,0.3375006020,0.2449270934,0.2244468778
train:1948,0,-0.7090720534,-0.6293234825,-0.6426411271,-0.7664553523,-0.7869355679
train:1951,0,-2.4436879158,-2.3991816044,-2.4124992490,-2.4225084782,-2.4429886937
train:1953,-1,-6.7814245224,-6.7730116844,-6.7863293290,-6.5369834900,-6.5574637055
train:1954,0,-0.0722862631,-0.0812077522,-0.0945253968,-0.1174591035,-0.1379393190
train:1955,0,0.7940281630,0.8453295231,0.8320118785,0.8351622224,0.8146820068
train:1956,0,1.8561183214,1.8333625793,1.8200449347,1.8635692596,1.8430890441
train:1957,0,1.1813782454,1.1730265617,1.1597089171,1.2067439556,1.1862637401
train:1958,0,0.8338742852,0.8637717962,0.8504541516,0.8837210536,0.8632408381
train:1959,0,-1.7180601358,-1.6391268969,-1.6524445415,-1.6977548599,-1.7182350755
train:1962,0,1.6599295139,1.6560899019,1.6427722573,1.7295193672,1.7090391517
train:1963,0,-2.1493914127,-2.1258389950,-2.1391566396,-2.1371624470,-2.1576426625
train:1965,0,0.3727371693,0.3729591072,0.3596414626,0.3494893312,0.3290091157
train:1966,0,1.8155342340,1.8114196062,1.7981019616,1.8273670673,1.8068868518
train:1967,0,1.6334639788,1.6695983410,1.6562806964,1.6388130188,1.6183328032
train:1968,0,2.1094920635,2.1341612339,2.1208435893,2.1379916668,2.1175114512
train:1969,0,0.3837562799,0.4036715627,0.3903539181,0.4568165541,0.4363363385
train:1972,0,0.1387367100,0.2016668767,0.1883492321,0.1993843317,0.1789041162
train:1973,0,1.6371854544,1.6722202301,1.6589025855,1.7105255127,1.6900452971
train:1974,0,0.3221339285,0.3215634823,0.3082458377,0.3640594780,0.3435792625
train:1976,0,-2.7582049370,-2.7527580261,-2.7660756707,-2.8873009682,-2.9077811837
train:1977,0,-0.8081182837,-0.7368525267,-0.7501701713,-0.7645114660,-0.7849916816
train:1978,0,0.6750558615,0.6869618893,0.6736442447,0.6988807321,0.6784005165
train:1979,0,1.4219738245,1.4595589638,1.4462413192,1.4275100231,1.4070298076
train:1980,0,0.9505591989,0.9409866333,0.9276689887,0.9963011742,0.9758209586
train:1981,0,-0.3821728528,-0.3976549208,-0.4109725654,-0.4369075298,-0.4573877454
train:1982,0,1.4085191488,1.4118335247,1.3985158801,1.4441072941,1.4236270785
train:1983,0,-1.6493885517,-1.6394528151,-1.6527704597,-1.6927831173,-1.7132633328
train:1984,0,2.3163886070,2.2806630135,2.2673453689,2.3157832623,2.2953030467
train:1985,0,-1.6457285881,-1.6071128845,-1.6204305291,-1.6205496788,-1.6410298944
train:1987,0,0.9175947905,0.9520411491,0.9387235045,1.0108840466,0.9904038310
train:1989,0,0.1361453831,0.0403615236,0.0270438790,0.0916920304,0.0712118149
train:1990,0,-1.3887541294,-1.3718210459,-1.3851386905,-1.3383786678,-1.3588588834
train:1991,0,1.3847658634,1.3351591825,1.3218415380,1.3502330780,1.3297528625
train:1992,0,-1.0425176620,-1.0247398615,-1.0380575061,-1.0655660629,-1.0860462785
train:1993,0,-1.1522277594,-1.1368148327,-1.1501324773,-1.1129307747,-1.1334109902
train:1996,0,1.1424261332,1.1909461021,1.1776284575,1.1734433174,1.1529631019
train:1997,0,-1.1896088123,-1.1463370323,-1.1596546769,-1.1300735474,-1.1505537629
train:1999,0,0.5268573761,0.5575612783,0.5442436337,0.4882245958,0.4677443802
train:2000,0,1.4529852867,1.4436166286,1.4302989841,1.4857945442,1.4653143287
train:2001,0,0.7819318771,0.7914459705,0.7781283259,0.7933338284,0.7728536129
train:2002,0,2.1485254765,2.1480758190,2.1347581744,2.1667349339,2.1462547183
train:2003,0,0.9534168243,0.9254282713,0.9121106267,0.9693095088,0.9488292933
train:2004,0,-0.3824025095,-0.3666531742,-0.3799708188,-0.3808385730,-0.4013187885
train:2005,0,-1.9220186472,-1.8954899311,-1.9088075757,-1.8829455376,-1.9034257531
train:2006,0,-2.3941733837,-2.3079149723,-2.3212326169,-2.4004971981,-2.4209774137
train:2007,0,2.2160701752,2.2924911976,2.2791735530,2.1893186569,2.1688384414
train:2008,0,-1.4010622501,-1.2723889351,-1.2857065797,-1.4237396717,-1.4442198873
train:2009,0,1.3388761282,1.3583579063,1.3450402617,1.3649652004,1.3444849849
train:2010,0,1.0277894735,0.9832370281,0.9699193835,1.0542130470,1.0337328315
train:2011,0,-1.6428475380,-1.5998463631,-1.6131640077,-1.6270720959,-1.6475523114
train:2012,0,1.9715080261,1.9654226303,1.9521049857,1.9916694164,1.9711892009
train:2014,0,0.3724041879,0.4119502008,0.3986325562,0.4296497107,0.4091694951
train:2016,-1,-2.7901628017,-2.8091073036,-2.8224249482,-2.8012452126,-2.8217254281
train:2017,0,1.4736121893,1.4348897934,1.4215721488,1.4894981384,1.4690179229
train:2018,0,1.5555571318,1.5618281364,1.5485104918,1.5884256363,1.5679454207
train:2019,0,1.7084032297,1.6799203157,1.6666026711,1.7454643250,1.7249841094
train:2020,0,0.1267192811,0.1450423300,0.1317246854,0.1878183186,0.1673381031
train:2021,0,0.5962371230,0.6062619686,0.5929443240,0.6081474423,0.5876672268
train:2022,0,0.9373384714,0.9561550617,0.9428374171,0.9265107512,0.9060305357
train:2024,0,2.4901218414,2.4733464718,2.4600288272,2.4954838753,2.4750036597
train:2025,0,-1.1141991615,-1.1236585379,-1.1369761825,-1.0921030045,-1.1125832200
train:2026,0,1.4177236557,1.3866319656,1.3733143210,1.5079669952,1.4874867797
train:2027,-1,-1.1822859049,-1.2275639772,-1.2408816218,-1.0970959663,-1.1175761819
train:2029,0,0.6377571225,0.6032501459,0.5899325013,0.6403857470,0.6199055314
train:2030,0,-2.0709917545,-2.0637099743,-2.0770276189,-2.0523314476,-2.0728116632
train:2031,0,0.7154240608,0.7795509100,0.7662332654,0.7306455970,0.7101653814
train:2032,0,0.9470739365,0.9327195883,0.9194019437,0.9945362210,0.9740560055
train:2035,0,-1.3835327625,-1.2984538078,-1.3117714524,-1.3175044060,-1.3379846215
train:2036,0,1.1746014357,1.1858450174,1.1725273728,1.2313823700,1.2109021544
train:2037,0,-1.3924478292,-1.3355789185,-1.3488965631,-1.4002609253,-1.4207411408
train:2038,0,0.6986382604,0.7422766685,0.7289590240,0.8187422156,0.7982620001
train:2039,0,-0.4015710354,-0.3752978444,-0.3886154890,-0.4028626084,-0.4233428240
train:2040,0,-0.9616252780,-0.9882727861,-1.0015904307,-0.9540457129,-0.9745259285
train:2041,0,1.2981961966,1.2927768230,1.2794591784,1.3342497349,1.3137695193
train:2042,0,2.7727115154,2.7911000252,2.7777823806,2.7857971191,2.7653169036
train:2043,0,1.0982491970,1.0133215189,1.0000038743,1.0541515350,1.0336713195
train:2044,-1,-2.8315954208,-2.7886705399,-2.8019881845,-2.8856635094,-2.9061437249
train:2045,0,-4.0445718765,-4.0678353310,-4.0811529756,-3.8756899834,-3.8961701989
train:2046,0,2.0833146572,2.1221246719,2.1088070273,2.1248521805,2.1043719649
train:2047,0,0.5219573975,0.4854192734,0.4721016288,0.5590066314,0.5385264158
train:2048,0,2.0611741543,2.0193326473,2.0060150027,2.0842337608,2.0637535453
train:2049,0,-1.8429930210,-1.8335494995,-1.8468671441,-1.8691570759,-1.8896372914
train:2050,0,-1.0321601629,-0.9890947342,-1.0024123788,-1.0556952953,-1.0761755109
train:2051,0,1.4688918591,1.4958415031,1.4825238585,1.5089864731,1.4885062575
train:2052,-2,-7.9303627014,-3.3770844936,-3.3904021382,-8.5936536789,-8.6141338944
train:2053,0,0.7267346978,0.7473386526,0.7340210080,0.7742728591,0.7537926435
train:2054,0,-2.8086130619,-2.8303608894,-2.8436785340,-2.8304741383,-2.8509543538
train:2056,0,2.8074574471,2.7976143360,2.7842966914,2.8506455421,2.8301653266
train:2057,0,1.7158924341,1.7576065063,1.7442888618,1.7279758453,1.7074956298
train:2059,0,1.3636931181,1.4248027802,1.4114851356,1.4126539230,1.3921737075
train:2060,0,1.3413847685,1.3194380999,1.3061204553,1.3930494785,1.3725692630
train:2061,0,-3.0828123093,-3.0695040226,-3.0828216672,-3.0782821178,-3.0987623334
train:2062,0,-0.2986038923,-0.1665444672,-0.1798621118,-0.2792681456,-0.2997483611
train:2063,0,0.5625736713,0.5420674086,0.5287497640,0.6912593246,0.6707791090
train:2064,0,-0.3587543368,-0.3384430408,-0.3517606854,-0.3422244489,-0.3627046645
train:2065,0,-0.0499704219,-0.0952919573,-0.1086096019,-0.0427029431,-0.0631831586
train:2066,0,3.1298177242,3.1762688160,3.1629511714,3.1011455059,3.0806652904
train:2067,0,1.1296576262,1.2622556686,1.2489380240,1.2245311737,1.2040509582
train:2069,0,-1.4152784348,-1.3643960953,-1.3777137399,-1.3950085640,-1.4154887795
train:2070,0,-2.5430660248,-2.4618363380,-2.4751539826,-2.5189013481,-2.5393815637
train:2072,0,1.3735049963,1.3295098543,1.3161922097,1.4048690796,1.3843888640
train:2073,0,-1.4191679955,-1.3549987078,-1.3683163524,-1.3657777309,-1.3862579465
train:2074,0,0.0920324475,0.1260503978,0.1127327532,0.1591168493,0.1386366338
train:2075,0,2.7901446819,2.8260583878,2.8127407432,2.8413276672,2.8208474517
train:2076,0,-0.2456408441,-0.1929326355,-0.2062502801,-0.2718530893,-0.2923333049
train:2077,0,2.6600773335,2.6887331009,2.6754154563,2.6342849731,2.6138047576
train:2078,0,1.6856975555,1.6071392298,1.5938215852,1.6931006908,1.6726204753
train:2079,0,0.6673905253,0.6858782768,0.6725606322,0.7248553634,0.7043751478
train:2080,0,-1.3126647472,-1.3092671633,-1.3225848079,-1.2832179070,-1.3036981225
train:2081,0,1.2745692730,1.3110105991,1.2976929545,1.3516144753,1.3311342597
train:2082,0,1.0978933573,1.1095407009,1.0962230563,1.1210081577,1.1005279422
train:2084,0,0.6031593084,0.6299159527,0.6165983081,0.6386525035,0.6181722879
train:2085,0,-1.2159568071,-1.2182341814,-1.2315518260,-1.1869297028,-1.2074099183
train:2086,0,1.2455540895,1.2182537317,1.2049360871,1.3159134388,1.2954332232
train:2088,0,1.8910138607,1.9021522999,1.8888346553,1.9266042709,1.9061240554
train:2090,0,0.9872184992,0.9772886038,0.9639709592,0.9729360342,0.9524558187
train:2092,0,0.6228231788,0.6204369068,0.6071192622,0.6886417866,0.6681615710
train:2093,0,0.9283218384,0.9621298313,0.9488121867,0.9888457656,0.9683655500
train:2094,0,0.9846426845,1.0111186504,0.9978010058,1.0372246504,1.0167444348
train:2095,0,0.9465981722,0.9237951040,0.9104774594,0.9860655665,0.9655853510
train:2096,0,2.0356218815,2.0035471916,1.9902295470,2.0386416912,2.0181614757
train:2097,0,0.8623467088,0.8883135319,0.8749958873,0.8212651610,0.8007849455
train:2098,0,0.0732799321,0.0775445104,0.0642268658,0.0086360872,-0.0118441284
train:2100,0,2.2667372227,2.2483069897,2.2349893451,2.2804536819,2.2599734664
train:2101,0,1.1551995277,1.1141561270,1.1008384824,1.1898064613,1.1693262458
train:2102,0,0.4685900509,0.7939807177,0.7806630731,0.6008640528,0.5803838372
train:2103,0,0.4172687232,0.4377280772,0.4244104326,0.4330121279,0.4125319123
train:2104,0,-1.0130449533,-0.9956998825,-1.0090175271,-0.9369074702,-0.9573876858
train:2107,0,0.5417487621,0.5159385800,0.5026209354,0.5594866276,0.5390064120
train:2108,0,1.5631133318,1.5677933693,1.5544757247,1.5779910088,1.5575107932
train:2109,0,0.5701588392,0.5431013107,0.5297836661,0.6413946152,0.6209143996
train:2110,0,0.7081919312,0.6907382011,0.6774205565,0.7390092611,0.7185290456
train:2111,0,0.0875147805,0.0825229883,0.0692053437,0.1483680904,0.1278878748
train:2112,0,-1.8973715305,-1.8833689690,-1.8966866136,-1.9061150551,-1.9265952706
train:2113,0,-0.7603999972,-0.7734813690,-0.7867990136,-0.7639221549,-0.7844023705
train:2114,0,-0.4299768507,-0.3837525547,-0.3970701993,-0.3889082074,-0.4093884230
train:2115,0,0.1619879454,0.2154515386,0.2021338940,0.1505448818,0.1300646663
train:2117,0,-1.0752201080,-1.0448312759,-1.0581489205,-1.0622518063,-1.0827320218
train:2118,0,1.8027749062,1.7946398258,1.7813221812,1.7983326912,1.7778524756
train:2119,0,0.1129178777,0.1766873002,0.1633696556,0.1812868267,0.1608066112
train:2120,0,-0.6454923749,-0.6036719084,-0.6169895530,-0.5964782238,-0.6169584394
train:2122,0,0.1889534444,0.3019579053,0.2886402607,0.1970388293,0.1765586138
train:2123,0,1.0758680105,0.7124683857,0.6991507411,0.8241632581,0.8036830425
train:2124,0,0.5515644550,0.5841554403,0.5708377957,0.5418604612,0.5213802457
train:2125,0,-0.3655581176,-0.2800737321,-0.2933913767,-0.3097445667,-0.3302247822
train:2127,0,1.4661273956,1.4663896561,1.4530720115,1.5304217339,1.5099415183
train:2129,0,-0.2052936256,-0.2694463432,-0.2827639878,-0.1862130165,-0.2066932321
train:2130,0,-0.3022191525,-0.2624444366,-0.2757620811,-0.2905704975,-0.3110507131
train:2131,0,-2.5835230350,-2.4896476269,-2.5029652715,-2.5334372520,-2.5539174676
train:2132,0,0.9024224877,0.9001476765,0.8868300319,0.9496863484,0.9292061329
train:2134,-1,-2.8300089836,-2.8251826763,-2.8385003209,-2.8636174202,-2.8840976357
train:2136,0,-0.4755695760,-0.4251200557,-0.4384377003,-0.4379104972,-0.4583907127
train:2138,0,-0.0982548520,-0.1125426590,-0.1258603036,-0.1049912572,-0.1254714727
train:2139,0,2.6767654419,2.7239344120,2.7106167674,2.6907505989,2.6702703834
train:2140,0,0.2224249840,0.2588441372,0.2455264926,0.2800040543,0.2595238388
train:2143,0,2.2030351162,2.2398684025,2.2265507579,2.1977767944,2.1772965789
train:2144,0,0.1865438670,0.2631926239,0.2498749793,0.1692268848,0.1487466693
train:2145,0,1.9322960377,1.9325876236,1.9192699790,1.9358363152,1.9153560996
train:2146,0,0.3069437444,0.3012944162,0.2879767716,0.3895910680,0.3691108525
train:2147,0,1.8402441740,1.8469640017,1.8336463571,1.9106657505,1.8901855350
train:2148,-1,-7.1691389084,-7.5890431404,-7.6023607850,-7.2400274277,-7.2605076432
train:2149,0,0.4387668967,0.5928432941,0.5795256495,0.5520300865,0.5315498710
train:2150,0,-0.0810599774,0.0163832009,0.0030655563,-0.0685829073,-0.0890631229
train:2151,0,1.9637966156,2.0344164371,2.0210987926,2.0157759190,1.9952957034
train:2152,0,1.9163596630,1.8931319714,1.8798143268,1.9109663963,1.8904861808
train:2153,0,1.8235396147,1.8638963699,1.8505787253,1.8339080811,1.8134278655
train:2154,0,-0.4437242746,-0.4140711725,-0.4273888171,-0.3687418997,-0.3892221153
train:2155,0,-0.0266337991,0.0212846100,0.0079669654,0.0271181688,0.0066379532
train:2156,0,1.2585867643,1.2528991699,1.2395815253,1.3209493160,1.3004691005
train:2158,0,-2.4453227520,-2.5101013184,-2.5234189630,-2.3353798389,-2.3558600545
train:2159,0,1.6027319431,1.5893995762,1.5760819316,1.7072620392,1.6867818236
train:2160,0,-3.9981806278,-3.9901292324,-4.0034468770,-4.1513948441,-4.1718750596
train:2161,0,0.7564696074,0.7715854645,0.7582678199,0.8264045119,0.8059242964
train:2163,0,1.7146173716,1.6893694401,1.6760517955,1.6428084373,1.6223282218
train:2164,0,1.4327199459,1.4350068569,1.4216892123,1.4651210308,1.4446408153
train:2165,0,1.6864336729,1.6498204470,1.6365028024,1.6850643158,1.6645841002
train:2166,0,-2.1224739552,-2.0697705746,-2.0830882192,-2.0119853020,-2.0324655175
train:2167,0,-2.2387442589,-2.1599795818,-2.1732972264,-2.2570147514,-2.2774949670
train:2168,0,-1.4717209339,-1.4169418812,-1.4302595258,-1.4651899338,-1.4856701493
train:2169,0,2.2872111797,2.2218782902,2.2085606456,2.3286581039,2.3081778884
train:2170,0,2.8505156040,2.7991049290,2.7857872844,2.8562483788,2.8357681632
train:2174,0,0.9983320832,1.0427109003,1.0293932557,1.1169152260,1.0964350104
train:2175,0,1.1402251720,1.1362395287,1.1229218841,1.2436642647,1.2231840491
train:2176,0,0.0158725064,0.0286357254,0.0153180808,0.0811480582,0.0606678426
train:2177,0,-4.4355545044,-4.3563494682,-4.3696671128,-4.3744544983,-4.3949347138
train:2178,0,-2.1732563972,-2.1517064571,-2.1650241017,-2.1476900578,-2.1681702733
train:2179,0,0.8525393009,0.8701277971,0.8568101525,0.8543527126,0.8338724971
train:2180,0,2.1193711758,2.0902125835,2.0768949389,2.1767737865,2.1562935710
train:2181,0,-1.4297500849,-1.4298498631,-1.4431675076,-1.3578548431,-1.3783350587
train:2182,0,0.9761379957,0.9551395178,0.9418218732,1.0046770573,0.9841968417
train:2184,0,-0.9821832180,-0.9105772972,-0.9238949418,-0.9933961034,-1.0138763189
train:2185,0,0.7821086645,0.7892876863,0.7759700418,0.8038685918,0.7833883762
train:2186,0,1.9962158203,1.9637711048,1.9504534602,1.9989404678,1.9784602523
train:2187,0,0.1351244748,0.1237965301,0.1104788855,0.1728025824,0.1523223668
train:2189,0,1.1920166016,1.1956448555,1.1823272109,1.1478643417,1.1273841262
train:2190,0,-0.5835202336,-0.5504333973,-0.5637510419,-0.5669000745,-0.5873802900
train:2191,0,-0.9415393472,-0.9001538754,-0.9134715199,-0.8911963105,-0.9116765261
train:2192,0,-0.5810980201,-0.5720776320,-0.5853952765,-0.5758873820,-0.5963675976
train:2193,0,-2.7510056496,-2.6001565456,-2.6134741902,-2.6705904007,-2.6910706162
train:2194,0,1.5370091200,1.5750151873,1.5616975427,1.7003524303,1.6798722148
train:2195,0,-2.8027563095,-2.7938539982,-2.8071716428,-2.7699375153,-2.7904177308
train:2196,0,0.9385862350,0.9553240538,0.9420064092,0.9745963812,0.9541161656
train:2197,0,1.0002330542,0.9940277338,0.9807100892,1.0505790710,1.0300988555
train:2198,0,2.4352107048,2.4220416546,2.4087240100,2.3899405003,2.3694602847
train:2200,0,1.0449520350,1.0673092604,1.0539916158,1.0638003349,1.0433201194
train:2202,0,0.3890523016,0.3142679036,0.3009502590,0.4288134575,0.4083332419
train:2204,0,2.3938395977,2.3896515369,2.3763338923,2.4152340889,2.3947538733
train:2205,0,0.6608105302,0.6386326551,0.6253150105,0.6800022721,0.6595220566
train:2206,0,-1.6354115009,-1.6076048613,-1.6209225059,-1.6622917652,-1.6827719808
train:2207,0,0.3730869293,0.4641310275,0.4508133829,0.4276486039,0.4071683884
train:2208,0,-2.5318441391,-2.5159862041,-2.5293038487,-2.5771551132,-2.5976353288
train:2209,0,1.7894136906,1.8374748230,1.8241571784,1.7852706909,1.7647904754
train:2210,-12,-42.0365638733,-40.9470291138,-40.9603467584,-42.1503944397,-42.1708746552
train:2211,0,1.4308478832,1.4197876453,1.4064700007,1.3627138138,1.3422335982
train:2212,-1,-3.1154255867,-3.0662748814,-3.0795925260,-3.0490260124,-3.0695062280
train:2213,0,1.3592480421,1.3758755922,1.3625579476,1.3923184872,1.3718382716
train:2214,0,-1.9618684053,-1.9281685352,-1.9414861798,-1.9905037880,-2.0109840035
train:2215,0,-0.3492225707,-0.3361632526,-0.3494808972,-0.3105484843,-0.3310286999
train:2216,0,1.4595129490,1.4523053169,1.4389876723,1.4756333828,1.4551531672
train:2221,0,1.1609040499,1.1718909740,1.1585733294,1.2122612000,1.1917809844
train:2222,0,0.8662489057,0.8741070032,0.8607893586,0.8944748640,0.8739946485
train:2225,0,1.4969897270,1.4700171947,1.4566995502,1.4987757206,1.4782955050
train:2226,0,-2.5170831680,-2.4666655064,-2.4799831510,-2.4301488400,-2.4506290555
train:2227,0,-0.3433220685,-0.2839016616,-0.2972193062,-0.2123905420,-0.2328707576
train:2228,-1,-3.3948369026,-3.4190065861,-3.4323242307,-3.4551496506,-3.4756298661
train:2229,0,1.0837081671,1.1489337683,1.1356161237,1.1364691257,1.1159889102
train:2230,0,1.7155642509,1.6769249439,1.6636072993,1.7203204632,1.6998402476
train:2231,0,-1.9437528849,-1.8881361485,-1.9014537930,-1.8644933701,-1.8849735856
train:2232,-2,-7.9845757484,-7.9641938210,-7.9775114655,-8.5055236816,-8.5260038972
train:2234,0,-2.3462135792,-2.2131166458,-2.2264342904,-2.2925627232,-2.3130429387
train:2235,0,1.0228205919,1.0023753643,0.9890577197,1.0084254742,0.9879452586
train:2236,0,-0.1314257383,-0.1405792534,-0.1538968980,-0.0805421174,-0.1010223329
train:2237,0,-1.3660978079,-1.2862652540,-1.2995828986,-1.3211779594,-1.3416581750
train:2238,0,0.0193283968,0.0223344564,0.0090168118,0.0181618631,-0.0023183525
train:2239,0,-1.1965595484,-1.1608220339,-1.1741396785,-1.2063488960,-1.2268291116
train:2240,0,2.2086706161,2.2372925282,2.2239748836,2.2246265411,2.2041463256
train:2241,0,1.8988182545,1.8981553316,1.8848376870,1.8721950054,1.8517147899
train:2242,0,-3.8656370640,-3.8333513737,-3.8466690183,-3.8184895515,-3.8389697671
train:2243,0,-0.3704864681,-0.3849507272,-0.3982683718,-0.3714214861,-0.3919017017
train:2244,0,1.1833026409,1.2124199867,1.1991023421,1.2078719139,1.1873916984
train:2245,0,2.1884934902,2.2313709259,2.2180532813,2.2182760239,2.1977958083
train:2246,0,1.0031905174,1.0324505568,1.0191329122,1.0351490974,1.0146688819
train:2247,0,2.5878012180,2.4986598492,2.4853422046,2.5477130413,2.5272328258
train:2248,0,-0.4156613350,-0.3536454439,-0.3669630885,-0.4693737626,-0.4898539782
train:2249,0,3.5166192055,3.4547021389,3.4413844943,3.5468835831,3.5264033675
train:2250,0,2.5652983189,2.6660101414,2.6526924968,2.5811102390,2.5606300235
train:2251,0,-4.0002112389,-3.9542715549,-3.9675891995,-3.9338769913,-3.9543572068
train:2252,0,-0.3580016494,-0.2750654519,-0.2883830965,-0.3646224737,-0.3851026893
train:2253,0,-3.3079910278,-3.2126524448,-3.2259700894,-3.2279000282,-3.2483802438
train:2254,0,-0.6103062034,-0.6112513542,-0.6245689988,-0.6122667193,-0.6327469349
train:2255,0,1.4297690392,1.4306951761,1.4173775315,1.4625577927,1.4420775771
train:2256,0,-1.0684944391,-1.0027565956,-1.0160742402,-0.9839740396,-1.0044542551
train:2257,0,-0.1948854625,-0.1553661227,-0.1686837673,-0.1607613564,-0.1812415719
train:2258,0,1.4199216366,1.4262849092,1.4129672647,1.4087581635,1.3882779479
train:2259,0,-0.7516918182,-0.7039113045,-0.7172289491,-0.7215254307,-0.7420056462
train:2260,0,0.4687555432,0.5181896687,0.5048720241,0.5046103001,0.4841300845
train:2264,-1,-3.8059947491,-3.7682538033,-3.7815714478,-3.7964076996,-3.8168879151
train:2265,0,-3.3120210171,-3.2334072590,-3.2467249036,-3.2836999893,-3.3041802049
train:2266,0,0.0485039055,0.0632797182,0.0499620736,0.0473153740,0.0268351585
train:2268,0,-1.2928113937,-1.2420382500,-1.2553558946,-1.1727621555,-1.1932423711
train:2269,0,-2.5874917507,-2.5056898594,-2.5190075040,-2.6034443378,-2.6239245534
train:2270,0,1.2467410564,1.1980652809,1.1847476363,1.2875289917,1.2670487761
train:2271,0,1.9325166941,1.9422657490,1.9289481044,1.9519891739,1.9315089583
train:2274,0,0.0113624483,0.0308656543,0.0175480098,0.0032610893,-0.0172191262
train:2275,0,1.1653417349,1.1885898113,1.1752721667,1.1815099716,1.1610297561
train:2276,0,0.7824470997,0.7559869289,0.7426692843,0.7956688404,0.7751886249
train:2277,0,0.9674038291,0.9489750862,0.9356574416,1.0060834885,0.9856032729
train:2278,0,-5.0864143372,-4.9620671272,-4.9753847718,-4.9501609802,-4.9706411958
train:2279,0,1.1115579605,1.1340675354,1.1207498908,1.1211810112,1.1007007957
train:2281,0,2.8386561871,2.7418477535,2.7285301089,2.8245606422,2.8040804267
train:2282,0,-1.9406220913,-1.8670754433,-1.8803930879,-1.9394052029,-1.9598854184
train:2283,0,0.6422121525,0.6322182417,0.6189005971,0.6150534749,0.5945732594
train:2284,0,1.6127604246,1.5588672161,1.5455495715,1.6140530109,1.5935727954
train:2285,0,-3.3877635002,-3.3575575352,-3.3708751798,-3.4438621998,-3.4643424153
train:2286,0,-1.0719503164,-1.1134765148,-1.1267941594,-1.1613790989,-1.1818593144
train:2287,0,-2.7043380737,-2.7366588116,-2.7499764562,-2.6737232208,-2.6942034364
train:2291,0,1.0993995667,1.0709924698,1.0576748252,1.0785975456,1.0581173301
train:2292,0,1.8349165916,1.8291146755,1.8157970309,1.8336372375,1.8131570220
train:2294,0,-0.1126945615,-0.1351812035,-0.1484988481,-0.0680892766,-0.0885694921
train:2299,0,-3.0129237175,-2.8729295731,-2.8862472177,-2.9481487274,-2.9686289430
train:2300,0,1.3276259899,1.3243293762,1.3110117316,1.3335103989,1.3130301833
train:2301,0,-1.2536933422,-1.1602267027,-1.1735443473,-1.1569697857,-1.1774500012
train:2302,0,1.1849802732,1.1193979979,1.1060803533,1.2025828362,1.1821026206
train:2305,0,-0.8678926229,-0.8886951208,-0.9020127654,-0.8777330518,-0.8982132673
train:2306,0,-2.2952487469,-2.2858254910,-2.2991431355,-2.3038086891,-2.3242889047
train:2307,0,0.8591028452,0.8999375105,0.8866198659,0.8978146315,0.8773344159
train:2309,0,-1.2326215506,-1.2136795521,-1.2269971967,-1.2435088158,-1.2639890313
train:2311,0,-1.7595686913,-1.7827179432,-1.7960355878,-1.7140939236,-1.7345741391
train:2312,0,0.7622115612,0.7715120316,0.7581943870,0.7930002809,0.7725200653
train:2314,0,3.2313349247,3.1704640388,3.1571463943,3.2273621559,3.2068819404
train:2315,0,0.2434489727,0.2320936024,0.2187759578,0.2691951394,0.2487149239
train:2317,0,-2.2936818600,-2.1996343136,-2.2129519582,-2.2978954315,-2.3183756471
train:2318,0,-0.1685938090,-0.1650415361,-0.1783591807,-0.1616840363,-0.1821642518
train:2320,0,0.2676218450,0.2699398696,0.2566222250,0.2854831219,0.2650029063
train:2321,0,1.3398065567,1.3360147476,1.3226971030,1.3362691402,1.3157889247
train:2322,0,1.8003851175,1.8730125427,1.8596948981,1.8660910130,1.8456107974
train:2323,0,-0.1662323177,-0.1750176847,-0.1883353293,-0.1736253500,-0.1941055655
train:2325,0,-1.4380793571,-1.4289109707,-1.4422286153,-1.4325053692,-1.4529855847
train:2326,0,-1.9116958380,-1.8795886040,-1.8929062486,-1.9015727043,-1.9220529199
train:2327,0,0.0929639861,0.0867749751,0.0734573305,0.0973164886,0.0768362731
train:2328,0,2.1396379471,2.1495623589,2.1362447143,2.1696691513,2.1491889358
train:2329,0,2.4794180393,2.5527822971,2.5394646525,2.5151307583,2.4946505427
train:2331,0,1.9611741304,1.8812232018,1.8679055572,1.9559304714,1.9354502559
train:2333,0,2.7270965576,2.6908590794,2.6775414348,2.7984824181,2.7780022025
train:2334,-1,-3.8155388832,-3.7665376663,-3.7798553109,-3.8337161541,-3.8541963696
train:2335,0,1.3701579571,1.5010856390,1.4877679944,1.4133064747,1.3928262591
train:2336,0,-0.0156815276,-0.0487161726,-0.0620338172,-0.0018923730,-0.0223725885
train:2337,0,-0.7647205591,-0.7584668398,-0.7717844844,-0.7621263266,-0.7826065421
train:2339,0,2.5110208988,2.5224385262,2.5091208816,2.5436301231,2.5231499076
train:2340,0,1.2779849768,1.3056603670,1.2923427224,1.2921679020,1.2716876864
train:2341,0,-0.4570357800,-0.4131147265,-0.4264323711,-0.4266809821,-0.4471611977
train:2342,0,0.6663389802,0.6600453854,0.6467277408,0.6823536754,0.6618734598
train:2344,0,1.0405293703,1.0348839760,1.0215663314,1.0816566944,1.0611764789
train:2346,0,-1.5865414143,-1.6127829552,-1.6261005998,-1.5466780663,-1.5671582818
train:2347,-4,-11.5658740997,-0.2375228703,-0.2508405149,-12.2166290283,-12.2371092439
train:2348,0,1.6132470369,1.5983742476,1.5850566030,1.5915091038,1.5710288882
train:2350,0,2.2884395123,2.2633373737,2.2500197291,2.3068726063,2.2863923907
train:2351,0,2.9869015217,2.9955346584,2.9822170138,2.9910705090,2.9705902934
train:2352,0,-0.4768119156,-0.3007619679,-0.3140796125,-0.3851431310,-0.4056233466
train:2354,0,-0.3568323255,-0.3867267072,-0.4000443518,-0.3368212581,-0.3573014736
train:2355,-1,-2.7932546139,-2.7782425880,-2.7915602326,-2.8896918297,-2.9101720452
train:2356,0,-4.1379899979,-4.0807719231,-4.0940895677,-4.1182317734,-4.1387119889
train:2357,0,1.1968531609,1.2293950319,1.2160773873,1.2688648701,1.2483846545
train:2358,0,-2.0923917294,-2.0923202038,-2.1056378484,-2.0819206238,-2.1024008393
train:2359,0,3.2706594467,3.2666163445,3.2532986999,3.2392270565,3.2187468410
train:2362,0,1.7939244509,1.8108563423,1.7975386977,1.8364341259,1.8159539104
train:2363,0,1.6289837360,1.6285440922,1.6152264476,1.6364705563,1.6159903407
train:2364,0,-2.7979927063,-2.9172275066,-2.9305451512,-2.7937355042,-2.8142157197
train:2365,0,-0.4787078798,-0.3567844331,-0.3701020777,-0.4187589288,-0.4392391443
train:2367,0,1.3810853958,1.3468306065,1.3335129619,1.3554768562,1.3349966407
train:2368,0,1.6791785955,1.6826496124,1.6693319678,1.7080349922,1.6875547767
train:2369,0,3.4019808769,3.4087345600,3.3954169154,3.3881983757,3.3677181602
train:2370,0,1.0482949018,1.0904345512,1.0771169066,1.0736670494,1.0531868339
train:2372,0,1.0685853958,1.0343415737,1.0210239291,1.1128973961,1.0924171805
train:2373,0,-2.0289857388,-1.9946491718,-2.0079668164,-2.0659959316,-2.0864761472
train:2376,0,-1.0685260296,-1.0304700136,-1.0437876582,-1.1133363247,-1.1338165402
train:2377,0,1.1530435085,1.1674165726,1.1540989280,1.1560318470,1.1355516315
train:2378,0,-1.2983121872,-1.2531157732,-1.2664334178,-1.2588813305,-1.2793615460
train:2379,0,-0.0406546146,-0.0323975384,-0.0457151830,-0.0080448613,-0.0285250768
train:2380,0,-2.6124074459,-2.5309159756,-2.5442336202,-2.5607519150,-2.5812321305
train:2381,0,2.3002965450,2.3028147221,2.2894970775,2.3360908031,2.3156105876
train:2382,0,1.3891069889,1.4185478687,1.4052302241,1.4196131229,1.3991329074
train:2383,0,-1.4216358662,-1.3749139309,-1.3882315755,-1.3595666885,-1.3800469041
train:2384,0,-0.2993469536,-0.2648779154,-0.2781955600,-0.2693302035,-0.2898104191
train:2386,0,-0.3317810297,-0.2732518911,-0.2865695357,-0.2828720808,-0.3033522964
train:2387,0,3.1761572361,3.1458904743,3.1325728297,3.1376562119,3.1171759963
train:2388,0,-2.1069099903,-2.0878565311,-2.1011741757,-2.0955677032,-2.1160479188
train:2389,0,-4.0923194885,-3.9899189472,-4.0032365918,-4.0611772537,-4.0816574693
train:2390,0,-0.4660170674,-0.4377469718,-0.4510646164,-0.3991773725,-0.4196575880
train:2391,0,-0.0814762935,-0.0942003131,-0.1075179577,-0.0777696669,-0.0982498825
train:2392,0,-0.5505384207,-0.5525689125,-0.5658865571,-0.4932075143,-0.5136877298
train:2393,0,-2.0070421696,-1.9044404030,-1.9177580476,-2.0139455795,-2.0344257951
train:2394,0,1.1131559610,1.1105068922,1.0971892476,1.1542468071,1.1337665915
train:2396,0,0.0498186387,0.0683825687,0.0550649241,0.0483602360,0.0278800204
train:2398,0,0.8761361837,0.9427518845,0.9294342399,0.8946239948,0.8741437793
train:2399,0,-1.0901466608,-1.1019666195,-1.1152842641,-1.0809917450,-1.1014719605
train:2400,0,-0.2567412257,-0.2682472765,-0.2815649211,-0.2278671265,-0.2483473420
train:2402,0,0.8624128699,0.8925981522,0.8792805076,0.8623114228,0.8418312073
train:2404,0,1.4377719164,1.4560916424,1.4427739978,1.4539706707,1.4334904552
train:2405,0,0.5405836105,0.5396891832,0.5263715386,0.5848365426,0.5643563271
train:2406,0,0.6424891949,0.6425976753,0.6292800307,0.6800132394,0.6595330238
train:2407,0,-0.7090529203,-0.6891484261,-0.7024660707,-0.6805347800,-0.7010149956
train:2408,0,-2.1203398705,-2.1414382458,-2.1547558904,-2.1196346283,-2.1401148438
train:2409,0,1.7772687674,1.7201349735,1.7068173289,1.7351889610,1.7147087455
train:2410,0,-3.1470665932,-3.0629513264,-3.0762689710,-3.1894955635,-3.2099757791
train:2412,0,0.4391341805,0.4580060840,0.4446884394,0.4848346114,0.4643543959
train:2413,0,1.7755281925,1.7658520937,1.7525344491,1.8560853004,1.8356050849
train:2414,0,-1.6562178135,-1.5978409052,-1.6111585498,-1.7135274410,-1.7340076566
train:2416,0,1.4997576475,1.4954116344,1.4820939898,1.5828747749,1.5623945594
train:2417,0,-0.0222143289,-0.0418086350,-0.0551262796,-0.0303651392,-0.0508453548
train:2418,-1,-1.9727942944,-1.9684307575,-1.9817484021,-1.9893035889,-2.0097838044
train:2419,0,-1.5841909647,-1.5431172848,-1.5564349294,-1.5823006630,-1.6027808785
train:2420,0,2.0550377369,2.0921933651,2.0788757205,2.0874495506,2.0669693351
train:2421,0,1.9004889727,1.9113875628,1.8980699182,1.9583103657,1.9378301501
train:2422,0,1.3487929106,1.3422837257,1.3289660811,1.3845231533,1.3640429378
train:2424,0,2.0729134083,2.0673913956,2.0540737510,2.1124191284,2.0919389129
train:2426,0,1.7585747242,1.7367266417,1.7234089971,1.6840875149,1.6636072993
train:2427,0,0.5119837523,0.4836395979,0.4703219533,0.5341086388,0.5136284232
train:2429,0,-0.5145329237,-0.5034710169,-0.5167886615,-0.4605683684,-0.4810485840
train:2430,0,0.1555858254,0.1914057732,0.1780881286,0.1182273924,0.0977471769
train:2431,0,2.4519126415,2.5081984997,2.4948808551,2.4688029289,2.4483227134
train:2432,0,1.2289806604,1.2305761576,1.2172585130,1.2411901951,1.2207099795
train:2434,0,0.5969824195,0.5725607872,0.5592431426,0.6447262168,0.6242460012
train:2436,0,-0.0218795966,0.0122637302,-0.0010539144,-0.0119165629,-0.0323967785
train:2437,0,0.1202873066,0.1551850885,0.1418674439,0.1370050013,0.1165247858
train:2438,-1,-7.8825869560,-7.8644957542,-7.8778133988,-7.8231849670,-7.8436651826
train:2441,0,0.3432762325,0.3958716989,0.3825540543,0.3661179543,0.3456377387
train:2442,0,1.4179524183,1.4569756985,1.4436580539,1.4011955261,1.3807153106
train:2443,0,1.8285368681,1.7873749733,1.7740573287,1.8126776218,1.7921974063
train:2444,0,-0.2409602702,-0.2108383775,-0.2241560221,-0.1963112950,-0.2167915106
train:2445,-1,-1.6809911728,-1.6273243427,-1.6406419873,-1.8047168255,-1.8251970410
train:2446,0,0.1595544070,0.1647265106,0.1514088660,0.1995384693,0.1790582538
train:2447,0,1.5934369564,1.5954313278,1.5821136832,1.5957803726,1.5753001571
train:2448,0,-0.3970381320,-0.3205948770,-0.3339125216,-0.2995613515,-0.3200415671
train:2449,0,0.7473651171,0.7462300062,0.7329123616,0.7529322505,0.7324520350
train:2450,0,1.0382373333,1.0593507290,1.0460330844,1.0603728294,1.0398926139
train:2451,0,-0.4561891258,-0.4435044229,-0.4568220675,-0.5363158584,-0.5567960739
train:2452,0,1.0266431570,1.0428700447,1.0295524001,1.0762217045,1.0557414889
train:2454,0,0.2677534223,0.3044084013,0.2910907567,0.2349030375,0.2144228220
train:2455,0,0.6052429080,0.6339993477,0.6206817031,0.6559672952,0.6354870796
train:2456,0,-1.6981805563,-1.6605770588,-1.6738947034,-1.7488946915,-1.7693749070
train:2457,0,1.3334559202,1.3380973339,1.3247796893,1.3235969543,1.3031167388
train:2458,0,2.3543407917,2.3361012936,2.3227836490,2.3032941818,2.2828139663
train:2459,0,-4.0711679459,-4.0513739586,-4.0646916032,-4.0708422661,-4.0913224816
train:2460,0,1.9218549728,1.8979403973,1.8846227527,1.9504632950,1.9299830794
train:2461,0,1.4022662640,1.3908482790,1.3775306344,1.4283339977,1.4078537822
train:2462,0,0.2839939296,0.2512640953,0.2379464507,0.2804621160,0.2599819005
train:2463,0,-0.0016975761,0.0351310596,0.0218134150,0.0030802041,-0.0174000114
train:2464,0,-2.2815828323,-2.2290492058,-2.2423668504,-2.3456435204,-2.3661237359
train:2465,0,1.8565464020,1.8426648378,1.8293471932,1.9482619762,1.9277817607
train:2467,0,2.5542635918,2.5738294125,2.5605117679,2.5579910278,2.5375108123
train:2468,0,1.5844320059,1.5960515738,1.5827339292,1.6241688728,1.6036886573
train:2469,0,0.2240601182,0.2405984849,0.2272808403,0.2736673355,0.2531871200
train:2470,0,1.2685986757,1.3207523823,1.3074347377,1.3392772675,1.3187970519
train:2471,0,-0.9870778918,-0.9930636883,-1.0063813329,-0.9588558078,-0.9793360233
train:2472,0,-1.5218367577,-1.5481852293,-1.5615028739,-1.6035008430,-1.6239810586
train:2473,0,-1.1127698421,-1.1468617916,-1.1601794362,-1.1249463558,-1.1454265714
train:2474,0,0.9570038319,0.9548350573,0.9415174127,0.9949795604,0.9744993448
train:2475,0,1.0822519064,1.0756888390,1.0623711944,1.1128602028,1.0923799872
train:2476,0,-2.0419824123,-2.0230450630,-2.0363627076,-1.9536230564,-1.9741032720
train:2477,0,0.4931068420,0.5149564743,0.5016388297,0.5269621611,0.5064819455
train:2478,0,1.2989544868,1.2808736563,1.2675560117,1.3308506012,1.3103703856
train:2479,0,-0.4602326155,-0.4164695442,-0.4297871888,-0.5199119449,-0.5403921604
train:2480,0,-0.4782255292,-0.4454124272,-0.4587300718,-0.4568638206,-0.4773440361
train:2481,0,1.3715397120,1.3502993584,1.3369817138,1.4179518223,1.3974716067
train:2482,0,1.2446213961,1.2426449060,1.2293272614,1.2962696552,1.2757894397
train:2483,0,-2.6301543713,-2.6102874279,-2.6236050725,-2.6409981251,-2.6614783406
train:2485,0,2.1506555080,2.1427311897,2.1294135451,2.1914405823,2.1709603667
train:2486,-1,-5.0695462227,-4.9810843468,-4.9944019914,-5.0258007050,-5.0462809205
train:2487,0,0.9209583998,0.9780997038,0.9647820592,1.0252702236,1.0047900081
train:2488,0,0.4456674457,0.5358847380,0.5225670934,0.4474951923,0.4270149767
train:2489,0,-2.0883927345,-2.0451991558,-2.0585168004,-2.1165158749,-2.1369960904
train:2490,0,2.0503320694,2.0987751484,2.0854575038,2.0821866989,2.0617064834
train:2491,0,1.9736961126,1.9498422146,1.9365245700,1.9860115051,1.9655312896
train:2492,0,-1.0432139635,-1.0021648407,-1.0154824853,-1.0617809296,-1.0822611451
train:2493,0,2.2136054039,2.2288329601,2.2155153155,2.2179574966,2.1974772811
train:2494,0,0.3005749881,0.2684469819,0.2551293373,0.3490861654,0.3286059499
train:2495,0,1.3160424232,1.2931419611,1.2798243165,1.3203964233,1.2999162078
train:2496,0,0.5142055750,0.4995257258,0.4862080812,0.6148232222,0.5943430066
train:2497,0,-0.7057972550,-0.6952978373,-0.7086154819,-0.7075175643,-0.7279977798
train:2498,0,0.7928971052,0.7916928530,0.7783752084,0.8230458498,0.8025656343
train:2500,0,1.4984424114,1.4989984035,1.4856807590,1.5190873146,1.4986070991
train:2503,0,0.3510479629,0.4409492910,0.4276316464,0.3034801781,0.2829999626
train:2504,0,0.9225625992,0.9773752689,0.9640576243,0.9470588565,0.9265786409
train:2505,0,0.7091981769,0.7836956978,0.7703780532,0.7798393369,0.7593591213
train:2506,0,-3.1054658890,-3.0173456669,-3.0306633115,-3.0423183441,-3.0627985597
train:2507,0,0.5901460648,0.5551521182,0.5418344736,0.5740611553,0.5535809398
train:2509,0,-0.8001469970,-0.8081475496,-0.8214651942,-0.7861608863,-0.8066411018
train:2510,0,-1.5042243004,-1.4477591515,-1.4610767961,-1.5247681141,-1.5452483296
train:2511,0,0.4714957178,0.4683851898,0.4550675452,0.5031203032,0.4826400876
train:2513,0,0.6899979115,0.7568718195,0.7435541749,0.7901901007,0.7697098851
train:2514,0,1.0796428919,1.0758273602,1.0625097156,1.1028304100,1.0823501945
train:2515,0,1.4954019785,1.4619263411,1.4486086965,1.4505085945,1.4300283790
train:2516,0,1.9069219828,1.8657715321,1.8524538875,1.8856325150,1.8651522994
train:2517,0,0.8062160015,0.8154903650,0.8021727204,0.8518919945,0.8314117789
train:2519,0,0.8733863235,0.8939186335,0.8806009889,0.8934500217,0.8729698062
train:2520,0,2.2263491154,2.2670912743,2.2537736297,2.2567198277,2.2362396121
train:2521,0,0.1012232006,0.1143514737,0.1010338292,0.1316261292,0.1111459136
train:2522,0,1.1373170614,1.1942441463,1.1809265018,1.1650440693,1.1445638537
train:2523,0,-0.1209778115,-0.1278143227,-0.1411319673,-0.1100516021,-0.1305318177
train:2524,0,-1.7432250977,-1.7124768496,-1.7257944942,-1.6856939793,-1.7061741948
train:2525,0,-0.2653377056,-0.2850304246,-0.2983480692,-0.2700074911,-0.2904877067
train:2526,0,0.0509229489,0.0863396674,0.0730220228,0.0693475753,0.0488673598
train:2527,0,1.3839106560,1.4484932423,1.4351755977,1.3910715580,1.3705913424
train:2528,0,-0.2628866434,-0.2241632640,-0.2374809086,-0.2703343928,-0.2908146083
train:2529,0,-1.5307146311,-1.4880961180,-1.5014137626,-1.5574538708,-1.5779340863
train:2530,0,1.7679579258,1.6954859495,1.6821683049,1.7423598766,1.7218796611
train:2532,0,-0.8341368437,-0.7815426588,-0.7948603034,-0.8236103058,-0.8440905213
train:2533,0,0.3997780383,0.3810029924,0.3676853478,0.4113988578,0.3909186423
train:2535,0,-1.0065419674,-0.9729360342,-0.9862536788,-1.0301725864,-1.0506528020
train:2536,0,1.2196269035,1.2097101212,1.1963924766,1.2356753349,1.2151951194
train:2537,0,1.7666915655,1.8187489510,1.8054313064,1.8407087326,1.8202285171
train:2538,0,-0.0869663209,0.0230695009,0.0097518563,-0.1303656697,-0.1508458853
train:2539,-1,-1.9678199291,-1.9304008484,-1.9437184930,-1.9297778606,-1.9502580762
train:2541,0,1.9323718548,1.9696879387,1.9563702941,1.9786729813,1.9581927657
train:2542,0,0.3644445837,0.4163889289,0.4030712843,0.3557230532,0.3352428377
train:2543,0,2.5037767887,2.5266978741,2.5133802295,2.5757319927,2.5552517772
train:2544,-1,-4.3295164108,-4.2699351311,-4.2832527757,-4.3906817436,-4.4111619592
train:2545,0,0.8408904076,0.9133338928,0.9000162482,0.8910861611,0.8706059456
train:2546,0,-3.0464813709,-2.9397120476,-2.9530296922,-2.9365105629,-2.9569907784
train:2547,0,1.4893407822,1.4536385536,1.4403209090,1.5318737030,1.5113934875
train:2548,0,2.4208505154,2.4040384293,2.3907207847,2.4065706730,2.3860904574
train:2549,0,1.1735106707,1.1518130302,1.1384953856,1.2337193489,1.2132391334
train:2550,0,-1.8994467258,-1.9688663483,-1.9821839929,-1.8841414452,-1.9046216607
train:2551,0,-3.4678905010,-3.4246923923,-3.4380100369,-3.4691839218,-3.4896641374
train:2552,0,-2.8092072010,-2.8040940762,-2.8174117208,-2.7126169205,-2.7330971360
train:2553,0,1.5601508617,1.5909478664,1.5776302218,1.6322104931,1.6117302775
train:2554,0,1.7305959463,1.7745275497,1.7612099051,1.7477514744,1.7272712588
train:2555,0,-2.8133022785,-2.6698243618,-2.6831420064,-2.8470463753,-2.8675265908
train:2556,0,1.0661075115,1.0486388206,1.0353211761,1.0789227486,1.0584425330
train:2558,0,-0.7442896366,-0.7189660072,-0.7322836518,-0.7120038867,-0.7324841022
train:2559,0,0.9607894421,0.9324265718,0.9191089272,0.8584327102,0.8379524946
train:2560,0,-1.2957404852,-1.2991446257,-1.3124622703,-1.3139517307,-1.3344319463
train:2561,0,1.8057219982,1.7840638161,1.7707461715,1.7960674763,1.7755872607
train:2562,0,-0.2301684469,-0.1187987775,-0.1321164221,-0.3268309534,-0.3473111689
train:2563,0,-0.0116188470,0.0190727264,0.0057550818,0.0895878673,0.0691076517
train:2564,0,-2.8694782257,-2.7845866680,-2.7979043126,-2.8409576416,-2.8614378572
train:2565,0,-1.3809300661,-1.3635673523,-1.3768849969,-1.3491978645,-1.3696780801
train:2566,-1,-1.9469519854,-1.9295933247,-1.9429109693,-1.9589948654,-1.9794750810
train:2568,0,-0.7057496905,-0.6822504997,-0.6955681443,-0.7005756497,-0.7210558653
train:2571,0,1.7874246836,1.7704875469,1.7571699023,1.7531733513,1.7326931357
train:2572,0,0.6354809999,0.6886054277,0.6752877831,0.6923074126,0.6718271971
train:2574,0,-1.1902470589,-1.2956881523,-1.3090057969,-1.3422920704,-1.3627722859
train:2575,0,-1.7439600229,-1.6486845016,-1.6620021462,-1.7221961021,-1.7426763177
train:2576,0,-3.0841641426,-3.0725417137,-3.0858593583,-3.0784692764,-3.0989494920
train:2577,0,-1.2648097277,-1.2384188175,-1.2517364621,-1.2635223866,-1.2840026021
train:2578,0,1.0170915127,0.9823529720,0.9690353274,1.0441882610,1.0237080455
train:2579,0,1.3825960159,1.3815481663,1.3682305217,1.4021992683,1.3817190528
train:2580,0,0.2750561833,0.2902759910,0.2769583464,0.3207973242,0.3003171086
train:2581,0,0.9513792396,1.0239816904,1.0106640458,0.9585034251,0.9380232096
train:2582,0,-0.0301143415,0.0313768908,0.0180592462,-0.0131303072,-0.0336105227
train:2584,0,0.8276436925,0.8467303514,0.8334127069,0.8454728723,0.8249926567
train:2585,0,-2.4457030296,-2.4168672562,-2.4301849008,-2.4995737076,-2.5200539231
train:2586,0,0.5926968455,0.6000702381,0.5867525935,0.6500434279,0.6295632124
train:2587,0,-4.9027676582,-4.7816715240,-4.7949891686,-4.8200664520,-4.8405466676
train:2588,0,0.3447721004,0.3911687732,0.3778511286,0.3620063663,0.3415261507
train:2589,0,0.1282422543,0.1622869670,0.1489693224,0.0946569294,0.0741767138
train:2590,0,0.6341075897,0.6447310448,0.6314134002,0.7368455529,0.7163653374
train:2591,0,2.1373136044,2.1423740387,2.1290563941,2.0857648849,2.0652846694
train:2593,0,1.9637956619,1.9998179674,1.9865003228,2.0125560760,1.9920758605
train:2594,0,-2.6591870785,-2.6101133823,-2.6234310269,-2.6757876873,-2.6962679029
train:2595,0,-1.9602009058,-1.9204860926,-1.9338037372,-1.9945650101,-2.0150452256
train:2596,0,2.6754634380,2.6575050354,2.6441873908,2.6687364578,2.6482562423
train:2597,0,0.2177518755,0.2693206370,0.2560029924,0.2162047923,0.1957245767
train:2598,0,-0.4012473822,-0.3227966726,-0.3361143172,-0.4182636142,-0.4387438297
train:2599,0,-1.6264777184,-1.6197412014,-1.6330588460,-1.6720774174,-1.6925576329
train:2602,0,-3.7482323647,-3.7053287029,-3.7186463475,-3.7153663635,-3.7358465791
train:2603,0,0.6413965225,0.6353991032,0.6220814586,0.6863307357,0.6658505201
train:2605,0,0.7599749565,0.7781121731,0.7647945285,0.8355577588,0.8150775433
train:2606,0,-1.6973407269,-1.6677286625,-1.6810463071,-1.7510199547,-1.7715001702
train:2607,0,0.4993923008,0.5007818937,0.4874642491,0.5091275573,0.4886473417
train:2608,0,-2.5786449909,-2.5175309181,-2.5308485627,-2.5055820942,-2.5260623097
train:2609,0,0.9162732363,0.9364148378,0.9230971932,0.9400094748,0.9195292592
train:2610,0,-4.8768191338,-4.8061709404,-4.8194885850,-4.9122266769,-4.9327068925
train:2611,0,-1.5826617479,-1.5553381443,-1.5686557889,-1.5901758671,-1.6106560826
train:2612,0,-1.0746827126,-1.0314019918,-1.0447196364,-1.0627841949,-1.0832644105
train:2613,0,-1.3424443007,-1.4316630363,-1.4449806809,-1.3600625992,-1.3805428147
train:2614,0,1.8213404417,1.8476073742,1.8342897296,1.8223812580,1.8019010425
train:2615,0,-0.2040176392,-0.2415291369,-0.2548467815,-0.1538951993,-0.1743754148
train:2617,0,0.2378396541,0.2614117265,0.2480940819,0.2708693147,0.2503890991
train:2618,0,1.2745016813,1.3258366585,1.3125190139,1.2961039543,1.2756237388
train:2619,0,2.6222391129,2.6444246769,2.6311070323,2.6399343014,2.6194540858
train:2620,0,-2.8423011303,-2.8065254688,-2.8198431134,-2.8188064098,-2.8392866254
train:2621,0,-0.8549077511,-0.8402863741,-0.8536040187,-0.7829343677,-0.8034145832
train:2622,0,-0.9142066240,-0.9039753675,-0.9172930121,-0.8806819916,-0.9011622071
train:2623,0,-0.2306656986,-0.2463936806,-0.2597113252,-0.1849178076,-0.2053980231
train:2624,0,-0.8466936350,-0.7904294729,-0.8037471175,-0.7809420228,-0.8014222383
train:2626,0,0.2620755136,0.2886253297,0.2753076851,0.2455330342,0.2250528187
train:2627,0,2.1329545975,2.1862745285,2.1729568839,2.1457452774,2.1252650619
train:2628,0,0.3279529214,0.3409132361,0.3275955915,0.3826502562,0.3621700406
train:2629,0,-1.8980078697,-1.8078455925,-1.8211632371,-1.8940525055,-1.9145327210
train:2630,0,-1.1454489231,-1.1452852488,-1.1586028934,-1.1874756813,-1.2079558969
train:2631,0,0.4748966396,0.4895460010,0.4762283564,0.4994968474,0.4790166318
train:2633,0,-0.2089347690,-0.2020309865,-0.2153486311,-0.2103721499,-0.2308523655
train:2634,0,-1.0973225832,-1.1383099556,-1.1516276002,-1.1058449745,-1.1263251901
train:2635,0,0.2889915407,0.3584305942,0.3451129496,0.2749513388,0.2544711232
train:2636,0,-0.3443936408,-0.3465335071,-0.3598511517,-0.3094009757,-0.3298811913
train:2637,0,-2.5880358219,-2.4713878632,-2.4847055078,-2.6320118904,-2.6524921060
train:2639,0,1.7530770302,1.7315264940,1.7182088494,1.7656884193,1.7452082038
train:2642,0,-1.4544245005,-1.4351190329,-1.4484366775,-1.4457886219,-1.4662688375
train:2643,0,1.4000606537,1.3790467978,1.3657291532,1.4146864414,1.3942062259
train:2644,0,1.3888115883,1.4400727749,1.4267551303,1.4547886848,1.4343084693
train:2646,0,-1.2364462614,-1.2565801144,-1.2698977590,-1.2208096981,-1.2412899137
train:2647,0,0.0945247933,0.0891287029,0.0758110583,0.1129372865,0.0924570709
train:2648,0,1.2191547155,1.2143204212,1.2010027766,1.2433874607,1.2229072452
train:2649,0,0.8582341075,0.9309476614,0.9176300168,0.9461064339,0.9256262183
train:2650,0,1.1820465326,1.2206722498,1.2073546052,1.2625000477,1.2420198321
train:2651,0,0.9174970984,0.9325647354,0.9192470908,0.9073193669,0.8868391514
train:2652,0,1.1282786131,1.1212592125,1.1079415679,1.1254577637,1.1049775481
train:2653,0,1.9593864679,1.9873918295,1.9740741849,1.9754312038,1.9549509883
train:2654,0,0.8112214804,0.7946146727,0.7812970281,0.8412913680,0.8208111525
train:2655,0,0.8485589623,0.8553130627,0.8419954181,0.9061737061,0.8856934905
train:2656,0,-0.0952604041,-0.1526114047,-0.1659290493,-0.0676510781,-0.0881312937
train:2657,0,-4.5243282318,-4.6722574234,-4.6855750680,-4.5046906471,-4.5251708627
train:2658,0,-3.7278692722,-3.7195374966,-3.7328551412,-3.6828248501,-3.7033050656
train:2659,-1,-7.9807486534,-8.0136613846,-8.0269790292,-8.0534896851,-8.0739699006
train:2660,0,1.6731264591,1.7053102255,1.6919925809,1.7047266960,1.6842464805
train:2661,0,0.4998093545,0.4752651155,0.4619474709,0.4766102731,0.4561300576
train:2663,0,-2.3994829655,-2.3019204140,-2.3152380586,-2.3708844185,-2.3913646340
train:2664,0,0.2663711905,0.2857518196,0.2724341750,0.3016899228,0.2812097073
train:2665,0,-3.1162276268,-3.0324876308,-3.0458052754,-3.0888023376,-3.1092825532
train:2666,0,2.4544386864,2.4307658672,2.4174482226,2.4891457558,2.4686655402
train:2667,0,0.3302335739,0.2886412144,0.2753235698,0.3961970806,0.3757168651
train:2668,0,3.3613460064,3.3472993374,3.3339816928,3.4177069664,3.3972267509
train:2669,0,1.1664912701,1.1408225298,1.1275048852,1.1622390747,1.1417588592
train:2670,0,-0.0141883763,0.0454946458,0.0321770012,0.0323286951,0.0118484795
train:2672,0,2.3774533272,2.3732521534,2.3599345088,2.4095065594,2.3890263438
train:2673,0,0.4554361403,0.5107579231,0.4974402785,0.4595433474,0.4390631318
train:2675,0,-1.6701714993,-1.7066569328,-1.7199745774,-1.6510486603,-1.6715288758
train:2678,0,1.7054291964,1.6953054667,1.6819878221,1.7047140598,1.6842338443
train:2679,0,1.3359150887,1.2660170794,1.2526994348,1.3882973194,1.3678171039
train:2680,0,-2.2240903378,-2.2104790211,-2.2237966657,-2.2227377892,-2.2432180047
train:2681,0,1.5196121931,1.5222995281,1.5089818835,1.5673463345,1.5468661189
train:2684,0,1.4692897797,1.4431402683,1.4298226237,1.4919834137,1.4715031981
train:2685,0,-0.8494415283,-0.8432534933,-0.8565711379,-0.7622627020,-0.7827429175
train:2687,0,2.3233437538,2.2826027870,2.2692851424,2.3173542023,2.2968739867
train:2688,0,-1.9522660971,-1.9505946636,-1.9639123082,-1.9854421616,-2.0059223771
train:2689,0,0.4265199900,0.4667793512,0.4534617066,0.4224842787,0.4020040631
train:2690,0,1.2285108566,1.2470499277,1.2337322831,1.2206001282,1.2001199126
train:2691,0,0.7810473442,0.7760540247,0.7627363801,0.8511517644,0.8306715488
train:2693,0,-2.1919593811,-2.1999680996,-2.2132857442,-2.2171435356,-2.2376237512
train:2694,0,0.9419950843,0.9227548838,0.9094372392,0.9598555565,0.9393753409
train:2695,0,1.5511652231,1.5592652559,1.5459476113,1.5544953346,1.5340151191
train:2696,0,-1.0281730890,-0.9974181652,-1.0107358098,-1.0335202217,-1.0540004373
train:2697,0,1.4183635712,1.3729997873,1.3596821427,1.4638137817,1.4433335662
train:2699,0,0.1706527621,0.1633072495,0.1499896049,0.1757391989,0.1552589834
train:2700,0,1.2573834658,1.2613614798,1.2480438352,1.2848315239,1.2643513083
train:2701,0,-1.6752140522,-1.6663351059,-1.6796527505,-1.6302323341,-1.6507125497
train:2702,0,-0.3052468300,-0.2572441697,-0.2705618143,-0.2799300551,-0.3004102707
train:2703,0,1.2100608349,1.2055391073,1.1922214627,1.2492563725,1.2287761569
train:2704,0,-1.2816208601,-1.3125338554,-1.3258515000,-1.2336547375,-1.2541349530
train:2706,-1,-1.7501534224,-1.7126911879,-1.7260088325,-1.8046848774,-1.8251650929
train:2708,0,-0.5937811136,-0.5708372593,-0.5841549039,-0.5798423886,-0.6003226042
train:2710,-2,-10.0416135788,-10.1865301132,-10.1998477578,-9.9943275452,-10.0148077607
train:2712,0,1.9135699272,1.8843989372,1.8710812926,1.8837122917,1.8632320762
train:2713,0,1.7689940929,1.7297950983,1.7164774537,1.7636060715,1.7431258559
train:2714,0,1.2395106554,1.2741651535,1.2608475089,1.2581286430,1.2376484275
train:2715,0,-1.9294037819,-1.9532475471,-1.9665651917,-1.9387664795,-1.9592466950
train:2717,0,-0.2056916058,-0.2219637632,-0.2352814078,-0.2135984302,-0.2340786457
train:2718,0,0.4065069258,0.4062819779,0.3929643333,0.4257706106,0.4052903950
train:2719,0,1.6380236149,1.6590899229,1.6457722783,1.7326161861,1.7121359706
train:2720,0,-2.5896384716,-2.5217390060,-2.5350566506,-2.5859010220,-2.6063812375
train:2721,0,2.9696080685,2.9559705257,2.9426528811,3.0342302322,3.0137500167
train:2723,0,2.7703571320,2.7570967674,2.7437791228,2.7309927940,2.7105125785
train:2724,0,0.9152845740,0.8507041931,0.8373865485,0.9283670187,0.9078868032
train:2725,0,-2.0591650009,-2.0259106159,-2.0392282605,-1.9763102531,-1.9967904687
train:2726,0,-0.3323499858,-0.3389297128,-0.3522473574,-0.4362776279,-0.4567578435
train:2727,0,1.5135324001,1.5344500542,1.5211324096,1.5544860363,1.5340058208
train:2728,0,-2.3074486256,-2.2384893894,-2.2518070340,-2.3097720146,-2.3302522302
train:2729,0,-2.5024323463,-2.4620862007,-2.4754038453,-2.4819762707,-2.5024564862
train:2730,0,-2.1892578602,-2.1721427441,-2.1854603887,-2.2182388306,-2.2387190461
train:2731,-2,-6.8018736839,-6.9743514061,-6.9876690507,-6.8880858421,-6.9085660577
train:2732,0,-0.7869294882,-0.7761024237,-0.7894200683,-0.6816124320,-0.7020926476
train:2733,0,-2.1868441105,-2.1317543983,-2.1450720429,-2.2038598061,-2.2243400216
train:2734,0,0.5993677974,0.6341170073,0.6207993627,0.6169831157,0.5965029001
train:2735,-1,-2.2120430470,-2.2887909412,-2.3021085858,-2.2386918068,-2.2591720223
train:2736,0,-0.4595899880,-0.4755748808,-0.4888925254,-0.4011691809,-0.4216493964
train:2737,0,1.5290716887,1.5317647457,1.5184471011,1.4960494041,1.4755691886
train:2738,0,0.8871446252,0.8431383371,0.8298206925,0.9057256579,0.8852454424
train:2739,0,1.3744099140,1.3312830925,1.3179654479,1.3575332165,1.3370530009
train:2741,0,-0.6847759485,-0.6778899431,-0.6912075877,-0.6307771802,-0.6512573957
train:2742,0,0.1252833158,0.0895563886,0.0762387440,0.1526659876,0.1321857721
train:2743,0,1.2789592743,1.1694401503,1.1561225057,1.2695486546,1.2490684390
train:2744,0,-1.3612375259,-1.3294639587,-1.3427816033,-1.3652930260,-1.3857732415
train:2745,0,-1.1459012032,-1.1143733263,-1.1276909709,-1.1423249245,-1.1628051400
train:2746,0,1.8785413504,1.9030755758,1.8897579312,1.8894088268,1.8689286113
train:2748,0,2.0769588947,2.0626549721,2.0493373275,2.1018037796,2.0813235641
train:2750,0,1.7767597437,1.7068989277,1.6935812831,1.7786366940,1.7581564784
train:2751,0,-1.2403877974,-1.2506676912,-1.2639853358,-1.2492620945,-1.2697423100
train:2752,0,1.7177218199,1.7324881554,1.7191705108,1.7954843044,1.7750040889
train:2754,0,0.8793917298,0.9045047760,0.8911871314,0.8635360599,0.8430558443
train:2755,0,2.2611587048,2.2055399418,2.1922222972,2.3188943863,2.2984141707
train:2756,0,-0.7567803264,-0.7280124426,-0.7413300872,-0.7071648240,-0.7276450396
train:2758,0,-1.7074766159,-1.6220843792,-1.6354020238,-1.7387077808,-1.7591879964
train:2759,0,1.9249435663,1.9786853790,1.9653677344,1.9271297455,1.9066495299
train:2760,0,0.6018180847,0.5913914442,0.5780737996,0.5891841650,0.5687039495
train:2762,0,-0.9171315432,-0.8486703634,-0.8619880080,-0.9304445386,-0.9509247541
train:2763,0,-2.3139908314,-2.3068692684,-2.3201869130,-2.3544957638,-2.3749759793
train:2764,0,1.0711429119,1.0837181807,1.0704005361,1.1389713287,1.1184911132
train:2765,-1,-1.4939441681,-1.4556901455,-1.4690077901,-1.4649462700,-1.4854264855
train:2766,0,0.3756780624,0.3969635069,0.3836458623,0.4085925817,0.3881123662
train:2767,0,1.8124796152,1.8000960350,1.7867783904,1.8293826580,1.8089024425
train:2768,0,-2.6188836098,-2.5762186050,-2.5895362496,-2.6219189167,-2.6423991323
train:2769,-1,-4.6871085167,-4.7055635452,-4.7188811898,-4.5998816490,-4.6203618646
train:2770,0,2.5786988735,2.6015198231,2.5882021785,2.5713615417,2.5508813262
train:2771,0,0.6422406435,0.6484769583,0.6351593137,0.7044152021,0.6839349866
train:2772,0,0.5927021503,0.6189944744,0.6056768298,0.6369587779,0.6164785624
train:2774,0,-1.7553857565,-1.6692439318,-1.6825615764,-1.7242202759,-1.7447004914
train:2775,0,1.5919415951,1.5694481134,1.5561304688,1.6223781109,1.6018978953
train:2776,0,-0.8082094789,-0.8409409523,-0.8542585969,-0.7646505833,-0.7851307988
train:2777,0,0.6560793519,0.6700180769,0.6567004323,0.7038640380,0.6833838224
train:2778,0,1.6879179478,1.7345647812,1.7212471366,1.7625119686,1.7420317531
train:2779,0,0.2602760196,0.2886632085,0.2753455639,0.2832495868,0.2627693713
train:2781,0,-2.8995647430,-2.8171179295,-2.8304355741,-2.9958155155,-3.0162957311
train:2782,0,0.4057851732,0.5205546021,0.5072369576,0.4727269113,0.4522466958
train:2783,0,-2.1501407623,-2.1186168194,-2.1319344640,-2.0888793468,-2.1093595624
train:2785,0,-0.0244241469,0.0541198403,0.0408021957,-0.0579442382,-0.0784244537
train:2786,0,-0.3594763279,-0.3232820630,-0.3365997076,-0.4825876951,-0.5030679107
train:2787,0,1.6831455231,1.7082984447,1.6949808002,1.7057814598,1.6853012443
train:2788,0,0.0987311602,0.1711695790,0.1578519344,0.1390128881,0.1185326725
train:2789,0,1.8849154711,1.8679983616,1.8546807170,1.9280664921,1.9075862765
train:2791,0,2.7705833912,2.8122463226,2.7989286780,2.7872090340,2.7667288184
train:2794,0,-0.4648746252,-0.5228543282,-0.5361719728,-0.4726123214,-0.4930925369
train:2795,0,2.4857690334,2.5006983280,2.4873806834,2.4859368801,2.4654566646
train:2796,0,0.6940851808,0.6917831898,0.6784655452,0.7254927158,0.7050125003
train:2797,0,-2.6787023544,-2.5357253551,-2.5490429997,-2.6444396973,-2.6649199128
train:2799,0,0.7449344993,0.7008771896,0.6875595450,0.7575936913,0.7371134758
train:2800,0,0.4846736789,0.5082644820,0.4949468374,0.5328058004,0.5123255849
train:2801,0,0.0155265294,0.0241429657,0.0108253211,0.0085820407,-0.0118981749
train:2802,0,1.6715605259,1.6896473169,1.6763296723,1.7330107689,1.7125305533
train:2803,0,-1.5241842270,-1.5157091618,-1.5290268064,-1.5710489750,-1.5915291905
train:2804,0,-0.4437677264,-0.4208174646,-0.4341351092,-0.4275626540,-0.4480428696
train:2805,0,-2.2307217121,-2.2000577450,-2.2133753896,-2.1925554276,-2.2130356431
train:2808,0,0.9371208549,0.9359308481,0.9226132035,0.9869582653,0.9664780498
train:2809,0,2.7296800613,2.6402094364,2.6268917918,2.7531344891,2.7326542735
train:2810,0,-1.6827996969,-1.6259539127,-1.6392715573,-1.6627564430,-1.6832366586
train:2812,-1,-3.2265806198,-3.2489116192,-3.2622292638,-3.2222232819,-3.2427034974
train:2813,0,0.3711666763,0.4117078483,0.3983902037,0.3547704816,0.3342902660
train:2815,0,-2.3270387650,-2.2817759514,-2.2950935960,-2.3769834042,-2.3974636197
train:2816,0,1.2785738707,1.2566500902,1.2433324456,1.2960414886,1.2755612731
train:2817,0,1.0345362425,1.0526854992,1.0393678546,1.0959091187,1.0754289031
train:2818,0,-1.0916806459,-1.0699615479,-1.0832791924,-1.0584204197,-1.0789006352
train:2819,0,1.6856913567,1.7210444212,1.7077267766,1.6830618382,1.6625816226
train:2821,0,2.1761009693,2.1900820732,2.1767644286,2.2021441460,2.1816639304
train:2822,0,-2.0464029312,-1.9521214962,-1.9654391408,-1.9330258369,-1.9535060525
train:2823,-1,-2.3224899769,-2.3108112812,-2.3241289258,-2.3107542992,-2.3312345147
train:2824,0,1.1281658411,1.1163562536,1.1030386090,1.1553871632,1.1349069476
train:2825,0,1.8059300184,1.7445595264,1.7312418818,1.8015897274,1.7811095119
train:2828,0,2.1716876030,2.1472187042,2.1339010596,2.2342252731,2.2137450576
train:2830,0,0.9821755886,0.9728397131,0.9595220685,0.9678788185,0.9473986030
train:2831,0,-0.8792369962,-0.8666568995,-0.8799745440,-0.8806719184,-0.9011521339
train:2832,0,-1.6346631050,-1.7023189068,-1.7156365514,-1.6682341099,-1.6887143254
train:2833,0,0.9376197457,0.9364464283,0.9231287837,0.9283643961,0.9078841805
train:2834,0,1.3328349590,1.3229184151,1.3096007705,1.3285269737,1.3080467582
train:2835,0,0.2027646303,0.2217660844,0.2084484398,0.2021458447,0.1816656291
train:2836,0,1.8937036991,1.8784759045,1.8651582599,1.8867835999,1.8663033843
train:2837,0,1.9741438627,1.9908858538,1.9775682092,1.9842963219,1.9638161063
train:2838,0,-0.9877814651,-0.9251846075,-0.9385022521,-0.9652201533,-0.9857003689
train:2839,0,-0.2033110559,-0.1908976436,-0.2042152882,-0.2106034160,-0.2310836315
train:2840,0,1.3262598515,1.2754248381,1.2621071935,1.3160333633,1.2955531478
train:2841,0,-0.4842143655,-0.4424762428,-0.4557938874,-0.4732833505,-0.4937635660
train:2842,0,1.7452981472,1.7474000454,1.7340824008,1.7162477970,1.6957675815
train:2843,0,1.0126510859,1.0978120565,1.0844944119,1.0222842693,1.0018040538
train:2844,0,-0.7128759623,-0.6538751125,-0.6671927571,-0.7229692936,-0.7434495091
train:2845,0,1.6537047625,1.6091029644,1.5957853198,1.6216933727,1.6012131572
train:2846,0,-3.0845859051,-3.0571944714,-3.0705121160,-3.0209431648,-3.0414233804
train:2847,0,2.1333384514,2.1214382648,2.1081206203,2.1558928490,2.1354126334
train:2848,0,0.4389656186,0.4669607580,0.4536431134,0.4773598313,0.4568796158
train:2849,0,-1.5538090467,-1.5003573895,-1.5136750340,-1.5461161137,-1.5665963292
train:2850,0,0.8714998364,0.8883113861,0.8749937415,0.8638351560,0.8433549404
train:2852,0,0.9339747429,0.9300332069,0.9167155623,0.9126120210,0.8921318054
train:2853,0,2.3026611805,2.3168704510,2.3035528064,2.3435420990,2.3230618834
train:2854,0,-0.3482674062,-0.3651118875,-0.3784295321,-0.3488516212,-0.3693318367
train:2855,0,-2.7784059048,-2.6710917950,-2.6844094396,-2.7789583206,-2.7994385362
train:2856,0,2.9146320820,2.9465653896,2.9332477450,2.9626736641,2.9421934485
train:2857,0,-0.1524892747,-0.1766048819,-0.1899225265,-0.1793720722,-0.1998522878
train:2859,0,0.5011197925,0.4943695366,0.4810518920,0.5051401854,0.4846599698
train:2860,0,-0.4015188515,-0.3589138091,-0.3722314537,-0.3452810645,-0.3657612801
train:2861,0,-0.4894410968,-0.3948862553,-0.4082038999,-0.4174097180,-0.4378899336
train:2863,0,1.9416658878,1.8866500854,1.8733324409,1.9036052227,1.8831250072
train:2866,0,-3.5943682194,-3.2904722691,-3.3037899137,-3.5941329002,-3.6146131158
train:2868,0,-0.4836729169,-0.4406199753,-0.4539376199,-0.4618798494,-0.4823600650
train:2869,0,1.6066069603,1.6075749397,1.5942572951,1.5821309090,1.5616506934
train:2870,0,-0.9098886847,-0.9207154512,-0.9340330958,-0.9392351508,-0.9597153664
train:2871,0,1.0000864267,1.0041841269,0.9908664823,1.0426224470,1.0221422315
train:2872,-1,-6.2870330811,-6.2623600960,-6.2756777406,-6.2447643280,-6.2652445436
train:2873,0,-1.2627587318,-1.2593173981,-1.2726350427,-1.2716500759,-1.2921302915
train:2874,0,-0.4651002884,-0.5189951658,-0.5323128104,-0.4816253781,-0.5021055937
train:2875,0,2.1647591591,2.1836328506,2.1703152061,2.2044782639,2.1839980483
train:2877,0,0.1629005671,0.1787622869,0.1654446423,0.1718092561,0.1513290405
train:2878,0,-0.6817612052,-0.7047189474,-0.7180365920,-0.6472919583,-0.6677721739
train:2879,0,1.5776141882,1.7159925699,1.7026749253,1.5909769535,1.5704967380
train:2880,0,-1.4208472967,-1.4516662359,-1.4649838805,-1.4050726891,-1.4255529046
train:2881,0,2.2215230465,2.1391468048,2.1258291602,2.2039341927,2.1834539771
train:2883,-1,-1.8590139151,-1.9189651012,-1.9322827458,-1.8527131081,-1.8731933236
train:2884,0,1.5218381882,1.5156306028,1.5023129582,1.5717477798,1.5512675643
train:2885,0,0.2389183342,0.2645863891,0.2512687445,0.2401002198,0.2196200043
train:2887,-1,-2.7730989456,-2.8113136292,-2.8246312737,-2.7753481865,-2.7958284020
train:2889,0,-2.5155889988,-2.4994659424,-2.5127835870,-2.4942715168,-2.5147517323
train:2891,0,-0.1247129813,-0.0985773504,-0.1118949950,-0.0555770993,-0.0760573149
train:2892,0,1.7567348480,1.7640353441,1.7507176995,1.8136115074,1.7931312919
train:2894,0,2.3815827370,2.3457956314,2.3324779868,2.4259872437,2.4055070281
train:2895,0,-2.0906655788,-2.0820009708,-2.0953186154,-2.0405054092,-2.0609856248
train:2896,0,-0.5849000812,-0.5432662964,-0.5565839410,-0.5680125356,-0.5884927511
train:2897,0,1.1199665070,1.0762079954,1.0628903508,1.0969097614,1.0764295459
train:2898,0,-1.0568991899,-1.0106940269,-1.0240116715,-1.0171484947,-1.0376287103
train:2899,0,2.9254381657,2.8987102509,2.8853926063,2.9463043213,2.9258241057
train:2900,0,-1.4261870384,-1.4016332626,-1.4149509072,-1.4262185097,-1.4466987252
train:2901,0,1.3899195194,1.5366421938,1.5233245492,1.4285187721,1.4080385566
train:2902,0,1.4846391678,1.4690349102,1.4557172656,1.4765486717,1.4560684562
train:2903,0,1.6514692307,1.7355268002,1.7222091556,1.7524251938,1.7319449782
train:2904,0,1.4837232828,1.4835690260,1.4702513814,1.5037531853,1.4832729697
train:2908,0,-2.5604295731,-2.4998128414,-2.5131304860,-2.5841331482,-2.6046133637
train:2909,0,0.8804458380,0.8969568014,0.8836391568,0.9102035165,0.8897233009
train:2910,0,1.5500900745,1.5885524750,1.5752348304,1.5569608212,1.5364806056
train:2911,0,0.9511154294,0.9517585039,0.9384408593,0.9296262264,0.9091460109
train:2912,0,0.1635253578,0.1459265947,0.1326089501,0.1808946878,0.1604144722
train:2913,0,-0.1418882459,-0.0987209678,-0.1120386124,-0.1217402071,-0.1422204226
train:2914,0,-0.6342360377,-0.5813925266,-0.5947101712,-0.6047866940,-0.6252669096
train:2915,0,1.8340805769,1.9187209606,1.9054033160,1.8752470016,1.8547667861
train:2916,0,0.1018392295,0.0355450138,0.0222273692,0.1736606210,0.1531804055
train:2917,0,-0.7371361256,-0.7634500265,-0.7767676711,-0.7407238483,-0.7612040639
train:2918,0,1.5693627596,1.6396100521,1.6262924075,1.5996463299,1.5791661143
train:2919,0,0.0841211900,0.1038404629,0.0905228183,0.1036785394,0.0831983238
train:2920,0,1.9478662014,1.9785217047,1.9652040601,1.9827880859,1.9623078704
train:2921,0,0.4899521470,0.5544312000,0.5411135554,0.5022984147,0.4818181992
train:2922,0,-0.6719921231,-0.6920995712,-0.7054172158,-0.6477952600,-0.6682754755
train:2923,0,2.8124411106,2.7796461582,2.7663285136,2.8309183121,2.8104380965
train:2924,0,1.3435820341,1.3080271482,1.2947095037,1.3648402691,1.3443600535
train:2926,0,0.0222084913,0.0194652006,0.0061475560,0.0434568226,0.0229766071
train:2927,0,2.0181775093,2.1475217342,2.1342040896,2.0958876610,2.0754074454
train:2929,0,-1.9521223307,-1.9023243189,-1.9156419635,-1.8617873192,-1.8822675347
train:2930,0,1.8601769209,1.8361067772,1.8227891326,1.9166395664,1.8961593509
train:2931,-1,-6.3874840736,-6.2674098015,-6.2807274461,-6.4439506531,-6.4644308686
train:2932,0,0.3756600916,0.3712592125,0.3579415679,0.3671950996,0.3467148840
train:2933,0,-0.1852517724,-0.1370000839,-0.1503177285,-0.1243793666,-0.1448595822
train:2934,0,-1.3824278116,-1.4067543745,-1.4200720191,-1.3569033146,-1.3773835301
train:2935,0,1.6512905359,1.6115212440,1.5982035995,1.6747553349,1.6542751193
train:2936,0,-0.8151313066,-0.8027701378,-0.8160877824,-0.7765473723,-0.7970275879
train:2938,0,1.1979051828,1.1965526342,1.1832349896,1.1981027126,1.1776224971
train:2939,0,-1.2205601931,-1.1963011026,-1.2096187472,-1.1787638664,-1.1992440820
train:2940,0,-2.4791455269,-2.4768865108,-2.4902041554,-2.4701409340,-2.4906211495
train:2941,0,2.4958937168,2.5395898819,2.5262722373,2.5032999516,2.4828197360
train:2942,0,0.1264666617,0.1802955717,0.1669779271,0.1498923898,0.1294121742
train:2943,0,0.2474503815,0.2688361406,0.2555184960,0.3542151749,0.3337349594
train:2944,0,-1.5305703878,-1.4252032042,-1.4385208488,-1.5779058933,-1.5983861089
train:2945,0,0.9554165006,0.9283617735,0.9150441289,0.9826863408,0.9622061253
train:2947,0,-0.4447514415,-0.5000492334,-0.5133668780,-0.4447250962,-0.4652053118
train:2949,0,1.9690271616,1.9679586887,1.9546410441,1.9553027153,1.9348224998
train:2950,0,-1.9901071787,-1.9289722443,-1.9422898889,-1.9794604778,-1.9999406934
train:2951,0,-0.9111974239,-0.8585524559,-0.8718701005,-0.8901689649,-0.9106491804
train:2952,0,1.1709140539,1.1239120960,1.1105944514,1.1902756691,1.1697954535
train:2953,0,1.6749987602,1.6861194372,1.6728017926,1.7077059746,1.6872257590
train:2954,0,1.1449249983,1.1605765820,1.1472589374,1.1622161865,1.1417359710
train:2956,0,0.3904606104,0.4380810857,0.4247634411,0.4200195074,0.3995392919
train:2957,0,0.8394808769,0.8910675049,0.8777498603,0.8434845805,0.8230043650
train:2958,0,-0.4865197241,-0.4874593914,-0.5007770360,-0.4714051485,-0.4918853641
train:2959,0,2.6287646294,2.6618754864,2.6485578418,2.5911455154,2.5706652999
train:2960,0,-0.7721832395,-0.7819734812,-0.7952911258,-0.7644931674,-0.7849733829
train:2961,0,-1.2800248861,-1.2744752169,-1.2877928615,-1.2582557201,-1.2787359357
train:2962,0,1.7592798471,1.7637481689,1.7504305243,1.7951285839,1.7746483684
train:2963,0,-4.8473553658,-4.8276348114,-4.8409524560,-4.9169349670,-4.9374151826
train:2964,0,1.2485971451,1.2255917788,1.2122741342,1.3193953037,1.2989150882
train:2965,0,-1.5880302191,-1.5091297626,-1.5224474072,-1.6373870373,-1.6578672528
train:2966,0,-2.6753346920,-2.5934669971,-2.6067846417,-2.6888835430,-2.7093637586
train:2967,0,-0.1044484377,-0.1123622358,-0.1256798804,-0.0950585008,-0.1155387163
train:2968,0,-0.0956790373,-0.0558622926,-0.0691799372,-0.0127228349,-0.0332030505
train:2969,0,1.6324062347,1.6120448112,1.5987271667,1.6577808857,1.6373006701
train:2970,0,1.5405876637,1.5382266045,1.5249089599,1.5490443707,1.5285641551
train:2971,0,-0.3200723529,-0.3154292107,-0.3287468553,-0.3380541801,-0.3585343957
train:2976,0,0.5889834166,0.6247830391,0.6114653945,0.5865964293,0.5661162138
train:2978,0,0.7695304751,0.8301188946,0.8168012500,0.8203468919,0.7998666763
train:2979,0,0.5159372091,0.5047912598,0.4914736152,0.5440965295,0.5236163139
train:2980,0,-2.0208623409,-2.0196108818,-2.0329285264,-1.9905796051,-2.0110598207
train:2981,0,-4.3460869789,-4.2706599236,-4.2839775681,-4.2760968208,-4.2965770364
train:2984,0,-0.9930555820,-0.9690628052,-0.9823804498,-0.9876132607,-1.0080934763
train:2985,0,-0.1304725856,-0.0896486640,-0.1029663086,-0.1574956775,-0.1779758930
train:2987,0,-2.3599212170,-2.3304119110,-2.3437295556,-2.3418841362,-2.3623643517
train:2989,0,-0.4713618457,-0.4560382068,-0.4693558514,-0.4494042993,-0.4698845148
train:2990,0,1.2917356491,1.3378620148,1.3245443702,1.3020992279,1.2816190124
train:2991,0,0.3239096105,0.3996410072,0.3863233626,0.4064141214,0.3859339058
train:2992,0,-2.2242534161,-2.2387344837,-2.2520521283,-2.1756901741,-2.1961703897
train:2993,0,-3.1086187363,-3.1081566811,-3.1214743257,-3.1757268906,-3.1962071061
train:2994,0,0.7115122676,0.7362155914,0.7228979468,0.7326026559,0.7121224403
train:2995,-1,-2.3371882439,-2.3271801472,-2.3404977918,-2.3280656338,-2.3485458493
train:2996,0,-0.8334015608,-0.8552542925,-0.8685719371,-0.8745491505,-0.8950293660
train:2997,0,-0.5140459538,-0.4389344752,-0.4522521198,-0.4524565339,-0.4729367495
train:2998,0,0.3644297123,0.3564372063,0.3431195617,0.3744864464,0.3540062308
train:3001,0,1.5059366226,1.5928572416,1.5795395970,1.5052762032,1.4847959876
train:3002,0,1.6359961033,1.6300573349,1.6167396903,1.6964702606,1.6759900451
train:3003,0,2.3439884186,2.3840265274,2.3707088828,2.3727824688,2.3523022532
train:3004,0,1.0720913410,1.1279383898,1.1146207452,1.1151301861,1.0946499705
train:3005,0,1.8732314110,1.8958927393,1.8825750947,1.8686707020,1.8481904864
train:3006,0,-0.4414981604,-0.4333306849,-0.4466483295,-0.4168779254,-0.4373581409
train:3007,0,1.1255809069,1.0754959583,1.0621783137,1.1237275600,1.1032473445
train:3008,0,-0.2375743985,-0.2559920847,-0.2693097293,-0.2604821622,-0.2809623778
train:3009,0,-0.5571281910,-0.5505697727,-0.5638874173,-0.5809231400,-0.6014033556
train:3010,0,2.3867666721,2.3722541332,2.3589364886,2.3802397251,2.3597595096
train:3011,0,0.3228399158,0.3329869807,0.3196693361,0.3711945415,0.3507143259
train:3013,0,-2.2905647755,-2.2206518650,-2.2339695096,-2.2580347061,-2.2785149217
train:3014,0,0.8240708113,0.7862424850,0.7729248405,0.8449115753,0.8244313598
train:3015,0,-0.4831237495,-0.4654392898,-0.4787569344,-0.4503594041,-0.4708396196
train:3016,0,1.3685828447,1.3501638174,1.3368461728,1.4245131016,1.4040328860
train:3017,0,-3.5197339058,-3.4630229473,-3.4763405919,-3.5998470783,-3.6203272939
train:3018,-1,-4.2299370766,-4.2485446930,-4.2618623376,-4.2647037506,-4.2851839662
train:3020,0,0.4886988699,0.5361158848,0.5227982402,0.5481296778,0.5276494622
train:3021,0,-1.8073776960,-1.7819004059,-1.7952180505,-1.7831592560,-1.8036394715
train:3022,0,0.1166809574,0.1518699974,0.1385523528,0.1499274969,0.1294472814
train:3023,0,1.4545441866,1.4759774208,1.4626597762,1.4228680134,1.4023877978
train:3024,0,-1.7903032303,-1.7194006443,-1.7327182889,-1.7167472839,-1.7372274995
train:3026,0,-0.7129356861,-0.6917504072,-0.7050680518,-0.6934861541,-0.7139663696
train:3027,0,1.9315359592,1.9648108482,1.9514932036,1.9700407982,1.9495605826
train:3028,0,1.0096362829,0.9966051579,0.9832875133,1.0156512260,0.9951710105
train:3029,0,0.3693036139,0.3689455092,0.3556278646,0.4306201637,0.4101399481
train:3030,0,0.8879512548,0.8695328236,0.8562151790,0.9074274898,0.8869472742
train:3032,0,1.9606807232,1.9511013031,1.9377836585,1.9864544868,1.9659742713
train:3033,0,1.0772335529,1.1072516441,1.0939339995,1.0710531473,1.0505729318
train:3034,0,-1.4026128054,-1.3669946194,-1.3803122640,-1.3413090706,-1.3617892861
train:3035,0,1.4333388805,1.4361170530,1.4227994084,1.4603588581,1.4398786426
train:3036,0,-2.0265662670,-1.9286780357,-1.9419956803,-2.0068728924,-2.0273531079
train:3037,0,1.3120019436,1.3266663551,1.3133487105,1.3482275009,1.3277472854
train:3038,0,0.4779281020,0.4724315703,0.4591139257,0.4692813754,0.4488011599
train:3039,0,1.8621177673,1.8186690807,1.8053514361,1.8623178005,1.8418375850
train:3040,0,0.6927245855,0.6718652248,0.6585475802,0.7405754924,0.7200952768
train:3041,0,1.0819258690,1.0963569880,1.0830393434,1.0807056427,1.0602254272
train:3042,0,2.4592025280,2.5108129978,2.4974953532,2.4879899025,2.4675096869
train:3043,0,0.2775675058,0.2484279871,0.2351103425,0.3387998343,0.3183196187
train:3044,0,1.7507566214,1.7510254383,1.7377077937,1.8234820366,1.8030018210
train:3045,0,-0.4818609953,-0.4740943611,-0.4874120057,-0.4327529073,-0.4532331228
train:3046,0,-2.1144673824,-2.0928843021,-2.1062019467,-2.0887842178,-2.1092644334
train:3047,0,0.9255296588,0.9290266037,0.9157089591,0.8798241019,0.8593438864
train:3049,0,0.3875869513,0.4167526066,0.4034349620,0.4535040855,0.4330238700
train:3050,0,1.0578569174,1.0066630840,0.9933454394,1.0889682770,1.0684880614
train:3052,0,1.1390126944,1.1570641994,1.1437465549,1.1967403889,1.1762601733
train:3053,0,0.5205774903,0.4967592657,0.4834416211,0.5816060305,0.5611258149
train:3054,0,2.0039989948,1.9646791220,1.9513614774,2.0410547256,2.0205745101
train:3056,0,0.5456070900,0.5765228271,0.5632051826,0.5326178074,0.5121375918
train:3057,0,1.0424350500,1.0614604950,1.0481428504,1.0910094976,1.0705292821
train:3058,0,1.8599717617,1.8912713528,1.8779537082,1.8693423271,1.8488621116
train:3059,0,-0.1658114642,-0.1620443016,-0.1753619462,-0.1070423722,-0.1275225878
train:3060,0,2.4459104538,2.4905011654,2.4771835208,2.4545874596,2.4341072440
train:3061,0,1.2778924704,1.2010798454,1.1877622008,1.1943290234,1.1738488078
train:3062,0,-4.7253599167,-4.7484102249,-4.7617278695,-4.7390828133,-4.7595630288
train:3065,-1,-4.3209300041,-4.3366589546,-4.3499765992,-4.2706818581,-4.2911620736
train:3066,0,-1.7473396063,-1.7749683857,-1.7882860303,-1.7511823177,-1.7716625333
train:3067,0,0.2130776197,0.2157630175,0.2024453729,0.1457892805,0.1253090650
train:3068,0,0.5129845738,0.5251398087,0.5118221641,0.5193501711,0.4988699555
train:3069,0,-0.2817834020,-0.2794132233,-0.2927308679,-0.2457043529,-0.2661845684
train:3072,0,-1.0193814039,-0.9045648575,-0.9178825021,-0.9911066890,-1.0115869045
train:3073,0,2.6752038002,2.6777307987,2.6644131541,2.6674509048,2.6469706893
train:3074,0,-0.2016335726,-0.1599973440,-0.1733149886,-0.1947188377,-0.2151990533
train:3075,-1,-2.9121904373,-2.9598681927,-2.9731858373,-2.8648586273,-2.8853388429
train:3076,0,2.0879004002,2.1056869030,2.0923692584,2.0853214264,2.0648412108
train:3077,0,-1.1339789629,-1.1295822859,-1.1428999305,-1.1057562828,-1.1262364984
train:3079,0,1.2925934792,1.3054127693,1.2920951247,1.2925202847,1.2720400691
train:3080,0,1.4662940502,1.4908642769,1.4775466323,1.4542310238,1.4337508082
train:3081,0,0.1663260162,0.2002711892,0.1869535446,0.1722107828,0.1517305672
train:3082,0,-0.3247630000,-0.3312075436,-0.3445251882,-0.3374106884,-0.3578909039
train:3085,0,-1.5727447271,-1.5109810829,-1.5242987275,-1.5260398388,-1.5465200543
train:3086,0,-2.0908548832,-2.0546536446,-2.0679712892,-2.0732524395,-2.0937326550
train:3087,0,1.8576853275,1.9039915800,1.8906739354,1.8679349422,1.8474547267
train:3089,0,-2.0905096531,-2.0589487553,-2.0722663999,-2.0497674942,-2.0702477098
train:3090,0,0.4210448563,0.4067754745,0.3934578300,0.5103064179,0.4898262024
train:3091,0,1.3789536953,1.4139345884,1.4006169438,1.4474260807,1.4269458652
train:3092,0,-0.6639170647,-0.6358426809,-0.6491603255,-0.6885181665,-0.7089983821
train:3093,0,0.2289802432,0.2537565827,0.2404389381,0.2247643471,0.2042841315
train:3094,0,2.1313486099,2.0557405949,2.0424229503,2.0779533386,2.0574731231
train:3095,0,-2.3267798424,-2.2832796574,-2.2965973020,-2.3751382828,-2.3956184983
train:3097,0,1.3999595642,1.4154626131,1.4021449685,1.3985257149,1.3780454993
train:3098,0,0.5492804050,0.5780346394,0.5647169948,0.5737936497,0.5533134341
train:3099,0,1.9142270088,1.9060916901,1.8927740455,1.9439048767,1.9234246612
train:3102,0,2.0944509506,2.1109793186,2.0976616740,2.1327700615,2.1122898459
train:3103,0,1.6629433632,1.7040810585,1.6907634139,1.7452309132,1.7247506976
train:3104,0,1.4657655954,1.4581974745,1.4448798299,1.4558978081,1.4354175925
train:3106,0,0.7874249220,0.7504556179,0.7371379733,0.8123299479,0.7918497324
train:3107,0,1.7558757067,1.7244617939,1.7111441493,1.8064074516,1.7859272361
train:3108,-1,-2.8516149521,-2.7788927555,-2.7922104001,-2.8627159595,-2.8831961751
train:3109,0,1.9047061205,1.9313715696,1.9180539250,1.9223392010,1.9018589854
train:3110,-1,-7.5515007973,-7.4638009071,-7.4771185517,-7.6541509628,-7.6746311784
train:3111,0,2.1235783100,2.1959776878,2.1826600432,2.2115173340,2.1910371184
train:3114,0,-1.2644306421,-1.2720136642,-1.2853313088,-1.2230713367,-1.2435515523
train:3116,0,0.2218064964,0.2618382871,0.2485206425,0.2120109499,0.1915307343
train:3117,0,-3.1992831230,-3.1848678589,-3.1981855035,-3.1504232883,-3.1709035039
train:3118,0,-0.7091744542,-0.7197792530,-0.7330968976,-0.6616529226,-0.6821331382
train:3120,0,0.6832088828,0.6604852676,0.6471676230,0.6958835721,0.6754033566
train:3122,0,1.4843397141,1.4697289467,1.4564113021,1.5048167706,1.4843365550
train:3124,0,-0.6790789962,-0.6837075949,-0.6970252395,-0.6195695996,-0.6400498152
train:3125,0,2.1081793308,2.2029716969,2.1896540523,2.1509351730,2.1304549575
train:3126,0,2.1497194767,2.1566665173,2.1433488727,2.1224310398,2.1019508243
train:3127,0,2.3063411713,2.3269364834,2.3136188388,2.2930924892,2.2726122737
train:3128,0,0.7645592690,0.7729225159,0.7596048713,0.7876803279,0.7672001123
train:3129,0,-0.3709128499,-0.3368684649,-0.3501861095,-0.3352289498,-0.3557091653
train:3130,0,1.4288973808,1.4064545631,1.3931369185,1.4241468906,1.4036666751
train:3131,0,-0.1224178374,-0.0977145135,-0.1110321581,-0.0580913275,-0.0785715431
train:3132,0,-0.3125483692,-0.2596687973,-0.2729864419,-0.2429299951,-0.2634102106
train:3133,0,1.8455229998,1.7964072227,1.7830895782,1.8749473095,1.8544670939
train:3135,0,1.0767065287,1.0397328138,1.0264151692,1.0593028069,1.0388225913
train:3136,0,1.4858790636,1.4570400715,1.4437224269,1.4829950333,1.4625148177
train:3138,0,-0.8581948876,-0.7494808435,-0.7627984881,-0.8614981771,-0.8819783926
train:3139,0,-0.6758612394,-0.7139300108,-0.7272476554,-0.5860548615,-0.6065350771
train:3140,0,2.3164999485,2.2825114727,2.2691938281,2.2549803257,2.2345001101
train:3142,0,-2.7264416218,-2.6737873554,-2.6871050000,-2.6863718033,-2.7068520188
train:3143,0,0.9031930566,0.7992049456,0.7858873010,0.9159761667,0.8954959512
train:3144,0,-0.8723812103,-0.8685845137,-0.8819021583,-0.8353287578,-0.8558089733
train:3145,0,2.6074473858,2.5519478321,2.5386301875,2.6187682152,2.5982879996
train:3146,0,-0.4467214644,-0.4301766753,-0.4434943199,-0.4144062400,-0.4348864555
train:3147,0,-1.9053472281,-1.8560172319,-1.8693348765,-1.8879730701,-1.9084532857
train:3148,0,-0.8243222237,-0.8332201242,-0.8465377688,-0.8296780586,-0.8501582742
train:3149,0,1.5916509628,1.5727494955,1.5594318509,1.5413608551,1.5208806396
train:3150,0,-1.5725167990,-1.5097874403,-1.5231050849,-1.5625398159,-1.5830200315
train:3151,-1,-2.5372066498,-2.5406670570,-2.5539847016,-2.5433516502,-2.5638318658
train:3153,0,-1.6204630136,-1.6088583469,-1.6221759915,-1.5854935646,-1.6059737802
train:3154,0,0.5615387559,0.5901981592,0.5768805146,0.5917357206,0.5712555051
train:3155,0,0.8881273866,0.8815017939,0.8681841493,0.8927552700,0.8722750545
train:3156,0,0.8501582742,0.8645077944,0.8511901498,0.8322829008,0.8118026853
train:3157,-1,-6.0470652580,-5.9996938705,-6.0130115151,-5.9318361282,-5.9523163438
train:3159,0,-1.0327541828,-0.9951612949,-1.0084789395,-1.0215220451,-1.0420022607
train:3160,0,0.6187738180,0.5608003736,0.5474827290,0.6590564847,0.6385762691
train:3162,0,-0.7248695493,-0.6397401094,-0.6530577540,-0.7759295106,-0.7964097261
train:3163,0,0.8788040280,0.9519398212,0.9386221766,0.9600294232,0.9395492077
train:3164,0,1.3754435778,1.3313062191,1.3179885745,1.3639342785,1.3434540629
train:3165,0,2.1128931046,2.1213624477,2.1080448031,2.1463403702,2.1258601546
train:3166,0,0.5455322862,0.5531511903,0.5398335457,0.5624679327,0.5419877172
train:3167,0,0.8681845069,0.9153342247,0.9020165801,0.8979956508,0.8775154352
train:3168,0,2.3100676537,2.3399813175,2.3266636729,2.3150382042,2.2945579886
train:3169,0,1.8263844252,1.7951998711,1.7818822265,1.8507120609,1.8302318454
train:3170,0,-1.7076946497,-1.7231564522,-1.7364740968,-1.6687643528,-1.6892445683
train:3171,0,-1.0650280714,-1.0392274857,-1.0525451303,-1.0653960705,-1.0858762860
train:3172,0,1.0831661224,1.1314954758,1.1181778312,1.0702888966,1.0498086810
train:3173,0,2.4874520302,2.4931786060,2.4798609614,2.5651650429,2.5446848273
train:3174,0,2.2815093994,2.2714231014,2.2581054568,2.2860789299,2.2655987144
train:3175,0,0.4973919988,0.4067835510,0.3934659064,0.5590167046,0.5385364890
train:3177,0,0.5469743013,0.5527369976,0.5394193530,0.5658815503,0.5454013348
train:3178,0,1.2803958654,1.2629535198,1.2496358752,1.2812983990,1.2608181834
train:3179,0,1.0786958933,1.0986889601,1.0853713155,1.1398234367,1.1193432212
train:3180,0,1.7027133703,1.6490116119,1.6356939673,1.7090148926,1.6885346770
train:3181,0,1.6202076674,1.5818662643,1.5685486197,1.6169998646,1.5965196490
train:3182,0,-2.0698628426,-2.0196270943,-2.0329447389,-2.0514998436,-2.0719800591
train:3184,0,2.2252106667,2.2287795544,2.2154619098,2.2001571655,2.1796769500
train:3185,0,-0.4418264925,-0.3706418574,-0.3839595020,-0.4247220159,-0.4452022314
train:3186,0,0.8880901337,0.8908725977,0.8775549531,0.9408034682,0.9203232527
train:3187,0,-1.2218680382,-1.1791868210,-1.1925044656,-1.1910049915,-1.2114852071
train:3188,0,-1.8234441280,-1.7734563351,-1.7867739797,-1.8029105663,-1.8233907819
train:3189,0,-0.7289903164,-0.7361980677,-0.7495157123,-0.6789336205,-0.6994138360
train:3191,0,-1.7402029037,-1.6770972013,-1.6904148459,-1.7848508358,-1.8053310513
train:3192,0,-1.5422012806,-1.5380702019,-1.5513878465,-1.5297780037,-1.5502582192
train:3194,0,1.3777340651,1.4015706778,1.3882530332,1.4230287075,1.4025484920
train:3195,0,1.2353208065,1.2360857725,1.2227681279,1.2589230537,1.2384428382
train:3196,0,-2.4115195274,-2.3411514759,-2.3544691205,-2.3955805302,-2.4160607457
train:3197,0,-2.1554942131,-2.1725897789,-2.1859074235,-2.1815781593,-2.2020583749
train:3198,0,0.0273135882,0.0674013495,0.0540837049,0.0625304878,0.0420502722
train:3199,0,1.5186882019,1.4700882435,1.4567705989,1.5479555130,1.5274752975
train:3200,0,1.1883823872,1.1734393835,1.1601217389,1.2727680206,1.2522878051
train:3203,0,1.8269028664,1.7857629061,1.7724452615,1.8337426186,1.8132624030
train:3204,0,2.1039280891,2.1069562435,2.0936385989,2.0956532955,2.0751730800
train:3205,0,0.8315129280,0.9141863585,0.9008687139,0.8823599219,0.8618797064
train:3206,-1,-1.6497213840,-1.6485958099,-1.6619134545,-1.6515161991,-1.6719964147
train:3207,0,0.9643429518,1.1168968678,1.1035792232,0.9743840098,0.9539037943
train:3209,0,-0.5458713770,-0.5356268883,-0.5489445329,-0.5270120502,-0.5474922657
train:3211,0,0.1239614487,0.1208904311,0.1075727865,0.1393075734,0.1188273579
train:3212,0,-2.2245337963,-2.1732978821,-2.1866155267,-2.1431946754,-2.1636748910
train:3213,0,-0.4461381137,-0.4420540035,-0.4553716481,-0.4163761735,-0.4368563890
train:3215,0,-1.9654482603,-1.9823796749,-1.9956973195,-1.8750271797,-1.8955073953
train:3216,0,0.4002961814,0.4168578684,0.4035402238,0.4006137550,0.3801335394
train:3217,0,-1.3792629242,-1.3689384460,-1.3822560906,-1.3176152706,-1.3380954862
train:3219,0,1.5147932768,1.4876729250,1.4743552804,1.4831130505,1.4626328349
train:3220,0,1.6566017866,1.6668586731,1.6535410285,1.7101445198,1.6896643043
train:3222,0,1.1701220274,1.1708014011,1.1574837565,1.1591596603,1.1386794448
train:3223,0,-2.3135836124,-2.3312466145,-2.3445642591,-2.4137084484,-2.4341886640
train:3224,0,1.5612640381,1.5399007797,1.5265831351,1.5749297142,1.5544494987
train:3225,0,-2.6890077591,-2.6496624947,-2.6629801393,-2.7411308289,-2.7616110444
train:3226,0,1.1202161312,1.1273741722,1.1140565276,1.1431472301,1.1226670146
train:3228,0,-0.0230515487,-0.0199213326,-0.0332389772,-0.0030463189,-0.0235265344
train:3229,0,-2.3740580082,-2.3407475948,-2.3540652394,-2.3498227596,-2.3703029752
train:3230,0,-0.8453006148,-0.8561499119,-0.8694675565,-0.7278829813,-0.7483631968
train:3232,0,0.2290547490,0.4666738808,0.4533562362,0.2848125100,0.2643322945
train:3233,0,-3.0107009411,-2.9881432056,-3.0014608502,-3.0198385715,-3.0403187871
train:3234,0,1.7252190113,1.7272378206,1.7139201760,1.7386007309,1.7181205153
train:3235,0,1.7731047869,1.8226923943,1.8093747497,1.7628796101,1.7423993945
train:3236,0,-4.0763692856,-4.0573840141,-4.0707016587,-4.0858554840,-4.1063356996
train:3237,0,1.9475593567,2.1075248718,2.0942072272,1.9559810162,1.9355008006
train:3238,0,-2.0607807636,-2.0996222496,-2.1129398942,-2.0855031013,-2.1059833169
train:3239,0,-3.9165451527,-3.9498908520,-3.9632084966,-3.9088764191,-3.9293566346
train:3240,0,0.6963842511,0.7369762659,0.7236586213,0.7594663501,0.7389861345
train:3243,0,-1.1630859375,-1.1482126713,-1.1615303159,-1.2417035103,-1.2621837258
train:3244,0,-1.4679300785,-1.4586782455,-1.4719958901,-1.4471201897,-1.4676004052
train:3245,0,-2.0495131016,-2.0315101147,-2.0448277593,-2.0179691315,-2.0384493470
train:3246,0,2.0333175659,2.0306882858,2.0173706412,2.0371932983,2.0167130828
train:3247,0,1.4272743464,1.4375325441,1.4242148995,1.4667322636,1.4462520480
train:3249,0,-0.9100651741,-0.8885276318,-0.9018452764,-0.9451684356,-0.9656486511
train:3251,0,-2.5469872952,-2.5364043713,-2.5497220159,-2.5001714230,-2.5206516385
train:3252,0,-0.9739322662,-0.9318704605,-0.9451881051,-0.9422858357,-0.9627660513
train:3253,0,0.9102001786,0.9036686420,0.8903509974,0.9133163095,0.8928360939
train:3254,0,1.7852432728,1.7730579376,1.7597402930,1.8079748154,1.7874945998
train:3255,0,-2.1745481491,-2.1222069263,-2.1355245709,-2.1525721550,-2.1730523705
train:3256,0,0.3549531996,0.3706417382,0.3573240936,0.3826504648,0.3621702492
train:3257,0,-1.5285257101,-1.4849822521,-1.4982998967,-1.5486729145,-1.5691531301
train:3258,0,0.8631368279,0.8448361158,0.8315184712,0.9028699994,0.8823897839
train:3259,0,0.2188037336,0.2066663057,0.1933486611,0.2278595567,0.2073793411
train:3261,0,1.3229171038,1.2693920135,1.2560743690,1.3291282654,1.3086480498
train:3263,0,-0.6001435518,-0.5614395142,-0.5747571588,-0.5257461667,-0.5462263823
train:3265,0,0.2952558398,0.2778486907,0.2645310462,0.3471821547,0.3267019391
train:3266,0,1.4333460331,1.4376747608,1.4243571162,1.4506478310,1.4301676154
train:3267,0,-1.8018531799,-1.7701005936,-1.7834182382,-1.8000044823,-1.8204846978
train:3268,0,-0.0783592090,-0.1001456231,-0.1134632677,-0.0260145664,-0.0464947820
train:3269,0,0.0642778724,0.0710542798,0.0577366352,0.0573549643,0.0368747488
train:3271,0,-1.3810135126,-1.4299051762,-1.4432228208,-1.4150776863,-1.4355579019
train:3272,0,-2.6675105095,-2.6200206280,-2.6333382726,-2.6261439323,-2.6466241479
train:3273,0,2.1742320061,2.1680610180,2.1547433734,2.1729607582,2.1524805427
train:3274,0,1.7355605364,1.7744667530,1.7611491084,1.7333292961,1.7128490806
train:3276,0,1.3833751678,1.4211997986,1.4078821540,1.3543293476,1.3338491321
train:3278,0,-1.1233860254,-1.0801115036,-1.0934291482,-1.0864727497,-1.1069529653
train:3279,0,2.6245496273,2.6561753750,2.6428577304,2.6165895462,2.5961093307
train:3280,0,0.6558836699,0.8048136234,0.7914959788,0.6615632772,0.6410830617
train:3281,0,2.7219893932,2.7382583618,2.7249407172,2.7125976086,2.6921173930
train:3282,0,-0.1066779047,-0.1215966046,-0.1349142492,-0.0815849751,-0.1020651907
train:3283,0,0.4270493388,0.4506193399,0.4373016953,0.4458876252,0.4254074097
train:3284,0,1.0653967857,1.1422286034,1.1289109588,1.1040306091,1.0835503936
train:3285,0,-1.7650128603,-1.7259964943,-1.7393141389,-1.7037382126,-1.7242184281
train:3287,0,0.7920954823,0.7612214088,0.7479037642,0.8351795077,0.8146992922
train:3288,0,0.0535209179,0.1068785042,0.0935608596,0.0719060749,0.0514258593
train:3289,0,-0.7623915672,-0.6900229454,-0.7033405900,-0.6701866984,-0.6906669140
train:3291,0,1.2421859503,1.2571197748,1.2438021302,1.2064833641,1.1860031486
train:3292,-1,-4.1075282097,-4.0504884720,-4.0638061166,-4.1008820534,-4.1213622689
train:3294,0,0.7101372480,0.7912905216,0.7779728770,0.7667119503,0.7462317348
train:3295,0,-3.1725053787,-3.1533668041,-3.1666844487,-3.0696723461,-3.0901525617
train:3298,0,-0.5383988023,-0.4982076585,-0.5115253031,-0.4939383864,-0.5144186020
train:3299,0,-1.0951538086,-1.1293592453,-1.1426768899,-1.0591764450,-1.0796566606
train:3300,0,2.0020146370,2.0127317905,1.9994141459,2.0449049473,2.0244247317
train:3301,0,1.6130819321,1.5760922432,1.5627745986,1.6447255611,1.6242453456
train:3302,0,1.6437563896,1.6911962032,1.6778785586,1.7020998001,1.6816195846
train:3304,0,0.7346734405,0.7398169041,0.7264992595,0.7365760207,0.7160958052
train:3305,0,2.6277849674,2.6014182568,2.5881006122,2.5631499290,2.5426697135
train:3306,0,0.9533671141,0.9587329626,0.9454153180,0.9335858226,0.9131056070
train:3307,0,0.9185231924,1.2690238953,1.2557062507,1.0547437668,1.0342635512
train:3308,0,-0.3506543338,-0.3492885828,-0.3626062274,-0.2661975026,-0.2866777182
train:3309,0,0.5475553870,0.5645670891,0.5512494445,0.5810068846,0.5605266690
train:3310,0,-0.7550556064,-0.6937952042,-0.7071128488,-0.7606630921,-0.7811433077
train:3311,0,0.3566308916,0.3744253814,0.3611077368,0.3825008869,0.3620206714
train:3312,0,-0.3411309719,-0.3168155849,-0.3301332295,-0.3330417275,-0.3535219431
train:3313,0,-2.4611058235,-2.3415963650,-2.3549140096,-2.5064396858,-2.5269199014
train:3314,0,2.1402008533,2.0232019424,2.0098842978,2.1053614616,2.0848812461
train:3315,0,-0.1004028246,-0.1222049892,-0.1355226338,-0.1101433337,-0.1306235492
train:3317,0,2.1466917992,2.6179606915,2.6046430469,2.2390120029,2.2185317874
train:3318,0,1.7446429729,1.6892458200,1.6759281754,1.7800331116,1.7595528960
train:3319,0,-0.6902946830,-0.6177341938,-0.6310518384,-0.7184363008,-0.7389165163
train:3320,0,1.4136680365,1.3902299404,1.3769122958,1.3913748264,1.3708946109
train:3321,0,0.6903315187,0.5430748463,0.5297572017,0.6360049844,0.6155247688
train:3322,0,-0.2226658463,-0.1968975067,-0.2102151513,-0.2016155124,-0.2220957279
train:3323,0,0.8634984493,0.8605976105,0.8472799659,0.9035418034,0.8830615878
train:3324,0,-0.5233005881,-0.5724782944,-0.5857959390,-0.5449628234,-0.5654430389
train:3327,0,0.6572609544,0.6071404219,0.5938227773,0.7040424943,0.6835622787
train:3329,0,1.3328472376,1.3450919390,1.3317742944,1.4132966995,1.3928164840
train:3330,0,-1.6291830540,-1.6659597158,-1.6792773604,-1.6192464828,-1.6397266984
train:3331,0,2.2453284264,2.2177474499,2.2044298053,2.2903079987,2.2698277831
train:3332,0,0.3589545190,0.3487542570,0.3354366124,0.4781837761,0.4577035606
train:3334,0,0.9631861448,1.0086516142,0.9953339696,0.9927750826,0.9722948670
train:3335,0,0.0615928620,0.0971719325,0.0838542879,0.0553993732,0.0349191576
train:3336,0,0.0458764546,0.0640367940,0.0507191494,0.0931701362,0.0726899207
train:3338,0,1.3137433529,1.3930130005,1.3796953559,1.3770318031,1.3565515876
train:3339,0,2.1243584156,2.1607892513,2.1474716067,2.1118831635,2.0914029479
train:3340,0,0.1690999269,0.1805985719,0.1672809273,0.1986263692,0.1781461537
train:3341,0,2.7184267044,2.6838192940,2.6705016494,2.7109069824,2.6904267669
train:3343,0,0.9590880871,0.9684182405,0.9551005960,0.9856848717,0.9652046561
train:3344,0,2.8469219208,2.8840935230,2.8707758784,2.8729257584,2.8524455428
train:3345,0,1.1955956221,1.2164430618,1.2031254172,1.1845977306,1.1641175151
train:3346,0,1.2185722589,1.2591929436,1.2458752990,1.2114312649,1.1909510493
train:3347,0,0.7229027152,0.7745373249,0.7612196803,0.7413421273,0.7208619118
train:3348,0,-1.2154703140,-1.2859065533,-1.2992241979,-1.1272366047,-1.1477168202
train:3349,0,-6.0051312447,-5.9127407074,-5.9260583520,-5.8862252235,-5.9067054391
train:3350,0,1.1770937443,1.2052153349,1.1918976903,1.1677265167,1.1472463012
train:3351,0,1.9705098867,1.9440932274,1.9307755828,1.9642109871,1.9437307715
train:3352,0,0.6700157523,0.6855676174,0.6722499728,0.6907598376,0.6702796221
train:3355,0,1.9195934534,1.9548199177,1.9415022731,1.9806473255,1.9601671100
train:3356,0,-2.2573549747,-2.2324566841,-2.2457743287,-2.2660384178,-2.2865186334
train:3357,0,2.2277822495,2.2000935078,2.1867758632,2.2693004608,2.2488202453
train:3358,0,1.0945478678,1.0799601078,1.0666424632,1.1080462933,1.0875660777
train:3359,0,-0.3140090108,-0.2904628515,-0.3037804961,-0.2627832890,-0.2832635045
train:3361,0,2.0279977322,2.0404767990,2.0271591544,2.0651011467,2.0446209311
train:3362,0,0.9197189808,0.9665598869,0.9532422423,0.9749587774,0.9544785619
train:3363,0,2.3185284138,2.3207569122,2.3074392676,2.3597533703,2.3392731547
train:3365,0,0.0659104735,0.0170591176,0.0037414730,0.0800441206,0.0595639050
train:3366,0,-0.6589270830,-0.6376142502,-0.6509318948,-0.6128321886,-0.6333124042
train:3367,0,0.8246175051,0.8516407013,0.8383230567,0.8539098501,0.8334296346
train:3368,0,0.5914042592,0.6130682230,0.5997505784,0.5182161331,0.4977359176
train:3369,0,-4.3920693398,-4.3204979897,-4.3338156343,-4.3866405487,-4.4071207643
train:3370,0,-6.2345395088,-6.2573752403,-6.2706928849,-6.3532810211,-6.3737612367
train:3371,0,1.5998570919,1.5820286274,1.5687109828,1.6332125664,1.6127323508
train:3372,0,2.3207147121,2.3264999390,2.3131822944,2.3047614098,2.2842811942
train:3373,0,0.0655434206,0.1097253561,0.0964077115,0.1204534322,0.0999732167
train:3374,0,1.0678479671,1.0978240967,1.0845064521,1.0973272324,1.0768470168
train:3375,0,-2.2164912224,-2.1543917656,-2.1677094102,-2.1540169716,-2.1744971871
train:3376,0,1.3884559870,1.3982679844,1.3849503398,1.4254062176,1.4049260020
train:3378,0,0.6459453106,0.6281558275,0.6148381829,0.6699053645,0.6494251490
train:3379,-1,-2.3047561646,-2.2608978748,-2.2742155194,-2.3278450966,-2.3483253121
train:3380,0,0.0780909210,0.1253220439,0.1120043993,0.1188127324,0.0983325168
train:3381,-1,-8.3706445694,-8.4328651428,-8.4461827874,-8.2192020416,-8.2396822572
train:3382,0,0.8260216117,0.9041037560,0.8907861114,0.8647704720,0.8442902565
train:3383,0,-0.9581172466,-0.9300833941,-0.9434010386,-0.9058715701,-0.9263517857
train:3385,0,-2.6309187412,-2.5433187485,-2.5566363931,-2.5834121704,-2.6038923860
train:3386,0,-2.7391538620,-2.6349341869,-2.6482518315,-2.6953840256,-2.7158642411
train:3389,0,-0.9594932199,-0.9199293852,-0.9332470298,-0.9308487773,-0.9513289928
train:3390,0,2.0170431137,1.9726145267,1.9592968822,1.9855124950,1.9650322795
train:3392,0,0.9034203291,0.9207420349,0.9074243903,0.9312329292,0.9107527137
train:3393,0,0.9891139865,0.9736406803,0.9603230357,1.0578098297,1.0373296142
train:3394,0,-1.6862534285,-1.6524980068,-1.6658156514,-1.6406056881,-1.6610859036
train:3395,0,-1.3836899996,-1.3923320770,-1.4056497216,-1.3447463512,-1.3652265668
train:3396,-1,-2.7841091156,-2.7629342079,-2.7762518525,-2.7047500610,-2.7252302766
train:3398,-1,-7.3006677628,-7.2788996696,-7.2922173142,-7.2078676224,-7.2283478379
train:3400,0,0.2781381309,0.2693545222,0.2560368776,0.3128124774,0.2923322618
train:3401,0,-2.1725471020,-2.1730844975,-2.1864021420,-2.1639420986,-2.1844223142
train:3403,0,1.8771116734,1.7861058712,1.7727882266,1.8263266087,1.8058463931
train:3404,0,-0.5799866915,-0.6223368645,-0.6356545091,-0.5445212126,-0.5650014281
train:3405,0,0.8941558003,0.9330738783,0.9197562337,0.8709028959,0.8504226804
train:3406,0,1.0893484354,1.1310575008,1.1177398562,1.0495667458,1.0290865302
train:3407,0,2.9735875130,3.0586872101,3.0453695655,3.0231716633,3.0026914477
train:3408,0,-1.7875638008,-1.7678830624,-1.7812007070,-1.6285183430,-1.6489985585
train:3411,0,1.3452267647,1.3395472765,1.3262296319,1.4183156490,1.3978354335
train:3412,0,-2.2916500568,-2.2812550068,-2.2945726514,-2.2522196770,-2.2726998925
train:3413,0,-0.1886005253,-0.1561849713,-0.1695026159,-0.1899644434,-0.2104446590
train:3414,0,0.0546736158,0.0452739596,0.0319563150,0.0763628781,0.0558826625
train:3415,0,-1.2302718163,-1.2691311836,-1.2824488282,-1.2235000134,-1.2439802289
train:3416,0,-1.0760794878,-1.0598071814,-1.0731248260,-1.0524835587,-1.0729637742
train:3417,0,-0.1771471053,-0.2013469636,-0.2146646082,-0.1693602502,-0.1898404658
train:3418,0,1.3673154116,1.3610329628,1.3477153182,1.4091732502,1.3886930346
train:3419,0,0.2750374675,0.2658200264,0.2525023818,0.3639819622,0.3435017467
train:3420,0,0.1568301022,0.1798419356,0.1665242910,0.2385583371,0.2180781215
train:3421,0,2.6290075779,2.6452124119,2.6318947673,2.6331038475,2.6126236320
train:3422,0,-1.9997733831,-1.9862844944,-1.9996021390,-1.9544613361,-1.9749415517
train:3423,0,-0.8850086331,-0.8445096016,-0.8578272462,-0.7841643691,-0.8046445847
train:3424,0,1.2707769871,1.2697676420,1.2564499974,1.2626354694,1.2421552539
train:3425,0,-4.1704602242,-4.1051034927,-4.1184211373,-4.1808452606,-4.2013254762
train:3426,0,1.5109049082,1.5308284760,1.5175108314,1.5105786324,1.4900984168
train:3427,0,0.3928194642,0.3720320761,0.3587144315,0.4088312984,0.3883510828
train:3428,0,-3.2801229954,-3.2755520344,-3.2888696790,-3.2985944748,-3.3190746903
train:3431,0,1.0571056604,1.0337367058,1.0204190612,1.0615470409,1.0410668254
train:3432,0,0.8337022662,0.8762526512,0.8629350066,0.8351679444,0.8146877289
train:3433,0,-0.5339125991,-0.5055184364,-0.5188360810,-0.5481951833,-0.5686753988
train:3434,0,1.4347059727,1.4455589056,1.4322412610,1.4379322529,1.4174520373
train:3435,0,2.3306310177,2.3028354645,2.2895178199,2.3570017815,2.3365215659
train:3436,0,1.0301985741,1.0316156149,1.0182979703,1.0509678125,1.0304875970
train:3438,0,-2.1978712082,-2.1710259914,-2.1843436360,-2.1821846962,-2.2026649117
train:3439,0,-1.0062505007,-0.9976458549,-1.0109634995,-1.0046119690,-1.0250921845
train:3440,0,-1.8176097870,-1.7714576721,-1.7847753167,-1.8012928963,-1.8217731118
train:3441,0,1.0967977047,1.0741008520,1.0607832074,1.0763065815,1.0558263659
train:3443,0,-0.6319490671,-0.6196339130,-0.6329515576,-0.6264444590,-0.6469246745
train:3444,0,0.8048933744,0.7625467777,0.7492291331,0.8296530843,0.8091728687
train:3445,0,2.1144385338,2.0644960403,2.0511783957,2.1564059258,2.1359257102
train:3446,0,-0.2464025170,-0.1974034905,-0.2107211351,-0.2050557733,-0.2255359888
train:3447,0,0.1002754495,0.1549141705,0.1415965259,0.1427112520,0.1222310364
train:3449,0,-1.8095380068,-1.7936880589,-1.8070057034,-1.7528786659,-1.7733588815
train:3450,0,-2.0340466499,-1.8749942780,-1.8883119226,-2.1717231274,-2.1922033429
train:3452,0,0.1419922709,0.1748383045,0.1615206599,0.1604682952,0.1399880797
train:3454,0,-1.6431235075,-1.6514887810,-1.6648064256,-1.6223847866,-1.6428650022
train:3455,-2,-7.0181307793,-7.1329627037,-7.1462803483,-7.1895856857,-7.2100659013
train:3458,0,-2.9500210285,-2.8909103870,-2.9042280316,-2.9343290329,-2.9548092484
train:3459,0,2.5008146763,2.4980325699,2.4847149253,2.4733722210,2.4528920054
train:3460,0,-0.3179525733,-0.3511803746,-0.3644980192,-0.2355434597,-0.2560236752
train:3461,0,1.7182503939,1.7129410505,1.6996234059,1.7892506123,1.7687703967
train:3462,0,-1.0882622004,-1.0917912722,-1.1051089168,-1.0004959106,-1.0209761262
train:3463,0,0.7079772949,0.6796162128,0.6662985682,0.7221114039,0.7016311884
train:3464,0,-0.8213448524,-0.7604252100,-0.7737428546,-0.7588825822,-0.7793627977
train:3465,0,-0.2905569673,-0.2720414102,-0.2853590548,-0.3405545354,-0.3610347509
train:3466,0,2.5543661118,2.5796120167,2.5662943721,2.5085344315,2.4880542159
train:3467,0,0.0385254323,0.0300633088,0.0167456642,0.1055593491,0.0850791335
train:3468,0,0.7828942537,0.7654657364,0.7521480918,0.7760296464,0.7555494308
train:3469,0,-4.9359898567,-4.9798078537,-4.9931254983,-4.8214788437,-4.8419590592
train:3470,0,-2.9231231213,-2.8131978512,-2.8265154958,-2.8705186844,-2.8909988999
train:3471,0,-2.5017852783,-2.4669620991,-2.4802797437,-2.5044684410,-2.5249486566
train:3472,0,0.6872211695,0.6927963495,0.6794787049,0.7457802892,0.7253000736
train:3473,0,-1.0068539381,-0.9762287140,-0.9895463586,-1.0025610924,-1.0230413079
train:3474,0,0.6015973687,0.7168915272,0.7035738826,0.6461222768,0.6256420612
train:3475,0,-0.7990602851,-0.7875750065,-0.8008926511,-0.8333354592,-0.8538156748
train:3476,0,2.9950554371,3.0458304882,3.0325128436,2.9948287010,2.9743484855
train:3477,0,0.0383720323,0.0041346699,-0.0091829747,0.0118782520,-0.0086019635
train:3478,0,0.0156311020,0.0663831308,0.0530654863,0.0852124095,0.0647321939
train:3479,0,1.3759539127,1.4051214457,1.3918038011,1.4100782871,1.3895980716
train:3480,0,-1.0345768929,-0.9698355198,-0.9831531644,-1.0163104534,-1.0367906690
train:3481,0,-4.5419683456,-4.5321784019,-4.5454960465,-4.5823049545,-4.6027851701
train:3482,0,-0.5837455392,-0.5444674492,-0.5577850938,-0.6096767187,-0.6301569343
train:3483,0,0.5497002006,0.5229594707,0.5096418262,0.6360994577,0.6156192422
train:3484,0,2.3255605698,2.3378174305,2.3244997859,2.3297929764,2.3093127608
train:3485,0,-0.4646871090,-0.4511875808,-0.4645052254,-0.4951894283,-0.5156696439
train:3486,0,-0.2798546851,-0.2368242741,-0.2501419187,-0.2640031576,-0.2844833732
train:3488,0,1.2907167673,1.3321352005,1.3188175559,1.3236994743,1.3032192588
train:3489,0,-0.1719582379,-0.1515451074,-0.1648627520,-0.1225194633,-0.1429996789
train:3490,0,1.0510492325,1.0791105032,1.0657928586,1.1047101021,1.0842298865
train:3492,0,0.6203665137,0.6101753712,0.5968577266,0.5898625255,0.5693823099
train:3493,0,0.9079601765,0.9099282026,0.8966105580,0.9467872977,0.9263070822
train:3494,0,0.5954217315,0.6028711796,0.5895535350,0.6230445504,0.6025643349
train:3495,0,2.2642095089,2.3063542843,2.2930366397,2.3403725624,2.3198923469
train:3496,0,1.2895934582,1.2906154394,1.2772977948,1.3015260696,1.2810458541
train:3497,0,0.5163499117,0.5466339588,0.5333163142,0.5754956603,0.5550154448
train:3498,0,-0.8919295073,-0.8876639605,-0.9009816051,-0.8392321467,-0.8597123623
train:3499,0,-2.6731107235,-2.6858582497,-2.6991758943,-2.6795613766,-2.7000415921
train:3500,0,1.6315088272,1.6192734241,1.6059557796,1.6488406658,1.6283604503
train:3501,0,-0.7244813442,-0.7110922337,-0.7244098783,-0.8204954267,-0.8409756422
train:3502,0,-0.0812817588,-0.0429138243,-0.0562314689,0.0193287432,-0.0011514723
train:3503,0,2.0259244442,2.0021893978,1.9888717532,2.0289199352,2.0084397197
train:3504,0,1.7812923193,1.7198100090,1.7064923644,1.8103237152,1.7898434997
train:3505,0,0.5251188874,0.5503437519,0.5370261073,0.5609877110,0.5405074954
train:3506,0,-0.5125359893,-0.4488383234,-0.4621559680,-0.4772402644,-0.4977204800
train:3507,0,-0.8338930011,-0.8100481033,-0.8233657479,-0.8292590976,-0.8497393131
train:3508,0,-0.4068186283,-0.4049001634,-0.4182178080,-0.3951998353,-0.4156800508
train:3509,0,1.5138707161,1.5626168251,1.5492991805,1.5462293625,1.5257491469
train:3510,0,-0.3122805357,-0.2389216721,-0.2522393167,-0.2895898819,-0.3100700974
train:3511,0,-3.2159619331,-3.1426596642,-3.1559773088,-3.1689374447,-3.1894176602
train:3512,0,-1.7195401192,-1.6581709385,-1.6714885831,-1.6887502670,-1.7092304826
train:3513,0,-1.5043658018,-1.4892960787,-1.5026137233,-1.5631856918,-1.5836659074
train:3514,0,0.9287762642,0.9961906672,0.9828730226,1.0116002560,0.9911200404
train:3515,0,-1.2863724232,-1.3229610920,-1.3362787366,-1.2898817062,-1.3103619218
train:3516,0,2.6176626682,2.6276328564,2.6143152118,2.6128966808,2.5924164653
train:3517,0,-1.1193248034,-1.0889155865,-1.1022332311,-1.0637156963,-1.0841959119
train:3519,0,1.5366894007,1.5682299137,1.5549122691,1.5631124973,1.5426322818
train:3521,0,-0.6844190359,-0.6322108507,-0.6455284953,-0.6885948181,-0.7090750337
train:3522,0,1.5551660061,1.6225590706,1.6092414260,1.5861535072,1.5656732917
train:3523,0,-0.3892914951,-0.4590357840,-0.4723534286,-0.3422736228,-0.3627538383
train:3524,0,-1.4122971296,-1.4145572186,-1.4278748631,-1.3901188374,-1.4105990529
train:3525,0,-1.9736479521,-1.9783496857,-1.9916673303,-2.0384614468,-2.0589416623
train:3526,0,-6.5682897568,-6.4470992088,-6.4604168534,-6.4297113419,-6.4501915574
train:3527,0,0.6378862262,0.6449507475,0.6316331029,0.6821037531,0.6616235375
train:3528,0,-1.1266340017,-1.0629129410,-1.0762305856,-1.1022429466,-1.1227231622
train:3529,0,2.1951670647,2.1660621166,2.1527444720,2.2173225880,2.1968423724
train:3530,0,-2.8511748314,-2.7875125408,-2.8008301854,-2.9354910851,-2.9559713006
train:3531,0,-2.4676287174,-2.5167782307,-2.5300958753,-2.4466578960,-2.4671381116
train:3532,0,1.2794747353,1.2320544720,1.2187368274,1.2866590023,1.2661787868
train:3533,0,2.8085038662,2.8345570564,2.8212394118,2.7873845100,2.7669042945
train:3534,0,-0.3878042102,-0.3853575885,-0.3986752331,-0.2961645722,-0.3166447878
train:3535,0,1.4114142656,1.4338877201,1.4205700755,1.4315032959,1.4110230803
train:3537,0,-0.4851487577,-0.3685373664,-0.3818550110,-0.4544352889,-0.4749155045
train:3538,0,2.5967953205,2.6115396023,2.5982219577,2.6117124557,2.5912322402
train:3540,0,1.8724457026,1.7964112759,1.7830936313,1.8456370831,1.8251568675
train:3541,0,2.2554361820,2.2924981117,2.2791804671,2.2852385044,2.2647582889
train:3542,0,1.7857925892,1.8066499233,1.7933322787,1.8258554935,1.8053752780
train:3543,0,0.4315502644,0.4739026129,0.4605849683,0.4684688747,0.4479886591
train:3544,0,2.4682054520,2.5255680084,2.5122503638,2.4711503983,2.4506701827
train:3547,0,1.8693460226,1.8487221003,1.8354044557,1.8651947975,1.8447145820
train:3549,0,2.0675437450,2.0033946037,1.9900769591,2.0683221817,2.0478419662
train:3550,0,-0.0889885724,-0.0711777806,-0.0844954252,-0.0279016346,-0.0483818501
train:3553,0,1.1388055086,1.2354116440,1.2220939994,1.2015607357,1.1810805202
train:3555,0,-1.8485939503,-1.7858843803,-1.7992020249,-1.8677442074,-1.8882244229
train:3557,0,-1.6141419411,-1.6049908400,-1.6183084846,-1.6412181854,-1.6616984010
train:3558,0,1.3913713694,1.3735518456,1.3602342010,1.3957386017,1.3752583861
train:3559,0,1.7925558090,1.7372097969,1.7238921523,1.8463337421,1.8258535266
train:3560,0,-0.2547594905,-0.1678095907,-0.1811272353,-0.3233280182,-0.3438082337
train:3561,0,-2.2569422722,-2.2084176540,-2.2217352986,-2.2627024651,-2.2831826806
train:3562,0,1.7533991337,1.7709487677,1.7576311231,1.7408549786,1.7203747630
train:3563,0,1.3730835915,1.3120412827,1.2987236381,1.4282944202,1.4078142047
train:3564,0,2.1277384758,2.1656155586,2.1522979140,2.1738810539,2.1534008384
train:3565,0,1.2093369961,1.1727056503,1.1593880057,1.2952075005,1.2747272849
train:3566,0,1.8795322180,1.8675832748,1.8542656302,1.8127968311,1.7923166156
train:3567,0,-1.2132159472,-1.1746882200,-1.1880058646,-1.1198599339,-1.1403401494
train:3568,0,2.5472996235,2.5498824120,2.5365647674,2.5729043484,2.5524241328
train:3569,0,1.9000957012,1.9004707336,1.8871530890,1.8880634308,1.8675832152
train:3570,0,0.1925459355,0.2686403990,0.2553227544,0.2976982594,0.2772180438
train:3571,0,-2.6138095856,-2.5890405178,-2.6023581624,-2.6241672039,-2.6446474195
train:3572,0,0.1597482115,0.2067603022,0.1934426576,0.1756327450,0.1551525295
train:3573,0,1.7715688944,1.8181810379,1.8048633933,1.7501626015,1.7296823859
train:3574,0,0.6678706408,0.6757771969,0.6624595523,0.7257275581,0.7052473426
train:3575,0,1.1245276928,1.1264129877,1.1130953431,1.1198394299,1.0993592143
train:3576,0,-0.1504681855,-0.0938791931,-0.1071968377,-0.0956653655,-0.1161455810
train:3577,0,1.4101465940,1.4477667809,1.4344491363,1.4498379230,1.4293577075
train:3578,0,1.5533649921,1.5309507847,1.5176331401,1.5781157017,1.5576354861
train:3580,-2,-4.2216024399,-4.3082299232,-4.3215475678,-4.2230272293,-4.2435074449
train:3581,0,-0.5591674447,-0.5053236485,-0.5186412930,-0.6021689773,-0.6226491928
train:3582,0,0.5832564235,0.5595341921,0.5462165475,0.5912335515,0.5707533360
train:3583,0,0.6854637265,0.6413464546,0.6280288100,0.6919797063,0.6714994907
train:3584,0,-2.1991319656,-2.1505520344,-2.1638696790,-2.1553483009,-2.1758285165
train:3585,0,0.6596794128,0.6837166548,0.6703990102,0.7021384835,0.6816582680
train:3586,0,0.9019958377,0.9075368643,0.8942192197,0.9231368899,0.9026566744
train:3587,0,-0.3736621439,-0.3367689848,-0.3500866294,-0.3214798570,-0.3419600725
train:3588,-1,-3.9082858562,-3.8706815243,-3.8839991689,-4.0104718208,-4.0309520364
train:3589,0,1.7646927834,1.7630859613,1.7497683167,1.8137917519,1.7933115363
train:3590,0,1.0222651958,1.0063135624,0.9929959178,1.0539345741,1.0334543586
train:3591,0,1.7971284389,1.8107628822,1.7974452376,1.8365261555,1.8160459399
train:3593,0,0.1684789956,0.2280128598,0.2146952152,0.2506723702,0.2301921546
train:3594,0,-0.9158809781,-1.0170671940,-1.0303848386,-0.8845930696,-0.9050732851
train:3596,0,0.5335242152,0.6089450121,0.5956273675,0.5326395631,0.5121593475
train:3597,0,0.9293766022,0.9825521708,0.9692345262,0.9505286813,0.9300484657
train:3598,0,-3.5907924175,-3.4812929630,-3.4946106076,-3.5634181499,-3.5838983655
train:3599,0,1.6687244177,1.6215897799,1.6082721353,1.6827480793,1.6622678638
train:3600,0,1.2794733047,1.3430068493,1.3296892047,1.3038411140,1.2833608985
train:3601,0,1.9245975018,1.9729272127,1.9596095681,1.9455716610,1.9250914454
train:3603,0,0.9055966139,1.1251591444,1.1118414998,0.9115644097,0.8910841942
train:3605,0,1.1448577642,1.1776869297,1.1643692851,1.1106195450,1.0901393294
train:3606,0,-1.6419492960,-1.6392462254,-1.6525638700,-1.4952068329,-1.5156870484
train:3607,0,-1.1190341711,-1.1090428829,-1.1223605275,-1.0752923489,-1.0957725644
train:3608,0,2.4133961201,2.4531042576,2.4397866130,2.4974689484,2.4769887328
train:3610,0,-4.4152436256,-4.3544144630,-4.3677321076,-4.3847041130,-4.4051843286
train:3611,0,2.3342902660,2.3545522690,2.3412346244,2.3456528187,2.3251726031
train:3612,0,1.4053555727,1.4208194017,1.4075017571,1.4745521545,1.4540719390
train:3614,0,-3.3693089485,-3.2571692467,-3.2704868913,-3.3213007450,-3.3417809606
train:3615,0,2.7631869316,2.7741019726,2.7607843280,2.9107272625,2.8902470469
train:3616,0,1.0235491991,0.9782096148,0.9648919702,1.0826761723,1.0621959567
train:3617,0,1.5125766993,1.4492731094,1.4359554648,1.5242736340,1.5037934184
train:3618,0,0.0654764846,0.0383415520,0.0250239074,0.1166671962,0.0961869806
train:3620,0,1.0135114193,1.0275471210,1.0142294765,1.0746406317,1.0541604161
train:3622,0,-1.2944201231,-1.2819422483,-1.2952598929,-1.3470475674,-1.3675277829
train:3624,0,0.8225870132,0.8326401711,0.8193225265,0.7992017865,0.7787215710
train:3625,0,0.9229858518,0.9026184082,0.8893007636,0.9871513247,0.9666711092
train:3627,0,1.7756072283,1.7660735846,1.7527559400,1.7770304680,1.7565502524
train:3628,-1,-4.6745862961,-4.6750693321,-4.6883869767,-4.7540674210,-4.7745476365
train:3629,0,2.3710739613,2.3597180843,2.3464004397,2.3991477489,2.3786675334
train:3630,0,-0.1188405901,-0.1379144490,-0.1512320936,-0.0959696323,-0.1164498478
train:3631,0,0.9990863800,1.0115429163,0.9982252717,1.0136928558,0.9932126403
train:3632,0,-0.7020846009,-0.6498458385,-0.6631634831,-0.6885320544,-0.7090122700
train:3633,0,0.8923973441,0.9709436893,0.9576260448,0.8740795851,0.8535993695
train:3634,0,1.0283881426,0.9534037113,0.9400860667,1.0674101114,1.0469298959
train:3635,0,-0.8256049156,-0.8041586876,-0.8174763322,-0.8534683585,-0.8739485741
train:3636,0,1.4136655331,1.4272034168,1.4138857722,1.4044375420,1.3839573264
train:3638,0,1.6587709188,1.6380155087,1.6246978641,1.6977174282,1.6772372127
train:3639,0,-0.2209617645,-0.2358314991,-0.2491491437,-0.2394985557,-0.2599787712
train:3640,0,2.1713328362,2.2478907108,2.2345730662,2.1943759918,2.1738957763
train:3641,0,2.2859392166,2.2962219715,2.2829043269,2.2612094879,2.2407292724
train:3642,0,0.4893438518,0.5304693580,0.5171517134,0.4506558180,0.4301756024
train:3643,0,2.0155296326,1.9244763851,1.9111587405,1.9799175262,1.9594373107
train:3644,0,-3.8376421928,-3.7380826473,-3.7514002919,-3.8554859161,-3.8759661317
train:3645,0,1.8486644030,1.9082841873,1.8949665427,1.8860454559,1.8655652404
train:3646,0,-0.3993427157,-0.3927919567,-0.4061096013,-0.3586319089,-0.3791121244
train:3647,0,0.3539663255,0.4076797664,0.3943621218,0.3614297211,0.3409495056
train:3648,0,-2.8868887424,-2.8197615147,-2.8330791593,-2.9121851921,-2.9326654077
train:3649,0,-1.0066921711,-0.9644922018,-0.9778098464,-0.9766837955,-0.9971640110
train:3652,0,2.2439854145,2.1833813190,2.1700636744,2.3079719543,2.2874917388
train:3653,0,1.0851355791,1.0754517317,1.0621340871,1.0797028542,1.0592226386
train:3654,0,0.4180784225,0.4729453027,0.4596276581,0.4395339191,0.4190537035
train:3655,0,-3.0253453255,-2.9639208317,-2.9772384763,-2.9707489014,-2.9912291169
train:3656,0,0.4113537073,0.4552642703,0.4419466257,0.4920613170,0.4715811014
train:3658,0,0.3943306804,0.4007383883,0.3874207437,0.4654417932,0.4449615777
train:3659,0,2.3915841579,2.4023768902,2.3890592456,2.3938980103,2.3734177947
train:3660,0,2.3760838509,2.3277847767,2.3144671321,2.4199895859,2.3995093703
train:3661,0,-1.8771673441,-1.8212708235,-1.8345884681,-1.9195661545,-1.9400463700
train:3662,-1,-2.1583583355,-2.1758410931,-2.1891587377,-2.2126722336,-2.2331524491
train:3664,0,0.4742541611,0.4793418348,0.4660241902,0.4522000253,0.4317198098
train:3665,0,1.2213740349,1.2386248112,1.2253071666,1.2703912258,1.2499110103
train:3666,0,0.9064725041,0.9111050367,0.8977873921,0.9067544341,0.8862742186
train:3667,0,-0.2491745949,-0.2112738788,-0.2245915234,-0.1785747111,-0.1990549266
train:3668,0,-3.0894744396,-3.0096862316,-3.0230038762,-3.0487828255,-3.0692630410
train:3669,0,0.8284379244,0.8413511515,0.8280335069,0.9086940885,0.8882138729
train:3670,0,-1.2873004675,-1.2439963818,-1.2573140264,-1.2668149471,-1.2872951627
train:3671,0,-1.5800263882,-1.4720473289,-1.4853649735,-1.4567301273,-1.4772103429
train:3672,0,0.9549945593,0.9818899632,0.9685723186,0.9756030440,0.9551228285
train:3673,0,2.7064149380,2.6651837826,2.6518661380,2.6587080956,2.6382278800
train:3674,0,0.5472526550,0.5049508810,0.4916332364,0.5438642502,0.5233840346
train:3675,0,0.4971036315,0.4771532118,0.4638355672,0.5254358053,0.5049555898
train:3676,0,1.7925039530,1.7637628317,1.7504451871,1.7506296635,1.7301494479
train:3679,0,1.0923892260,1.1067421436,1.0934244990,1.1006863117,1.0802060962
train:3680,0,-0.4498989582,-0.4318246543,-0.4451422989,-0.4124399424,-0.4329201579
train:3681,0,-0.3934891224,-0.3761429787,-0.3894606233,-0.3922187090,-0.4126989245
train:3682,0,1.0515326262,1.0088050365,0.9954873919,1.0826815367,1.0622013211
train:3683,0,1.0325373411,1.0777647495,1.0644471049,1.1126234531,1.0921432376
train:3684,0,-4.4246649742,-4.4079861641,-4.4213038087,-4.4083976746,-4.4288778901
train:3685,0,3.0544242859,3.0291883945,3.0158707500,3.0373840332,3.0169038177
train:3686,0,0.4423414171,0.4500156939,0.4366980493,0.4165971577,0.3961169422
train:3688,0,1.6918361187,1.6784858704,1.6651682258,1.6475164890,1.6270362735
train:3691,0,1.7378884554,1.7765883207,1.7632706761,1.7608695030,1.7403892875
train:3692,0,-0.0147781018,-0.0158516467,-0.0291692913,0.0113707036,-0.0091095120
train:3693,0,1.1585932970,1.1832579374,1.1699402928,1.2583973408,1.2379171252
train:3694,0,-0.8667199612,-0.8489036560,-0.8622213006,-0.8817474842,-0.9022276998
train:3695,0,1.9717916250,2.0056557655,1.9923381209,1.9869918823,1.9665116668
train:3696,0,-1.5668666363,-1.5477235317,-1.5610411763,-1.5253756046,-1.5458558202
train:3698,0,2.1094119549,2.0691449642,2.0558273196,2.1032085419,2.0827283263
train:3699,0,2.3057625294,2.3424146175,2.3290969729,2.3063991070,2.2859188914
train:3700,0,1.3996040821,1.3282170296,1.3148993850,1.3987040520,1.3782238364
train:3701,0,-2.3807573318,-2.3373534679,-2.3506711125,-2.3602299690,-2.3807101846
train:3702,0,1.3279269934,1.3507661819,1.3374485373,1.3527836800,1.3323034644
train:3703,-1,-5.9266166687,-5.9407477379,-5.9540653825,-5.8803119659,-5.9007921815
train:3704,0,-0.4840740860,-0.4822717607,-0.4955894053,-0.4611216187,-0.4816018343
train:3705,0,1.4564588070,1.4534084797,1.4400908351,1.4735562801,1.4530760646
train:3706,0,-1.3590859175,-1.3333559036,-1.3466735482,-1.3323099613,-1.3527901769
train:3707,0,1.0056017637,1.0359792709,1.0226616263,0.9822289348,0.9617487192
train:3708,0,1.4595596790,1.4107623100,1.3974446654,1.4434759617,1.4229957461
train:3710,0,0.6669431925,0.6535358429,0.6402181983,0.6996279955,0.6791477799
train:3711,0,0.8792880177,0.9047133923,0.8913957477,0.9036219120,0.8831416965
train:3712,0,-0.7638873458,-0.7279509306,-0.7412685752,-0.6821625233,-0.7026427388
train:3713,0,-0.0106182657,-0.0175304934,-0.0308481380,-0.0123529583,-0.0328331739
train:3714,0,0.7232183218,0.7218847275,0.7085670829,0.7184879184,0.6980077028
train:3715,0,0.7545527816,0.7105535269,0.6972358823,0.7923286557,0.7718484402
train:3717,0,1.6603021622,1.6732631922,1.6599455476,1.7101135254,1.6896333098
train:3718,0,1.9130299091,1.9305326939,1.9172150493,1.9857103825,1.9652301669
train:3721,0,-0.6432535648,-0.6502662897,-0.6635839343,-0.5974500179,-0.6179302335
train:3722,0,1.4727667570,0.9443227053,0.9310050607,1.1621868610,1.1417066455
train:3723,0,-0.2217609286,-0.2104127109,-0.2237303555,-0.1614478230,-0.1819280386
train:3724,0,0.8017502427,0.8464815617,0.8331639171,0.8711242676,0.8506440520
train:3726,0,-2.9288876057,-2.8821332455,-2.8954508901,-3.0217857361,-3.0422659516
train:3727,0,-0.3778939843,-0.3148216307,-0.3281392753,-0.3149981201,-0.3354783356
train:3728,0,0.9588187337,0.9473668337,0.9340491891,0.9724801183,0.9519999027
train:3729,0,1.2632474899,1.2943937778,1.2810761333,1.2792382240,1.2587580085
train:3730,0,0.8308215141,0.8224766254,0.8091589808,0.8744282126,0.8539479971
train:3731,0,-0.3921898007,-0.3156608939,-0.3289785385,-0.3282679021,-0.3487481177
train:3734,0,0.4391022325,0.4604388773,0.4471212327,0.4512087405,0.4307285249
train:3736,0,-1.8291623592,-1.7874788046,-1.8007964492,-1.8077738285,-1.8282540441
train:3738,0,-0.0096464148,0.0133600608,0.0000424162,0.0768749863,0.0563947707
train:3741,-1,-3.4883337021,-1.9326207638,-1.9459384084,-3.6173982620,-3.6378784776
train:3742,0,-2.5805511475,-2.5848417282,-2.5981593728,-2.5444731712,-2.5649533868
train:3743,0,1.3138132095,1.2954785824,1.2821609378,1.3758261204,1.3553459048
train:3744,0,-1.1382946968,-1.1384098530,-1.1517274976,-1.1183702946,-1.1388505101
train:3746,0,1.4141488075,1.4324309826,1.4191133380,1.4345765114,1.4140962958
train:3747,0,1.7004168034,1.7334430218,1.7201253772,1.7220370770,1.7015568614
train:3748,0,2.4477057457,2.4671905041,2.4538728595,2.4544122219,2.4339320064
train:3749,0,-1.4189602137,-1.4483704567,-1.4616881013,-1.4042825699,-1.4247627854
train:3750,0,1.0299658775,0.9944537878,0.9811361432,1.0445784330,1.0240982175
train:3751,0,-2.1266872883,-2.1483662128,-2.1616838574,-2.1988801956,-2.2193604112
train:3753,0,1.9148050547,1.9329316616,1.9196140170,1.8681197166,1.8476395011
train:3755,0,0.8151256442,0.9122209549,0.8989033103,0.8589329123,0.8384526968
train:3756,0,-0.0269149672,-0.0331782177,-0.0464958623,0.0508518666,0.0303716511
train:3757,0,0.2443165928,0.2954773307,0.2821596861,0.2865682244,0.2660880089
train:3758,0,2.3506059647,2.2956500053,2.2823323607,2.3481321335,2.3276519179
train:3759,0,-1.6779552698,-1.6574852467,-1.6708028913,-1.6630029678,-1.6834831834
train:3761,0,2.9132499695,2.9276649952,2.9143473506,2.9208695889,2.9003893733
train:3762,0,0.7829622626,0.7999194860,0.7866018414,0.7754705548,0.7549903393
train:3763,0,1.4441932440,1.4886693954,1.4753517509,1.4803974628,1.4599172473
train:3764,0,0.6335896850,0.6714345217,0.6581168771,0.6701003909,0.6496201754
train:3766,0,0.2544904649,0.2857062221,0.2723885775,0.2913425863,0.2708623707
train:3767,0,1.4211502075,1.4033731222,1.3900554776,1.4014847279,1.3810045123
train:3769,0,0.5727214217,0.6006425619,0.5873249173,0.6225838065,0.6021035910
train:3770,0,-0.8225380778,-0.7843509912,-0.7976686358,-0.7661237717,-0.7866039872
train:3771,0,1.8891744614,1.8957232237,1.8824055791,1.9217405319,1.9012603164
train:3772,0,0.5381135941,0.5417658091,0.5284481645,0.5967347622,0.5762545466
train:3774,0,2.5888011456,2.5604228973,2.5471052527,2.6155843735,2.5951041579
train:3775,0,0.4389597178,0.4669622779,0.4536446333,0.4221265614,0.4016463459
train:3776,-6,-20.2605514526,-22.0323448181,-22.0456624627,-20.8180522919,-20.8385325074
train:3777,0,1.7539480925,1.7216761112,1.7083584666,1.7657494545,1.7452692389
train:3778,0,1.8042095900,1.7813148499,1.7679972053,1.7462244034,1.7257441878
train:3780,0,1.3967723846,1.3873624802,1.3740448356,1.4262824059,1.4058021903
train:3781,0,2.3868987560,2.4130976200,2.3997799754,2.4058735371,2.3853933215
train:3782,0,-1.4134466648,-1.3075945377,-1.3209121823,-1.4195334911,-1.4400137067
train:3783,0,-1.0380570889,-1.0290296078,-1.0423472524,-1.0086765289,-1.0291567445
train:3786,0,0.2638384402,0.2862867117,0.2729690671,0.3107830882,0.2903028727
train:3790,0,-1.3206390142,-1.3303916454,-1.3437092900,-1.3269946575,-1.3474748731
train:3792,0,-0.0636342391,-0.0320955664,-0.0454132110,-0.1183594465,-0.1388396621
train:3794,0,0.9475288987,0.9501264095,0.9368087649,0.9781354070,0.9576551914
train:3795,0,-0.1279701144,-0.0211445689,-0.0344622135,-0.0964339823,-0.1169141978
train:3797,0,1.3870679140,1.4384820461,1.4251644015,1.3885269165,1.3680467010
train:3798,0,2.1117768288,2.1115875244,2.0982698798,2.1519558430,2.1314756274
train:3800,0,1.5967732668,1.5175230503,1.5042054057,1.6154830456,1.5950028300
train:3801,0,2.1813006401,2.2364847660,2.2231671214,2.2212719917,2.2007917762
train:3802,0,2.5320129395,2.5209553242,2.5076376796,2.5572319031,2.5367516875
train:3803,0,1.0114521980,0.9809383154,0.9676206708,1.0403270721,1.0198468566
train:3804,0,2.7690169811,2.7432539463,2.7299363017,2.7971816063,2.7767013907
train:3805,0,0.9668410420,1.0373424292,1.0240247846,1.0018517971,0.9813715816
train:3806,0,-0.3803516328,-0.3365262747,-0.3498439193,-0.3348785639,-0.3553587794
train:3807,0,0.2522901595,0.2612442672,0.2479266226,0.2970044017,0.2765241861
train:3808,0,2.2385506630,2.2485499382,2.2352322936,2.2117171288,2.1912369132
train:3811,-1,-3.0348792076,-3.1512477398,-3.1645653844,-3.0049118996,-3.0253921151
train:3813,0,1.4175043106,1.3920438290,1.3787261844,1.4296157360,1.4091355205
train:3814,0,2.2259502411,2.2498517036,2.2365340590,2.2670867443,2.2466065288
train:3815,0,-0.4754213393,-0.4762533605,-0.4895710051,-0.4299274683,-0.4504076838
train:3816,0,-5.7031369209,-5.5605483055,-5.5738659501,-5.7062129974,-5.7266932130
train:3818,0,1.7949010134,1.8745508194,1.8612331748,1.8335406780,1.8130604625
train:3819,0,2.0081300735,2.0201385021,2.0068208575,2.0577716827,2.0372914672
train:3820,0,0.4520489872,0.4186029732,0.4052853286,0.4961085916,0.4756283760
train:3821,0,-1.2616108656,-1.2164660692,-1.2297837138,-1.2438433170,-1.2643235326
train:3823,0,2.0330264568,1.9484114647,1.9350938201,2.0060362816,1.9855560660
train:3824,0,-1.3339561224,-1.3399413824,-1.3532590270,-1.3221082687,-1.3425884843
train:3825,0,-4.0217728615,-4.0658116341,-4.0791292787,-3.9731116295,-3.9935918450
train:3826,0,1.0107975006,1.0144985914,1.0011809468,1.0239417553,1.0034615397
train:3827,0,0.6789298654,0.6948481798,0.6815305352,0.7122137547,0.6917335391
train:3829,0,1.2393910885,1.2577482462,1.2444306016,1.3150634766,1.2945832610
train:3830,0,0.4121413529,0.3960646987,0.3827470541,0.4954573214,0.4749771059
train:3833,0,-0.2220376581,-0.1370972395,-0.1504148841,-0.2085807323,-0.2290609479
train:3834,-1,-3.1752371788,-3.1566412449,-3.1699588895,-3.1030349731,-3.1235151887
train:3835,0,0.8126226068,0.8141670227,0.8008493781,0.7680252790,0.7475450635
train:3836,0,1.6893267632,1.7844209671,1.7711033225,1.7358701229,1.7153899074
train:3837,0,0.3771009445,0.3484605849,0.3351429403,0.3501413167,0.3296611011
train:3840,0,1.4209469557,1.4001339674,1.3868163228,1.4581861496,1.4377059340
train:3841,0,-0.5568003058,-0.5509896278,-0.5643072724,-0.5201787353,-0.5406589508
train:3842,0,-0.1143667251,-0.0678110719,-0.0811287165,-0.0871700346,-0.1076502502
train:3843,-1,-3.2884452343,-3.3291044235,-3.3424220681,-3.2719564438,-3.2924366593
train:3844,0,1.5978747606,1.5818574429,1.5685397983,1.6093835831,1.5889033675
train:3845,0,2.7119593620,2.7155964375,2.7022787929,2.7050809860,2.6846007705
train:3846,0,0.3202918172,0.3272071779,0.3138895333,0.3595940471,0.3391138315
train:3847,0,0.3534702957,0.4105796814,0.3972620368,0.3883246779,0.3678444624
train:3848,0,-1.0194753408,-1.0066721439,-1.0199897885,-0.9848667979,-1.0053470135
train:3849,0,1.8171683550,1.7615339756,1.7482163310,1.7911145687,1.7706343532
train:3850,0,2.3339762688,2.2944071293,2.2810894847,2.3732142448,2.3527340293
train:3851,0,-2.4156372547,-2.4111835957,-2.4245012403,-2.3894276619,-2.4099078774
train:3853,0,1.2567242384,1.2509696484,1.2376520038,1.2919011116,1.2714208961
train:3855,0,-0.4328499436,-0.4034835994,-0.4168012440,-0.4069232345,-0.4274034500
train:3856,0,0.3461769521,0.3350645602,0.3217469156,0.3899998963,0.3695196807
train:3857,0,-1.6701568365,-1.6783258915,-1.6916435361,-1.5882730484,-1.6087532640
train:3858,0,1.7514933348,1.7244973183,1.7111796737,1.7620873451,1.7416071296
train:3859,0,2.1802036762,2.1961185932,2.1828009486,2.2397840023,2.2193037868
train:3860,0,-0.3377815187,-0.3253014982,-0.3386191428,-0.3366332054,-0.3571134210
train:3861,0,-4.5202269554,-4.5418992043,-4.5552168489,-4.4578881264,-4.4783683419
train:3863,0,-0.0332071595,-0.0602437705,-0.0735614151,0.0238481909,0.0033679754
train:3864,0,2.1147189140,2.0886931419,2.0753754973,2.1330580711,2.1125778556
train:3865,0,1.1256123781,1.1633032560,1.1499856114,1.1524009705,1.1319207549
train:3868,0,1.0364927053,1.0191545486,1.0058369040,1.0738775730,1.0533973575
train:3869,0,1.2016779184,1.2030845881,1.1897669435,1.3187789917,1.2982987761
train:3870,0,1.4835005999,1.4712883234,1.4579706788,1.5339984894,1.5135182738
train:3872,0,-0.4953595400,-0.4642743766,-0.4775920212,-0.4261389375,-0.4466191530
train:3873,0,-1.9264943600,-1.8576416969,-1.8709593415,-1.9559288025,-1.9764090180
train:3874,0,2.2656526566,2.2869284153,2.2736107707,2.2771565914,2.2566763759
train:3875,0,-0.0963069871,-0.0912742913,-0.1045919359,-0.0736984611,-0.0941786766
train:3877,0,-2.2235348225,-2.2260611057,-2.2393787503,-2.1733660698,-2.1938462853
train:3879,0,1.5691817999,1.6114994287,1.5981817842,1.6339738369,1.6134936213
train:3880,0,0.0644379184,0.1231476367,0.1098299921,0.1142058969,0.0937256813
train:3881,0,-2.8230671883,-2.8114979267,-2.8248155713,-2.7871727943,-2.8076530099
train:3882,0,0.8031413555,0.9603394270,0.9470217824,0.8219279647,0.8014477491
train:3883,0,-2.0060539246,-1.9614355564,-1.9747532010,-1.9831697941,-2.0036500096
train:3884,0,0.5197434425,0.5568885803,0.5435709357,0.4809279442,0.4604477286
train:3885,0,-0.4097703099,-0.4119932055,-0.4253108501,-0.3373641372,-0.3578443527
train:3886,0,-1.7741703987,-1.7765203714,-1.7898380160,-1.7452356815,-1.7657158971
train:3887,-1,-2.8174095154,-2.8420207500,-2.8553383946,-2.7788085938,-2.7992888093
train:3888,0,1.7608712912,1.7226691246,1.7093514800,1.7553801537,1.7348999381
train:3890,0,-0.6491675377,-0.6501762867,-0.6634939313,-0.6370540261,-0.6575342417
train:3891,0,-3.2317013741,-3.1032793522,-3.1165969968,-3.2339067459,-3.2543869615
train:3892,0,2.0382287502,2.1173503399,2.1040326953,2.0389065742,2.0184263587
train:3893,0,0.8630039692,0.8482570648,0.8349394202,0.9003248811,0.8798446655
train:3898,0,-2.1843638420,-2.1390082836,-2.1523259282,-2.1786503792,-2.1991305947
train:3899,0,1.1850931644,1.2039816380,1.1906639934,1.1988015175,1.1783213019
train:3900,0,0.1360106319,0.1349646002,0.1216469556,0.2081872970,0.1877070814
train:3901,0,1.8797153234,1.8884673119,1.8751496673,1.9239718914,1.9034916759
train:3903,0,2.5420215130,2.4810245037,2.4677068591,2.6181364059,2.5976561904
train:3905,0,1.9613200426,1.9424138069,1.9290961623,2.0002019405,1.9797217250
train:3906,0,1.9565538168,2.0233259201,2.0100082755,1.9943706989,1.9738904834
train:3907,0,-5.7274980545,-5.8672137260,-5.8805313706,-5.8021469116,-5.8226271272
train:3908,0,1.6069375277,1.6186739206,1.6053562760,1.6076443195,1.5871641040
train:3910,0,-1.2601760626,-1.2307008505,-1.2440184951,-1.2727091312,-1.2931893468
train:3911,0,2.2694039345,2.2750518322,2.2617341876,2.2340939045,2.2136136889
train:3912,0,1.2961220741,1.4107971191,1.3974794745,1.4073603153,1.3868800998
train:3914,0,0.5899300575,0.5926746130,0.5793569684,0.5876131654,0.5671329498
train:3915,0,0.4728388786,0.4904499948,0.4771323502,0.4478504062,0.4273701906
train:3916,0,-0.6831375360,-0.6404973269,-0.6538149714,-0.7201805711,-0.7406607866
train:3917,0,-0.9941489100,-1.0285334587,-1.0418511033,-1.0231940746,-1.0436742902
train:3919,0,0.5247916579,0.5678324699,0.5545148253,0.5985879898,0.5781077743
train:3920,0,1.6741029024,1.6487267017,1.6354090571,1.7009799480,1.6804997325
train:3921,0,-0.9544680119,-0.9575989246,-0.9709165692,-0.9524411559,-0.9729213715
train:3923,0,-0.1619413048,-0.1570313573,-0.1703490019,-0.1361131519,-0.1565933675
train:3924,0,1.6429835558,1.6373202801,1.6240026355,1.6466317177,1.6261515021
train:3925,0,0.5796167850,0.5445262194,0.5312085748,0.6172872782,0.5968070626
train:3926,0,0.0637805909,0.1303381324,0.1170204878,0.1253239363,0.1048437208
train:3927,0,-1.8614069223,-1.8116503954,-1.8249680400,-1.8204689026,-1.8409491181
train:3928,0,-0.4379689693,-0.3654982746,-0.3788159192,-0.4211390018,-0.4416192174
train:3929,0,0.9506501555,0.9850076437,0.9716899991,0.9215590358,0.9010788202
train:3931,0,0.3635498881,0.3560799062,0.3427622616,0.3702068329,0.3497266173
train:3932,0,-2.3368663788,-2.2993400097,-2.3126576543,-2.3250155449,-2.3454957604
train:3933,0,-6.8086762428,-6.7955756187,-6.8088932633,-6.9579019547,-6.9783821702
train:3934,0,1.4239753485,1.3783622980,1.3650446534,1.3631961346,1.3427159190
train:3935,0,1.1286636591,1.1551647186,1.1418470740,1.1405501366,1.1200699210
train:3936,0,-1.0184372663,-0.9929325581,-1.0062502027,-1.0096874237,-1.0301676393
train:3937,0,0.1359746754,0.1006647050,0.0873470604,0.1683800220,0.1478998065
train:3938,0,0.2537285388,0.2752847672,0.2619671226,0.2780934572,0.2576132417
train:3939,0,-0.0390476361,-0.0405755937,-0.0538932383,-0.0205092281,-0.0409894437
train:3940,0,-2.7317001820,-2.7165200710,-2.7298377156,-2.6507444382,-2.6712246537
train:3943,0,0.1894862354,0.1639503986,0.1506327540,0.1951751411,0.1746949255
train:3945,0,-0.3251302242,-0.3135664165,-0.3268840611,-0.3332566619,-0.3537368774
train:3946,0,0.4069312811,0.4140420854,0.4007244408,0.4888527393,0.4683725238
train:3947,0,0.2685951293,0.2803809345,0.2670632899,0.3169361055,0.2964558899
train:3948,0,0.5749479532,0.6114478111,0.5981301665,0.6521318555,0.6316516399
train:3949,0,-2.4506955147,-2.3844439983,-2.3977616429,-2.4711275101,-2.4916077256
train:3950,0,0.5057057142,0.5073213577,0.4940037131,0.5215369463,0.5010567307
train:3952,0,-2.5159823895,-2.4249560833,-2.4382737279,-2.4293498993,-2.4498301148
train:3953,0,1.0547015667,1.0760008097,1.0626831651,1.1051485538,1.0846683383
train:3954,0,-0.1299306601,-0.0855515152,-0.0988691598,-0.1314053088,-0.1518855244
train:3955,0,0.5370185971,0.5369741917,0.5236565471,0.6000415087,0.5795612931
train:3956,0,0.9355581999,0.9244654179,0.9111477733,0.9310315251,0.9105513096
train:3957,0,-0.2959628999,-0.2792236805,-0.2925413251,-0.2574848533,-0.2779650688
train:3958,0,0.9626845121,0.9836152792,0.9702976346,1.0260813236,1.0056011081
train:3959,0,0.1424405724,0.1406212300,0.1273035854,0.2065138370,0.1860336214
train:3960,0,1.7073982954,1.7276252508,1.7143076062,1.7321500778,1.7116698623
train:3961,0,-2.7777256966,-2.7502639294,-2.7635815740,-2.7557578087,-2.7762380242
train:3962,0,1.9814596176,2.0329997540,2.0196821094,2.0001401901,1.9796599746
train:3963,0,1.6173025370,1.5819463730,1.5686287284,1.6770315170,1.6565513015
train:3964,0,2.2157483101,2.1685898304,2.1552721858,2.2079579830,2.1874777675
train:3965,0,1.8387482166,1.8546122313,1.8412945867,1.8790755272,1.8585953116
train:3966,0,0.8361009955,0.9014732838,0.8881556392,0.8992236257,0.8787434101
train:3967,0,0.7236469984,0.7344930172,0.7211753726,0.7561114430,0.7356312275
train:3968,0,1.2901232243,1.2552279234,1.2419102788,1.3567485809,1.3362683654
train:3970,0,2.4161086082,2.4306766987,2.4173590541,2.4705252647,2.4500450492
train:3971,0,0.6815123558,0.6056058407,0.5922881961,0.6908392310,0.6703590155
train:3973,0,-0.1292338073,-0.0792805552,-0.0925981998,-0.0967256129,-0.1172058284
train:3974,0,1.2327812910,1.2365026474,1.2231850028,1.2379286289,1.2174484134
train:3975,0,0.2070387155,0.2091754824,0.1958578378,0.2758246064,0.2553443909
train:3976,0,-1.5733002424,-1.6119853258,-1.6253029704,-1.5540711880,-1.5745514035
train:3977,0,1.5702698231,1.5695301294,1.5562124848,1.7046563625,1.6841761470
train:3978,0,1.8690398932,1.8558990955,1.8425814509,1.9181370735,1.8976568580
train:3979,0,-0.3366971910,-0.3548584282,-0.3681760728,-0.3642597198,-0.3847399354
train:3981,0,1.0987427235,1.0891172886,1.0757996440,1.1020679474,1.0815877318
train:3982,0,2.7441749573,2.6489548683,2.6356372237,2.7229118347,2.7024316192
train:3983,0,1.4066401720,1.4522898197,1.4389721751,1.4302794933,1.4097992778
train:3984,0,0.7679526210,0.8109433651,0.7976257205,0.8013826609,0.7809024453
train:3985,0,1.1807280779,1.1555117369,1.1421940923,1.2258839607,1.2054037452
train:3986,0,-0.9494544864,-0.9364726543,-0.9497902989,-0.9359826446,-0.9564628601
train:3988,0,0.8224220276,0.8230919838,0.8097743392,0.8604426980,0.8399624825
train:3989,0,-0.0828421786,-0.0793561637,-0.0926738083,-0.0480789840,-0.0685591996
train:3990,0,1.5579377413,1.4877910614,1.4744734168,1.5619297028,1.5414494872
train:3991,0,-2.2547979355,-2.2003695965,-2.2136872411,-2.3305191994,-2.3509994149
train:3992,0,2.4864363670,2.4617292881,2.4484116435,2.5002379417,2.4797577262
train:3993,0,1.3327451944,1.3469344378,1.3336167932,1.3490498066,1.3285695910
train:3994,0,0.7993248701,0.8629555702,0.8496379256,0.8695901632,0.8491099477
train:3995,0,-0.9802331328,-0.9752905369,-0.9886081815,-0.9949606061,-1.0154408216
train:3996,0,1.8773750067,1.8992586136,1.8859409690,1.8728783131,1.8523980975
train:3997,0,-3.0005095005,-2.9008080959,-2.9141257405,-2.9967470169,-3.0172272325
train:3998,0,1.1520799398,1.2560812235,1.2427635789,1.2267813683,1.2063011527
train:3999,0,0.7678803802,0.8230397701,0.8097221255,0.8019916415,0.7815114260
train:4000,0,2.2368986607,2.2034678459,2.1901502013,2.2057671547,2.1852869391
train:4001,0,-3.4842576981,-3.6142935753,-3.6276112199,-3.6026151180,-3.6230953336
train:4002,0,-1.6455200911,-1.6527595520,-1.6660771966,-1.6156203747,-1.6361005902
train:4003,0,0.9364647865,0.9704358578,0.9571182132,0.9773532152,0.9568729997
train:4004,0,1.1841428280,1.1715962887,1.1582786441,1.1707081795,1.1502279639
train:4005,0,1.9837597609,1.9765762091,1.9632585645,1.9913239479,1.9708437324
train:4006,0,0.6194000840,0.6009954214,0.5876777768,0.6689627767,0.6484825611
train:4007,0,-0.1287287176,-0.1428889930,-0.1562066376,-0.0915613621,-0.1120415777
train:4009,-1,-1.3564949036,-1.3461029530,-1.3594205976,-1.4010307789,-1.4215109944
train:4010,0,1.1322736740,1.1290740967,1.1157564521,1.1724276543,1.1519474387
train:4011,0,-0.0372717679,-0.0100537539,-0.0233713984,-0.0178947300,-0.0383749455
train:4012,0,1.7848010063,1.8224563599,1.8091387153,1.8963525295,1.8758723140
train:4013,0,1.9882040024,1.9876896143,1.9743719697,2.0478301048,2.0273498893
train:4014,0,0.9915077686,0.9887261391,0.9754084945,0.9593218565,0.9388416409
train:4017,0,-1.8114439249,-1.7935283184,-1.8068459630,-1.7438521385,-1.7643323541
train:4018,0,1.6247938871,1.6257284880,1.6124108434,1.6286511421,1.6081709266
train:4019,0,0.2417261004,0.2527784407,0.2394607961,0.2790684700,0.2585882545
train:4020,0,0.8504678607,0.8394211531,0.8261035085,0.8890776038,0.8685973883
train:4021,0,2.2489097118,2.2104995251,2.1971818805,2.2173886299,2.1969084144
train:4022,0,1.5981611013,1.6027104855,1.5893928409,1.6389105320,1.6184303164
train:4023,0,-1.9676425457,-1.9564175606,-1.9697352052,-1.9680471420,-1.9885273576
train:4024,0,-0.9647595882,-0.9639667273,-0.9772843719,-0.9160261750,-0.9365063906
train:4025,0,0.4741064906,0.5023401976,0.4890225530,0.4975876510,0.4771074355
train:4026,0,2.2795021534,2.3010945320,2.2877768874,2.4041056633,2.3836254478
train:4027,0,-0.3228504062,-0.3112313151,-0.3245489597,-0.3115723729,-0.3320525885
train:4028,0,2.1298544407,2.1474292278,2.1341115832,2.2721500397,2.2516698241
train:4029,0,-1.9588383436,-1.9436366558,-1.9569543004,-1.9027473927,-1.9232276082
train:4030,0,0.8444203734,0.8449797630,0.8316621184,0.8723155856,0.8518353701
train:4031,0,0.7641899586,0.7917016745,0.7783840299,0.7761817575,0.7557015419
train:4032,0,0.7884560227,0.7905063629,0.7771887183,0.8248292208,0.8043490052
train:4033,0,0.5639894009,0.5811609030,0.5678432584,0.5962598324,0.5757796168
train:4034,-1,-5.3209509850,-5.4146718979,-5.4279895425,-5.3503427505,-5.3708229661
train:4035,0,-0.1423165053,-0.0282414854,-0.0415591300,-0.1614075601,-0.1818877757
train:4036,0,1.9519356489,1.9130144119,1.8996967673,1.9457561970,1.9252759814
train:4037,0,1.7662861347,1.7897412777,1.7764236331,1.7634658813,1.7429856658
train:4038,0,0.5305252671,0.5100252628,0.4967076182,0.5469713807,0.5264911652
train:4039,0,1.4204361439,1.4116771221,1.3983594775,1.4337935448,1.4133133292
train:4040,0,1.4854247570,1.4793047905,1.4659871459,1.4699277878,1.4494475722
train:4041,-1,-5.6951327324,-5.5773797035,-5.5906973481,-5.7481565475,-5.7686367631
train:4042,0,-0.9836326241,-0.9925943613,-1.0059120059,-0.9606197476,-0.9810999632
train:4043,0,0.0259674471,0.0509006679,0.0375830233,0.0309433341,0.0104631186
train:4044,-1,-1.3631560802,-1.4277151823,-1.4410328269,-1.4114255905,-1.4319058061
train:4045,0,-0.1196781546,-0.1055357903,-0.1188534349,-0.0988103747,-0.1192905903
train:4046,0,-1.5868782997,-1.5917398930,-1.6050575376,-1.5546844006,-1.5751646161
train:4047,0,0.0030072848,0.0536253154,0.0403076708,0.0032128394,-0.0172673762
train:4049,0,1.3214695454,1.3519824743,1.3386648297,1.3188631535,1.2983829379
train:4050,0,2.8912963867,2.8205692768,2.8072516322,2.8457884789,2.8253082633
train:4051,0,-2.0153131485,-1.9314670563,-1.9447847009,-1.9163239002,-1.9368041158
train:4052,0,-0.6291255951,-0.7132544518,-0.7265720963,-0.5940657258,-0.6145459414
train:4053,0,-2.4799659252,-2.4420883656,-2.4554060102,-2.4730277061,-2.4935079217
train:4055,0,1.2482999563,1.2432782650,1.2299606204,1.3018209934,1.2813407779
train:4056,0,-1.3177503347,-1.3068902493,-1.3202078938,-1.2564294338,-1.2769096494
train:4057,0,-2.3615922928,-2.2702181339,-2.2835357785,-2.4326887131,-2.4531689286
train:4058,0,1.4595879316,1.4822981358,1.4689804912,1.4857170582,1.4652368426
train:4060,0,-3.4908826351,-3.4501221180,-3.4634397626,-3.5128812790,-3.5333614945
train:4061,0,1.0809615850,1.0953035355,1.0819858909,1.1038784981,1.0833982825
train:4062,0,0.6838725209,0.7123970985,0.6990794539,0.7128579021,0.6923776865
train:4063,0,0.5620297790,0.5777958632,0.5644782186,0.5959216356,0.5754414201
train:4064,0,2.8330700397,2.8468058109,2.8334881663,2.8403639793,2.8198837638
train:4065,0,1.3545576334,1.3456168175,1.3322991729,1.3627362251,1.3422560096
train:4066,0,-1.6701956987,-1.6375234127,-1.6508410573,-1.6934993267,-1.7139795423
train:4067,0,-2.2453131676,-2.1969063282,-2.2102239728,-2.2041366100,-2.2246168256
train:4068,0,0.2380765975,0.1623783112,0.1490606666,0.2393090576,0.2188288420
train:4069,0,-4.1980113983,-4.0845379829,-4.0978556275,-4.2053737640,-4.2258539796
train:4070,0,2.1374952793,2.1302306652,2.1169130206,2.0741519928,2.0536717772
train:4071,0,1.5724086761,1.5801197290,1.5668020844,1.6107258797,1.5902456641
train:4073,0,-0.7391555309,-0.6420766115,-0.6553942561,-0.7643947005,-0.7848749161
train:4074,0,0.5649518371,0.6172580719,0.6039404273,0.5855028629,0.5650226474
train:4075,0,-0.1321167052,-0.1193691790,-0.1326868236,-0.0990765691,-0.1195567846
train:4077,-1,-3.8042950630,-3.7403447628,-3.7536624074,-3.8369803429,-3.8574605584
train:4078,0,-0.5050060153,-0.4298148751,-0.4431325197,-0.5542207360,-0.5747009516
train:4079,0,-1.5567460060,-1.5294965506,-1.5428141952,-1.5035336018,-1.5240138173
train:4080,0,-0.3625296056,-0.4202920496,-0.4336096942,-0.4165058732,-0.4369860888
train:4081,0,0.6563506722,0.6265354156,0.6132177711,0.6763383746,0.6558581591
train:4082,0,-3.3968040943,-3.3702456951,-3.3835633397,-3.3721227646,-3.3926029801
train:4083,0,2.3938643932,2.3981018066,2.3847841620,2.4263114929,2.4058312774
train:4084,0,1.5678602457,1.5801031590,1.5667855144,1.5731534958,1.5526732802
train:4086,0,0.6336106062,0.7122082710,0.6988906264,0.7239471674,0.7034669518
train:4090,0,-0.0662747473,-0.0924390852,-0.1057567298,-0.0257239044,-0.0462041199
train:4091,0,0.1437330395,0.2080914676,0.1947738230,0.2125871629,0.1921069473
train:4092,0,-0.0637743250,-0.0759160966,-0.0892337412,-0.1130878925,-0.1335681081
train:4094,0,0.2407552600,0.2572436929,0.2439260483,0.2983667254,0.2778865099
train:4095,0,2.3931031227,2.4188644886,2.4055468440,2.4416441917,2.4211639762
train:4096,0,0.0536017679,-0.0776340663,-0.0909517109,-0.0069003403,-0.0273805559
train:4097,0,1.7727154493,1.7755914927,1.7622738481,1.8016760349,1.7811958194
train:4098,0,1.3570784330,1.3706026077,1.3572849631,1.3331260681,1.3126458526
train:4099,0,-2.3381309509,-2.2780129910,-2.2913306355,-2.2833914757,-2.3038716912
train:4101,0,-0.6067532301,-0.5871945620,-0.6005122066,-0.6056853533,-0.6261655688
train:4102,-1,-3.9562041759,-3.9538061619,-3.9671238065,-3.9463248253,-3.9668050408
train:4103,0,2.3703167439,2.3849606514,2.3716430068,2.3998253345,2.3793451190
train:4104,0,-0.3924790323,-0.4200813472,-0.4333989918,-0.4292076826,-0.4496878982
train:4106,0,-1.1993681192,-1.1611638069,-1.1744814515,-1.2105238438,-1.2310040593
train:4108,0,0.1858943850,0.2087953687,0.1954777241,0.1776897907,0.1572095752
train:4109,0,0.9123305082,0.9468425512,0.9335249066,0.9508351684,0.9303549528
train:4110,0,-1.5359948874,-1.5097111464,-1.5230287910,-1.6277716160,-1.6482518315
train:4111,0,-0.0969306082,-0.0576578379,-0.0709754825,-0.0493596345,-0.0698398501
train:4112,0,0.8048117161,0.8340597153,0.8207420707,0.8715305328,0.8510503173
train:4113,0,-1.8599914312,-1.8370411396,-1.8503587842,-1.8729341030,-1.8934143186
train:4114,0,1.1396191120,1.1200517416,1.1067340970,1.1753392220,1.1548590064
train:4115,-1,-5.8381118774,-5.9059557915,-5.9192734361,-5.9193801880,-5.9398604035
train:4118,0,-3.3535470963,-3.3230624199,-3.3363800645,-3.3222427368,-3.3427229524
train:4119,-1,-5.5762743950,-5.6195235252,-5.6328411698,-5.6011552811,-5.6216354966
train:4122,0,0.9184187651,0.9000983238,0.8867806792,0.9639665484,0.9434863329
train:4124,0,1.7573866844,1.7135212421,1.7002035975,1.7547397614,1.7342595458
train:4125,0,-0.9223020077,-0.8638784885,-0.8771961331,-0.8893721700,-0.9098523855
train:4126,0,0.3810091615,0.3902969956,0.3769793510,0.3854134083,0.3649331927
train:4128,0,-1.5185257196,-1.4633622169,-1.4766798615,-1.4388310909,-1.4593113065
train:4130,0,-5.1386599541,-5.0331540108,-5.0464716554,-5.0429196358,-5.0633998513
train:4131,0,-0.0019803310,0.0450371504,0.0317195058,-0.0021484196,-0.0226286352
train:4132,0,3.3675792217,3.2820928097,3.2687751651,3.3202800751,3.2997998595
train:4134,0,1.7928779125,1.7828201056,1.7695024610,1.8527061939,1.8322259784
train:4135,0,-0.3882490098,-0.3665526509,-0.3798702955,-0.3257907629,-0.3462709785
train:4138,0,-0.5974013209,-0.5574537516,-0.5707713962,-0.5931634903,-0.6136437058
train:4140,0,1.7935683727,1.8357101679,1.8223925233,1.8509011269,1.8304209113
train:4141,0,-0.8606662750,-0.8702820539,-0.8835996985,-0.8130587935,-0.8335390091
train:4142,0,-1.7374351025,-1.6880385876,-1.7013562322,-1.6770851612,-1.6975653768
train:4143,0,-1.4686646461,-1.4112218618,-1.4245395064,-1.5121648312,-1.5326450467
train:4144,0,0.0848124251,0.0674536079,0.0541359633,0.1156596690,0.0951794535
train:4145,0,1.0672557354,1.0348198414,1.0215021968,1.1061334610,1.0856532454
train:4146,0,2.6364820004,2.5964269638,2.5831093192,2.6658546925,2.6453744769
train:4147,0,-1.6663627625,-1.6284677982,-1.6417854428,-1.6131639481,-1.6336441636
train:4148,0,1.8811920881,1.8957997561,1.8824821115,1.9224171638,1.9019369483
train:4149,0,-0.5842028856,-0.5572321415,-0.5705497861,-0.6093652248,-0.6298454404
train:4151,0,0.2344841063,0.2632771432,0.2499594986,0.3205268979,0.3000466824
train:4152,0,1.6283353567,1.6144802570,1.6011626124,1.6257421970,1.6052619815
train:4153,0,-0.2911504209,-0.2791664898,-0.2924841344,-0.2439302206,-0.2644104362
train:4154,0,-1.9584449530,-1.8950536251,-1.9083712697,-1.9877679348,-2.0082481503
train:4155,0,-0.3968385756,-0.3087181151,-0.3220357597,-0.3958387971,-0.4163190126
train:4156,0,-1.6896538734,-1.6611917019,-1.6745093465,-1.6712498665,-1.6917300820
train:4157,0,-1.9818570614,-1.9421513081,-1.9554689527,-1.9300837517,-1.9505639672
train:4158,0,1.8725017309,1.9011585712,1.8878409266,1.9098861217,1.8894059062
train:4159,0,3.0524003506,3.0442190170,3.0309013724,3.0468530655,3.0263728499
train:4160,0,1.7371209860,1.7042186260,1.6909009814,1.7695572376,1.7490770221
train:4161,0,1.4332077503,1.3907480240,1.3774303794,1.4476668835,1.4271866679
train:4164,0,-0.1422714144,-0.1140974164,-0.1274150610,-0.1653100848,-0.1857903004
train:4165,0,2.5527238846,2.5928213596,2.5795037150,2.5652096272,2.5447294116
train:4166,-1,-2.9658286572,-2.9804711342,-2.9937887788,-2.9702000618,-2.9906802773
train:4167,0,1.6289582253,1.5844163895,1.5710987449,1.6498169899,1.6293367743
train:4169,0,-0.2684528232,-0.2491551042,-0.2624727488,-0.2389448285,-0.2594250441
train:4170,0,3.0427978039,3.0510790348,3.0377613902,3.0897831917,3.0693029761
train:4171,0,2.1114890575,2.1060867310,2.0927690864,2.1356842518,2.1152040362
train:4172,0,-1.5198074579,-1.4913318157,-1.5046494603,-1.4811203480,-1.5016005635
train:4173,0,-1.1405124664,-1.1272165775,-1.1405342221,-1.1418704987,-1.1623507142
train:4174,0,0.8237869143,0.7836720943,0.7703544497,0.8108741641,0.7903939486
train:4176,0,-1.4754611254,-1.4496634007,-1.4629810452,-1.4312920570,-1.4517722726
train:4177,0,0.4002270699,0.4151912332,0.4018735886,0.4046682715,0.3841880560
train:4178,0,2.1251556873,2.2135448456,2.2002272010,2.1239423752,2.1034621596
train:4179,0,-1.0494147539,-1.0363774300,-1.0496950746,-1.0434777737,-1.0639579892
train:4180,0,0.1251936257,0.2312667072,0.2179490626,0.1914198399,0.1709396243
train:4181,0,0.8168388605,0.9903786182,0.9770609736,0.8574966788,0.8370164633
train:4182,0,0.7606089711,0.7576043606,0.7442867160,0.7674567103,0.7469764948
train:4186,0,0.9628632665,0.9533172846,0.9399996400,1.0270147324,1.0065345168
train:4187,0,2.3339505196,2.3712332249,2.3579155803,2.3291947842,2.3087145686
train:4188,0,0.2718151510,0.2687059641,0.2553883195,0.3132286668,0.2927484512
train:4189,0,-3.5179708004,-3.6593973637,-3.6727150083,-3.6021964550,-3.6226766706
train:4190,0,0.7379657626,0.7529753447,0.7396577001,0.7987781763,0.7782979608
train:4191,0,0.9493808150,0.9321265221,0.9188088775,1.0025527477,0.9820725322
train:4192,0,-1.1087356806,-1.0278358459,-1.0411534905,-1.0700707436,-1.0905509591
train:4193,0,1.5622156858,1.5686035156,1.5552858710,1.5664393902,1.5459591746
train:4194,0,-1.3533527851,-1.2614166737,-1.2747343183,-1.3552916050,-1.3757718205
train:4196,0,1.1636044979,1.2691946030,1.2558769584,1.2339231968,1.2134429812
train:4198,0,0.0976905227,0.1031121612,0.0897945166,0.0613590032,0.0408787876
train:4199,0,0.2852773070,0.2914713621,0.2781537175,0.2861353457,0.2656551301
train:4200,0,2.1866681576,2.1712188721,2.1579012275,2.2094244957,2.1889442801
train:4201,0,1.8921862841,1.9370033741,1.9236857295,1.9238617420,1.9033815265
train:4202,0,0.8069122434,0.7987475395,0.7854298949,0.8157973886,0.7953171730
train:4203,0,0.5804268718,0.6002858877,0.5869682431,0.6109306216,0.5904504061
train:4204,0,1.1921808720,1.2156562805,1.2023386359,1.2303869724,1.2099067569
train:4205,0,1.3091702461,1.3372528553,1.3239352107,1.3162736893,1.2957934737
train:4208,0,-2.2520647049,-2.1991128922,-2.2124305367,-2.2157058716,-2.2361860871
train:4209,0,-2.1020994186,-2.0840089321,-2.0973265767,-2.1235318184,-2.1440120339
train:4210,0,-0.6527124047,-0.6247253418,-0.6380429864,-0.6407195926,-0.6611998081
train:4211,0,-0.4426168501,-0.4256601334,-0.4389777780,-0.4425854087,-0.4630656242
train:4212,0,1.5764671564,1.6177060604,1.6043884158,1.6420092583,1.6215290427
train:4213,0,-1.4868463278,-1.4293408394,-1.4426584840,-1.4357900620,-1.4562702775
train:4214,0,-1.8273719549,-1.8128960133,-1.8262136579,-1.7870993614,-1.8075795770
train:4215,0,1.6897579432,1.6677361727,1.6544185281,1.7013485432,1.6808683276
train:4216,0,1.2634370327,1.2645606995,1.2512430549,1.2547047138,1.2342244983
train:4217,0,0.9372540116,0.9567769766,0.9434593320,0.9712122083,0.9507319927
train:4219,0,1.4143726826,1.4683732986,1.4550556540,1.4325060844,1.4120258689
train:4220,0,2.2052659988,2.2475628853,2.2342452407,2.2478508949,2.2273706794
train:4221,0,1.1289662123,1.1248452663,1.1115276217,1.1634500027,1.1429697871
train:4222,0,-1.8680874109,-1.7797458172,-1.7930634618,-1.8344314098,-1.8549116254
train:4225,0,-0.5023942590,-0.4839690030,-0.4972866476,-0.4326404929,-0.4531207085
train:4227,0,1.4198462963,1.4070543051,1.3937366605,1.4312839508,1.4108037353
train:4228,0,0.8995506167,0.8972623348,0.8839446902,0.9635016322,0.9430214167
train:4229,0,-1.2494360209,-1.2601280212,-1.2734456658,-1.2054286003,-1.2259088159
train:4230,0,1.0156389475,1.0168850422,1.0035673976,1.0148699284,0.9943897128
train:4231,0,1.7401188612,1.7597293854,1.7464117408,1.7613372803,1.7408570647
train:4232,0,-0.3133174181,-0.2341549993,-0.2474726439,-0.2865360975,-0.3070163131
train:4233,0,1.7289526463,1.7927285433,1.7794108987,1.7767500877,1.7562698722
train:4237,0,0.0875584632,0.0946006775,0.0812830329,0.1310019344,0.1105217189
train:4238,0,-0.6070563793,-0.6087120771,-0.6220297217,-0.5628339648,-0.5833141804
train:4239,0,-0.9021323323,-0.8930634260,-0.9063810706,-0.9289969802,-0.9494771957
train:4240,0,-0.3672071099,-0.3174661994,-0.3307838440,-0.3481754959,-0.3686557114
train:4241,0,-4.2010693550,-4.1080141068,-4.1213317513,-4.2426419258,-4.2631221414
train:4242,0,-3.1587083340,-3.0539820194,-3.0672996640,-3.2918825150,-3.3123627305
train:4243,0,2.3242287636,2.3693346977,2.3560170531,2.3593664169,2.3388862014
train:4244,0,-3.7177948952,-3.7602751255,-3.7735927701,-3.7464294434,-3.7669096589
train:4246,0,-0.7086939812,-0.6315324306,-0.6448500752,-0.6312210560,-0.6517012715
train:4247,0,0.7774111032,0.7648924589,0.7515748143,0.7869778872,0.7664976716
train:4250,0,-1.3316862583,-1.3271708488,-1.3404884934,-1.3842141628,-1.4046943784
train:4251,0,0.3259607255,0.2339767814,0.2206591368,0.3797284961,0.3592482805
train:4253,0,2.2123935223,2.2782504559,2.2649328113,2.2352924347,2.2148122191
train:4254,0,-0.0328239612,-0.0280617774,-0.0413794219,-0.0055182576,-0.0259984732
train:4255,0,-0.6772330999,-0.6261129379,-0.6394305825,-0.6681595445,-0.6886397600
train:4256,0,2.4342429638,2.5094788074,2.4961611629,2.4924850464,2.4720048308
train:4257,0,0.9207828045,0.9725215435,0.9592038989,0.9494578838,0.9289776683
train:4258,0,1.8417888880,1.8494005203,1.8360828757,1.8996078968,1.8791276813
train:4262,0,2.2475061417,2.3000648022,2.2867471576,2.2558150291,2.2353348136
train:4263,-1,-1.0918563604,-1.1274614334,-1.1407790780,-1.0985879898,-1.1190682054
train:4264,0,-0.1990988106,-0.1689060330,-0.1822236776,-0.1989995241,-0.2194797397
train:4265,0,1.8035526276,1.8301029205,1.8167852759,1.8208599091,1.8003796935
train:4266,0,-0.7554464340,-0.7266278267,-0.7399454713,-0.8323932290,-0.8528734446
train:4267,0,0.6685574651,0.7112913132,0.6979736686,0.6749668717,0.6544866562
train:4268,0,1.4613617659,1.4932149649,1.4798973203,1.5193355083,1.4988552928
train:4269,0,1.2979986668,1.3579289913,1.3446113467,1.3702108860,1.3497306705
train:4270,0,1.4866480827,1.4773795605,1.4640619159,1.5401477814,1.5196675658
train:4271,0,-0.4926056862,-0.4357292354,-0.4490468800,-0.4502630830,-0.4707432985
train:4272,0,2.3186693192,2.3204119205,2.3070942760,2.3312194347,2.3107392192
train:4273,0,2.6262643337,2.6806080341,2.6672903895,2.6123614311,2.5918812156
train:4275,0,1.5821977854,1.5543689728,1.5410513282,1.6060233116,1.5855430961
train:4276,0,0.9346659780,0.9884321690,0.9751145244,0.9809773564,0.9604971409
train:4277,0,0.3434820473,0.2962675691,0.2829499245,0.3413169980,0.3208367825
train:4278,0,0.0536371581,0.0785477236,0.0652300790,0.1445205659,0.1240403503
train:4279,0,0.1553746015,0.1365392506,0.1232216060,0.1771593690,0.1566791534
train:4282,0,1.6129842997,1.6263035536,1.6129859090,1.6077497005,1.5872694850
train:4284,0,-2.0420024395,-2.0297453403,-2.0430629849,-2.0675292015,-2.0880094171
train:4285,0,0.4337474406,0.4519400001,0.4386223555,0.4154357016,0.3949554861
train:4286,0,2.1153090000,2.1364192963,2.1231016517,2.1719956398,2.1515154243
train:4287,0,-5.7423324585,-5.6681580544,-5.6814756989,-5.7044410706,-5.7249212861
train:4288,0,1.0879619122,1.0680571795,1.0547395349,1.1258108616,1.1053306460
train:4289,0,-0.3890728652,-0.3543280959,-0.3676457405,-0.4034915566,-0.4239717722
train:4290,0,0.4412387908,0.4933108091,0.4799931645,0.5056254268,0.4851452112
train:4291,0,-0.3502820432,-0.3520101011,-0.3653277457,-0.3505738974,-0.3710541129
train:4292,0,1.3302878141,1.3516691923,1.3383515477,1.3028731346,1.2823929191
train:4293,0,0.4032325447,0.3904325962,0.3771149516,0.3508030772,0.3303228617
train:4294,0,-0.7871267796,-0.7746342421,-0.7879518867,-0.6840808988,-0.7045611143
train:4295,0,1.2056661844,1.2786999941,1.2653823495,1.1875610352,1.1670808196
train:4297,0,2.7785334587,2.7255017757,2.7121841311,2.7604231834,2.7399429679
train:4298,0,1.2388244867,1.2521405220,1.2388228774,1.2609407902,1.2404605746
train:4299,0,-1.8614099026,-1.8268870115,-1.8402046561,-1.8019623756,-1.8224425912
train:4300,0,2.5406000614,2.5189027786,2.5055851340,2.5751152039,2.5546349883
train:4304,0,-0.8263147473,-0.7429440022,-0.7562616467,-0.6857221127,-0.7062023282
train:4305,0,2.0533986092,2.0385577679,2.0252401233,2.0893874168,2.0689072013
train:4306,0,-0.8101599813,-0.8059701920,-0.8192878366,-0.7723304033,-0.7928106189
train:4307,0,-4.2921795845,-4.2593417168,-4.2726593614,-4.2401409149,-4.2606211305
train:4309,0,2.3450884819,2.3038721085,2.2905544639,2.3777978420,2.3573176265
train:4310,0,1.4870288372,1.4542537928,1.4409361482,1.4958374500,1.4753572345
train:4312,0,-2.5302457809,-2.5113332272,-2.5246508718,-2.4546270370,-2.4751072526
train:4313,0,1.1128845215,1.1231564283,1.1098387837,1.1019198895,1.0814396739
train:4314,0,1.2603530884,1.3124958277,1.2991781831,1.3105626106,1.2900823951
train:4315,0,-4.2930569649,-4.2616996765,-4.2750173211,-4.2923965454,-4.3128767610
train:4316,0,-0.6144073606,-0.4221165180,-0.4354341626,-0.5986841321,-0.6191643476
train:4317,0,-0.3910279274,-0.3947480619,-0.4080657065,-0.3522905111,-0.3727707267
train:4318,0,0.9553830028,0.9214830399,0.9081653953,0.9289650321,0.9084848166
train:4319,0,-2.1549901962,-2.1237018108,-2.1370194554,-2.1238071918,-2.1442874074
train:4320,0,2.3487591743,2.3570485115,2.3437308669,2.3687193394,2.3482391238
train:4324,0,-1.7172169685,-1.6750090122,-1.6883266568,-1.6762652397,-1.6967454553
train:4325,0,-1.1184186935,-1.0708462000,-1.0841638446,-1.1083645821,-1.1288447976
train:4326,0,0.8153084517,0.8235393763,0.8102217317,0.8719733953,0.8514931798
train:4327,0,-3.9209041595,-3.8913500309,-3.9046676755,-3.8835468292,-3.9040270448
train:4328,0,-5.9083714485,-5.7674479485,-5.7807655931,-5.9727096558,-5.9931898713
train:4330,0,-1.0764305592,-0.9862563610,-0.9995740056,-0.9976846576,-1.0181648731
train:4331,0,2.3755466938,2.4083540440,2.3950363994,2.4043049812,2.3838247657
train:4333,0,1.7085256577,1.7159332037,1.7026155591,1.8029131889,1.7824329734
train:4334,0,-0.2167829573,-0.0384222865,-0.0517399311,-0.1018040776,-0.1222842932
train:4335,0,1.6087011099,1.5920891762,1.5787715316,1.6575343609,1.6370541453
train:4337,0,2.1733970642,2.1642067432,2.1508890986,2.1337068081,2.1132265925
train:4338,0,-1.9877167940,-1.9990687370,-2.0123863816,-1.9770145416,-1.9974947572
train:4339,0,1.4804135561,1.4709229469,1.4576053023,1.4662463665,1.4457661510
train:4341,0,3.3573482037,3.2981698513,3.2848522067,3.3790030479,3.3585228324
train:4343,0,1.0309419632,1.0505764484,1.0372588038,1.0194383860,0.9989581704
train:4344,-2,-7.1817402840,-6.8639140129,-6.8772316575,-7.1552505493,-7.1757307649
train:4346,0,1.7689189911,1.7834776640,1.7701600194,1.7985625267,1.7780823112
train:4347,0,1.5437880754,1.5362597704,1.5229421258,1.5276722908,1.5071920753
train:4348,0,1.2893751860,1.3054097891,1.2920921445,1.3357846737,1.3153044581
train:4349,0,1.0995942354,1.1226582527,1.1093406081,1.2023429871,1.1818627715
train:4350,-1,-3.3069980145,-3.3274297714,-3.3407474160,-3.3079957962,-3.3284760118
train:4351,0,0.7016636133,0.6890403032,0.6757226586,0.7635297179,0.7430495024
train:4352,0,0.5992825627,0.5895673037,0.5762496591,0.5932350159,0.5727548003
train:4353,0,0.6357011795,0.6940740347,0.6807563901,0.6766175032,0.6561372876
train:4354,0,0.2358449697,0.2347916961,0.2214740515,0.1995132267,0.1790330112
train:4355,0,1.7588492632,1.7199299335,1.7066122890,1.7577857971,1.7373055816
train:4356,0,0.1489555538,0.0690026432,0.0556849986,0.1436604112,0.1231801957
train:4357,0,0.8926259875,0.9064527750,0.8931351304,0.8839432597,0.8634630442
train:4358,0,0.7867797017,0.7122542858,0.6989366412,0.7768921852,0.7564119697
train:4359,0,2.9310534000,2.9773058891,2.9639882445,2.9539496899,2.9334694743
train:4360,-1,-5.6795620918,-5.6456837654,-5.6590014100,-5.6958737373,-5.7163539529
train:4361,-1,-4.0468964577,-3.9836122990,-3.9969299436,-4.1034216881,-4.1239019036
train:4363,0,-1.9026207924,-1.7745571136,-1.7878747582,-1.8977777958,-1.9182580113
train:4365,0,-0.4280551672,-0.4596224129,-0.4729400575,-0.4352124929,-0.4556927085
train:4368,0,1.7482903004,1.7723418474,1.7590242028,1.8624396324,1.8419594169
train:4369,-1,-1.7275829315,-1.8577902317,-1.8711078763,-1.7306988239,-1.7511790395
train:4370,0,-0.7595520616,-0.7385075092,-0.7518251538,-0.7539913654,-0.7744715810
train:4371,0,2.1079604626,2.0499899387,2.0366722941,2.1448130608,2.1243328452
train:4372,0,-2.9534716606,-2.8766593933,-2.8899770379,-2.9825806618,-3.0030608773
train:4373,0,-2.1316652298,-2.1711890697,-2.1845067143,-2.1096124649,-2.1300926805
train:4374,0,-0.7203433514,-0.7089233398,-0.7222409844,-0.6762538552,-0.6967340708
train:4375,0,2.1329700947,2.1380748749,2.1247572303,2.2094280720,2.1889478564
train:4376,0,1.9703207016,1.9781761169,1.9648584723,1.9626758099,1.9421955943
train:4377,0,-3.2627382278,-3.2284400463,-3.2417576909,-3.2953436375,-3.3158238530
train:4378,0,1.3714782000,1.3830534220,1.3697357774,1.4154753685,1.3949951530
train:4379,0,-1.1079243422,-1.0824117661,-1.0957294106,-1.0570268631,-1.0775070786
train:4380,0,1.1584049463,1.1904459000,1.1771282554,1.1976492405,1.1771690249
train:4381,0,0.5125985742,0.5067664385,0.4934487939,0.5449857116,0.5245054960
train:4382,0,0.8576788902,0.8509742022,0.8376565576,0.8509937525,0.8305135369
train:4383,0,-0.6000217795,-0.5065088272,-0.5198264718,-0.5686348677,-0.5891150832
train:4384,0,-0.2604718506,-0.1941472292,-0.2074648738,-0.3056719899,-0.3261522055
train:4385,0,1.7380586863,1.6850619316,1.6717442870,1.7038953304,1.6834151149
train:4386,0,-3.2692677975,-3.1689817905,-3.1822994351,-3.1984343529,-3.2189145684
train:4387,0,-1.1367808580,-1.1173665524,-1.1306841969,-1.0894441605,-1.1099243760
train:4388,0,2.4874739647,2.4924616814,2.4791440368,2.4844732285,2.4639930129
train:4390,0,-1.1117122173,-1.0200244188,-1.0333420634,-1.2046217918,-1.2251020074
train:4391,0,-3.6421902180,-3.5618910789,-3.5752087235,-3.6582980156,-3.6787782311
train:4392,0,-5.1387705803,-5.1478667259,-5.1611843705,-4.9909577370,-5.0114379525
train:4393,0,-0.3056284189,-0.2308081090,-0.2441257536,-0.2473825812,-0.2678627968
train:4394,0,0.6726406217,0.7051554918,0.6918378472,0.6724980474,0.6520178318
train:4395,0,1.7527658939,1.7432253361,1.7299076915,1.7263748646,1.7058946490
train:4396,0,1.7967462540,1.8856681585,1.8723505139,1.7835023403,1.7630221248
train:4397,0,1.0276060104,0.9876528978,0.9743352532,1.0472211838,1.0267409682
train:4398,0,-0.8845474124,-0.8936882019,-0.9070058465,-0.8253911138,-0.8458713293
train:4401,0,2.7047948837,2.6759285927,2.6626109481,2.6626334190,2.6421532035
train:4402,0,-1.3399491310,-1.3537809849,-1.3670986295,-1.2852144241,-1.3056946397
train:4403,0,-1.7667589188,-1.6556731462,-1.6689907908,-1.5680711269,-1.5885513425
train:4405,0,1.2879451513,1.3120656013,1.2987479568,1.3375432491,1.3170630336
train:4407,0,1.6893332005,1.7329195738,1.7196019292,1.6946270466,1.6741468310
train:4408,0,3.2604408264,3.2541415691,3.2408239245,3.3241961002,3.3037158847
train:4409,0,0.1687552035,0.1878797859,0.1745621413,0.1654537320,0.1449735165
train:4410,0,-3.1360626221,-3.1411364079,-3.1544540524,-3.1893939972,-3.2098742127
train:4411,0,1.1031690836,1.1238657236,1.1105480790,1.1311247349,1.1106445193
train:4412,0,-1.6755020618,-1.6521226168,-1.6654402614,-1.6762378216,-1.6967180371
train:4413,0,-0.6805406809,-0.6850630045,-0.6983806491,-0.6141409874,-0.6346212029
train:4414,0,1.1344681978,1.1702549458,1.1569373012,1.2019746304,1.1814944148
train:4415,0,0.8447196484,0.8976238966,0.8843062520,0.8537002206,0.8332200050
train:4416,0,2.1628906727,2.1258165836,2.1124989390,2.1585931778,2.1381129622
train:4417,0,0.8276401162,0.8388735056,0.8255558610,0.8522297144,0.8317494988
train:4418,0,0.5124365687,0.5133958459,0.5000782013,0.5246474743,0.5041672587
train:4420,0,0.6381856799,0.6964653730,0.6831477284,0.6842203140,0.6637400985
train:4423,0,-2.2684006691,-2.2235586643,-2.2368763089,-2.2460360527,-2.2665162683
train:4426,0,-1.9533741474,-1.8679426908,-1.8812603354,-1.9444651604,-1.9649453759
train:4427,0,0.3611699045,0.3583761454,0.3450585008,0.3816577196,0.3611775041
train:4428,0,1.9015324116,1.8908660412,1.8775483966,1.9352416992,1.9147614837
train:4429,0,1.2916728258,1.2939479351,1.2806302905,1.3379769325,1.3174967170
train:4430,0,0.6488385201,0.6867003441,0.6733826995,0.7262566686,0.7057764530
train:4431,0,2.6206064224,2.6371805668,2.6238629222,2.7000248432,2.6795446277
train:4432,0,-1.4165438414,-1.3447294235,-1.3580470681,-1.3775558472,-1.3980360627
train:4433,0,1.7974752188,1.8423736095,1.8290559649,1.8580811024,1.8376008868
train:4434,0,0.2775518298,0.2923136652,0.2789960206,0.2981840670,0.2777038515
train:4435,0,0.7703153491,0.7414627075,0.7281450629,0.7431033254,0.7226231098
train:4437,0,1.2059559822,1.2492856979,1.2359680533,1.2348854542,1.2144052386
train:4438,0,1.3115620613,1.3949873447,1.3816697001,1.2924938202,1.2720136046
train:4439,0,-0.2879869640,-0.1988397539,-0.2121573985,-0.2517121136,-0.2721923292
train:4441,0,1.0418349504,1.0823293924,1.0690117478,1.0653817654,1.0449015498
train:4442,0,2.2075886726,2.1742501259,2.1609324813,2.1708989143,2.1504186988
train:4443,0,-2.6461973190,-2.5890793800,-2.6023970246,-2.5955462456,-2.6160264611
train:4444,0,1.9625859261,1.9507168531,1.9373992085,1.9699041843,1.9494239688
train:4445,0,-1.0819061995,-1.0482982397,-1.0616158843,-1.0359442234,-1.0564244390
train:4446,0,-2.3382785320,-2.3766186237,-2.3899362683,-2.2902581692,-2.3107383847
train:4447,0,-0.3385218680,-0.3076477349,-0.3209653795,-0.2229334414,-0.2434136569
train:4448,0,0.9885276556,0.9642069340,0.9508892894,0.9702897072,0.9498094916
train:4451,0,-0.9279527664,-0.8776504993,-0.8909681439,-0.8719911575,-0.8924713731
train:4452,0,1.2180631161,1.2346919775,1.2213743329,1.2919108868,1.2714306712
train:4453,0,-0.6774956584,-0.6152722836,-0.6285899282,-0.6001744866,-0.6206547022
train:4454,0,-5.3391499519,-5.4893927574,-5.5027104020,-5.4179239273,-5.4384041429
train:4455,0,0.9176031351,0.8565161228,0.8431984782,0.9405065179,0.9200263023
train:4456,0,1.4422556162,1.3658018112,1.3524841666,1.4123322964,1.3918520808
train:4457,0,-0.0879645497,-0.0743547380,-0.0876723826,-0.0778760314,-0.0983562469
train:4458,0,-3.9474799633,-3.9039623737,-3.9172800183,-3.8767774105,-3.8972576261
train:4459,0,-0.8293576837,-0.7784787416,-0.7917963862,-0.8115540147,-0.8320342302
train:4460,0,-4.9440002441,-5.0474796295,-5.0607972741,-4.9229936600,-4.9434738755
train:4461,0,-1.3862247467,-1.3441596031,-1.3574772477,-1.3821275234,-1.4026077390
train:4462,0,2.2930662632,2.3221006393,2.3087829947,2.2931623459,2.2726821303
train:4463,0,1.5970891714,1.6050746441,1.5917569995,1.6189866066,1.5985063910
train:4466,0,1.2533240318,1.2913932800,1.2780756354,1.2497806549,1.2293004394
train:4467,0,-1.4628912210,-1.4713902473,-1.4847078919,-1.4611172676,-1.4815974832
train:4468,0,-0.1681965441,-0.1489822567,-0.1622999012,-0.0965589136,-0.1170391291
train:4469,-1,-4.7367734909,-4.7039208412,-4.7172384858,-4.6941442490,-4.7146244645
train:4470,0,2.1606779099,2.1746373177,2.1613196731,2.2086453438,2.1881651282
train:4471,0,-0.6537416577,-0.6702585220,-0.6835761666,-0.6102291346,-0.6307093501
train:4472,0,1.7839319706,1.7476392984,1.7343216538,1.8371367455,1.8166565299
train:4474,0,2.3955407143,2.3932199478,2.3799023032,2.3996753693,2.3791951537
train:4475,0,0.6503038406,0.6786978245,0.6653801799,0.6945719123,0.6740916967
train:4476,0,0.2605739534,0.2980150282,0.2846973836,0.3187515140,0.2982712984
train:4477,0,0.9394876957,0.9325973988,0.9192797542,0.9982287288,0.9777485132
train:4478,0,0.3594894111,0.3546671867,0.3413495421,0.3647068441,0.3442266285
train:4479,0,-3.0395135880,-2.9865548611,-2.9998725057,-2.9795055389,-2.9999857545
train:4480,0,1.9330198765,1.9080404043,1.8947227597,1.9056828022,1.8852025867
train:4481,-1,-1.9906858206,-1.9641399384,-1.9774575830,-1.9836437702,-2.0041239858
train:4482,0,-3.7724328041,-3.7789576054,-3.7922752500,-3.6753814220,-3.6958616376
train:4484,0,0.8656372428,0.8397375345,0.8264198899,0.9214356542,0.9009554386
train:4485,-2,-5.5805921555,-5.6898512840,-5.7031689286,-5.4478278160,-5.4683080316
train:4487,0,0.4490355253,0.4774740636,0.4641564190,0.4859260321,0.4654458165
train:4488,0,0.6686377525,0.6788891554,0.6655715108,0.7060851455,0.6856049299
train:4489,-1,-1.1357283592,-1.2666174173,-1.2799350619,-1.1761291027,-1.1966093183
train:4491,0,-0.3539345264,-0.3351546228,-0.3484722674,-0.3559792638,-0.3764594793
train:4494,0,0.3564463556,0.4239463508,0.4106287062,0.3435783684,0.3230981529
train:4495,0,-0.1214897931,-0.0919599831,-0.1052776277,-0.0821548849,-0.1026351005
train:4496,0,1.5362645388,1.5488430262,1.5355253816,1.6609046459,1.6404244304
train:4497,0,0.8244689703,0.8248057365,0.8114880919,0.8464934230,0.8260132074
train:4498,0,0.6715077162,0.7361899614,0.7228723168,0.7325893641,0.7121091485
train:4500,0,-0.7688450217,-0.7440813780,-0.7573990226,-0.6931651831,-0.7136453986
train:4501,0,-1.0765542984,-1.0291033983,-1.0424210429,-0.9743292928,-0.9948095083
train:4502,0,-3.2251746655,-3.1272652149,-3.1405828595,-3.2437238693,-3.2642040849
train:4503,0,-0.2193069011,-0.1915834844,-0.2049011290,-0.1956615448,-0.2161417603
train:4504,0,-0.5676790476,-0.5496940613,-0.5630117059,-0.4810232520,-0.5015034676
train:4505,0,3.0190870762,3.0229010582,3.0095834136,3.0958142281,3.0753340125
train:4507,0,-0.2721596360,-0.2500980496,-0.2634156942,-0.2635282874,-0.2840085030
train:4508,0,1.3937971592,1.4116210938,1.3983034492,1.4560174942,1.4355372787
train:4509,0,0.2637169659,0.3235627711,0.3102451265,0.2784541249,0.2579739094
train:4510,0,1.4617048502,1.4739589691,1.4606413245,1.4719944000,1.4515141845
train:4511,0,-0.1162932664,-0.1651797444,-0.1784973890,-0.0803447962,-0.1008250117
train:4512,0,-4.0393099785,-4.1027598381,-4.1160774827,-4.0342383385,-4.0547185540
train:4514,0,-1.7744638920,-1.7425495386,-1.7558671832,-1.7890818119,-1.8095620275
train:4516,0,-2.1976313591,-2.2368195057,-2.2501371503,-2.1724629402,-2.1929431558
train:4517,0,2.2513945103,2.2706725597,2.2573549151,2.2461037636,2.2256235480
train:4519,0,-1.3628711700,-1.2445747852,-1.2578924298,-1.3128154278,-1.3332956433
train:4521,0,0.3890621960,0.4146580696,0.4013404250,0.4237614870,0.4032812715
train:4522,0,-0.5565440059,-0.5114372969,-0.5247549415,-0.5597719550,-0.5802521706
train:4524,0,-0.6604539156,-0.6185228825,-0.6318405271,-0.6669717431,-0.6874519587
train:4525,0,2.6463274956,2.6691274643,2.6558098197,2.6165609360,2.5960807204
train:4526,-1,-4.5254864693,-4.5541524887,-4.5674701333,-4.5485553741,-4.5690355897
train:4528,0,1.3924957514,1.3969314098,1.3836137652,1.4273183346,1.4068381190
train:4530,0,-5.8545546532,-5.8923373222,-5.9056549668,-5.8861589432,-5.9066391587
train:4532,0,-0.4296221733,-0.3883014023,-0.4016190469,-0.4387690425,-0.4592492580
train:4533,0,0.3544453979,0.3505635560,0.3372459114,0.4403387904,0.4198585749
train:4534,0,-0.7078881264,-0.6826308966,-0.6959485412,-0.6343272924,-0.6548075080
train:4535,0,1.5171345472,1.5287895203,1.5154718757,1.5873827934,1.5669025779
train:4536,0,-0.1487828791,-0.1725425124,-0.1858601570,-0.1173749417,-0.1378551573
train:4537,0,1.4175149202,1.4094016552,1.3960840106,1.4267485142,1.4062682986
train:4538,0,1.9204133749,1.8663145304,1.8529968858,1.9435570240,1.9230768085
train:4539,0,2.3394131660,2.3669331074,2.3536154628,2.3382451534,2.3177649379
train:4540,0,0.5404347181,0.5333006382,0.5199829936,0.5349344015,0.5144541860
train:4541,0,-1.2957329750,-1.2681205273,-1.2814381719,-1.2161116600,-1.2365918756
train:4543,0,-0.2378927767,-0.2627182603,-0.2760359049,-0.2297906876,-0.2502709031
train:4544,0,1.1348060369,1.1841039658,1.1707863212,1.1754553318,1.1549751163
train:4545,0,1.1366025209,1.1465308666,1.1332132220,1.0417225361,1.0212423205
train:4546,0,2.1082470417,2.1406769753,2.1273593307,2.1214869022,2.1010066867
train:4547,0,2.2802534103,2.2697186470,2.2564010024,2.2557523251,2.2352721095
train:4548,0,-1.4969879389,-1.6162198782,-1.6295375228,-1.4921226501,-1.5126028657
train:4549,0,-1.1980974674,-1.1576679945,-1.1709856391,-1.1571588516,-1.1776390672
train:4551,0,0.8100160956,0.7647025585,0.7513849139,0.7982850671,0.7778048515
train:4553,0,0.1811856478,0.2395194769,0.2262018323,0.2335389256,0.2130587101
train:4554,0,1.7079190016,1.7001883984,1.6868707538,1.7500338554,1.7295536399
train:4555,0,-1.8469871283,-1.8702355623,-1.8835532069,-1.8563785553,-1.8768587708
train:4556,0,0.0203479957,0.0342071019,0.0208894573,0.0315797925,0.0110995770
train:4557,0,2.2566576004,2.2818896770,2.2685720325,2.3301095963,2.3096293807
train:4558,0,1.4320333004,1.4322379827,1.4189203382,1.4835455418,1.4630653262
train:4559,0,-4.6434168816,-4.5341849327,-4.5475025773,-4.5649890900,-4.5854693055
train:4561,0,0.3943940103,0.4734873474,0.4601697028,0.4738052487,0.4533250332
train:4563,0,-1.4091904163,-1.4270575047,-1.4403751493,-1.2525887489,-1.2730689645
train:4564,0,-1.0208005905,-0.9673705101,-0.9806881547,-1.0322980881,-1.0527783036
train:4566,-1,-7.4296102524,-7.3795375824,-7.3928552270,-7.3544135094,-7.3748937249
train:4567,0,0.3001611233,0.3122687042,0.2989510596,0.3421435952,0.3216633797
train:4568,0,0.6469364166,0.6706709862,0.6573533416,0.6487494111,0.6282691956
train:4569,0,-0.2294340879,-0.1895287037,-0.2028463483,-0.1732265353,-0.1937067509
train:4570,0,1.2313133478,1.1967501640,1.1834325194,1.2538578510,1.2333776355
train:4571,0,-1.0024044514,-0.9747139215,-0.9880315661,-1.0372207165,-1.0577009320
train:4573,0,2.9519248009,2.9018249512,2.8885073066,2.8391761780,2.8186959624
train:4575,0,0.8774337769,0.8846323490,0.8713147044,0.8240606189,0.8035804033
train:4576,0,0.9474021196,0.8793213367,0.8660036922,0.9858641028,0.9653838873
train:4578,0,1.8956394196,1.9784369469,1.9651193023,1.9516026974,1.9311224818
train:4579,0,1.1682072878,1.1145055294,1.1011878848,1.1815674305,1.1610872149
train:4580,-1,-6.3132820129,-6.2603192329,-6.2736368775,-6.2673416138,-6.2878218293
train:4581,0,-3.8289701939,-3.8335626125,-3.8468802571,-3.8777909279,-3.8982711434
train:4582,0,1.2175995111,1.2792222500,1.2659046054,1.3101224899,1.2896422744
train:4583,0,1.2825305462,1.2792592049,1.2659415603,1.2587575912,1.2382773757
train:4584,0,1.7397118807,1.6805697680,1.6672521234,1.8159320354,1.7954518199
train:4585,0,1.0583891869,1.0535291433,1.0402114987,1.0429306030,1.0224503875
train:4586,0,0.9807543159,0.9925456047,0.9792279601,1.0071768761,0.9866966605
train:4587,0,-4.3723177910,-4.3460850716,-4.3594027162,-4.3841614723,-4.4046416879
train:4588,0,-1.4760367870,-1.4158916473,-1.4292092919,-1.4216670990,-1.4421473145
train:4589,0,2.5685210228,2.5938885212,2.5805708766,2.5953881741,2.5749079585
train:4590,0,-3.0217597485,-2.9174387455,-2.9307563901,-3.0642237663,-3.0847039819
train:4592,0,0.2790288329,0.2969486713,0.2836310267,0.3462422490,0.3257620335
train:4593,0,-5.5037622452,-5.5137782097,-5.5270958543,-5.4416360855,-5.4621163011
train:4594,0,2.2628905773,2.2700989246,2.2567812800,2.2959976196,2.2755174041
train:4595,0,-4.9187736511,-4.8567848206,-4.8701024652,-4.8797545433,-4.9002347589
train:4596,-1,-5.2832188606,-5.2400116920,-5.2533293366,-5.2995662689,-5.3200464845
train:4598,0,0.4878544509,0.5285340548,0.5152164102,0.5371783376,0.5166981220
train:4599,0,1.8449246883,1.8277058601,1.8143882155,1.8365175724,1.8160373569
train:4600,0,-0.0861110091,-0.0457274020,-0.0590450466,-0.0008889511,-0.0213691667
train:4601,0,1.7235304117,1.7136381865,1.7003205419,1.7265305519,1.7060503364
train:4602,0,1.2407079935,1.2493391037,1.2360214591,1.2551877499,1.2347075343
train:4603,0,1.5686857700,1.5503759384,1.5370582938,1.5964202881,1.5759400725
train:4605,0,2.3889727592,2.4154627323,2.4021450877,2.3188025951,2.2983223796
train:4606,0,2.1199283600,2.1537206173,2.1404029727,2.1519975662,2.1315173507
train:4607,0,-0.6414375901,-0.6258797646,-0.6391974092,-0.5672293305,-0.5877095461
train:4608,0,-1.2499232292,-1.2445011139,-1.2578187585,-1.2564804554,-1.2769606709
train:4609,0,1.4551016092,1.4898933172,1.4765756726,1.4945406914,1.4740604758
train:4610,0,3.1703867912,3.1449415684,3.1316239238,3.1315450668,3.1110648513
train:4611,0,-0.7858416438,-0.8423688412,-0.8556864858,-0.7557097077,-0.7761899233
train:4613,0,-2.4585216045,-2.4146776199,-2.4279952645,-2.4198029041,-2.4402831197
train:4614,0,0.8668625355,0.8970171213,0.8836994767,0.8899113536,0.8694311380
train:4615,0,2.1235885620,2.1565253735,2.1432077289,2.2084116936,2.1879314780
train:4616,0,1.0057911873,1.0456292629,1.0323116183,1.0596618652,1.0391816497
train:4617,0,-0.6751897931,-0.6778227091,-0.6911403537,-0.6279135346,-0.6483937502
train:4618,0,-0.3350983262,-0.2767629921,-0.2900806367,-0.3815703094,-0.4020505250
train:4619,0,-0.8042585254,-0.7387399673,-0.7520576119,-0.7742339969,-0.7947142124
train:4620,0,-1.1454900503,-1.0989468098,-1.1122644544,-1.1461484432,-1.1666286588
train:4621,0,1.6677222252,1.6892677546,1.6759501100,1.6510884762,1.6306082606
train:4622,0,0.2629922032,0.2956626713,0.2823450267,0.2846443653,0.2641641498
train:4623,0,-4.8342432976,-4.6741151810,-4.6874328256,-4.7616553307,-4.7821355462
train:4624,0,2.1272740364,2.1260993481,2.1127817035,2.1229610443,2.1024808288
train:4626,0,0.2507930994,0.4440785944,0.4307609499,0.2544153333,0.2339351177
train:4627,0,2.1825840473,2.0828649998,2.0695473552,2.1307907104,2.1103104949
train:4628,0,-0.2831587195,-0.2255979776,-0.2389156222,-0.2300401926,-0.2505204082
train:4630,0,-0.2283608168,-0.2024536431,-0.2157712877,-0.2429563403,-0.2634365559
train:4631,0,2.6821317673,2.6951220036,2.6818043590,2.6660196781,2.6455394626
train:4633,0,0.5168902278,0.5646529198,0.5513352752,0.5145091414,0.4940289259
train:4634,0,2.0618023872,2.0202782154,2.0069605708,2.0606496334,2.0401694179
train:4635,0,-0.6162169576,-0.6324914694,-0.6458091140,-0.6163450480,-0.6368252635
train:4637,0,-2.5344734192,-2.4861700535,-2.4994876981,-2.5257687569,-2.5462489724
train:4638,0,-1.3202908039,-1.3850307465,-1.3983483911,-1.2446777821,-1.2651579976
train:4639,0,-0.3098612428,-0.3123086691,-0.3256263137,-0.2472296953,-0.2677099109
train:4640,0,-2.2806034088,-2.2595150471,-2.2728326917,-2.2200398445,-2.2405200601
train:4641,0,-0.2964088023,-0.2654689252,-0.2787865698,-0.2436123490,-0.2640925646
train:4642,0,-5.1589207649,-5.0341095924,-5.0474272370,-5.1174936295,-5.1379738450
train:4643,0,-2.6226627827,-2.5782959461,-2.5916135907,-2.6192753315,-2.6397555470
train:4644,0,1.3682296276,1.3503296375,1.3370119929,1.4117686749,1.3912884593
train:4645,0,1.9433792830,2.0114736557,1.9981560111,1.9469821453,1.9265019298
train:4646,0,-1.2350214720,-1.2207236290,-1.2340412736,-1.2135238647,-1.2340040803
train:4650,0,1.1883544922,1.1567940712,1.1434764266,1.2370798588,1.2165996432
train:4652,0,1.1042119265,1.0932829380,1.0799652934,1.1211240292,1.1006438136
train:4653,0,-0.4637534320,-0.4931752384,-0.5064928830,-0.3530725241,-0.3735527396
train:4654,0,3.0737860203,3.0958912373,3.0825735927,3.0870461464,3.0665659308
train:4655,0,0.0578940958,0.0878110528,0.0744934082,0.0440123081,0.0235320926
train:4656,0,2.5786411762,2.5489203930,2.5356027484,2.5814235210,2.5609433055
train:4657,0,1.5240631104,1.5082638264,1.4949461818,1.5941951275,1.5737149119
train:4660,0,-1.1519196033,-1.1257224083,-1.1390400529,-1.1340687275,-1.1545489430
train:4662,0,-1.4541023970,-1.3937461376,-1.4070637822,-1.4218261242,-1.4423063397
train:4664,0,0.8794254661,0.8648021221,0.8514844775,0.9142541289,0.8937739134
train:4665,0,1.5539311171,1.5755804777,1.5622628331,1.5845870972,1.5641068816
train:4666,0,-0.2524273992,-0.2293247581,-0.2426424026,-0.2205941081,-0.2410743237
train:4667,0,0.1626396775,0.1266273856,0.1133097410,0.1794259250,0.1589457095
train:4668,0,-1.7950326204,-1.7490937710,-1.7624114156,-1.7174456120,-1.7379258275
train:4669,0,-2.0132262707,-1.9501821995,-1.9634998441,-2.0050215721,-2.0255017877
train:4671,0,-1.2215873003,-1.2216677666,-1.2349854112,-1.1988809109,-1.2193611264
train:4672,0,-1.6995390654,-1.7083296776,-1.7216473222,-1.7364926338,-1.7569728494
train:4673,0,1.8298072815,1.8626455069,1.8493278623,1.8222992420,1.8018190265
train:4674,0,-0.5038977265,-0.4786354005,-0.4919530451,-0.5153405070,-0.5358207226
train:4676,0,0.3092397451,0.3137342334,0.3004165888,0.3353237510,0.3148435354
train:4677,0,0.0330378264,0.0029459894,-0.0103716552,0.0877558738,0.0672756582
train:4678,0,1.0479066372,1.0669437647,1.0536261201,1.1018712521,1.0813910365
train:4679,0,0.3274111748,0.3308455646,0.3175279200,0.3719494045,0.3514691889
train:4680,-1,-3.9700877666,-3.9571673870,-3.9704850316,-4.0237064362,-4.0441866517
train:4681,0,-0.1837227345,-0.2057842612,-0.2191019058,-0.2942672968,-0.3147475123
train:4683,0,2.1341559887,2.1098210812,2.0965034366,2.2068152428,2.1863350272
train:4684,0,-1.3721166849,-1.3759424686,-1.3892601132,-1.3270785809,-1.3475587964
train:4685,0,1.0997633934,1.0996230841,1.0863054395,1.1561532021,1.1356729865
train:4686,0,2.1617710590,2.2946193218,2.2813016772,2.1936240196,2.1731438041
train:4687,0,-0.2961210907,-0.2614932954,-0.2748109400,-0.2954934239,-0.3159736395
train:4688,0,-0.4034833312,-0.3842392862,-0.3975569308,-0.3568773866,-0.3773576021
train:4690,0,0.9160397649,0.9582571983,0.9449395537,0.9524579644,0.9319777489
train:4693,0,2.8973484039,2.9222581387,2.9089404941,2.9503269196,2.9298467040
train:4695,0,1.1368272305,1.5328090191,1.5194913745,1.3647561073,1.3442758918
train:4696,0,-3.1283161640,-3.0465686321,-3.0598862767,-3.0737154484,-3.0941956639
train:4697,0,-1.6797215939,-1.6968036890,-1.7101213336,-1.6201162338,-1.6405964494
train:4698,-1,-6.8775796890,-6.9119787216,-6.9252963662,-6.8355455399,-6.8560257554
train:4699,0,-0.5049363971,-0.4545091093,-0.4678267539,-0.4912487864,-0.5117290020
train:4700,0,-4.3980698586,-4.3082766533,-4.3215942979,-4.4048104286,-4.4252906442
train:4702,0,-0.2796417177,-0.2628128529,-0.2761304975,-0.2617810369,-0.2822612524
train:4703,0,-1.7839463949,-1.7674258947,-1.7807435393,-1.8015308380,-1.8220110536
train:4704,0,0.5279324651,0.5419993401,0.5286816955,0.5735196471,0.5530394316
train:4706,0,-2.5478725433,-2.5568840504,-2.5702016950,-2.5410370827,-2.5615172982
train:4707,0,0.6488940716,0.7099466324,0.6966289878,0.6584838629,0.6380036473
train:4708,0,2.4402165413,2.4529364109,2.4396187663,2.4549126625,2.4344324470
train:4710,0,2.3400135040,2.3200387955,2.3067211509,2.4011452198,2.3806650043
train:4712,0,2.5732860565,2.4877307415,2.4744130969,2.5440621376,2.5235819221
train:4714,0,0.1894689947,0.1865768880,0.1732592434,0.1732495874,0.1527693719
train:4715,0,0.0827578530,0.1965914965,0.1832738519,0.1084451824,0.0879649669
train:4716,0,-0.7249605060,-0.6912425756,-0.7045602202,-0.6944236159,-0.7149038315
train:4718,0,1.9217026234,1.8876478672,1.8743302226,1.9283254147,1.9078451991
train:4720,0,0.1556127220,0.1823967546,0.1690791100,0.1286086738,0.1081284583
train:4721,0,1.9765202999,1.9112398624,1.8979222178,1.9761602879,1.9556800723
train:4722,0,1.3947088718,1.4030139446,1.3896963000,1.4418845177,1.4214043021
train:4723,0,0.6877649426,0.7812417746,0.7679241300,0.7759153843,0.7554351687
train:4724,0,0.7676826119,0.7584382296,0.7451205850,0.8187533021,0.7982730865
train:4725,0,-0.2525376081,-0.2389987111,-0.2523163557,-0.2489961386,-0.2694763541
train:4726,0,-1.7220628262,-1.6228083372,-1.6361259818,-1.6970314980,-1.7175117135
train:4729,0,0.9664095640,0.9782092571,0.9648916125,0.9984117746,0.9779315591
train:4730,0,-1.6184176207,-1.6051623821,-1.6184800267,-1.5469818115,-1.5674620271
train:4731,0,-0.4726227224,-0.3856559098,-0.3989735544,-0.4276569486,-0.4481371641
train:4733,0,-3.7549414635,-3.6886672974,-3.7019849420,-3.6669864655,-3.6874666810
train:4734,0,-1.3104628325,-1.2342276573,-1.2475453019,-1.3063697815,-1.3268499970
train:4735,0,1.5536397696,1.5404155254,1.5270978808,1.5939240456,1.5734438300
train:4736,0,-0.6115966439,-0.5975816250,-0.6108992696,-0.5718967319,-0.5923769474
train:4737,0,-4.6979169846,-4.7304348946,-4.7437525392,-4.8416996002,-4.8621798158
train:4738,0,1.1907866001,1.1907118559,1.1773942113,1.1958711147,1.1753908992
train:4741,0,0.3494012058,0.4046013951,0.3912837505,0.3824378550,0.3619576395
train:4742,0,2.1398606300,2.1035444736,2.0902268291,2.1540670395,2.1335868239
train:4744,0,-5.2662501335,-5.1944041252,-5.2077217698,-5.1947331429,-5.2152133584
train:4746,0,-2.0774395466,-2.0249717236,-2.0382893682,-2.0556859970,-2.0761662126
train:4747,0,-1.0374743938,-1.0747171640,-1.0880348086,-1.0803651810,-1.1008453965
train:4748,0,-1.0799058676,-1.0621709824,-1.0754886270,-0.9814615846,-1.0019418001
train:4749,0,-1.1401391029,-1.0725040436,-1.0858216882,-1.1499996185,-1.1704798341
train:4752,0,0.9805670977,1.0021674633,0.9888498187,0.9788833857,0.9584031701
train:4753,0,1.3385004997,1.3727490902,1.3594314456,1.4062144756,1.3857342601
train:4754,0,0.2529779971,0.2849627435,0.2716450989,0.2931849957,0.2727047801
train:4755,0,-2.1909539700,-2.1529104710,-2.1662281156,-2.2185292244,-2.2390094399
train:4757,0,-0.0218838863,-0.0109423250,-0.0242599696,-0.0352459252,-0.0557261407
train:4758,0,-3.2204303741,-3.1935088634,-3.2068265080,-3.2126178741,-3.2330980897
train:4760,0,1.1887614727,1.1432652473,1.1299476027,1.2509543896,1.2304741740
train:4761,0,1.5720785856,1.5580933094,1.5447756648,1.5578207970,1.5373405814
train:4762,0,1.2524290085,1.2990930080,1.2857753634,1.3740584850,1.3535782695
train:4763,0,-1.1384057999,-1.1172637939,-1.1305814385,-1.1837811470,-1.2042613626
train:4765,0,2.2405023575,2.2950446606,2.2817270160,2.3063464165,2.2858662009
train:4766,0,2.6810827255,2.6862933636,2.6729757190,2.7712688446,2.7507886291
train:4767,0,1.5941447020,1.5876821280,1.5743644834,1.5977256298,1.5772454143
train:4769,0,2.5670101643,2.6128311157,2.5995134711,2.6053786278,2.5848984122
train:4770,0,0.8573327661,0.8461855650,0.8328679204,0.8265663981,0.8060861826
train:4771,0,2.9802029133,3.0161988735,3.0028812289,2.9959292412,2.9754490256
train:4772,0,1.7525175810,1.7750036716,1.7616860271,1.7767727375,1.7562925220
train:4773,0,-0.0083318921,-0.0251662359,-0.0384838805,-0.0088287592,-0.0293089747
train:4774,0,0.9368683696,0.9638805389,0.9505628943,0.9712089896,0.9507287741
train:4775,0,-2.0613584518,-2.0399641991,-2.0532818437,-2.0632176399,-2.0836978555
train:4776,0,-0.7142675519,-0.6330893040,-0.6464069486,-0.6926051378,-0.7130853534
train:4777,0,-0.2551693320,-0.2521522939,-0.2654699385,-0.2114379406,-0.2319181561
train:4778,0,2.2578964233,2.2543189526,2.2410013080,2.2433576584,2.2228774428
train:4780,0,1.5159842968,1.5465009212,1.5331832767,1.5463504791,1.5258702636
train:4781,0,1.5537070036,1.6026434898,1.5893258452,1.5832674503,1.5627872348
train:4782,0,-3.5770931244,-3.5656149387,-3.5789325833,-3.4831418991,-3.5036221147
train:4783,0,-0.5853074193,-0.5721937418,-0.5855113864,-0.6200380921,-0.6405183077
train:4784,0,0.4987864196,0.4731704891,0.4598528445,0.5111562014,0.4906759858
train:4786,0,1.1584683657,1.2183489799,1.2050313354,1.1913590431,1.1708788276
train:4787,0,2.6333904266,2.6500704288,2.6367527843,2.6181945801,2.5977143645
train:4789,0,-1.6603804827,-1.6335420609,-1.6468597054,-1.6275408268,-1.6480210423
train:4791,0,-0.3253090084,-0.3111452758,-0.3244629204,-0.2923134267,-0.3127936423
train:4792,-1,-1.2904738188,-1.3425427675,-1.3558604121,-1.2982702255,-1.3187504411
train:4793,0,0.2102548778,0.2303149700,0.2169973254,0.2191677392,0.1986875236
train:4794,0,1.7338300943,1.7044132948,1.6910956502,1.7842609882,1.7637807727
train:4795,0,1.8119274378,1.8182121515,1.8048945069,1.8194494247,1.7989692092
train:4796,0,1.1492660046,1.1661446095,1.1528269649,1.1565632820,1.1360830665
train:4797,0,-0.2206335068,-0.2659718692,-0.2792895138,-0.2135944366,-0.2340746522
train:4798,0,-0.2140856832,-0.1857010424,-0.1990186870,-0.1995064616,-0.2199866772
train:4799,0,0.5881187320,0.6770774126,0.6637597680,0.6957301497,0.6752499342
train:4800,0,-0.5526095629,-0.5225417614,-0.5358594060,-0.4920685887,-0.5125488043
train:4802,0,0.2302573174,0.2523911595,0.2390735149,0.2028882951,0.1824080795
train:4804,0,-0.5083414912,-0.4444861710,-0.4578038156,-0.4672219157,-0.4877021313
train:4805,0,-0.2024240494,-0.1641015112,-0.1774191558,-0.1448255181,-0.1653057337
train:4806,0,1.4103060961,1.3914829493,1.3781653047,1.4194169044,1.3989366889
train:4807,0,0.2249130011,0.2810197175,0.2677020729,0.2663434148,0.2458631992
train:4808,0,1.4763444662,1.4409421682,1.4276245236,1.4757127762,1.4552325606
train:4809,0,-1.5257042646,-1.4720740318,-1.4853916764,-1.4836549759,-1.5041351914
train:4810,0,1.7769804001,1.8101633787,1.7968457341,1.8119673729,1.7914871573
train:4811,0,0.9142365456,0.9545252323,0.9412075877,0.8744794726,0.8539992571
train:4812,0,-1.0501410961,-1.0475686789,-1.0608863235,-1.0474355221,-1.0679157376
train:4813,0,-0.5072627664,-0.4301071167,-0.4434247613,-0.6169695258,-0.6374497414
train:4815,0,0.0767809674,0.1219342500,0.1086166054,0.0632119179,0.0427317023
train:4816,0,-1.7831192017,-1.7326536179,-1.7459712625,-1.7346248627,-1.7551050782
train:4817,0,-1.1158004999,-1.0797530413,-1.0930706859,-1.1023247242,-1.1228049397
train:4818,0,-3.2763929367,-3.2680776119,-3.2813952565,-3.1515157223,-3.1719959378
train:4819,0,1.8592791557,1.8574519157,1.8441342711,1.9045951366,1.8841149211
train:4820,-1,-1.8008524179,-1.8797953129,-1.8931129575,-1.9413414001,-1.9618216157
train:4821,0,0.5420088172,0.6044406891,0.5911230445,0.6123613715,0.5918811560
train:4822,0,-2.9762737751,-2.9564578533,-2.9697754979,-3.0128915310,-3.0333717465
train:4823,0,-2.6485979557,-2.6675622463,-2.6808798909,-2.6374859810,-2.6579661965
train:4824,0,-2.1075365543,-2.0578448772,-2.0711625218,-2.0887441635,-2.1092243791
train:4825,0,-0.7146324515,-0.6893904209,-0.7027080655,-0.6749163270,-0.6953965425
train:4827,0,-1.3053456545,-1.2546046972,-1.2679223418,-1.2522242069,-1.2727044225
train:4828,0,-1.7462503910,-1.7476155758,-1.7609332204,-1.8114681244,-1.8319483399
train:4830,0,2.1697466373,2.1904385090,2.1771208644,2.1593663692,2.1388861537
train:4831,0,1.6947630644,1.7036459446,1.6903283000,1.6964530945,1.6759728789
train:4832,0,0.6598685980,0.6197935343,0.6064758897,0.7002289891,0.6797487736
train:4833,0,1.5312149525,1.5369126797,1.5235950351,1.5642645359,1.5437843204
train:4834,0,0.9364650846,0.9691162109,0.9557985663,0.9659051895,0.9454249740
train:4836,0,1.1920918226,1.2674624920,1.2541448474,1.1850993633,1.1646191478
train:4837,0,1.3962248564,1.4149773121,1.4016596675,1.4093043804,1.3888241649
train:4838,0,-0.6979126334,-0.6811927557,-0.6945104003,-0.6285242438,-0.6490044594
train:4839,0,-1.5729500055,-1.5617971420,-1.5751147866,-1.5994601250,-1.6199403405
train:4840,0,1.5334559679,1.5133551359,1.5000374913,1.5533800125,1.5328997970
train:4841,0,-0.0046015624,0.0330872238,0.0197695792,-0.0100070238,-0.0304872394
train:4842,0,0.6956153512,0.7129615545,0.6996439099,0.7543572783,0.7338770628
train:4843,0,0.0083734235,0.0535779372,0.0402602926,0.0672572181,0.0467770025
train:4844,0,0.9980744123,1.0443347692,1.0310171247,0.9882655144,0.9677852988
train:4845,0,3.2347159386,3.2363779545,3.2230603099,3.2158246040,3.1953443885
train:4846,0,-2.7795259953,-2.7371244431,-2.7504420877,-2.8126969337,-2.8331771493
train:4847,0,-0.6417577267,-0.6460561752,-0.6593738198,-0.6266014576,-0.6470816731
train:4848,0,1.2534512281,1.2849860191,1.2716683745,1.2522068024,1.2317265868
train:4849,0,-1.0447263718,-0.9943377972,-1.0076554418,-1.0363469124,-1.0568271279
train:4850,0,1.6841096878,1.7221697569,1.7088521123,1.7246496677,1.7041694522
train:4851,0,1.5041096210,1.5141633749,1.5008457303,1.5114905834,1.4910103679
train:4852,0,-0.5320121646,-0.5256544352,-0.5389720798,-0.4703165889,-0.4907968044
train:4853,0,-2.0875928402,-2.0808370113,-2.0941546559,-2.0767793655,-2.0972595811
train:4854,0,1.0649099350,1.0739113092,1.0605936646,1.0982339382,1.0777537227
train:4855,0,0.0348518640,0.0581322610,0.0448146164,0.0299761146,0.0094958991
train:4856,0,0.9155678153,0.9061105251,0.8927928805,0.9140586853,0.8935784698
train:4857,0,0.9521042109,1.0012042522,0.9878866076,0.9313774705,0.9108972549
train:4858,0,1.1794073582,1.2064235210,1.1931058764,1.2553389072,1.2348586917
train:4859,0,0.3130509257,0.3371029496,0.3237853050,0.3662542403,0.3457740247
train:4860,0,-1.6842874289,-1.6230700016,-1.6363876462,-1.6856396198,-1.7061198354
train:4861,0,2.4137554169,2.3117094040,2.2983917594,2.4003593922,2.3798791766
train:4862,0,-0.5465272069,-0.5431756973,-0.5564933419,-0.5530469418,-0.5735271573
train:4863,0,2.7134523392,2.7377693653,2.7244517207,2.7522602081,2.7317799926
train:4864,0,-1.7508361340,-1.7500684261,-1.7633860707,-1.7890031338,-1.8094833493
train:4865,0,1.3910651207,1.3971011639,1.3837835193,1.4764163494,1.4559361339
train:4866,0,-3.2664973736,-3.2003629208,-3.2136805654,-3.1989922523,-3.2194724679
train:4867,0,1.5212934017,1.5380849838,1.5247673392,1.5763723850,1.5558921695
train:4868,0,3.1153244972,3.1296641827,3.1163465381,3.0571959019,3.0367156863
train:4869,0,-0.9589681029,-0.9862346649,-0.9995523095,-1.0732600689,-1.0937402844
train:4871,0,1.7502173185,1.7141004801,1.7007828355,1.7707006931,1.7502204776
train:4874,0,0.7171698213,0.6952956915,0.6819780469,0.7013660073,0.6808857918
train:4875,0,-1.2935515642,-1.2361927032,-1.2495103478,-1.3148536682,-1.3353338838
train:4878,0,2.6143116951,2.6430060863,2.6296884418,2.6915552616,2.6710750461
train:4879,0,-1.6741201878,-1.6033319235,-1.6166495681,-1.6665139198,-1.6869941354
train:4880,0,1.1378217936,1.1468737125,1.1335560679,1.1069560051,1.0864757895
train:4881,0,-0.1534289271,-0.1623849720,-0.1757026166,-0.1161837429,-0.1366639584
train:4882,-1,-3.9716372490,-3.9973442554,-4.0106619000,-3.8901729584,-3.9106531739
train:4883,0,-0.7847288251,-0.7795013189,-0.7928189635,-0.7805379033,-0.8010181189
train:4886,0,0.4713668227,0.4835988581,0.4702812135,0.4845626950,0.4640824795
train:4888,0,2.7803473473,2.7971620560,2.7838444114,2.7948131561,2.7743329406
train:4889,0,-0.6807839870,-0.6997742653,-0.7130919099,-0.5964042544,-0.6168844700
train:4890,0,1.5829019547,1.6173247099,1.6040070653,1.5821325779,1.5616523623
train:4891,0,-2.6521043777,-2.6660518646,-2.6793695092,-2.6181883812,-2.6386685967
train:4892,0,3.1867849827,3.1608521938,3.1475345492,3.1957185268,3.1752383113
train:4894,0,-0.7346149683,-0.6725764275,-0.6858940721,-0.7427021861,-0.7631824017
train:4896,0,-2.2601356506,-2.2437336445,-2.2570512891,-2.3088645935,-2.3293448091
train:4897,0,1.8097369671,1.8164168596,1.8030992150,1.8600585461,1.8395783305
train:4898,0,1.4181696177,1.4285662174,1.4152485728,1.4100430012,1.3895627856
train:4900,0,1.2440990210,1.3117640018,1.2984463573,1.2525269985,1.2320467830
train:4901,0,-1.7844324112,-1.7676846981,-1.7810023427,-1.7114181519,-1.7318983674
train:4902,0,-1.8029261827,-1.7816197872,-1.7949374318,-1.8115954399,-1.8320756555
train:4905,0,-1.3527644873,-1.3004475832,-1.3137652278,-1.3432831764,-1.3637633920
train:4906,0,-2.0456652641,-1.9830005169,-1.9963181615,-1.9768810272,-1.9973612428
train:4907,0,1.4799344540,1.5032606125,1.4899429679,1.4873280525,1.4668478370
train:4909,0,-0.8429370522,-0.8187466860,-0.8320643306,-0.8023806214,-0.8228608370
train:4912,0,2.3023960590,2.3091557026,2.2958380580,2.2652766705,2.2447964549
train:4913,0,0.6559221148,0.7006161213,0.6872984767,0.6748806238,0.6544004083
train:4914,0,1.7797149420,1.8286709785,1.8153533340,1.7886962891,1.7682160735
train:4915,0,2.3529419899,2.3537032604,2.3403856158,2.3359370232,2.3154568076
train:4916,0,0.6562919021,0.6499069929,0.6365893483,0.6617887616,0.6413085461
train:4918,0,2.0353350639,2.0391204357,2.0258027911,2.0473847389,2.0269045234
train:4919,0,3.1204621792,3.1101047993,3.0967871547,3.1450147629,3.1245345473
train:4920,0,-2.5400533676,-2.4891650677,-2.5024827123,-2.4959030151,-2.5163832307
train:4921,0,1.6593710184,1.8580830097,1.8447653651,1.7381243706,1.7176441550
train:4922,0,1.4111545086,1.4317854643,1.4184678197,1.4242057800,1.4037255645
train:4923,0,1.7281824350,1.8025240898,1.7892064452,1.7424042225,1.7219240069
train:4924,0,1.5520977974,1.5929230452,1.5796054006,1.5678298473,1.5473496318
train:4925,0,-1.1125025749,-1.1089416742,-1.1222593188,-1.0914080143,-1.1118882298
train:4926,0,0.5477955937,0.5451103449,0.5317927003,0.6198483706,0.5993681550
train:4928,0,2.4990038872,2.5762634277,2.5629457831,2.5672297478,2.5467495322
train:4929,0,-0.6853723526,-0.6759048700,-0.6892225146,-0.6177877784,-0.6382679939
train:4930,0,-1.0697003603,-1.0423641205,-1.0556817651,-0.9844239354,-1.0049041510
train:4932,0,1.5990886688,1.6082944870,1.5949768424,1.6432478428,1.6227676272
train:4933,0,1.5181999207,1.4779286385,1.4646109939,1.4912545681,1.4707743526
train:4934,0,1.2419146299,1.2534486055,1.2401309609,1.2768087387,1.2563285232
train:4935,0,1.5901066065,1.6062848568,1.5929672122,1.6214013100,1.6009210944
train:4936,0,-1.7860785723,-1.8292448521,-1.8425624967,-1.8428769112,-1.8633571267
train:4937,0,2.2112257481,2.2660496235,2.2527319789,2.2486948967,2.2282146811
train:4938,0,-0.0557175428,-0.0174492598,-0.0307669044,-0.0521156937,-0.0725959092
train:4939,0,1.5765296221,1.5860565901,1.5727389455,1.6164581776,1.5959779620
train:4940,0,1.8298478127,1.8201692104,1.8068515658,1.8611991405,1.8407189250
train:4941,0,1.0803194046,1.0893303156,1.0760126710,1.1264860630,1.1060058475
train:4943,0,-0.5999476910,-0.5920510292,-0.6053686738,-0.6628065109,-0.6832867265
train:4944,0,-3.2540824413,-3.2288181782,-3.2421358228,-3.1926498413,-3.2131300569
train:4946,0,0.2754124105,0.2253639400,0.2120462954,0.3286459148,0.3081656992
train:4947,0,-0.9170989990,-0.8503177166,-0.8636353612,-0.8871890306,-0.9076692462
train:4948,0,2.4661874771,2.5032231808,2.4899055362,2.4774408340,2.4569606185
train:4949,0,1.2231569290,1.2543039322,1.2409862876,1.1975638866,1.1770836711
train:4950,0,1.7183685303,1.6905881166,1.6772704720,1.7189378738,1.6984576583
train:4951,0,1.1741102934,1.2097878456,1.1964702010,1.2398090363,1.2193288207
train:4954,0,-0.2595195472,-0.2404094338,-0.2537270784,-0.2541255951,-0.2746058106
train:4957,0,-0.4128638506,-0.4076224864,-0.4209401309,-0.4068382382,-0.4273184538
train:4958,0,1.7879461050,1.7127923965,1.6994747519,1.8376710415,1.8171908259
train:4959,0,2.4375398159,2.4697813988,2.4564637542,2.4555730820,2.4350928664
train:4960,0,1.7764511108,1.7941715717,1.7808539271,1.7908957005,1.7704154849
train:4961,0,3.3724920750,3.3270556927,3.3137380481,3.3143973351,3.2939171195
train:4963,0,-0.0657850876,-0.0569560081,-0.0702736527,-0.0279425681,-0.0484227836
train:4964,0,1.5735504627,1.5917236805,1.5784060359,1.6298706532,1.6093904376
train:4965,0,0.4446130097,0.4579776824,0.4446600378,0.4501096308,0.4296294153
train:4966,0,1.0957803726,1.1140127182,1.1006950736,1.1422579288,1.1217777133
train:4967,0,1.2743421793,1.2863771915,1.2730595469,1.3139820099,1.2935017943
train:4968,0,2.0296742916,2.0333335400,2.0200158954,2.0265824795,2.0061022639
train:4969,0,0.9722782969,0.9707971811,0.9574795365,0.9752138257,0.9547336102
train:4971,0,-0.4733702838,-0.4068463743,-0.4201640189,-0.4896045923,-0.5100848079
train:4972,0,1.4666703939,1.4777615070,1.4644438624,1.5080330372,1.4875528216
train:4973,0,1.7336463928,1.7138667107,1.7005490661,1.7661285400,1.7456483245
train:4974,0,-0.1623148620,-0.1787755489,-0.1920931935,-0.2411936522,-0.2616738677
train:4975,0,1.6746315956,1.6772525311,1.6639348865,1.7187457085,1.6982654929
train:4976,0,0.5256416202,0.5614793897,0.5481617451,0.5256077051,0.5051274896
train:4977,0,0.7341264486,0.7407301664,0.7274125218,0.7489164472,0.7284362316
train:4978,0,1.6523461342,1.5948446989,1.5815270543,1.6617052555,1.6412250400
train:4980,0,-0.6465419531,-0.6823982000,-0.6957158446,-0.6826168895,-0.7030971050
train:4981,0,-3.3476300240,-3.3017702103,-3.3150878549,-3.2985100746,-3.3189902902
train:4982,0,1.1786414385,1.1802916527,1.1669740081,1.2331240177,1.2126438022
train:4983,0,1.9986257553,1.9950032234,1.9816855788,2.0128943920,1.9924141765
train:4985,0,1.8670823574,1.8378397226,1.8245220780,1.9193868637,1.8989066482
train:4986,0,-0.3849828243,-0.3353866041,-0.3487042487,-0.3125387132,-0.3330189288
train:4987,0,-2.4358448982,-2.3675930500,-2.3809106946,-2.4824070930,-2.5028873086
train:4988,0,-0.5774800181,-0.5797435045,-0.5930611491,-0.5668250322,-0.5873052478
train:4989,0,0.7000832558,0.7168328762,0.7035152316,0.7771888375,0.7567086220
train:4990,0,0.0544564165,0.1113663316,0.0980486870,0.0964292139,0.0759489983
train:4991,0,-0.6339523792,-0.6965078115,-0.7098254561,-0.6706485152,-0.6911287308
train:4992,0,0.3821959496,0.3517727554,0.3384551108,0.4127224386,0.3922422230
train:4994,0,0.1652516425,0.1605517119,0.1472340673,0.1758251190,0.1553449035
train:4995,0,2.3188071251,2.2648799419,2.2515622973,2.3214349747,2.3009547591
train:4996,0,-0.6996374726,-0.6744548082,-0.6877724528,-0.6646876931,-0.6851679087
train:4997,0,1.0026713610,0.9983108044,0.9849931598,1.0082457066,0.9877654910
train:4998,0,2.2785665989,2.2328422070,2.2195245624,2.2711520195,2.2506718040
train:4999,0,-1.5797306299,-1.5452837944,-1.5586014390,-1.5916709900,-1.6121512055
train:5000,0,1.8316245079,1.8385288715,1.8252112269,1.8878605366,1.8673803210
train:5001,0,-2.2748472691,-2.2973873615,-2.3107050061,-2.2904400826,-2.3109202981
train:5002,0,-2.2773876190,-2.1836137772,-2.1969314218,-2.3067965508,-2.3272767663
train:5003,0,0.3705267012,0.3595386147,0.3462209702,0.4270953834,0.4066151679
train:5005,0,1.7906904221,1.7808094025,1.7674917579,1.7824239731,1.7619437575
train:5006,0,2.1061496735,2.0829217434,2.0696040988,2.1265408993,2.1060606837
train:5009,-1,-3.6575000286,-3.6544702053,-3.6677878499,-3.6943972111,-3.7148774266
train:5010,0,1.0764966011,1.1179984808,1.1046808362,1.0690002441,1.0485200286
train:5011,0,1.4329395294,1.4287242889,1.4154066443,1.4309048653,1.4104246497
train:5013,0,0.5086615086,0.5257109404,0.5123932958,0.5289559960,0.5084757805
train:5014,0,1.8948934078,1.8551386595,1.8418210149,1.9818780422,1.9613978267
train:5015,0,-3.2558188438,-3.2328879833,-3.2462056279,-3.2305669785,-3.2510471940
train:5016,0,-3.5499596596,-3.5327692032,-3.5460868478,-3.5017719269,-3.5222521424
train:5018,0,-0.1578346193,-0.1428946257,-0.1562122703,-0.1683919430,-0.1888721585
train:5019,0,1.1656591892,1.1888918877,1.1755742431,1.2157635689,1.1952833533
train:5021,0,0.4469482601,0.4733014405,0.4599837959,0.4592230320,0.4387428164
train:5022,0,1.9071438313,1.8675396442,1.8542219996,1.8869249821,1.8664447665
train:5023,0,0.1213011146,0.1066182852,0.0933006406,0.1105112135,0.0900309980
train:5024,0,1.5530453920,1.5547983646,1.5414807200,1.6202633381,1.5997831225
train:5026,0,2.2308862209,2.2263050079,2.2129873633,2.2853837013,2.2649034858
train:5028,0,1.8137245178,1.8103804588,1.7970628142,1.8471674919,1.8266872764
train:5030,0,-1.0684678555,-1.0252141953,-1.0385318398,-1.0684583187,-1.0889385343
train:5031,0,-0.6880174279,-0.6959916353,-0.7093092799,-0.6544689536,-0.6749491692
train:5032,0,0.6677619219,0.6836620569,0.6703444123,0.7516879439,0.7312077284
train:5033,0,0.7472388148,0.7547123432,0.7413946986,0.8005472422,0.7800670266
train:5035,0,0.8662937284,0.9018101692,0.8884925246,0.8576390743,0.8371588588
train:5036,0,-1.6870018244,-1.6616089344,-1.6749265790,-1.6992459297,-1.7197261453
train:5037,0,1.1721184254,1.1439177990,1.1306001544,1.1305508614,1.1100706458
train:5039,0,1.1585268974,1.1655453444,1.1522276998,1.1918327808,1.1713525653
train:5040,0,-1.5674294233,-1.4383866787,-1.4517043233,-1.5894477367,-1.6099279523
train:5041,0,-1.6291172504,-1.6389150620,-1.6522327065,-1.6035540104,-1.6240342259
train:5042,0,-1.0617446899,-0.9803212881,-0.9936389327,-1.0258014202,-1.0462816358
train:5044,0,-0.1017738655,0.0723686218,0.0590509772,-0.1106305122,-0.1311107278
train:5045,0,-1.3604615927,-1.3260686398,-1.3393862844,-1.3048393726,-1.3253195882
train:5046,0,1.1499279737,1.2025532722,1.1892356277,1.1462626457,1.1257824302
train:5047,0,-0.9119713306,-0.8810039759,-0.8943216205,-0.9459443688,-0.9664245844
train:5048,0,1.5011883974,1.4882732630,1.4749556184,1.4828758240,1.4623956084
train:5049,0,1.0255712271,0.9710236788,0.9577060342,1.0117666721,0.9912864566
train:5050,-5,-15.3270750046,-13.0276041031,-13.0409217477,-17.7258319855,-17.7463122010
train:5052,0,-0.4002954960,-0.3485811651,-0.3618988097,-0.3618702888,-0.3823505044
train:5053,0,-0.1211394891,-0.1906889975,-0.2040066421,-0.1288629770,-0.1493431926
train:5054,0,2.4179875851,2.3952112198,2.3818935752,2.3947539330,2.3742737174
train:5058,0,0.2455381006,0.2816215754,0.2683039308,0.2853976488,0.2649174333
train:5059,0,-0.7523432374,-0.7416266203,-0.7549442649,-0.7809406519,-0.8014208674
train:5060,0,1.2412524223,1.2302546501,1.2169370055,1.3064155579,1.2859353423
train:5061,0,0.3777253032,0.3916710615,0.3783534169,0.3900144696,0.3695342541
train:5062,0,1.5128811598,1.5388057232,1.5254880786,1.6101548672,1.5896746516
train:5063,0,2.2045679092,2.2028179169,2.1895002723,2.1512937546,2.1308135390
train:5064,-1,-2.7457299232,-2.8038222790,-2.8171399236,-2.7004809380,-2.7209611535
train:5065,0,-4.1004624367,-3.9786412716,-3.9919589162,-4.0837225914,-4.1042028069
train:5066,0,1.3565063477,1.3491445780,1.3358269334,1.3622555733,1.3417753577
train:5067,0,-1.8377180099,-1.7937695980,-1.8070872426,-1.7686803341,-1.7891605496
train:5068,0,-0.7049019337,-0.6878304482,-0.7011480927,-0.6649067402,-0.6853869557
train:5069,0,0.9620358348,0.9384372234,0.9251195788,1.0131151676,0.9926349521
train:5070,0,1.8163666725,1.7896969318,1.7763792872,1.7606129646,1.7401327491
train:5071,-1,-6.8019070625,-6.8091006279,-6.8224182725,-6.7773661613,-6.7978463769
train:5072,0,1.1643451452,1.1252015829,1.1118839383,1.2034296989,1.1829494834
train:5073,0,1.0706187487,1.0669902563,1.0536726117,1.1192171574,1.0987369418
train:5075,0,-3.7596166134,-3.7119626999,-3.7252803445,-3.6711730957,-3.6916533113
train:5076,0,1.2745697498,1.3146003485,1.3012827039,1.2684597969,1.2479795814
train:5078,0,0.9884204865,1.0331883430,1.0198706985,1.0320281982,1.0115479827
train:5080,0,1.6407635212,1.6267282963,1.6134106517,1.6740534306,1.6535732150
train:5081,0,0.6812225580,0.7053828239,0.6920651793,0.7180417180,0.6975615025
train:5082,-1,-1.8956580162,-1.9883620739,-2.0016797185,-1.8515045643,-1.8719847798
train:5083,0,-4.9369535446,-4.9493756294,-4.9626932740,-4.7873921394,-4.8078723550
train:5084,0,-2.8557538986,-2.8486149311,-2.8619325757,-2.9084057808,-2.9288859963
train:5085,0,1.9457725286,1.9199634790,1.9066458344,1.9457175732,1.9252373576
train:5087,0,0.9230918288,0.9453930855,0.9320754409,0.9599106908,0.9394304752
train:5088,0,-0.1957860738,-0.1829464734,-0.1962641180,-0.1604074240,-0.1808876395
train:5089,0,-0.5317005515,-0.5225546360,-0.5358722806,-0.4936383367,-0.5141185522
train:5090,0,-3.2784254551,-3.2962653637,-3.3095830083,-3.2995409966,-3.3200212121
train:5091,0,1.0935978889,1.0793678761,1.0660502315,1.1112768650,1.0907966495
train:5093,-2,-7.9948005676,-8.2456731796,-8.2589908242,-8.2482681274,-8.2687483430
train:5094,0,1.6616564989,1.6969995499,1.6836819053,1.7034513950,1.6829711795
train:5096,0,1.0313534737,1.0923430920,1.0790254474,1.2062759399,1.1857957244
train:5097,0,0.7315663695,0.7369781733,0.7236605287,0.7393457890,0.7188655734
train:5098,0,2.1745438576,2.1533720493,2.1400544047,2.2123284340,2.1918482184
train:5100,-1,-4.3635015488,-4.3172488213,-4.3305664659,-4.4143414497,-4.4348216653
train:5101,0,-3.0790553093,-2.9955282211,-3.0088458657,-3.0492520332,-3.0697322488
train:5103,0,-2.6034460068,-2.5929145813,-2.6062322259,-2.6225707531,-2.6430509686
train:5104,0,0.9569401741,1.0275697708,1.0142521262,1.0006675720,0.9801873565
train:5105,0,1.5900678635,1.5832241774,1.5699065328,1.5877478123,1.5672675967
train:5106,0,2.2888810635,2.2884271145,2.2751094699,2.3326668739,2.3121866584
train:5107,0,0.5260595083,0.5417181253,0.5284004807,0.5292751789,0.5087949634
train:5109,0,2.4266788960,2.4383618832,2.4250442386,2.3994562626,2.3789760470
train:5110,0,-0.7789065242,-0.6907471418,-0.7040647864,-0.7341362238,-0.7546164393
train:5112,0,1.1756161451,1.1363267899,1.1230091453,1.1990103722,1.1785301566
train:5113,0,-2.4306850433,-2.3559210300,-2.3692386746,-2.4368655682,-2.4573457837
train:5114,0,1.1138635874,1.0984640121,1.0851463675,1.0690979958,1.0486177802
train:5115,0,-0.3844192326,-0.2678016424,-0.2811192870,-0.3294179142,-0.3498981297
train:5116,0,-1.9862947464,-1.9840064049,-1.9973240495,-1.9911346436,-2.0116148591
train:5117,0,-1.7591038942,-1.7330360413,-1.7463536859,-1.7295274734,-1.7500076890
train:5118,-1,-1.1364228725,-1.1764829159,-1.1898005605,-1.1676268578,-1.1881070733
train:5119,0,-0.3638928235,-0.3090188801,-0.3223365247,-0.2960146070,-0.3164948225
train:5120,0,-0.4167769551,-0.3870832026,-0.4004008472,-0.3574447632,-0.3779249787
train:5121,0,3.0428235531,3.0106656551,2.9973480105,3.0280072689,3.0075270534
train:5122,0,1.5693188906,1.6317887306,1.6184710860,1.6362164021,1.6157361865
train:5124,0,-0.5977433324,-0.5805883408,-0.5939059854,-0.5856789351,-0.6061591506
train:5126,0,-0.2629563212,-0.2781185806,-0.2914362252,-0.2116422951,-0.2321225107
train:5128,0,0.8237497807,0.8512824774,0.8379648328,0.7984510660,0.7779708505
train:5130,0,-1.7183274031,-1.7472693920,-1.7605870366,-1.6887478828,-1.7092280984
train:5131,0,-0.1122649908,-0.0434553325,-0.0567729771,-0.1072386801,-0.1277188957
train:5132,0,0.3325236142,0.3455263078,0.3322086632,0.3760471940,0.3555669785
train:5133,0,0.5942302346,0.6504757404,0.6371580958,0.6167465448,0.5962663293
train:5134,0,1.9369437695,1.9807677269,1.9674500823,1.9351439476,1.9146637321
train:5136,0,-1.0553090572,-1.1035225391,-1.1168401837,-1.0901505947,-1.1106308103
train:5137,0,2.2565624714,2.2711164951,2.2577988505,2.2612133026,2.2407330871
train:5138,0,-2.3532097340,-2.2932016850,-2.3065193295,-2.3560998440,-2.3765800595
train:5139,0,-1.6858410835,-1.6650581360,-1.6783757806,-1.6908943653,-1.7113745809
train:5141,-1,-2.1468741894,-2.1706087589,-2.1839264035,-2.2091321945,-2.2296124101
train:5142,0,2.4240031242,2.4473731518,2.4340555072,2.4213147163,2.4008345008
train:5143,0,1.5589987040,1.5500524044,1.5367347598,1.5879852772,1.5675050616
train:5144,0,0.5719702244,0.6335510015,0.6202333570,0.6303892136,0.6099089980
train:5146,0,0.8123354912,0.7997171879,0.7863995433,0.8610495925,0.8405693769
train:5149,0,2.0757813454,2.0549194813,2.0416018367,2.1198816299,2.0994014144
train:5150,0,-1.6239693165,-1.6167528629,-1.6300705075,-1.5322489738,-1.5527291894
train:5153,0,-1.6704406738,-1.7234038115,-1.7367214561,-1.7487761974,-1.7692564130
train:5154,0,1.2446786165,1.2209628820,1.2076452374,1.2610538006,1.2405735850
train:5155,0,0.2786466777,0.3128762245,0.2995585799,0.3174525797,0.2969723642
train:5156,0,2.4449911118,2.4333045483,2.4199869037,2.4483535290,2.4278733134
train:5157,0,1.5407738686,1.4615036249,1.4481859803,1.5280921459,1.5076119304
train:5158,0,1.2104117870,1.2808036804,1.2674860358,1.2037663460,1.1832861304
train:5159,0,-2.5621123314,-2.5194814205,-2.5327990651,-2.5204625130,-2.5409427285
train:5160,0,1.5974235535,1.6552666426,1.6419489980,1.6788799763,1.6583997607
train:5161,0,-2.8261494637,-2.7883598804,-2.8016775250,-2.8290209770,-2.8495011926
train:5162,0,-1.2219727039,-1.2662818432,-1.2795994878,-1.2467708588,-1.2672510743
train:5163,0,-1.9990873337,-1.9228005409,-1.9361181855,-1.9568967819,-1.9773769975
train:5164,0,1.3061857224,1.3187427521,1.3054251075,1.3429515362,1.3224713206
train:5165,0,1.0056984425,1.0069228411,0.9936051965,0.9861168861,0.9656366706
train:5166,0,-0.4575923085,-0.3653270006,-0.3786446452,-0.4201611876,-0.4406414032
train:5167,0,1.2669428587,1.2648603916,1.2515427470,1.2428352833,1.2223550677
train:5169,0,2.0390241146,2.0159502029,2.0026325583,2.0802199841,2.0597397685
train:5170,0,0.5865198970,0.6412627697,0.6279451251,0.5605068803,0.5400266647
train:5171,0,1.9553506374,1.9516059160,1.9382882714,2.0071403980,1.9866601825
train:5172,0,1.3910789490,1.3458849192,1.3325672746,1.4214584827,1.4009782672
train:5173,0,2.0786468983,2.1296198368,2.1163021922,2.0974578857,2.0769776702
train:5174,0,0.3156155348,0.3467752934,0.3334576488,0.2957642674,0.2752840519
train:5176,-1,-1.5305055380,-1.6877908707,-1.7011085153,-1.5655896664,-1.5860698819
train:5177,0,0.8153441548,0.7949858904,0.7816682458,0.8474199176,0.8269397020
train:5178,0,0.9321745634,0.9224698544,0.9091522098,0.9998748302,0.9793946147
train:5179,0,-2.7542881966,-2.6769993305,-2.6903169751,-2.7119293213,-2.7324095368
train:5180,0,1.0639765263,1.0741236210,1.0608059764,1.0326943398,1.0122141242
train:5181,0,1.2789013386,1.3519744873,1.3386568427,1.2904641628,1.2699839473
train:5182,0,-2.4444386959,-2.4328663349,-2.4461839795,-2.4532501698,-2.4737303853
train:5183,0,-0.0314701870,-0.0628217608,-0.0761394054,0.0060869902,-0.0143932253
train:5184,0,-0.6218867302,-0.5767927170,-0.5901103616,-0.5732558966,-0.5937361121
train:5185,0,0.2871303260,0.2753909230,0.2620732784,0.3070279062,0.2865476906
train:5187,0,1.9077439308,1.8744661808,1.8611485362,1.8944725990,1.8739923835
train:5188,0,1.0796991587,1.1130131483,1.0996955037,1.0701198578,1.0496396422
train:5189,0,1.6839189529,1.6822589636,1.6689413190,1.6945698261,1.6740896106
train:5191,0,-3.5140318871,-3.4436984062,-3.4570160508,-3.4591097832,-3.4795899987
train:5192,0,0.7567325234,0.7715780735,0.7582604289,0.7717799544,0.7512997389
train:5193,0,-0.0439418852,-0.0065712556,-0.0198889002,0.1057787538,0.0852985382
train:5194,0,-1.4222124815,-1.3851970434,-1.3985146880,-1.3516123295,-1.3720925450
train:5195,0,-1.9041212797,-1.8684285879,-1.8817462325,-1.9173545837,-1.9378347993
train:5196,0,0.6172407866,0.6267735958,0.6134559512,0.6596421599,0.6391619444
train:5200,0,-1.6222993135,-1.6102499962,-1.6235676408,-1.6134192944,-1.6338995099
train:5201,0,1.5132248402,1.5690271854,1.5557095408,1.5567715168,1.5362913013
train:5202,0,1.0857517719,1.0488171577,1.0354995131,1.0751209259,1.0546407104
train:5203,0,0.4660342336,0.4911628962,0.4778452516,0.4650206566,0.4445404410
train:5204,0,0.6628234386,0.6533409357,0.6400232911,0.6086035371,0.5881233215
train:5205,0,1.9915202856,1.9818079472,1.9684903026,1.9526224136,1.9321421981
train:5206,0,0.9939185977,1.0591686964,1.0458510518,1.0549359322,1.0344557166
train:5208,0,-4.3235292435,-4.2828278542,-4.2961454988,-4.3381938934,-4.3586741090
train:5209,0,1.6031392813,1.6210699081,1.6077522635,1.6172912121,1.5968109965
train:5210,0,-1.5545146465,-1.4726400375,-1.4859576821,-1.5018179417,-1.5222981572
train:5212,0,-0.6439330578,-0.6731560230,-0.6864736676,-0.6600652933,-0.6805455089
train:5213,0,0.8014870882,0.7967562675,0.7834386230,0.7719711661,0.7514909506
train:5214,0,-1.5062773228,-1.4607024193,-1.4740200639,-1.4948284626,-1.5153086782
train:5215,0,0.7453824878,0.7523897886,0.7390721440,0.8027719855,0.7822917700
train:5216,0,-0.3591694534,-0.3994638026,-0.4127814472,-0.3346797526,-0.3551599681
train:5218,0,-1.7725721598,-1.6989269257,-1.7122445703,-1.7434642315,-1.7639444470
train:5221,0,-2.9330515862,-2.8540515900,-2.8673692346,-2.8606059551,-2.8810861707
train:5222,0,0.7008019090,0.7415864468,0.7282688022,0.7341477275,0.7136675119
train:5223,0,1.6637996435,1.6475803852,1.6342627406,1.6116156578,1.5911354423
train:5224,0,-0.4284256697,-0.4002217352,-0.4135393798,-0.4249323010,-0.4454125166
train:5226,0,-2.8313095570,-2.7615854740,-2.7749031186,-2.8256282806,-2.8461084962
train:5228,0,1.8169041872,1.7730665207,1.7597488761,1.7825148106,1.7620345950
train:5229,0,0.8170486689,0.8477920294,0.8344743848,0.8020366430,0.7815564275
train:5231,0,0.0864663869,0.0518109128,0.0384932682,0.2453877777,0.2249075621
train:5233,0,0.1815059483,0.2308366299,0.2175189853,0.1928748786,0.1723946631
train:5235,0,-0.0237453450,0.0565953553,0.0432777107,0.0119495541,-0.0085306615
train:5236,0,1.8120379448,1.7940226793,1.7807050347,1.8565208912,1.8360406756
train:5237,0,-2.0841226578,-2.0380358696,-2.0513535142,-2.0068807602,-2.0273609757
train:5238,0,1.6384161711,1.6196832657,1.6063656211,1.6867067814,1.6662265658
train:5239,0,0.1508468986,0.1109594405,0.0976417959,0.2118330598,0.1913528442
train:5240,0,1.1020402908,1.2081929445,1.1948752999,1.2480809689,1.2276007533
train:5241,-1,-4.2749528885,-4.2565789223,-4.2698965669,-4.2793760300,-4.2998562455
train:5242,0,3.3484325409,3.3308229446,3.3175053000,3.3735499382,3.3530697227
train:5243,0,1.1898226738,1.2423593998,1.2290417552,1.2546999454,1.2342197299
train:5244,0,-0.7078885436,-0.7732669115,-0.7865845561,-0.7926183343,-0.8130985498
train:5245,0,-0.7980204821,-0.7895900011,-0.8029076457,-0.7698898911,-0.7903701067
train:5247,0,0.2872385979,0.3167818189,0.3034641743,0.2622240186,0.2417438030
train:5248,0,0.8505989909,0.8386023045,0.8252846599,0.8770169020,0.8565366864
train:5249,0,1.2975815535,1.3136789799,1.3003613353,1.3088073730,1.2883271575
train:5251,0,-3.2769753933,-3.3015952110,-3.3149128556,-3.2959063053,-3.3163865209
train:5252,0,0.5162771344,0.4915812314,0.4782635868,0.5421686172,0.5216884017
train:5253,0,-2.2471182346,-2.2705976963,-2.2839153409,-2.2346587181,-2.2551389337
train:5254,0,0.5141398907,0.5108338594,0.4975162148,0.5785652995,0.5580850840
train:5255,0,0.8183914423,0.7957988977,0.7824812531,0.8064290285,0.7859488130
train:5256,0,2.9478206635,2.9517276287,2.9384099841,2.9851861000,2.9647058845
train:5257,0,-2.6888728142,-2.6564009190,-2.6697185636,-2.7317728996,-2.7522531152
train:5258,0,0.1863213629,0.2279696316,0.2146519870,0.1797127873,0.1592325717
train:5259,0,0.5371970534,0.4957585335,0.4824408889,0.5553421974,0.5348619819
train:5260,0,1.1926919222,1.2732893229,1.2599716783,1.2403457165,1.2198655009
train:5261,0,-0.7337601781,-0.6390925646,-0.6524102092,-0.7331011891,-0.7535814047
train:5262,0,1.0526844263,1.1337139606,1.1203963161,1.0499780178,1.0294978023
train:5263,0,-0.5756970644,-0.5345019102,-0.5478195548,-0.6089354157,-0.6294156313
train:5264,0,-0.9744369388,-0.9452614784,-0.9585791230,-0.8586232662,-0.8791034818
train:5266,0,2.6617884636,2.6580398083,2.6447221637,2.7081508636,2.6876706481
train:5267,0,-0.5708454251,-0.5408341885,-0.5541518331,-0.4778910279,-0.4983712435
train:5269,0,0.6589786410,0.6953865290,0.6820688844,0.6655368805,0.6450566649
train:5270,0,1.4720937014,1.4316165447,1.4182989001,1.4994575977,1.4789773822
train:5272,0,-3.3816084862,-3.3296859264,-3.3430035710,-3.2999715805,-3.3204517961
train:5273,0,1.7335274220,1.7005677223,1.6872500777,1.7477512360,1.7272710204
train:5274,0,-2.0551941395,-2.1213710308,-2.1346886754,-2.0169372559,-2.0374174714
train:5275,0,-3.7056450844,-3.6136620045,-3.6269796491,-3.6392111778,-3.6596913934
train:5276,0,2.7506587505,2.7242381573,2.7109205127,2.7138843536,2.6934041381
train:5278,0,3.2096087933,3.1988811493,3.1855635047,3.1968767643,3.1763965487
train:5279,0,-0.2512414157,-0.2464875877,-0.2598052323,-0.2386380732,-0.2591182888
train:5280,0,-0.1764238328,-0.2183133662,-0.2316310108,-0.1376246810,-0.1581048965
train:5281,0,-0.0777193829,-0.0636742115,-0.0769918561,-0.0191209167,-0.0396011323
train:5282,0,0.2800638974,0.2368891537,0.2235715091,0.3093784750,0.2888982594
train:5283,0,0.8665957451,0.9097614288,0.8964437842,0.8872818351,0.8668016195
train:5285,0,-3.1509995461,-3.0559821129,-3.0692997575,-3.1449913979,-3.1654716134
train:5286,0,1.8263728619,1.9007517099,1.8874340653,1.8777389526,1.8572587371
train:5289,0,1.2382069826,1.2136740685,1.2003564239,1.2514278889,1.2309476733
train:5290,0,-2.7532105446,-2.7291524410,-2.7424700856,-2.7307376862,-2.7512179017
train:5291,0,0.0178649016,0.0451519191,0.0318342745,0.0522969514,0.0318167359
train:5292,0,2.6300444603,2.5825209618,2.5692033172,2.6520903111,2.6316100955
train:5293,0,-0.4668603241,-0.4129038751,-0.4262215197,-0.4578428864,-0.4783231020
train:5294,0,1.3326890469,1.4170160294,1.4036983848,1.4128639698,1.3923837543
train:5295,0,-0.1407046765,-0.1012969017,-0.1146145463,-0.1088147759,-0.1292949915
train:5296,0,0.2620424926,0.3345980346,0.3212803900,0.3272641301,0.3067839146
train:5297,0,2.1939065456,2.2087423801,2.1954247355,2.1935687065,2.1730884910
train:5300,0,-0.5818102956,-0.6073482037,-0.6206658483,-0.5132370591,-0.5337172747
train:5302,0,-0.1174133793,-0.1688801348,-0.1821977794,-0.1079456955,-0.1284259111
train:5303,0,-0.1076986268,-0.0981968939,-0.1115145385,-0.0783935636,-0.0988737792
train:5304,0,0.8450018764,0.8364877701,0.8231701255,0.9008719325,0.8803917170
train:5305,0,-1.3375834227,-1.3124206066,-1.3257382512,-1.3544154167,-1.3748956323
train:5307,0,0.7088523507,0.6845021248,0.6711844802,0.7432849407,0.7228047252
train:5308,0,0.2636686862,0.2959930599,0.2826754153,0.3606165648,0.3401363492
train:5311,0,2.1942296028,2.1906008720,2.1772832274,2.2518758774,2.2313956618
train:5312,0,-2.5865573883,-2.6300032139,-2.6433208585,-2.5575194359,-2.5779996514
train:5313,0,2.7299187183,2.7650887966,2.7517711520,2.7530040741,2.7325238585
train:5314,0,-2.4446537495,-2.4057886600,-2.4191063046,-2.4041249752,-2.4246051908
train:5316,0,1.4988762140,1.5004497766,1.4871321321,1.5054502487,1.4849700332
train:5317,0,0.6628684998,0.6409603357,0.6276426911,0.6752254367,0.6547452211
train:5318,0,-1.7471474409,-1.7829179764,-1.7962356210,-1.7657372952,-1.7862175107
train:5319,0,2.1299853325,2.0832705498,2.0699529052,2.1234798431,2.1029996276
train:5320,0,2.1710073948,2.1269013882,2.1135837436,2.2391448021,2.2186645865
train:5321,0,-1.5523514748,-1.5022660494,-1.5155836940,-1.5430607796,-1.5635409951
train:5323,0,-2.4503266811,-2.4378404617,-2.4511581063,-2.4960384369,-2.5165186524
train:5324,0,-2.9632532597,-2.9368751049,-2.9501927495,-2.9387764931,-2.9592567086
train:5325,0,-0.0871884152,-0.0251591206,-0.0384767652,-0.0512079000,-0.0716881156
train:5326,0,-0.5407590866,-0.5264908075,-0.5398084521,-0.5196656585,-0.5401458740
train:5327,0,2.3074510098,2.2771434784,2.2638258338,2.2561833858,2.2357031703
train:5328,-1,-2.5685214996,-2.4311559200,-2.4444735646,-2.5958957672,-2.6163759828
train:5329,0,0.2124984264,0.2432533354,0.2299356908,0.2172976285,0.1968174130
train:5330,0,2.6134796143,2.6564762592,2.6431586146,2.6918249130,2.6713446975
train:5331,0,0.3690174520,0.3757306337,0.3624129891,0.4056813121,0.3852010965
train:5332,0,-0.8062010407,-0.7848035097,-0.7981211543,-0.7782450914,-0.7987253070
train:5333,0,0.1002803892,0.1696879268,0.1563702822,0.1571427584,0.1366625428
train:5334,0,1.5061684847,1.5111914873,1.4978738427,1.5158190727,1.4953388572
train:5335,0,-2.2385637760,-2.3182752132,-2.3315928578,-2.3313016891,-2.3517819047
train:5336,0,-3.6810896397,-3.6546051502,-3.6679227948,-3.6968264580,-3.7173066735
train:5337,0,-0.4591091275,-0.4248494804,-0.4381671250,-0.4506770372,-0.4711572528
train:5340,0,1.3578088284,1.3581027985,1.3447851539,1.3705282211,1.3500480056
train:5343,0,0.8258025646,0.9016352892,0.8883176446,0.8934523463,0.8729721308
train:5344,0,-4.2344365120,-4.1827559471,-4.1960735917,-4.1523814201,-4.1728616357
train:5345,0,1.6464959383,1.6558657885,1.6425481439,1.6555492878,1.6350690722
train:5346,0,0.2181300074,0.2455626428,0.2322449982,0.2800515890,0.2595713735
train:5348,0,2.3644485474,2.3811430931,2.3678254485,2.3349740505,2.3144938350
train:5349,0,0.8229640722,0.8264120817,0.8130944371,0.8978805542,0.8774003386
train:5350,0,-1.7617998123,-1.8260153532,-1.8393329978,-1.7823207378,-1.8028009534
train:5351,0,1.9932332039,2.0973742008,2.0840565562,1.9850866795,1.9646064639
train:5352,0,-2.7278172970,-2.6947939396,-2.7081115842,-2.6108174324,-2.6312976480
train:5353,0,1.0643182993,1.0050530434,0.9917353988,1.0980544090,1.0775741935
train:5354,0,1.2258560658,1.2182158232,1.2048981786,1.2466149330,1.2261347175
train:5355,0,2.3785076141,2.3508708477,2.3375532031,2.3565456867,2.3360654712
train:5356,0,-7.2304086685,-7.1111178398,-7.1244354844,-7.1931624413,-7.2136426568
train:5358,0,1.8199669123,1.7632498741,1.7499322295,1.8712482452,1.8507680297
train:5359,0,0.3358391821,0.3043164909,0.2909988463,0.3346467018,0.3141664863
train:5360,0,-3.0979673862,-2.9943647385,-3.0076823831,-3.0316009521,-3.0520811677
train:5361,0,0.3108538985,0.3776207864,0.3643031418,0.3028721809,0.2823919654
train:5362,0,-1.3818343878,-1.3373292685,-1.3506469131,-1.3055782318,-1.3260584474
train:5363,0,-1.7792418003,-1.9242893457,-1.9376069903,-1.8567807674,-1.8772609830
train:5364,0,-1.4763756990,-1.5167992115,-1.5301168561,-1.4744484425,-1.4949286580
train:5365,0,0.7874007821,0.7245583534,0.7112407088,0.8003543615,0.7798741460
train:5366,0,-2.0972700119,-2.1043920517,-2.1177096963,-2.1310510635,-2.1515312791
train:5367,0,-2.2785999775,-2.2012600899,-2.2145777345,-2.2333128452,-2.2537930608
train:5368,0,-1.5070223808,-1.4344314337,-1.4477490783,-1.4671781063,-1.4876583219
train:5369,0,-0.1676933318,-0.1401876211,-0.1535052657,-0.1025760025,-0.1230562180
train:5370,0,1.2796899080,1.2632153034,1.2498976588,1.2883853912,1.2679051757
train:5371,0,-0.4166776240,-0.4037362635,-0.4170539081,-0.4076179862,-0.4280982018
train:5372,0,2.9181947708,2.9223887920,2.9090711474,2.9378314018,2.9173511863
train:5373,0,0.5655344725,0.5434538126,0.5301361680,0.6046473980,0.5841671824
train:5374,0,-1.1606283188,-1.1373875141,-1.1507051587,-1.0836560726,-1.1041362882
train:5375,0,0.5043957829,0.4779333174,0.4646156728,0.5526507497,0.5321705341
train:5376,0,0.3372150958,0.3680303395,0.3547126949,0.3828557730,0.3623755574
train:5377,0,1.8201529980,1.9244586229,1.9111409783,1.9312822819,1.9108020663
train:5378,0,-1.1581224203,-1.1289191246,-1.1422367692,-1.0739052296,-1.0943854451
train:5379,0,0.2255940288,0.1822890043,0.1689713597,0.2919000983,0.2714198828
train:5381,0,1.5157573223,1.5334112644,1.5200936198,1.5332915783,1.5128113627
train:5383,0,-1.4288775921,-1.4911003113,-1.5044179559,-1.4342589378,-1.4547391534
train:5385,0,0.5396622419,0.5222921371,0.5089744925,0.5058893561,0.4854091406
train:5386,0,0.3160444200,0.3809714615,0.3676538169,0.3216679096,0.3011876941
train:5387,0,-0.1471534371,-0.0848851353,-0.0982027799,-0.1464337409,-0.1669139564
train:5388,0,1.0589591265,1.1508809328,1.1375632882,1.1334910393,1.1130108237
train:5389,0,0.6862459183,0.6657034159,0.6523857713,0.6925615668,0.6720813513
train:5390,0,-0.7428854704,-0.6039127111,-0.6172303557,-0.6637187004,-0.6841989160
train:5391,0,1.6180716753,1.6136322021,1.6003145576,1.5927052498,1.5722250342
train:5392,0,2.3349568844,2.3774912357,2.3641735911,2.2985272408,2.2780470252
train:5393,0,2.5390315056,2.5402400494,2.5269224048,2.5961267948,2.5756465793
train:5394,0,-0.6059357524,-0.4886223376,-0.5019399822,-0.5249558687,-0.5454360843
train:5395,0,1.6311360598,1.6689531803,1.6556355357,1.6851611137,1.6646808982
train:5396,0,0.0492395759,0.1394451112,0.1261274666,0.0930289030,0.0725486875
train:5397,0,-1.0152598619,-0.9250102043,-0.9383278489,-1.0257682800,-1.0462484956
train:5398,0,1.1619080305,1.1069033146,1.0935856700,1.2087404728,1.1882602572
train:5400,0,-2.3002541065,-2.2687776089,-2.2820952535,-2.3881883621,-2.4086685777
train:5401,0,-1.6415194273,-1.6752256155,-1.6885432601,-1.5970025063,-1.6174827218
train:5402,-1,-5.2504153252,-5.2898697853,-5.3031874299,-5.3744249344,-5.3949051499
train:5403,0,0.9576293230,1.0711382627,1.0578206182,1.0757155418,1.0552353263
train:5404,0,-0.7971619964,-0.7512390614,-0.7645567060,-0.7918272614,-0.8123074770
train:5406,0,0.9863021970,0.9499298334,0.9366121888,1.0276317596,1.0071515441
train:5407,0,0.5845823884,0.6150667667,0.6017491221,0.6247687340,0.6042885184
train:5409,0,-0.9080368876,-0.9217467308,-0.9350643754,-0.9560361505,-0.9765163660
train:5411,0,1.6074757576,1.5164651871,1.5031475425,1.6554365158,1.6349563003
train:5412,0,-0.6702697277,-0.6415228844,-0.6548405290,-0.6401515007,-0.6606317163
train:5414,0,0.2583152950,0.2795531750,0.2662355304,0.2917131186,0.2712329030
train:5416,0,-0.4073019922,-0.3892749846,-0.4025926292,-0.3691474199,-0.3896276355
train:5417,0,-0.0091488641,0.0049821585,-0.0083354861,-0.0242450982,-0.0447253138
train:5418,0,1.5535138845,1.5515849590,1.5382673144,1.6014449596,1.5809647441
train:5419,0,0.7570834756,0.8052989244,0.7919812799,0.7656372190,0.7451570034
train:5420,0,0.4150457680,0.4475515485,0.4342339039,0.4839721918,0.4634919763
train:5421,0,0.7717394233,0.7909876108,0.7776699662,0.8492799997,0.8287997842
train:5422,0,1.3506382704,1.3628089428,1.3494912982,1.3545157909,1.3340355754
train:5424,0,0.9162066579,0.9182405472,0.9049229026,0.8973863721,0.8769061565
train:5426,0,2.2454249859,2.2034463882,2.1901287436,2.2466292381,2.2261490226
train:5427,0,1.3335398436,1.3229700327,1.3096523881,1.3584573269,1.3379771113
train:5428,0,-5.2596588135,-5.2366528511,-5.2499704957,-5.2228746414,-5.2433548570
train:5429,0,-0.8549016118,-0.8309763670,-0.8442940116,-0.8174037337,-0.8378839493
train:5431,0,0.0162667986,-0.0135091841,-0.0268268287,0.0164645761,-0.0040156394
train:5432,0,1.9216957092,1.9263209105,1.9130032659,1.9534440041,1.9329637885
train:5433,0,0.2312631458,0.2236583829,0.2103407383,0.2861686647,0.2656884491
train:5434,0,-0.2757461965,-0.2714533806,-0.2847710252,-0.2528981268,-0.2733783424
train:5436,0,2.8965504169,2.8871400356,2.8738223910,2.8708548546,2.8503746390
train:5438,0,-0.3403812945,-0.2685506642,-0.2818683088,-0.2795500457,-0.3000302613
train:5439,0,-2.8987569809,-2.8229761124,-2.8362937570,-2.9146826267,-2.9351628423
train:5441,0,-2.5724821091,-2.5599319935,-2.5732496381,-2.5441303253,-2.5646105409
train:5442,0,1.3885653019,1.3661417961,1.3528241515,1.3986873627,1.3782071471
train:5443,0,0.3344811797,0.2706407905,0.2573231459,0.3528357744,0.3323555589
train:5445,0,1.0451303720,0.9579721689,0.9446545243,1.0372108221,1.0167306066
train:5446,0,2.1906032562,2.2343885899,2.2210709453,2.3244245052,2.3039442897
train:5447,0,1.5957490206,1.6063036919,1.5929860473,1.6236567497,1.6031765342
train:5448,0,0.8613917232,0.8270932436,0.8137755990,0.8365985155,0.8161183000
train:5449,0,2.5346379280,2.4954907894,2.4821731448,2.5128786564,2.4923984408
train:5451,0,0.9099832773,0.8659769297,0.8526592851,0.8882182837,0.8677380681
train:5452,0,2.6156558990,2.5813879967,2.5680703521,2.5969936848,2.5765134692
train:5453,0,-1.7893013954,-1.7635924816,-1.7769101262,-1.7496652603,-1.7701454759
train:5455,0,0.7916370630,0.7538596392,0.7405419946,0.7708596587,0.7503794432
train:5456,0,-0.8463588357,-0.7867962122,-0.8001138568,-0.8811119199,-0.9015921354
train:5457,0,2.8579187393,2.8536093235,2.8402916789,2.8341526985,2.8136724830
train:5459,0,0.9068683982,0.8935087919,0.8801911473,0.9893639684,0.9688837528
train:5460,0,0.2540645301,0.2823219597,0.2690043151,0.3155961335,0.2951159179
train:5461,0,-2.3762347698,-2.3939173222,-2.4072349668,-2.3394808769,-2.3599610925
train:5462,0,1.7368851900,1.7388756275,1.7255579829,1.7748317719,1.7543515563
train:5463,0,0.9665243030,0.9558138847,0.9424962401,0.9954747558,0.9749945402
train:5464,0,1.0893546343,1.1194430590,1.1061254144,1.1823186874,1.1618384719
train:5465,0,2.7437007427,2.7318189144,2.7185012698,2.7601521015,2.7396718860
train:5467,0,1.2684241533,1.2268877029,1.2135700583,1.2630219460,1.2425417304
train:5469,0,-0.8615990877,-1.0716251135,-1.0849427581,-0.8735258579,-0.8940060735
train:5470,0,-0.3008270860,-0.3067485094,-0.3200661540,-0.2346764207,-0.2551566362
train:5471,0,-2.9571394920,-2.8918836117,-2.9052012563,-2.8521966934,-2.8726769090
train:5472,0,1.2473717928,1.3044612408,1.2911435962,1.2569792271,1.2364990115
train:5473,0,1.6542150974,1.6915906668,1.6782730222,1.6343684196,1.6138882041
train:5475,0,-1.6082576513,-1.6571778059,-1.6704954505,-1.7442538738,-1.7647340894
train:5476,0,-1.9952824116,-1.9635939598,-1.9769116044,-1.9663267136,-1.9868069291
train:5477,0,-0.2996942997,-0.2771128416,-0.2904304862,-0.3254953325,-0.3459755480
train:5478,0,1.8540837765,1.8219659328,1.8086482882,1.9198505878,1.8993703723
train:5480,0,0.8598829508,0.8798707724,0.8665531278,0.9076646566,0.8871844411
train:5481,0,2.3375475407,2.3799889088,2.3666712642,2.3727147579,2.3522345424
train:5482,0,0.9827854037,0.9765543938,0.9632367492,0.9957953691,0.9753151536
train:5483,0,-0.6035597920,-0.5649117231,-0.5782293677,-0.5345098376,-0.5549900532
train:5484,0,1.1960041523,1.2999179363,1.2866002917,1.2554564476,1.2349762321
train:5486,0,1.3304373026,1.3748054504,1.3614878058,1.4013905525,1.3809103370
train:5487,0,-1.9910488129,-1.9695334435,-1.9828510880,-1.9799313545,-2.0004115701
train:5489,-1,-4.2565283775,-4.2744002342,-4.2877178788,-4.3200230598,-4.3405032754
train:5491,0,-1.2022128105,-1.2201633453,-1.2334809899,-1.1605048180,-1.1809850335
train:5492,0,1.6515316963,1.7025816441,1.6892639995,1.7055482864,1.6850680709
train:5493,0,-2.4074265957,-2.3974416256,-2.4107592702,-2.3399174213,-2.3603976369
train:5494,0,2.2352983952,2.2445642948,2.2312466502,2.2418713570,2.2213911414
train:5495,0,2.6032702923,2.6009237766,2.5876061320,2.6407232285,2.6202430129
train:5496,0,-1.2111039162,-1.1891705990,-1.2024882436,-1.1332597733,-1.1537399888
train:5497,0,-1.7705368996,-1.7282288074,-1.7415464520,-1.7822756767,-1.8027558923
train:5498,0,-1.1717832088,-1.1318461895,-1.1451638341,-1.0884952545,-1.1089754701
train:5499,0,-0.5960896611,-0.6212662458,-0.6345838904,-0.5805999637,-0.6010801792
train:5500,0,0.0711771101,0.0421602614,0.0288426168,0.0803075507,0.0598273352
train:5501,0,-1.4858713150,-1.4106864929,-1.4240041375,-1.4607176781,-1.4811978936
train:5503,0,0.1685245335,0.1782431602,0.1649255157,0.2245071381,0.2040269226
train:5504,0,0.6679544449,0.6818045378,0.6684868932,0.6982361078,0.6777558923
train:5505,0,-1.3924101591,-1.4069297314,-1.4202473760,-1.4539542198,-1.4744344354
train:5506,0,0.4836191833,0.9177449942,0.9044273496,0.4862099290,0.4657297134
train:5509,0,2.1215248108,2.1015632153,2.0882455707,2.1496849060,2.1292046905
train:5510,0,2.0346941948,2.0269258022,2.0136081576,2.0219173431,2.0014371276
train:5513,0,2.1762328148,2.1619498730,2.1486322284,2.1328310966,2.1123508811
train:5514,0,1.6202865839,1.6206218004,1.6073041558,1.6371917725,1.6167115569
train:5515,0,-1.2772514820,-1.2437309027,-1.2570485473,-1.2655007839,-1.2859809995
train:5516,0,1.8543550968,1.8602617979,1.8469441533,1.9340827465,1.9136025310
train:5517,0,1.5306587219,1.5087389946,1.4954213500,1.5604643822,1.5399841666
train:5518,0,-2.0638294220,-2.0142104626,-2.0275281072,-2.0673837662,-2.0878639817
train:5519,0,-0.8600493073,-0.7873604298,-0.8006780744,-0.8842235208,-0.9047037363
train:5520,0,0.4532985687,0.4944285750,0.4811109304,0.5289880633,0.5085078478
train:5522,0,3.3529422283,3.3314642906,3.3181466460,3.3283557892,3.3078755736
train:5523,0,-1.9765380621,-1.9767990112,-1.9901166558,-1.8917615414,-1.9122417569
train:5524,0,0.6735006571,0.6218446493,0.6085270047,0.6839992404,0.6635190248
train:5525,0,0.2929090559,0.2913425863,0.2780249417,0.3150172830,0.2945370674
train:5526,0,-3.9691135883,-3.9495060444,-3.9628236890,-3.9699406624,-3.9904208779
train:5527,0,1.7141352892,1.6895862818,1.6762686372,1.6969306469,1.6764504313
train:5528,0,1.7123789787,1.6926039457,1.6792863011,1.7130546570,1.6925744414
train:5529,0,-1.0075578690,-0.9697954655,-0.9831131101,-1.0044078827,-1.0248880982
train:5530,0,-0.7756498456,-0.7631386518,-0.7764562964,-0.6947167516,-0.7151969671
train:5531,0,1.4019674063,1.4082168341,1.3948991895,1.4384093285,1.4179291129
train:5532,0,-2.0826432705,-2.0175905228,-2.0309081674,-2.0484523773,-2.0689325929
train:5533,0,-0.2188987434,-0.1954759955,-0.2087936401,-0.1847233474,-0.2052035630
train:5534,0,-1.1239588261,-1.1165308952,-1.1298485398,-1.1476995945,-1.1681798100
train:5535,0,2.4465892315,2.4345839024,2.4212662578,2.4235684872,2.4030882716
train:5536,0,-1.0181617737,-0.9860579967,-0.9993756413,-0.9991123080,-1.0195925236
train:5537,0,2.1499500275,2.0740063190,2.0606886744,2.1501195431,2.1296393275
train:5538,0,-1.6134426594,-1.5726732016,-1.5859908462,-1.6921055317,-1.7125857472
train:5539,0,-2.4403502941,-2.4516122341,-2.4649298787,-2.4479970932,-2.4684773088
train:5540,0,1.7989262342,1.7941093445,1.7807916999,1.8170108795,1.7965306640
train:5542,0,-0.5689191818,-0.5346369743,-0.5479546189,-0.5907630324,-0.6112432480
train:5543,0,-2.4181656837,-2.5421564579,-2.5554741025,-2.5023703575,-2.5228505731
train:5544,0,1.3087570667,1.3835145235,1.3701968789,1.3197658062,1.2992855906
train:5545,0,2.2712187767,2.2503879070,2.2370702624,2.2930521965,2.2725719810
train:5546,0,-2.2650144100,-2.2014725208,-2.2147901654,-2.2291133404,-2.2495935559
train:5547,0,1.1774063110,1.1613118649,1.1479942203,1.2059581280,1.1854779124
train:5548,0,2.4523289204,2.3534593582,2.3401417136,2.4658696651,2.4453894496
train:5549,0,1.1857157946,1.1868191957,1.1735015512,1.2002675533,1.1797873378
train:5554,-1,-0.9269520640,-1.0927410126,-1.1060586572,-0.9565107226,-0.9769909382
train:5555,0,0.0339682400,0.0686041191,0.0552864745,0.1061119437,0.0856317282
train:5556,-1,-5.0179991722,-5.0157055855,-5.0290232301,-5.0335330963,-5.0540133119
train:5557,0,2.3539741039,2.3622469902,2.3489293456,2.3456044197,2.3251242042
train:5558,0,1.3809634447,1.3789625168,1.3656448722,1.4209387302,1.4004585147
train:5559,0,1.5181164742,1.5173395872,1.5040219426,1.5550773144,1.5345970988
train:5560,0,1.5263371468,1.4974619150,1.4841442704,1.5217988491,1.5013186336
train:5563,0,0.7855032086,0.7934862375,0.7801685929,0.8643563390,0.8438761234
train:5564,0,1.5811262131,1.5992130041,1.5858953595,1.5946989059,1.5742186904
train:5565,0,1.6885206699,1.7025463581,1.6892287135,1.7520401478,1.7315599322
train:5566,0,-3.4687433243,-3.4389991760,-3.4523168206,-3.4803709984,-3.5008512139
train:5567,0,-0.8845242262,-0.9008436203,-0.9141612649,-0.8700689673,-0.8905491829
train:5568,0,-1.2866513729,-1.2733362913,-1.2866539359,-1.3082225323,-1.3287027478
train:5569,0,0.8367149830,0.8398907185,0.8265730739,0.8411518931,0.8206716776
train:5570,0,-1.5122616291,-1.5465061665,-1.5598238111,-1.4860975742,-1.5065777898
train:5571,0,-1.0239371061,-1.0553500652,-1.0686677098,-0.9374374747,-0.9579176903
train:5572,0,1.8076103926,1.8162876368,1.8029699922,1.8349697590,1.8144895434
train:5576,0,-0.4287540019,-0.4021067321,-0.4154243767,-0.4249243736,-0.4454045892
train:5578,0,2.1779568195,2.1683213711,2.1550037265,2.1448290348,2.1243488193
train:5579,0,3.1816124916,3.1583971977,3.1450795531,3.1956725121,3.1751922965
train:5580,0,-1.3550796509,-1.3589422703,-1.3722599149,-1.3466198444,-1.3671000600
train:5581,0,-0.1436823457,-0.1380847394,-0.1514023840,-0.1893548667,-0.2098350823
train:5582,0,0.9796224833,0.9763737917,0.9630561471,0.9542837143,0.9338034987
train:5583,0,-0.1588172317,-0.1862559021,-0.1995735466,-0.0606729835,-0.0811531991
train:5584,0,1.3735493422,1.4173643589,1.4040467143,1.4404776096,1.4199973941
train:5585,-1,-6.2464618683,-6.1163382530,-6.1296558976,-6.1896915436,-6.2101717591
train:5586,0,0.4612757564,0.5091078281,0.4957901835,0.4794070125,0.4589267969
train:5589,0,2.4452633858,2.4829494953,2.4696318507,2.4860792160,2.4655990005
train:5591,0,0.4861841798,0.4822914004,0.4689737558,0.4530419707,0.4325617552
train:5593,0,-2.6260602474,-2.6758050919,-2.6891227365,-2.6222128868,-2.6426931024
train:5594,0,-1.5137342215,-1.4654598236,-1.4787774682,-1.5176701546,-1.5381503701
train:5595,0,1.9835383892,1.9357366562,1.9224190116,1.9725136757,1.9520334601
train:5596,0,0.9375702143,0.9391963482,0.9258787036,0.9586611986,0.9381809831
train:5597,-1,-5.3422508240,-5.2229924202,-5.2363100648,-5.3282299042,-5.3487101197
train:5598,0,-0.8709194064,-0.8914655447,-0.9047831893,-0.8311670423,-0.8516472578
train:5600,0,1.4286659956,1.4292526245,1.4159349799,1.4057159424,1.3852357268
train:5601,0,-2.8941791058,-2.7790791988,-2.7923968434,-2.9740691185,-2.9945493340
train:5602,0,-1.0960639715,-1.0990047455,-1.1123223901,-1.0174152851,-1.0378955007
train:5603,0,-1.2510784864,-1.2156792879,-1.2289969325,-1.2487916946,-1.2692719102
train:5604,0,-1.6952079535,-1.6078689098,-1.6211865544,-1.7059535980,-1.7264338136
train:5606,0,-4.7469825745,-4.7701344490,-4.7834520936,-4.6308469772,-4.6513271928
train:5607,0,1.4031511545,1.3848911524,1.3715735078,1.3894646168,1.3689844012
train:5608,0,0.7538169622,0.7549703121,0.7416526675,0.7598266006,0.7393463850
train:5609,0,-2.1305510998,-2.1280276775,-2.1413453221,-2.1048939228,-2.1253741384
train:5611,-1,-4.5636100769,-4.5840277672,-4.5973454118,-4.6151914597,-4.6356716752
train:5612,0,-4.3172154427,-4.2828435898,-4.2961612344,-4.2157478333,-4.2362280488
train:5613,0,-2.1376852989,-2.0902552605,-2.1035729051,-2.0975856781,-2.1180658937
train:5615,0,2.7035551071,2.6676898003,2.6543721557,2.7080225945,2.6875423789
train:5616,0,-2.6677026749,-2.6774549484,-2.6907725930,-2.6861429214,-2.7066231370
train:5617,0,0.9815552831,0.9718456268,0.9585279822,1.0023870468,0.9819068313
train:5619,0,1.5481648445,1.5210978985,1.5077802539,1.6165704727,1.5960902572
train:5620,0,0.3024995625,0.3195043504,0.3061867058,0.3145322800,0.2940520644
train:5621,0,1.3287465572,1.3689557314,1.3556380868,1.2765810490,1.2561008334
train:5622,0,-4.9126710892,-4.8508648872,-4.8641825318,-4.9427375793,-4.9632177949
train:5625,0,1.4993911982,1.5424357653,1.5291181207,1.6129410267,1.5924608111
train:5627,0,0.9704049230,0.9306466579,0.9173290133,0.9768400788,0.9563598633
train:5628,0,2.2206697464,2.2454893589,2.2321717143,2.2855439186,2.2650637031
train:5629,0,0.1678387821,0.2597350478,0.2464174032,0.1011452973,0.0806650817
train:5630,0,-3.0110142231,-3.0313365459,-3.0446541905,-3.0369911194,-3.0574713349
train:5632,0,-3.0876791477,-3.0270226002,-3.0403402448,-3.0551609993,-3.0756412148
train:5633,0,-0.2715767622,-0.2539159060,-0.2672335505,-0.2582636178,-0.2787438333
train:5634,0,1.6877590418,1.6871020794,1.6737844348,1.6740574837,1.6535772681
train:5635,-1,-0.7679855824,-0.8719415665,-0.8852592111,-0.7025524974,-0.7230327129
train:5636,0,1.5952506065,1.6304016113,1.6170839667,1.6234526634,1.6029724479
train:5637,0,0.5595614314,0.6069897413,0.5936720967,0.5777863860,0.5573061705
train:5638,0,-1.3695420027,-1.3585959673,-1.3719136119,-1.3403947353,-1.3608749509
train:5639,0,0.7417868972,0.7570477724,0.7437301278,0.8213448524,0.8008646369
train:5640,0,1.9943038225,2.0387845039,2.0254668593,2.0037438869,1.9832636714
train:5641,0,1.5258754492,1.4963593483,1.4830417037,1.5730061531,1.5525259376
train:5642,0,-1.9572211504,-1.9511983395,-1.9645159841,-1.9759707451,-1.9964509606
train:5643,0,0.1174381301,0.1047992557,0.0914816111,0.1573165655,0.1368363500
train:5644,0,0.8995105028,0.9326710701,0.9193534255,0.9405578375,0.9200776219
train:5645,0,1.5918407440,1.5928555727,1.5795379281,1.6570558548,1.6365756392
train:5647,0,2.5186538696,2.5883338451,2.5750162005,2.5382556915,2.5177754760
train:5648,0,-0.7489723563,-0.7160687447,-0.7293863893,-0.6892151237,-0.7096953392
train:5649,0,1.4453158379,1.4033598900,1.3900422454,1.4182567596,1.3977765441
train:5650,0,-0.1636786312,-0.2118699253,-0.2251875699,-0.1410525143,-0.1615327299
train:5651,0,0.5780516267,0.5110744238,0.4977567792,0.5973874927,0.5769072771
train:5652,0,1.5581160784,1.5787372589,1.5654196143,1.5973525047,1.5768722892
train:5653,0,-2.8153309822,-2.7903337479,-2.8036513925,-2.8697199821,-2.8902001977
train:5654,0,0.0086570336,0.0217932612,0.0084756166,0.0355608910,0.0150806755
train:5655,0,1.4403786659,1.4447710514,1.4314534068,1.4499106407,1.4294304252
train:5656,0,0.7854992747,0.7934015989,0.7800839543,0.8196840286,0.7992038131
train:5657,0,-0.7550808787,-0.7107106447,-0.7240282893,-0.7592268586,-0.7797070742
train:5658,0,1.3880964518,1.3754663467,1.3621487021,1.3306415081,1.3101612926
train:5659,0,2.2508711815,2.2492797375,2.2359620929,2.2468218803,2.2263416648
train:5661,0,0.2207575887,0.2558229864,0.2425053418,0.2438500226,0.2233698070
train:5662,0,1.4261559248,1.4346876144,1.4213699698,1.4551670551,1.4346868396
train:5664,0,2.4379286766,2.2801153660,2.2667977214,2.3817710876,2.3612908721
train:5665,0,1.1879854202,1.2455685139,1.2322508693,1.2215399742,1.2010597587
train:5666,0,1.2012832165,1.2400667667,1.2267491221,1.2211921215,1.2007119060
train:5669,0,-0.0671371222,-0.1456950605,-0.1590127051,-0.0165130422,-0.0369932577
train:5670,-1,-4.5926790237,-4.5108551979,-4.5241728425,-4.5908904076,-4.6113706231
train:5671,0,2.1568417549,2.1253349781,2.1120173335,2.1599187851,2.1394385695
train:5672,0,2.6210865974,2.6134836674,2.6001660228,2.5936956406,2.5732154250
train:5673,0,2.8253257275,2.7795488834,2.7662312388,2.8521709442,2.8316907287
train:5674,0,-2.0042111874,-1.9656360149,-1.9789536595,-2.0281941891,-2.0486744046
train:5675,0,1.7770286798,1.7886412144,1.7753235698,1.8001880646,1.7797078490
train:5676,0,1.9157067537,1.8495866060,1.8362689614,1.9956340790,1.9751538634
train:5677,0,2.5221786499,2.5042088032,2.4908911586,2.4906268120,2.4701465964
train:5678,0,0.4345584810,0.4713586271,0.4580409825,0.4212275147,0.4007472992
train:5679,0,1.3488351107,1.4124914408,1.3991737962,1.4115495682,1.3910693526
train:5680,0,2.3149039745,2.2714860439,2.2581683993,2.2210702896,2.2005900741
train:5681,0,-0.0345222838,0.0229686983,0.0096510537,-0.0342045128,-0.0546847284
train:5682,0,-2.7756907940,-2.7778809071,-2.7911985517,-2.7697286606,-2.7902088761
train:5683,0,-1.1388659477,-1.0821630955,-1.0954807401,-1.1440422535,-1.1645224690
train:5684,0,-1.2843520641,-1.3049082756,-1.3182259202,-1.2482419014,-1.2687221169
train:5685,0,-1.5946581364,-1.5619572401,-1.5752748847,-1.5820181370,-1.6024983525
train:5686,0,-1.6478559971,-1.5758197308,-1.5891373754,-1.6279332638,-1.6484134793
train:5687,0,0.8045061827,0.9080047607,0.8946871161,0.9954041839,0.9749239683
train:5688,0,-2.4184119701,-2.3492329121,-2.3625505567,-2.3431539536,-2.3636341691
train:5691,0,1.9150314331,1.9389718771,1.9256542325,1.9097642899,1.8892840743
train:5692,0,1.2586287260,1.2163438797,1.2030262351,1.2417280674,1.2212478518
train:5693,0,0.4122362733,0.3990382254,0.3857205808,0.4381279647,0.4176477492
train:5694,0,0.6202762723,0.6614328623,0.6481152177,0.6421267390,0.6216465235
train:5696,0,-0.6655635834,-0.6460191011,-0.6593367457,-0.6607193351,-0.6811995506
train:5697,0,1.8508094549,1.8085248470,1.7952072024,1.8604094982,1.8399292827
train:5698,0,2.2869911194,2.3447442055,2.3314265609,2.2885773182,2.2680971026
train:5699,0,-0.8781115413,-0.8654534817,-0.8787711263,-0.7844297290,-0.8049099445
train:5700,0,-0.4377272725,-0.3891715705,-0.4024892151,-0.3792473078,-0.3997275233
train:5702,0,0.4287982285,0.4810661376,0.4677484930,0.5655781627,0.5450979471
train:5703,0,1.4035272598,1.3913573027,1.3780396581,1.3939733505,1.3734931350
train:5704,0,0.3817882538,0.3783230186,0.3650053740,0.3841733932,0.3636931777
train:5705,0,0.4720374048,0.4479496181,0.4346319735,0.4463127255,0.4258325100
train:5706,0,0.2394376099,0.1658231169,0.1525054723,0.2402454019,0.2197651863
train:5707,0,-0.4040616155,-0.4025121331,-0.4158297777,-0.3318249285,-0.3523051441
train:5708,0,-2.3612756729,-2.2528793812,-2.2661970258,-2.3238468170,-2.3443270326
train:5709,0,2.4590871334,2.3864750862,2.3731574416,2.4659171104,2.4454368949
train:5710,0,0.5513101816,0.5711947680,0.5578771234,0.5542273521,0.5337471366
train:5711,0,-1.3453860283,-1.3391931057,-1.3525107503,-1.4035763741,-1.4240565896
train:5712,0,-0.1445699781,0.1743375957,0.1610199511,-0.1287578791,-0.1492380947
train:5713,0,0.0449155420,0.1023171097,0.0889994651,0.0859076530,0.0654274374
train:5714,0,-2.2874412537,-2.3098065853,-2.3231242299,-2.2666440010,-2.2871242166
train:5715,0,-1.1448525190,-1.1474964619,-1.1608141065,-1.1036894321,-1.1241696477
train:5716,0,0.9261880517,0.9553083181,0.9419906735,0.9934365749,0.9729563594
train:5717,0,-2.0515122414,-1.9888660908,-2.0021837354,-1.9962170124,-2.0166972280
train:5720,0,1.8214631081,1.8459563255,1.8326386809,1.8336420059,1.8131617904
train:5721,0,1.1978762150,1.1853364706,1.1720188260,1.1909749508,1.1704947352
train:5726,0,0.3283141255,0.3773429096,0.3640252650,0.3606697023,0.3401894867
train:5727,0,-1.1856718063,-1.2637631893,-1.2770808339,-1.1934711933,-1.2139514089
train:5728,0,1.4048686028,1.6199935675,1.6066759229,1.4222090244,1.4017288089
train:5732,0,-3.5957434177,-3.5443794727,-3.5576971173,-3.5928485394,-3.6133287549
train:5733,0,-3.1676747799,-3.1831567287,-3.1964743733,-3.0749568939,-3.0954371095
train:5734,0,-3.3708837032,-3.3267533779,-3.3400710225,-3.3488574028,-3.3693376184
train:5735,0,0.3926318884,0.3838734925,0.3705558479,0.3786677718,0.3581875563
train:5736,0,1.3519235849,1.4071704149,1.3938527703,1.4407722950,1.4202920794
train:5739,0,0.8641562462,0.8253637552,0.8120461106,0.9075754881,0.8870952725
train:5740,0,0.2126411349,0.2937327027,0.2804150581,0.1717206836,0.1512404680
train:5741,0,-3.4058222771,-3.3706095219,-3.3839271665,-3.3781707287,-3.3986509442
train:5742,0,2.1568970680,2.1071426868,2.0938250422,2.2486786842,2.2281984687
train:5743,0,1.7470546961,1.7312885523,1.7179709077,1.7627904415,1.7423102260
train:5744,0,1.6564122438,1.6185791492,1.6052615047,1.6650562286,1.6445760131
train:5745,0,0.2074307948,0.1960469186,0.1827292740,0.2287346274,0.2082544118
train:5747,0,0.6754223704,0.6974958181,0.6841781735,0.7427597642,0.7222795486
train:5748,0,0.8143107891,0.8135491610,0.8002315164,0.8775909543,0.8571107388
train:5749,0,0.8029776216,0.8419884443,0.8286707997,0.8361359239,0.8156557083
train:5750,0,0.6657200456,0.6584541798,0.6451365352,0.6856135726,0.6651333570
train:5751,0,0.2173122615,0.1904798448,0.1771622002,0.2079097778,0.1874295622
train:5752,0,-0.7526069880,-0.6922011375,-0.7055187821,-0.6944944859,-0.7149747014
train:5753,0,0.9499150515,1.0622197390,1.0489020944,1.0620801449,1.0415999293
train:5755,0,-3.1552631855,-3.1271839142,-3.1405015588,-3.2421767712,-3.2626569867
train:5756,0,0.7758319378,0.7280877829,0.7147701383,0.8458477855,0.8253675699
train:5757,0,1.7561602592,1.7812514305,1.7679337859,1.7469778061,1.7264975905
train:5758,0,-0.4661188126,-0.4605545700,-0.4738722146,-0.4010571837,-0.4215373993
train:5759,0,1.3946917057,1.4029847383,1.3896670938,1.4467790127,1.4262987971
train:5760,0,-2.6424229145,-2.5808806419,-2.5941982865,-2.6014494896,-2.6219297051
train:5761,0,-0.0351052061,0.0025625303,-0.0107551143,0.0196182728,-0.0008619428
train:5762,0,-0.0014215021,0.0432607569,0.0299431123,-0.0112965554,-0.0317767709
train:5765,0,0.9004822969,1.0028445721,0.9895269275,0.9271950126,0.9067147970
train:5766,0,-1.2537388802,-1.2458133698,-1.2591310143,-1.2716953754,-1.2921755910
train:5767,0,1.7111321688,1.6892855167,1.6759678721,1.6235945225,1.6031143069
train:5768,0,1.6049511433,1.6246557236,1.6113380790,1.6456656456,1.6251854300
train:5769,0,2.0841195583,2.0878088474,2.0744912028,2.0941374302,2.0736572146
train:5770,0,1.3847007751,1.3969550133,1.3836373687,1.4235794544,1.4030992389
train:5771,0,-4.7494020462,-4.7702651024,-4.7835827470,-4.4619879723,-4.4824681878
train:5772,0,-0.9302474260,-0.9723858833,-0.9857035279,-0.8767984509,-0.8972786665
train:5773,0,-0.8677624464,-0.9093208313,-0.9226384759,-0.8680048585,-0.8884850740
train:5774,0,1.1456955671,1.1393833160,1.1260656714,1.1638548374,1.1433746219
train:5775,0,-0.5059711933,-0.5458127260,-0.5591303706,-0.4879032969,-0.5083835125
train:5776,0,0.6439242959,0.6543962955,0.6410786510,0.6288879514,0.6084077358
train:5777,0,-0.1122521237,-0.0815128684,-0.0948305130,-0.0325955451,-0.0530757606
train:5778,0,1.8642218113,1.8421571255,1.8288394809,1.8674025536,1.8469223380
train:5779,0,2.2815186977,2.3161823750,2.3028647304,2.3219132423,2.3014330268
train:5780,0,-1.0491254330,-1.0338156223,-1.0471332669,-0.9763254523,-0.9968056679
train:5782,0,2.4026730061,2.4166414738,2.4033238292,2.3764352798,2.3559550643
train:5784,0,-2.5791041851,-2.5525555611,-2.5658732057,-2.5548632145,-2.5753434300
train:5786,0,0.4687944949,0.5126023293,0.4992846847,0.4139696956,0.3934894800
train:5787,0,-2.6059293747,-2.5713493824,-2.5846670270,-2.5627605915,-2.5832408071
train:5788,0,0.8201693892,0.8756746054,0.8623569608,0.8643928766,0.8439126611
train:5789,0,1.8695836067,1.8364993334,1.8231816888,1.9086930752,1.8882128596
train:5790,0,-1.4278994799,-1.3868455887,-1.4001632333,-1.3748731613,-1.3953533769
train:5791,0,-0.1508096457,0.0441307649,0.0308131203,-0.0872249007,-0.1077051163
train:5793,0,-1.2812594175,-1.3194031715,-1.3327208161,-1.3232452869,-1.3437255025
train:5794,0,1.1767038107,1.2124996185,1.1991819739,1.1807982922,1.1603180766
train:5795,0,0.9616307020,0.9777765274,0.9644588828,0.9511829019,0.9307026863
train:5796,0,1.5762023926,1.6253516674,1.6120340228,1.5331671238,1.5126869082
train:5797,0,-3.8217003345,-3.7316994667,-3.7450171113,-3.7980840206,-3.8185642362
train:5798,0,1.0040669441,0.9429363012,0.9296186566,0.9959326386,0.9754524231
train:5800,0,0.8495228291,0.8308651447,0.8175475001,0.8735990524,0.8531188369
train:5802,0,2.3882355690,2.3758943081,2.3625766635,2.3799276352,2.3594474196
train:5803,0,2.8936898708,2.8799355030,2.8666178584,2.8875968456,2.8671166301
train:5804,0,0.6900327206,0.7093164921,0.6959988475,0.7144478559,0.6939676404
train:5805,0,1.7593300343,1.7817813158,1.7684636712,1.7582125664,1.7377323508
train:5806,0,-1.4041166306,-1.4120116234,-1.4253292680,-1.4200282097,-1.4405084252
train:5807,0,1.0322586298,1.0706670284,1.0573493838,1.0483212471,1.0278410316
train:5808,0,1.5144741535,1.5816677809,1.5683501363,1.5276918411,1.5072116256
train:5810,0,-0.9228492975,-0.8675124645,-0.8808301091,-0.9509965777,-0.9714767933
train:5811,0,-2.6816182137,-2.7098350525,-2.7231526971,-2.7559056282,-2.7763858438
train:5812,0,1.8128448725,1.7831203938,1.7698027492,1.8541505337,1.8336703181
train:5813,0,-1.6394032240,-1.5524873734,-1.5658050179,-1.7042849064,-1.7247651219
train:5814,0,1.8106306791,1.8729283810,1.8596107364,1.8057782650,1.7852980494
train:5815,0,-1.4784258604,-1.4341340065,-1.4474516511,-1.4225509167,-1.4430311322
train:5817,0,2.1190500259,2.1186139584,2.1052963138,2.1644840240,2.1440038085
train:5819,0,0.4466455281,0.4285644591,0.4152468145,0.4572199881,0.4367397726
train:5820,0,-4.2238368988,-4.1724958420,-4.1858134866,-4.2066373825,-4.2271175981
train:5821,0,-0.8060646653,-0.7566977739,-0.7700154185,-0.7605441213,-0.7810243368
train:5822,0,-2.7882564068,-2.7119626999,-2.7252803445,-2.8280169964,-2.8484972119
train:5823,0,-3.5028727055,-3.4925920963,-3.5059097409,-3.4451231956,-3.4656034112
train:5824,0,2.2119603157,2.2165222168,2.2032045722,2.2394425869,2.2189623713
train:5825,0,-0.7837820053,-0.7392865419,-0.7526041865,-0.7329084873,-0.7533887029
train:5826,0,-0.7504413724,-0.7315477133,-0.7448653579,-0.7265875936,-0.7470678091
train:5827,0,0.1257512569,0.1327612400,0.1194435954,0.1409237087,0.1204434931
train:5828,0,2.2954592705,2.2529976368,2.2396799922,2.2659635544,2.2454833388
train:5829,-1,-2.8463497162,-2.8102653027,-2.8235829473,-2.8871068954,-2.9075871110
train:5831,0,-4.7744827271,-4.6867856979,-4.7001033425,-4.8183660507,-4.8388462663
train:5832,0,1.5632747412,1.5389254093,1.5256077647,1.5862128735,1.5657326579
train:5833,0,-0.9638910890,-0.9499230385,-0.9632406831,-0.9525094628,-0.9729896784
train:5834,-1,-1.1368021965,-1.1598529816,-1.1731706262,-1.2038295269,-1.2243097425
train:5835,0,2.1772589684,2.1578106880,2.1444930434,2.2252635956,2.2047833800
train:5838,0,1.0331376791,1.0754177570,1.0621001124,1.0710797310,1.0505995154
train:5839,0,2.0951621532,2.1339800358,2.1206623912,2.1468119621,2.1263317466
train:5840,0,-1.1714231968,-1.2251052856,-1.2384229302,-1.2142045498,-1.2346847653
train:5841,0,-2.8608512878,-2.8912937641,-2.9046114087,-2.8505587578,-2.8710389733
train:5842,0,1.6794308424,1.6883828640,1.6750652194,1.6700851917,1.6496049762
train:5843,0,1.2859237194,1.3321332932,1.3188156486,1.3188471794,1.2983669639
train:5844,-1,-1.8503955603,-1.9022517204,-1.9155693650,-1.9157066345,-1.9361868501
train:5845,0,-1.8337035179,-1.7572907209,-1.7706083655,-1.8045134544,-1.8249936700
train:5846,0,0.2251428813,0.2110923082,0.1977746636,0.2298762053,0.2093959898
train:5848,0,2.5466601849,2.5288045406,2.5154868960,2.5766339302,2.5561537147
train:5849,0,-3.2052462101,-3.1790261269,-3.1923437715,-3.2256593704,-3.2461395860
train:5851,0,2.3026008606,2.3566865921,2.3433689475,2.3343405724,2.3138603568
train:5852,0,2.2715024948,2.2479813099,2.2346636653,2.2911667824,2.2706865668
train:5853,0,-0.7034827471,-0.8360186815,-0.8493363261,-0.7519987226,-0.7724789381
train:5854,0,0.9752143025,0.9885191917,0.9752015471,0.9947387576,0.9742585421
train:5857,0,1.7429486513,1.7107257843,1.6974081397,1.7739043236,1.7534241080
train:5858,0,-0.1768040955,-0.1604197919,-0.1737374365,-0.1545777321,-0.1750579476
train:5859,0,-1.0963160992,-1.0112860203,-1.0246036649,-1.0840747356,-1.1045549512
train:5860,0,-0.0158408079,0.0427563637,0.0294387192,0.0636736155,0.0431933999
train:5861,0,2.2669415474,2.2627000809,2.2493824363,2.2438182831,2.2233380675
train:5862,0,0.1935557574,0.2532790899,0.2399614453,0.2637568712,0.2432766557
train:5863,0,1.1186038256,1.1926786900,1.1793610454,1.1888089180,1.1683287024
train:5864,0,0.2456193715,0.2503363788,0.2370187342,0.2647881210,0.2443079054
train:5866,0,-1.3320423365,-1.4095553160,-1.4228729606,-1.3481955528,-1.3686757684
train:5867,0,-1.9341659546,-1.9493129253,-1.9626305699,-1.8983974457,-1.9188776612
train:5868,0,1.6723150015,1.6968758106,1.6835581660,1.7028203011,1.6823400855
train:5869,0,0.7546939254,0.7719024420,0.7585847974,0.7792180181,0.7587378025
train:5870,0,1.4647067785,1.5320689678,1.5187513232,1.4781143665,1.4576341510
train:5873,0,-0.2647330463,-0.2734751701,-0.2867928147,-0.2452901006,-0.2657703161
train:5874,0,-1.2582072020,-1.2550084591,-1.2683261037,-1.2256975174,-1.2461777329
train:5877,0,0.2445727289,0.2631158531,0.2497982085,0.3223088980,0.3018286824
train:5878,0,0.2082937956,0.2475751936,0.2342575490,0.2298496068,0.2093693912
train:5881,0,0.9930014610,1.0029373169,0.9896196723,1.0815322399,1.0610520244
train:5883,0,0.6170963049,0.6552829742,0.6419653296,0.6947389245,0.6742587090
train:5885,0,-1.4107834101,-1.3111658096,-1.3244834542,-1.3856339455,-1.4061141610
train:5886,0,-0.4652185142,-0.4400628507,-0.4533804953,-0.4246066809,-0.4450868964
train:5887,0,-4.7985610962,-4.7528095245,-4.7661271691,-4.7985324860,-4.8190127015
train:5888,0,3.0218274593,3.0800235271,3.0667058825,3.0734205246,3.0529403090
train:5889,0,0.5717703104,0.5837532282,0.5704355836,0.5943080187,0.5738278031
train:5890,0,2.4101779461,2.4843790531,2.4710614085,2.4307587147,2.4102784991
train:5893,0,1.2043638229,1.2492302656,1.2359126210,1.2512536049,1.2307733893
train:5898,0,0.0076367166,0.0379235744,0.0246059299,0.0784780085,0.0579977930
train:5899,0,-0.3635589778,-0.3213475645,-0.3346652091,-0.3208738565,-0.3413540721
train:5900,0,1.1119525433,1.0845959187,1.0712782741,1.1334564686,1.1129762530
train:5901,0,1.3746949434,1.3129992485,1.2996816039,1.3524098396,1.3319296241
train:5902,0,1.0815727711,1.1729902029,1.1596725583,1.1292016506,1.1087214351
train:5903,0,-0.0118099879,-0.0553681850,-0.0686858296,0.0044919848,-0.0159882307
train:5904,0,2.8445110321,2.8411612511,2.8278436065,2.8231482506,2.8026680350
train:5906,0,0.0765433386,0.1000629663,0.0867453218,0.0919533074,0.0714730918
train:5908,0,-0.7944185138,-0.7978063822,-0.8111240268,-0.7911229730,-0.8116031885
train:5909,0,0.0265862625,0.0371949226,0.0238772780,0.0420445502,0.0215643346
train:5910,0,-0.2786664069,-0.2649523616,-0.2782700062,-0.2951620221,-0.3156422377
train:5911,0,1.7408280373,1.7495880127,1.7362703681,1.7830996513,1.7626194358
train:5912,0,-0.0184441153,0.0254397728,0.0121221282,0.0367963463,0.0163161308
train:5913,0,1.3690445423,1.4623584747,1.4490408301,1.4281697273,1.4076895118
train:5914,0,-1.6926126480,-1.6794471741,-1.6927648187,-1.6390020847,-1.6594823003
train:5915,0,2.4018175602,2.3740079403,2.3606902957,2.3502714634,2.3297912478
train:5916,0,-2.4153428078,-2.4148027897,-2.4281204343,-2.4915771484,-2.5120573640
train:5917,0,1.8268424273,1.7758393288,1.7625216842,1.7813549042,1.7608746886
train:5918,0,0.5487028360,0.5598472357,0.5465295911,0.6282420754,0.6077618599
train:5919,0,-0.0158699192,0.0689270794,0.0556094348,0.0710455626,0.0505653471
train:5921,0,1.5822840929,1.6108391285,1.5975214839,1.6082322598,1.5877520442
train:5922,0,0.8359661698,0.8715240955,0.8582064509,0.8810973763,0.8606171608
train:5923,0,-2.6288256645,-2.5624368191,-2.5757544637,-2.6167755127,-2.6372557282
train:5924,0,-0.0406073146,-0.0094765052,-0.0227941498,0.0389158875,0.0184356719
train:5925,0,0.7607578039,0.8012274504,0.7879098058,0.7868179679,0.7663377523
train:5926,0,-0.2512630224,-0.2506328523,-0.2639504969,-0.2149232030,-0.2354034185
train:5929,-1,-5.1199727058,-5.1299586296,-5.1432762742,-5.1502847672,-5.1707649827
train:5930,0,1.0980188847,1.1792376041,1.1659199595,1.1315305233,1.1110503078
train:5931,0,0.7816444635,0.7414666414,0.7281489968,0.8208225369,0.8003423214
train:5932,0,2.0596675873,2.0453357697,2.0320181251,2.0075469017,1.9870666862
train:5933,0,-0.1239041239,0.0006293952,-0.0126882493,-0.0063906610,-0.0268708766
train:5934,0,-1.3611758947,-1.3645467758,-1.3778644204,-1.2932295799,-1.3137097955
train:5937,0,2.2460546494,2.2589628696,2.2456452250,2.2346913815,2.2142111659
train:5938,0,3.0090634823,3.0230550766,3.0097374320,2.9859244823,2.9654442668
train:5939,0,2.8339848518,2.8442568779,2.8309392333,2.8776917458,2.8572115302
train:5940,0,0.5198361278,0.4747873247,0.4614696801,0.5082087517,0.4877285361
train:5941,0,2.5058999062,2.5136110783,2.5002934337,2.5049583912,2.4844781756
train:5943,0,-0.2099784017,-0.2542133033,-0.2675309479,-0.2593840957,-0.2798643112
train:5944,0,-0.1787016839,-0.1875165999,-0.2008342445,-0.0927520543,-0.1132322699
train:5945,0,-0.5456119776,-0.5435942411,-0.5569118857,-0.5249387026,-0.5454189181
train:5946,0,-1.3358018398,-1.3064033985,-1.3197210431,-1.3220887184,-1.3425689340
train:5948,0,0.5918563604,0.6175487041,0.6042310596,0.6464282870,0.6259480715
train:5949,0,1.7206324339,1.7814817429,1.7681640983,1.7390127182,1.7185325027
train:5950,0,-0.8175112605,-0.7901757956,-0.8034934402,-0.8041712642,-0.8246514797
train:5951,0,3.1954407692,3.1687061787,3.1553885341,3.1821041107,3.1616238952
train:5952,-1,-2.0407037735,-2.0679874420,-2.0813050866,-2.0995497704,-2.1200299859
train:5953,0,1.2641812563,1.2084381580,1.1951205134,1.2415361404,1.2210559249
train:5954,0,1.8432060480,1.8873169422,1.8739992976,1.8896052837,1.8691250682
train:5955,0,0.6876165271,0.7751947641,0.7618771195,0.7040165663,0.6835363507
train:5956,0,3.1378543377,3.1544902325,3.1411725879,3.1443028450,3.1238226295
train:5957,0,-2.1834769249,-2.1558656693,-2.1691833138,-2.1294894218,-2.1499696374
train:5960,0,-1.9594579935,-1.8368947506,-1.8502123952,-1.9782161713,-1.9986963868
train:5963,0,-2.1512150764,-2.1239607334,-2.1372783780,-2.1384859085,-2.1589661241
train:5964,0,1.2629305124,1.2478671074,1.2345494628,1.2900264263,1.2695462108
train:5965,0,1.7366695404,1.7714329958,1.7581153512,1.7677543163,1.7472741008
train:5966,0,2.1455585957,2.1852211952,2.1719035506,2.1682176590,2.1477374434
train:5967,0,0.9941620827,0.9873590469,0.9740414023,1.0178315639,0.9973513484
train:5968,0,0.6582511663,0.6559810638,0.6426634192,0.7241587639,0.7036785483
train:5969,0,0.3512384892,0.3586467206,0.3453290761,0.3671655655,0.3466853499
train:5971,0,1.6886492968,1.7200543880,1.7067367435,1.6940093040,1.6735290885
train:5972,0,-1.1544902325,-1.1123968363,-1.1257144809,-1.1722631454,-1.1927433610
train:5974,0,0.6962226033,0.6469415426,0.6336238980,0.7057287693,0.6852485538
train:5976,0,1.7039682865,1.7264446020,1.7131269574,1.7404317856,1.7199515700
train:5977,0,2.0038979053,2.0190401077,2.0057224631,2.0213716030,2.0008913875
train:5980,0,0.1281690300,0.1233148277,0.1099971831,0.1231967807,0.1027165651
train:5981,0,1.7306675911,1.7693171501,1.7559995055,1.6671950817,1.6467148662
train:5982,0,-0.6337318420,-0.6112875938,-0.6246052384,-0.6630899906,-0.6835702062
train:5985,0,-3.4578053951,-3.4397633076,-3.4530809522,-3.3812699318,-3.4017501473
train:5986,0,-1.5894598961,-1.5466222763,-1.5599399209,-1.5790357590,-1.5995159745
train:5987,0,0.7945474982,0.8497834206,0.8364657760,0.7558929920,0.7354127765
train:5988,0,-1.2551925182,-1.2273646593,-1.2406823039,-1.2534387112,-1.2739189267
train:5989,0,-2.3851878643,-2.3288938999,-2.3422115445,-2.3773679733,-2.3978481889
train:5991,0,-0.4160709679,-0.4135718346,-0.4268894792,-0.4300560355,-0.4505362511
train:5994,0,1.5161308050,1.5638544559,1.5505368114,1.5801389217,1.5596587062
train:5995,0,2.3493237495,2.3907291889,2.3774115443,2.3623876572,2.3419074416
train:5997,0,2.3839733601,2.4360463619,2.4227287173,2.4153609276,2.3948807120
train:5998,0,-0.9450871944,-0.9870498180,-1.0003674626,-0.9434208274,-0.9639010429
train:5999,0,-0.0856463388,-0.0393940508,-0.0527116954,-0.1102065593,-0.1306867748
train:6000,0,1.4686629772,1.5234600306,1.5101423860,1.5459089279,1.5254287124
train:6001,0,-2.5850329399,-2.5881452560,-2.6014629006,-2.4783697128,-2.4988499284
train:6002,0,0.1037652642,0.1118938923,0.0985762477,0.1206806004,0.1002003849
train:6003,0,-0.4264225364,-0.3874988854,-0.4008165300,-0.4355491996,-0.4560294151
train:6005,0,2.0964846611,2.1220896244,2.1087719798,2.0701801777,2.0496999621
train:6006,0,1.0856389999,1.0768630505,1.0635454059,1.1285786629,1.1080984473
train:6007,0,0.9496890903,1.0005381107,0.9872204661,0.9749283195,0.9544481039
train:6008,0,-0.0615951829,-0.0263758004,-0.0396934450,-0.0001369640,-0.0206171796
train:6010,0,-0.3844274879,-0.3532375693,-0.3665552139,-0.3304178715,-0.3508980870
train:6011,0,-0.8816688657,-0.7891324759,-0.8024501204,-0.8377388120,-0.8582190275
train:6012,0,0.3287583590,0.3235264122,0.3102087677,0.3128219843,0.2923417687
train:6013,0,-1.0597587824,-1.0388207436,-1.0521383882,-1.2281692028,-1.2486494184
train:6014,0,1.1563010216,1.1544697285,1.1411520839,1.1922459602,1.1717657447
train:6015,0,-0.1581581086,-0.1488049924,-0.1621226370,-0.1529614925,-0.1734417081
train:6017,0,1.6568194628,1.5800087452,1.5666911006,1.6674883366,1.6470081210
train:6019,0,0.9223911762,0.9032933712,0.8899757266,0.9682568908,0.9477766752
train:6020,0,-0.6433467269,-0.6002756357,-0.6135932803,-0.5810593963,-0.6015396118
train:6021,0,0.9795238972,1.0551457405,1.0418280959,1.0322506428,1.0117704272
train:6022,0,-1.2829537392,-1.2822010517,-1.2955186963,-1.2588679790,-1.2793481946
train:6023,0,1.0767807961,1.0569956303,1.0436779857,1.0598762035,1.0393959880
train:6024,0,-2.1045157909,-2.0944488049,-2.1077664495,-2.1504209042,-2.1709011197
train:6025,0,0.0025120324,0.0341864340,0.0208687894,-0.0446623564,-0.0651425719
train:6028,0,1.8463354111,1.8995045424,1.8861868978,1.8531677723,1.8326875567
train:6029,0,-2.0178995132,-1.9651768208,-1.9784944654,-1.9883630276,-2.0088432431
train:6030,0,0.4266831875,0.4377809167,0.4244632721,0.4942307472,0.4737505317
train:6031,0,0.7988268137,0.7132453918,0.6999277472,0.8696572185,0.8491770029
train:6032,0,-3.2459068298,-3.2049882412,-3.2183058858,-3.2662177086,-3.2866979241
train:6034,0,2.6146600246,2.6147336960,2.6014160514,2.6153502464,2.5948700309
train:6035,0,0.1923370957,0.2467517108,0.2334340662,0.1973240972,0.1768438816
train:6036,0,-0.9359095693,-0.8911705017,-0.9044881463,-0.9173046947,-0.9377849102
train:6037,0,-2.9657371044,-2.8816099167,-2.8949275613,-2.9370284081,-2.9575086236
train:6038,0,1.5034519434,1.5034670830,1.4901494384,1.5078289509,1.4873487353
train:6039,0,-1.1623966694,-1.1199407578,-1.1332584023,-1.1760830879,-1.1965633035
train:6040,0,-2.1595399380,-2.1054694653,-2.1187871099,-2.1778976917,-2.1983779073
train:6041,0,0.6213753223,0.6777552366,0.6644375920,0.7245678306,0.7040876150
train:6042,0,0.2016062886,0.2306493670,0.2173317224,0.1621715724,0.1416913569
train:6044,0,2.3985342979,2.3866527081,2.3733350635,2.4539496899,2.4334694743
train:6045,0,1.7294410467,1.8189873695,1.8056697249,1.7558243275,1.7353441119
train:6047,-1,-4.5053410530,-4.5667653084,-4.5800829530,-4.5033326149,-4.5238128304
train:6048,0,-3.2528336048,-3.1865494251,-3.1998670697,-3.2510385513,-3.2715187669
train:6049,0,1.4832142591,1.4821405411,1.4688228965,1.5049078465,1.4844276309
train:6050,0,-2.3341770172,-2.3822081089,-2.3955257535,-2.2155194283,-2.2359996438
train:6051,0,1.0606278181,1.0441929102,1.0308752656,1.0982615948,1.0777813792
train:6052,0,-1.1927831173,-1.1695187092,-1.1828363538,-1.1737420559,-1.1942222714
train:6053,0,0.5466598272,0.5399389267,0.5266212821,0.5590758324,0.5385956168
train:6054,0,-1.8519454002,-1.8501422405,-1.8634598851,-1.9191355705,-1.9396157861
train:6055,0,1.6703157425,1.6622819901,1.6489643455,1.7950227261,1.7745425105
train:6057,0,1.9333162308,1.9578818083,1.9445641637,1.9888904095,1.9684101939
train:6059,0,1.4984203577,1.4890439510,1.4757263064,1.4854886532,1.4650084376
train:6060,0,0.7562199235,0.8010303974,0.7877127528,0.7840988040,0.7636185884
train:6061,0,0.1188753918,0.1365050972,0.1231874526,0.1392377764,0.1187575608
train:6062,0,-1.6126478910,-1.5539255142,-1.5672431588,-1.5976648331,-1.6181450486
train:6063,0,1.6505383253,1.6492823362,1.6359646916,1.6633293629,1.6428491473
train:6064,-1,-4.4473638535,-4.4273705482,-4.4406881928,-4.4734096527,-4.4938898683
train:6065,0,-1.6308341026,-1.5862522125,-1.5995698571,-1.6505556107,-1.6710358262
train:6066,0,-0.4648103714,-0.4267094433,-0.4400270879,-0.4343826175,-0.4548628330
train:6067,0,1.3012565374,1.2429621220,1.2296444774,1.2977559566,1.2772757411
train:6068,0,-1.9566051960,-1.9089410305,-1.9222586751,-1.9758019447,-1.9962821603
train:6069,0,-0.5659529567,-0.5157746077,-0.5290922523,-0.5390548706,-0.5595350862
train:6070,0,-1.9011821747,-1.8877441883,-1.9010618329,-1.8688373566,-1.8893175721
train:6071,-1,-8.8299207687,-8.6846380234,-8.6979556680,-8.8906230927,-8.9111033082
train:6072,0,0.6815075278,0.7138845921,0.7005669475,0.6831917763,0.6627115607
train:6073,0,0.4967661202,0.5129529238,0.4996352792,0.4913008213,0.4708206058
train:6075,0,-0.7101961374,-0.7106567621,-0.7239744067,-0.6530259252,-0.6735061407
train:6076,0,-1.5748159885,-1.5488606691,-1.5621783137,-1.6294527054,-1.6499329209
train:6077,0,-2.9347879887,-2.9934427738,-3.0067604184,-2.8915519714,-2.9120321870
train:6078,0,-0.7532832026,-0.6462947130,-0.6596123576,-0.6950858235,-0.7155660391
train:6079,0,0.6127727032,0.5324511528,0.5191335082,0.6219776273,0.6014974117
train:6080,0,1.0927529335,1.0358843803,1.0225667357,1.0617821217,1.0413019061
train:6081,0,1.8787410259,1.8398363590,1.8265187144,1.8802814484,1.8598012328
train:6082,0,-1.3040730953,-1.2552604675,-1.2685781121,-1.2498776913,-1.2703579068
train:6084,0,1.8674728870,1.8361726999,1.8228550553,1.8978979588,1.8774177432
train:6085,0,1.6778594255,1.6667106152,1.6533929706,1.6949698925,1.6744896770
train:6086,0,0.8768640161,0.9273104668,0.9139928222,0.8794837594,0.8590035439
train:6088,0,1.9795817137,2.0227186680,2.0094010234,2.0362148285,2.0157346129
train:6089,0,0.7283413410,0.7485702038,0.7352525592,0.8018243909,0.7813441753
train:6090,0,-1.3790354729,-1.3854465485,-1.3987641931,-1.2868876457,-1.3073678613
train:6092,0,0.3779945970,0.3798452914,0.3665276468,0.3950086832,0.3745284677
train:6094,0,-1.0274776220,-0.9664640427,-0.9797816873,-0.9944599271,-1.0149401426
train:6095,0,-1.6556384563,-1.6673871279,-1.6807047725,-1.6137304306,-1.6342106462
train:6097,0,2.1753380299,2.1931490898,2.1798314452,2.2164223194,2.1959421039
train:6098,0,1.0455504656,1.0510668755,1.0377492309,1.0848441124,1.0643638968
train:6100,0,-3.4073917866,-3.3454563618,-3.3587740064,-3.3986732960,-3.4191535115
train:6101,0,1.0324420929,1.0152591467,1.0019415021,1.0451527834,1.0246725678
train:6102,0,-4.2956662178,-4.2000737190,-4.2133913636,-4.1721596718,-4.1926398873
train:6103,0,0.2455195785,0.2448741794,0.2315565348,0.2699939609,0.2495137453
train:6105,0,2.6280395985,2.6093516350,2.5960339904,2.6178832054,2.5974029899
train:6106,0,2.4268224239,2.4444444180,2.4311267734,2.4321441650,2.4116639495
train:6107,0,-3.0827505589,-3.0608401299,-3.0741577744,-3.0799946785,-3.1004748940
train:6108,0,0.3620068133,0.4564285874,0.4431109428,0.3907595277,0.3702793121
train:6109,0,2.5613181591,2.5733063221,2.5599886775,2.5118992329,2.4914190173
train:6110,0,-1.1180167198,-1.1176137924,-1.1309314370,-1.2024409771,-1.2229211926
train:6111,0,0.2624406219,0.2867434919,0.2734258473,0.2926077545,0.2721275389
train:6113,0,1.2844324112,1.3252410889,1.3119234443,1.3237087727,1.3032285571
train:6114,-1,-2.1691648960,-2.2491619587,-2.2624796033,-2.6689937115,-2.6894739270
train:6115,0,1.4273077250,1.4296565056,1.4163388610,1.4369020462,1.4164218307
train:6116,0,0.2537106872,0.2859010696,0.2725834250,0.3095817566,0.2891015410
train:6117,0,3.4572594166,3.4514677525,3.4381501079,3.4291653633,3.4086851478
train:6119,0,1.8032532930,1.8340395689,1.8207219243,1.8200457096,1.7995654941
train:6121,0,2.6251232624,2.6231832504,2.6098656058,2.6496047974,2.6291245818
train:6123,0,-0.7360304594,-0.7350722551,-0.7483898997,-0.6177785993,-0.6382588148
train:6124,0,1.6879507303,1.6901640892,1.6768464446,1.6764290333,1.6559488177
train:6125,0,1.2500525713,1.2242523432,1.2109346986,1.2532045841,1.2327243686
train:6126,0,1.9994014502,2.0195066929,2.0061890483,2.0129864216,1.9925062060
train:6127,0,1.3116937876,1.3167316914,1.3034140468,1.2400047779,1.2195245624
train:6129,0,-0.1072965860,0.0190444589,0.0057268143,-0.0677224845,-0.0882027000
train:6130,0,0.7420982122,0.6998990774,0.6865814328,0.7929889560,0.7725087404
train:6132,0,-3.3239994049,-3.3632578850,-3.3765755296,-3.2072088718,-3.2276890874
train:6133,0,-0.0552740581,-0.1390464902,-0.1523641348,-0.0197457969,-0.0402260125
train:6134,0,0.4363723695,0.4822880328,0.4689703882,0.5139498711,0.4934696555
train:6135,-1,-4.3302407265,-4.3709592819,-4.3842769265,-4.3467106819,-4.3671908975
train:6137,0,0.1500502080,0.1975253969,0.1842077523,0.1797105074,0.1592302918
train:6138,0,-1.0369267464,-0.9664316177,-0.9797492623,-0.9796010852,-1.0000813007
train:6139,0,-1.1169512272,-1.1774948835,-1.1908125281,-1.0976748466,-1.1181550622
train:6140,0,2.5522348881,2.5853860378,2.5720683932,2.6312441826,2.6107639670
train:6141,0,2.3858792782,2.3822636604,2.3689460158,2.3807699680,2.3602897525
train:6142,-2,-6.4177913666,-6.3426218033,-6.3559394479,-6.2496232986,-6.2701035142
train:6144,0,-0.3613179922,-0.2928984761,-0.3062161207,-0.3609588146,-0.3814390302
train:6145,0,0.1445733458,0.1645773798,0.1512597352,0.1878045797,0.1673243642
train:6147,0,0.7965091467,0.8084493876,0.7951317430,0.8470767736,0.8265965581
train:6148,0,-0.7586701512,-0.7079330683,-0.7212507129,-0.7988170981,-0.8192973137
train:6149,0,-0.0014093785,-0.0305236354,-0.0438412800,-0.0294348449,-0.0499150604
train:6150,0,-1.4882981777,-1.4629437923,-1.4762614369,-1.4683277607,-1.4888079762
train:6152,0,1.6652817726,1.6677601337,1.6544424891,1.6820666790,1.6615864635
train:6153,0,0.8365061879,0.9131672382,0.8998495936,0.8945686221,0.8740884066
train:6154,0,0.4646928310,0.5363734961,0.5230558515,0.4974694252,0.4769892097
train:6155,0,1.2938783169,1.2618336678,1.2485160232,1.3065855503,1.2861053348
train:6156,0,-1.6784512997,-1.6728533506,-1.6861709952,-1.6945207119,-1.7150009274
train:6157,0,0.7651308179,0.7602661848,0.7469485402,0.7707840800,0.7503038645
train:6159,0,-3.6035373211,-3.5451188087,-3.5584364533,-3.5604157448,-3.5808959603
train:6160,0,-4.4368081093,-4.2836108208,-4.2969284654,-4.3394804001,-4.3599606156
train:6161,0,-0.0940985307,-0.1120044589,-0.1253221035,-0.1045980752,-0.1250782907
train:6162,0,2.4219725132,2.4176228046,2.4043051600,2.4764728546,2.4559926391
train:6165,0,0.4157584310,0.4226183593,0.4093007147,0.4778859615,0.4574057460
train:6166,0,-4.0039238930,-3.9412305355,-3.9545481801,-4.0172376633,-4.0377178788
train:6167,0,-1.6114246845,-1.5755355358,-1.5888531804,-1.5975921154,-1.6180723310
train:6169,0,1.1678190231,1.1517658234,1.1384481788,1.1941914558,1.1737112403
train:6170,0,-0.6940563917,-0.5645582676,-0.5778759122,-0.7230141759,-0.7434943914
train:6171,0,2.1921355724,2.1879403591,2.1746227145,2.2391500473,2.2186698318
train:6172,0,0.7835569978,0.8068398237,0.7935221791,0.8659926057,0.8455123901
train:6173,0,-0.0500902832,0.0058090538,-0.0075085908,-0.0120033696,-0.0324835852
train:6174,0,0.9542403221,0.9363232851,0.9230056405,0.9892540574,0.9687738419
train:6176,0,1.1804256439,1.2164790630,1.2031614184,1.2783634663,1.2578832507
train:6177,0,-0.8951554894,-0.8257436752,-0.8390613198,-0.7233675718,-0.7438477874
train:6178,0,0.9675195217,0.7576204538,0.7443028092,0.9637897611,0.9433095455
train:6179,0,2.0038137436,1.9873220921,1.9740044475,1.9967832565,1.9763030410
train:6180,0,-2.1312730312,-2.0794456005,-2.0927632451,-2.1452469826,-2.1657271981
train:6181,0,1.6118400097,1.6319749355,1.6186572909,1.6136538982,1.5931736827
train:6182,0,1.2978333235,1.2881343365,1.2748166919,1.2607984543,1.2403182387
train:6184,0,-1.4663034678,-1.4564547539,-1.4697723985,-1.4176774025,-1.4381576180
train:6187,0,1.1633613110,1.1560616493,1.1427440047,1.1739764214,1.1534962058
train:6188,0,-0.8355508447,-0.7644987106,-0.7778163552,-0.7806254029,-0.8011056185
train:6189,0,0.0078089503,0.0890098438,0.0756921992,-0.0033791363,-0.0238593519
train:6192,0,-4.8114147186,-4.7446093559,-4.7579270005,-4.6851906776,-4.7056708932
train:6193,0,0.9003009200,0.8713901043,0.8580724597,0.8851174712,0.8646372557
train:6194,0,-2.1917431355,-2.1958532333,-2.2091708779,-2.1650638580,-2.1855440736
train:6195,0,-3.3863990307,-3.3725769520,-3.3858945966,-3.3663663864,-3.3868466020
train:6196,0,1.3874162436,1.4173169136,1.4039992690,1.4244327545,1.4039525390
train:6200,0,-0.0301233698,-0.0092325360,-0.0225501806,0.0299640745,0.0094838589
train:6201,0,-0.5066195726,-0.4614481628,-0.4747658074,-0.5258460641,-0.5463262796
train:6202,0,-0.0827309266,0.0635805726,0.0502629280,0.0584914237,0.0380112082
train:6203,0,0.0336368494,0.0595718548,0.0462542102,0.1852444410,0.1647642255
train:6204,0,-0.2230886072,-0.1915500462,-0.2048676908,-0.2196698487,-0.2401500642
train:6206,0,-0.5866838694,-0.6091586351,-0.6224762797,-0.5591052175,-0.5795854330
train:6207,0,-2.1048052311,-2.1084432602,-2.1217609048,-2.0686392784,-2.0891194940
train:6208,0,1.6856453419,1.6826344728,1.6693168283,1.6509196758,1.6304394603
train:6209,0,0.5310988426,0.5421009064,0.5287832618,0.5587531924,0.5382729769
train:6210,0,0.0418080315,0.0720957518,0.0587781072,0.0854329765,0.0649527609
train:6211,0,1.6591188908,1.7039625645,1.6906449199,1.6936273575,1.6731471419
train:6213,0,1.5873057842,1.5664937496,1.5531761050,1.5613694191,1.5408892035
train:6215,0,-0.1960126758,-0.2049744129,-0.2182920575,-0.2014164925,-0.2218967080
train:6217,0,0.3580522537,0.3601589799,0.3468413353,0.3714809418,0.3510007262
train:6218,0,0.4898861945,0.4564480782,0.4431304336,0.5150901675,0.4946099520
train:6219,0,0.3744313419,0.3477331996,0.3344155550,0.4379454851,0.4174652696
train:6221,0,0.5201531649,0.5920925140,0.5787748694,0.5803506970,0.5598704815
train:6222,0,0.6390693188,0.6551271677,0.6418095231,0.6554149985,0.6349347830
train:6223,0,1.3199441433,1.3331383467,1.3198207021,1.3540837765,1.3336035609
train:6224,0,2.6258041859,2.6719853878,2.6586677432,2.5696105957,2.5491303802
train:6225,0,1.4006502628,1.4626634121,1.4493457675,1.4280591011,1.4075788856
train:6226,0,-0.9005361199,-0.8538781404,-0.8671957850,-0.8807534575,-0.9012336731
train:6227,0,0.4657332003,0.5047553778,0.4914377332,0.4943768382,0.4738966227
train:6228,0,-0.5914267898,-0.4932181537,-0.5065357983,-0.5874212980,-0.6079015136
train:6229,0,0.4527588189,0.4767965674,0.4634789228,0.4436918497,0.4232116342
train:6230,0,-1.9237397909,-1.8708312511,-1.8841488957,-1.9276204109,-1.9481006265
train:6231,0,1.6768302917,1.6681232452,1.6548056006,1.6828942299,1.6624140143
train:6232,0,1.3231070042,1.3180938959,1.3047762513,1.3193154335,1.2988352180
train:6233,0,1.1115579605,1.1851692200,1.1718515754,1.1160254478,1.0955452323
train:6235,0,0.3584121764,0.3548111618,0.3414935172,0.3610355258,0.3405553102
train:6236,0,2.9004123211,2.8506445885,2.8373269439,2.9372494221,2.9167692065
train:6237,-2,-7.4760465622,-7.6355662346,-7.6488838792,-7.6545658112,-7.6750460267
train:6238,0,2.1339542866,2.1472098827,2.1338922381,2.1808800697,2.1603998542
train:6239,0,2.1488358974,2.1669051647,2.1535875201,2.1819326878,2.1614524722
train:6241,0,-6.6018843651,-6.4893412590,-6.5026589036,-6.4889626503,-6.5094428658
train:6242,0,-1.0170083046,-0.9924429655,-1.0057606101,-1.0237417221,-1.0442219377
train:6243,0,0.5604758859,0.5728900433,0.5595723987,0.6001315117,0.5796512961
train:6244,0,1.7720775604,1.8107538223,1.7974361777,1.7682125568,1.7477323413
train:6246,0,-0.3708404601,-0.3484911323,-0.3618087769,-0.3572212160,-0.3777014315
train:6247,0,2.2225072384,2.2040674686,2.1907498240,2.2740511894,2.2535709739
train:6248,0,0.4017398357,0.3215059936,0.3081883490,0.4342861772,0.4138059616
train:6249,0,-2.5423808098,-2.5606858730,-2.5740035176,-2.4449479580,-2.4654281735
train:6250,0,-0.6226710081,-0.6436028481,-0.6569204926,-0.6118191481,-0.6322993636
train:6251,0,-0.9266095757,-0.8367992640,-0.8501169086,-0.8962475657,-0.9167277813
train:6252,0,2.3821833134,2.3806312084,2.3673135638,2.3949403763,2.3744601607
train:6253,0,-2.5380055904,-2.5135424137,-2.5268600583,-2.4918327332,-2.5123129487
train:6254,0,1.2084950209,1.1897946596,1.1764770150,1.2289686203,1.2084884048
train:6255,0,-1.7589659691,-1.7079290152,-1.7212466598,-1.7353873253,-1.7558675408
train:6256,0,-0.0694728121,-0.1274985075,-0.1408161521,-0.0596157610,-0.0800959766
train:6257,0,1.4231483936,1.3682854176,1.3549677730,1.4053781033,1.3848978877
train:6258,0,1.6264492273,1.5972367525,1.5839191079,1.6088166237,1.5883364081
train:6260,0,0.0856689364,0.2050622404,0.1917445958,0.1700045615,0.1495243460
train:6261,0,-0.6373464465,-0.5534313917,-0.5667490363,-0.6108376384,-0.6313178539
train:6262,0,-0.9327136278,-0.9236220121,-0.9369396567,-0.9810573459,-1.0015375614
train:6263,0,1.2529083490,1.2066457272,1.1933280826,1.2650265694,1.2445463538
train:6264,0,0.2237361372,0.2894766331,0.2761589885,0.2187500000,0.1982697845
train:6265,-1,-4.7334270477,-4.7209973335,-4.7343149781,-4.6947922707,-4.7152724862
train:6266,0,-1.9835594893,-1.9302791357,-1.9435967803,-2.0021586418,-2.0226388574
train:6267,0,2.7665958405,2.7481083870,2.7347907424,2.7824838161,2.7620036006
train:6268,0,-2.3546061516,-2.3368003368,-2.3501179814,-2.3635501862,-2.3840304017
train:6269,0,1.5977507830,1.6047347784,1.5914171338,1.5794637203,1.5589835048
train:6271,0,1.4055078030,1.3883500099,1.3750323653,1.4360463619,1.4155661464
train:6272,-1,-4.4449601173,-4.4290943146,-4.4424119592,-4.3557314873,-4.3762117028
train:6273,0,1.2776205540,1.2558617592,1.2425441146,1.2511444092,1.2306641936
train:6274,0,-2.0266363621,-1.9903757572,-2.0036934018,-1.9953112602,-2.0157914758
train:6275,0,0.8533666134,0.8587330580,0.8454154134,0.8907737136,0.8702934980
train:6277,0,0.6577019691,0.6899790764,0.6766614318,0.6731212735,0.6526410580
train:6278,0,0.9233911633,0.9052563906,0.8919387460,0.9562492967,0.9357690811
train:6280,0,-1.7342120409,-1.7034437656,-1.7167614102,-1.6348168850,-1.6552971005
train:6282,0,-1.9338889122,-1.9036285877,-1.9169462323,-1.8988304138,-1.9193106294
train:6283,0,2.2970511913,2.2870807648,2.2737631202,2.2956776619,2.2751974463
train:6284,0,-0.5531574488,-0.4825833738,-0.4959010184,-0.5361932516,-0.5566734672
train:6285,0,0.6407014132,0.7162328959,0.7029152513,0.7015307546,0.6810505390
train:6286,0,2.1625659466,2.1649811268,2.1516634822,2.1804800034,2.1599997878
train:6288,0,0.6993872523,0.7080873251,0.6947696805,0.6988516450,0.6783714294
train:6289,0,-0.1747278869,-0.1600011438,-0.1733187884,-0.1389916986,-0.1594719142
train:6291,0,-1.4266803265,-1.4164575338,-1.4297751784,-1.3488302231,-1.3693104386
train:6292,0,-3.7461962700,-3.7575972080,-3.7709148526,-3.7147090435,-3.7351892591
train:6293,0,0.3873094916,0.3831437528,0.3698261082,0.3771839142,0.3567036986
train:6294,0,0.2731208801,0.2862986326,0.2729809880,0.3121590018,0.2916787863
train:6295,0,-3.8013501167,-3.7457149029,-3.7590325475,-3.8455626965,-3.8660429120
train:6297,0,1.5274131298,1.4774125814,1.4640949368,1.5515594482,1.5310792327
train:6298,0,-1.9411436319,-2.0142145157,-2.0275321603,-1.9622039795,-1.9826841950
train:6299,0,-1.3390979767,-1.3373876810,-1.3507053256,-1.2721946239,-1.2926748395
train:6300,0,-3.3897960186,-3.4258604050,-3.4391780496,-3.4419679642,-3.4624481797
train:6301,0,-2.5145645142,-2.4185397625,-2.4318574071,-2.4793977737,-2.4998779893
train:6303,0,0.1079313606,0.1174251661,0.1041075215,0.0979630947,0.0774828792
train:6304,0,1.5650553703,1.5664598942,1.5531422496,1.5948476791,1.5743674636
train:6305,0,1.8544976711,1.8116207123,1.7983030677,1.8331334591,1.8126532435
train:6306,0,0.3636449277,0.3310360312,0.3177183867,0.3510436416,0.3305634260
train:6307,0,1.3537240028,1.3271372318,1.3138195872,1.3685648441,1.3480846286
train:6308,0,0.0186425913,0.0089048892,-0.0044127554,0.0458943695,0.0254141539
train:6309,0,0.7811961770,0.7732102871,0.7598926425,0.8345615864,0.8140813708
train:6310,0,1.9021400213,1.9490742683,1.9357566237,1.8950603008,1.8745800853
train:6312,0,0.5504415035,0.5168102980,0.5034926534,0.4943759739,0.4738957584
train:6313,0,-1.4297398329,-1.3846371174,-1.3979547620,-1.3714478016,-1.3919280171
train:6314,0,2.5553429127,2.5857481956,2.5724305511,2.5406661034,2.5201858878
train:6315,0,-0.2167839706,-0.2127661407,-0.2260837853,-0.1706742644,-0.1911544800
train:6316,0,-0.2749087214,-0.2626962066,-0.2760138512,-0.2214522660,-0.2419324815
train:6317,0,-0.7995506525,-0.7579691410,-0.7712867856,-0.7623629570,-0.7828431726
train:6318,0,0.4054344296,0.3959680200,0.3826503754,0.4432933927,0.4228131771
train:6319,0,-3.1724610329,-3.1590530872,-3.1723707318,-3.1247150898,-3.1451953053
train:6320,0,2.5091259480,2.4548528194,2.4415351748,2.5524153709,2.5319351554
train:6321,0,-0.9868381619,-0.9986712933,-1.0119889379,-0.9469228387,-0.9674030542
train:6322,0,0.7461380363,0.7655949593,0.7522773147,0.7737687230,0.7532885075
train:6323,0,0.7671045065,0.8040295839,0.7907119393,0.8003721237,0.7798919082
train:6325,0,1.9571044445,1.9680616856,1.9547440410,1.9715745449,1.9510943294
train:6328,0,2.2570118904,2.1695358753,2.1562182307,2.2375965118,2.2171162963
train:6329,0,-0.8548530936,-0.7921223640,-0.8054400086,-0.8112707734,-0.8317509890
train:6330,0,1.8563570976,1.8148341179,1.8015164733,1.8717830181,1.8513028026
train:6331,0,1.7590194941,1.7480711937,1.7347535491,1.7858471870,1.7653669715
train:6332,0,2.1097593307,2.1080121994,2.0946945548,2.0996105671,2.0791303515
train:6333,0,-1.6468518972,-1.1399552822,-1.1532729268,-1.7333211899,-1.7538014054
train:6334,0,0.8041138053,0.8490686417,0.8357509971,0.7860950828,0.7656148672
train:6335,0,1.6195093393,1.6497002840,1.6363826394,1.6463360786,1.6258558631
train:6336,0,1.7641006708,1.7538235188,1.7405058742,1.7285149097,1.7080346942
train:6337,0,-0.2892216146,-0.2452358007,-0.2585534453,-0.3217360973,-0.3422163129
train:6338,0,0.2503637373,0.2548781633,0.2415605187,0.2570928037,0.2366125882
train:6339,0,2.3626415730,2.4202461243,2.4069284797,2.4089956284,2.3885154128
train:6340,0,1.5303546190,1.5555531979,1.5422355533,1.5673811436,1.5469009280
train:6341,0,1.4904353619,1.4406889677,1.4273713231,1.4446220398,1.4241418242
train:6342,0,1.7962807417,1.8512916565,1.8379740119,1.8877093792,1.8672291636
train:6343,0,-1.7024456263,-1.7198765278,-1.7331941724,-1.6471991539,-1.6676793694
train:6344,0,-2.0167412758,-2.0330796242,-2.0463972688,-2.0261650085,-2.0466452241
train:6345,0,-1.3747763634,-1.3737329245,-1.3870505691,-1.3646879196,-1.3851681352
train:6346,0,0.6173651814,0.6608996391,0.6475819945,0.6575559974,0.6370757818
train:6347,0,2.0567636490,2.0240232944,2.0107056499,2.0673973560,2.0469171405
train:6348,0,-0.1803251654,-0.0292594284,-0.0425770730,-0.2713682055,-0.2918484211
train:6349,0,1.8614977598,1.8698283434,1.8565106988,1.8679552078,1.8474749923
train:6351,0,-0.1104578376,-0.1217471808,-0.1350648254,-0.1134656370,-0.1339458525
train:6352,0,1.1543391943,1.1396195889,1.1263019443,1.1801910400,1.1597108245
train:6353,0,2.0183386803,1.9675638676,1.9542462230,2.0267837048,2.0063034892
train:6354,0,-3.9787228107,-3.9134523869,-3.9267700315,-3.8947939873,-3.9152742028
train:6355,0,0.6222806573,0.6441452503,0.6308276057,0.6164619327,0.5959817171
train:6356,0,1.5960047245,1.6116709709,1.5983533263,1.6065776348,1.5860974193
train:6358,0,1.4453516006,1.4717242718,1.4584066272,1.4522793293,1.4317991138
train:6359,0,1.4035160542,1.4248065948,1.4114889503,1.4067187309,1.3862385154
train:6360,0,1.1174463034,1.1105771065,1.0972594619,1.1833243370,1.1628441215
train:6363,0,0.7367054224,0.7879946232,0.7746769786,0.7671279311,0.7466477156
train:6366,0,1.4477918148,1.4890413284,1.4757236838,1.4856309891,1.4651507735
train:6367,-1,-2.9163408279,-3.0219721794,-3.0352898240,-2.8158230782,-2.8363032937
train:6368,0,1.0379526615,1.0693407059,1.0560230613,1.0323626995,1.0118824840
train:6369,0,-0.1762840003,-0.2605482340,-0.2738658786,-0.2003929615,-0.2208731771
train:6370,0,0.8238208890,0.8168621063,0.8035444617,0.8357595801,0.8152793646
train:6371,0,-1.9677238464,-1.9743072987,-1.9876249433,-1.9088997841,-1.9293799996
train:6372,0,-2.4821119308,-2.4367876053,-2.4501052499,-2.5138294697,-2.5343096852
train:6373,0,1.1680701971,1.1858026981,1.1724850535,1.1865959167,1.1661157012
train:6374,0,2.2934348583,2.2351462841,2.2218286395,2.3310089111,2.3105286956
train:6375,0,1.6381987333,1.6217895746,1.6084719300,1.6529994011,1.6325191855
train:6376,0,0.0186367035,0.0644603372,0.0511426926,0.0629279763,0.0424477607
train:6377,0,2.9656565189,3.0172235966,3.0039059520,3.0236208439,3.0031406283
train:6379,0,1.3536078930,1.3728870153,1.3595693707,1.4067366123,1.3862563968
train:6380,0,0.1089717448,0.1584783196,0.1451606750,0.1396400779,0.1191598624
train:6381,0,0.4740699530,0.4649279714,0.4516103268,0.5024709702,0.4819907546
train:6383,0,0.0285155438,0.0764185339,0.0631008893,0.1405908465,0.1201106310
train:6384,0,-1.3144741058,-1.2549488544,-1.2682664990,-1.3579542637,-1.3784344792
train:6386,0,-1.5898596048,-1.5670292377,-1.5803468823,-1.5790896416,-1.5995698571
train:6387,0,0.9429802895,0.9584887028,0.9451710582,0.9891688228,0.9686886072
train:6388,0,1.5554044247,1.5168160200,1.5034983754,1.6433591843,1.6228789687
train:6389,0,-0.2347685546,-0.2222205698,-0.2355382144,-0.2274198532,-0.2479000688
train:6390,0,1.0216925144,1.0515642166,1.0382465720,0.9920853972,0.9716051817
train:6391,0,0.3888702393,0.4403545558,0.4270369112,0.3354191780,0.3149389625
train:6392,0,-0.7313862443,-0.6894230843,-0.7027407289,-0.7161210179,-0.7366012335
train:6394,0,1.9511152506,1.9359405041,1.9226228595,2.0226936340,2.0022134185
train:6395,0,1.2627815008,1.2481652498,1.2348476052,1.2903261185,1.2698459029
train:6396,0,0.0364281759,0.0790299475,0.0657123029,0.0636731088,0.0431928933
train:6397,-1,-4.3994607925,-4.4216308594,-4.4349485040,-4.3108305931,-4.3313108087
train:6398,0,-6.4317922592,-6.4820694923,-6.4953871369,-6.3232450485,-6.3437252641
train:6399,0,2.1024498940,2.0789008141,2.0655831695,2.0863134861,2.0658332705
train:6401,0,0.4916259646,0.5692683458,0.5559507012,0.4969127476,0.4764325321
train:6406,0,1.4010307789,1.4833092690,1.4699916244,1.2977209091,1.2772406936
train:6407,-2,-6.5693883896,-6.6887893677,-6.7021070123,-6.8618354797,-6.8823156953
train:6408,0,1.0258953571,1.0246478319,1.0113301873,1.0845267773,1.0640465617
train:6409,0,0.6249617338,0.5794514418,0.5661337972,0.5812020898,0.5607218742
train:6410,0,2.1195139885,2.0916507244,2.0783330798,2.0587053299,2.0382251143
train:6411,0,1.7909575701,1.7768247128,1.7635070682,1.9393575191,1.9188773036
train:6414,0,1.2532870770,1.2498642206,1.2365465760,1.2969489098,1.2764686942
train:6416,0,2.3908655643,2.4835445881,2.4702269435,2.4557592869,2.4352790713
train:6417,0,1.7404192686,1.7533974648,1.7400798202,1.6927921772,1.6723119617
train:6419,0,1.2989895344,1.3935639858,1.3802463412,1.2953901291,1.2749099135
train:6420,0,-1.5785688162,-1.5337607861,-1.5470784307,-1.5192508698,-1.5397310853
train:6421,0,-0.7611380816,-0.7344768047,-0.7477944493,-0.6757503748,-0.6962305903
train:6422,0,-3.2163195610,-3.2191689014,-3.2324865460,-3.2084546089,-3.2289348245
train:6423,0,-4.0489301682,-3.9979350567,-4.0112527013,-4.0725517273,-4.0930319428
train:6424,0,-0.5742202401,-0.5894461870,-0.6027638316,-0.5635794401,-0.5840596557
train:6425,0,1.5733084679,1.6060485840,1.5927309394,1.6350083351,1.6145281196
train:6427,-1,-2.2480602264,-2.1674654484,-2.1807830930,-2.3230104446,-2.3434906602
train:6428,0,0.9936584830,1.0430166721,1.0296990275,1.0043480396,0.9838678241
train:6429,-1,-5.6317811012,-5.6174645424,-5.6307821870,-5.6004662514,-5.6209464669
train:6431,0,0.4529947340,0.4193319380,0.4060142934,0.4979452193,0.4774650037
train:6432,0,0.9615341425,0.9773671627,0.9640495181,0.9922927022,0.9718124866
train:6433,0,0.7945480943,0.8129799366,0.7996622920,0.7988775969,0.7783973813
train:6436,0,-1.5194337368,-1.4942698479,-1.5075874925,-1.5257196426,-1.5461998582
train:6437,0,-3.8251459599,-3.6885755062,-3.7018931508,-3.7486720085,-3.7691522241
train:6438,0,0.7552639246,0.7400320768,0.7267144322,0.7665521502,0.7460719347
train:6439,0,1.4567465782,1.4242208004,1.4109031558,1.4698297977,1.4493495822
train:6440,0,1.6891613007,1.6762192249,1.6629015803,1.7334558964,1.7129756808
train:6441,-1,-9.0732574463,-8.9593677521,-8.9726853967,-9.0927963257,-9.1132765412
train:6443,0,-0.1182385832,-0.0794078261,-0.0927254707,-0.0699988604,-0.0904790759
train:6444,0,-2.8567392826,-2.8277797699,-2.8410974145,-2.8535528183,-2.8740330338
train:6445,0,-0.0401294827,-0.0453789905,-0.0586966351,-0.1210491657,-0.1415293813
train:6447,0,0.3304035664,0.3999989331,0.3866812885,0.3901452720,0.3696650565
train:6448,0,-1.4873563051,-1.4937226772,-1.5070403218,-1.4485380650,-1.4690182805
train:6449,0,0.6067293286,0.6112949848,0.5979773402,0.6030770540,0.5825968385
train:6450,0,2.4909884930,2.5191299915,2.5058123469,2.4810686111,2.4605883956
train:6451,0,0.3216406703,0.3349851668,0.3216675222,0.3988347352,0.3783545196
train:6453,0,1.9967269897,1.9444383383,1.9311206937,1.9921610355,1.9716808200
train:6454,0,-1.1771026850,-1.1752554178,-1.1885730624,-1.1911904812,-1.2116706967
train:6455,0,1.0493249893,1.0587961674,1.0454785228,1.0786931515,1.0582129359
train:6456,0,-3.8213832378,-3.8287899494,-3.8421075940,-3.9238328934,-3.9443131089
train:6457,0,-3.5336532593,-3.4829614162,-3.4962790608,-3.5854701996,-3.6059504151
train:6458,0,2.4683749676,2.4922838211,2.4789661765,2.4483134747,2.4278332591
train:6459,0,2.1013090611,2.1641726494,2.1508550048,2.0841593742,2.0636791587
train:6460,0,1.7201794386,1.6714375019,1.6581198573,1.7164382935,1.6959580779
train:6461,0,0.3567049503,0.3547312021,0.3414135575,0.4101451337,0.3896649182
train:6462,0,-2.1806070805,-2.1853885651,-2.1987062097,-2.1655774117,-2.1860576272
train:6463,0,-1.8435534239,-1.8933897018,-1.9067073464,-1.8055810928,-1.8260613084
train:6466,0,1.6111449003,1.6720918417,1.6587741971,1.6061043739,1.5856241584
train:6467,0,-0.7220312953,-0.6956403255,-0.7089579701,-0.6663124561,-0.6867926717
train:6469,0,-1.2283288240,-1.1525995731,-1.1659172177,-1.1368224621,-1.1573026776
train:6470,0,0.7988688946,0.8304806948,0.8171630502,0.8233467340,0.8028665185
train:6471,0,0.3442156017,0.3466479480,0.3333303034,0.4126027524,0.3921225369
train:6474,0,2.8612086773,2.8275272846,2.8142096400,2.9220962524,2.9016160369
train:6475,0,-2.2261533737,-2.1945543289,-2.2078719735,-2.2463705540,-2.2668507695
train:6476,0,2.0075240135,2.0500228405,2.0367051959,2.0582118034,2.0377315879
train:6477,0,2.2097635269,2.2414834499,2.2281658053,2.2160191536,2.1955389380
train:6479,0,1.5869853497,1.5885872841,1.5752696395,1.6037037373,1.5832235217
train:6480,0,0.5631218553,0.5997112989,0.5863936543,0.6413081884,0.6208279729
train:6481,0,2.6531703472,2.6345465183,2.6212288737,2.5939912796,2.5735110641
train:6482,0,-0.0187778827,-0.0498227328,-0.0631403774,0.0139534026,-0.0065268129
train:6483,0,0.8363199830,0.8393199444,0.8260022998,0.8307355046,0.8102552891
train:6484,0,0.6673049331,0.6390285492,0.6257109046,0.7524513602,0.7319711447
train:6485,0,-2.4135951996,-2.3302612305,-2.3435788751,-2.3812482357,-2.4017284513
train:6488,0,-0.8748759031,-0.8059524298,-0.8192700744,-0.8462679386,-0.8667481542
train:6489,0,1.0318046808,1.0621261597,1.0488085151,1.0604627132,1.0399824977
train:6491,0,1.0612846613,1.0818434954,1.0685258508,1.0790998936,1.0586196780
train:6492,0,1.9317961931,1.9621976614,1.9488800168,1.9834403992,1.9629601836
train:6493,0,1.2794215679,1.6030198336,1.5897021890,1.5935540199,1.5730738044
train:6494,0,-1.5957256556,-1.5346972942,-1.5480149388,-1.6167063713,-1.6371865869
train:6495,0,-0.6549770236,-0.6387866735,-0.6521043181,-0.6510699987,-0.6715502143
train:6496,0,0.7195023894,0.7794981003,0.7661804557,0.6783541441,0.6578739285
train:6497,0,1.4027310610,1.4285373688,1.4152197242,1.3982670307,1.3777868152
train:6498,0,-2.1717655659,-2.1043915749,-2.1177092195,-2.1436295509,-2.1641097665
train:6499,0,1.7572617531,1.7747876644,1.7614700198,1.7474071980,1.7269269824
train:6500,0,0.7604330182,0.7795326710,0.7662150264,0.7698000669,0.7493198514
train:6501,0,1.4704425335,1.5065181255,1.4932004809,1.5172796249,1.4967994094
train:6504,0,1.5860266685,1.5896437168,1.5763260722,1.5335867405,1.5131065249
train:6506,0,2.0517547131,2.0059700012,1.9926523566,2.0888965130,2.0684162974
train:6507,0,3.3476600647,3.3654868603,3.3521692157,3.3354477882,3.3149675727
train:6508,0,-0.1346873641,-0.1541864872,-0.1675041318,-0.1210281402,-0.1415083557
train:6510,0,1.3159489632,1.3839784861,1.3706608415,1.3759446144,1.3554643989
train:6511,0,0.1541563869,0.1608726084,0.1475549638,0.1729502231,0.1524700075
train:6512,0,0.1417721063,0.1729825735,0.1596649289,0.1557752639,0.1352950484
train:6513,0,1.5437496901,1.5096709728,1.4963533282,1.5524985790,1.5320183635
train:6514,0,-0.3297868371,-0.3204994500,-0.3338170946,-0.3601749241,-0.3806551397
train:6515,0,1.8783245087,1.9616965055,1.9483788610,1.9708151817,1.9503349662
train:6516,0,3.0224125385,3.0408494473,3.0275318027,3.0479900837,3.0275098681
train:6517,0,1.2570961714,1.2711679935,1.2578503489,1.3043932915,1.2839130759
train:6520,0,1.3813775778,1.3967134953,1.3833958507,1.3988163471,1.3783361316
train:6521,0,0.5594089031,0.5550800562,0.5417624116,0.5839985013,0.5635182858
train:6522,0,1.2690614462,1.2458652258,1.2325475812,1.3025603294,1.2820801139
train:6524,0,1.7588816881,1.7342667580,1.7209491134,1.7655167580,1.7450365424
train:6526,0,-0.1960556805,-0.1191752851,-0.1324929297,-0.1805588603,-0.2010390759
train:6527,0,1.1003688574,1.1219859123,1.1086682677,1.1297402382,1.1092600226
train:6528,0,2.1228520870,2.1738073826,2.1604897380,2.1266102791,2.1061300635
train:6529,0,-0.9777448177,-0.9876180887,-1.0009357333,-0.9691383243,-0.9896185398
train:6530,0,0.1235731617,0.1244206131,0.1111029685,0.1866643578,0.1661841422
train:6531,0,0.2049123347,0.2107940167,0.1974763721,0.2405866534,0.2201064378
train:6532,0,-1.4819297791,-1.4047145844,-1.4180322289,-1.4593529701,-1.4798331857
train:6533,0,0.5408716798,0.5404771566,0.5271595120,0.5338864326,0.5134062171
train:6534,0,0.7946640253,0.7878142595,0.7744966149,0.8301180601,0.8096378446
train:6535,0,0.9463365078,0.9589436054,0.9456259608,0.9700004458,0.9495202303
train:6536,0,0.3150715232,0.3610646725,0.3477470279,0.3099664748,0.2894862592
train:6537,0,1.9659948349,1.9924135208,1.9790958762,1.9890177250,1.9685375094
train:6538,0,0.5889861584,0.6545377970,0.6412201524,0.6428751349,0.6223949194
train:6539,0,-0.1404990852,-0.1347333193,-0.1480509639,-0.1458308101,-0.1663110256
train:6540,0,-0.6352210641,-0.6377692223,-0.6510868669,-0.5659511089,-0.5864313245
train:6541,0,0.7509939075,0.6894260645,0.6761084199,0.7515973449,0.7311171293
train:6542,-1,-1.6227693558,-1.7827649117,-1.7960825562,-1.6223852634,-1.6428654790
train:6543,0,2.4716885090,2.4777839184,2.4644662738,2.4706082344,2.4501280189
train:6544,0,2.1138536930,2.1347258091,2.1214081645,2.1982955933,2.1778153777
train:6545,0,-0.1442652047,-0.1097316444,-0.1230492890,-0.1381771564,-0.1586573720
train:6547,0,-0.7194312215,-0.6830089092,-0.6963265538,-0.6489273906,-0.6694076061
train:6548,0,2.3484203815,2.3804075718,2.3670899272,2.3889827728,2.3685025573
train:6549,0,0.6966004372,0.6817880869,0.6684704423,0.6780812144,0.6576009989
train:6550,0,0.3791085482,0.3869765997,0.3736589551,0.3671045303,0.3466243148
train:6552,0,-1.6443749666,-1.6245518923,-1.6378695369,-1.6153118610,-1.6357920766
train:6553,0,2.7340881824,2.7301740646,2.7168564200,2.7840914726,2.7636112571
train:6554,0,-0.9840556979,-0.9939095974,-1.0072272420,-0.9784509540,-0.9989311695
train:6555,0,0.9406175017,0.9808187485,0.9675011039,0.9629589319,0.9424787164
train:6556,0,2.4858193398,2.4638535976,2.4505359530,2.5039784908,2.4834982753
train:6558,0,-0.8942534328,-0.8914163113,-0.9047339559,-0.8537084460,-0.8741886616
train:6559,0,-2.9369332790,-2.9145014286,-2.9278190732,-2.8575072289,-2.8779874444
train:6562,0,-0.9845508933,-0.8754279613,-0.8887456059,-0.9248982072,-0.9453784227
train:6563,-2,-7.1115093231,-7.3782124519,-7.3915300965,-7.2037363052,-7.2242165208
train:6564,0,2.5947585106,2.5881321430,2.5748144984,2.6132402420,2.5927600265
train:6565,0,-1.3149662018,-1.2740323544,-1.2873499990,-1.2996499538,-1.3201301694
train:6566,0,0.9363352060,0.9742921591,0.9609745145,0.9561908245,0.9357106090
train:6567,0,-2.4790408611,-2.4763097763,-2.4896274209,-2.4617214203,-2.4822016358
train:6568,0,2.9360816479,2.9751343727,2.9618167281,2.9370639324,2.9165837169
train:6569,0,2.5929346085,2.6252911091,2.6119734645,2.5143427849,2.4938625693
train:6571,0,-1.3899060488,-1.3331782818,-1.3464959264,-1.3886158466,-1.4090960622
train:6573,0,-0.6917142868,-0.6736370325,-0.6869546771,-0.5567088127,-0.5771890283
train:6574,0,0.6746199727,0.6401126385,0.6267949939,0.7136757374,0.6931955218
train:6575,0,1.9392663240,1.8840510845,1.8707334399,1.9190864563,1.8986062407
train:6576,0,-1.8601008654,-1.8835747242,-1.8968923688,-1.8921070099,-1.9125872254
train:6578,0,1.2750562429,1.2980930805,1.2847754359,1.2859315872,1.2654513717
train:6579,0,-0.8645564914,-0.8773400784,-0.8906577229,-0.8063084483,-0.8267886639
train:6580,0,0.6977244020,0.7112990618,0.6979814172,0.6927701831,0.6722899675
train:6581,0,0.1297938079,0.1347489804,0.1214313358,0.1592366993,0.1387564838
train:6582,-1,-5.4367737770,-5.4123492241,-5.4256668687,-5.4269046783,-5.4473848939
train:6583,0,0.8819736242,0.9457440376,0.9324263930,0.9821695685,0.9616893530
train:6584,0,-3.0469655991,-3.0188302994,-3.0321479440,-2.9961397648,-3.0166199803
train:6585,0,0.8529739380,0.8921059370,0.8787882924,0.8466046453,0.8261244297
train:6587,-1,-2.1709191799,-2.1223297119,-2.1356473565,-2.2132015228,-2.2336817384
train:6588,0,0.2081606537,0.2680796385,0.2547619939,0.2466845810,0.2262043655
train:6589,0,1.6558852196,1.8115298748,1.7982122302,1.7936840057,1.7732037902
train:6590,0,2.0691840649,2.0943925381,2.0810748935,2.0586884022,2.0382081866
train:6591,0,2.3049237728,2.3204071522,2.3070895076,2.3579967022,2.3375164866
train:6593,0,-2.0194644928,-1.9529788494,-1.9662964940,-1.9773826599,-1.9978628755
train:6594,0,-3.9080629349,-3.9948489666,-4.0081666112,-3.8056516647,-3.8261318803
train:6595,0,0.9989609122,1.0022494793,0.9889318347,1.0182349682,0.9977547526
train:6598,0,-2.1916418076,-2.1873567104,-2.2006743550,-2.1972234249,-2.2177036405
train:6599,0,0.1974764764,0.2696109414,0.2562932968,0.2028485537,0.1823683381
train:6601,0,0.5535850525,0.6472382545,0.6339206100,0.5545637012,0.5340834856
train:6602,0,2.0145297050,2.0054333210,1.9921156764,2.0199177265,1.9994375110
train:6603,0,0.8824666739,0.8673815727,0.8540639281,0.8744834065,0.8540031910
train:6604,0,0.6270171404,0.6604536772,0.6471360326,0.6341253519,0.6136451364
train:6605,0,-3.1904370785,-3.2873847485,-3.3007023931,-3.2364530563,-3.2569332719
train:6606,0,-1.2717387676,-1.3588531017,-1.3721707463,-1.2708761692,-1.2913563848
train:6607,0,2.3637924194,2.4081914425,2.3948737979,2.3764557838,2.3559755683
train:6608,0,1.1444960833,1.1860599518,1.1727423072,1.1761946678,1.1557144523
train:6610,0,1.3076727390,1.3272641897,1.3139465451,1.3294758797,1.3089956641
train:6611,0,-0.2746478319,-0.2447814941,-0.2580991387,-0.2658396959,-0.2863199115
train:6613,0,2.3941242695,2.4040744305,2.3907567859,2.4858794212,2.4653992057
train:6614,0,0.8753147125,0.8585299253,0.8452122808,0.9264295697,0.9059493542
train:6615,0,-0.7058803439,-0.6844252348,-0.6977428794,-0.6639131904,-0.6843934059
train:6617,0,0.2913765907,0.3013631999,0.2880455554,0.3256918192,0.3052116036
train:6618,0,2.6024358273,2.6048648357,2.5915471911,2.6170988083,2.5966185927
train:6621,0,0.0191043001,0.0813955516,0.0680779070,0.0598883331,0.0394081175
train:6622,0,-7.1167836189,-6.9332051277,-6.9465227723,-7.0520844460,-7.0725646615
train:6623,0,0.4369831383,0.4532712400,0.4399535954,0.4235936701,0.4031134546
train:6624,0,-0.0849682912,-0.1263799071,-0.1396975517,-0.0568979084,-0.0773781240
train:6626,0,-3.2751414776,-3.2947900295,-3.3081076741,-3.2780957222,-3.2985759377
train:6629,0,0.6427474618,0.6446639299,0.6313462853,0.6330465674,0.6125663519
train:6631,0,-1.2197262049,-1.1902399063,-1.2035575509,-1.2011656761,-1.2216458917
train:6632,0,1.1600447893,1.1893436909,1.1760260463,1.1871914864,1.1667112708
train:6633,0,1.8526870012,1.8322556019,1.8189379573,1.8913300037,1.8708497882
train:6635,0,1.3152213097,1.2980120182,1.2846943736,1.3605232239,1.3400430083
train:6636,0,0.1772312224,0.1801662147,0.1668485701,0.2134904265,0.1930102110
train:6637,-2,-11.0507040024,-11.2345924377,-11.2479100823,-11.2339572906,-11.2544375062
train:6638,0,0.3766234517,0.3787612617,0.3654436171,0.4562478960,0.4357676804
train:6639,0,0.3612529039,0.3588460684,0.3455284238,0.3582138419,0.3377336264
train:6640,0,1.0119932890,0.9963027239,0.9829850793,1.0212485790,1.0007683635
train:6642,0,-0.5234981179,-0.5229371786,-0.5362548232,-0.4567518830,-0.4772320986
train:6643,0,1.9308614731,1.9093070030,1.8959893584,1.9900181293,1.9695379138
train:6644,0,1.4244017601,1.4272971153,1.4139794707,1.4349730015,1.4144927859
train:6645,0,0.9553607702,0.9501491785,0.9368315339,1.0148355961,0.9943553805
train:6646,0,1.0758305788,1.2272367477,1.2139191031,1.1233816147,1.1029013991
train:6647,0,1.7215243578,1.7464075089,1.7330898643,1.7526307106,1.7321504951
train:6648,0,-1.5530052185,-1.5065643787,-1.5198820233,-1.5355343819,-1.5560145974
train:6649,0,0.8713496923,0.9030325413,0.8897148967,0.8969998956,0.8765196800
train:6650,0,0.9275713563,0.9446853399,0.9313676953,0.9459136128,0.9254333973
train:6651,0,1.1575834751,1.1631178856,1.1498002410,1.1787316799,1.1582514644
train:6652,0,2.7248189449,2.7574183941,2.7441007495,2.7310752869,2.7105950713
train:6653,0,-2.7353127003,-2.6019809246,-2.6152985692,-2.6239006519,-2.6443808675
train:6654,0,2.2060923576,2.1690247059,2.1557070613,2.2734360695,2.2529558539
train:6655,0,1.6960647106,1.6900358200,1.6767181754,1.7251920700,1.7047118545
train:6656,0,-0.7797278762,-0.7537220716,-0.7670397162,-0.7828692794,-0.8033494949
train:6657,0,-2.3873155117,-2.2645680904,-2.2778857350,-2.3200128078,-2.3404930234
train:6658,0,0.9713132977,0.9755254984,0.9622078538,1.0010583401,0.9805781245
train:6659,0,1.3476998806,1.3419122696,1.3285946250,1.3755967617,1.3551165462
train:6662,0,-0.9278348088,-0.8686926365,-0.8820102811,-0.8239730000,-0.8444532156
train:6664,0,0.4360441566,0.4160286486,0.4027110040,0.4565320611,0.4360518456
train:6665,0,-0.3820480406,-0.2252433300,-0.2385609746,-0.4236232638,-0.4441034794
train:6666,0,-1.8142347336,-1.7641308308,-1.7774484754,-1.7633767128,-1.7838569283
train:6667,0,-2.2915318012,-2.2256166935,-2.2389343381,-2.2863144875,-2.3067947030
train:6669,0,2.0900247097,2.0716471672,2.0583295226,2.0981113911,2.0776311755
train:6671,0,-2.9209997654,-2.9131293297,-2.9264469743,-2.8977811337,-2.9182613492
train:6672,0,-0.0529600978,0.0309621245,0.0176444799,-0.0194068551,-0.0398870707
train:6674,0,1.7164072990,1.6871598959,1.6738422513,1.7412455082,1.7207652926
train:6675,0,2.0955638885,2.1576926708,2.1443750262,2.1189033985,2.0984231830
train:6678,0,0.7228343487,0.7912940979,0.7779764533,0.8150563240,0.7945761085
train:6679,0,-1.7473078966,-1.7165160179,-1.7298336625,-1.8017702103,-1.8222504258
train:6680,0,2.0050566196,2.0106306076,1.9973129630,2.0123267174,1.9918465018
train:6681,0,-5.3378958702,-5.3714442253,-5.3847618699,-5.4271574020,-5.4476376176
train:6682,0,-2.9304397106,-2.8673679829,-2.8806856275,-2.9416580200,-2.9621382356
train:6683,0,0.3475454152,0.3835750520,0.3702574074,0.3803882003,0.3599079847
train:6684,0,1.2611891031,1.2329950333,1.2196773887,1.2612748146,1.2407945991
train:6685,0,-1.7262322903,-1.6557853222,-1.6691029668,-1.7496945858,-1.7701748013
train:6686,0,0.1996366829,0.5262429714,0.5129253268,0.1804826707,0.1600024551
train:6687,0,0.5080031157,0.4863963127,0.4730786681,0.5859079361,0.5654277205
train:6689,0,0.1816878319,0.2049947083,0.1916770637,0.2102415413,0.1897613257
train:6690,0,-2.8447968960,-2.7939217091,-2.8072393537,-2.8021426201,-2.8226228356
train:6692,0,2.3731064796,2.4020218849,2.3887042403,2.3518121243,2.3313319087
train:6693,0,-4.3223614693,-4.2585167885,-4.2718344331,-4.3304395676,-4.3509197831
train:6694,0,0.2904481590,0.3207856417,0.3074679971,0.2977643609,0.2772841454
train:6695,0,0.6094051003,0.6516733170,0.6383556724,0.6232973933,0.6028171778
train:6696,0,1.3301379681,1.3452936411,1.3319759965,1.4073016644,1.3868214488
train:6698,0,0.7598537803,0.7785565853,0.7652389407,0.7585799694,0.7380997539
train:6700,0,0.4585507512,0.5000360608,0.4867184162,0.4385176599,0.4180374444
train:6702,0,-0.2735055983,-0.2482252121,-0.2615428567,-0.2428311706,-0.2633113861
train:6703,0,-0.1791289151,-0.2067879736,-0.2201056182,-0.1849280000,-0.2054082155
train:6705,0,1.6384295225,1.6370613575,1.6237437129,1.6599531174,1.6394729018
train:6706,0,1.5180821419,1.5468689203,1.5335512757,1.5701408386,1.5496606231
train:6707,0,2.4863979816,2.4943187237,2.4810010791,2.5008118153,2.4803315997
train:6708,0,2.2930078506,2.2998533249,2.2865356803,2.4030671120,2.3825868964
train:6709,0,0.9961363077,0.9967805147,0.9834628701,1.0120935440,0.9916133285
train:6710,0,1.5961836576,1.6751173735,1.6617997289,1.6458280087,1.6253477931
train:6711,0,-0.3480731845,-0.3704096377,-0.3837272823,-0.3665825129,-0.3870627284
train:6712,0,0.4784160852,0.5142167807,0.5008991361,0.4963354468,0.4758552313
train:6713,-1,-8.1042232513,-7.6954226494,-7.7087402940,-8.2294435501,-8.2499237657
train:6714,0,0.0358082950,0.0558893234,0.0425716788,0.0098875165,-0.0105926991
train:6715,0,1.4135463238,1.3935563564,1.3802387118,1.4110777378,1.3905975223
train:6716,0,1.3893525600,1.3748466969,1.3615290523,1.4506049156,1.4301247001
train:6717,0,-0.4173145294,-0.3874454200,-0.4007630646,-0.4104114175,-0.4308916330
train:6718,0,0.2733949125,0.3039206564,0.2906030118,0.2873742580,0.2668940425
train:6719,0,-0.7593277097,-0.7383867502,-0.7517043948,-0.7475075126,-0.7679877281
train:6720,0,-1.1446374655,-1.1579635143,-1.1712811589,-1.1007983685,-1.1212785840
train:6721,0,-0.6996774673,-0.6914695501,-0.7047871947,-0.6674898267,-0.6879700422
train:6722,0,2.4181194305,2.4362244606,2.4229068160,2.4154868126,2.3950065970
train:6723,0,-1.2864336967,-1.2349061966,-1.2482238412,-1.2889132500,-1.3093934655
train:6724,0,0.0221189726,0.0405699611,0.0272523165,0.0426567867,0.0221765712
train:6725,0,-1.0302762985,-0.9906464815,-1.0039641261,-1.0233294964,-1.0438097119
train:6726,0,2.1625187397,2.1199569702,2.1066393256,2.1543734074,2.1338931918
train:6727,0,-1.3515882492,-1.3197127581,-1.3330304027,-1.3667819500,-1.3872621655
train:6728,0,0.9666452408,0.9525444508,0.9392268062,0.9321025610,0.9116223454
train:6729,0,-6.4093484879,-6.2371759415,-6.2504935861,-6.4290094376,-6.4494896531
train:6730,0,2.7397665977,2.7937140465,2.7803964019,2.7802567482,2.7597765326
train:6731,0,-2.0677423477,-2.0106484890,-2.0239661336,-2.0190169811,-2.0394971967
train:6732,0,-1.3756370544,-1.3842821121,-1.3975997567,-1.3100395203,-1.3305197358
train:6733,0,-0.7995978594,-0.7811703682,-0.7944880128,-0.7048360705,-0.7253162861
train:6735,0,1.1616302729,1.2178432941,1.2045256495,1.1995689869,1.1790887713
train:6736,0,1.3397864103,1.3342747688,1.3209571242,1.3574140072,1.3369337916
train:6737,0,1.4940645695,1.4988629818,1.4855453372,1.5297887325,1.5093085170
train:6738,0,1.9228119850,1.9980616570,1.9847440124,1.9738893509,1.9534091353
train:6739,0,-0.4465328455,-0.4380650818,-0.4513827264,-0.4124364257,-0.4329166412
train:6740,0,0.0165627133,0.0652924627,0.0519748181,-0.0113040805,-0.0317842960
train:6741,0,0.2435468435,0.2953115702,0.2819939256,0.2539620996,0.2334818840
train:6742,0,1.3454083204,1.3520063162,1.3386886716,1.4018478394,1.3813676238
train:6743,0,-0.2355201393,-0.2593112886,-0.2726289332,-0.2637720406,-0.2842522562
train:6744,0,2.1017346382,2.0885984898,2.0752808452,2.1120061874,2.0915259719
train:6745,0,-0.1607978344,-0.1792110205,-0.1925286651,-0.2465272844,-0.2670074999
train:6747,0,1.5740716457,1.5511070490,1.5377894044,1.6044263840,1.5839461684
train:6748,0,-1.4088931084,-1.3411529064,-1.3544705510,-1.4291396141,-1.4496198297
train:6749,0,-1.8241512775,-1.8043804169,-1.8176980615,-1.7774767876,-1.7979570031
train:6750,0,1.7156665325,1.7933228016,1.7800051570,1.7372548580,1.7167746425
train:6751,0,-0.7510784864,-0.7179553509,-0.7312729955,-0.7527843118,-0.7732645273
train:6752,0,0.7844256163,0.9205081463,0.9071905017,0.7999345660,0.7794543505
train:6756,0,0.9372497797,0.9610830545,0.9477654099,0.9208562970,0.9003760815
train:6758,0,-2.0753517151,-2.0136334896,-2.0269511342,-2.1044015884,-2.1248818040
train:6759,0,-0.4820914865,-0.4512872398,-0.4646048844,-0.5042359829,-0.5247161984
train:6764,0,1.3271919489,1.3494731188,1.3361554742,1.3747894764,1.3543092608
train:6765,0,-2.6340539455,-2.5773661137,-2.5906837583,-2.6296763420,-2.6501565576
train:6766,0,-0.4527000785,-0.4268018603,-0.4401195049,-0.3996618986,-0.4201421142
train:6767,0,-2.6868941784,-2.6064722538,-2.6197898984,-2.6383929253,-2.6588731408
train:6768,0,-0.5915103555,-0.5589698553,-0.5722874999,-0.6398340464,-0.6603142619
train:6769,0,-3.1148037910,-3.0192372799,-3.0325549245,-2.9115252495,-2.9320054650
train:6770,0,-1.1613322496,-1.2573864460,-1.2707040906,-1.1132972240,-1.1337774396
train:6771,-1,-6.0725760460,-5.9794049263,-5.9927225709,-6.1205034256,-6.1409836411
train:6772,0,1.5491578579,1.5465357304,1.5332180858,1.6128964424,1.5924162269
train:6773,0,-1.9522894621,-1.9464614391,-1.9597790837,-1.8878247738,-1.9083049893
train:6775,0,2.9816274643,2.9127533436,2.8994356990,2.9938900471,2.9734098315
train:6776,0,1.0183802843,1.0664061308,1.0530884862,0.9788715839,0.9583913684
train:6777,0,-0.1023835838,-0.0746885538,-0.0880061984,-0.0798071027,-0.1002873182
train:6778,0,-0.2248719335,-0.2005679607,-0.2138856053,-0.2234642208,-0.2439444363
train:6779,0,-0.1668066680,-0.1669750661,-0.1802927107,-0.1298240721,-0.1503042877
train:6780,0,1.8329223394,1.7888401747,1.7755225301,1.8211209774,1.8006407619
train:6781,0,0.3028541505,0.3323487937,0.3190311491,0.3602228463,0.3397426307
train:6782,0,-0.4184296131,-0.3829146922,-0.3962323368,-0.4411821961,-0.4616624117
train:6783,0,-2.2945227623,-2.2494559288,-2.2627735734,-2.2673954964,-2.2878757119
train:6784,0,-5.7589077950,-5.6055660248,-5.6188836694,-5.7251062393,-5.7455864549
train:6786,0,0.3818158507,0.3709907532,0.3576731086,0.4276176095,0.4071373940
train:6788,0,1.2562783957,1.3141033649,1.3007857203,1.2733223438,1.2528421283
train:6789,0,1.5706192255,1.6114966869,1.5981790423,1.6196520329,1.5991718173
train:6790,0,0.7876941562,0.7345869541,0.7212693095,0.7464756370,0.7259954214
train:6791,0,0.4528337717,0.4804015458,0.4670839012,0.4482455850,0.4277653694
train:6792,0,-5.4050936699,-5.3654742241,-5.3787918687,-5.4248018265,-5.4452820420
train:6793,0,2.7188196182,2.7874491215,2.7741314769,2.7656841278,2.7452039123
train:6794,0,0.0600229688,0.0442515612,0.0309339166,0.1430888772,0.1226086617
train:6795,0,0.6802594066,0.7457654476,0.7324478030,0.6500202417,0.6295400262
train:6796,0,3.0500810146,2.9832811356,2.9699634910,3.0246810913,3.0042008758
train:6798,0,-5.8017606735,-5.7152905464,-5.7286081910,-5.9137063026,-5.9341865182
train:6799,0,1.4800066948,1.4974321127,1.4841144681,1.4760103226,1.4555301070
train:6801,0,0.3592349291,0.4350502193,0.4217325747,0.3684344590,0.3479542434
train:6802,0,-1.0190995932,-1.0149890184,-1.0283066630,-0.9857766032,-1.0062568188
train:6803,0,2.7803962231,2.7871134281,2.7737957835,2.7335987091,2.7131184936
train:6804,0,1.9605667591,2.0200378895,2.0067202449,2.1074502468,2.0869700313
train:6805,0,2.2351877689,2.2640240192,2.2507063746,2.2335436344,2.2130634189
train:6806,0,0.4373663068,0.3760740757,0.3627564311,0.4779219627,0.4574417472
train:6807,0,-0.1495036483,-0.0869028866,-0.1002205312,-0.1396868378,-0.1601670533
train:6809,0,1.4917434454,1.5333883762,1.5200707316,1.5237200260,1.5032398105
train:6810,0,-2.9285056591,-2.8425981998,-2.8559158444,-2.9603610039,-2.9808412194
train:6811,0,-3.0016293526,-2.9874510765,-3.0007687211,-3.0137858391,-3.0342660546
train:6812,0,0.7707363367,0.8005211353,0.7872034907,0.7946615815,0.7741813660
train:6813,0,1.8531860113,1.8746323586,1.8613147140,1.8633992672,1.8429190516
train:6814,0,-1.2995820045,-1.2717335224,-1.2850511670,-1.2335681915,-1.2540484071
train:6815,0,-4.2016386986,-4.1938362122,-4.2071538568,-4.1340246201,-4.1545048356
train:6817,0,1.4160259962,1.4149594307,1.4016417861,1.4189572334,1.3984770179
train:6818,0,-0.0836190134,-0.0348096415,-0.0481272861,-0.0816282034,-0.1021084189
train:6819,0,1.1287963390,1.1090338230,1.0957161784,1.0760338306,1.0555536151
train:6821,0,-1.9843479395,-2.0159065723,-2.0292242169,-2.1033034325,-2.1237836480
train:6822,0,-0.3749133348,-0.3603592515,-0.3736768961,-0.3507376015,-0.3712178171
train:6823,0,0.5470730662,0.5254588127,0.5121411681,0.5961910486,0.5757108331
train:6824,0,-0.7940875292,-0.6701432467,-0.6834608912,-0.7245486379,-0.7450288534
train:6825,0,1.8744479418,1.8505864143,1.8372687697,1.8975501060,1.8770698905
train:6826,0,-4.9441413879,-4.8710989952,-4.8844166398,-4.8362054825,-4.8566856980
train:6827,0,-0.1783718318,-0.1614368409,-0.1747544855,-0.1249515414,-0.1454317570
train:6828,0,2.8232264519,2.8498108387,2.8364931941,2.7828905582,2.7624103427
train:6829,0,2.0491254330,2.0128378868,1.9995202422,2.0350592136,2.0145789981
train:6830,0,-2.2011632919,-2.2127716541,-2.2260892987,-2.1944358349,-2.2149160504
train:6831,0,1.0386519432,1.0830340385,1.0697163939,1.0510909557,1.0306107402
train:6832,0,0.9443390369,0.9698252678,0.9565076232,0.9534241557,0.9329439402
train:6833,0,0.6404166222,0.6939214468,0.6806038022,0.6527087688,0.6322285533
train:6834,0,0.1753946245,0.1668884456,0.1535708010,0.1936712563,0.1731910408
train:6835,0,1.7602087259,1.6786992550,1.6653816104,1.7895369530,1.7690567374
train:6836,0,1.3147195578,1.3755151033,1.3621974587,1.3324823380,1.3120021224
train:6837,0,-0.2647368014,-0.2457489371,-0.2590665817,-0.2099853754,-0.2304655910
train:6838,0,0.5839552283,0.6208969355,0.6075792909,0.6529790759,0.6324988604
train:6842,0,1.2481499910,-0.1207626909,-0.1340803355,1.4189751148,1.3984948993
train:6843,0,1.8079099655,1.8197597265,1.8064420819,1.7819962502,1.7615160346
train:6844,0,-0.0107555585,-0.0191454738,-0.0324631184,-0.0294762552,-0.0499564707
train:6845,0,1.1592118740,1.1936500072,1.1803323627,1.2066674232,1.1861872077
train:6846,0,2.5767886639,2.5299916267,2.5166739821,2.5296447277,2.5091645122
train:6851,0,1.6960327625,1.6673886776,1.6540710330,1.7207422256,1.7002620101
train:6852,-1,-1.2625479698,-1.2714619637,-1.2847796082,-1.3114516735,-1.3319318891
train:6853,0,-2.5999004841,-2.5260536671,-2.5393713117,-2.5273933411,-2.5478735566
train:6854,-1,-2.1339557171,-2.1618008614,-2.1751185060,-2.0670785904,-2.0875588059
train:6855,0,-2.1244032383,-2.1327631474,-2.1460807920,-2.0637178421,-2.0841980577
train:6856,0,1.5104233027,1.4917149544,1.4783973098,1.5544598103,1.5339795947
train:6857,0,0.9045070410,0.9827983379,0.9694806933,0.9288865924,0.9084063768
train:6858,0,-0.3641800880,-0.3443114758,-0.3576291203,-0.3993318677,-0.4198120832
train:6859,0,2.1730463505,2.1645405293,2.1512228847,2.2416844368,2.2212042212
train:6860,0,1.7265301943,1.8027646542,1.7894470096,1.7778983116,1.7574180961
train:6861,0,2.3629093170,2.3618834019,2.3485657573,2.3230686188,2.3025884032
train:6862,0,0.5548231602,0.5706740618,0.5573564172,0.5932933092,0.5728130937
train:6863,0,1.4725741148,1.4754176140,1.4620999694,1.5168492794,1.4963690639
train:6864,-1,-6.5098819733,-6.4128456116,-6.4261632562,-6.5126628876,-6.5331431031
train:6865,0,0.9001384974,0.8460482359,0.8327305913,0.9098504186,0.8893702030
train:6866,0,-0.1863999665,-0.1714107692,-0.1847284138,-0.1374919116,-0.1579721272
train:6867,0,-2.2629983425,-2.2257909775,-2.2391086221,-2.2771029472,-2.2975831628
train:6868,0,-2.4255692959,-2.4006545544,-2.4139721990,-2.3730883598,-2.3935685754
train:6869,0,-0.8893401623,-0.8109437227,-0.8242613673,-0.8858004212,-0.9062806368
train:6870,0,2.4775042534,2.4283509254,2.4150332808,2.5094108582,2.4889306426
train:6871,0,-0.7630584240,-0.7813086510,-0.7946262956,-0.7325446010,-0.7530248165
train:6872,0,1.6205344200,1.5849106312,1.5715929866,1.6352303028,1.6147500873
train:6873,0,2.6952939034,2.6523251534,2.6390075088,2.7281475067,2.7076672912
train:6874,0,-1.2578519583,-1.3050796986,-1.3183973432,-1.2597985268,-1.2802787423
train:6876,0,1.1866624355,1.1963089705,1.1829913259,1.1935615540,1.1730813384
train:6877,0,1.4507291317,1.4407368898,1.4274192452,1.5028724670,1.4823922515
train:6878,0,-4.5286564827,-4.4453821182,-4.4586997628,-4.4542832375,-4.4747634530
train:6879,0,2.0151865482,2.0539703369,2.0406526923,2.0027396679,1.9822594523
train:6880,0,1.8639771938,1.8469957113,1.8336780667,1.9279758930,1.9074956775
train:6881,0,1.5954767466,1.6306284666,1.6173108220,1.5905849934,1.5701047778
train:6883,0,0.2241287827,0.2418116927,0.2284940481,0.2109288871,0.1904486716
train:6884,0,-0.4861933291,-0.4595824778,-0.4729001224,-0.4925730824,-0.5130532980
train:6887,0,-2.8977982998,-2.8258249760,-2.8391426206,-2.9689741135,-2.9894543290
train:6888,0,2.2342288494,2.2192628384,2.2059451938,2.2193398476,2.1988596320
train:6889,0,1.9492191076,1.9947707653,1.9814531207,1.9481561184,1.9276759028
train:6890,0,-0.1097105294,-0.0850850344,-0.0984026790,-0.0945707709,-0.1150509864
train:6891,0,1.7941355705,1.8463865519,1.8330689073,1.7946887016,1.7742084861
train:6894,0,0.5987853408,0.6058142185,0.5924965739,0.6792228222,0.6587426066
train:6895,0,1.8962219954,1.9043467045,1.8910290599,1.8783066273,1.8578264117
train:6896,0,0.2412406802,0.3134829998,0.3001653552,0.2883479595,0.2678677440
train:6898,0,1.6092659235,1.5891897678,1.5758721232,1.6662552357,1.6457750201
train:6899,0,1.4058122635,1.3633544445,1.3500367999,1.3791985512,1.3587183356
train:6900,0,-0.9699904919,-0.9300723076,-0.9433899522,-0.9247977138,-0.9452779293
train:6901,0,1.1581256390,1.1283518076,1.1150341630,1.1573803425,1.1369001269
train:6902,0,1.4405970573,1.4293816090,1.4160639644,1.5273580551,1.5068778396
train:6903,0,-0.6723175049,-0.6280825138,-0.6414001584,-0.5979508162,-0.6184310317
train:6904,0,0.7266207933,0.6916037798,0.6782861352,0.7953929305,0.7749127150
train:6905,0,1.0850613117,1.1034457684,1.0901281238,1.0514886379,1.0310084224
train:6906,0,0.2116235197,0.2107862830,0.1974686384,0.3523466587,0.3318664432
train:6907,0,0.0946394578,0.0939551741,0.0806375295,0.1126352400,0.0921550244
train:6908,0,1.1549572945,1.1846420765,1.1713244319,1.2261843681,1.2057041526
train:6909,-1,-4.9492564201,-4.8734045029,-4.8867221475,-4.9923977852,-5.0128780007
train:6910,0,0.8946706057,1.0032384396,0.9899207950,0.8977187276,0.8772385120
train:6911,0,2.1485118866,2.1446878910,2.1313702464,2.2110810280,2.1906008124
train:6912,0,0.6015046835,0.6779271364,0.6646094918,0.6752215028,0.6547412872
train:6913,0,1.0440280437,1.0206480026,1.0073303580,1.0956490040,1.0751687884
train:6914,0,0.6182763577,0.5568165183,0.5434988737,0.6013669372,0.5808867216
train:6915,0,1.5149545670,1.4820379019,1.4687202573,1.4717986584,1.4513184428
train:6916,0,1.0656247139,1.2402529716,1.2269353271,1.2182297707,1.1977495551
train:6917,0,1.3941206932,1.3952059746,1.3818883300,1.3799469471,1.3594667315
train:6919,0,0.1569526643,0.1509349942,0.1376173496,0.1588867307,0.1384065151
train:6920,0,-0.9903668761,-0.9068804979,-0.9201981425,-0.8944512010,-0.9149314165
train:6921,0,2.4732339382,2.5106422901,2.4973246455,2.4022474289,2.3817672133
train:6922,0,1.3611044884,1.4159150124,1.4025973678,1.4649951458,1.4445149302
train:6923,0,-4.6755485535,-4.7125344276,-4.7258520722,-4.5929932594,-4.6134734750
train:6924,0,1.4045845270,1.3798186779,1.3665010333,1.4310724735,1.4105922580
train:6925,0,-1.5328259468,-1.5482039452,-1.5615215898,-1.5069270134,-1.5274072289
train:6927,0,1.5890314579,1.6048405170,1.5915228724,1.6306915283,1.6102113128
train:6928,0,0.4154432416,0.4394216537,0.4261040092,0.4343068600,0.4138266444
train:6929,0,-1.2552958727,-1.2150168419,-1.2283344865,-1.2279772758,-1.2484574914
train:6930,0,-1.3824028969,-1.3938354254,-1.4071530700,-1.3837044239,-1.4041846395
train:6932,0,-0.4833194613,-0.4276848137,-0.4410024583,-0.4212075472,-0.4416877627
train:6933,0,0.2686902583,0.2943394780,0.2810218334,0.3030194044,0.2825391889
train:6934,0,3.0372769833,3.0475156307,3.0341979861,3.0560255051,3.0355452895
train:6935,0,2.4382832050,2.3253691196,2.3120514750,2.3350205421,2.3145403266
train:6936,0,-1.4962680340,-1.4628361464,-1.4761537910,-1.4564685822,-1.4769487977
train:6937,0,0.8954671621,0.8817288876,0.8684112430,0.8763241172,0.8558439016
train:6938,0,1.3275117874,1.3304816484,1.3171640038,1.2912521362,1.2707719207
train:6939,0,2.2923414707,2.2703721523,2.2570545077,2.3349056244,2.3144254088
train:6940,-1,-4.9566731453,-4.9364638329,-4.9497814775,-4.8346471786,-4.8551273942
train:6941,0,0.1670677960,0.1791096628,0.1657920182,0.2254760265,0.2049958110
train:6944,0,0.5658191442,0.6777156591,0.6643980145,0.6057289243,0.5852487087
train:6945,0,0.9750304818,0.9767049551,0.9633873105,0.9667214155,0.9462412000
train:6946,0,-0.4918970764,-0.4398339689,-0.4531516135,-0.4406302571,-0.4611104727
train:6947,0,1.7915788889,1.7711954117,1.7578777671,1.7904973030,1.7700170875
train:6948,0,1.9712903500,1.9875732660,1.9742556214,1.9613547325,1.9408745170
train:6955,0,1.0407996178,1.0572763681,1.0439587235,1.0645631552,1.0440829396
train:6956,0,1.5684903860,1.5298275948,1.5165099502,1.6137304306,1.5932502151
train:6957,0,-5.2851443291,-5.4244866371,-5.4378042817,-5.4832267761,-5.5037069917
train:6958,0,-0.6459947228,-0.5573965311,-0.5707141757,-0.6202152371,-0.6406954527
train:6959,0,1.0642167330,1.0412443876,1.0279267430,1.0224807262,1.0020005107
train:6960,0,0.7218604684,0.7364028692,0.7230852246,0.7785519958,0.7580717802
train:6961,0,1.9751479626,2.0096945763,1.9963769317,1.9962346554,1.9757544398
train:6962,0,-0.8585628271,-0.8522360325,-0.8655536771,-0.8009826541,-0.8214628696
train:6964,0,-1.5046985149,-1.4188129902,-1.4321306348,-1.5419366360,-1.5624168515
train:6965,0,0.1356835514,0.2603373230,0.2470196784,0.1933279186,0.1728477031
train:6967,0,-0.1380963624,-0.0962147564,-0.1095324010,-0.0553269684,-0.0758071840
train:6968,0,0.9697230458,0.9802651405,0.9669474959,1.0206328630,1.0001526475
train:6969,0,-0.2002341747,-0.1657757908,-0.1790934354,-0.1311621815,-0.1516423970
train:6970,0,-4.0288081169,-3.9852368832,-3.9985545278,-4.0190095901,-4.0394898057
train:6971,0,1.2931472063,1.2192733288,1.2059556842,1.2759099007,1.2554296851
train:6972,0,-3.3181798458,-3.3302261829,-3.3435438275,-3.2289702892,-3.2494505048
train:6973,0,0.9863659739,1.0052908659,0.9919732213,1.0000014305,0.9795212150
train:6974,0,-3.8184814453,-3.7867877483,-3.8001053929,-3.7373714447,-3.7578516603
train:6975,0,1.4754058123,1.5340678692,1.5207502246,1.5689108372,1.5484306216
train:6976,0,-0.0759413317,-0.0948251784,-0.1081428230,-0.0741949677,-0.0946751833
train:6977,0,-0.1182004735,-0.0090824068,-0.0224000514,-0.0165098608,-0.0369900763
train:6978,0,1.5392127037,1.5438485146,1.5305308700,1.5862226486,1.5657424331
train:6979,0,-1.8783557415,-1.8372709751,-1.8505886197,-1.8689689636,-1.8894491792
train:6980,0,0.0632240549,0.0584815443,0.0451638997,0.1115758568,0.0910956413
train:6981,0,0.6666958332,0.6539064646,0.6405888200,0.6705440879,0.6500638723
train:6982,0,1.4773836136,1.5480651855,1.5347475410,1.5741260052,1.5536457896
train:6983,0,-0.3898360133,-0.3835408688,-0.3968585134,-0.3448395133,-0.3653197289
train:6984,0,1.9328653812,1.9474011660,1.9340835214,2.0107262135,1.9902459979
train:6985,0,1.2967134714,1.2973763943,1.2840587497,1.3251025677,1.3046223521
train:6986,0,1.2514301538,1.2843706608,1.2710530162,1.2622530460,1.2417728305
train:6987,0,-0.9082023501,-0.8721970320,-0.8855146766,-0.8690708280,-0.8895510435
train:6988,0,-1.9961041212,-1.9090989828,-1.9224166274,-1.9519009590,-1.9723811746
train:6989,0,-0.2248194218,-0.1690103114,-0.1823279560,-0.2158341408,-0.2363143563
train:6990,0,2.0097413063,1.9798341990,1.9665165544,2.0537483692,2.0332681537
train:6991,0,0.7033106685,0.6852993965,0.6719817519,0.7378019691,0.7173217535
train:6992,0,-2.0667779446,-1.9928734303,-2.0061910748,-2.1106762886,-2.1311565042
train:6993,0,2.2518594265,2.2631080151,2.2497903705,2.2874641418,2.2669839263
train:6994,0,1.3375318050,1.3006362915,1.2873186469,1.3731210232,1.3526408076
train:6995,0,2.2788026333,2.2854955196,2.2721778750,2.2480864525,2.2276062369
train:6996,0,0.4965941906,0.4925852418,0.4792675972,0.4770848155,0.4566046000
train:6997,0,0.6947317719,0.6745139360,0.6611962914,0.7556106448,0.7351304293
train:6998,0,-0.1784061193,-0.1720599532,-0.1853775978,-0.1515158117,-0.1719960272
train:6999,0,0.4954269826,0.5222124457,0.5088948011,0.4730719328,0.4525917172
train:7000,0,-2.1443908215,-2.0570132732,-2.0703309178,-2.0375723839,-2.0580525994
train:7002,0,1.8085303307,1.8620704412,1.8487527966,1.8235716820,1.8030914664
train:7003,0,0.5652432442,0.5458002090,0.5324825644,0.5961437821,0.5756635666
train:7004,0,1.5152508020,1.5814344883,1.5681168437,1.6279449463,1.6074647307
train:7005,0,0.6923381686,0.6265609264,0.6132432818,0.7117352486,0.6912550330
train:7008,0,-0.9374668002,-0.9515378475,-0.9648554921,-0.9058145881,-0.9262948036
train:7009,0,0.9290242195,0.9410445690,0.9277269244,0.9836892486,0.9632090330
train:7010,0,0.6089277267,0.6877090931,0.6743914485,0.6741390824,0.6536588669
train:7011,-1,-4.5307559967,-4.5204381943,-4.5337558389,-4.5428700447,-4.5633502603
train:7012,0,-0.8279158473,-0.7396196127,-0.7529372573,-0.7630589008,-0.7835391164
train:7015,0,1.8279942274,1.8383125067,1.8249948621,1.8923349380,1.8718547225
train:7016,0,-1.1034740210,-1.0796089172,-1.0929265618,-1.0567867756,-1.0772669911
train:7018,0,1.3705112934,1.3012592793,1.2879416347,1.3659589291,1.3454787135
train:7020,0,-0.9514162540,-0.9826561213,-0.9959737659,-0.8722141385,-0.8926943541
train:7021,0,1.0045070648,1.1219679117,1.1086502671,0.9866240621,0.9661438465
train:7022,0,0.7906058431,0.8878839016,0.8745662570,0.8589771390,0.8384969234
train:7024,0,3.1224296093,3.1344511509,3.1211335063,3.0646052361,3.0441250205
train:7026,0,-0.4057858884,-0.3821738064,-0.3954914510,-0.3563071489,-0.3767873645
train:7027,0,-2.1864600182,-2.1969017982,-2.2102194428,-2.1343402863,-2.1548205018
train:7029,0,-0.4576210082,-0.4254356921,-0.4387533367,-0.4073867202,-0.4278669357
train:7030,0,-1.3200045824,-1.2127933502,-1.2261109948,-1.2329304218,-1.2534106374
train:7031,0,0.8104560375,0.8101247549,0.7968071103,0.8757052422,0.8552250266
train:7032,0,1.5544199944,1.4762254953,1.4629078507,1.5115628242,1.4910826087
train:7033,0,0.5456961393,0.5951395035,0.5818218589,0.6100692153,0.5895889997
train:7036,0,0.9582010508,0.8312444687,0.8179268241,0.9302358031,0.9097555876
train:7038,0,1.5822247267,1.6292229891,1.6159053445,1.6291921139,1.6087118983
train:7039,0,1.4086663723,1.6579608917,1.6446432471,1.5748145580,1.5543343425
train:7040,0,2.4318559170,2.4255108833,2.4121932387,2.4398007393,2.4193205237
train:7041,0,1.5596650839,1.5196170807,1.5062994361,1.6062035561,1.5857233405
train:7042,0,-4.4021358490,-4.2340760231,-4.2473936677,-4.4058179855,-4.4262982011
train:7043,0,1.9860980511,1.9227495193,1.9094318748,1.9751532078,1.9546729922
train:7044,0,1.2774500847,1.3136645555,1.3003469110,1.2549960613,1.2345158458
train:7045,0,1.4518049955,1.4401361942,1.4268185496,1.4469904900,1.4265102744
train:7046,0,1.4321254492,1.4448153973,1.4314977527,1.3144099712,1.2939297557
train:7047,0,-1.2682406902,-1.2379777431,-1.2512953877,-1.2367053032,-1.2571855187
train:7048,0,0.0262479614,0.0510197580,0.0377021134,0.0874345303,0.0669543147
train:7049,0,0.8464843631,0.7949199677,0.7816023231,0.8606593013,0.8401790857
train:7050,0,0.4581337273,0.4110651612,0.3977475166,0.4873968363,0.4669166207
train:7052,0,0.4543781281,0.5066278577,0.4933102131,0.5292286873,0.5087484717
train:7054,0,0.1582742184,0.1022169292,0.0888992846,0.1098725349,0.0893923193
train:7055,0,-3.4074425697,-3.4005608559,-3.4138785005,-3.3757171631,-3.3961973786
train:7056,0,-0.2097500116,-0.2295966446,-0.2429142892,-0.1884619296,-0.2089421451
train:7057,0,-5.3109169006,-5.3051686287,-5.3184862733,-5.2647709846,-5.2852512002
train:7059,0,-0.3297262192,-0.3044445217,-0.3177621663,-0.3158599436,-0.3363401592
train:7060,0,1.7061471939,1.7104842663,1.6971666217,1.7399210930,1.7194408774
train:7062,0,1.5587093830,1.5131897926,1.4998721480,1.5332822800,1.5128020644
train:7063,0,-0.8789101243,-0.8413759470,-0.8546935916,-0.8352701664,-0.8557503819
train:7064,0,0.6603717208,0.6978999376,0.6845822930,0.6301702857,0.6096900702
train:7065,0,-1.3440701962,-1.3103301525,-1.3236477971,-1.2657003403,-1.2861805558
train:7067,0,-0.7656452060,-0.7657581568,-0.7790758014,-0.7388897538,-0.7593699694
train:7068,0,2.3229966164,2.3111956120,2.2978779674,2.3208925724,2.3004123569
train:7069,0,-4.6713318825,-4.5866045952,-4.5999222398,-4.6702017784,-4.6906819940
train:7070,0,-1.4495230913,-1.4711947441,-1.4845123887,-1.4803452492,-1.5008254647
train:7071,0,2.0595862865,2.0539910793,2.0406734347,2.1059443951,2.0854641795
train:7072,0,1.0366406441,1.0120764971,0.9987588525,1.0262446404,1.0057644248
train:7073,0,-1.6852724552,-1.6205779314,-1.6338955760,-1.6739447117,-1.6944249272
train:7074,0,-2.5657899380,-2.6064658165,-2.6197834611,-2.5780503750,-2.5985305905
train:7075,0,-4.6362361908,-4.5447034836,-4.5580211282,-4.5783281326,-4.5988083482
train:7076,0,-6.0709767342,-5.9684352875,-5.9817529321,-6.0398674011,-6.0603476167
train:7078,0,0.1364416629,0.1402916461,0.1269740015,0.1606384516,0.1401582360
train:7079,0,-1.2672237158,-1.2168216705,-1.2301393151,-1.2548856735,-1.2753658891
train:7080,0,1.1903848648,1.1952939034,1.1819762588,1.2011396885,1.1806594729
train:7081,0,0.9784758091,1.0445165634,1.0311989188,1.0427255630,1.0222453475
train:7082,0,-2.4576530457,-2.4270722866,-2.4403899312,-2.4274964333,-2.4479766488
train:7083,0,1.1945981979,1.1948633194,1.1815456748,1.2256522179,1.2051720023
train:7084,0,1.1578574181,1.1455554962,1.1322378516,1.1922049522,1.1717247367
train:7085,0,0.7425534725,0.7465939522,0.7332763076,0.7902564406,0.7697762251
train:7086,0,0.3696291745,0.4520365596,0.4387189150,0.4037974477,0.3833172321
train:7088,0,0.3360673189,0.3274810016,0.3141633570,0.3544207215,0.3339405060
train:7089,0,-5.0897402763,-5.0466403961,-5.0599580407,-4.9766025543,-4.9970827699
train:7090,0,1.2495062351,1.3372777700,1.3239601254,1.2481846809,1.2277044654
train:7091,0,0.7226940989,0.7434574366,0.7301397920,0.7235572934,0.7030770779
train:7092,0,0.4692407548,0.5069005489,0.4935829043,0.4844117463,0.4639315307
train:7096,0,1.3388497829,1.3107917309,1.2974740863,1.3471517563,1.3266715407
train:7097,0,0.7888320684,0.7510032654,0.7376856208,0.8244456649,0.8039654493
train:7099,0,1.2750587463,1.3089580536,1.2956404090,1.2877883911,1.2673081756
train:7100,0,-2.4157924652,-2.3696734905,-2.3829911351,-2.3881387711,-2.4086189866
train:7101,0,1.4473706484,1.4238088131,1.4104911685,1.4781887531,1.4577085376
train:7102,-1,-1.9515321255,-2.0045266151,-2.0178442597,-1.9214217663,-1.9419019818
train:7103,-1,-2.3148715496,-2.3158209324,-2.3291385770,-2.3157896996,-2.3362699151
train:7104,0,0.4439302981,0.4441990256,0.4308813810,0.4364307821,0.4159505665
train:7105,0,-3.1366269588,-3.1221382618,-3.1354559064,-3.1121382713,-3.1326184869
train:7106,0,-2.1220848560,-2.0292923450,-2.0426099896,-2.0862710476,-2.1067512631
train:7108,0,1.2382663488,1.2510966063,1.2377789617,1.2683370113,1.2478567958
train:7109,0,-2.5467877388,-2.4716155529,-2.4849331975,-2.5301249027,-2.5506051183
train:7110,0,0.7908149362,0.7988181114,0.7855004668,0.7682335377,0.7477533221
train:7111,0,2.0238096714,2.0468392372,2.0335215926,2.0549333096,2.0344530940
train:7112,0,1.9430197477,1.9760552645,1.9627376199,1.9200267792,1.8995465636
train:7113,0,0.5274108052,0.5778752565,0.5645576119,0.5395466089,0.5190663934
train:7114,0,-0.7979733944,-0.8288707733,-0.8421884179,-0.7871024013,-0.8075826168
train:7115,0,-0.5110118985,-0.5189942122,-0.5323118567,-0.4887486100,-0.5092288256
train:7116,0,-0.5954968333,-0.5893352032,-0.6026528478,-0.6000726223,-0.6205528378
train:7117,0,2.3330342770,2.3707060814,2.3573884368,2.3356547356,2.3151745200
train:7118,0,0.6481348276,0.7017850876,0.6884674430,0.6595564485,0.6390762329
train:7119,0,-1.7790397406,-1.7269005775,-1.7402182221,-1.7661404610,-1.7866206765
train:7120,0,1.7544832230,1.7830928564,1.7697752118,1.8059756756,1.7854954600
train:7121,0,0.2488159984,0.2790842652,0.2657666206,0.3052475452,0.2847673297
train:7122,0,0.2131880969,0.2426990122,0.2293813676,0.2319618464,0.2114816308
train:7123,0,-1.0088063478,-1.0064060688,-1.0197237134,-0.9458479285,-0.9663281441
train:7124,0,-1.3806796074,-1.2844712734,-1.2977889180,-1.3885791302,-1.4090593457
train:7125,0,0.0727255195,0.1108664051,0.0975487605,0.0965903997,0.0761101842
train:7126,0,2.4474763870,2.3990318775,2.3857142329,2.4706888199,2.4502086043
train:7127,0,0.2517291605,0.2711933851,0.2578757405,0.2897951603,0.2693149447
train:7129,0,-0.9598011374,-0.8817598820,-0.8950775266,-0.9295120835,-0.9499922991
train:7130,0,1.7511051893,1.7162508965,1.7029332519,1.7331278324,1.7126476169
train:7131,0,-0.0998777300,-0.1075997055,-0.1209173501,-0.1145556718,-0.1350358874
train:7132,0,0.5032277107,0.5261895657,0.5128719211,0.4759463668,0.4554661512
train:7133,0,-0.3695800900,-0.3344977796,-0.3478154242,-0.3977318406,-0.4182120562
train:7134,0,-0.0587855279,-0.0228106976,-0.0361283422,-0.0317407995,-0.0522210151
train:7135,0,0.5661125183,0.5653450489,0.5520274043,0.6088929176,0.5884127021
train:7136,0,1.9249922037,1.9318876266,1.9185699821,1.9290797710,1.9085995555
train:7137,0,-1.5462888479,-1.5204744339,-1.5337920785,-1.5013232231,-1.5218034387
train:7139,0,-0.1971025467,-0.1612238288,-0.1745414734,-0.1353116482,-0.1557918638
train:7140,0,2.2344217300,2.3017482758,2.2884306312,2.2985858917,2.2781056762
train:7141,0,-0.1199956611,-0.0903106034,-0.1036282480,-0.0986885726,-0.1191687882
train:7142,0,1.0659782887,1.0376136303,1.0242959857,1.0783224106,1.0578421950
train:7143,0,-0.2069081962,-0.1258672625,-0.1391849071,-0.1740767360,-0.1945569515
train:7144,-1,-3.7870678902,-3.9284012318,-3.9417188764,-3.7715883255,-3.7920685410
train:7145,0,-0.2073908001,-0.1564923227,-0.1698099673,-0.1752395928,-0.1957198083
train:7146,0,1.0902090073,1.1297401190,1.1164224744,1.1607854366,1.1403052211
train:7147,0,1.0770171881,1.1013321877,1.0880145431,1.1157317162,1.0952515006
train:7150,0,1.8821883202,1.8985371590,1.8852195144,1.9118189812,1.8913387656
train:7152,0,2.9290730953,2.9074239731,2.8941063285,2.8890414238,2.8685612082
train:7153,0,-1.8315666914,-1.8062059879,-1.8195236325,-1.8021440506,-1.8226242661
train:7154,0,2.0983545780,2.1477913857,2.1344737411,2.0621311665,2.0416509509
train:7156,0,-4.1572508812,-4.1339621544,-4.1472797990,-4.2727746964,-4.2932549119
train:7157,0,-1.2316009998,-1.2212381363,-1.2345557809,-1.2591612339,-1.2796414495
train:7158,0,-4.4321231842,-4.5703802109,-4.5836978555,-4.5182323456,-4.5387125611
train:7159,0,0.8262296319,0.8419047594,0.8285871148,0.8731846213,0.8527044058
train:7160,0,-0.8196292520,-0.8479936123,-0.8613112569,-0.7985997796,-0.8190799952
train:7161,0,1.8146749735,1.9315247536,1.9182071090,1.8086760044,1.7881957889
train:7163,0,-0.8015531301,-0.8254646063,-0.8387822509,-0.9122405648,-0.9327207804
train:7165,0,0.3261509538,0.3545618057,0.3412441611,0.3887447417,0.3682645261
train:7166,0,0.5780620575,0.6451071501,0.6317895055,0.6019463539,0.5814661384
train:7167,0,-0.6386094093,-0.6321107149,-0.6454283595,-0.5952409506,-0.6157211661
train:7168,0,0.3824983239,0.3750569820,0.3617393374,0.3734714985,0.3529912829
train:7169,0,1.6154744625,1.6383363008,1.6250186563,1.6998612881,1.6793810725
train:7170,-1,-2.7019040585,-2.6315925121,-2.6449101567,-2.6627192497,-2.6831994653
train:7172,0,-0.0917702615,-0.0502315238,-0.0635491684,-0.1054700762,-0.1259502918
train:7173,0,0.6055813432,0.7015053034,0.6881876588,0.6564502716,0.6359700561
train:7174,0,-4.1769838333,-4.0714907646,-4.0848084092,-4.1726031303,-4.1930833459
train:7175,0,-0.0274303891,-0.0446757972,-0.0579934418,-0.0466476083,-0.0671278238
train:7176,0,-2.0393574238,-2.2008328438,-2.2141504884,-2.0885431767,-2.1090233922
train:7177,0,0.9871315956,0.9889866114,0.9756689668,1.0030791759,0.9825989604
train:7178,0,-2.7353429794,-2.6826255322,-2.6959431767,-2.6970424652,-2.7175226808
train:7179,0,-0.4091052115,-0.4211168885,-0.4344345331,-0.4383153319,-0.4587955475
train:7181,0,0.1914745569,0.2177893668,0.2044717222,0.1480852962,0.1276050806
train:7182,0,1.3324439526,1.3419396877,1.3286220431,1.3480231762,1.3275429606
train:7183,0,-0.0245247744,0.0291491449,0.0158315003,0.0278953761,0.0074151605
train:7184,0,-0.7122117877,-0.7457975149,-0.7591151595,-0.6701485515,-0.6906287670
train:7185,0,1.8708643913,1.9090151787,1.8956975341,1.9833049774,1.9628247619
train:7187,0,-1.8253722191,-1.7107580900,-1.7240757346,-1.8030014038,-1.8234816194
train:7188,0,3.3649063110,3.3450434208,3.3317257762,3.3975129128,3.3770326972
train:7189,0,0.8596284986,0.8591952324,0.8458775878,0.8654029369,0.8449227214
train:7190,0,0.4341434240,0.5405710936,0.5272534490,0.4133131504,0.3928329349
train:7191,0,0.2677314878,0.3285607398,0.3152430952,0.3062443137,0.2857640982
train:7192,0,-3.0748922825,-3.0964827538,-3.1098003983,-3.0774264336,-3.0979066491
train:7193,0,-0.1050989106,-0.1152446568,-0.1285623014,-0.1373398304,-0.1578200459
train:7194,0,2.4917261600,2.4765019417,2.4631842971,2.4933810234,2.4729008079
train:7195,0,1.7071833611,1.7059516907,1.6926340461,1.7805356979,1.7600554824
train:7196,0,-0.8075236678,-0.7922209501,-0.8055385947,-0.7832571864,-0.8037374020
train:7197,0,0.1359030157,0.1548123211,0.1414946765,0.1172513366,0.0967711210
train:7198,0,-1.0392278433,-1.0692460537,-1.0825636983,-1.0246169567,-1.0450971723
train:7201,0,-2.1527976990,-2.0914161205,-2.1047337651,-2.1487462521,-2.1692264676
train:7202,0,2.5427026749,2.5030784607,2.4897608161,2.5452034473,2.5247232318
train:7203,0,1.6862567663,1.6869626045,1.6736449599,1.6967749596,1.6762947440
train:7204,0,-1.7833052874,-1.7374861240,-1.7508037686,-1.7095124722,-1.7299926877
train:7205,0,-0.4627060890,-0.4279970825,-0.4413147271,-0.4829204679,-0.5034006834
train:7207,0,-0.6503274441,-0.6592705250,-0.6725881696,-0.6034694910,-0.6239497066
train:7208,0,0.7565857768,0.7508475780,0.7375299335,0.8785285354,0.8580483198
train:7209,0,2.5436217785,2.5535376072,2.5402199626,2.5354707241,2.5149905086
train:7210,0,-0.4626139700,-0.3624365330,-0.3757541776,-0.4257156849,-0.4461959004
train:7212,0,-2.8449351788,-2.8400800228,-2.8533976674,-2.9281182289,-2.9485984445
train:7213,0,-2.5808651447,-2.5555446148,-2.5688622594,-2.5709633827,-2.5914435983
train:7215,0,-0.3095065057,-0.2522150278,-0.2655326724,-0.3210896254,-0.3415698409
train:7217,0,-0.1998183429,-0.1540219486,-0.1673395932,-0.1697617471,-0.1902419627
train:7218,-1,-1.8047966957,-1.8081070185,-1.8214246631,-1.7757623196,-1.7962425351
train:7219,0,1.8247952461,1.8373068571,1.8239892125,1.8291728497,1.8086926341
train:7220,0,2.1006813049,2.0592737198,2.0459560752,2.1247122288,2.1042320132
train:7221,0,2.8372917175,2.7957277298,2.7824100852,2.8336191177,2.8131389022
train:7224,0,-0.0329082049,-0.0205440521,-0.0338616967,0.0242993832,0.0038191676
train:7227,0,1.0435740948,1.1074991226,1.0941814780,1.0579472780,1.0374670625
train:7228,0,-0.2174333930,-0.2111879289,-0.2245055735,-0.1681248546,-0.1886050701
train:7230,0,-1.4100995064,-1.3276464939,-1.3409641385,-1.3432412148,-1.3637214303
train:7231,0,1.7134604454,1.7694151402,1.7560974956,1.7709398270,1.7504596114
train:7232,0,2.2170779705,2.2661721706,2.2528545260,2.2337727547,2.2132925391
train:7233,0,1.0497612953,1.1304072142,1.1170895696,1.0310693979,1.0105891824
train:7234,0,0.8332428336,0.8591483831,0.8458307385,0.8839409947,0.8634607792
train:7235,0,2.4064786434,2.4397394657,2.4264218211,2.3734765053,2.3529962897
train:7236,0,-0.8126346469,-0.8126492500,-0.8259668946,-0.8231473565,-0.8436275721
train:7239,0,1.3851102591,1.3705089092,1.3571912646,1.3874232769,1.3669430614
train:7240,0,-0.0983231440,-0.1496033818,-0.1629210263,-0.0840081125,-0.1044883281
train:7241,0,0.2457270473,0.2616569996,0.2483393550,0.2759583592,0.2554781437
train:7242,0,0.3882730007,0.3723203242,0.3590026796,0.4385268390,0.4180466235
train:7243,-1,-3.9692947865,-3.9536111355,-3.9669287801,-3.7130718231,-3.7335520387
train:7244,0,-0.4689465165,-0.4028142095,-0.4161318541,-0.4918627143,-0.5123429298
train:7245,0,1.4133160114,1.4036896229,1.3903719783,1.4320635796,1.4115833640
train:7246,0,-1.6779581308,-1.7314186096,-1.7447362542,-1.6080832481,-1.6285634637
train:7247,0,0.9722861052,1.0292885303,1.0159708858,0.9868237376,0.9663435221
train:7248,0,0.2032520920,0.1951178908,0.1818002462,0.1476277113,0.1271474957
train:7249,-1,-2.4124293327,-2.4459202290,-2.4592378736,-2.4817652702,-2.5022454858
train:7250,0,2.3708975315,2.3094954491,2.2961778045,2.3386111259,2.3181309104
train:7252,0,-0.0743764862,-0.0374388695,-0.0507565141,-0.0374051332,-0.0578853488
train:7253,0,1.5341656208,1.5402920246,1.5269743800,1.5355446339,1.5150644183
train:7254,0,1.5782506466,1.5683088303,1.5549911857,1.6166672707,1.5961870551
train:7255,0,-2.5514008999,-2.4850838184,-2.4984014630,-2.5579190254,-2.5783992410
train:7256,0,-0.9447236061,-1.0017230511,-1.0150406957,-0.9059843421,-0.9264645576
train:7258,0,-0.1378269196,-0.1192522645,-0.1325699091,-0.1103394032,-0.1308196187
train:7259,0,-0.1263147295,-0.0603011549,-0.0736187994,-0.1478504539,-0.1683306694
train:7262,-1,-2.6331288815,-2.5936260223,-2.6069436669,-2.4660384655,-2.4865186810
train:7266,0,-0.7145109177,-0.6839714050,-0.6972890496,-0.7679913640,-0.7884715796
train:7267,0,-5.3917741776,-5.3502955437,-5.3636131883,-5.5422191620,-5.5626993775
train:7269,0,2.7693438530,2.7822425365,2.7689248919,2.8217964172,2.8013162017
train:7270,0,-1.2850891352,-1.3182106018,-1.3315282464,-1.2797522545,-1.3002324700
train:7271,0,1.0735372305,1.0942534208,1.0809357762,1.1175508499,1.0970706344
train:7272,0,-3.6064620018,-3.6042883396,-3.6176059842,-3.6415708065,-3.6620510221
train:7273,0,-1.9354122877,-1.9267389774,-1.9400566220,-1.9153938293,-1.9358740449
train:7274,0,-2.2093768120,-2.2072618008,-2.2205794454,-2.1524662971,-2.1729465127
train:7275,0,-3.5986402035,-3.5723397732,-3.5856574178,-3.5561566353,-3.5766368508
train:7276,0,-0.8283608556,-0.8265882730,-0.8399059176,-0.7252778411,-0.7457580566
train:7279,0,1.5263402462,1.4759929180,1.4626752734,1.5808963776,1.5604161620
train:7280,0,1.8164033890,1.8094117641,1.7960941195,1.8207080364,1.8002278209
train:7281,0,-5.1633248329,-5.0810151100,-5.0943327546,-5.2516250610,-5.2721052766
train:7282,0,-0.1558063477,-0.1099163592,-0.1232340038,-0.1493041813,-0.1697843969
train:7283,0,-3.2583940029,-3.3052942753,-3.3186119199,-3.3977580070,-3.4182382226
train:7284,-1,-2.4504013062,-2.4595708847,-2.4728885293,-2.4754929543,-2.4959731698
train:7285,0,1.7552760839,1.7178430557,1.7045254111,1.8171265125,1.7966462970
train:7286,0,-0.7453208566,-0.7046489716,-0.7179666162,-0.7384575009,-0.7589377165
train:7290,0,-0.1588522643,-0.1433025748,-0.1566202193,-0.2060087919,-0.2264890075
train:7291,0,1.3240610361,1.3875432014,1.3742255569,1.3374168873,1.3169366717
train:7293,0,2.4707930088,2.4828498363,2.4695321918,2.5075807571,2.4871005416
train:7294,0,0.0407448933,0.0323392749,0.0190216303,0.0347668678,0.0142866522
train:7296,0,1.4849156141,1.4819036722,1.4685860276,1.4500451088,1.4295648932
train:7299,0,0.8580691814,0.8642424345,0.8509247899,0.8694377542,0.8489575386
train:7300,0,1.0546386242,1.0373861790,1.0240685344,1.1126430035,1.0921627879
train:7302,0,1.9494938850,2.0246424675,2.0113248229,1.9893486500,1.9688684344
train:7303,0,-0.6114941835,-0.5756279230,-0.5889455676,-0.5485777259,-0.5690579414
train:7304,0,0.3282152116,0.3028703928,0.2895527482,0.3566155732,0.3361353576
train:7305,0,0.5608311892,0.6044647694,0.5911471248,0.5694870353,0.5490068197
train:7306,0,0.6879608035,0.7176089287,0.7042912841,0.7473410368,0.7268608212
train:7307,0,-0.4161175191,-0.4549339712,-0.4682516158,-0.4546402693,-0.4751204848
train:7309,0,1.9101456404,1.9050855637,1.8917679191,1.8994743824,1.8789941669
train:7311,0,1.9093817472,1.9317145348,1.9183968902,1.9322557449,1.9117755294
train:7312,0,0.7817896605,0.8062913418,0.7929736972,0.8274393082,0.8069590926
train:7313,0,1.7092750072,1.7353245020,1.7220068574,1.7489881516,1.7285079360
train:7314,0,0.7590540648,0.7505568266,0.7372391820,0.7407261729,0.7202459574
train:7315,0,-4.8409757614,-4.8593916893,-4.8727093339,-4.8548531532,-4.8753333688
train:7316,0,1.5071105957,1.5026400089,1.4893223643,1.5393967628,1.5189165473
train:7319,0,0.8253167272,0.7915103436,0.7781926990,0.8575423956,0.8370621800
train:7320,0,2.0124135017,2.0241703987,2.0108527541,2.0061185360,1.9856383204
train:7322,0,0.6779485345,0.6603190899,0.6470014453,0.6264995933,0.6060193777
train:7323,0,1.2928425074,1.3317202330,1.3184025884,1.2843723297,1.2638921142
train:7324,0,1.8034348488,1.8018976450,1.7885800004,1.8621044159,1.8416242003
train:7325,0,3.1508502960,3.1928911209,3.1795734763,3.1853485107,3.1648682952
train:7326,0,1.5579346418,1.5418791771,1.5285615325,1.5612280369,1.5407478213
train:7327,0,2.5968980789,2.5939981937,2.5806805491,2.5412909985,2.5208107829
train:7328,0,-0.1731644273,-0.2302673459,-0.2435849905,-0.1764343381,-0.1969145536
train:7329,0,0.9610857964,0.9145878553,0.9012702107,0.9454643726,0.9249841571
train:7330,0,1.3679702282,1.3428015709,1.3294839263,1.4187505245,1.3982703090
train:7331,0,-0.1009682715,-0.0245026499,-0.0378202945,-0.0882653147,-0.1087455302
train:7332,0,0.1441351473,0.1518317163,0.1385140717,0.1784635633,0.1579833478
train:7333,0,1.5461187363,1.5965311527,1.5832135081,1.5332391262,1.5127589107
train:7334,0,-1.6702605486,-1.5668680668,-1.5801857114,-1.7599601746,-1.7804403901
train:7336,0,-0.2555026114,-0.1970286071,-0.2103462517,-0.1462017596,-0.1666819751
train:7337,0,-2.2723579407,-2.2291743755,-2.2424920201,-2.2999191284,-2.3203993440
train:7339,0,-3.2568123341,-3.1805803776,-3.1938980222,-3.2334036827,-3.2538838983
train:7340,0,-5.8828077316,-5.8349947929,-5.8483124375,-5.8817787170,-5.9022589326
train:7341,0,0.5754355788,0.5950378180,0.5817201734,0.6541552544,0.6336750388
train:7342,0,2.3040478230,2.2612671852,2.2479495406,2.2815966606,2.2611164451
train:7343,0,-0.0098744165,-0.0743185878,-0.0876362324,-0.0567033887,-0.0771836042
train:7344,0,2.1832902431,2.1541466713,2.1408290267,2.2161467075,2.1956664920
train:7345,0,-0.8428933620,-0.9510555267,-0.9643731713,-0.7311692834,-0.7516494989
train:7346,-2,-7.7731561661,-7.7609248161,-7.7742424607,-8.3111839294,-8.3316641450
train:7347,0,0.3288955390,0.4154241979,0.4021065533,0.3192000985,0.2987198830
train:7349,0,1.0105597973,1.0162577629,1.0029401183,1.0018188953,0.9813386798
train:7350,0,-2.6099417210,-2.5075609684,-2.5208786130,-2.6253507137,-2.6458309293
train:7351,0,2.1285607815,2.1390750408,2.1257573962,2.1664228439,2.1459426284
train:7352,0,2.7272946835,2.6945898533,2.6812722087,2.7533121109,2.7328318954
train:7353,0,2.5335354805,2.5309636593,2.5176460147,2.5264265537,2.5059463382
train:7354,0,0.2714246809,0.2915783823,0.2782607377,0.3031711578,0.2826909423
train:7355,0,0.2203246653,0.2465590239,0.2332413793,0.2359859645,0.2155057490
train:7356,0,-0.8633525372,-0.8290108442,-0.8423284888,-0.8454968333,-0.8659770489
train:7358,0,1.5429043770,1.5768320560,1.5635144114,1.6075160503,1.5870358348
train:7360,0,0.8490015864,0.8629753590,0.8496577144,0.8746225238,0.8541423082
train:7361,0,-1.7382342815,-1.6020493507,-1.6153669953,-1.6657176018,-1.6861978173
train:7362,0,2.4011552334,2.3671262264,2.3538085818,2.4388890266,2.4184088111
train:7363,0,0.5184596777,0.5100373030,0.4967196584,0.5484646559,0.5279844403
train:7364,0,1.0092864037,1.0353289843,1.0220113397,1.0139238834,0.9934436679
train:7365,0,0.3395605981,0.3583171666,0.3449995220,0.3583748937,0.3378946781
train:7366,0,0.7723469138,0.8774285316,0.8641108871,0.8108892441,0.7904090285
train:7367,0,-0.2898772061,-0.2776794732,-0.2909971178,-0.2937744260,-0.3142546415
train:7368,0,0.1186280474,0.1922219098,0.1789042652,0.1316823661,0.1112021506
train:7372,0,-1.2006350756,-1.1748170853,-1.1881347299,-1.1464204788,-1.1669006944
train:7373,0,1.1257382631,1.1136528254,1.1003351808,1.1711065769,1.1506263614
train:7375,0,2.3571932316,2.3805670738,2.3672494292,2.3347589970,2.3142787814
train:7376,0,0.9896001220,1.0228952169,1.0095775723,1.0035817623,0.9831015468
train:7377,0,1.8613704443,1.8654348850,1.8521172404,1.9119334221,1.8914532065
train:7378,0,0.4878099263,0.5173944235,0.5040767789,0.5322704911,0.5117902756
train:7379,0,-1.4661465883,-1.4596790075,-1.4729966521,-1.4526305199,-1.4731107354
train:7381,0,-2.3577065468,-2.3132941723,-2.3266118169,-2.3276836872,-2.3481639028
train:7382,0,1.6543800831,1.6246123314,1.6112946868,1.6872961521,1.6668159366
train:7383,0,-0.3620894551,-0.3771789372,-0.3904965818,-0.3258203268,-0.3463005424
train:7384,0,-0.9481102228,-0.9147140980,-0.9280317426,-0.9346118569,-0.9550920725
train:7386,0,-0.5897424817,-0.5676923990,-0.5810100436,-0.5629711747,-0.5834513903
train:7388,0,0.3788104951,0.3543704450,0.3410528004,0.3634760380,0.3429958224
train:7389,0,2.1572899818,2.1403937340,2.1270760894,2.1443710327,2.1238908172
train:7391,0,1.3673146963,1.4111189842,1.3978013396,1.3589367867,1.3384565711
train:7392,0,-0.9051467180,-0.6637637615,-0.6770814061,-0.8870823383,-0.9075625539
train:7393,0,-0.3953476548,-0.3547222316,-0.3680398762,-0.3815606236,-0.4020408392
train:7394,0,0.0750068948,0.0577496029,0.0444319583,0.1176882088,0.0972079933
train:7395,0,1.1745357513,1.1748595238,1.1615418792,1.1947896481,1.1743094325
train:7398,0,2.3685779572,2.4465494156,2.4332317710,2.3642718792,2.3437916636
train:7399,0,0.1849053651,0.1900219172,0.1767042726,0.2298139036,0.2093336880
train:7401,0,-1.0850970745,-1.0361022949,-1.0494199395,-1.1257328987,-1.1462131143
train:7402,0,0.0156088751,-0.0127460957,-0.0260637403,-0.0058839023,-0.0263641179
train:7403,0,0.8624820709,0.8312196732,0.8179020286,0.8790910840,0.8586108685
train:7404,0,0.8162432313,0.8619965315,0.8486788869,0.8615538478,0.8410736322
train:7405,0,1.3249958754,1.3227165937,1.3093989491,1.3498675823,1.3293873668
train:7406,0,0.3921876550,0.3908353150,0.3775176704,0.4377447367,0.4172645211
train:7407,0,1.6090877056,1.6141333580,1.6008157134,1.6805605888,1.6600803733
train:7408,0,2.3202350140,2.3098711967,2.2965535522,2.3499834538,2.3295032382
train:7409,0,-0.8890123963,-0.8473120928,-0.8606297374,-0.8456290960,-0.8661093116
train:7410,0,0.5653422475,0.6706848145,0.6573671699,0.7152295709,0.6947493553
train:7411,0,0.7122556567,0.7646239996,0.7513063550,0.7695848942,0.7491046786
train:7412,0,1.5805178881,1.6067421436,1.5934244990,1.6042292118,1.5837489963
train:7413,0,2.6921408176,2.6285221577,2.6152045131,2.7068314552,2.6863512397
train:7414,0,2.3347101212,2.2083394527,2.1950218081,2.3464264870,2.3259462714
train:7415,0,2.8871092796,2.9139659405,2.9006482959,2.9012236595,2.8807434440
train:7417,0,-1.5969214439,-1.6244101524,-1.6377277970,-1.5391621590,-1.5596423745
train:7418,0,2.5238835812,2.5215506554,2.5082330108,2.5327889919,2.5123087764
train:7421,0,-1.6811468601,-1.6581255198,-1.6714431643,-1.6845016479,-1.7049818635
train:7423,0,-0.8631128669,-0.8670036793,-0.8803213239,-0.8569195867,-0.8773998022
train:7424,0,1.7660433054,1.7456538677,1.7323362231,1.7389447689,1.7184645534
train:7425,0,0.8525134325,0.8434756994,0.8301580548,0.9035940766,0.8831138611
train:7426,0,0.9530586004,0.9847092628,0.9713916183,1.0030002594,0.9825200438
train:7427,0,0.0021756862,0.0750731230,0.0617554784,-0.0173060149,-0.0377862304
train:7428,0,-1.1440584660,-1.1148561239,-1.1281737685,-1.0882689953,-1.1087492108
train:7429,0,-0.6861897707,-0.7175107002,-0.7308283448,-0.6285522580,-0.6490324736
train:7431,0,0.2917815447,0.2630106211,0.2496929765,0.2071929276,0.1867127120
train:7432,0,-1.5490001440,-1.5422788858,-1.5555965304,-1.5445072651,-1.5649874806
train:7434,0,-1.9675278664,-1.9352190495,-1.9485366940,-1.9535794258,-1.9740596414
train:7436,0,0.1000303403,0.0872013867,0.0738837421,0.1626753360,0.1421951205
train:7437,0,-1.2544559240,-1.2769446373,-1.2902622819,-1.2695899010,-1.2900701165
train:7438,0,2.6658251286,2.7527949810,2.7394773364,2.6846346855,2.6641544700
train:7439,0,-1.9782726765,-2.0122592449,-2.0255768895,-2.0172135830,-2.0376937985
train:7440,0,0.9917542934,0.9911389351,0.9778212905,0.9921475053,0.9716672897
train:7442,0,0.6496111155,0.6323337555,0.6190161109,0.6773205400,0.6568403244
train:7443,0,0.2197853774,0.2154714763,0.2021538317,0.2613433599,0.2408631444
train:7444,0,-0.8315594792,-0.7787866592,-0.7921043038,-0.8096327186,-0.8301129341
train:7445,0,-0.1775447428,-0.1804555207,-0.1937731653,-0.1674265265,-0.1879067421
train:7446,0,0.8611779213,0.8218805790,0.8085629344,0.8444913030,0.8240110874
train:7447,0,-0.3688638210,-0.3161038160,-0.3294214606,-0.3487170339,-0.3691972494
train:7448,0,-2.6578035355,-2.6469466686,-2.6602643132,-2.6729185581,-2.6933987737
train:7449,0,0.9241941571,0.9323669672,0.9190493226,0.9909264445,0.9704462290
train:7450,0,1.0371725559,1.0814058781,1.0680882335,1.1155638695,1.0950836539
train:7451,0,1.2511742115,1.2719490528,1.2586314082,1.2761332989,1.2556530833
train:7452,0,-0.3791802824,-0.3391703367,-0.3524879813,-0.3566395044,-0.3771197200
train:7453,0,1.7990719080,1.7794823647,1.7661647201,1.8194303513,1.7989501357
train:7455,0,-0.1698847264,-0.1223156601,-0.1356333047,-0.2070738971,-0.2275541127
train:7456,0,-1.5713679790,-1.5370061398,-1.5503237844,-1.5654153824,-1.5858955979
train:7457,0,-4.0329823494,-3.9947431087,-4.0080607533,-3.9990558624,-4.0195360780
train:7458,0,-2.2659776211,-2.3106515408,-2.3239691854,-2.2577402592,-2.2782204747
train:7461,0,-1.6489626169,-1.6054058075,-1.6187234521,-1.6060495377,-1.6265297532
train:7463,0,1.2629151344,1.3290317059,1.3157140613,1.2980194092,1.2775391936
train:7464,0,0.9013894796,0.9585235119,0.9452058673,0.9222162962,0.9017360806
train:7466,0,2.4605298042,2.4984505177,2.4851328731,2.5050146580,2.4845344424
train:7467,0,0.1189758405,0.1266165972,0.1132989526,0.1278811693,0.1074009538
train:7468,0,1.6366064548,1.6067014933,1.5933838487,1.6721005440,1.6516203284
train:7469,0,1.1918790340,1.1737192869,1.1604016423,1.2075858116,1.1871055961
train:7470,0,-1.7280312777,-1.6698772907,-1.6831949353,-1.6781961918,-1.6986764073
train:7471,0,1.3957653046,1.3540178537,1.3407002091,1.4556019306,1.4351217151
train:7473,0,-0.5495659113,-0.4980650842,-0.5113827288,-0.5735802650,-0.5940604806
train:7474,0,0.4136557281,0.4060212672,0.3927036226,0.4337761700,0.4132959545
train:7476,-1,-4.7919940948,-4.8284831047,-4.8418007493,-4.7933034897,-4.8137837052
train:7477,0,1.4079043865,1.4449188709,1.4316012263,1.4495232105,1.4290429950
train:7479,0,1.0067301989,1.0032109022,0.9898932576,1.0434484482,1.0229682326
train:7481,0,0.9280373454,0.9126299620,0.8993123174,0.8958046436,0.8753244281
train:7482,0,0.5828704238,0.6248313189,0.6115136743,0.6008208394,0.5803406239
train:7483,0,1.6031039953,1.5710976124,1.5577799678,1.6368644238,1.6163842082
train:7484,0,1.7599300146,1.7904226780,1.7771050334,1.8635411263,1.8430609107
train:7485,0,-0.2798652053,-0.1572747529,-0.1705923975,-0.2573931515,-0.2778733671
train:7486,0,0.4788185656,0.4640016258,0.4506839812,0.4598191082,0.4393388927
train:7487,0,2.6910505295,2.7103745937,2.6970569491,2.7414817810,2.7210015655
train:7488,0,0.2031936198,0.3432334363,0.3299157917,0.2048795223,0.1843993068
train:7490,0,0.0051145959,0.0187168270,0.0053991824,0.0389192998,0.0184390843
train:7491,0,-0.5120499730,-0.6436804533,-0.6569980979,-0.5275653005,-0.5480455160
train:7492,0,-2.5905907154,-2.5548765659,-2.5681942105,-2.5414626598,-2.5619428754
train:7493,0,-0.1090096310,-0.0882849395,-0.1016025841,-0.1111287177,-0.1316089332
train:7494,0,1.5796792507,1.5822412968,1.5689236522,1.6316573620,1.6111771464
train:7497,0,-0.5393854976,-0.5917149782,-0.6050326228,-0.5181024671,-0.5385826826
train:7498,0,0.7105368376,0.6255019903,0.6121843457,0.6303498149,0.6098695993
train:7499,0,1.4042702913,1.4543735981,1.4410559535,1.4315891266,1.4111089110
train:7500,0,-4.9673991203,-4.9459424019,-4.9592600465,-4.9002943039,-4.9207745194
train:7501,0,2.1555116177,2.1295759678,2.1162583232,2.1240785122,2.1035982966
train:7502,0,-3.0960743427,-3.0046474934,-3.0179651380,-3.1570231915,-3.1775034070
train:7503,0,0.8107193112,0.7866214514,0.7733038068,0.8606234789,0.8401432633
train:7504,0,1.3341134787,1.3173586130,1.3040409684,1.3679394722,1.3474592566
train:7505,0,0.8676916361,0.8889389038,0.8756212592,0.9425129294,0.9220327139
train:7506,0,0.8453457355,0.8772270679,0.8639094234,0.9023011327,0.8818209171
train:7507,-2,-9.0463943481,-8.9914112091,-9.0047288537,-9.3852157593,-9.4056959748
train:7508,0,2.2592141628,2.2570698261,2.2437521815,2.2930397987,2.2725595832
train:7509,0,1.3881762028,1.3806076050,1.3672899604,1.4110052586,1.3905250430
train:7510,0,1.9600127935,1.9986181259,1.9853004813,1.9799361229,1.9594559073
train:7511,0,0.1874342412,0.1579311490,0.1446135044,0.2091063559,0.1886261404
train:7512,0,-3.1487262249,-3.1314675808,-3.1447852254,-3.2025878429,-3.2230680585
train:7513,0,2.4147820473,2.4676337242,2.4543160796,2.4096441269,2.3891639113
train:7514,0,1.1695557833,1.1604506969,1.1471330523,1.1639244556,1.1434442401
train:7515,0,1.9342396259,1.9085762501,1.8952586055,1.9428925514,1.9224123359
train:7516,0,-3.2897670269,-3.2795073986,-3.2928250432,-3.2074913979,-3.2279716134
train:7517,0,2.0086367130,2.0268187523,2.0135011077,2.0328705311,2.0123903155
train:7518,0,1.8513299227,1.8717787266,1.8584610820,1.8972761631,1.8767959476
train:7520,0,1.3924376965,1.4709336758,1.4576160312,1.3724651337,1.3519849181
train:7521,0,-3.6641507149,-3.6261785030,-3.6394961476,-3.7112541199,-3.7317343354
train:7522,0,-0.1971965432,-0.1604529172,-0.1737705618,-0.1814762950,-0.2019565105
train:7524,0,1.2080990076,1.2337648869,1.2204472423,1.2642545700,1.2437743545
train:7525,-1,-1.6236827374,-1.6241209507,-1.6374385953,-1.6004567146,-1.6209369302
train:7526,0,-0.7432291508,-0.6278941631,-0.6412118077,-0.6655431390,-0.6860233545
train:7528,0,-1.2385846376,-1.2244737148,-1.2377913594,-1.2356545925,-1.2561348081
train:7529,0,0.7449094653,0.7058049440,0.6924872994,0.7603846192,0.7399044037
train:7530,0,-0.3042212427,-0.2569701374,-0.2702877820,-0.3213807344,-0.3418609500
train:7531,0,1.3294817209,1.3348631859,1.3215455413,1.4089810848,1.3885008693
train:7532,0,-1.5724865198,-1.5770490170,-1.5903666615,-1.5299692154,-1.5504494309
train:7533,0,0.3864336610,0.3464341760,0.3331165314,0.4293863177,0.4089061022
train:7534,0,-2.9235856533,-2.9042418003,-2.9175594449,-2.9717411995,-2.9922214150
train:7535,0,-5.0647130013,-5.0012106895,-5.0145283341,-5.0028071404,-5.0232873559
train:7536,0,1.5029470921,1.4952532053,1.4819355607,1.5893106461,1.5688304305
train:7539,0,1.6213262081,1.6008827686,1.5875651240,1.6649043560,1.6444241405
train:7540,0,0.0238365605,0.0510930419,0.0377753973,0.0617596805,0.0412794650
train:7544,0,-1.9766266346,-1.9107439518,-1.9240615964,-1.9045557976,-1.9250360131
train:7545,0,0.6743363142,0.6906445026,0.6773268580,0.6788225770,0.6583423615
train:7546,-1,-2.5846366882,-2.5377349854,-2.5510526299,-2.5819816589,-2.6024618745
train:7547,0,0.6911114454,0.7296556234,0.7163379788,0.7524223328,0.7319421172
train:7548,0,1.9867187738,1.9842072725,1.9708896279,1.9926459789,1.9721657634
train:7549,0,2.0767729282,2.0744335651,2.0611159205,2.1583216190,2.1378414035
train:7550,0,1.0296736956,1.0957958698,1.0824782252,1.0726530552,1.0521728396
train:7552,0,1.1548513174,1.0874210596,1.0741034150,1.1989886761,1.1785084605
train:7553,0,1.0555067062,1.0622075796,1.0488899350,1.0279228687,1.0074426532
train:7554,0,0.9706426263,1.0008605719,0.9875429273,1.0147900581,0.9943098426
train:7556,0,-1.1412377357,-1.0952348709,-1.1085525155,-1.1178939342,-1.1383741498
train:7557,0,-0.6832756996,-0.6135660410,-0.6268836856,-0.6341231465,-0.6546033621
train:7558,0,-1.0078034401,-0.9323501587,-0.9456678033,-0.9661747813,-0.9866549969
train:7559,0,-1.8096531630,-1.7729380131,-1.7862556577,-1.7908589840,-1.8113391995
train:7561,0,-1.7199461460,-1.7455066442,-1.7588242888,-1.7266538143,-1.7471340299
train:7562,0,2.8180232048,2.7473239899,2.7340063453,2.7713286877,2.7508484721
train:7564,0,0.4310602844,0.5020735264,0.4887558818,0.4260665774,0.4055863619
train:7565,0,1.6835085154,1.7357432842,1.7224256396,1.6770279408,1.6565477252
train:7566,-1,-3.3780450821,-3.3531777859,-3.3664954305,-3.3211402893,-3.3416205049
train:7567,0,3.2222197056,3.1751735210,3.1618558764,3.2289838791,3.2085036635
train:7568,0,-2.0807170868,-2.0526683331,-2.0659859776,-2.0747141838,-2.0951943994
train:7569,0,2.2770636082,2.3001542091,2.2868365645,2.3074548244,2.2869746089
train:7570,0,1.9143768549,1.9298200607,1.9165024161,1.9500458241,1.9295656085
train:7573,0,2.5456447601,2.5513389111,2.5380212665,2.5508882999,2.5304080844
train:7576,0,0.6667450070,0.6388778687,0.6255602241,0.6840326190,0.6635524035
train:7577,0,1.3376463652,1.3089553118,1.2956376672,1.3310217857,1.3105415702
train:7579,0,-2.3501722813,-2.3248860836,-2.3382037282,-2.3344283104,-2.3549085259
train:7581,-1,-6.0383896828,-5.9966583252,-6.0099759698,-6.0322799683,-6.0527601838
train:7582,0,0.3679306209,0.3943553567,0.3810377121,0.4115458727,0.3910656571
train:7583,0,-1.4427484274,-1.4140161276,-1.4273337722,-1.3654420376,-1.3859222531
train:7584,0,0.1203621402,0.1729178280,0.1596001834,0.1671273261,0.1466471106
train:7585,0,-0.8395492435,-0.8297647238,-0.8430823684,-0.8090645671,-0.8295447826
train:7587,0,0.0810727775,0.0964977220,0.0831800774,0.0837495476,0.0632693321
train:7588,0,-2.9944453239,-2.9563696384,-2.9696872830,-2.9671003819,-2.9875805974
train:7589,0,2.7876012325,2.8035926819,2.7902750373,2.7841467857,2.7636665702
train:7590,0,2.0503847599,2.0539634228,2.0406457782,1.9949955940,1.9745153785
train:7591,0,-1.3652174473,-1.2957830429,-1.3091006875,-1.3734943867,-1.3939746022
train:7593,-1,-3.5676734447,-3.5138523579,-3.5271700025,-3.4924421310,-3.5129223466
train:7595,0,0.9224935770,1.0464502573,1.0331326127,1.0608398914,1.0403596759
train:7596,0,1.7477786541,1.7145876884,1.7012700438,1.7636620998,1.7431818843
train:7597,0,2.1352186203,2.1308629513,2.1175453067,2.0774412155,2.0569610000
train:7599,0,1.9269171953,1.9161093235,1.9027916789,1.9729611874,1.9524809718
train:7600,0,0.6630597115,0.7160369158,0.7027192712,0.7308914065,0.7104111910
train:7601,0,-2.1206786633,-2.0371818542,-2.0504994988,-2.0595149994,-2.0799952149
train:7602,0,-1.2455013990,-1.1945185661,-1.2078362107,-1.1765007973,-1.1969810128
train:7605,0,-1.7731877565,-1.8006019592,-1.8139196038,-1.7867500782,-1.8072302938
train:7606,0,1.7101323605,1.7032589912,1.6899413466,1.7536146641,1.7331344485
train:7607,0,-2.4516897202,-2.5471158028,-2.5604334474,-2.4885530472,-2.5090332627
train:7608,0,-1.0557156801,-1.0058089495,-1.0191265941,-0.9914359450,-1.0119161606
train:7609,0,1.6063390970,1.6194143295,1.6060966849,1.6439135075,1.6234332919
train:7610,0,-2.2292196751,-2.2091276646,-2.2224453092,-2.1856210232,-2.2061012387
train:7611,0,-0.5314761996,-0.5179725885,-0.5312902331,-0.5287911296,-0.5492713451
train:7612,0,1.5010541677,1.5315333605,1.5182157159,1.5151543617,1.4946741462
train:7613,0,1.1860278845,1.1475605965,1.1342429519,1.1822092533,1.1617290378
train:7614,0,0.4810065329,0.5472890735,0.5339714289,0.4790533781,0.4585731626
train:7615,0,-0.4049773812,-0.4220252335,-0.4353428781,-0.3943895996,-0.4148698151
train:7616,0,-0.4996508360,-0.4800758064,-0.4933934510,-0.5011572242,-0.5216374397
train:7617,0,-2.7546553612,-2.6452949047,-2.6586125493,-2.8243248463,-2.8448050618
train:7618,0,0.9728751779,0.9575891495,0.9442715049,0.9777541757,0.9572739601
train:7619,0,0.6684315205,0.7232443094,0.7099266648,0.6691203713,0.6486401558
train:7620,0,2.1695375443,2.1050057411,2.0916880965,2.2451195717,2.2246393561
train:7621,0,-0.6336213946,-0.5569883585,-0.5703060031,-0.5480427146,-0.5685229301
train:7622,0,-4.7188739777,-4.6717286110,-4.6850462556,-4.7110261917,-4.7315064073
train:7623,0,0.4702749550,0.4485362470,0.4352186024,0.4456945658,0.4252143502
train:7624,0,0.0557772070,0.0761734769,0.0628558323,0.0599054247,0.0394252092
train:7625,0,1.6126751900,1.6188216209,1.6055039763,1.6444501877,1.6239699721
train:7627,0,1.4237036705,1.4402694702,1.4269518256,1.4529004097,1.4324201941
train:7628,0,0.6722631454,0.6489541531,0.6356365085,0.6758263707,0.6553461552
train:7629,0,0.5344173312,0.5465884209,0.5332707763,0.5946006775,0.5741204619
train:7630,0,3.1010730267,3.0918490887,3.0785314441,3.0370566845,3.0165764689
train:7631,0,0.5918149948,0.5959743261,0.5826566815,0.6151144505,0.5946342349
train:7632,0,1.1222727299,1.0611506701,1.0478330255,1.1336896420,1.1132094264
train:7633,0,-0.2704774737,-0.2452379465,-0.2585555911,-0.3015724421,-0.3220526576
train:7634,0,1.4035747051,1.3777894974,1.3644718528,1.4705810547,1.4501008391
train:7637,0,1.7823257446,1.7960766554,1.7827590108,1.8145446777,1.7940644622
train:7638,0,-3.2202324867,-3.1974167824,-3.2107344270,-3.1580910683,-3.1785712838
train:7639,-1,-3.1996886730,-3.2050583363,-3.2183759809,-3.1660358906,-3.1865161061
train:7640,0,1.5098282099,1.4398041964,1.4264865518,1.5414316654,1.5209514499
train:7641,0,1.7564461231,1.8260612488,1.8127436042,1.8179092407,1.7974290252
train:7643,0,-1.1469557285,-1.1266707182,-1.1399883628,-1.2075116634,-1.2279918790
train:7644,0,1.1523994207,1.1591827869,1.1458651423,1.1416339874,1.1211537719
train:7647,0,-0.4651064277,-0.4952187240,-0.5085363686,-0.4255654216,-0.4460456371
train:7648,0,-2.5009820461,-2.4356017113,-2.4489193559,-2.4939157963,-2.5143960118
train:7649,0,1.1415935755,1.1562519073,1.1429342628,1.2025442123,1.1820639968
train:7651,0,0.9902528524,0.9977420568,0.9844244123,1.0453765392,1.0248963237
train:7652,0,1.2513766289,1.2426205873,1.2293029428,1.3366258144,1.3161455989
train:7653,0,-0.6528375149,-0.6099270582,-0.6232447028,-0.6139338613,-0.6344140768
train:7655,0,1.4720374346,1.4025838375,1.3892661929,1.4246718884,1.4041916728
train:7656,0,1.2416667938,1.2577013969,1.2443837523,1.3145942688,1.2941140532
train:7658,0,-1.2055051327,-1.1642215252,-1.1775391698,-1.1593000889,-1.1797803044
train:7659,-2,-5.1018133163,-5.2050623894,-5.2183800340,-4.9766650200,-4.9971452355
train:7660,0,2.3426566124,2.3357799053,2.3224622607,2.3936958313,2.3732156157
train:7662,0,0.7437912226,0.7562143803,0.7428967357,0.7782387733,0.7577585578
train:7663,0,-0.3045188189,-0.2580868900,-0.2714045346,-0.2781427801,-0.2986229956
train:7664,0,0.9135212898,0.9479954243,0.9346777797,0.9271569252,0.9066767097
train:7665,0,1.9413180351,1.9751569033,1.9618392587,2.0117840767,1.9913038611
train:7666,0,-1.2715077400,-1.2217769623,-1.2350946069,-1.3313210011,-1.3518012166
train:7667,0,1.7308300734,1.7320261002,1.7187084556,1.7773017883,1.7568215728
train:7668,0,1.2067772150,1.1665768623,1.1532592177,1.1922121048,1.1717318892
train:7669,0,1.4604635239,1.4296314716,1.4163138270,1.4850542545,1.4645740390
train:7670,0,0.9991922975,0.9726772308,0.9593595862,1.0093977451,0.9889175296
train:7671,0,-0.8527302742,-0.8191492558,-0.8324669003,-0.8379662037,-0.8584464192
train:7672,0,2.1181619167,2.1149098873,2.1015922427,2.0939252377,2.0734450221
train:7673,0,-3.1011478901,-3.0191586018,-3.0324762464,-3.0296282768,-3.0501084924
train:7674,0,0.0061305910,0.0232040435,0.0098863989,0.0473179743,0.0268377587
train:7675,0,1.5216033459,1.5053222179,1.4920045733,1.6002848148,1.5798045993
train:7676,0,-4.2030897141,-4.0988531113,-4.1121707559,-4.1892085075,-4.2096887231
train:7678,0,0.1070559248,0.0369483083,0.0236306638,0.1000267416,0.0795465261
train:7679,0,-1.5700650215,-1.5532042980,-1.5665219426,-1.5507807732,-1.5712609887
train:7680,0,-3.7256226540,-3.7070035934,-3.7203212380,-3.6636986732,-3.6841788888
train:7682,0,2.1462633610,2.1653370857,2.1520194411,2.1247427464,2.1042625308
train:7683,0,-0.7335389853,-0.6617659330,-0.6750835776,-0.5967126489,-0.6171928644
train:7685,0,1.2618535757,1.1990096569,1.1856920123,1.3017897606,1.2813095450
train:7686,0,-2.4493863583,-2.3678629398,-2.3811805844,-2.4485685825,-2.4690487981
train:7688,0,-1.7853045464,-1.8119136095,-1.8252312541,-1.7199149132,-1.7403951287
train:7689,0,-2.2246048450,-2.1645720005,-2.1778896451,-2.1619534492,-2.1824336648
train:7690,0,1.5972528458,1.5195374489,1.5062198043,1.6113340855,1.5908538699
train:7691,0,1.6819157600,1.6516277790,1.6383101344,1.6500124931,1.6295322776
train:7692,0,0.8784442544,0.8787707090,0.8654530644,0.9066665769,0.8861863613
train:7694,0,1.7764916420,1.8205013275,1.8071836829,1.8643944263,1.8439142108
train:7695,0,-2.2880120277,-2.3267195225,-2.3400371671,-2.3229699135,-2.3434501290
train:7696,0,0.6964142323,0.7414981127,0.7281804681,0.6934599280,0.6729797125
train:7697,0,1.1342849731,1.1076420546,1.0943244100,1.1277008057,1.1072205901
train:7698,0,2.1107511520,2.1509516239,2.1376339793,2.1323657036,2.1118854880
train:7700,0,-1.7560058832,-1.7544255257,-1.7677431703,-1.7346360683,-1.7551162839
train:7702,0,0.0586184449,0.0810344964,0.0677168518,0.0989777222,0.0784975067
train:7703,0,1.1060999632,1.0847386122,1.0714209676,1.0629097223,1.0424295068
train:7704,0,-0.6674031615,-0.6140905619,-0.6274082065,-0.6218022108,-0.6422824264
train:7705,0,0.1788258851,0.1934697330,0.1801520884,0.2051036954,0.1846234798
train:7706,0,0.9776841998,1.0298184156,1.0165007710,0.9852073789,0.9647271633
train:7708,-1,-6.3530230522,-6.2699999809,-6.2833176255,-6.3418426514,-6.3623228669
train:7710,0,0.8028262258,0.8077752590,0.7944576144,0.8239976168,0.8035174012
train:7711,0,0.4805486202,0.4781431556,0.4648255110,0.4626938105,0.4422135949
train:7712,0,0.4435943365,0.4197669625,0.4064493179,0.5507176518,0.5302374363
train:7713,0,-0.2321576625,-0.1850996315,-0.1984172761,-0.1889898181,-0.2094700336
train:7714,0,-1.4813185930,-1.4652962685,-1.4786139131,-1.4919152260,-1.5123954415
train:7715,0,0.5402034521,0.5532313585,0.5399137139,0.5660085678,0.5455283523
train:7718,0,1.5774415731,1.5578117371,1.5444940925,1.5943181515,1.5738379359
train:7719,0,1.1231429577,1.1477987766,1.1344811320,1.0616054535,1.0411252379
train:7720,0,1.3522853851,1.3850598335,1.3717421889,1.3997144699,1.3792342544
train:7721,0,-1.5513077974,-1.5466496944,-1.5599673390,-1.5677053928,-1.5881856084
train:7724,0,-2.7058851719,-2.6816744804,-2.6949921250,-2.6805524826,-2.7010326982
train:7725,0,2.9426658154,3.0120716095,2.9987539649,2.9946432114,2.9741629958
train:7727,0,-1.1109195948,-1.1546123028,-1.1679299474,-1.1067979336,-1.1272781491
train:7728,0,2.7238473892,2.7835428715,2.7702252269,2.8040919304,2.7836117148
train:7729,0,0.1925905049,0.2177451253,0.2044274807,0.1735736430,0.1530934274
train:7730,0,1.4005410671,1.3886846304,1.3753669858,1.4411971569,1.4207169414
train:7731,0,0.6787943840,0.6849136353,0.6715959907,0.6965696216,0.6760894060
train:7733,0,1.9460470676,1.8973981142,1.8840804696,1.9566326141,1.9361523986
train:7734,0,2.7687249184,2.7942850590,2.7809674144,2.7249598503,2.7044796348
train:7735,0,-2.4271724224,-2.3676042557,-2.3809219003,-2.3946995735,-2.4151797891
train:7737,0,-1.5995545387,-1.5691766739,-1.5824943185,-1.5123198032,-1.5328000188
train:7738,0,1.0655976534,1.0969135761,1.0835959315,1.0893151760,1.0688349605
train:7739,0,1.1542359591,1.1833844185,1.1700667739,1.1892945766,1.1688143611
train:7740,0,2.0221214294,2.0492942333,2.0359765887,2.0623981953,2.0419179797
train:7741,0,1.2966611385,1.4055898190,1.3922721744,1.3247857094,1.3043054938
train:7742,0,0.9790114760,1.0352224112,1.0219047666,0.9888262749,0.9683460593
train:7744,0,1.4780589342,1.4938015938,1.4804839492,1.5447530746,1.5242728591
train:7745,0,2.0224890709,1.9902048111,1.9768871665,2.0960295200,2.0755493045
train:7747,0,1.5860730410,1.6745445728,1.6612269282,1.5803644657,1.5598842502
train:7748,0,-0.4879376888,-0.4026933610,-0.4160110056,-0.4569814801,-0.4774616957
train:7749,0,-2.7093901634,-2.6222732067,-2.6355908513,-2.6738333702,-2.6943135858
train:7751,0,-0.3722935021,-0.2886476219,-0.3019652665,-0.3156707585,-0.3361509740
train:7752,0,2.2200665474,2.2112457752,2.1979281306,2.2872648239,2.2667846084
train:7753,0,-1.8995087147,-1.9111431837,-1.9244608283,-1.8891339302,-1.9096141458
train:7755,0,-0.9305347800,-0.8721677065,-0.8854853511,-0.8937703371,-0.9142505527
train:7756,0,-1.4423673153,-1.4195740223,-1.4328916669,-1.3851568699,-1.4056370854
train:7757,0,0.6438467503,0.6676173210,0.6542996764,0.6191392541,0.5986590385
train:7758,0,0.8498522639,0.8324751854,0.8191575408,0.9238919616,0.9034117460
train:7759,0,-0.5672594905,-0.5187571049,-0.5320747495,-0.5899249911,-0.6104052067
train:7760,0,2.4869575500,2.4257035255,2.4123858809,2.5034675598,2.4829873443
train:7762,-1,-5.4679141045,-5.5484023094,-5.5617199540,-5.5173325539,-5.5378127694
train:7763,0,-0.5747477412,-0.4452817142,-0.4585993588,-0.5382793546,-0.5587595701
train:7764,0,-0.6578937769,-0.6302499771,-0.6435676217,-0.5994227529,-0.6199029684
train:7766,0,-4.6188268661,-4.4877829552,-4.5011005998,-4.6095600128,-4.6300402284
train:7768,0,-1.3340530396,-1.3041883707,-1.3175060153,-1.3379745483,-1.3584547639
train:7769,0,0.3020504713,0.2636446357,0.2503269911,0.3023280203,0.2818478048
train:7770,0,-0.4792912900,-0.3981483579,-0.4114660025,-0.3910592198,-0.4115394354
train:7771,0,-0.0848684534,-0.0820867419,-0.0954043865,-0.0607548207,-0.0812350363
train:7772,0,0.2977784872,0.4211874902,0.4078698456,0.3013699353,0.2808897197
train:7773,0,-3.4430751801,-3.4064214230,-3.4197390676,-3.4236400127,-3.4441202283
train:7775,0,1.1312017441,1.0967352390,1.0834175944,1.2093155384,1.1888353229
train:7776,0,0.1963495910,0.2174920142,0.2041743696,0.1564498544,0.1359696388
train:7777,0,0.4186565280,0.4080473781,0.3947297335,0.4209920168,0.4005118012
train:7779,0,0.7128922939,0.7137589455,0.7004413009,0.7071765661,0.6866963506
train:7780,0,0.4364184737,0.4428516030,0.4295339584,0.4697809815,0.4493007660
train:7782,0,1.2505453825,1.2665314674,1.2532138228,1.2911581993,1.2706779838
train:7783,0,0.2099539787,0.2389331758,0.2256155312,0.2348437011,0.2143634856
train:7785,0,0.8326984048,0.7831588984,0.7698412538,0.8965818286,0.8761016130
train:7786,0,1.9976973534,1.9849579334,1.9716402888,2.0045371056,1.9840568900
train:7787,0,0.9549520016,0.9844422340,0.9711245894,0.9840125442,0.9635323286
train:7788,0,2.6445899010,2.6815876961,2.6682700515,2.6263115406,2.6058313251
train:7791,0,-1.2719442844,-0.1207626909,-0.1340803355,-1.1469383240,-1.1674185395
train:7792,0,1.5129612684,1.5808169842,1.5674993396,1.5851335526,1.5646533370
train:7793,0,3.2327435017,3.3134388924,3.3001212478,3.2837100029,3.2632297873
train:7794,0,-0.1951051801,-0.1397546530,-0.1530722976,-0.1447588205,-0.1652390361
train:7795,0,-0.6233105063,-0.6482073069,-0.6615249515,-0.6751573682,-0.6956375837
train:7796,0,0.2830038369,0.2738854885,0.2605678439,0.3273356557,0.3068554401
train:7799,0,-1.5483285189,-1.5936404467,-1.6069580913,-1.5110440254,-1.5315242410
train:7801,0,0.9946807027,0.9922379255,0.9789202809,1.0570073128,1.0365270972
train:7802,0,2.3006145954,2.2917850018,2.2784673572,2.2747092247,2.2542290092
train:7804,-1,-4.5269284248,-4.4696240425,-4.4829416871,-4.6024527550,-4.6229329705
train:7805,0,1.9000654221,1.9337282181,1.9204105735,1.8869218826,1.8664416671
train:7806,0,0.3837617934,0.3802998364,0.3669821918,0.4058850408,0.3854048252
train:7808,0,2.1486554146,2.1809711456,2.1676535010,2.1553981304,2.1349179149
train:7809,0,0.6361066699,0.6850928068,0.6717751622,0.5885996222,0.5681194067
train:7810,0,-2.7501842976,-2.6824846268,-2.6958022714,-2.7453482151,-2.7658284307
train:7812,0,2.0686726570,2.0643081665,2.0509905219,2.0560960770,2.0356158614
train:7815,0,0.2354961783,0.4046348929,0.3913172483,0.2306334823,0.2101532668
train:7816,0,0.3625008464,0.4033138156,0.3899961710,0.3636680245,0.3431878090
train:7817,0,1.0843691826,1.1690195799,1.1557019353,1.1057553291,1.0852751136
train:7818,0,2.8998031616,2.8559467793,2.8426291347,2.9236352444,2.9031550288
train:7820,0,0.3496856987,0.3127974868,0.2994798422,0.3453320861,0.3248518705
train:7821,0,2.8241696358,2.8076474667,2.7943298221,2.8456988335,2.8252186179
train:7823,0,0.2425645143,0.2993330956,0.2860154510,0.2222072035,0.2017269880
train:7824,0,-0.9603769183,-0.9403269291,-0.9536445737,-0.8944792151,-0.9149594307
train:7827,0,1.5693570375,1.5515284538,1.5382108092,1.5945935249,1.5741133094
train:7828,0,1.6281777620,1.5838204622,1.5705028176,1.6150224209,1.5945422053
train:7829,0,-1.2437109947,-1.2323107719,-1.2456284165,-1.1809675694,-1.2014477849
train:7830,0,-1.9745750427,-2.0077226162,-2.0210402608,-1.9926178455,-2.0130980611
train:7831,0,1.4936310053,1.4990892410,1.4857715964,1.5132763386,1.4927961230
train:7832,0,0.8999423385,0.8561596870,0.8428420424,0.8954420686,0.8749618530
train:7833,0,0.7188655734,0.7461028099,0.7327851653,0.7317692041,0.7112889886
train:7834,0,0.8753520250,0.8398594856,0.8265418410,0.9314303398,0.9109501243
train:7835,0,-0.6057780981,-0.6325466633,-0.6458643079,-0.6552259922,-0.6757062078
train:7836,0,0.1335849464,0.1688455939,0.1555279493,0.1434370875,0.1229568720
train:7837,0,1.5591179132,1.5838086605,1.5704910159,1.6197326183,1.5992524028
train:7838,0,0.4538567364,0.4880494773,0.4747318327,0.4944086075,0.4739283919
train:7839,0,0.7506698966,0.7773926258,0.7640749812,0.7748609185,0.7543807030
train:7840,0,0.3791323900,0.3953681290,0.3820504844,0.3939001560,0.3734199405
train:7841,0,-0.5817062259,-0.4596721232,-0.4729897678,-0.5379324555,-0.5584126711
train:7843,0,-1.8844554424,-1.7983300686,-1.8116477132,-1.8798711300,-1.9003513455
train:7844,0,1.3677439690,1.3776950836,1.3643774390,1.3805241585,1.3600439429
train:7845,0,0.7705386281,0.7392680645,0.7259504199,0.8035465479,0.7830663323
train:7846,0,-0.2945463955,-0.2826124430,-0.2959300876,-0.2343262136,-0.2548064291
train:7847,0,-0.1953931749,-0.1440020949,-0.1573197395,-0.1455160677,-0.1659962833
train:7848,0,-0.8798981905,-0.8569360971,-0.8702537417,-0.8722787499,-0.8927589655
train:7849,0,-1.5249320269,-1.5376341343,-1.5509517789,-1.5269422531,-1.5474224687
train:7851,0,-1.0609304905,-1.0427538157,-1.0560714602,-1.0809233189,-1.1014035344
train:7853,0,-1.3408514261,-1.2751580477,-1.2884756923,-1.3553576469,-1.3758378625
train:7855,0,1.2544351816,1.2821912766,1.2688736320,1.2632756233,1.2427954078
train:7856,0,0.5466077924,0.5996345282,0.5863168836,0.6152051091,0.5947248936
train:7857,0,-0.5541335344,-0.5367853642,-0.5501030087,-0.4701025486,-0.4905827641
train:7858,-1,-2.3984985352,-2.3918344975,-2.4051521420,-2.3819875717,-2.4024677873
train:7859,0,-2.2713394165,-2.2676951885,-2.2810128331,-2.2146768570,-2.2351570725
train:7860,0,0.9416643381,0.9899073839,0.9765897393,0.9570642114,0.9365839958
train:7861,0,0.3021371365,0.2700588405,0.2567411959,0.3812594414,0.3607792258
train:7862,0,2.0827665329,2.0952842236,2.0819665790,2.1099190712,2.0894388556
train:7863,0,-1.2653630972,-1.2873542309,-1.3006718755,-1.2857627869,-1.3062430024
train:7865,0,-2.1628224850,-2.1983096600,-2.2116273046,-2.1725769043,-2.1930571198
train:7866,0,-0.6117535830,-0.6076775789,-0.6209952235,-0.5885226727,-0.6090028882
train:7868,0,0.9905859232,0.9973757267,0.9840580821,1.0019701719,0.9814899564
train:7869,0,-1.6283248663,-1.5592250824,-1.5725427270,-1.6565783024,-1.6770585179
train:7871,0,-1.3171938658,-1.3174648285,-1.3307824731,-1.2821342945,-1.3026145101
train:7872,0,2.0286681652,2.0162239075,2.0029062629,2.0189914703,1.9985112548
train:7873,0,0.7718437314,0.7736788988,0.7603612542,0.7547622323,0.7342820168
train:7874,0,0.4062350094,0.4019342959,0.3886166513,0.4530796409,0.4325994253
train:7875,0,0.4094032049,0.4508453012,0.4375276566,0.4825671911,0.4620869756
train:7877,0,0.5468522310,0.5249494314,0.5116317868,0.5658962727,0.5454160571
train:7879,0,1.9287348986,1.9201581478,1.9068405032,1.9306013584,1.9101211429
train:7880,-1,-7.1962828636,-7.1836743355,-7.1969919801,-7.3081922531,-7.3286724687
train:7882,0,2.4657804966,2.5046465397,2.4913288951,2.5008296967,2.4803494811
train:7885,0,1.4658091068,1.4530960321,1.4397783875,1.4838066101,1.4633263946
train:7886,0,0.8721387982,0.7826105356,0.7692928910,0.8440759778,0.8235957623
train:7887,0,-2.2588915825,-2.1863896847,-2.1997073293,-2.2687492371,-2.2892294526
train:7888,0,-1.7100957632,-1.7081837654,-1.7215014100,-1.7402045727,-1.7606847882
train:7889,0,2.4464385509,2.4408352375,2.4275175929,2.4660983086,2.4456180930
train:7890,0,0.8842399120,0.8075274229,0.7942097783,0.9565709829,0.9360907674
train:7892,0,1.4464502335,1.4390091896,1.4256915450,1.4503214359,1.4298412204
train:7893,0,-4.8396883011,-4.8752098083,-4.8885274529,-4.7602319717,-4.7807121873
train:7894,0,1.3883657455,1.3566488028,1.3433311582,1.4071507454,1.3866705298
train:7895,0,2.5112323761,2.5223994255,2.5090817809,2.4612073898,2.4407271743
train:7896,0,0.3703780472,0.3944309652,0.3811133206,0.4143130779,0.3938328624
train:7897,0,0.0772421509,0.1175228953,0.1042052507,0.1202843040,0.0998040885
train:7898,0,1.5260652304,1.5204945803,1.5071769357,1.5133662224,1.4928860068
train:7899,0,-0.4675199389,-0.5410261154,-0.5543437600,-0.4027684331,-0.4232486486
train:7901,0,0.7846047878,0.7993447781,0.7860271335,0.8815760016,0.8610957861
train:7902,0,1.0509477854,1.0498316288,1.0365139842,1.0065563917,0.9860761762
train:7903,0,-0.7956790924,-0.7722005844,-0.7855182290,-0.7888093591,-0.8092895746
train:7905,0,0.4302823246,0.4549263716,0.4416087270,0.5277696848,0.5072894692
train:7906,0,-3.3714735508,-3.4111630917,-3.4244807363,-3.2750253677,-3.2955055833
train:7907,0,1.7827631235,1.7664182186,1.7531005740,1.8355765343,1.8150963187
train:7911,0,-2.0941650867,-2.1246693134,-2.1379869580,-2.0549230576,-2.0754032731
train:7912,0,-3.5277574062,-3.4678771496,-3.4811947942,-3.4584174156,-3.4788976312
train:7913,-1,-2.2567014694,-2.2849919796,-2.2983096242,-2.3249361515,-2.3454163671
train:7914,0,1.2629721165,1.2163910866,1.2030734420,1.2758643627,1.2553841472
train:7915,0,1.6714435816,1.6396052837,1.6262876391,1.6672291756,1.6467489600
train:7916,0,0.5254080892,0.5634951591,0.5501775146,0.5578271151,0.5373468995
train:7917,0,-1.5489578247,-1.5861513615,-1.5994690061,-1.5537302494,-1.5742104650
train:7918,0,-1.1428449154,-1.1292796135,-1.1425972581,-1.1089465618,-1.1294267774
train:7919,0,-0.1144012585,-0.0095490217,-0.0228666663,-0.1036582142,-0.1241384298
train:7920,0,-0.5677220821,-0.5126175880,-0.5259352326,-0.5475702286,-0.5680504441
train:7922,0,-0.1506030858,-0.1635283530,-0.1768459976,-0.1309820712,-0.1514622867
train:7923,0,-2.1408984661,-2.0894486904,-2.1027663350,-2.1709790230,-2.1914592385
train:7924,0,1.3772481680,1.3596675396,1.3463498950,1.3655302525,1.3450500369
train:7926,0,1.7374627590,1.7475020885,1.7341844440,1.7638859749,1.7434057593
train:7928,0,-1.0878515244,-1.0534470081,-1.0667646527,-1.0357756615,-1.0562558770
train:7929,0,0.9202912450,0.8957053423,0.8823876977,0.9324039817,0.9119237661
train:7930,0,1.5676344633,1.6115254164,1.5982077718,1.5755860806,1.5551058650
train:7933,0,-2.0347321033,-1.9667541981,-1.9800718427,-2.0692167282,-2.0896969438
train:7934,0,-0.3293546140,-0.2892017961,-0.3025194407,-0.2894661427,-0.3099463582
train:7935,0,1.2534736395,1.2642688751,1.2509512305,1.2649793625,1.2444991469
train:7936,0,-1.1985490322,-1.2078800201,-1.2211976647,-1.1502902508,-1.1707704663
train:7937,0,1.7575286627,1.7747161388,1.7613984942,1.7831957340,1.7627155185
train:7938,0,-2.9172143936,-3.0146241188,-3.0279417634,-2.9504249096,-2.9709051251
train:7939,0,-0.0255783238,-0.0608958751,-0.0742135197,-0.0330609083,-0.0535411239
train:7940,0,-0.1557243466,-0.0823825151,-0.0957001597,-0.1271232665,-0.1476034820
train:7941,0,-1.3608165979,-1.4650883675,-1.4784060121,-1.3529615402,-1.3734417558
train:7943,0,0.1151978672,0.0849320590,0.0716144145,0.1629780233,0.1424978077
train:7944,0,0.7981169820,0.8373675346,0.8240498900,0.8502133489,0.8297331333
train:7945,0,1.9496616125,1.9472646713,1.9339470267,1.9466621876,1.9261819720
train:7946,0,-0.6364143491,-0.4739128649,-0.4872305095,-0.4561042190,-0.4765844345
train:7948,0,-0.8437474966,-0.9392781258,-0.9525957704,-0.9374693036,-0.9579495192
train:7949,0,0.7083924413,0.7096834183,0.6963657737,0.7275546193,0.7070744038
train:7952,0,0.8684521317,0.7974721193,0.7841544747,0.8714253306,0.8509451151
train:7953,0,0.4714320004,0.5073267221,0.4940090775,0.4720129371,0.4515327215
train:7955,0,0.3882747591,0.4476727545,0.4343551099,0.4115443230,0.3910641074
train:7956,0,-2.8088297844,-2.7477090359,-2.7610266805,-2.7914543152,-2.8119345307
train:7959,0,1.3122451305,1.2878344059,1.2745167613,1.3311893940,1.3107091784
train:7961,0,1.3601217270,1.3725311756,1.3592135310,1.3852303028,1.3647500873
train:7964,0,0.5281205177,0.5083097219,0.4949920774,0.5770972371,0.5566170216
train:7965,0,1.6484823227,1.7170047760,1.7036871314,1.6733396053,1.6528593898
train:7966,0,-1.7485634089,-1.7905151844,-1.8038328290,-1.7541120052,-1.7745922208
train:7967,0,1.8161011934,1.8402357101,1.8269180655,1.8083810806,1.7879008651
train:7968,0,-0.1505161822,-0.1112949848,-0.1246126294,-0.1807375550,-0.2012177706
train:7969,0,1.8865180016,1.8517029285,1.8383852839,1.9027564526,1.8822762370
train:7970,0,0.8618472219,0.8308372498,0.8175196052,0.9342895150,0.9138092995
train:7972,0,1.0484827757,1.0372272730,1.0239096284,1.0478127003,1.0273324847
train:7973,0,-1.4022643566,-1.4144771099,-1.4277947545,-1.3706047535,-1.3910849690
train:7974,0,2.2360823154,2.2463262081,2.2330085635,2.2222442627,2.2017640471
train:7975,0,2.0341947079,1.9751874208,1.9618697762,2.0245501995,2.0040699840
train:7976,0,-3.9821012020,-3.7982437611,-3.8115614057,-3.9623727798,-3.9828529954
train:7978,0,0.1184310168,0.1397220939,0.1264044493,0.1770155579,0.1565353423
train:7979,0,0.6979809999,0.6967859268,0.6834682822,0.7246807218,0.7042005062
train:7980,0,1.3111742735,1.9060784578,1.8927608132,1.4802038670,1.4597236514
train:7982,0,-1.9023731947,-1.8179038763,-1.8312215209,-1.9088931084,-1.9293733239
train:7983,0,0.4665460885,0.4291969538,0.4158793092,0.4834009409,0.4629207253
train:7984,0,0.8940362334,0.9897636175,0.9764459729,0.9419348240,0.9214546084
train:7986,0,3.1152951717,3.1435229778,3.1302053332,3.0463905334,3.0259103179
train:7987,0,-0.3013995290,-0.2661654949,-0.2794831395,-0.2488180101,-0.2692982256
train:7988,0,-1.2417454720,-1.1702041626,-1.1835218072,-1.2945232391,-1.3150034547
train:7989,0,0.2202589363,0.2694928348,0.2561751902,0.2927699685,0.2722897530
train:7990,0,-0.5583689213,-0.5468156338,-0.5601332784,-0.5452737212,-0.5657539368
train:7992,0,0.2293835878,0.2442080081,0.2308903635,0.1764613837,0.1559811682
train:7997,0,1.8561619520,1.8321287632,1.8188111186,1.8384475708,1.8179673553
train:7998,0,0.1200331002,0.1505451053,0.1372274607,0.0623455346,0.0418653190
train:7999,0,2.0272099972,2.0468599796,2.0335423350,2.0250802040,2.0045999885
train:8000,0,0.0603499450,0.0035514534,-0.0097661912,0.1237917170,0.1033115014
train:8001,0,-3.6642076969,-3.5473713875,-3.5606890321,-3.6438794136,-3.6643596292
train:8002,0,1.0830444098,1.0926609039,1.0793432593,1.0994470119,1.0789667964
train:8003,0,0.7187220454,0.7071684599,0.6938508153,0.7181234956,0.6976432800
train:8004,0,1.8535336256,1.8962802887,1.8829626441,1.8752162457,1.8547360301
train:8005,0,2.9150466919,2.8857514858,2.8724338412,2.9117007256,2.8912205100
train:8006,0,-2.2765729427,-2.2135837078,-2.2269013524,-2.2950150967,-2.3154953122
train:8007,0,-3.9619586468,-3.9211633205,-3.9344809651,-4.0511350632,-4.0716152787
train:8008,0,-1.2503188848,-1.2030632496,-1.2163808942,-1.2410280704,-1.2615082860
train:8009,0,-2.3511211872,-2.3345010281,-2.3478186727,-2.3499937057,-2.3704739213
train:8010,0,0.0656104982,0.1096063107,0.0962886661,0.0512437597,0.0307635441
train:8011,0,0.4250606298,0.4710418880,0.4577242434,0.4951947927,0.4747145772
train:8012,0,-3.7151849270,-3.5635819435,-3.5768995881,-3.6467640400,-3.6672442555
train:8013,0,-1.4057636261,-1.4248895645,-1.4382072091,-1.4415249825,-1.4620051980
train:8015,0,1.4983425140,1.5242553949,1.5109377503,1.5281045437,1.5076243281
train:8016,0,2.4427154064,2.4652581215,2.4519404769,2.4893453121,2.4688650966
train:8017,0,2.3361091614,2.3769609928,2.3636433482,2.3592495918,2.3387693763
train:8018,0,-1.2807565928,-1.2516552210,-1.2649728656,-1.2816014290,-1.3020816445
train:8019,0,1.3642240763,1.3882243633,1.3749067187,1.3746910095,1.3542107940
train:8023,0,0.5646421909,0.5763427019,0.5630250573,0.5794813037,0.5590010881
train:8024,0,1.9842244387,1.9857194424,1.9724017978,2.0370280743,2.0165478587
train:8025,0,1.4547969103,1.4378600121,1.4245423675,1.4467213154,1.4262410998
train:8026,-1,-4.3365964890,-4.3299732208,-4.3432908654,-4.3175926208,-4.3380728364
train:8027,0,1.0297862291,1.0474716425,1.0341539979,1.0589767694,1.0384965539
train:8028,0,-0.9706822634,-1.0004549026,-1.0137725472,-0.9807376266,-1.0012178421
train:8029,0,1.6258200407,1.6111124754,1.5977948308,1.6558148861,1.6353346705
train:8030,0,-1.8641502857,-1.8565293550,-1.8698469996,-1.7853486538,-1.8058288693
train:8031,0,-2.8642659187,-2.8942892551,-2.9076068997,-2.8376064301,-2.8580866456
train:8032,0,-0.6223341227,-0.5944485664,-0.6077662110,-0.6006235480,-0.6211037636
train:8033,0,1.3933610916,1.3985164165,1.3851987720,1.4567091465,1.4362289310
train:8034,0,2.0647244453,2.1345756054,2.1212579608,2.1268296242,2.1063494086
train:8035,0,1.0815227032,1.0859625340,1.0726448894,1.0795283318,1.0590481162
train:8037,-1,-4.1990046501,-4.1388454437,-4.1521630883,-4.1214728355,-4.1419530511
train:8039,-1,-4.0804281235,-4.0650429726,-4.0783606172,-4.0784182549,-4.0988984704
train:8040,0,-1.2793037891,-1.2782208920,-1.2915385365,-1.3668992519,-1.3873794675
train:8042,0,-3.5458648205,-3.6344859600,-3.6478036046,-3.5674202442,-3.5879004598
train:8043,0,0.4337092638,0.4789789021,0.4656612575,0.4545548260,0.4340746105
train:8046,0,-1.6523511410,-1.7272458076,-1.7405634522,-1.6039462090,-1.6244264245
train:8047,0,0.7286314964,0.7251095772,0.7117919326,0.7588168979,0.7383366823
train:8048,0,1.5689095259,1.5885586739,1.5752410293,1.6284799576,1.6079997420
train:8049,0,3.4357981682,3.3726136684,3.3592960238,3.4439067841,3.4234265685
train:8050,-1,-5.6826691628,-5.6987957954,-5.7121134400,-5.7237339020,-5.7442141175
train:8051,0,-2.5327167511,-2.5411655903,-2.5544832349,-2.5246427059,-2.5451229215
train:8053,0,1.4602419138,1.4951682091,1.4818505645,1.4912760258,1.4707958102
train:8054,0,1.2552566528,1.2088899612,1.1955723166,1.1918485165,1.1713683009
train:8055,0,0.4987732768,0.5383156538,0.5249980092,0.5716634989,0.5511832833
train:8056,0,-2.5396575928,-2.5455837250,-2.5589013696,-2.5545880795,-2.5750682950
train:8057,0,0.6544960737,0.6630767584,0.6497591138,0.6750294566,0.6545492411
train:8060,0,0.4689545631,0.4818720818,0.4685544372,0.4912052453,0.4707250297
train:8063,0,-4.1023392677,-4.0500969887,-4.0634146333,-4.0873713493,-4.1078515649
train:8064,0,-3.7724623680,-3.7011456490,-3.7144632936,-3.6936550140,-3.7141352296
train:8066,0,-3.4574148655,-3.4126522541,-3.4259698987,-3.4368836880,-3.4573639035
train:8067,0,2.1609148979,2.1165032387,2.1031855941,2.1433048248,2.1228246093
train:8068,0,0.9653204679,0.9494471550,0.9361295104,1.0318415165,1.0113613009
train:8069,0,2.3390443325,2.3434662819,2.3301486373,2.3974890709,2.3770088553
train:8071,0,-0.8815134764,-0.8281904459,-0.8415080905,-0.8627452850,-0.8832255006
train:8072,0,0.7344374061,0.7293283939,0.7160107493,0.7926675677,0.7721873522
train:8073,0,-0.5523874164,-0.4401499927,-0.4534676373,-0.5360599160,-0.5565401316
train:8076,0,1.0003349781,0.9637851715,0.9504675269,1.0448031425,1.0243229270
train:8077,0,-1.4083107710,-1.3251192570,-1.3384369016,-1.3271992207,-1.3476794362
train:8078,-1,-4.2375946045,-4.2598862648,-4.2732039094,-4.2003102303,-4.2207904458
train:8080,0,-0.7472383380,-0.7223037481,-0.7356213927,-0.7162460089,-0.7367262244
train:8081,0,-1.2745954990,-1.2567927837,-1.2701104283,-1.2546958923,-1.2751761079
train:8082,0,0.8047532439,0.8583402634,0.8450226188,0.8521040082,0.8316237926
train:8083,0,1.6364614964,1.6030340195,1.5897163749,1.6589667797,1.6384865642
train:8084,0,-0.1079257801,-0.1110738367,-0.1243914813,-0.0737639517,-0.0942441672
train:8085,0,-0.7641486526,-0.7015876770,-0.7149053216,-0.7643015981,-0.7847818136
train:8087,0,2.0816469193,2.0660517216,2.0527340770,2.0516371727,2.0311569571
train:8088,0,-0.2595604062,-0.2586548328,-0.2719724774,-0.2318882942,-0.2523685098
train:8089,0,1.7853989601,1.8006508350,1.7873331904,1.7994577885,1.7789775729
train:8090,0,2.3635396957,2.3182151318,2.3048974872,2.3693740368,2.3488938212
train:8092,0,0.3420512676,0.3605518639,0.3472342193,0.3834626675,0.3629824519
train:8093,0,0.7170214653,0.7929190397,0.7796013951,0.7255919576,0.7051117420
train:8094,0,-0.7586662173,-0.7412678003,-0.7545854449,-0.7367597818,-0.7572399974
train:8095,0,-1.1664075851,-1.1637091637,-1.1770268083,-1.1280086040,-1.1484888196
train:8096,0,2.4926168919,2.5113554001,2.4980377555,2.4979684353,2.4774882197
train:8099,0,1.0097017288,1.0289965868,1.0156789422,1.0405228138,1.0200425982
train:8100,0,1.2710880041,1.2979966402,1.2846789956,1.2626552582,1.2421750426
train:8101,-1,-7.5571694374,-7.5397243500,-7.5530419946,-7.5715475082,-7.5920277238
train:8102,-1,-6.7508821487,-6.7078995705,-6.7212172151,-6.8180537224,-6.8385339379
train:8103,0,0.6001676321,0.5934648514,0.5801472068,0.6595432758,0.6390630603
train:8105,0,2.6100533009,2.6296820641,2.6163644195,2.5640218258,2.5435416102
train:8108,0,-2.0126137733,-2.0156934261,-2.0290110707,-1.9709506035,-1.9914308190
train:8109,0,1.6546301842,1.6385076046,1.6251899600,1.6975193024,1.6770390868
train:8110,0,0.5788199902,0.5811258554,0.5678082108,0.6078016758,0.5873214602
train:8111,-1,-2.0093834400,-2.0891520977,-2.1024697423,-2.0916996002,-2.1121798158
train:8112,0,2.9593689442,2.8299841881,2.8166665435,2.9850907326,2.9646105170
train:8113,-1,-1.3218675852,-1.3130178452,-1.3263354897,-1.3991444111,-1.4196246266
train:8114,0,-3.5039417744,-3.4674201012,-3.4807377458,-3.5478782654,-3.5683584809
train:8117,0,1.2425302267,1.2480967045,1.2347790599,1.2543656826,1.2338854671
train:8119,0,-0.4263408184,-0.5472456217,-0.5605632663,-0.4062063098,-0.4266865253
train:8121,0,1.2982964516,1.3463251591,1.3330075145,1.3496401310,1.3291599154
train:8123,0,1.7191821337,1.7425242662,1.7292066216,1.7593753338,1.7388951182
train:8124,0,-0.9286018014,-0.9033782482,-0.9166958928,-0.9504670501,-0.9709472656
train:8125,0,0.0408932976,0.0186607838,0.0053431392,0.0508043915,0.0303241760
train:8126,0,0.8302901387,0.8224492073,0.8091315627,0.8487083316,0.8282281160
train:8127,-2,-7.1057243347,-7.3268923759,-7.3402100205,-7.2251210213,-7.2456012368
train:8128,0,0.0810337216,1.2718629837,1.2585453391,0.9886731505,0.9681929350
train:8130,0,1.7840130329,1.7422823906,1.7289647460,1.7609803677,1.7405001521
train:8131,0,0.7482522726,0.8393729925,0.8260553479,0.8747802377,0.8543000221
train:8132,0,0.8916644454,0.8820136786,0.8686960340,0.9216546416,0.9011744261
train:8134,0,0.8064441681,0.8285551071,0.8152374625,0.8392016292,0.8187214136
train:8135,0,2.0039219856,1.9986486435,1.9853309989,1.9897613525,1.9692811370
train:8136,0,2.4357810020,2.4713132381,2.4579955935,2.4704163074,2.4499360919
train:8137,-2,-9.6296672821,-9.8656673431,-9.8789849877,-10.3327827454,-10.3532629609
train:8138,0,1.2368363142,1.2421429157,1.2288252711,1.2617521286,1.2412719131
train:8139,0,1.4805799723,1.5333931446,1.5200755000,1.5576200485,1.5371398330
train:8140,0,0.5381736755,0.5136725903,0.5003549457,0.5697185993,0.5492383838
train:8141,0,1.1325647831,1.1559840441,1.1426663995,1.1672964096,1.1468161941
train:8142,0,1.2100489140,1.1951680183,1.1818503737,1.2420246601,1.2215444446
train:8143,0,-0.1320837289,-0.0765567720,-0.0898744166,-0.0775525868,-0.0980328023
train:8144,0,0.6892759204,0.6714709997,0.6581533551,0.7237897515,0.7033095360
train:8145,0,0.2954943478,0.2906357348,0.2773180902,0.3644297719,0.3439495564
train:8146,0,1.9463378191,1.9602502584,1.9469326138,1.9946782589,1.9741980433
train:8147,0,-1.9210777283,-1.8307298422,-1.8440474868,-1.9225409031,-1.9430211186
train:8149,0,1.2725926638,1.2811605930,1.2678429484,1.3366169930,1.3161367774
train:8150,0,1.9619982243,1.9703773260,1.9570596814,1.9987943172,1.9783141017
train:8151,0,1.0906064510,1.1385793686,1.1252617240,1.0708086491,1.0503284335
train:8153,0,-2.6911892891,-2.6492483616,-2.6625660062,-2.7345511913,-2.7550314069
train:8155,0,-0.5125145912,-0.5145775080,-0.5278951526,-0.4544788003,-0.4749590158
train:8156,0,-1.7922642231,-1.7625677586,-1.7758854032,-1.8038184643,-1.8242986798
train:8157,0,-0.3769572377,-0.1786384881,-0.1919561327,-0.2977936864,-0.3182739019
train:8158,0,2.3666470051,2.3410718441,2.3277541995,2.3705067635,2.3500265479
train:8160,-1,-6.5312151909,-6.4899363518,-6.5032539964,-6.5387983322,-6.5592785478
train:8161,-1,-7.4607367516,-7.5215425491,-7.5348601937,-7.4347953796,-7.4552755952
train:8162,0,0.8171111941,0.8087650537,0.7954474092,0.8155227304,0.7950425148
train:8163,0,1.1203474998,1.1427865028,1.1294688582,1.1665086746,1.1460284591
train:8164,0,1.6653980017,1.8558883667,1.8425707221,1.6336727142,1.6131924987
train:8165,0,-2.1683900356,-2.1569082737,-2.1702259183,-2.2078406811,-2.2283208966
train:8166,0,0.5106530190,0.5299748182,0.5166571736,0.4999766648,0.4794964492
train:8168,0,-1.1122072935,-1.0284452438,-1.0417628884,-1.1098763943,-1.1303566098
train:8170,0,1.6678481102,1.6922907829,1.6789731383,1.6639146805,1.6434344649
train:8171,0,-3.1133759022,-3.0502536297,-3.0635712743,-2.9957938194,-3.0162740350
train:8172,0,2.0372190475,1.9372620583,1.9239444137,2.0554311275,2.0349509120
train:8174,0,2.9017655849,2.8747107983,2.8613931537,2.9377980232,2.9173178077
train:8175,0,-2.6489846706,-2.6990220547,-2.7123396993,-2.7164123058,-2.7368925214
train:8176,0,2.7589323521,2.7456548214,2.7323371768,2.7865989208,2.7661187053
train:8177,0,2.5016820431,2.4560272694,2.4427096248,2.5014574528,2.4809772372
train:8178,0,0.5722572207,0.5869021416,0.5735844970,0.6076296568,0.5871494412
train:8180,0,-0.2147184908,-0.2090514600,-0.2223691046,-0.1691664159,-0.1896466315
train:8182,0,2.4907307625,2.5031397343,2.4898220897,2.5246920586,2.5042118430
train:8183,0,-2.1314995289,-2.0627386570,-2.0760563016,-2.1684172153,-2.1888974309
train:8184,0,1.7642816305,1.7481755018,1.7348578572,1.8294956684,1.8090154529
train:8186,-1,-5.1477699280,-5.1725177765,-5.1858354211,-5.2397136688,-5.2601938844
train:8187,0,0.2677867413,0.2904473841,0.2771297395,0.2842243314,0.2637441158
train:8189,0,-1.5317779779,-1.4783297777,-1.4916474223,-1.4758718014,-1.4963520169
train:8190,0,-2.7412254810,-2.7107384205,-2.7240560651,-2.7528748512,-2.7733550668
train:8191,0,-1.9767447710,-1.9421136379,-1.9554312825,-1.9837000370,-2.0041802526
train:8193,0,1.5884172916,1.5336682796,1.5203506351,1.5792193413,1.5587391257
train:8194,0,1.6309978962,1.6470528841,1.6337352395,1.6621377468,1.6416575313
train:8195,0,-0.7543551326,-0.7252402306,-0.7385578752,-0.7029833198,-0.7234635353
train:8196,0,-0.9357333779,-0.8972378969,-0.9105555415,-0.8657855988,-0.8862658143
train:8197,0,0.1240044385,0.1969555020,0.1836378574,0.1384738088,0.1179935932
train:8198,0,1.0405908823,1.0708444118,1.0575267673,1.0395541191,1.0190739036
train:8200,0,-0.0162093211,-0.0022146925,-0.0155323371,0.0067356378,-0.0137445778
train:8201,0,1.2903251648,1.2500147820,1.2366971374,1.3046908379,1.2842106223
train:8202,0,1.0329037905,1.0306962729,1.0173786283,1.0652921200,1.0448119044
train:8203,0,2.5789074898,2.5609674454,2.5476498008,2.6107215881,2.5902413726
train:8204,0,-0.2923964858,-0.1722557843,-0.1855734289,-0.2511124909,-0.2715927064
train:8205,0,-3.1879091263,-3.1194519997,-3.1327696443,-3.1495821476,-3.1700623631
train:8206,-1,-2.1836545467,-2.1887207031,-2.2020383477,-2.1861057281,-2.2065859437
train:8207,0,0.9348354936,0.9576487541,0.9443311095,0.9509811997,0.9305009842
train:8208,0,-0.3187334239,-0.2996042967,-0.3129219413,-0.2907666862,-0.3112469018
train:8210,0,-0.9274090528,-0.8424614668,-0.8557791114,-0.8755767941,-0.8960570097
train:8211,0,-0.6797367334,-0.6758627892,-0.6891804338,-0.5954557657,-0.6159359813
train:8212,0,1.7708457708,1.7551860809,1.7418684363,1.7684223652,1.7479421496
train:8213,0,0.7621800303,0.7956042290,0.7822865844,0.7590376139,0.7385573983
train:8214,0,0.3533877432,0.3734478951,0.3601302505,0.3843387365,0.3638585210
train:8215,0,-1.1078126431,-1.1554735899,-1.1687912345,-1.1103672981,-1.1308475137
train:8216,0,0.4234282970,0.4052976668,0.3919800222,0.4385683537,0.4180881381
train:8218,0,0.6633603573,0.6775439978,0.6642263532,0.7028625607,0.6823823452
train:8220,0,0.8416152000,0.8653128147,0.8519951701,0.8490208983,0.8285406828
train:8224,0,-2.4513535500,-2.4067838192,-2.4201014638,-2.4993090630,-2.5197892785
train:8225,0,-0.8380008936,-0.8292250633,-0.8425427079,-0.8365511298,-0.8570313454
train:8226,0,-0.0773797110,-0.0507610142,-0.0640786588,-0.0229122192,-0.0433924347
train:8227,0,-0.1896518916,-0.2163850367,-0.2297026813,-0.1867118180,-0.2071920335
train:8229,-1,-3.0339589119,-3.1020710468,-3.1153886914,-3.0037004948,-3.0241807103
train:8230,0,-2.5563476086,-2.6037671566,-2.6170848012,-2.5624113083,-2.5828915238
train:8233,0,1.7566820383,1.7522277832,1.7389101386,1.8176763058,1.7971960902
train:8234,0,0.9594494700,0.9536361694,0.9403185248,1.0173087120,0.9968284965
train:8235,0,-1.7231442928,-1.7038224936,-1.7171401381,-1.7121281624,-1.7326083779
train:8237,0,-0.9635470510,-0.9304968119,-0.9438144565,-1.0028331280,-1.0233133435
train:8238,0,-0.5028959513,-0.5324187279,-0.5457363725,-0.5114800334,-0.5319602489
train:8239,0,1.0632084608,1.0756003857,1.0622827411,1.0763447285,1.0558645129
train:8241,0,0.8548027873,0.9210664034,0.9077487588,0.9056540728,0.8851738572
train:8242,0,-0.4034056962,-0.3629811704,-0.3762988150,-0.3679621518,-0.3884423673
train:8243,0,0.5082914233,0.4904188812,0.4771012366,0.4720442295,0.4515640140
train:8244,0,-3.4179913998,-3.3909118176,-3.4042294621,-3.4413235188,-3.4618037343
train:8245,0,0.7698656321,0.8480932713,0.8347756267,0.7828920484,0.7624118328
train:8247,0,-1.5029265881,-1.4974267483,-1.5107443929,-1.4955255985,-1.5160058141
train:8248,0,-0.1070860401,-0.1087099016,-0.1220275462,-0.1509441733,-0.1714243889
train:8249,0,-0.6358022690,-0.6114122868,-0.6247299314,-0.5488732457,-0.5693534613
train:8251,0,1.4120817184,1.3438711166,1.3305534720,1.3801608086,1.3596805930
train:8254,0,1.6802529097,1.6249009371,1.6115832925,1.7383043766,1.7178241611
train:8255,0,1.7035094500,1.6921728849,1.6788552403,1.7371768951,1.7166966796
train:8256,0,0.8940263391,0.8803514242,0.8670337796,0.8749418855,0.8544616699
train:8257,0,1.0164662600,1.1212118864,1.1078942418,1.0138534307,0.9933732152
train:8258,0,0.9747607112,1.0182527304,1.0049350858,0.9898369908,0.9693567753
train:8259,-1,-2.4603140354,-2.4855778217,-2.4988954663,-2.4889922142,-2.5094724298
train:8260,0,0.7563332915,0.7485606670,0.7352430224,0.8078182936,0.7873380780
train:8261,0,-1.4609788656,-1.4193181992,-1.4326358438,-1.4360568523,-1.4565370679
train:8262,0,2.7161338329,2.6825702190,2.6692525744,2.6965382099,2.6760579944
train:8264,0,-1.7719726562,-1.7330565453,-1.7463741899,-1.6855692863,-1.7060495019
train:8265,0,1.4189419746,1.4231182337,1.4098005891,1.4499521255,1.4294719100
train:8266,0,0.4935020208,0.5641576052,0.5508399606,0.5120120049,0.4915317893
train:8267,0,-0.3548854887,-0.3188799918,-0.3321976364,-0.3271052837,-0.3475854993
train:8268,0,-0.8483225703,-0.7993291616,-0.8126468062,-0.9342980981,-0.9547783136
train:8269,0,1.8214581013,1.8638746738,1.8505570292,1.8691129684,1.8486327529
train:8271,0,1.6807368994,1.6868321896,1.6735145450,1.7345499992,1.7140697837
train:8272,0,1.5447751284,1.5959413052,1.5826236606,1.5281643867,1.5076841712
train:8273,0,2.0027625561,2.0734441280,2.0601264834,2.0541391373,2.0336589217
train:8274,0,-0.1497371942,-0.1184226274,-0.1317402720,-0.1364456266,-0.1569258422
train:8275,0,0.5305881500,0.5965714455,0.5832538009,0.5827921033,0.5623118877
train:8276,0,1.0081930161,0.9494794607,0.9361618161,1.0268437862,1.0063635707
train:8277,0,-1.4879987240,-1.4772272110,-1.4905448556,-1.4308586121,-1.4513388276
train:8278,-1,-3.5065057278,-3.4724619389,-3.4857795835,-3.5714344978,-3.5919147134
train:8280,0,-1.1371232271,-1.1012570858,-1.1145747304,-1.1169064045,-1.1373866200
train:8281,0,1.5231744051,1.5680546761,1.5547370315,1.5537974834,1.5333172679
train:8282,0,0.7873422503,0.8043689728,0.7910513282,0.7924970984,0.7720168829
train:8283,0,1.5756740570,1.6774113178,1.6640936732,1.5421667099,1.5216864944
train:8284,0,-0.0598894320,-0.0629773736,-0.0762950182,0.0133762509,-0.0071039647
train:8285,0,-3.7429857254,-3.6763303280,-3.6896479726,-3.6818728447,-3.7023530602
train:8286,0,0.1904457659,0.2246686667,0.2113510221,0.2204689533,0.1999887377
train:8287,0,2.8840682507,2.9794116020,2.9660939574,2.8824608326,2.8619806170
train:8288,0,-1.1796028614,-1.1436738968,-1.1569915414,-1.1753787994,-1.1958590150
train:8289,0,-2.5308890343,-2.5020904541,-2.5154080987,-2.5654830933,-2.5859633088
train:8290,0,1.7418589592,1.7614508867,1.7481332421,1.7590734959,1.7385932803
train:8291,0,1.2146314383,1.2250120640,1.2116944194,1.2547664642,1.2342862487
train:8292,0,1.3669710159,1.3409864902,1.3276688457,1.3792686462,1.3587884307
train:8293,0,0.0317293853,0.0390724540,0.0257548094,0.0809519961,0.0604717806
train:8295,0,1.2755553722,1.2943725586,1.2810549140,1.3051102161,1.2846300006
train:8296,0,-2.3293917179,-2.2972917557,-2.3106094003,-2.3643884659,-2.3848686814
train:8297,0,0.6049842238,0.5634838343,0.5501661897,0.6139469147,0.5934666991
train:8299,0,2.4295756817,2.4346327782,2.4213151336,2.4555006027,2.4350203872
train:8300,0,1.1773846149,1.1603698730,1.1470522285,1.2315692902,1.2110890746
train:8302,0,1.0788621902,1.1199734211,1.1066557765,1.0901865959,1.0697063804
train:8303,0,0.9532584548,0.9750522375,0.9617345929,0.9542742372,0.9337940216
train:8305,0,1.4973324537,1.5532701015,1.5399524570,1.5616004467,1.5411202312
train:8306,0,-1.0541241169,-1.0593099594,-1.0726276040,-1.0245461464,-1.0450263619
train:8307,0,2.0543682575,2.0933811665,2.0800635219,2.1282780170,2.1077978015
train:8309,0,1.1468302011,1.2434178591,1.2301002145,1.1445481777,1.1240679622
train:8310,-1,-2.0141408443,-2.0671501160,-2.0804677606,-2.0656890869,-2.0861693025
train:8311,0,-1.7452437878,-1.6822493076,-1.6955669522,-1.7067508698,-1.7272310853
train:8313,0,1.8391733170,1.8392553329,1.8259376884,1.8457460403,1.8252658248
train:8315,0,1.4739159346,1.4622271061,1.4489094615,1.5190677643,1.4985875487
train:8317,0,0.9369464517,0.8731966019,0.8598789573,0.9540731907,0.9335929751
train:8318,0,1.2114603519,1.2141815424,1.2008638978,1.2092397213,1.1887595057
train:8321,0,-0.3215566576,-0.2874117196,-0.3007293642,-0.2938604951,-0.3143407106
train:8322,0,-2.4881043434,-2.5259454250,-2.5392630696,-2.3789436817,-2.3994238973
train:8323,-1,-3.6254713535,-3.6339750290,-3.6472926736,-3.6605339050,-3.6810141206
train:8325,0,1.5609447956,1.3830397129,1.3697220683,1.5031692982,1.4826890826
train:8326,0,1.1950237751,1.2011153698,1.1877977252,1.2797484398,1.2592682242
train:8327,0,1.9816390276,2.0076851845,1.9943675399,2.0614664555,2.0409862399
train:8328,0,-0.1892064065,-0.1837237179,-0.1970413625,-0.1830220222,-0.2035022378
train:8329,0,-2.1095407009,-2.0291802883,-2.0424979329,-2.1064939499,-2.1269741654
train:8330,0,1.7186467648,1.6810038090,1.6676861644,1.7298338413,1.7093536258
train:8331,0,0.2843496203,0.3523165584,0.3389989138,0.3448991776,0.3244189620
train:8332,0,-1.4139132500,-1.3468836546,-1.3602012992,-1.3045873642,-1.3250675797
train:8333,0,-0.7022967339,-0.7445991039,-0.7579167485,-0.7005804777,-0.7210606933
train:8334,0,0.1525428444,0.1642078757,0.1508902311,0.2120542526,0.1915740371
train:8335,0,1.6950410604,1.7042274475,1.6909098029,1.6897113323,1.6692311168
train:8336,0,-5.0578641891,-5.0259833336,-5.0393009782,-5.0238223076,-5.0443025231
train:8337,0,-0.4489518404,-0.4209336042,-0.4342512488,-0.4140910506,-0.4345712662
train:8338,0,1.3664398193,1.4424420595,1.4291244149,1.4025211334,1.3820409179
train:8339,0,1.7754576206,1.8503370285,1.8370193839,1.8744847775,1.8540045619
train:8340,0,1.6007623672,1.5364918709,1.5231742263,1.6561989784,1.6357187629
train:8341,0,1.2201908827,1.1563223600,1.1430047154,1.2961926460,1.2757124305
train:8342,0,1.7948539257,1.7868760824,1.7735584378,1.8318862915,1.8114060760
train:8343,0,1.1488932371,1.1438288689,1.1305112243,1.1448037624,1.1243235469
train:8344,0,-1.5745384693,-1.5688812733,-1.5821989179,-1.5108931065,-1.5313733220
train:8345,0,-1.5416170359,-1.5051832199,-1.5185008645,-1.5074331760,-1.5279133916
train:8347,0,-2.3209664822,-2.2975151539,-2.3108327985,-2.2759449482,-2.2964251637
train:8348,0,-1.6921796799,-1.6371164322,-1.6504340768,-1.6263742447,-1.6468544602
train:8349,0,-3.5333776474,-3.5475845337,-3.5609021783,-3.5649621487,-3.5854423642
train:8351,0,-1.9122719765,-1.8501784801,-1.8634961247,-1.8859570026,-1.9064372182
train:8352,0,1.7062023878,1.7266894579,1.7133718133,1.7349145412,1.7144343257
train:8353,0,-2.6824653149,-2.6160399914,-2.6293576360,-2.6996204853,-2.7201007009
train:8354,-1,-2.3080286980,-2.3821423054,-2.3954599500,-2.4408850670,-2.4613652825
train:8355,0,0.5200752020,0.5355725288,0.5222548842,0.5548928976,0.5344126821
train:8356,0,0.1047785133,0.0178091154,0.0044914708,0.1959589422,0.1754787266
train:8357,0,1.1841664314,1.1533316374,1.1400139928,1.1821372509,1.1616570354
train:8358,0,1.6032106876,1.5927497149,1.5794320703,1.6182913780,1.5978111625
train:8359,0,1.8920391798,1.9649991989,1.9516815543,1.9257349968,1.9052547812
train:8360,0,1.4199826717,1.4076213837,1.3943037391,1.4810562134,1.4605759978
train:8361,0,2.5233945847,2.5326204300,2.5193027854,2.6165182590,2.5960380435
train:8363,0,0.9559863210,0.9621675014,0.9488498569,0.9542973638,0.9338171482
train:8364,-1,-0.9879118204,-0.8940775394,-0.9073951840,-0.9792107940,-0.9996910095
train:8366,0,1.7019329071,1.7668328285,1.7535151839,1.7562670708,1.7357868552
train:8367,0,0.6295143366,0.6711499691,0.6578323245,0.6200979352,0.5996177197
train:8368,-1,-1.4320143461,-1.5703314543,-1.5836490989,-1.5127251148,-1.5332053304
train:8370,0,-1.9465873241,-1.9705677032,-1.9838853478,-1.9584503174,-1.9789305329
train:8372,0,-0.4713099003,-0.4252902567,-0.4386079013,-0.3996209502,-0.4201011658
train:8373,0,-1.9589849710,-1.8438055515,-1.8571231961,-1.9239120483,-1.9443922639
train:8374,0,-4.4383463860,-4.2943892479,-4.3077068925,-4.3320884705,-4.3525686860
train:8375,0,2.7472791672,2.7156634331,2.7023457885,2.8298397064,2.8093594909
train:8376,0,0.6422190666,0.6619629860,0.6486453414,0.7016339898,0.6811537743
train:8377,0,1.5039725304,1.5142695904,1.5009519458,1.5712828636,1.5508026481
train:8381,0,0.5599042773,0.5291152000,0.5157975554,0.5399961472,0.5195159316
train:8382,0,-3.0132114887,-3.1091825962,-3.1225002408,-3.0307705402,-3.0512507558
train:8383,0,2.3527743816,2.3872554302,2.3739377856,2.3674957752,2.3470155597
train:8384,0,1.8234784603,1.8347584009,1.8214407563,1.8678669930,1.8473867774
train:8385,0,1.8047852516,1.7738471031,1.7605294585,1.7911078930,1.7706276774
train:8386,0,0.6538701653,0.6638715267,0.6505538821,0.6818566322,0.6613764167
train:8387,0,0.5966178775,0.5881839991,0.5748663545,0.6597158313,0.6392356157
train:8389,0,0.5757532120,0.5336481333,0.5203304887,0.6049789190,0.5844987035
train:8391,0,1.8229501247,1.7886943817,1.7753767371,1.8145153522,1.7940351367
train:8392,0,0.7428850532,0.7876513004,0.7743336558,0.7938306332,0.7733504176
train:8393,0,-2.5910482407,-2.5796213150,-2.5929389596,-2.6732664108,-2.6937466264
train:8394,0,0.6237825751,0.5903190374,0.5770013928,0.6711118817,0.6506316662
train:8395,0,0.2176189721,0.2386584580,0.2253408134,0.2500520945,0.2295718789
train:8396,0,-1.8114631176,-1.9854447842,-1.9987624288,-1.7798106670,-1.8002908826
train:8398,0,-1.5421725512,-1.5513176918,-1.5646353364,-1.5212094784,-1.5416896939
train:8399,0,1.6592546701,1.6505681276,1.6372504830,1.6368496418,1.6163694263
train:8401,0,0.2560578585,0.2422565818,0.2289389372,0.3095434904,0.2890632749
train:8402,0,0.4482088089,0.4868729413,0.4735552967,0.4547707736,0.4342905581
train:8403,0,1.7650688887,1.7843112946,1.7709936500,1.8426604271,1.8221802115
train:8404,0,-3.2114715576,-3.1013586521,-3.1146762967,-3.1148619652,-3.1353421807
train:8406,0,0.6821432114,0.7633403540,0.7500227094,0.7258972526,0.7054170370
train:8408,0,-2.5156683922,-2.4962553978,-2.5095730424,-2.4331502914,-2.4536305070
train:8411,0,-0.5482203364,-0.4579537809,-0.4712714255,-0.5378808379,-0.5583610535
train:8412,0,0.9574459791,0.9958243370,0.9825066924,0.9600847960,0.9396045804
train:8413,0,-0.3885531127,-0.3634794950,-0.3767971396,-0.3235462308,-0.3440264463
train:8414,0,0.1817321628,0.1984170377,0.1850993931,0.1846158803,0.1641356647
train:8415,0,0.1079346687,0.1966402233,0.1833225787,0.1686633676,0.1481831521
train:8416,0,1.0136512518,1.0540291071,1.0407114625,1.0681159496,1.0476357341
train:8417,0,-0.7830901146,-0.7716798782,-0.7849975228,-0.7105123401,-0.7309925556
train:8419,0,-2.8784344196,-2.8811733723,-2.8944910169,-2.8084893227,-2.8289695382
train:8420,0,-0.3029026091,-0.2824907601,-0.2958084047,-0.2762754560,-0.2967556715
train:8421,0,1.0177398920,0.9899837971,0.9766661525,1.0375542641,1.0170740485
train:8423,0,-0.5685541034,-0.5929493904,-0.6062670350,-0.5529615283,-0.5734417439
train:8425,0,1.1309574842,1.1044734716,1.0911558270,1.1230010986,1.1025208831
train:8430,0,0.6617887020,0.6877620220,0.6744443774,0.6609493494,0.6404691339
train:8431,0,-0.6611609459,-0.6369839907,-0.6503016353,-0.6070616841,-0.6275418997
train:8432,0,1.9083014727,1.9426612854,1.9293436408,1.9407486916,1.9202684760
train:8433,0,-3.4929609299,-3.4802434444,-3.4935610890,-3.5322999954,-3.5527802110
train:8434,0,0.5417405367,0.5472376347,0.5339199901,0.5717197061,0.5512394905
train:8435,0,1.6677774191,1.6969166994,1.6835990548,1.7049627304,1.6844825149
train:8436,0,2.6432580948,2.6064407825,2.5931231380,2.6500444412,2.6295642257
train:8437,0,2.5982336998,2.4723403454,2.4590227008,2.5708460808,2.5503658652
train:8438,0,0.7242069244,0.7127283812,0.6994107366,0.7380608916,0.7175806761
train:8439,-1,-4.2886576653,-4.3031497002,-4.3164673448,-4.3196516037,-4.3401318192
train:8440,0,-0.8754693270,-0.8140047789,-0.8273224235,-0.8596970439,-0.8801772594
train:8441,0,1.0966376066,1.1125296354,1.0992119908,1.1576840878,1.1372038722
train:8443,0,-1.8310157061,-1.8428325653,-1.8561502099,-1.8007011414,-1.8211813569
train:8444,0,2.1095705032,2.0882823467,2.0749647021,2.0611433983,2.0406631827
train:8445,0,2.4285793304,2.4194850922,2.4061674476,2.4617481232,2.4412679076
train:8446,-2,-7.0485467911,-7.2843594551,-7.2976770997,-7.1951265335,-7.2156067491
train:8447,0,-1.7919677496,-1.7360588312,-1.7493764758,-1.7734310627,-1.7939112782
train:8448,0,-0.5815019011,-0.4885751903,-0.5018928349,-0.5082787871,-0.5287590027
train:8449,0,1.4527332783,1.4550547600,1.4417371154,1.4736011028,1.4531208873
train:8451,0,-2.9531216621,-2.9734945297,-2.9868121743,-2.9326825142,-2.9531627297
train:8452,0,-0.4536625147,-0.4280112982,-0.4413289428,-0.4512216449,-0.4717018604
train:8453,0,-3.8146181107,-3.7211961746,-3.7345138192,-3.7441778183,-3.7646580338
train:8455,0,0.8932827711,0.9345824718,0.9212648273,0.9784428477,0.9579626322
train:8456,0,-0.0543107688,-0.0680155009,-0.0813331455,-0.0222751945,-0.0427554101
train:8457,0,1.4785710573,1.4730896950,1.4597720504,1.5602517128,1.5397714972
train:8458,0,2.9559156895,2.9584748745,2.9451572299,2.9408280849,2.9203478694
train:8459,0,2.4663863182,2.3902227879,2.3769051433,2.4633889198,2.4429087043
train:8460,0,-2.2008087635,-2.1929981709,-2.2063158154,-2.1850256920,-2.2055059075
train:8461,0,-1.5826878548,-1.6300795078,-1.6433971524,-1.5356106758,-1.5560908914
train:8463,0,0.5621609092,0.5152380466,0.5019204021,0.5286453962,0.5081651807
train:8464,0,1.4003382921,1.3929839134,1.3796662688,1.4483067989,1.4278265834
train:8465,0,-0.7713298798,-0.6628718376,-0.6761894822,-0.7552613020,-0.7757415175
train:8466,0,1.7139861584,1.7269158363,1.7135981917,1.7266781330,1.7061979175
train:8467,0,-3.7628474236,-3.7158246040,-3.7291422486,-3.7289021015,-3.7493823171
train:8468,0,-1.2538406849,-1.2148967981,-1.2282144427,-1.1926152706,-1.2130954862
train:8469,0,0.8654074669,0.8661037683,0.8527861238,0.9228850603,0.9024048448
train:8470,-1,-1.3683161736,-1.3559055328,-1.3692231774,-1.3309986591,-1.3514788747
train:8471,0,1.6835503578,1.6585204601,1.6452028155,1.7383704185,1.7178902030
train:8473,0,2.2058057785,2.0902221203,2.0769044757,2.2662386894,2.2457584739
train:8474,0,1.6767464876,1.7320640087,1.7187463641,1.7349169254,1.7144367099
train:8475,0,0.3168839514,0.3854689002,0.3721512556,0.3893603086,0.3688800931
train:8476,0,0.7070189714,0.7399858236,0.7266681790,0.7068992257,0.6864190102
train:8477,0,1.4925688505,1.5211482048,1.5078305602,1.5919351578,1.5714549422
train:8478,0,0.7025887370,0.6774739027,0.6641562581,0.7086545825,0.6881743670
train:8479,0,1.9017566442,1.9122015238,1.8988838792,1.9559714794,1.9354912639
train:8480,0,1.6211543083,1.6270079613,1.6136903167,1.6653025150,1.6448222995
train:8481,0,0.4896467328,0.5039017200,0.4905840755,0.5717468262,0.5512666106
train:8482,0,-1.3238607645,-1.2938168049,-1.3071344495,-1.3167824745,-1.3372626901
train:8483,0,-1.6490430832,-1.6455535889,-1.6588712335,-1.5702233315,-1.5907035470
train:8487,0,1.2639245987,1.2671177387,1.2538000941,1.3002312183,1.2797510028
train:8488,0,-2.4389672279,-2.3608086109,-2.3741262555,-2.4819252491,-2.5024054646
train:8489,-2,-5.7940111160,-6.1049761772,-6.1182938218,-5.4024348259,-5.4229150414
train:8490,0,-0.5082829595,-0.4961710274,-0.5094886720,-0.4771202207,-0.4976004362
train:8493,0,1.7476843596,1.7652232647,1.7519056201,1.7898783684,1.7693981528
train:8495,0,0.9809792042,0.9440084696,0.9306908250,1.0407382250,1.0202580094
train:8496,0,-1.8246052265,-1.7797241211,-1.7930417657,-1.7785010338,-1.7989812493
train:8497,0,1.4156197309,1.4157354832,1.4024178386,1.4704391956,1.4499589801
train:8498,0,-1.4325358868,-1.3625855446,-1.3759031892,-1.4139842987,-1.4344645143
train:8500,0,1.5136076212,1.4741082191,1.4607905746,1.5429630280,1.5224828124
train:8502,0,-0.5486072898,-0.5307415724,-0.5440592170,-0.5022718310,-0.5227520466
train:8503,0,-0.8813043833,-0.9008328915,-0.9141505361,-0.8649762273,-0.8854564428
train:8504,0,-2.2075340748,-2.1716187000,-2.1849363446,-2.1907665730,-2.2112467885
train:8505,0,-0.9136896133,-0.9011148214,-0.9144324660,-0.8701865077,-0.8906667233
train:8506,0,-0.4078327119,-0.3897516131,-0.4030692577,-0.4391786456,-0.4596588612
train:8507,0,0.8486094475,0.8515164852,0.8381988406,0.8604283333,0.8399481177
train:8508,0,0.4151461124,0.4038414061,0.3905237615,0.4152508974,0.3947706819
train:8509,0,0.3598134816,0.3651179969,0.3518003523,0.3264409900,0.3059607744
train:8510,0,0.2516183555,0.2401156574,0.2267980129,0.2455916405,0.2251114249
train:8511,0,0.0278765298,0.0071426183,-0.0061750263,0.1147606969,0.0942804813
train:8512,0,2.9731361866,2.9516279697,2.9383103251,2.9705553055,2.9500750899
train:8513,0,1.5606720448,1.5382339954,1.5249163508,1.5750682354,1.5545880198
train:8514,0,-1.8318510056,-1.8559477329,-1.8692653775,-1.8133871555,-1.8338673711
train:8515,0,2.1774220467,2.1962807178,2.1829630733,2.2737121582,2.2532319427
train:8516,0,2.2826876640,2.3045494556,2.2912318110,2.2878899574,2.2674097419
train:8517,0,1.1407306194,1.1770966053,1.1637789607,1.1389915943,1.1185113788
train:8519,0,-3.5962569714,-3.5723626614,-3.5856803060,-3.5313053131,-3.5517855287
train:8520,0,2.5867130756,2.6300933361,2.6167756915,2.6144046783,2.5939244628
train:8521,0,0.6510701776,0.7121257782,0.6988081336,0.5434704423,0.5229902267
train:8522,0,-0.4055489898,-0.4162823856,-0.4296000302,-0.4296520352,-0.4501322508
train:8523,0,0.1350090057,0.1639344841,0.1506168395,0.1701667756,0.1496865600
train:8524,0,-0.1878891438,-0.1478732377,-0.1611908823,-0.1719771028,-0.1924573183
train:8525,0,-1.8449037075,-1.8393805027,-1.8526981473,-1.8898100853,-1.9102903008
train:8526,0,0.5691038370,0.5648648739,0.5515472293,0.6207996607,0.6003194451
train:8527,0,-2.7318050861,-2.6956679821,-2.7089856267,-2.6265115738,-2.6469917893
train:8528,0,-0.9485231638,-0.9081194401,-0.9214370847,-0.9340311885,-0.9545114040
train:8529,0,1.4918223619,1.4717897177,1.4584720731,1.5190150738,1.4985348582
train:8530,0,2.8338670731,2.8716740608,2.8583564162,2.9089999199,2.8885197043
train:8531,0,2.4877862930,2.4680702686,2.4547526240,2.4840545654,2.4635743499
train:8532,0,0.5941618085,0.6119291782,0.5986115336,0.6089381576,0.5884579420
train:8534,0,-0.3656183481,-0.2978202105,-0.3111378551,-0.3874548972,-0.4079351127
train:8535,0,1.3052824736,1.3337423801,1.3204247355,1.2589199543,1.2384397388
train:8537,0,-1.1465739012,-1.1202805042,-1.1335981488,-1.0895907879,-1.1100710034
train:8539,0,1.4968222380,1.4699585438,1.4566408992,1.4954726696,1.4749924541
train:8540,0,-5.2787551880,-5.2330121994,-5.2463298440,-5.2834043503,-5.3038845658
train:8541,0,1.4805538654,1.4829297066,1.4696120620,1.4995493889,1.4790691733
train:8542,0,2.6953525543,2.6738312244,2.6605135798,2.6972112656,2.6767310500
train:8543,0,0.7389937043,0.7706315517,0.7573139071,0.7637822628,0.7433020473
train:8545,0,2.1113450527,2.0970675945,2.0837499499,2.0957510471,2.0752708316
train:8546,0,1.0809959173,1.0820213556,1.0687037110,1.1112101078,1.0907298923
train:8548,0,1.0299104452,1.0300021172,1.0166844726,1.0748372078,1.0543569922
train:8549,0,-0.9703784585,-0.9658193588,-0.9791370034,-1.0078277588,-1.0283079743
train:8550,0,2.3127193451,2.3165802956,2.3032626510,2.3277351856,2.3072549701
train:8551,0,1.5097267628,1.5420963764,1.5287787318,1.5196864605,1.4992062449
train:8552,0,1.4983421564,1.4611339569,1.4478163123,1.5101103783,1.4896301627
train:8553,0,0.3356676996,0.3866534531,0.3733358085,0.3385804594,0.3181002438
train:8554,0,0.6392465234,0.6482669115,0.6349492669,0.6875365376,0.6670563221
train:8555,0,1.9101017714,1.9158225060,1.9025048614,1.9317908287,1.9113106132
train:8558,0,0.2544819415,0.2535419464,0.2402243018,0.2324068695,0.2119266540
train:8559,0,-2.5562605858,-2.5087811947,-2.5220988393,-2.5485556126,-2.5690358281
train:8560,0,0.2641905844,0.2804492116,0.2671315670,0.3358719349,0.3153917193
train:8561,0,2.2541580200,2.2749438286,2.2616261840,2.3145999908,2.2941197753
train:8562,0,1.6112362146,1.6643939018,1.6510762572,1.7071447372,1.6866645217
train:8563,0,-1.0971121788,-1.0385925770,-1.0519102216,-1.0661897659,-1.0866699815
train:8564,0,2.0757503510,2.1922202110,2.1789025664,2.1492121220,2.1287319064
train:8565,0,1.0571326017,1.0823572874,1.0690396428,1.0703883171,1.0499081016
train:8566,0,-5.2357540131,-5.2222294807,-5.2355471253,-5.2145161629,-5.2349963784
train:8567,0,-2.8878054619,-2.8304231167,-2.8437407613,-2.8734977245,-2.8939779401
train:8568,0,-0.7600889206,-0.7599427700,-0.7732604146,-0.7661392689,-0.7866194844
train:8569,0,-0.0163780767,-0.0058086216,-0.0191262662,-0.0214486569,-0.0419288725
train:8570,0,0.4052434564,0.4497179389,0.4364002943,0.4534283876,0.4329481721
train:8573,0,1.4703212976,1.5452640057,1.5319463611,1.4822487831,1.4617685676
train:8575,0,-3.1016767025,-3.0481879711,-3.0615056157,-3.0472912788,-3.0677714944
train:8578,0,1.2860077620,1.2765543461,1.2632367015,1.2329554558,1.2124752402
train:8579,0,-3.4812307358,-3.3828303814,-3.3961480260,-3.4642286301,-3.4847088456
train:8582,0,-0.1129149050,-0.0134361014,-0.0267537460,-0.1055821031,-0.1260623187
train:8583,0,-4.3784770966,-4.5212802887,-4.5345979333,-4.4193458557,-4.4398260713
train:8584,0,2.5947353840,2.6135060787,2.6001884341,2.5855755806,2.5650953650
train:8585,0,-2.1925268173,-2.1338367462,-2.1471543908,-2.2211220264,-2.2416022420
train:8586,0,2.1170489788,2.1275172234,2.1141995788,2.1440570354,2.1235768199
train:8587,0,1.6554951668,1.6599898338,1.6466721892,1.6139299870,1.5934497714
train:8588,0,0.8493513465,0.8705949783,0.8572773337,0.9166983962,0.8962181807
train:8589,0,-0.6460086107,-0.6524746418,-0.6657922864,-0.6484866142,-0.6689668298
train:8590,0,2.5313103199,2.5208337307,2.5075160861,2.5150249004,2.4945446849
train:8591,0,-3.0074737072,-3.0091753006,-3.0224929452,-3.0689620972,-3.0894423127
train:8592,0,0.4939461946,0.5052555799,0.4919379354,0.4849742055,0.4644939899
train:8593,0,0.5762796998,0.5967018604,0.5833842158,0.6478817463,0.6274015307
train:8595,0,0.6423817873,0.6605494022,0.6472317576,0.6231417656,0.6026615500
train:8596,0,2.0091440678,1.9744336605,1.9611160159,2.0236339569,2.0031537414
train:8597,0,1.0944492817,1.1170234680,1.1037058234,1.1233727932,1.1028925776
train:8598,0,2.6335813999,2.6496527195,2.6363350749,2.5915455818,2.5710653663
train:8599,0,-0.4551740885,-0.4351885021,-0.4485061467,-0.4608646035,-0.4813448191
train:8600,0,-0.4917693734,-0.4556772411,-0.4689948857,-0.5475744605,-0.5680546761
train:8601,0,-2.4496901035,-2.4668562412,-2.4801738858,-2.3234457970,-2.3439260125
train:8602,0,0.6713013053,0.6778730154,0.6645553708,0.7344077826,0.7139275670
train:8603,0,-1.7417660952,-1.7731685638,-1.7864862084,-1.7466714382,-1.7671516538
train:8604,0,1.2203351259,1.1696797609,1.1563621163,1.1913182735,1.1708380580
train:8605,0,0.9407166839,0.9552203417,0.9419026971,0.9768820405,0.9564018250
train:8606,0,-0.4876178205,-0.4555880725,-0.4689057171,-0.5003677011,-0.5208479166
train:8607,0,1.1052087545,1.1204055548,1.1070879102,1.1392576694,1.1187774539
train:8609,0,1.1059445143,1.1445009708,1.1311833262,1.1454198360,1.1249396205
train:8611,0,2.3071246147,2.3018329144,2.2885152698,2.2970714569,2.2765912414
train:8612,0,-0.2205584049,-0.2551056743,-0.2684233189,-0.1879825592,-0.2084627748
train:8613,0,1.8354091644,1.8061389923,1.7928213477,1.9043250084,1.8838447928
train:8614,0,1.2285419703,1.3210365772,1.3077189326,1.2975749969,1.2770947814
train:8615,0,1.8234317303,1.7823841572,1.7690665126,1.9184706211,1.8979904056
train:8616,0,1.9429521561,1.9422011375,1.9288834929,1.9569833279,1.9365031123
train:8617,0,0.6148037910,0.5878874063,0.5745697618,0.6254546046,0.6049743891
train:8619,0,-1.5691258907,-1.5258781910,-1.5391958356,-1.5593247414,-1.5798049569
train:8620,0,1.9768388271,2.0391728878,2.0258552432,1.9856653214,1.9651851058
train:8621,-1,-5.6550593376,-5.6673750877,-5.6806927323,-5.6580171585,-5.6784973741
train:8622,0,0.6076431870,0.5420589447,0.5287413001,0.6242156625,0.6037354469
train:8624,0,0.5810038447,0.6238049269,0.6104872823,0.5990610123,0.5785807967
train:8626,0,-0.3727577627,-0.3232226074,-0.3365402520,-0.3306977749,-0.3511779904
train:8627,0,0.9639489055,1.0477130413,1.0343953967,0.9019826055,0.8815023899
train:8628,0,-2.3866484165,-2.3823654652,-2.3956831098,-2.3969621658,-2.4174423814
train:8630,0,2.0761082172,2.1108508110,2.0975331664,2.0621361732,2.0416559577
train:8631,0,3.1288845539,3.1253776550,3.1120600104,3.1102900505,3.0898098350
train:8632,0,0.4539422095,0.4366410673,0.4233234227,0.5040601492,0.4835799336
train:8633,0,1.1485910416,1.1688638926,1.1555462480,1.1558017731,1.1353215575
train:8634,0,0.6902997494,0.7167127132,0.7033950686,0.7247055173,0.7042253017
train:8635,0,2.5632708073,2.5700855255,2.5567678809,2.6145160198,2.5940358043
train:8636,0,0.8975016475,0.9202563763,0.9069387317,0.9931860566,0.9727058411
train:8637,0,-2.3343255520,-2.3213536739,-2.3346713185,-2.3274734020,-2.3479536176
train:8638,0,-0.3606804311,-0.3423881233,-0.3557057679,-0.3086520433,-0.3291322589
train:8639,0,0.8193941116,0.8590682745,0.8457506299,0.8608043194,0.8403241038
train:8640,0,0.1047874317,0.1236290932,0.1103114486,0.1708199531,0.1503397375
train:8644,0,1.6423451900,1.6759929657,1.6626753211,1.6937398911,1.6732596755
train:8645,0,-0.5533097386,-0.5160204172,-0.5293380618,-0.5078777671,-0.5283579826
train:8647,0,0.9669916630,1.0133911371,1.0000734925,1.0057129860,0.9852327704
train:8648,0,-2.8139026165,-2.7677512169,-2.7810688615,-2.8637440205,-2.8842242360
train:8649,0,-3.0896823406,-3.1093847752,-3.1227024198,-3.0394606590,-3.0599408746
train:8650,0,1.4715126753,1.4558392763,1.4425216317,1.4992787838,1.4787985682
train:8651,0,-0.6333400607,-0.6409680843,-0.6542857289,-0.6352583766,-0.6557385921
train:8652,0,1.2228549719,1.2185933590,1.2052757144,1.2390446663,1.2185644507
train:8653,0,2.8802287579,2.9223215580,2.9090039134,2.8978919983,2.8774117827
train:8654,0,-1.1876381636,-1.1531550884,-1.1664727330,-1.0779967308,-1.0984769464
train:8655,0,2.0635440350,2.0515859127,2.0382682681,2.0294444561,2.0089642406
train:8656,0,0.5619770288,0.5856628418,0.5723451972,0.5966905355,0.5762103200
train:8657,-1,-1.8660768270,-1.8641945124,-1.8775121570,-1.8683598042,-1.8888400197
train:8658,0,-3.1595768929,-3.1136534214,-3.1269710660,-3.1514506340,-3.1719308496
train:8661,0,-2.3920407295,-2.2977364063,-2.3110540509,-2.4976000786,-2.5180802941
train:8662,0,1.6738390923,1.6699830294,1.6566653848,1.6877429485,1.6672627330
train:8663,0,-1.5639482737,-1.5355596542,-1.5488772988,-1.5774519444,-1.5979321599
train:8665,-1,-7.3061070442,-7.2282996178,-7.2416172624,-7.3954257965,-7.4159060121
train:8666,0,2.6522958279,2.7136924267,2.7003747821,2.6830677986,2.6625875831
train:8667,0,2.3561022282,2.3126928806,2.2993752360,2.3675060272,2.3470258117
train:8668,0,-0.0995380729,-0.1007837206,-0.1141013652,-0.0834185481,-0.1038987637
train:8669,0,1.2628225088,1.2605662346,1.2472485900,1.2653470039,1.2448667884
train:8670,0,-0.4591907561,-0.4043573737,-0.4176750183,-0.4250094295,-0.4454896450
train:8671,0,3.1124336720,3.1467027664,3.1333851218,3.0481564999,3.0276762843
train:8672,0,0.8250423670,0.7851628065,0.7718451619,0.8366457820,0.8161655664
train:8673,0,1.0090528727,0.9942203760,0.9809027314,1.0563659668,1.0358857512
train:8674,0,-3.3939490318,-3.3802187443,-3.3935363889,-3.3567566872,-3.3772369027
train:8675,0,2.2607131004,2.2573909760,2.2440733314,2.2699613571,2.2494811416
train:8676,0,-2.7338461876,-2.7160038948,-2.7293215394,-2.7012083530,-2.7216885686
train:8677,0,1.1471040249,1.1426202059,1.1293025613,1.1611311436,1.1406509280
train:8678,0,-2.9619159698,-2.9660995007,-2.9794171453,-2.9616827965,-2.9821630120
train:8679,0,-1.4008024931,-1.3574311733,-1.3707488179,-1.4183270931,-1.4388073087
train:8680,0,0.5122804046,0.5250886679,0.5117710233,0.5641925335,0.5437123179
train:8681,0,-4.9416890144,-4.8921380043,-4.9054556489,-4.9536876678,-4.9741678834
train:8683,0,0.0505581982,0.0617404655,0.0484228209,0.1378472447,0.1173670292
train:8684,0,1.8510745764,1.8188117743,1.8054941297,1.8394150734,1.8189348578
train:8688,0,1.9512999058,1.9331356287,1.9198179841,1.9613113403,1.9408311248
train:8689,0,-0.7118080258,-0.7165632248,-0.7298808694,-0.6673732400,-0.6878534555
train:8690,0,1.9070249796,1.9388833046,1.9255656600,1.9502794743,1.9297992587
train:8691,0,1.3733956814,1.3826559782,1.3693383336,1.3494284153,1.3289481997
train:8692,0,0.8499541283,0.8374018669,0.8240842223,0.8700347543,0.8495545387
train:8693,0,0.0743702203,0.0486546494,0.0353370048,0.0848505646,0.0643703490
train:8695,0,1.4008767605,1.4466104507,1.4332928061,1.4481112957,1.4276310802
train:8696,0,2.0043966770,2.0060381889,1.9927205443,1.9918882847,1.9714080691
train:8697,0,-0.7438959479,-0.6953402758,-0.7086579204,-0.7250525355,-0.7455327511
train:8698,0,0.1611883491,0.2071788758,0.1938612312,0.2010974288,0.1806172132
train:8699,0,0.5525854230,0.5777405500,0.5644229054,0.5741856098,0.5537053943
train:8700,0,1.7267594337,1.6965312958,1.6832136512,1.7477178574,1.7272376418
train:8701,0,0.3649364412,0.3563704193,0.3430527747,0.4025477171,0.3820675015
train:8702,0,-1.8702248335,-1.8678325415,-1.8811501861,-1.8241252899,-1.8446055055
train:8703,0,-0.3550655544,-0.3153607249,-0.3286783695,-0.2849119306,-0.3053921461
train:8705,0,1.6902717352,1.6524507999,1.6391331553,1.7059593201,1.6854791045
train:8706,0,0.7011777163,0.6550966501,0.6417790055,0.7248504758,0.7043702602
train:8708,0,0.3532192707,0.3481502235,0.3348325789,0.3615244031,0.3410441875
train:8710,0,1.6830991507,1.6702562571,1.6569386125,1.6400253773,1.6195451617
train:8711,0,2.2084326744,2.2245502472,2.2112326026,2.2730088234,2.2525286078
train:8712,0,-1.3351230621,-1.3372216225,-1.3505392671,-1.3401997089,-1.3606799245
train:8713,0,-0.0311996285,-0.0120710284,-0.0253886729,0.0951431841,0.0746629685
train:8714,0,-1.0215965509,-0.9692730904,-0.9825907350,-0.9746132493,-0.9950934649
train:8715,0,1.1222710609,1.1334211826,1.1201035380,1.1395473480,1.1190671325
train:8716,0,1.8124295473,1.7442734241,1.7309557796,1.7700471878,1.7495669723
train:8717,0,-1.7113409042,-1.7466127872,-1.7599304318,-1.6768815517,-1.6973617673
train:8719,0,-0.7412235141,-0.7345802784,-0.7478979230,-0.7874537110,-0.8079339266
train:8720,0,3.0294065475,2.9932754040,2.9799577594,3.0774550438,3.0569748282
train:8721,0,-1.3125855923,-1.2945089340,-1.3078265786,-1.2530400753,-1.2735202909
train:8722,0,2.2589688301,2.2562172413,2.2428995967,2.2695844173,2.2491042018
train:8723,0,-2.8217191696,-2.7568826675,-2.7702003121,-2.8409404755,-2.8614206910
train:8725,0,2.6544191837,2.7160882950,2.7027706504,2.6955010891,2.6750208735
train:8726,0,0.1525425166,0.1282775402,0.1149598956,0.2218763828,0.2013961673
train:8727,0,-3.2497005463,-3.1986536980,-3.2119713426,-3.2367305756,-3.2572107911
train:8728,0,2.2789981365,2.2640564442,2.2507387996,2.3383994102,2.3179191947
train:8729,0,2.0885465145,2.1295082569,2.1161906123,2.1307532787,2.1102730632
train:8730,0,-1.8612664938,-1.8831658363,-1.8964834809,-1.8924610615,-1.9129412770
train:8731,0,1.7118757963,1.7131731510,1.6998555064,1.6786198616,1.6581396461
train:8732,0,-0.6358906031,-0.5805044174,-0.5938220620,-0.5097083449,-0.5301885605
train:8733,-1,-1.9135195017,-1.8934805393,-1.9067981839,-1.9117884636,-1.9322686791
train:8734,0,-2.3383965492,-2.2804141045,-2.2937317491,-2.3140528202,-2.3345330358
train:8735,0,0.0000727112,0.1702829897,0.1569653451,0.1260133833,0.1055331677
train:8736,0,-3.1275188923,-2.9810478687,-2.9943655133,-3.0982251167,-3.1187053323
train:8737,0,0.4356043637,0.4366700351,0.4233523905,0.4680018425,0.4475216269
train:8738,0,0.3883275986,0.3846872747,0.3713696301,0.4621636868,0.4416834712
train:8739,-1,-3.8760378361,-3.8336083889,-3.8469260335,-3.8370604515,-3.8575406671
train:8741,0,1.7140575647,1.6760852337,1.6627675891,1.7627670765,1.7422868609
train:8742,0,1.9649542570,1.9907805920,1.9774629474,1.9976792336,1.9771990180
train:8743,0,-2.3318505287,-2.3702380657,-2.3835557103,-2.4123740196,-2.4328542352
train:8744,0,1.2111210823,1.2190599442,1.2057422996,1.2735705376,1.2530903220
train:8745,0,-1.3528760672,-1.2263554335,-1.2396730781,-1.3607296944,-1.3812099099
train:8747,0,0.6900247931,0.7254948616,0.7121772170,0.7139269710,0.6934467554
train:8748,0,-2.1012475491,-2.0604310036,-2.0737486482,-2.0965991020,-2.1170793176
train:8749,0,-2.8025786877,-2.7588603497,-2.7721779943,-2.8415877819,-2.8620679975
train:8750,0,-2.9150447845,-2.8685958385,-2.8819134831,-2.8272964954,-2.8477767110
train:8751,0,-0.2284005880,-0.2375352085,-0.2508528531,-0.2395750582,-0.2600552738
train:8754,0,1.4803566933,1.4442100525,1.4308924079,1.4824721813,1.4619919658
train:8756,0,1.8255119324,1.8116557598,1.7983381152,1.8196010590,1.7991208434
train:8757,0,0.4059504271,0.4151089787,0.4017913342,0.4249162078,0.4044359922
train:8759,0,2.2132823467,2.2113802433,2.1980625987,2.2232880592,2.2028078437
train:8760,-1,-3.3041276932,-3.2760324478,-3.2893500924,-3.3659768105,-3.3864570260
train:8761,0,1.5885289907,1.5872116089,1.5738939643,1.5695655346,1.5490853190
train:8762,0,1.2905652523,1.2658314705,1.2525138259,1.3346374035,1.3141571879
train:8764,0,-0.1458320767,-0.1214004755,-0.1347181201,-0.0801465362,-0.1006267518
train:8765,0,0.3225043714,0.3585563600,0.3452387154,0.3489331901,0.3284529746
train:8766,0,1.3555858135,1.2941646576,1.2808470130,1.3268017769,1.3063215613
train:8767,0,1.2320442200,1.2316274643,1.2183098197,1.2502024174,1.2297222018
train:8768,0,1.6501733065,1.6321432590,1.6188256145,1.7150146961,1.6945344806
train:8769,0,1.3358017206,1.3641555309,1.3508378863,1.3594987392,1.3390185237
train:8770,0,-1.5182765722,-1.4971625805,-1.5104802251,-1.4877743721,-1.5082545877
train:8772,0,0.9990202188,0.9622328281,0.9489151835,0.9951829314,0.9747027159
train:8773,0,-2.4649019241,-2.4025063515,-2.4158239961,-2.4062335491,-2.4267137647
train:8774,0,2.5243349075,2.5307261944,2.5174085498,2.5274190903,2.5069388747
train:8775,0,1.1177786589,1.1592171192,1.1458994746,1.2135360241,1.1930558085
train:8776,0,-1.1351783276,-1.1356558800,-1.1489735246,-1.1121459007,-1.1326261163
train:8777,0,0.4199371636,0.4962578118,0.4829401672,0.4364423752,0.4159621596
train:8778,0,-1.0801013708,-1.1047394276,-1.1180570722,-1.0503160954,-1.0707963109
train:8780,0,-2.6026206017,-2.5895764828,-2.6028941274,-2.5695376396,-2.5900178552
train:8781,0,2.6235022545,2.6364595890,2.6231419444,2.6358046532,2.6153244376
train:8782,0,-0.3125285506,-0.2490219474,-0.2623395920,-0.3006864190,-0.3211666346
train:8783,0,-2.1725594997,-2.1371488571,-2.1504665017,-2.1026051044,-2.1230853200
train:8784,0,1.5295228958,1.4943300486,1.4810124040,1.5055506229,1.4850704074
train:8786,0,1.8195641041,1.8304786682,1.8171610236,1.8915038109,1.8710235953
train:8788,0,0.1800185740,0.1835808754,0.1702632308,0.2267068177,0.2062266022
train:8789,0,-3.8935863972,-3.9257409573,-3.9390586019,-3.9399533272,-3.9604335427
train:8790,0,0.4442438185,0.4859380424,0.4726203978,0.4745657444,0.4540855289
train:8791,0,1.6446876526,1.6175059080,1.6041882634,1.7063026428,1.6858224273
train:8792,0,-3.6294519901,-3.5666153431,-3.5799329877,-3.6076340675,-3.6281142831
train:8793,0,1.4975860119,1.4828624725,1.4695448279,1.5060846806,1.4856044650
train:8794,0,-0.1539816111,-0.1105684787,-0.1238861233,-0.0355184972,-0.0559987128
train:8795,0,-3.4131460190,-3.3451571465,-3.3584747910,-3.4090502262,-3.4295304418
train:8796,0,0.3002038598,0.3133365214,0.3000188768,0.3640053272,0.3435251117
train:8797,0,-2.1337630749,-2.0783245564,-2.0916422009,-2.1405241489,-2.1610043645
train:8799,0,2.1014864445,2.1174252033,2.1041075587,2.1382672787,2.1177870631
train:8800,0,1.1514123678,1.0894999504,1.0761823058,1.1601445675,1.1396643519
train:8803,0,-3.1412794590,-3.1738693714,-3.1871870160,-3.1776680946,-3.1981483102
train:8806,0,-1.9705399275,-1.9080603123,-1.9213779569,-2.0612688065,-2.0817490220
train:8807,0,2.5081048012,2.4957273006,2.4824096560,2.5478754044,2.5273951888
train:8808,0,2.2465028763,2.2443330288,2.2310153842,2.2587733269,2.2382931113
train:8809,0,1.2394350767,1.2481131554,1.2347955108,1.2976326942,1.2771524787
train:8810,0,-2.2837100029,-2.2502629757,-2.2635806203,-2.2612686157,-2.2817488313
train:8811,0,1.6889194250,1.6902878284,1.6769701838,1.6564791203,1.6359989047
train:8812,0,0.8602715731,0.8534594774,0.8401418328,0.8922225833,0.8717423677
train:8815,0,-1.1524246931,-1.1618056297,-1.1751232743,-1.0494487286,-1.0699289441
train:8816,0,2.8924341202,2.8879573345,2.8746396899,2.9266180992,2.9061378837
train:8817,-1,-4.3605017662,-4.3431515694,-4.3564692140,-4.3120241165,-4.3325043321
train:8818,0,1.7294589281,1.7238442898,1.7105266452,1.7745585442,1.7540783286
train:8819,0,2.6117525101,2.5984456539,2.5851280093,2.6327342987,2.6122540832
train:8820,0,2.7962675095,2.7563140392,2.7429963946,2.7977228165,2.7772426009
train:8821,0,0.1507849246,0.1805844903,0.1672668457,0.1317087114,0.1112284958
train:8822,0,1.5419625044,1.5563631058,1.5430454612,1.5620849133,1.5416046977
train:8823,0,1.4684389830,1.4745292664,1.4612116218,1.4903769493,1.4698967338
train:8824,0,1.1992679834,1.1659598351,1.1526421905,1.2505276203,1.2300474048
train:8825,0,2.1504759789,2.1409833431,2.1276656985,2.1509270668,2.1304468513
train:8827,0,1.4386678934,1.3994076252,1.3860899806,1.4398326874,1.4193524718
train:8828,0,1.1648026705,1.1857439280,1.1724262834,1.2153637409,1.1948835254
train:8829,0,0.8251509666,0.7845879793,0.7712703347,0.7437335253,0.7232533097
train:8830,0,0.6257652044,0.6497721672,0.6364545226,0.6502755284,0.6297953129
train:8831,0,0.6584953666,0.6922004223,0.6788827777,0.7041591406,0.6836789250
train:8832,0,0.9310076833,0.9150509834,0.9017333388,0.9682993293,0.9478191137
train:8833,0,0.5638696551,0.6377613544,0.6244437099,0.6282389760,0.6077587605
train:8834,0,-1.5853328705,-1.5489528179,-1.5622704625,-1.6003875732,-1.6208677888
train:8835,0,1.8504623175,1.8633693457,1.8500517011,1.8806304932,1.8601502776
train:8836,0,-1.7967643738,-1.7982535362,-1.8115711808,-1.7156157494,-1.7360959649
train:8838,0,0.6573480368,0.6405640841,0.6272464395,0.6698198915,0.6493396759
train:8839,0,1.7540636063,1.7107220888,1.6974044442,1.7325963974,1.7121161819
train:8840,0,0.8949635625,0.9283980131,0.9150803685,0.8936694860,0.8731892705
train:8841,0,-1.4580115080,-1.5157694817,-1.5290871263,-1.4148802757,-1.4353604913
train:8842,0,0.8168152571,0.8406647444,0.8273470998,0.8135219216,0.7930417061
train:8843,0,1.3921802044,1.4241238832,1.4108062387,1.4775366783,1.4570564628
train:8846,0,0.1416737586,0.1764023304,0.1630846858,0.1954093128,0.1749290973
train:8847,0,1.0785192251,1.0621131659,1.0487955213,1.0704076290,1.0499274135
train:8848,0,-2.3102717400,-2.2026607990,-2.2159784436,-2.2401819229,-2.2606621385
train:8850,0,1.0628137589,1.0833997726,1.0700821280,1.0877858400,1.0673056245
train:8851,0,-0.9667559862,-0.9264910221,-0.9398086667,-0.8903260827,-0.9108062983
train:8852,0,0.0560446568,0.0672577024,0.0539400578,0.0557383895,0.0352581739
train:8853,0,-0.8483398557,-0.9077265263,-0.9210441709,-0.8387846351,-0.8592648506
train:8854,0,1.8975298405,1.8910267353,1.8777090907,1.8783183098,1.8578380942
train:8855,0,1.1253882647,1.1238491535,1.1105315089,1.1535747051,1.1330944896
train:8856,0,-0.9812510610,-1.0160074234,-1.0293250680,-0.9427693486,-0.9632495642
train:8857,0,1.2723197937,1.2985171080,1.2851994634,1.2815363407,1.2610561252
train:8858,-1,-4.6418437958,-4.5582275391,-4.5715451837,-4.5797891617,-4.6002693772
train:8859,0,2.4694163799,2.4488151073,2.4354974627,2.4602098465,2.4397296309
train:8860,-1,-2.7422759533,-2.7759759426,-2.7892935872,-2.7397534847,-2.7602337003
train:8861,0,0.0177821144,0.0825935900,0.0692759454,0.0606743693,0.0401941538
train:8863,0,1.3853211403,1.3417583704,1.3284407258,1.4023358822,1.3818556666
train:8864,0,-0.0212245639,0.0092627704,-0.0040548742,-0.0126823932,-0.0331626087
train:8865,0,-5.9610657692,-5.7959966660,-5.8093143106,-5.9519033432,-5.9723835588
train:8868,0,2.0253744125,2.0398402214,2.0265225768,2.0556828976,2.0352026820
train:8869,0,1.5842099190,1.5412960052,1.5279783607,1.6214804649,1.6010002494
train:8870,0,0.7450469136,0.7832969427,0.7699792981,0.7160755992,0.6955953836
train:8871,0,0.4496400356,0.4548057914,0.4414881468,0.5265599489,0.5060797334
train:8872,0,-0.3109694421,-0.2673691213,-0.2806867659,-0.3003144860,-0.3207947016
train:8873,0,-1.0743970871,-1.0266023874,-1.0399200320,-1.0724029541,-1.0928831697
train:8874,0,1.1254086494,1.1455972195,1.1322795749,1.2040958405,1.1836156249
train:8875,0,-0.9444527626,-0.9232761860,-0.9365938306,-0.8563444614,-0.8768246770
train:8876,0,0.9714236259,0.9978086948,0.9844910502,0.9882702231,0.9677900076
train:8877,0,-4.6701827049,-4.5028252602,-4.5161429048,-4.6386232376,-4.6591034532
train:8878,0,1.2931194305,1.2343851328,1.2210674882,1.2734324932,1.2529522777
train:8879,0,0.7308320403,0.7146636248,0.7013459802,0.7388665676,0.7183863521
train:8880,0,3.0944054127,3.0885317326,3.0752140880,3.0809078217,3.0604276061
train:8881,0,1.1422414780,1.1384484768,1.1251308322,1.1080973148,1.0876170993
train:8882,0,-1.0684759617,-1.0530320406,-1.0663496852,-1.0058760643,-1.0263562799
train:8883,0,2.8173339367,2.8172352314,2.8039175868,2.8025515079,2.7820712924
train:8884,0,0.0762774646,0.0541502684,0.0408326238,0.1003837883,0.0799035728
train:8886,0,1.8255834579,1.8193513155,1.8060336709,1.8656995296,1.8452193141
train:8887,0,3.0943343639,3.1015822887,3.0882646441,3.1425149441,3.1220347285
train:8888,0,0.1473321766,0.1175879389,0.1042702943,0.2174001634,0.1969199479
train:8890,0,-1.3625425100,-1.5006377697,-1.5139554143,-1.3804121017,-1.4008923173
train:8891,0,2.4782800674,2.4667809010,2.4534632564,2.4312295914,2.4107493758
train:8892,0,-0.2148310989,-0.1521338820,-0.1654515266,-0.1537898183,-0.1742700338
train:8893,0,-1.1930773258,-1.1636003256,-1.1769179702,-1.1278057098,-1.1482859254
train:8895,0,1.9762256145,2.0014672279,1.9881495833,1.9804811478,1.9600009322
train:8896,0,1.5396379232,1.5153011084,1.5019834638,1.5758395195,1.5553593040
train:8897,0,1.0307323933,1.0972940922,1.0839764476,1.0038650036,0.9833847880
train:8898,0,-2.2418413162,-2.2455351353,-2.2588527799,-2.1955385208,-2.2160187364
train:8899,0,1.7610085011,1.6754505634,1.6621329188,1.7383177280,1.7178375125
train:8900,0,0.7563139200,0.7284355164,0.7151178718,0.7057754993,0.6852952838
train:8901,0,0.6589885354,0.6737201214,0.6604024768,0.7065667510,0.6860865355
train:8903,0,-2.3213303089,-2.2792863846,-2.2926040292,-2.2986466885,-2.3191269040
train:8904,0,1.3057576418,1.3735547066,1.3602370620,1.3639724255,1.3434922099
train:8906,0,-0.4880354106,-0.4772255719,-0.4905432165,-0.3615814447,-0.3820616603
train:8907,0,0.6753655076,0.6554044485,0.6420868039,0.7350013852,0.7145211697
train:8908,0,0.9024401903,0.9997296333,0.9864119887,0.9868851900,0.9664049745
train:8909,0,2.1527330875,2.1347901821,2.1214725375,2.1838815212,2.1634013057
train:8910,0,1.7033925056,1.6690967083,1.6557790637,1.7422206402,1.7217404246
train:8911,0,1.2642582655,1.2379040718,1.2245864272,1.2516195774,1.2311393619
train:8912,0,-1.8031891584,-1.7311916351,-1.7445092797,-1.7548692226,-1.7753494382
train:8914,0,-0.3626372814,-0.3587666154,-0.3720842600,-0.3369604349,-0.3574406505
train:8915,0,0.1321749240,0.1751030684,0.1617854238,0.1334372610,0.1129570454
train:8916,0,1.7198655605,1.7129588127,1.6996411681,1.7364289761,1.7159487605
train:8919,0,0.0177634452,0.0471706390,0.0338529944,0.0072413757,-0.0132388398
train:8921,0,2.2024707794,2.1845061779,2.1711885333,2.2420372963,2.2215570807
train:8922,0,-0.8336684108,-0.7839379311,-0.7972555757,-0.7760863304,-0.7965665460
train:8923,0,2.0314919949,2.0791440010,2.0658263564,2.0777845383,2.0573043227
train:8924,0,-0.0826479718,-0.0827278495,-0.0960454941,-0.0896114111,-0.1100916266
train:8925,0,2.5304384232,2.5152118206,2.5018941760,2.5747549534,2.5542747378
train:8926,0,-1.3903505802,-1.3103618622,-1.3236795068,-1.3594040871,-1.3798843026
train:8927,0,0.7256708145,0.6999050379,0.6865873933,0.7882571220,0.7677769065
train:8928,0,-2.0269181728,-1.9634952545,-1.9768128991,-1.9627368450,-1.9832170606
train:8929,0,-0.4979957640,-0.5047053099,-0.5180229545,-0.4260533452,-0.4465335608
train:8930,0,1.7557137012,1.8091132641,1.7957956195,1.8358972073,1.8154169917
train:8931,0,3.2277243137,3.2249054909,3.2115878463,3.2143545151,3.1938742995
train:8932,0,2.1456243992,2.1430907249,2.1297730803,2.1653616428,2.1448814273
train:8933,0,-0.1599149257,-0.1907626688,-0.2040803134,-0.1403033584,-0.1607835740
train:8936,0,1.5203146935,1.4667825699,1.4534649253,1.5095343590,1.4890541434
train:8939,0,1.0436910391,1.0553569794,1.0420393348,1.0799167156,1.0594365001
train:8940,0,1.7280102968,1.7327936888,1.7194760442,1.7993185520,1.7788383365
train:8941,0,-0.0566211715,-0.0808632672,-0.0941809118,-0.0251084268,-0.0455886424
train:8943,0,-3.3494327068,-3.3294627666,-3.3427804112,-3.4139146805,-3.4343948960
train:8945,0,-0.0434958450,-0.0181796923,-0.0314973369,-0.0092405081,-0.0297207236
train:8946,0,0.2712362111,0.2654294074,0.2521117628,0.2462474853,0.2257672697
train:8947,0,2.1444659233,2.1421768665,2.1288592219,2.1167187691,2.0962385535
train:8948,0,2.4479937553,2.5296599865,2.5163423419,2.4952745438,2.4747943282
train:8950,0,-2.2271788120,-2.1381859779,-2.1515036225,-2.2109324932,-2.2314127088
train:8951,0,-0.4053176641,-0.3245571256,-0.3378747702,-0.3483459055,-0.3688261211
train:8952,0,0.5983276367,0.5891807079,0.5758630633,0.5770485401,0.5565683246
train:8953,0,-0.1768834889,-0.1379512250,-0.1512688696,-0.1668839455,-0.1873641610
train:8954,0,-0.0805199370,-0.0301074088,-0.0434250534,-0.0729143322,-0.0933945477
train:8955,0,-0.8466846943,-0.8781721592,-0.8914898038,-0.7664889693,-0.7869691849
train:8956,0,2.2916533947,2.5552706718,2.5419530272,2.3940322399,2.3735520244
train:8957,0,-2.6897020340,-2.5918614864,-2.6051791310,-2.6904387474,-2.7109189630
train:8958,0,-1.3230496645,-1.3192448616,-1.3325625062,-1.3065578938,-1.3270381093
train:8959,0,0.5640416145,0.5698806047,0.5565629601,0.5218423605,0.5013621449
train:8960,0,0.4879787266,1.1438087225,1.1304910779,0.5289429426,0.5084627271
train:8961,0,0.4050147533,0.3457463384,0.3324286938,0.5442713499,0.5237911344
train:8962,0,-4.5106959343,-4.3310208321,-4.3443384767,-4.5274300575,-4.5479102731
train:8963,0,-4.9623508453,-4.8905549049,-4.9038725495,-4.9452056885,-4.9656859040
train:8964,0,1.8987214565,1.8632540703,1.8499364257,1.9491128922,1.9286326766
train:8965,0,2.0283193588,1.9961870909,1.9828694463,2.0383415222,2.0178613067
train:8966,0,1.1358903646,1.1145300865,1.1012124419,1.1572988033,1.1368185878
train:8967,0,-0.0476712622,-0.0238711983,-0.0371888429,-0.0502211004,-0.0707013160
train:8969,0,1.9968492985,1.9713113308,1.9579936862,2.0422344208,2.0217542052
train:8970,0,1.0325591564,0.9912416935,0.9779240489,1.0610332489,1.0405530334
train:8972,0,0.5176758766,0.5537868142,0.5404691696,0.4963451326,0.4758649170
train:8973,0,-1.2993459702,-1.2675055265,-1.2808231711,-1.2264218330,-1.2469020486
train:8974,0,-0.6523619890,-0.6494151354,-0.6627327800,-0.6458819509,-0.6663621664
train:8975,0,-2.3238189220,-2.2505567074,-2.2638743520,-2.3219559193,-2.3424361348
train:8976,0,-2.5859060287,-2.5151467323,-2.5284643769,-2.5450077057,-2.5654879212
train:8977,0,-0.1024462804,-0.0667546093,-0.0800722539,-0.0917989910,-0.1122792065
train:8978,0,0.6680434942,0.7126202583,0.6993026137,0.7157161832,0.6952359676
train:8979,0,-0.1061684564,-0.0921247900,-0.1054424345,-0.1059512794,-0.1264314950
train:8980,0,-0.5142958760,-0.5264624357,-0.5397800803,-0.4245868325,-0.4450670481
train:8981,0,-1.9288843870,-1.8747287989,-1.8880464435,-1.9055466652,-1.9260268807
train:8982,0,1.6563377380,1.6282558441,1.6149381995,1.6397087574,1.6192285419
train:8985,0,2.5924839973,2.5805904865,2.5672728419,2.6562070847,2.6357268691
train:8986,0,-2.0031499863,-2.0101537704,-2.0234714150,-1.9840643406,-2.0045445561
train:8987,0,0.7233446836,0.7297285795,0.7164109349,0.7648502588,0.7443700433
train:8988,0,3.1953060627,3.1938595772,3.1805419326,3.1815004349,3.1610202193
train:8989,0,1.9626685381,2.0016882420,1.9883705974,1.9700374603,1.9495572448
train:8990,0,-1.5867984295,-1.5477637053,-1.5610813498,-1.5785663128,-1.5990465283
train:8992,0,0.1669377983,0.1895724535,0.1762548089,0.1640793830,0.1435991675
train:8993,0,0.6180508137,0.7164947987,0.7031771541,0.6377210617,0.6172408462
train:8994,0,-1.9658538103,-1.9442720413,-1.9575896859,-2.0243735313,-2.0448537469
train:8995,0,-0.5043907166,-0.5542061329,-0.5675237775,-0.4609996676,-0.4814798832
train:8996,0,0.7070407867,0.7807182074,0.7674005628,0.6965323091,0.6760520935
train:8997,0,-2.4261217117,-2.3264963627,-2.3398140073,-2.5095763206,-2.5300565362
train:8999,0,0.9708372355,0.9996930361,0.9863753915,0.9527675509,0.9322873354
train:9000,0,-0.4139852822,-0.2967699766,-0.3100876212,-0.3878720999,-0.4083523154
train:9001,0,1.3825048208,1.3794029951,1.3660853505,1.4564521313,1.4359719157
train:9002,0,1.2971948385,1.3352422714,1.3219246268,1.3492081165,1.3287279010
train:9004,0,2.5882263184,2.6007714272,2.5874537826,2.6317150593,2.6112348437
train:9007,0,1.0075309277,1.0569506884,1.0436330438,0.9895040393,0.9690238237
train:9008,0,1.7776894569,1.7570114136,1.7436937690,1.7770073414,1.7565271258
train:9009,0,-1.8248262405,-1.7643231153,-1.7776407599,-1.8205349445,-1.8410151601
train:9010,0,0.5610645413,0.6314874887,0.6181698442,0.5946405530,0.5741603374
train:9011,0,0.6292020082,0.6822142601,0.6688966155,0.6781803370,0.6577001214
train:9012,0,-0.0110219792,0.0454739332,0.0321562886,-0.0158487111,-0.0363289267
train:9013,0,2.7641990185,2.7199199200,2.7066022754,2.8067290783,2.7862488627
train:9014,0,1.9749439955,1.9856818914,1.9723642468,1.9928195477,1.9723393321
train:9016,0,1.9229155779,1.9576200247,1.9443023801,1.9491190910,1.9286388755
train:9017,0,0.0995088071,0.1647796184,0.1514619738,0.0917850137,0.0713047981
train:9018,0,-0.6039605737,-0.5539618731,-0.5672795177,-0.5201366544,-0.5406168699
train:9019,0,-0.0986782685,-0.0460041314,-0.0593217760,-0.1118022949,-0.1322825104
train:9020,0,0.9535863996,0.9584732056,0.9451555610,0.9617616534,0.9412814379
train:9021,0,1.0107440948,1.0734390020,1.0601213574,1.0475330353,1.0270528197
train:9022,0,-0.1370875537,-0.1585184336,-0.1718360782,-0.1349217892,-0.1554020047
train:9023,0,0.2376783639,0.2740420699,0.2607244253,0.2814857960,0.2610055804
train:9024,-1,-4.2205715179,-4.1653966904,-4.1787143350,-4.2518119812,-4.2722921968
train:9025,0,-2.0036211014,-1.9733712673,-1.9866889119,-1.9998712540,-2.0203514695
train:9027,0,1.1483678818,1.1603419781,1.1470243335,1.1738460064,1.1533657908
train:9028,0,-1.7056046724,-1.6857361794,-1.6990538239,-1.7205016613,-1.7409818769
train:9029,0,0.7464005351,0.7318297625,0.7185121179,0.7228380442,0.7023578286
train:9030,0,0.4761598110,0.5254244804,0.5121068358,0.5132479072,0.4927676916
train:9031,0,-0.0666808262,-0.1533865482,-0.1667041928,-0.0788153857,-0.0992956012
train:9032,0,-1.0246415138,-1.0147981644,-1.0281158090,-1.0662877560,-1.0867679715
train:9033,0,-0.0375946425,-0.0625479221,-0.0758655667,-0.0726364553,-0.0931166708
train:9034,-1,-2.2330181599,-2.1846458912,-2.1979635358,-2.2059717178,-2.2264519334
train:9036,0,-1.4427195787,-1.4493713379,-1.4626889825,-1.4490885735,-1.4695687890
train:9037,0,-1.3740897179,-1.4370266199,-1.4503442645,-1.3783593178,-1.3988395333
train:9039,0,1.2385363579,1.2712223530,1.2579047084,1.2118129730,1.1913327575
train:9040,0,-0.2699065506,-0.2223028243,-0.2356204689,-0.2900004089,-0.3104806244
train:9041,-1,-1.9075567722,-1.9271513224,-1.9404689670,-1.9289598465,-1.9494400620
train:9042,0,1.7441573143,1.7140845060,1.7007668614,1.7553277016,1.7348474860
train:9043,0,-3.3161337376,-3.3630602360,-3.3763778806,-3.2463436127,-3.2668238282
train:9044,0,-2.2134847641,-2.3117392063,-2.3250568509,-2.2036907673,-2.2241709828
train:9045,-1,-3.6504876614,-3.5524272919,-3.5657449365,-3.5085253716,-3.5290055871
train:9047,0,-2.6467268467,-2.5218212605,-2.5351389050,-2.6018848419,-2.6223650575
train:9048,0,0.6179245114,0.6637313366,0.6504136920,0.6777172685,0.6572370529
train:9049,0,1.0817673206,1.1412632465,1.1279456019,1.1124010086,1.0919207931
train:9050,0,-1.0680967569,-1.0148502588,-1.0281679034,-1.0922074318,-1.1126876473
train:9051,0,1.5694550276,1.5725613832,1.5592437387,1.5412657261,1.5207855105
train:9052,0,-1.0206282139,-1.0260052681,-1.0393229127,-0.9762308002,-0.9967110157
train:9055,0,1.3421790600,1.3320868015,1.3187691569,1.3583867550,1.3379065394
train:9057,0,-0.2099117488,-0.4655195177,-0.4788371623,-0.2552289367,-0.2757091522
train:9058,0,0.1682816744,0.2052029818,0.1918853372,0.1956552565,0.1751750410
train:9059,0,1.7602882385,1.7493166924,1.7359990478,1.7337627411,1.7132825255
train:9060,0,-1.7343671322,-1.6911182404,-1.7044358850,-1.6979703903,-1.7184506059
train:9061,0,-0.0668166280,-0.0550757200,-0.0683933645,0.0132153630,-0.0072648525
train:9063,0,-0.0644497201,-0.0695210099,-0.0828386545,-0.0567977130,-0.0772779286
train:9064,0,2.7070934772,2.7100937366,2.6967760921,2.6892325878,2.6687523723
train:9065,0,1.8538796902,1.8529770374,1.8396593928,1.8364775181,1.8159973025
train:9066,0,1.1423499584,1.1652240753,1.1519064307,1.1589596272,1.1384794116
train:9067,0,1.0321842432,1.0204749107,1.0071572661,1.0638567209,1.0433765054
train:9069,0,-5.0248684883,-5.0803852081,-5.0937028527,-4.9623866081,-4.9828668237
train:9070,0,-0.1017456800,-0.1167976260,-0.1301152706,-0.0218518525,-0.0423320681
train:9071,0,0.3548370302,0.2635044456,0.2501868010,0.3288629353,0.3083827198
train:9072,0,-2.7207205296,-2.6650657654,-2.6783834100,-2.7061185837,-2.7265987992
train:9073,0,0.9747158885,0.9706698656,0.9573522210,1.0704560280,1.0499758124
train:9074,0,2.1921799183,2.2157557011,2.2024380565,2.2048325539,2.1843523383
train:9075,0,0.0549167134,0.0828663781,0.0695487335,0.0494207442,0.0289405286
train:9077,0,0.1920574456,0.2458468229,0.2325291783,0.2934965491,0.2730163336
train:9078,0,-1.0864615440,-1.0998780727,-1.1131957173,-1.0768854618,-1.0973656774
train:9079,0,1.0859593153,1.1139535904,1.1006359458,1.0850074291,1.0645272136
train:9080,0,0.4658210278,0.5434184074,0.5301007628,0.5195020437,0.4990218282
train:9081,0,2.4615044594,2.4577219486,2.4444043040,2.5257925987,2.5053123832
train:9082,0,0.9362475276,0.9073206186,0.8940029740,0.9501664639,0.9296862483
train:9084,0,1.0820202827,1.0465717316,1.0332540870,1.0980982780,1.0776180625
train:9085,0,1.1716308594,1.1612390280,1.1479213834,1.1827824116,1.1623021960
train:9086,0,0.3702224195,0.4475445151,0.4342268705,0.4212507010,0.4007704854
train:9087,0,0.6956417561,0.7167648077,0.7034471631,0.6817825437,0.6613023281
train:9088,0,1.2210819721,1.1866323948,1.1733147502,1.3430714607,1.3225912452
train:9089,0,-3.7078433037,-3.6368024349,-3.6501200795,-3.5749874115,-3.5954676270
train:9090,0,-1.5723543167,-1.5031006336,-1.5164182782,-1.5461869240,-1.5666671395
train:9091,0,1.7995347977,1.8081309795,1.7948133349,1.8007700443,1.7802898288
train:9092,0,-0.4954375327,-0.4531008899,-0.4664185345,-0.4699695706,-0.4904497862
train:9093,0,-0.6048550606,-0.5854642391,-0.5987818837,-0.5812478065,-0.6017280221
train:9094,0,1.1833434105,1.1373875141,1.1240698695,1.2212052345,1.2007250190
train:9096,0,-1.1976270676,-1.1129003763,-1.1262180209,-1.0889008045,-1.1093810201
train:9097,0,-2.4111523628,-2.3438842297,-2.3572018743,-2.4902274609,-2.5107076764
train:9099,0,-3.0712492466,-3.0090444088,-3.0223620534,-3.0813610554,-3.1018412709
train:9100,-1,-2.8286781311,-2.8563089371,-2.8696265817,-2.7798931599,-2.8003733754
train:9101,0,0.6688900590,0.7366948128,0.7233771682,0.6964174509,0.6759372354
train:9102,0,1.1178983450,1.0854705572,1.0721529126,1.1171631813,1.0966829658
train:9104,0,0.1147032976,0.1184701324,0.1051524878,0.1002916545,0.0798114389
train:9105,0,-2.1991961002,-2.1861152649,-2.1994329095,-2.1599235535,-2.1804037690
train:9106,0,-2.0796782970,-1.9897358418,-2.0030534863,-2.0690510273,-2.0895312428
train:9108,0,-0.4322373271,-0.3885872364,-0.4019048810,-0.4366248846,-0.4571051002
train:9109,0,0.1755703986,0.1873281300,0.1740104854,0.2104185820,0.1899383664
train:9110,0,0.1495591104,0.2840446532,0.2707270086,0.2078274190,0.1873472035
train:9111,0,0.9656860828,0.9382644892,0.9249468446,1.0017848015,0.9813045859
train:9113,0,-4.0517416000,-3.9006934166,-3.9140110612,-4.1076278687,-4.1281080842
train:9114,0,1.5701814890,1.7754817009,1.7621640563,1.6086969376,1.5882167220
train:9115,0,2.1277475357,2.1023781300,2.0890604854,2.1070470810,2.0865668654
train:9116,0,-1.8454145193,-1.8401067257,-1.8534243703,-1.7620010376,-1.7824812531
train:9117,0,-1.3927614689,-1.4002124071,-1.4135300517,-1.3286445141,-1.3491247296
train:9119,0,1.9373755455,1.8813526630,1.8680350184,1.9218335152,1.9013532996
train:9120,-1,-5.8010702133,-5.7841286659,-5.7974463105,-5.7876234055,-5.8081036210
train:9121,0,1.9360519648,1.9617340565,1.9484164119,1.9566709995,1.9361907840
train:9123,0,-1.3590484858,-1.2939364910,-1.3072541356,-1.2873222828,-1.3078024983
train:9124,0,1.7681866884,1.7097004652,1.6963828206,1.8044159412,1.7839357257
train:9125,0,-1.6519719362,-1.6811974049,-1.6945150495,-1.6091575623,-1.6296377778
train:9126,0,-0.0594321303,0.0067111850,-0.0066064596,0.0013810396,-0.0190991759
train:9127,0,-0.3470695913,-0.3245801032,-0.3378977478,-0.3536621928,-0.3741424084
train:9128,0,-1.2068176270,-1.2318568230,-1.2451744676,-1.2021045685,-1.2225847840
train:9129,0,1.5814951658,1.6281201839,1.6148025393,1.6189410686,1.5984608531
train:9130,0,1.8269536495,1.8368093967,1.8234917521,1.9017384052,1.8812581897
train:9131,0,2.0242626667,2.0516123772,2.0382947326,2.0695531368,2.0490729213
train:9133,0,0.1878862232,0.2827253342,0.2694076896,0.2629150748,0.2424348593
train:9134,0,2.1038205624,2.0772795677,2.0639619231,2.1337084770,2.1132282615
train:9135,0,-5.5317940712,-5.4940977097,-5.5074153543,-5.5103712082,-5.5308514237
train:9137,0,0.4077924192,0.4085809290,0.3952632844,0.4145684838,0.3940882683
train:9138,0,-1.4383105040,-1.4422873259,-1.4556049705,-1.4413249493,-1.4618051648
train:9139,0,2.2183012962,2.1716303825,2.1583127379,2.1900324821,2.1695522666
train:9140,0,2.7401740551,2.7514657974,2.7381481528,2.7098345757,2.6893543601
train:9142,0,0.9739046693,0.9782371521,0.9649195075,1.0080637932,0.9875835776
train:9143,0,1.6527563334,1.6626505852,1.6493329406,1.6653630733,1.6448828578
train:9144,0,1.2953413725,1.3347096443,1.3213919997,1.3192665577,1.2987863421
train:9145,0,0.6152955890,0.6379184723,0.6246008277,0.6200456619,0.5995654464
train:9147,0,2.4053843021,2.3921315670,2.3788139224,2.4564487934,2.4359685779
train:9148,0,-1.0973874331,-1.1236195564,-1.1369372010,-1.0464203358,-1.0669005513
train:9149,0,0.9421155453,0.9436706305,0.9303529859,0.9801704288,0.9596902132
train:9150,0,0.0194895640,0.0964174345,0.0830997899,0.0109446943,-0.0095355213
train:9151,0,-0.1148050576,-0.1393622756,-0.1526799202,-0.1394254416,-0.1599056572
train:9152,0,-6.0792260170,-6.0325083733,-6.0458260179,-6.1089549065,-6.1294351220
train:9153,0,0.6321373582,0.6526427269,0.6393250823,0.6425384283,0.6220582128
train:9154,0,-2.5826718807,-2.5254714489,-2.5387890935,-2.5743079185,-2.5947881341
train:9155,-1,-2.4902551174,-2.4516780376,-2.4649956822,-2.4695808887,-2.4900611043
train:9156,0,0.3849228621,0.3867925107,0.3734748662,0.4108986855,0.3904184699
train:9160,0,0.3334975541,0.3901651502,0.3768475056,0.3455846906,0.3251044750
train:9161,0,1.2881028652,1.2294951677,1.2161775231,1.2643759251,1.2438957095
train:9162,0,0.2564880550,0.1993699819,0.1860523373,0.2935561538,0.2730759382
train:9163,0,0.7852113843,0.8309397697,0.8176221251,0.7998514771,0.7793712616
train:9164,0,-0.0336349495,-0.0325033516,-0.0458209962,-0.0278681815,-0.0483483970
train:9165,0,1.9997191429,1.9968894720,1.9835718274,1.9871981144,1.9667178988
train:9166,0,1.8466801643,1.8400646448,1.8267470002,1.8552563190,1.8347761035
train:9167,0,-0.7200501561,-0.7486441135,-0.7619617581,-0.7332302928,-0.7537105083
train:9168,0,2.3693096638,2.3698711395,2.3565534949,2.4229319096,2.4024516940
train:9170,0,2.2787079811,2.2681186199,2.2548009753,2.2908172607,2.2703370452
train:9171,0,1.8358687162,1.8490525484,1.8357349038,1.8610532284,1.8405730128
train:9172,0,0.2515265048,0.2344050705,0.2210874259,0.3367887139,0.3163084984
train:9173,0,1.5948233604,1.5832693577,1.5699517131,1.6021003723,1.5816201568
train:9174,0,-0.3069761395,-0.2383293509,-0.2516469955,-0.3173044622,-0.3377846777
train:9175,0,-2.8757321835,-2.8072845936,-2.8206022382,-2.9145534039,-2.9350336194
train:9176,0,0.0456294417,0.0067453086,-0.0065723360,-0.0000105947,-0.0204908103
train:9177,0,1.9443945885,1.9624736309,1.9491559863,1.9703717232,1.9498915076
train:9178,0,0.3536730409,0.3798701465,0.3665525019,0.3889494538,0.3684692383
train:9179,0,-0.3065600693,-0.2642718554,-0.2775895000,-0.3078747988,-0.3283550143
train:9180,0,-0.7209483385,-0.7404084206,-0.7537260652,-0.7197234035,-0.7402036190
train:9182,-1,-1.5908452272,-1.4883021116,-1.5016197562,-1.6380653381,-1.6585455537
train:9184,0,0.7944621444,0.8001539707,0.7868363261,0.8705922961,0.8501120806
train:9185,0,0.5786649585,0.5875022411,0.5741845965,0.6203081608,0.5998279452
train:9186,0,-0.0526150912,-0.0610261708,-0.0743438154,0.0138341188,-0.0066460967
train:9187,0,1.8606494665,1.8686577082,1.8553400636,1.9054195881,1.8849393725
train:9188,0,-4.4383411407,-4.3027510643,-4.3160687089,-4.3513789177,-4.3718591332
train:9190,-1,-4.5505518913,-4.5709424019,-4.5842600465,-4.6120162010,-4.6324964166
train:9191,0,0.9156861901,0.9464670420,0.9331493974,0.9296802282,0.9092000127
train:9193,0,-0.7089133859,-0.7123622894,-0.7256799340,-0.7052746415,-0.7257548571
train:9194,0,-0.7448728085,-0.6690483093,-0.6823659539,-0.7318481207,-0.7523283362
train:9195,0,1.8678613901,1.8691514730,1.8558338284,1.8420786858,1.8215984702
train:9196,0,-0.7541020513,-0.7628852129,-0.7762028575,-0.7111843228,-0.7316645384
train:9197,0,0.7699371576,0.7567754984,0.7434578538,0.8107514381,0.7902712226
train:9198,0,1.7572697401,1.7199823856,1.7066647410,1.7457735538,1.7252933383
train:9199,0,1.1570897102,1.2158918381,1.2025741935,1.2262132168,1.2057330012
train:9202,0,0.0944383070,0.1441650689,0.1308474243,0.1520518064,0.1315715909
train:9203,0,2.2898333073,2.3228352070,2.3095175624,2.2975888252,2.2771086097
train:9204,0,2.5060992241,2.5029590130,2.4896413684,2.5105726719,2.4900924563
train:9205,0,1.8374900818,1.8524268866,1.8391092420,1.8845770359,1.8640968204
train:9206,0,1.2592232227,1.2435193062,1.2302016616,1.2448842525,1.2244040370
train:9207,0,0.9468659759,0.9633834362,0.9500657916,1.0347137451,1.0142335296
train:9208,0,-0.0527125411,-0.0603293478,-0.0736469924,-0.1146749258,-0.1351551414
train:9209,0,2.1283926964,2.1857764721,2.1724588275,2.1518185139,2.1313382983
train:9210,0,1.3657686710,1.3367223740,1.3234047294,1.3879029751,1.3674227595
train:9211,0,2.5267949104,2.4934201241,2.4801024795,2.4951148033,2.4746345878
train:9212,0,0.7038661242,0.6849114895,0.6715938449,0.7358359694,0.7153557539
train:9213,0,-0.3660379350,-0.2400729358,-0.2533905804,-0.3377269506,-0.3582071662
train:9214,0,-1.3157742023,-1.3182394505,-1.3315570951,-1.2595236301,-1.2800038457
train:9215,0,-1.5294073820,-1.4966354370,-1.5099530816,-1.5395636559,-1.5600438714
train:9216,0,-2.0643138885,-2.0141026974,-2.0274203420,-2.0802845955,-2.1007648110
train:9218,0,1.6055525541,1.6322920322,1.6189743876,1.5986008644,1.5781206489
train:9219,0,0.9113980532,0.9431189299,0.9298012853,0.9046728015,0.8841925859
train:9220,0,-1.5875014067,-1.5183913708,-1.5317090154,-1.5731048584,-1.5935850739
train:9221,0,1.4966162443,1.6011693478,1.5878517032,1.5247826576,1.5043024421
train:9222,0,1.7761721611,1.7420870066,1.7287693620,1.7678031921,1.7473229766
train:9223,0,1.3476089239,1.5123021603,1.4989845157,1.3341321945,1.3136519790
train:9224,-1,-5.1130757332,-5.1366000175,-5.1499176621,-5.1121768951,-5.1326571107
train:9225,0,-1.5268330574,-1.5631890297,-1.5765066743,-1.4931292534,-1.5136094689
train:9226,0,-3.5209603310,-3.4942178726,-3.5075355172,-3.5782928467,-3.5987730622
train:9227,0,1.1919784546,1.2094744444,1.1961567998,1.2306802273,1.2102000117
train:9229,0,2.8721408844,2.9245536327,2.9112359881,2.9234859943,2.9030057788
train:9230,0,2.5540370941,2.5729854107,2.5596677661,2.5318093300,2.5113291144
train:9232,0,0.4511935115,0.5720605850,0.5587429404,0.5399595499,0.5194793344
train:9235,0,-5.5404267311,-5.4885153770,-5.5018330216,-5.5831737518,-5.6036539674
train:9236,0,0.3653112650,0.3836559951,0.3703383505,0.3489395380,0.3284593225
train:9237,0,0.1131126806,0.0623483807,0.0490307361,0.1088677347,0.0883875191
train:9238,0,2.7000050545,2.7191269398,2.7058092952,2.6891429424,2.6686627269
train:9239,0,1.5239732265,1.5229303837,1.5096127391,1.5136504173,1.4931702018
train:9240,0,0.9428395629,0.9571745396,0.9438568950,0.9766872525,0.9562070370
train:9241,0,-2.0748362541,-2.0255529881,-2.0388706326,-2.0663194656,-2.0867996812
train:9242,0,1.8421689272,1.8250417709,1.8117241263,1.8594918251,1.8390116096
train:9243,0,0.5696674585,0.6345261335,0.6212084889,0.6661248803,0.6456446648
train:9244,0,-0.2340167612,-0.2783737183,-0.2916913629,-0.1863178015,-0.2067980170
train:9245,-1,-1.7540355921,-1.6655840874,-1.6789017320,-1.7718338966,-1.7923141122
train:9247,0,1.1726821661,1.1757159233,1.1623982787,1.1655695438,1.1450893283
train:9248,0,0.0052934149,0.0371778011,0.0238601565,-0.0392688811,-0.0597490966
train:9249,0,1.3945161104,1.3863238096,1.3730061650,1.4559159279,1.4354357123
train:9250,0,-1.3693578243,-1.4202821255,-1.4335997701,-1.3873374462,-1.4078176618
train:9251,0,0.6316291094,0.6665694714,0.6532518268,0.6102963090,0.5898160934
train:9252,0,2.7698576450,2.7654213905,2.7521037459,2.7878105640,2.7673303485
train:9253,0,0.9940587878,1.0354444981,1.0221268535,1.0272073746,1.0067271590
train:9254,0,0.2849101126,0.2813576162,0.2680399716,0.2806478441,0.2601676285
train:9255,0,0.1402878910,0.2088777423,0.1955600977,0.1721840054,0.1517037898
train:9256,0,-3.4062943459,-3.4230563641,-3.4363740087,-3.3862514496,-3.4067316651
train:9257,0,0.3201318979,0.3717705905,0.3584529459,0.3591025770,0.3386223614
train:9258,0,-0.6865152717,-0.6566848755,-0.6700025201,-0.6318972707,-0.6523774862
train:9259,0,-1.6457271576,-1.6593428850,-1.6726605296,-1.7198574543,-1.7403376698
train:9261,0,2.4551615715,2.4418523312,2.4285346866,2.4393415451,2.4188613296
train:9262,0,1.1475614309,1.2116544247,1.1983367801,1.1636679173,1.1431877017
train:9263,0,-3.9396662712,-3.8338162899,-3.8471339345,-3.9824123383,-4.0028925538
train:9264,0,-1.5332726240,-1.4704804420,-1.4837980866,-1.5304427147,-1.5509229302
train:9266,0,0.7124619484,0.7065109015,0.6931932569,0.7783331275,0.7578529119
train:9267,0,-4.5549478531,-4.5285143852,-4.5418320298,-4.5686292648,-4.5891094804
train:9268,-1,-8.4814548492,-8.4146156311,-8.4279332757,-8.4394207001,-8.4599009156
train:9269,0,1.3243089914,1.3268437386,1.3135260940,1.3173425198,1.2968623042
train:9270,0,0.8121832609,0.8326048851,0.8192872405,0.8465026021,0.8260223866
train:9271,0,0.7019490004,0.7349430323,0.7216253877,0.7436901927,0.7232099771
train:9272,0,0.1318837255,0.1335908473,0.1202732027,0.1464285702,0.1259483546
train:9273,0,1.9040037394,1.9276282787,1.9143106341,1.9692554474,1.9487752318
train:9274,-1,-2.5289323330,-2.5610692501,-2.5743868947,-2.5610718727,-2.5815520883
train:9275,-1,-2.8839988708,-2.9334723949,-2.9467900395,-2.8915214539,-2.9120016694
train:9276,0,-0.0611622408,0.0157059580,0.0023883134,-0.0970003903,-0.1174806058
train:9277,0,-1.0332310200,-1.0281010866,-1.0414187312,-1.0160026550,-1.0364828706
train:9278,0,1.0265043974,1.0438679457,1.0305503011,1.0494772196,1.0289970040
train:9279,0,-1.7035411596,-1.7014658451,-1.7147834897,-1.7108943462,-1.7313745618
train:9280,0,1.3366885185,1.3905982971,1.3772806525,1.3321907520,1.3117105365
train:9281,0,-0.7030732036,-0.7207111120,-0.7340287566,-0.7806596160,-0.8011398315
train:9282,0,0.1129458249,0.1666114181,0.1532937735,0.1073573083,0.0868770927
train:9283,0,0.7923588157,0.8597975969,0.8464799523,0.8364062905,0.8159260750
train:9284,0,1.0797712803,1.0417205095,1.0284028649,1.1189112663,1.0984310508
train:9285,0,-2.0455186367,-2.0472533703,-2.0605710149,-1.9913163185,-2.0117965341
train:9286,0,-3.0002641678,-2.9667880535,-2.9801056981,-2.9849724770,-3.0054526925
train:9287,0,2.1889317036,2.1611669064,2.1478492618,2.2207098007,2.2002295852
train:9288,0,1.2290320396,1.2124934196,1.1991757751,1.2331764698,1.2126962543
train:9289,0,0.1669551581,0.1056099460,0.0922923014,0.1053809673,0.0849007517
train:9292,0,-3.1782443523,-3.1865468025,-3.1998644471,-3.1962156296,-3.2166958451
train:9293,0,-4.0600056648,-3.8858349323,-3.8991525769,-4.0534076691,-4.0738878846
train:9294,0,1.3936890364,1.4320678711,1.4187502265,1.4381577969,1.4176775813
train:9295,0,2.0261771679,2.0076694489,1.9943518043,2.0877163410,2.0672361255
train:9298,0,1.1796884537,1.1940362453,1.1807186007,1.2306413651,1.2101611495
train:9299,0,0.9486652017,1.0097131729,0.9963955283,0.9756250978,0.9551448822
train:9300,0,-1.0236622095,-0.9573892355,-0.9707068801,-1.0916264057,-1.1121066213
train:9301,0,1.7741090059,1.8130943775,1.7997767329,1.8044562340,1.7839760184
train:9302,0,0.9636417627,1.1550836563,1.1417660117,1.0879366398,1.0674564242
train:9304,0,-1.9851133823,-1.9460337162,-1.9593513608,-1.9963471889,-2.0168274045
train:9305,0,-0.1914462149,-0.1807210147,-0.1940386593,-0.1420561969,-0.1625364125
train:9307,0,1.2642122507,1.2667962313,1.2534785867,1.2880704403,1.2675902247
train:9308,-1,-2.8909914494,-2.7944295406,-2.8077471852,-2.8925993443,-2.9130795598
train:9309,0,0.9783761501,1.0112807751,0.9979631305,1.0353531837,1.0148729682
train:9311,-1,-1.6806182861,-1.7345547676,-1.7478724122,-1.7771217823,-1.7976019979
train:9312,0,1.4586502314,1.4351707697,1.4218531251,1.4756052494,1.4551250339
train:9313,0,-0.0754541978,-0.1087284088,-0.1220460534,-0.0705230534,-0.0910032690
train:9314,0,-1.8347843885,-1.7327430248,-1.7460606694,-1.8796072006,-1.9000874162
train:9315,0,2.2476859093,2.2552216053,2.2419039607,2.2518877983,2.2314075828
train:9316,0,-3.9962112904,-3.9304578304,-3.9437754750,-4.0706119537,-4.0910921693
train:9317,0,2.3447089195,2.4074196815,2.3941020370,2.3770751953,2.3565949798
train:9318,0,-1.3828487396,-1.4068746567,-1.4201923013,-1.3843142986,-1.4047945142
train:9319,0,2.2891089916,2.2880575657,2.2747399211,2.3423988819,2.3219186664
train:9320,0,2.3545172215,2.3476860523,2.3343684077,2.3655354977,2.3450552821
train:9321,0,2.5990400314,2.6838185787,2.6705009341,2.5948500633,2.5743698478
train:9322,0,-0.1109124348,-0.1066721231,-0.1199897677,-0.1314194649,-0.1518996805
train:9324,0,2.3992159367,2.3154108524,2.3020932078,2.3807349205,2.3602547050
train:9325,0,-0.5341212749,-0.4696392715,-0.4829569161,-0.5510807037,-0.5715609193
train:9326,0,1.9992368221,2.0127594471,1.9994418025,1.9963731766,1.9758929610
train:9328,0,0.5051456094,0.4879167676,0.4745991230,0.5174604058,0.4969801903
train:9329,0,1.3985447884,1.3902091980,1.3768915534,1.3861436844,1.3656634688
train:9330,0,-0.6380318999,-0.6346293688,-0.6479470134,-0.5949581265,-0.6154383421
train:9331,0,-0.8366999030,-0.8315962553,-0.8449138999,-0.8203236461,-0.8408038616
train:9332,0,0.9254154563,0.9153177738,0.9020001292,0.9164240956,0.8959438801
train:9333,0,-2.4624805450,-2.5084197521,-2.5217373967,-2.5187070370,-2.5391872525
train:9334,0,0.6525691152,0.6324627399,0.6191450953,0.6534257531,0.6329455376
train:9335,0,-1.0266287327,-1.0427205563,-1.0560382009,-0.9601661563,-0.9806463718
train:9336,0,2.0637862682,2.1068913937,2.0935737491,2.0531024933,2.0326222777
train:9337,0,-1.6813009977,-1.6573412418,-1.6706588864,-1.6722154617,-1.6926956773
train:9338,0,0.2186312675,0.2832243145,0.2699066699,0.2934255004,0.2729452848
train:9339,0,-2.0635187626,-2.0143661499,-2.0276837945,-2.0185222626,-2.0390024781
train:9340,0,-0.0134657053,-0.0162388012,-0.0295564458,0.0026026666,-0.0178775489
train:9341,0,-3.3472275734,-3.2847216129,-3.2980392575,-3.3226232529,-3.3431034684
train:9342,0,2.9084355831,2.8906934261,2.8773757815,2.9956312180,2.9751510024
train:9343,0,-0.1916752309,-0.0856969357,-0.0990145802,-0.2368269563,-0.2573071718
train:9344,0,2.0809950829,2.1033012867,2.0899836421,2.1325802803,2.1121000648
train:9345,0,0.6583508849,0.6549153328,0.6415976882,0.7092407346,0.6887605190
train:9346,0,0.4666729271,0.5182770491,0.5049594045,0.5041141510,0.4836339355
train:9347,0,0.8042120934,0.8226687908,0.8093511462,0.8955157399,0.8750355244
train:9348,0,-2.6152513027,-2.6325919628,-2.6459096074,-2.5732240677,-2.5937042832
train:9349,0,-5.8982229233,-5.9718937874,-5.9852114320,-5.7722992897,-5.7927795053
train:9351,0,1.8700550795,1.8872303963,1.8739127517,1.9090054035,1.8885251880
train:9352,0,-0.4858381748,-0.4605378807,-0.4738555253,-0.4437325001,-0.4642127156
train:9353,0,0.0381757058,0.0319689214,0.0186512768,0.0038115978,-0.0166686177
train:9355,0,0.9294602871,0.9309822321,0.9176645875,0.9646776915,0.9441974759
train:9356,0,-0.2132448554,-0.1494781822,-0.1627958268,-0.1667998433,-0.1872800589
train:9357,0,0.6188360453,0.6342484951,0.6209308505,0.6454969049,0.6250166893
train:9358,0,1.1908007860,1.2063995600,1.1930819154,1.2530229092,1.2325426936
train:9359,0,-0.0885112211,-0.0686668009,-0.0819844455,-0.0394316912,-0.0599119067
train:9361,0,1.8220893145,1.8454228640,1.8321052194,1.8391253948,1.8186451793
train:9362,0,0.6871477962,0.6364305019,0.6231128573,0.7389834523,0.7185032368
train:9363,0,-1.6904470921,-1.6808668375,-1.6941844821,-1.6273698807,-1.6478500962
train:9365,0,2.1810791492,2.1609501839,2.1476325393,2.2323324680,2.2118522525
train:9367,0,0.8193727732,0.8503590822,0.8370414376,0.8566688895,0.8361886740
train:9368,0,-2.6090838909,-2.6201446056,-2.6334622502,-2.5584743023,-2.5789545178
train:9369,0,1.0034989119,1.0290488005,1.0157311559,0.9838759899,0.9633957744
train:9370,0,1.2558592558,1.2887787819,1.2754611373,1.3181326389,1.2976524234
train:9371,0,1.3498287201,1.3332935572,1.3199759126,1.3870661259,1.3665859103
train:9373,0,1.5654833317,1.6225663424,1.6092486978,1.5898704529,1.5693902373
train:9374,0,-1.0309293270,-0.9862320423,-0.9995496869,-1.0192863941,-1.0397666097
train:9375,0,-0.6749948263,-0.6475747824,-0.6608924270,-0.6033573747,-0.6238375902
train:9376,0,2.8711452484,2.8757407665,2.8624231219,2.8471679688,2.8266877532
train:9377,0,-1.7408993244,-1.7118575573,-1.7251752019,-1.7223167419,-1.7427969575
train:9380,0,-0.4781085253,-0.5031213760,-0.5164390206,-0.4751705527,-0.4956507683
train:9381,0,-5.7113151550,-5.7301077843,-5.7434254289,-5.6280908585,-5.6485710740
train:9384,0,0.3019824624,0.3078504503,0.2945328057,0.3477913141,0.3273110986
train:9385,0,1.8236780167,1.8082338572,1.7949162126,1.7604734898,1.7399932742
train:9386,0,-0.2487907857,-0.2202102840,-0.2335279286,-0.2340939641,-0.2545741796
train:9387,0,-0.8141190410,-0.8016198874,-0.8149375319,-0.7882556319,-0.8087358475
train:9388,0,-2.4317402840,-2.3888552189,-2.4021728635,-2.4959387779,-2.5164189935
train:9389,0,-1.7715314627,-1.7896823883,-1.8030000329,-1.7426896095,-1.7631698251
train:9390,0,0.0670400634,0.1097532436,0.0964355990,0.1266420335,0.1061618179
train:9391,-1,-5.7365951538,-5.7234673500,-5.7367849946,-5.7679748535,-5.7884550691
train:9392,0,1.7997146845,1.7640440464,1.7507264018,1.7125914097,1.6921111941
train:9393,0,-0.0804377794,-0.0263954401,-0.0397130847,-0.0427553058,-0.0632355213
train:9394,0,0.5667608976,0.5968798399,0.5835621953,0.5854551792,0.5649749637
train:9395,0,-3.5644621849,-3.4782373905,-3.4915550351,-3.4983577728,-3.5188379884
train:9396,0,0.2043387443,0.3973472416,0.3840295970,0.2972647250,0.2767845094
train:9397,-1,-2.3579583168,-2.3346288204,-2.3479464650,-2.3369722366,-2.3574524522
train:9398,0,-1.4495848417,-1.3875834942,-1.4009011388,-1.4265010357,-1.4469812512
train:9400,0,1.1084858179,1.0666388273,1.0533211827,1.1477856636,1.1273054481
train:9401,0,1.4844638109,1.5273070335,1.5139893889,1.5524272919,1.5319470763
train:9402,0,1.2192621231,1.1956026554,1.1822850108,1.2782707214,1.2577905059
train:9403,-1,-2.7470886707,-2.7856895924,-2.7990072370,-2.8204708099,-2.8409510255
train:9404,0,-0.5055177808,-0.4171170592,-0.4304347038,-0.5320016146,-0.5524818301
train:9405,0,0.7155503631,0.7380942106,0.7247765660,0.7651181221,0.7446379066
train:9406,0,-5.8763041496,-5.8845334053,-5.8978510499,-5.7795410156,-5.8000212312
train:9407,0,1.3995692730,1.4074072838,1.3940896392,1.3932857513,1.3728055358
train:9409,0,2.4714646339,2.3887345791,2.3754169345,2.4513759613,2.4308957458
train:9410,0,0.4973375499,0.5151425600,0.5018249154,0.6046802998,0.5842000842
train:9413,0,0.8762362599,0.9137003422,0.9003826976,0.9244820476,0.9040018320
train:9414,0,1.1203159094,1.1445460320,1.1312283874,1.1914572716,1.1709770560
train:9415,0,-0.1890861839,-0.1868782640,-0.2001959085,-0.2081568837,-0.2286370993
train:9416,0,-3.3874464035,-3.3772139549,-3.3905315995,-3.3681335449,-3.3886137605
train:9417,0,0.1306330264,0.1481142640,0.1347966194,0.1947419345,0.1742617190
train:9418,0,-2.4724652767,-2.4285619259,-2.4418795705,-2.3728380203,-2.3933182359
train:9419,-1,-3.0734486580,-3.0464375019,-3.0597551465,-3.0570135117,-3.0774937272
train:9420,0,1.6731491089,1.7266981602,1.7133805156,1.6854124069,1.6649321914
train:9421,0,1.0478558540,1.0489685535,1.0356509089,1.0767171383,1.0562369227
train:9422,0,2.0487813950,2.0394909382,2.0261732936,2.0015804768,1.9811002612
train:9423,-1,-1.9291511774,-1.9596428871,-1.9729605317,-1.8533449173,-1.8738251328
train:9424,0,-0.0639268979,0.0561682433,0.0428505987,-0.0537939668,-0.0742741823
train:9425,0,0.3134976029,0.3211381137,0.3078204691,0.3591420054,0.3386617899
train:9427,-1,-7.6491909027,-7.7397227287,-7.7530403733,-7.7020897865,-7.7225700021
train:9428,0,0.9744983912,0.9481973648,0.9348797202,1.0029087067,0.9824284911
train:9430,-1,-0.8978562951,-1.0327088833,-1.0460265279,-0.9756140113,-0.9960942268
train:9431,0,-0.1407334059,-0.1265841872,-0.1399018317,-0.1629896462,-0.1834698617
train:9433,0,1.9045580626,1.9041554928,1.8908378482,1.9238452911,1.9033650756
train:9435,0,2.9172315598,2.9333868027,2.9200691581,2.9148445129,2.8943642974
train:9436,0,0.3540919423,0.3565241992,0.3432065547,0.2532196045,0.2327393889
train:9437,0,-1.5326261520,-1.5349447727,-1.5482624173,-1.5083467960,-1.5288270116
train:9439,0,2.4475402832,2.4344892502,2.4211716056,2.4201908112,2.3997105956
train:9440,0,0.5055657625,0.5515362024,0.5382185578,0.5421648026,0.5216845870
train:9441,0,-1.4871591330,-1.4034117460,-1.4167293906,-1.4438846111,-1.4643648267
train:9442,0,-4.0883240700,-4.0460085869,-4.0593262315,-4.0299291611,-4.0504093766
train:9443,0,-1.1981198788,-1.1863332987,-1.1996509433,-1.1701295376,-1.1906097531
train:9444,0,0.6243171692,0.6874504089,0.6741327643,0.6209099889,0.6004297733
train:9445,0,-1.0024093390,-1.0067217350,-1.0200393796,-0.9729537368,-0.9934339523
train:9446,0,-0.2666371465,-0.2873869836,-0.3007046282,-0.2392956614,-0.2597758770
train:9447,0,0.9157290459,0.8846004009,0.8712827563,0.8463194966,0.8258392811
train:9448,0,-0.1251745969,-0.1007648110,-0.1140824556,-0.0885537267,-0.1090339422
train:9450,0,2.0255775452,2.0571300983,2.0438124537,2.0407550335,2.0202748179
train:9451,0,1.1276280880,1.1599735022,1.1466558576,1.1253392696,1.1048590541
train:9452,0,0.0364925079,0.0771100372,0.0637923926,0.0849813148,0.0645010993
train:9453,0,2.0754296780,2.0748417377,2.0615240932,2.0931777954,2.0726975799
train:9455,0,-2.2193706036,-2.1082546711,-2.1215723157,-2.2510113716,-2.2714915872
train:9456,0,-0.9184566140,-0.9392430782,-0.9525607228,-0.8586518168,-0.8791320324
train:9458,0,-1.6840862036,-1.7197939157,-1.7331115603,-1.6631689072,-1.6836491227
train:9459,0,-3.6867027283,-3.7147810459,-3.7280986905,-3.6085646152,-3.6290448308
train:9460,0,2.5355229378,2.5894556046,2.5761379600,2.5885787010,2.5680984855
train:9463,0,-3.4098672867,-3.3583867550,-3.3717043996,-3.3303046227,-3.3507848382
train:9464,0,1.8861693144,1.9218273163,1.9085096717,1.9341149330,1.9136347175
train:9465,0,0.1473282278,0.1658542007,0.1525365561,0.1161794513,0.0956992358
train:9466,0,1.5355793238,1.5663011074,1.5529834628,1.5947461128,1.5742658973
train:9467,0,-2.9689435959,-2.9511849880,-2.9645026326,-2.9653663635,-2.9858465791
train:9468,0,1.0378998518,1.0946394205,1.0813217759,1.1264719963,1.1059917808
train:9469,0,-1.7343473434,-1.6652147770,-1.6785324216,-1.6952638626,-1.7157440782
train:9470,0,-2.8028020859,-2.9088771343,-2.9221947789,-2.8689048290,-2.8893850446
train:9471,0,1.9211733341,1.9129247665,1.8996071219,1.9214236736,1.9009434581
train:9472,0,-0.0357911550,0.0027756989,-0.0105419457,-0.0180008411,-0.0384810567
train:9473,0,-0.5267818570,-0.5024495125,-0.5157671571,-0.5021871924,-0.5226674080
train:9474,0,-0.0638689920,-0.0044435710,-0.0177612156,0.0096818209,-0.0107983947
train:9475,0,-1.4591602087,-1.4252791405,-1.4385967851,-1.5022172928,-1.5226975083
train:9476,0,0.8002169728,0.8139095306,0.8005918860,0.8238954544,0.8034152389
train:9477,0,-0.7823156714,-0.7585192919,-0.7718369365,-0.7958529592,-0.8163331747
train:9478,0,2.1562397480,2.1274969578,2.1141793132,2.2054028511,2.1849226356
train:9479,0,1.4639999866,1.4953727722,1.4820551276,1.5147795677,1.4942993522
train:9480,0,0.3566003144,0.3960301578,0.3827125132,0.3490803540,0.3286001384
train:9481,0,-0.7138527632,-0.7137899399,-0.7271075845,-0.7225355506,-0.7430157661
train:9482,0,1.2297909260,1.2309312820,1.2176136374,1.1765813828,1.1561011672
train:9483,0,-1.0150506496,-0.9602919817,-0.9736096263,-1.0288403034,-1.0493205190
train:9484,0,1.8096249104,1.8078246117,1.7945069671,1.8260483742,1.8055681586
train:9485,0,0.0444415472,0.0347208977,0.0214032531,0.0442213714,0.0237411559
train:9486,0,-3.5912039280,-3.5782115459,-3.5915291905,-3.5827944279,-3.6032746434
train:9487,0,1.7256920338,1.7191545963,1.7058369517,1.7424499989,1.7219697833
train:9489,0,1.8830525875,1.8959362507,1.8826186061,1.9525632858,1.9320830703
train:9490,0,0.9447902441,0.9476543665,0.9343367219,0.9640628099,0.9435825944
train:9493,0,-0.5615140200,-0.5430264473,-0.5563440919,-0.5657436252,-0.5862238407
train:9494,0,-2.3463029861,-2.3012337685,-2.3145514131,-2.2771201134,-2.2976003289
train:9495,0,1.3990895748,1.4389945269,1.4256768823,1.4284586906,1.4079784751
train:9496,0,-1.5736428499,-1.5287265778,-1.5420442224,-1.5423903465,-1.5628705621
train:9497,0,0.0632521436,0.0815362483,0.0682186037,0.0764721707,0.0559919551
train:9498,0,1.3868241310,1.4191696644,1.4058520198,1.4349582195,1.4144780040
train:9500,0,1.3018045425,1.3296250105,1.3163073659,1.3402678967,1.3197876811
train:9501,0,-1.4655795097,-1.4643340111,-1.4776516557,-1.5308570862,-1.5513373017
train:9502,0,0.3163611293,0.3525817394,0.3392640948,0.3393491209,0.3188689053
train:9503,0,0.8861793876,0.9191045761,0.9057869315,0.8936073184,0.8731271029
train:9504,0,0.0909926742,0.1298627257,0.1165450811,0.1414297372,0.1209495217
train:9505,0,-0.4922445416,-0.4279745221,-0.4412921667,-0.4157488942,-0.4362291098
train:9506,0,-1.2248365879,-1.2639183998,-1.2772360444,-1.2203299999,-1.2408102155
train:9507,0,0.3742160201,0.3284727037,0.3151550591,0.4037688375,0.3832886219
train:9510,0,1.4674431086,1.4513399601,1.4380223155,1.4165432453,1.3960630298
train:9511,0,-0.7212781906,-0.5208770037,-0.5341946483,-0.6997632384,-0.7202434540
train:9512,0,1.4235086441,1.4167518616,1.4034342170,1.4793059826,1.4588257670
train:9513,0,0.5022326112,0.5007708073,0.4874531627,0.4650663733,0.4445861578
train:9515,-1,-2.0118329525,-1.9898793697,-2.0031970143,-2.0475821495,-2.0680623651
train:9517,0,2.5115370750,2.4923200607,2.4790024161,2.4636180401,2.4431378245
train:9519,0,-2.1499140263,-2.1630475521,-2.1763651967,-2.1119489670,-2.1324291825
train:9520,0,-3.2259743214,-3.1395733356,-3.1528909802,-3.2046365738,-3.2251167893
train:9521,0,2.3315324783,2.3814163208,2.3680986762,2.3338618279,2.3133816123
train:9522,0,2.8627889156,2.9173388481,2.9040212035,2.8608596325,2.8403794169
train:9524,0,0.3020327091,0.3109459579,0.2976283133,0.2866919637,0.2662117481
train:9526,0,0.8956185579,0.8777430058,0.8644253612,0.9043458700,0.8838656545
train:9528,0,1.5245132446,1.4733800888,1.4600624442,1.5183258057,1.4978455901
train:9529,0,-4.4986810684,-4.5406088829,-4.5539265275,-4.3844552040,-4.4049354196
train:9530,0,-3.1124448776,-3.0677533150,-3.0810709596,-3.0770773888,-3.0975576043
train:9531,0,-1.9530383348,-0.1207626909,-0.1340803355,-2.2450242043,-2.2655044198
train:9533,0,0.5403280258,0.5810627937,0.5677451491,0.5795748830,0.5590946674
train:9534,0,0.3990159333,0.3855382204,0.3722205758,0.4410449862,0.4205647707
train:9535,0,0.9092140198,0.9700883627,0.9567707181,0.9420341849,0.9215539694
train:9536,0,0.6908530593,0.6766676903,0.6633500457,0.6729956269,0.6525154114
train:9538,0,-2.2186617851,-2.1740221977,-2.1873398423,-2.1456317902,-2.1661120057
train:9540,0,1.9308123589,1.9938422441,1.9805245996,2.0133254528,1.9928452373
train:9542,0,0.4854769409,0.4873769879,0.4740593433,0.5093327761,0.4888525605
train:9543,0,-3.3720161915,-3.4344761372,-3.4477937818,-3.4302530289,-3.4507332444
train:9544,0,2.2419488430,2.2829301357,2.2696124911,2.2532255650,2.2327453494
train:9545,0,1.0015807152,1.0569238663,1.0436062217,1.0280244350,1.0075442195
train:9546,0,1.5932935476,1.5687332153,1.5554155707,1.6547152996,1.6342350841
train:9547,0,-3.1662700176,-3.0925018787,-3.1058195233,-3.0629405975,-3.0834208131
train:9548,0,-1.3925901651,-1.3930461407,-1.4063637853,-1.3558421135,-1.3763223290
train:9550,0,-0.6941621304,-0.6711306572,-0.6844483018,-0.6022776365,-0.6227578521
train:9551,0,2.0302700996,1.9968914986,1.9835738540,2.0357003212,2.0152201056
train:9552,0,0.5129854679,0.5149054527,0.5015878081,0.4987376332,0.4782574177
train:9554,0,-2.4234552383,-2.3850195408,-2.3983371854,-2.4595184326,-2.4799986482
train:9555,0,0.9610059857,0.9727100134,0.9593923688,1.0202083588,0.9997281432
train:9556,0,0.4922294915,0.4924495518,0.4791319072,0.5044974089,0.4840171933
train:9557,0,-1.0063221455,-1.0004260540,-1.0137436986,-0.9722840190,-0.9927642345
train:9558,0,1.7156846523,1.7360957861,1.7227781415,1.7391843796,1.7187041640
train:9559,0,0.9672195911,1.0266181231,1.0133004785,0.9628942609,0.9424140453
train:9560,0,1.2258586884,1.2802730799,1.2669554353,1.2173202038,1.1968399882
train:9562,0,0.5589833260,0.5852921009,0.5719744563,0.6079543233,0.5874741077
train:9564,0,2.1926538944,2.2068426609,2.1935250163,2.2390592098,2.2185789943
train:9565,0,-0.2753509283,-0.2695799172,-0.2828975618,-0.2556650639,-0.2761452794
train:9567,0,0.6778387427,0.6679900885,0.6546724439,0.6837640405,0.6632838249
train:9568,0,-2.5245058537,-2.5908229351,-2.6041405797,-2.6212909222,-2.6417711377
train:9569,0,0.5506727695,0.5341451168,0.5208274722,0.5644594431,0.5439792275
train:9570,0,0.2049240172,0.1550430357,0.1417253911,0.2092208266,0.1887406111
train:9571,0,0.0591319688,0.0062481314,-0.0070695132,0.0568600371,0.0363798216
train:9573,0,1.0084648132,1.0205957890,1.0072781444,1.1105103493,1.0900301337
train:9576,0,-1.9845495224,-1.9059572220,-1.9192748666,-1.9594688416,-1.9799490571
train:9578,0,1.7776092291,1.7105319500,1.6972143054,1.7502124310,1.7297322154
train:9579,0,0.0785940066,0.0888272673,0.0755096227,0.0770584792,0.0565782636
train:9580,0,0.8055462837,0.8173421621,0.8040245175,0.8687255383,0.8482453227
train:9581,0,1.0097236633,0.9909914732,0.9776738286,1.0251135826,1.0046333671
train:9583,0,1.8399813175,1.7889771461,1.7756595016,1.7557475567,1.7352673411
train:9584,0,1.2499223948,1.2191175222,1.2057998776,1.2555794716,1.2350992560
train:9585,0,-0.2852604985,-0.2593400776,-0.2726577222,-0.2709887624,-0.2914689779
train:9586,0,0.0869869813,-0.0273940861,-0.0407117307,0.1029973328,0.0825171173
train:9587,0,2.3922939301,2.4297719002,2.4164542556,2.4014873505,2.3810071349
train:9588,0,0.6250867844,0.2330178022,0.2197001576,0.6816307306,0.6611505151
train:9589,0,-0.8703268170,-0.8286727667,-0.8419904113,-0.8207511902,-0.8412314057
train:9590,0,1.7774811983,1.7381314039,1.7248137593,1.7620346546,1.7415544391
train:9591,0,2.2174909115,2.2170011997,2.2036835551,2.1926922798,2.1722120643
train:9592,0,-1.7559125423,-1.7519097328,-1.7652273774,-1.7356367111,-1.7561169267
train:9593,0,1.4979012012,1.4755871296,1.4622694850,1.5159399509,1.4954597354
train:9594,0,-0.3433160782,-0.3651934862,-0.3785111308,-0.3575741947,-0.3780544102
train:9595,0,-0.8105806708,-0.8411035538,-0.8544211984,-0.7614589930,-0.7819392085
train:9596,0,1.6631352901,1.6463367939,1.6330191493,1.6768260002,1.6563457847
train:9597,0,1.6840932369,1.4943531752,1.4810355306,1.5045304298,1.4840502143
train:9598,0,-3.7381448746,-3.6537773609,-3.6670950055,-3.7216188908,-3.7420991063
train:9599,0,1.1947582960,1.2043735981,1.1910559535,1.2450237274,1.2245435119
train:9601,0,1.1878025532,1.2134758234,1.2001581788,1.2340159416,1.2135357261
train:9602,0,1.4934614897,1.5123355389,1.4990178943,1.5646903515,1.5442101359
train:9603,0,1.2730938196,1.2918821573,1.2785645127,1.3091518879,1.2886716723
train:9604,0,-1.2108007669,-1.2183301449,-1.2316477895,-1.1745593548,-1.1950395703
train:9605,0,-0.2939822376,-0.3034892976,-0.3168069422,-0.3030664325,-0.3235466480
train:9606,0,-2.8584032059,-2.7684199810,-2.7817376256,-2.7810864449,-2.8015666604
train:9607,-1,-6.9108142853,-6.9605641365,-6.9738817811,-6.9026827812,-6.9231629968
train:9610,0,0.0743068457,0.1773421466,0.1640245020,0.1007799208,0.0802997053
train:9611,0,1.7398978472,1.7541180849,1.7408004403,1.7369077206,1.7164275050
train:9612,0,-0.0196543988,0.0060667843,-0.0072508603,0.0293839052,0.0089036897
train:9613,0,1.7192647457,1.6983306408,1.6850129962,1.7386758327,1.7181956172
train:9614,0,0.2578793764,0.2882881463,0.2749705017,0.3500432968,0.3295630813
train:9615,0,0.9818446636,1.0114318132,0.9981141686,0.9946205020,0.9741402864
train:9616,0,-2.6001093388,-2.5537912846,-2.5671089292,-2.5539355278,-2.5744157434
train:9617,0,-0.4891374111,-0.5312899351,-0.5446075797,-0.4685961604,-0.4890763760
train:9618,0,2.0740721226,2.0417284966,2.0284108520,2.0562174320,2.0357372165
train:9619,0,2.1275846958,2.1192650795,2.1059474349,2.1224300861,2.1019498706
train:9620,0,2.4419641495,2.4266417027,2.4133240581,2.4374151230,2.4169349074
train:9621,0,0.1309536844,0.1940395236,0.1807218790,0.2039519846,0.1834717691
train:9622,0,0.6647298336,0.6908745766,0.6775569320,0.6970244646,0.6765442491
train:9624,0,3.1879668236,3.1886966228,3.1753789783,3.1596994400,3.1392192245
train:9625,0,0.4853002429,0.4870564342,0.4737387896,0.4998097420,0.4793295264
train:9627,0,2.4602122307,2.4688174725,2.4554998279,2.4153728485,2.3948926330
train:9628,0,1.4035116434,1.3916561604,1.3783385158,1.4828081131,1.4623278975
train:9629,0,-0.6531441808,-0.6401766539,-0.6534942985,-0.6352915168,-0.6557717323
train:9630,0,-0.0172766577,-0.0273974389,-0.0407150835,-0.0411737710,-0.0616539866
train:9631,0,2.0144071579,2.0021860600,1.9888684154,2.0261116028,2.0056313872
train:9632,0,0.8599230647,0.8673261404,0.8540084958,0.8515765071,0.8310962915
train:9633,0,2.2076179981,2.2201371193,2.2068194747,2.2238423824,2.2033621669
train:9634,0,-1.2231707573,-1.1045826674,-1.1179003119,-1.1655790806,-1.1860592961
train:9635,0,2.0777859688,2.0781073570,2.0647897124,2.1426784992,2.1221982837
train:9636,0,1.4879788160,1.5459892750,1.5326716304,1.5140078068,1.4935275912
train:9637,0,-1.7064368725,-1.6506791115,-1.6639967561,-1.6867597103,-1.7072399259
train:9638,0,0.2021334022,0.2250719368,0.2117542922,0.2179286480,0.1974484324
train:9640,0,2.4068686962,2.4373655319,2.4240478873,2.4743189812,2.4538387656
train:9643,0,0.0505185314,0.0818538964,0.0685362518,0.1186460108,0.0981657952
train:9645,0,2.2395153046,2.2389914989,2.2256738544,2.2421772480,2.2216970325
train:9646,0,-0.4893777072,-0.4712239206,-0.4845415652,-0.5128648281,-0.5333450437
train:9647,0,1.8109340668,1.7846183777,1.7713007331,1.8213851452,1.8009049296
train:9648,0,1.7885355949,1.8914446831,1.8781270385,1.8710370064,1.8505567908
train:9649,-1,-1.3971463442,-1.4945859909,-1.5079036355,-1.3784356117,-1.3989158273
train:9650,0,-1.9486171007,-1.9862573147,-1.9995749593,-1.8898582458,-1.9103384614
train:9652,0,-1.2697205544,-1.2267624140,-1.2400800586,-1.1980571747,-1.2185373902
train:9653,0,-2.4481194019,-2.4067592621,-2.4200769067,-2.4118905067,-2.4323707223
train:9654,0,-0.4538133740,-0.4718315303,-0.4851491749,-0.4050921798,-0.4255723953
train:9655,0,-2.7132167816,-2.7083785534,-2.7216961980,-2.6606795788,-2.6811597943
train:9656,0,1.5480774641,1.5371811390,1.5238634944,1.6054105759,1.5849303603
train:9657,0,1.2885339260,1.3007490635,1.2874314189,1.2803180218,1.2598378062
train:9658,0,-1.1170742512,-1.0509070158,-1.0642246604,-1.0517711639,-1.0722513795
train:9660,0,2.2728965282,2.2997114658,2.2863938212,2.2858405113,2.2653602958
train:9661,0,1.1395202875,1.2086492777,1.1953316331,1.1657812595,1.1453010440
train:9662,0,0.7523818016,0.7249383926,0.7116207480,0.7082535625,0.6877733469
train:9663,0,-2.7375233173,-2.6691029072,-2.6824205518,-2.7253355980,-2.7458158135
train:9664,0,0.8292018175,0.8407536745,0.8274360299,0.8740784526,0.8535982370
train:9665,0,1.9785221815,1.9986141920,1.9852965474,1.9762368202,1.9557566047
train:9666,0,0.9622993469,0.9266854525,0.9133678079,0.9079853296,0.8875051141
train:9667,0,0.0545119978,0.1233964860,0.1100788414,0.0771978945,0.0567176789
train:9668,0,2.8128235340,2.7921881676,2.7788705230,2.8161320686,2.7956518531
train:9669,0,2.2314052582,2.2552254200,2.2419077754,2.2397332191,2.2192530036
train:9670,0,2.7658143044,2.7762045860,2.7628869414,2.7439637184,2.7234835029
train:9671,0,-2.8395290375,-2.7946507931,-2.8079684377,-2.8477206230,-2.8682008386
train:9672,0,0.1542955637,0.1657467186,0.1524290740,0.1734534651,0.1529732496
train:9675,0,-4.3653554916,-4.3708238602,-4.3841415048,-4.3558363914,-4.3763166070
train:9676,0,2.2083954811,2.2177691460,2.2044515014,2.2451047897,2.2246245742
train:9677,0,0.5109261870,0.5182672739,0.5049496293,0.5673898458,0.5469096303
train:9678,0,1.0777572393,1.1344950199,1.1211773753,1.0657958984,1.0453156829
train:9679,0,2.0959351063,2.1232812405,2.1099635959,2.1388473511,2.1183671355
train:9680,0,1.4135459661,1.4308893681,1.4175717235,1.4390013218,1.4185211062
train:9681,0,-0.8844287992,-0.8686029911,-0.8819206357,-0.8810855746,-0.9015657902
train:9682,0,-0.4005343020,-0.3926082551,-0.4059258997,-0.3631024063,-0.3835826218
train:9683,0,0.8681567311,0.8858036995,0.8724860549,0.8731182218,0.8526380062
train:9685,0,-2.2635626793,-2.2222180367,-2.2355356812,-2.2914724350,-2.3119526505
train:9686,0,1.1743565798,1.2113568783,1.1980392337,1.2282109261,1.2077307105
train:9687,0,-1.0296974182,-0.9617123604,-0.9750300050,-0.9916505218,-1.0121307373
train:9688,0,2.6146178246,2.6235246658,2.6102070212,2.6295835972,2.6091033816
train:9691,0,-0.0451259203,-0.0642539561,-0.0775716007,-0.0268306881,-0.0473109037
train:9692,0,0.7526093125,0.7246565819,0.7113389373,0.8163602948,0.7958800793
train:9694,0,1.1539921761,1.1793932915,1.1660756469,1.2621965408,1.2417163253
train:9697,0,1.5808091164,1.5407323837,1.5274147391,1.5548107624,1.5343305469
train:9699,0,0.4296224117,0.4480955303,0.4347778857,0.4427348375,0.4222546220
train:9700,0,0.3877066374,0.3256439269,0.3123262823,0.3796202242,0.3591400087
train:9701,0,2.5403409004,2.4994184971,2.4861008525,2.5392236710,2.5187434554
train:9702,0,-0.0674654767,-0.1093224883,-0.1226401329,-0.0991671532,-0.1196473688
train:9703,0,1.7159563303,1.7567924261,1.7434747815,1.7772803307,1.7568001151
train:9704,0,0.9140564799,0.9502049685,0.9368873239,0.9422697425,0.9217895269
train:9705,0,0.2414055467,0.2467973381,0.2334796935,0.2835820913,0.2631018758
train:9707,0,1.3466413021,1.3490352631,1.3357176185,1.3636236191,1.3431434035
train:9708,0,1.5338290930,1.5212526321,1.5079349875,1.5460002422,1.5255200267
train:9709,0,-0.6445859671,-0.6268428564,-0.6401605010,-0.6292760968,-0.6497563124
train:9710,0,-1.4574061632,-1.4728546143,-1.4861722589,-1.4470069408,-1.4674871564
train:9713,0,0.9311034679,0.9462500811,0.9329324365,0.9442090392,0.9237288237
train:9714,0,0.6632915735,0.6662182808,0.6529006362,0.6895050406,0.6690248251
train:9715,0,2.2101633549,2.2209064960,2.2075888515,2.1876001358,2.1671199203
train:9716,0,-2.4495859146,-2.4410574436,-2.4543750882,-2.4444861412,-2.4649663568
train:9717,0,-1.0340409279,-1.0166993141,-1.0300169587,-1.0270841122,-1.0475643277
train:9718,0,1.6872142553,1.7129070759,1.6995894313,1.7487008572,1.7282206416
train:9719,0,1.1181826591,1.0625091791,1.0491915345,1.1549258232,1.1344456077
train:9720,0,-1.7363114357,-1.7528922558,-1.7662099004,-1.7528033257,-1.7732835412
train:9721,0,-0.2661509216,-0.3067542911,-0.3200719357,-0.3410153389,-0.3614955544
train:9722,0,1.0760291815,1.0481592417,1.0348415971,1.0666092634,1.0461290479
train:9723,0,0.3966473639,0.4067578614,0.3934402168,0.4024924934,0.3820122778
train:9724,0,-2.9676921368,-2.9275896549,-2.9409072995,-2.9337792397,-2.9542594552
train:9725,0,-1.8908777237,-1.7812314034,-1.7945490479,-1.8704946041,-1.8909748197
train:9727,0,1.3487499952,1.3327667713,1.3194491267,1.3310358524,1.3105556369
train:9728,0,-2.8798868656,-2.8912839890,-2.9046016335,-2.7978465557,-2.8183267713
train:9730,0,1.0832036734,1.1067744493,1.0934568048,1.1811819077,1.1607016921
train:9731,0,-0.6255061626,-0.5957269669,-0.6090446115,-0.5797448754,-0.6002250910
train:9732,0,-0.7189139724,-0.7179360390,-0.7312536836,-0.7082747817,-0.7287549973
train:9733,0,1.7367659807,1.7209761143,1.7076584697,1.7311477661,1.7106675506
train:9735,0,-1.6351706982,-1.6706483364,-1.6839659810,-1.5789842606,-1.5994644761
train:9736,0,-0.2355831414,-0.1972438097,-0.2105614543,-0.1933914423,-0.2138716578
train:9737,-1,-1.9448004961,-2.0750756264,-2.0883932710,-2.0117902756,-2.0322704911
train:9738,0,0.8613778949,0.8257935047,0.8124758601,0.9225095510,0.9020293355
train:9739,0,1.4856830835,1.5028221607,1.4895045161,1.4708611965,1.4503809810
train:9740,0,-2.5860846043,-2.5347383022,-2.5480559468,-2.5969297886,-2.6174100041
train:9741,0,2.5076062679,2.4575297832,2.4442121387,2.4836730957,2.4631928802
train:9742,0,1.1244894266,1.0831985474,1.0698809028,1.1941328049,1.1736525893
train:9743,0,1.5813418627,1.6159776449,1.6026600003,1.5976917744,1.5772115588
train:9744,0,1.2735710144,1.2614139318,1.2480962873,1.3267815113,1.3063012958
train:9745,0,0.3846726716,0.3464615047,0.3331438601,0.3955405653,0.3750603497
train:9746,0,0.4724042118,0.5029623508,0.4896447062,0.4913699627,0.4708897471
train:9747,0,1.7616800070,1.8494486809,1.8361310363,1.8042526245,1.7837724090
train:9748,0,-1.7019227743,-1.7045252323,-1.7178428769,-1.7142574787,-1.7347376943
train:9749,0,0.3837173581,0.3988531530,0.3855355084,0.4263309240,0.4058507085
train:9750,0,0.4966723919,0.4857215583,0.4724039137,0.5263369679,0.5058567524
train:9751,0,0.8115059733,0.8033108711,0.7899932265,0.8913081288,0.8708279133
train:9753,0,-1.4674288034,-1.5067250729,-1.5200427175,-1.4986860752,-1.5191662908
train:9754,0,2.8435804844,2.7818191051,2.7685014606,2.8172051907,2.7967249751
train:9755,0,1.8198581934,1.8450822830,1.8317646384,1.8661041260,1.8456239104
train:9756,0,-2.0157172680,-1.9915959835,-2.0049136281,-2.0887870789,-2.1092672944
train:9757,0,-0.5449314713,-0.4825590551,-0.4958766997,-0.5276947618,-0.5481749773
train:9758,0,0.1967367232,0.1830019206,0.1696842760,0.2044818103,0.1840015948
train:9759,0,-1.4560626745,-1.4201738834,-1.4334915280,-1.4359850883,-1.4564653039
train:9760,0,0.5233041048,0.5546195507,0.5413019061,0.5759592056,0.5554789901
train:9762,0,-6.6850957870,-6.5516972542,-6.5650148988,-6.7043271065,-6.7248073220
train:9763,0,-1.8952983618,-1.8571174145,-1.8704350591,-1.8845677376,-1.9050479531
train:9764,0,2.1228618622,2.1397125721,2.1263949275,2.0903966427,2.0699164271
train:9765,0,2.7695202827,2.7364475727,2.7231299281,2.7513608932,2.7308806777
train:9766,0,-0.3166427314,-0.3383986652,-0.3517163098,-0.2808668315,-0.3013470471
train:9767,0,-1.4574086666,-1.3754866123,-1.3888042569,-1.4964580536,-1.5169382691
train:9769,0,1.2185803652,1.1810492277,1.1677315831,1.2249448299,1.2044646144
train:9770,0,0.9679880738,0.9609057903,0.9475881457,0.9812194109,0.9607391953
train:9771,0,1.3300844431,1.3341701031,1.3208524585,1.3451261520,1.3246459365
train:9772,0,2.9283668995,2.8760044575,2.8626868129,2.9280838966,2.9076036811
train:9773,0,1.5137827396,1.4562212229,1.4429035783,1.5862119198,1.5657317042
train:9774,0,0.0279289261,0.1109829545,0.0976653099,0.0705243945,0.0500441790
train:9775,0,0.3657082617,0.3388428390,0.3255251944,0.3961445093,0.3756642938
train:9776,0,1.0825518370,1.0592274666,1.0459098220,1.0549736023,1.0344933867
train:9777,0,2.0535781384,2.1263976097,2.1130799651,2.1243562698,2.1038760543
train:9778,0,-1.8400808573,-1.8168148994,-1.8301325440,-1.8451631069,-1.8656433225
train:9779,0,2.3656518459,2.4155986309,2.4022809863,2.4330825806,2.4126023650
train:9781,0,0.8254440427,0.8137851954,0.8004675508,0.8580252528,0.8375450373
train:9783,0,1.1877092123,1.2015752792,1.1882576346,1.2379794121,1.2174991965
train:9785,0,0.0517414659,0.0855042487,0.0721866041,0.0609015599,0.0404213443
train:9788,0,2.8744006157,2.8044207096,2.7911030650,2.8695862293,2.8491060138
train:9789,0,1.2607750893,1.2340538502,1.2207362056,1.2808370590,1.2603568435
train:9792,0,2.3523051739,2.3462059498,2.3328883052,2.3512110710,2.3307308555
train:9793,0,1.4709969759,1.4602737427,1.4469560981,1.5266611576,1.5061809421
train:9795,0,-1.3972589970,-1.4303419590,-1.4436596036,-1.4250254631,-1.4455056787
train:9796,0,2.0066850185,2.0418541431,2.0285364985,2.0312299728,2.0107497573
train:9797,0,-2.8827774525,-2.9124958515,-2.9258134961,-2.8985435963,-2.9190238118
train:9798,0,1.8206989765,1.8574205637,1.8441029191,1.8755698204,1.8550896049
train:9799,0,0.4711094499,0.5015624762,0.4882448316,0.4783420563,0.4578618407
train:9800,0,0.5078186989,0.5179129839,0.5045953393,0.5146824718,0.4942022562
train:9801,0,-2.3540837765,-2.2961490154,-2.3094666600,-2.4318208694,-2.4523010850
train:9802,0,1.3206286430,1.3219373226,1.3086196780,1.3412773609,1.3207971454
train:9803,0,-0.7024806142,-0.6684948206,-0.6818124652,-0.6528829932,-0.6733632088
train:9805,0,1.3551553488,1.3448935747,1.3315759301,1.4018146992,1.3813344836
train:9806,0,1.5903229713,1.5879158974,1.5745982528,1.6012790203,1.5807988048
train:9807,0,-2.1827113628,-2.1338269711,-2.1471446157,-2.1032288074,-2.1237090230
train:9808,0,0.6902476549,0.6610770226,0.6477593780,0.6926771998,0.6721969843
train:9809,0,0.2965863347,0.4489271343,0.4356094897,0.3315141797,0.3110339642
train:9811,0,1.9137864113,1.9215743542,1.9082567096,1.9883263111,1.9678460956
train:9812,0,-0.3378631175,-0.3184181750,-0.3317358196,-0.3006889224,-0.3211691380
train:9814,0,1.7388639450,1.7083694935,1.6950518489,1.7931239605,1.7726437449
train:9815,0,0.3313650191,0.3651344776,0.3518168330,0.3942073286,0.3737271130
train:9816,0,-1.2926100492,-1.2305408716,-1.2438585162,-1.2645840645,-1.2850642800
train:9817,0,-0.7809931040,-0.7485193014,-0.7618369460,-0.7893505692,-0.8098307848
train:9818,0,3.0774776936,3.1184012890,3.1050836444,3.1509046555,3.1304244399
train:9819,0,1.9129635096,1.9734261036,1.9601084590,1.8992421627,1.8787619472
train:9820,0,1.6389845610,1.6245296001,1.6112119555,1.5776963234,1.5572161078
train:9821,0,2.1564974785,2.1689965725,2.1556789279,2.1237006187,2.1032204032
train:9822,0,-2.3450291157,-2.3549895287,-2.3683071733,-2.3714084625,-2.3918886781
train:9823,0,1.3322604895,1.3547257185,1.3414080739,1.3780963421,1.3576161265
train:9824,-1,-2.3563127518,-2.3241550922,-2.3374727368,-2.4065680504,-2.4270482659
train:9825,0,0.1908836812,0.2336125225,0.2202948779,0.2107104659,0.1902302504
train:9826,0,0.4487647116,0.4972781241,0.4839604795,0.4161549807,0.3956747651
train:9829,0,-0.4810549617,-0.4359148443,-0.4492324889,-0.3427516520,-0.3632318676
train:9830,0,-2.4869132042,-2.4872710705,-2.5005887151,-2.4101462364,-2.4306264520
train:9832,0,-3.3069894314,-3.2668335438,-3.2801511884,-3.2812972069,-3.3017774224
train:9833,0,-1.1003731489,-1.1231988668,-1.1365165114,-1.0862343311,-1.1067145467
train:9834,0,-0.3539890051,-0.3570797145,-0.3703973591,-0.2952665091,-0.3157467246
train:9835,0,-4.7020297050,-4.6947131157,-4.7080307603,-4.7014265060,-4.7219067216
train:9837,0,-2.5945720673,-2.5842072964,-2.5975249410,-2.5791146755,-2.5995948911
train:9838,-1,-1.7022401094,-1.7719981670,-1.7853158116,-1.6780183315,-1.6984985471
train:9839,0,-1.6068409681,-1.5952740908,-1.6085917354,-1.5357728004,-1.5562530160
train:9840,0,2.3509328365,2.3418989182,2.3285812736,2.3352174759,2.3147372603
train:9841,0,-3.2492184639,-3.2345209122,-3.2478385568,-3.2183377743,-3.2388179898
train:9842,0,1.7757140398,1.7500603199,1.7367426753,1.7666156292,1.7461354136
train:9843,0,2.4387054443,2.4877259731,2.4744083285,2.4561252594,2.4356450438
train:9844,0,1.1907632351,1.1946003437,1.1812826991,1.2250754833,1.2045952678
train:9845,0,0.1703182012,0.1604231596,0.1471055150,0.2343308926,0.2138506770
train:9848,0,-3.9058647156,-3.8972342014,-3.9105518460,-3.8203935623,-3.8408737779
train:9850,0,1.8105866909,1.8308875561,1.8175699115,1.8457083702,1.8252281547
train:9851,0,0.4455417693,0.5696166754,0.5562990308,0.5395326614,0.5190524459
train:9853,0,-0.1190960854,-0.1196250618,-0.1329427063,-0.1292501986,-0.1497304142
train:9854,0,0.8423668146,0.9157874584,0.9024698138,0.8356957436,0.8152155280
train:9855,0,-0.9882563353,-0.9798644781,-0.9931821227,-0.9375665784,-0.9580467939
train:9856,0,-0.9295291305,-0.8830236197,-0.8963412642,-0.9144528508,-0.9349330664
train:9857,0,0.9692038298,0.9718731642,0.9585555196,0.9751106501,0.9546304345
train:9858,0,-1.6102913618,-1.5794180632,-1.5927357078,-1.6114425659,-1.6319227815
train:9859,0,2.1957812309,2.2596189976,2.2463013530,2.2493104935,2.2288302779
train:9860,0,-1.5135223866,-1.4892566204,-1.5025742650,-1.4987952709,-1.5192754865
train:9861,0,-3.7742943764,-3.7240209579,-3.7373386025,-3.7563123703,-3.7767925858
train:9862,0,1.6173446178,1.5783157349,1.5649980903,1.5253853798,1.5049051642
train:9865,0,0.3726071715,0.4066661298,0.3933484852,0.4204379618,0.3999577463
train:9868,0,0.7256661654,0.7108168602,0.6974992156,0.7229778171,0.7024976015
train:9869,0,1.8864160776,1.9074554443,1.8941377997,1.9449455738,1.9244653583
train:9870,0,-2.4359078407,-2.4775550365,-2.4908726811,-2.3837509155,-2.4042311311
train:9871,0,-2.0197658539,-1.9860436916,-1.9993613362,-1.9787931442,-1.9992733598
train:9872,0,0.0661869496,0.0739796311,0.0606619865,0.0985751450,0.0780949295
train:9873,0,0.0452986509,0.0375520773,0.0242344327,0.0170166045,-0.0034636110
train:9875,0,-0.4094891548,-0.3745999038,-0.3879175484,-0.5061556697,-0.5266358852
train:9876,0,1.9969485998,2.0037732124,1.9904555678,1.9802231789,1.9597429633
train:9877,0,1.4542279243,1.4158883095,1.4025706649,1.4680395126,1.4475592971
train:9879,0,-3.4216194153,-3.3344538212,-3.3477714658,-3.3740253448,-3.3945055604
train:9881,0,-0.5971057415,-0.5990931988,-0.6124108434,-0.5383533835,-0.5588335991
train:9883,0,0.7125293612,0.7743109465,0.7609933019,0.7436365485,0.7231563330
train:9884,0,-2.7318050861,-2.7147305012,-2.7280481458,-2.7412700653,-2.7617502809
train:9885,0,-5.5567922592,-5.5375838280,-5.5509014726,-5.5565090179,-5.5769892335
train:9886,0,1.0929671526,1.1213018894,1.1079842448,1.1292772293,1.1087970138
train:9887,0,-2.9461827278,-2.9110019207,-2.9243195653,-3.0528736115,-3.0733538270
train:9888,0,0.7716215849,0.8016465902,0.7883289456,0.8009952903,0.7805150747
train:9889,0,-2.3864951134,-2.3849787712,-2.3982964158,-2.4057183266,-2.4261985421
train:9891,0,-0.0745488033,-0.0735946894,-0.0869123340,-0.0656485707,-0.0861287862
train:9892,0,2.0548136234,2.0260643959,2.0127467513,2.0211901665,2.0007099509
train:9894,0,-1.4846837521,-1.4714891911,-1.4848068357,-1.4472241402,-1.4677043557
train:9895,0,2.6614017487,2.6659321785,2.6526145339,2.6270675659,2.6065873504
train:9897,0,1.4213231802,1.4143726826,1.4010550380,1.4561798573,1.4356996417
train:9898,0,-0.5657128096,-0.5773359537,-0.5906535983,-0.5355706811,-0.5560508966
train:9899,0,0.2887732983,0.3021565378,0.2888388932,0.3566809595,0.3362007439
train:9900,0,0.5416607261,0.6535158157,0.6401981711,0.5211267471,0.5006465316
train:9901,0,2.0004160404,1.9904218912,1.9771042466,2.0100104809,1.9895302653
train:9902,0,2.5741815567,2.6439898014,2.6306721568,2.5849919319,2.5645117164
train:9903,0,-2.8320236206,-2.7671198845,-2.7804375291,-2.7415318489,-2.7620120645
train:9904,0,0.5006013513,0.4554794431,0.4421617985,0.5340694785,0.5135892630
train:9905,0,2.2417840958,2.2615993023,2.2482816577,2.3034605980,2.2829803824
train:9906,0,-1.8417527676,-1.8025071621,-1.8158248067,-1.7972092628,-1.8176894784
train:9908,-1,-1.7048987150,-1.5773676634,-1.5906853080,-1.6557288170,-1.6762090325
train:9910,0,0.8593999743,0.9081201553,0.8948025107,0.9047138095,0.8842335939
train:9911,0,2.3635451794,2.3776583672,2.3643407226,2.3919577599,2.3714775443
train:9912,0,-1.6865451336,-1.6836483479,-1.6969659925,-1.6060919762,-1.6265721917
train:9913,0,1.4252834320,1.4373984337,1.4240807891,1.3922827244,1.3718025088
train:9914,0,2.4836189747,2.5119619370,2.4986442924,2.5030798912,2.4825996757
train:9916,0,2.2150738239,2.2188956738,2.2055780292,2.2387552261,2.2182750106
train:9917,0,-1.8513324261,-1.8538773060,-1.8671949506,-1.8265995979,-1.8470798135
train:9918,0,1.4349248409,1.4469478130,1.4336301684,1.4676959515,1.4472157359
train:9920,0,-1.4580918550,-1.4301681519,-1.4434857965,-1.3918230534,-1.4123032689
train:9921,0,0.9135164022,0.9747028351,0.9613851905,0.9878557324,0.9673755169
train:9922,0,2.2195949554,2.2236976624,2.2103800178,2.1786093712,2.1581291556
train:9923,0,1.8076326847,1.7811346054,1.7678169608,1.8027429581,1.7822627425
train:9924,0,-1.3373318911,-1.3324674368,-1.3457850814,-1.3288364410,-1.3493166566
train:9925,0,0.8720811009,0.8859909773,0.8726733327,0.9417914748,0.9213112593
train:9926,0,1.5389727354,1.5252542496,1.5119366050,1.5672366619,1.5467564464
train:9927,0,0.5053843260,0.3909612000,0.3776435554,0.5648549795,0.5443747640
train:9928,0,1.7833317518,1.8321223259,1.8188046813,1.8248312473,1.8043510318
train:9929,0,0.8817328811,0.8862279654,0.8729103208,0.9214401841,0.9009599686
train:9930,0,0.8296033740,0.7898948193,0.7765771747,0.8593692183,0.8388890028
train:9932,0,-0.7248610854,-0.6479595900,-0.6612772346,-0.7595785260,-0.7800587416
train:9933,0,1.0272711515,1.0546660423,1.0413483977,1.0792832375,1.0588030219
train:9934,0,1.6037365198,1.5821015835,1.5687839389,1.6321172714,1.6116370559
train:9935,0,0.8729802966,0.9045013189,0.8911836743,0.8873563409,0.8668761253
train:9936,0,0.1029666290,0.1540573388,0.1407396942,0.1139413565,0.0934611410
train:9937,0,2.1005117893,2.0288126469,2.0154950023,2.1318547726,2.1113745570
train:9938,0,0.8489713073,0.9015012980,0.8881836534,0.8596009016,0.8391206861
train:9939,0,1.1969906092,1.1874037981,1.1740861535,1.2253856659,1.2049054503
train:9940,0,-0.8616889119,-0.8411365747,-0.8544542193,-0.7931139469,-0.8135941625
train:9943,0,-2.7157781124,-2.6714296341,-2.6847472787,-2.7420821190,-2.7625623345
train:9944,-1,-2.0122609138,-2.0327041149,-2.0460217595,-2.0750770569,-2.0955572724
train:9945,0,1.4873965979,1.4260380268,1.4127203822,1.4550919533,1.4346117377
train:9946,0,0.8657643199,0.9213390350,0.9080213904,0.8689981103,0.8485178947
train:9947,0,-0.7965754271,-0.8767396212,-0.8900572658,-0.8220298886,-0.8425101042
train:9948,0,-0.0156876668,0.0675258711,0.0542082265,0.0392634273,0.0187832117
train:9949,0,0.0829565972,0.0639558882,0.0506382436,0.1103971973,0.0899169818
train:9950,0,1.8630552292,1.8161795139,1.8028618693,1.8823785782,1.8618983626
train:9952,0,-2.9172463417,-2.8918707371,-2.9051883817,-2.9655685425,-2.9860487580
train:9953,0,1.4707376957,1.4556355476,1.4423179030,1.5392508507,1.5187706351
train:9954,0,-1.7882695198,-1.7303597927,-1.7436774373,-1.8108494282,-1.8313296437
train:9955,0,-2.4791557789,-2.3526728153,-2.3659904599,-2.4105281830,-2.4310083985
train:9956,0,-2.3192725182,-2.3414151669,-2.3547328115,-2.3439588547,-2.3644390702
train:9957,0,1.0960233212,1.0871475935,1.0738299489,1.1243195534,1.1038393378
train:9958,0,-0.8290351033,-0.8448163271,-0.8581339717,-0.7726116776,-0.7930918932
train:9960,0,-0.5199931860,-0.4884634912,-0.5017811358,-0.5087876916,-0.5292679071
train:9961,0,1.4123594761,1.4154552221,1.4021375775,1.4485743046,1.4280940890
train:9962,0,-0.7057384849,-0.7143241167,-0.7276417613,-0.7003912330,-0.7208714485
train:9963,0,-1.3192479610,-1.2720268965,-1.2853445411,-1.2556221485,-1.2761023641
train:9964,0,0.9504588842,0.9818968773,0.9685792327,0.9943934083,0.9739131927
train:9966,0,-1.1548314095,-1.1465390921,-1.1598567367,-1.1534509659,-1.1739311814
train:9967,0,1.3483078480,1.4470325708,1.4337149262,1.4122190475,1.3917388320
train:9968,0,-1.2655124664,-1.2589311600,-1.2722488046,-1.3058049679,-1.3262851834
train:9969,0,0.7496613860,0.7741814852,0.7608638406,0.7667723894,0.7462921739
train:9970,0,1.5322324038,1.5451073647,1.5317897201,1.5695464611,1.5490662456
train:9971,0,2.4649477005,2.4455959797,2.4322783351,2.4338028431,2.4133226275
train:9972,0,2.8972911835,2.9088947773,2.8955771327,2.8836419582,2.8631617427
train:9974,0,1.2695963383,1.2997786999,1.2864610553,1.3002138138,1.2797335982
train:9975,0,-1.8879731894,-1.8549201488,-1.8682377934,-1.8219394684,-1.8424196839
train:9976,0,-0.9915027618,-1.0224658251,-1.0357834697,-0.9738425612,-0.9943227768
train:9977,0,-0.1454098523,-0.1303218305,-0.1436394751,-0.0878736824,-0.1083538979
train:9979,0,1.4640376568,1.4332188368,1.4199011922,1.4677081108,1.4472278953
train:9980,0,0.6339939237,0.6445500851,0.6312324405,0.6115365028,0.5910562873
train:9981,0,-3.0697937012,-3.0275249481,-3.0408425927,-3.0158312321,-3.0363114476
train:9982,0,1.7028421164,1.6973509789,1.6840333343,1.7115459442,1.6910657287
train:9983,0,1.4600732327,1.4723942280,1.4590765834,1.5022053719,1.4817251563
train:9984,0,1.6713491678,1.6995253563,1.6862077117,1.6506114006,1.6301311851
train:9985,0,-0.0499614291,-0.0964030325,-0.1097206771,-0.0659740865,-0.0864543021
train:9987,0,1.3105512857,1.3698911667,1.3565735221,1.3691146374,1.3486344218
train:9989,0,0.3947722316,0.4203713834,0.4070537388,0.3787271678,0.3582469523
train:9990,0,0.9425964952,0.9572844505,0.9439668059,0.9668521285,0.9463719130
train:9992,0,1.0026912689,0.9824302197,0.9691125751,1.0612454414,1.0407652259
train:9993,0,2.5155417919,2.5216543674,2.5083367229,2.5384533405,2.5179731250
train:9994,0,0.9823647738,0.9623103142,0.9489926696,0.9955018163,0.9750216007
train:9995,0,-1.3937036991,-1.3673220873,-1.3806397319,-1.3592584133,-1.3797386289
train:9996,0,-3.4151344299,-3.4352321625,-3.4485498071,-3.3459572792,-3.3664374948
train:9998,0,2.5861661434,2.5750896931,2.5617720485,2.5384120941,2.5179318786
train:9999,0,-1.3580749035,-1.3639985323,-1.3773161769,-1.3421432972,-1.3626235127
