[*] Run ID 1: seed=1, split_index=0
    Starting now: 2026-08-24 16:57:52.598833
[*] Loaded dataset 'ogbg-molhiv' from 'OGB':
  Data(edge_index=[2, 2259376], edge_attr=[2259376, 3], x=[1049163, 9], y=[41127, 1], num_nodes=1049163)
  undirected: True
  num graphs: 41127
  avg num_nodes/graph: 25
  num node features: 9
  num edge features: 3
  num tasks: 1
  num classes: 2
Parsed RWSE PE kernel times / steps: [1, 2, 3, 4, 5, 6, 7, 8, 9, 10, 11, 12, 13, 14, 15, 16]
Precomputing Positional Encoding statistics: ['RWSE'] for all graphs...
  ...estimated to be undirected: True

  0%|          | 0/41127 [00:00<?, ?it/s]
 24%|██▍       | 9921/41127 [00:10<00:31, 991.98it/s]
 48%|████▊     | 19584/41127 [00:20<00:22, 976.85it/s]
 71%|███████   | 29149/41127 [00:30<00:12, 967.52it/s]
 94%|█████████▍| 38804/41127 [00:40<00:02, 966.72it/s]
100%|██████████| 41127/41127 [00:42<00:00, 967.24it/s]
Done! Took 00:00:43.34
Created a temporary directory at /tmp/tmp445w2mf_
Writing /tmp/tmp445w2mf_/_remote_module_non_scriptable.py
GraphGymModule(
  (model): GPSModel(
    (encoder): FeatureEncoder(
      (node_encoder): Concat2NodeEncoder(
        (encoder1): AtomEncoder(
          (atom_embedding_list): ModuleList(
            (0): Embedding(119, 48)
            (1): Embedding(5, 48)
            (2): Embedding(12, 48)
            (3): Embedding(12, 48)
            (4): Embedding(10, 48)
            (5): Embedding(6, 48)
            (6): Embedding(6, 48)
            (7): Embedding(2, 48)
            (8): Embedding(2, 48)
          )
        )
        (encoder2): RWSENodeEncoder(
          (raw_norm): BatchNorm1d(16, eps=1e-05, momentum=0.1, affine=True, track_running_stats=True)
          (pe_encoder): Linear(in_features=16, out_features=16, bias=True)
        )
      )
      (edge_encoder): BondEncoder(
        (bond_embedding_list): ModuleList(
          (0): Embedding(5, 64)
          (1): Embedding(6, 64)
          (2): Embedding(2, 64)
        )
      )
    )
    (layers): Sequential(
      (0): GPSLayer(
        summary: dim_h=64, local_gnn_type=CustomGatedGCN, global_model_type=Transformer, heads=4
        (local_model): GatedGCNLayer()
        (self_attn): MultiheadAttention(
          (out_proj): NonDynamicallyQuantizableLinear(in_features=64, out_features=64, bias=True)
        )
        (norm1_local): BatchNorm1d(64, eps=1e-05, momentum=0.1, affine=True, track_running_stats=True)
        (norm1_attn): BatchNorm1d(64, eps=1e-05, momentum=0.1, affine=True, track_running_stats=True)
        (dropout_local): Dropout(p=0.05, inplace=False)
        (dropout_attn): Dropout(p=0.05, inplace=False)
        (ff_linear1): Linear(in_features=64, out_features=128, bias=True)
        (ff_linear2): Linear(in_features=128, out_features=64, bias=True)
        (act_fn_ff): ReLU()
        (norm2): BatchNorm1d(64, eps=1e-05, momentum=0.1, affine=True, track_running_stats=True)
        (ff_dropout1): Dropout(p=0.05, inplace=False)
        (ff_dropout2): Dropout(p=0.05, inplace=False)
      )
      (1): GPSLayer(
        summary: dim_h=64, local_gnn_type=CustomGatedGCN, global_model_type=Transformer, heads=4
        (local_model): GatedGCNLayer()
        (self_attn): MultiheadAttention(
          (out_proj): NonDynamicallyQuantizableLinear(in_features=64, out_features=64, bias=True)
        )
        (norm1_local): BatchNorm1d(64, eps=1e-05, momentum=0.1, affine=True, track_running_stats=True)
        (norm1_attn): BatchNorm1d(64, eps=1e-05, momentum=0.1, affine=True, track_running_stats=True)
        (dropout_local): Dropout(p=0.05, inplace=False)
        (dropout_attn): Dropout(p=0.05, inplace=False)
        (ff_linear1): Linear(in_features=64, out_features=128, bias=True)
        (ff_linear2): Linear(in_features=128, out_features=64, bias=True)
        (act_fn_ff): ReLU()
        (norm2): BatchNorm1d(64, eps=1e-05, momentum=0.1, affine=True, track_running_stats=True)
        (ff_dropout1): Dropout(p=0.05, inplace=False)
        (ff_dropout2): Dropout(p=0.05, inplace=False)
      )
      (2): GPSLayer(
        summary: dim_h=64, local_gnn_type=CustomGatedGCN, global_model_type=Transformer, heads=4
        (local_model): GatedGCNLayer()
        (self_attn): MultiheadAttention(
          (out_proj): NonDynamicallyQuantizableLinear(in_features=64, out_features=64, bias=True)
        )
        (norm1_local): BatchNorm1d(64, eps=1e-05, momentum=0.1, affine=True, track_running_stats=True)
        (norm1_attn): BatchNorm1d(64, eps=1e-05, momentum=0.1, affine=True, track_running_stats=True)
        (dropout_local): Dropout(p=0.05, inplace=False)
        (dropout_attn): Dropout(p=0.05, inplace=False)
        (ff_linear1): Linear(in_features=64, out_features=128, bias=True)
        (ff_linear2): Linear(in_features=128, out_features=64, bias=True)
        (act_fn_ff): ReLU()
        (norm2): BatchNorm1d(64, eps=1e-05, momentum=0.1, affine=True, track_running_stats=True)
        (ff_dropout1): Dropout(p=0.05, inplace=False)
        (ff_dropout2): Dropout(p=0.05, inplace=False)
      )
      (3): GPSLayer(
        summary: dim_h=64, local_gnn_type=CustomGatedGCN, global_model_type=Transformer, heads=4
        (local_model): GatedGCNLayer()
        (self_attn): MultiheadAttention(
          (out_proj): NonDynamicallyQuantizableLinear(in_features=64, out_features=64, bias=True)
        )
        (norm1_local): BatchNorm1d(64, eps=1e-05, momentum=0.1, affine=True, track_running_stats=True)
        (norm1_attn): BatchNorm1d(64, eps=1e-05, momentum=0.1, affine=True, track_running_stats=True)
        (dropout_local): Dropout(p=0.05, inplace=False)
        (dropout_attn): Dropout(p=0.05, inplace=False)
        (ff_linear1): Linear(in_features=64, out_features=128, bias=True)
        (ff_linear2): Linear(in_features=128, out_features=64, bias=True)
        (act_fn_ff): ReLU()
        (norm2): BatchNorm1d(64, eps=1e-05, momentum=0.1, affine=True, track_running_stats=True)
        (ff_dropout1): Dropout(p=0.05, inplace=False)
        (ff_dropout2): Dropout(p=0.05, inplace=False)
      )
      (4): GPSLayer(
        summary: dim_h=64, local_gnn_type=CustomGatedGCN, global_model_type=Transformer, heads=4
        (local_model): GatedGCNLayer()
        (self_attn): MultiheadAttention(
          (out_proj): NonDynamicallyQuantizableLinear(in_features=64, out_features=64, bias=True)
        )
        (norm1_local): BatchNorm1d(64, eps=1e-05, momentum=0.1, affine=True, track_running_stats=True)
        (norm1_attn): BatchNorm1d(64, eps=1e-05, momentum=0.1, affine=True, track_running_stats=True)
        (dropout_local): Dropout(p=0.05, inplace=False)
        (dropout_attn): Dropout(p=0.05, inplace=False)
        (ff_linear1): Linear(in_features=64, out_features=128, bias=True)
        (ff_linear2): Linear(in_features=128, out_features=64, bias=True)
        (act_fn_ff): ReLU()
        (norm2): BatchNorm1d(64, eps=1e-05, momentum=0.1, affine=True, track_running_stats=True)
        (ff_dropout1): Dropout(p=0.05, inplace=False)
        (ff_dropout2): Dropout(p=0.05, inplace=False)
      )
      (5): GPSLayer(
        summary: dim_h=64, local_gnn_type=CustomGatedGCN, global_model_type=Transformer, heads=4
        (local_model): GatedGCNLayer()
        (self_attn): MultiheadAttention(
          (out_proj): NonDynamicallyQuantizableLinear(in_features=64, out_features=64, bias=True)
        )
        (norm1_local): BatchNorm1d(64, eps=1e-05, momentum=0.1, affine=True, track_running_stats=True)
        (norm1_attn): BatchNorm1d(64, eps=1e-05, momentum=0.1, affine=True, track_running_stats=True)
        (dropout_local): Dropout(p=0.05, inplace=False)
        (dropout_attn): Dropout(p=0.05, inplace=False)
        (ff_linear1): Linear(in_features=64, out_features=128, bias=True)
        (ff_linear2): Linear(in_features=128, out_features=64, bias=True)
        (act_fn_ff): ReLU()
        (norm2): BatchNorm1d(64, eps=1e-05, momentum=0.1, affine=True, track_running_stats=True)
        (ff_dropout1): Dropout(p=0.05, inplace=False)
        (ff_dropout2): Dropout(p=0.05, inplace=False)
      )
      (6): GPSLayer(
        summary: dim_h=64, local_gnn_type=CustomGatedGCN, global_model_type=Transformer, heads=4
        (local_model): GatedGCNLayer()
        (self_attn): MultiheadAttention(
          (out_proj): NonDynamicallyQuantizableLinear(in_features=64, out_features=64, bias=True)
        )
        (norm1_local): BatchNorm1d(64, eps=1e-05, momentum=0.1, affine=True, track_running_stats=True)
        (norm1_attn): BatchNorm1d(64, eps=1e-05, momentum=0.1, affine=True, track_running_stats=True)
        (dropout_local): Dropout(p=0.05, inplace=False)
        (dropout_attn): Dropout(p=0.05, inplace=False)
        (ff_linear1): Linear(in_features=64, out_features=128, bias=True)
        (ff_linear2): Linear(in_features=128, out_features=64, bias=True)
        (act_fn_ff): ReLU()
        (norm2): BatchNorm1d(64, eps=1e-05, momentum=0.1, affine=True, track_running_stats=True)
        (ff_dropout1): Dropout(p=0.05, inplace=False)
        (ff_dropout2): Dropout(p=0.05, inplace=False)
      )
      (7): GPSLayer(
        summary: dim_h=64, local_gnn_type=CustomGatedGCN, global_model_type=Transformer, heads=4
        (local_model): GatedGCNLayer()
        (self_attn): MultiheadAttention(
          (out_proj): NonDynamicallyQuantizableLinear(in_features=64, out_features=64, bias=True)
        )
        (norm1_local): BatchNorm1d(64, eps=1e-05, momentum=0.1, affine=True, track_running_stats=True)
        (norm1_attn): BatchNorm1d(64, eps=1e-05, momentum=0.1, affine=True, track_running_stats=True)
        (dropout_local): Dropout(p=0.05, inplace=False)
        (dropout_attn): Dropout(p=0.05, inplace=False)
        (ff_linear1): Linear(in_features=64, out_features=128, bias=True)
        (ff_linear2): Linear(in_features=128, out_features=64, bias=True)
        (act_fn_ff): ReLU()
        (norm2): BatchNorm1d(64, eps=1e-05, momentum=0.1, affine=True, track_running_stats=True)
        (ff_dropout1): Dropout(p=0.05, inplace=False)
        (ff_dropout2): Dropout(p=0.05, inplace=False)
      )
      (8): GPSLayer(
        summary: dim_h=64, local_gnn_type=CustomGatedGCN, global_model_type=Transformer, heads=4
        (local_model): GatedGCNLayer()
        (self_attn): MultiheadAttention(
          (out_proj): NonDynamicallyQuantizableLinear(in_features=64, out_features=64, bias=True)
        )
        (norm1_local): BatchNorm1d(64, eps=1e-05, momentum=0.1, affine=True, track_running_stats=True)
        (norm1_attn): BatchNorm1d(64, eps=1e-05, momentum=0.1, affine=True, track_running_stats=True)
        (dropout_local): Dropout(p=0.05, inplace=False)
        (dropout_attn): Dropout(p=0.05, inplace=False)
        (ff_linear1): Linear(in_features=64, out_features=128, bias=True)
        (ff_linear2): Linear(in_features=128, out_features=64, bias=True)
        (act_fn_ff): ReLU()
        (norm2): BatchNorm1d(64, eps=1e-05, momentum=0.1, affine=True, track_running_stats=True)
        (ff_dropout1): Dropout(p=0.05, inplace=False)
        (ff_dropout2): Dropout(p=0.05, inplace=False)
      )
      (9): GPSLayer(
        summary: dim_h=64, local_gnn_type=CustomGatedGCN, global_model_type=Transformer, heads=4
        (local_model): GatedGCNLayer()
        (self_attn): MultiheadAttention(
          (out_proj): NonDynamicallyQuantizableLinear(in_features=64, out_features=64, bias=True)
        )
        (norm1_local): BatchNorm1d(64, eps=1e-05, momentum=0.1, affine=True, track_running_stats=True)
        (norm1_attn): BatchNorm1d(64, eps=1e-05, momentum=0.1, affine=True, track_running_stats=True)
        (dropout_local): Dropout(p=0.05, inplace=False)
        (dropout_attn): Dropout(p=0.05, inplace=False)
        (ff_linear1): Linear(in_features=64, out_features=128, bias=True)
        (ff_linear2): Linear(in_features=128, out_features=64, bias=True)
        (act_fn_ff): ReLU()
        (norm2): BatchNorm1d(64, eps=1e-05, momentum=0.1, affine=True, track_running_stats=True)
        (ff_dropout1): Dropout(p=0.05, inplace=False)
        (ff_dropout2): Dropout(p=0.05, inplace=False)
      )
    )
    (post_mp): SANGraphHead(
      (FC_layers): ModuleList(
        (0): Linear(in_features=64, out_features=32, bias=True)
        (1): Linear(in_features=32, out_features=16, bias=True)
        (2): Linear(in_features=16, out_features=1, bias=True)
      )
      (activation): ReLU()
    )
  )
)
accelerator: cuda
benchmark: False
bn:
  eps: 1e-05
  mom: 0.1
cfg_dest: config.yaml
custom_metrics: []
dataset:
  cache_load: False
  cache_save: False
  dir: ./datasets
  edge_dim: 128
  edge_encoder: True
  edge_encoder_bn: False
  edge_encoder_name: Bond
  edge_encoder_num_types: 0
  edge_message_ratio: 0.8
  edge_negative_sampling_ratio: 1.0
  edge_train_mode: all
  encoder: True
  encoder_bn: True
  encoder_dim: 128
  encoder_name: db
  format: OGB
  infer_link_label: None
  label_column: none
  label_table: none
  location: local
  name: ogbg-molhiv
  node_encoder: True
  node_encoder_bn: False
  node_encoder_name: Atom+RWSE
  node_encoder_num_types: 0
  remove_feature: False
  resample_disjoint: False
  resample_negative: False
  shuffle_split: True
  slic_compactness: 10
  split: [0.8, 0.1, 0.1]
  split_dir: ./splits
  split_index: 0
  split_mode: standard
  task: graph
  task_type: classification
  to_undirected: False
  transductive: False
  transform: none
  tu_simple: True
devices: 1
example_arg: example
example_group:
  example_arg: example
gnn:
  act: relu
  agg: mean
  att_final_linear: False
  att_final_linear_bn: False
  att_heads: 1
  batchnorm: True
  clear_feature: True
  dim_edge: 64
  dim_inner: 64
  dropout: 0.0
  head: san_graph
  keep_edge: 0.5
  l2norm: True
  layer_type: generalconv
  layers_mp: 2
  layers_post_mp: 3
  layers_pre_mp: 0
  msg_direction: single
  normalize_adj: False
  residual: False
  self_msg: concat
  skip_every: 1
  stage_type: stack
gpu_mem: False
graphormer:
  attention_dropout: 0.0
  dropout: 0.0
  embed_dim: 80
  input_dropout: 0.0
  mlp_dropout: 0.0
  num_heads: 4
  num_layers: 6
  use_graph_token: True
gt:
  attn_dropout: 0.5
  batch_norm: True
  bigbird:
    add_cross_attention: False
    attention_type: block_sparse
    block_size: 3
    chunk_size_feed_forward: 0
    hidden_act: relu
    is_decoder: False
    layer_norm_eps: 1e-06
    max_position_embeddings: 128
    num_random_blocks: 3
    use_bias: False
  dim_hidden: 64
  dropout: 0.05
  full_graph: True
  gamma: 1e-05
  layer_norm: False
  layer_type: CustomGatedGCN+Transformer
  layers: 10
  n_heads: 4
  pna_degrees: []
  residual: True
mem:
  inplace: False
metric_agg: argmax
metric_best: auc
model:
  edge_decoding: dot
  graph_pooling: mean
  loss_fun: cross_entropy
  match_upper: True
  size_average: mean
  thresh: 0.5
  type: GPSModel
name_tag: 
num_threads: 6
num_workers: 0
optim:
  base_lr: 0.0001
  batch_accumulation: 1
  clip_grad_norm: True
  clip_grad_norm_value: 1.0
  lr_decay: 0.1
  max_epoch: 100
  min_lr: 0.0
  momentum: 0.9
  num_warmup_epochs: 5
  optimizer: adamW
  reduce_factor: 0.1
  schedule_patience: 10
  scheduler: cosine_with_warmup
  steps: [30, 60, 90]
  weight_decay: 1e-05
out_dir: results/ogbg-molhiv-GPS+RWSE
posenc_ElstaticSE:
  dim_pe: 16
  enable: False
  kernel:
    times: []
    times_func: range(10)
  layers: 3
  model: none
  n_heads: 4
  pass_as_var: False
  post_layers: 0
  raw_norm_type: none
posenc_EquivStableLapPE:
  eigen:
    eigvec_norm: L2
    laplacian_norm: sym
    max_freqs: 10
  enable: False
  raw_norm_type: none
posenc_GraphormerBias:
  dim_pe: 0
  enable: False
  node_degrees_only: False
  num_in_degrees: None
  num_out_degrees: None
  num_spatial_types: None
posenc_HKdiagSE:
  dim_pe: 16
  enable: False
  kernel:
    times: []
    times_func: 
  layers: 3
  model: none
  n_heads: 4
  pass_as_var: False
  post_layers: 0
  raw_norm_type: none
posenc_LapPE:
  dim_pe: 16
  eigen:
    eigvec_norm: L2
    laplacian_norm: sym
    max_freqs: 10
  enable: False
  layers: 3
  model: none
  n_heads: 4
  pass_as_var: False
  post_layers: 0
  raw_norm_type: none
posenc_RWSE:
  dim_pe: 16
  enable: True
  kernel:
    times: [1, 2, 3, 4, 5, 6, 7, 8, 9, 10, 11, 12, 13, 14, 15, 16]
    times_func: range(1,17)
  layers: 3
  model: Linear
  n_heads: 4
  pass_as_var: False
  post_layers: 0
  raw_norm_type: BatchNorm
posenc_SignNet:
  dim_pe: 16
  eigen:
    eigvec_norm: L2
    laplacian_norm: sym
    max_freqs: 10
  enable: False
  layers: 3
  model: none
  n_heads: 4
  pass_as_var: False
  phi_hidden_dim: 64
  phi_out_dim: 4
  post_layers: 0
  raw_norm_type: none
pretrained:
  dir: 
  freeze_main: False
  reset_prediction_head: True
print: both
round: 5
run_dir: results/ogbg-molhiv-GPS+RWSE/1
run_id: 1
run_multiple_splits: []
seed: 1
share:
  dim_in: 9
  dim_out: 2
  num_splits: 3
tensorboard_agg: True
tensorboard_each_run: False
train:
  auto_resume: False
  batch_size: 32
  ckpt_best: False
  ckpt_clean: True
  ckpt_period: 100
  enable_ckpt: True
  epoch_resume: -1
  eval_period: 1
  iter_per_epoch: 32
  mode: custom
  neighbor_sizes: [20, 15, 10, 5]
  node_per_graph: 32
  radius: extend
  sample_node: False
  sampler: full_batch
  skip_train_eval: False
  walk_length: 4
val:
  node_per_graph: 32
  radius: extend
  sample_node: False
  sampler: full_batch
view_emb: False
wandb:
  entity: gtransformers
  name: 
  project: molhiv
  use: False
Num parameters: 558673
Start from epoch 0
train: {'epoch': 0, 'time_epoch': 95.71752, 'eta': 9476.03495, 'eta_hours': 2.63223, 'loss': 0.62263407, 'lr': 0.0, 'params': 558673, 'time_iter': 0.09302, 'accuracy': 0.96204, 'precision': 0.0, 'recall': 0.0, 'f1': 0.0, 'auc': 0.51618}
...computing epoch stats took: 0.07s
val: {'epoch': 0, 'time_epoch': 3.62115, 'loss': 0.6184428, 'lr': 0, 'params': 558673, 'time_iter': 0.02807, 'accuracy': 0.97812, 'precision': 0.0, 'recall': 0.0, 'f1': 0.0, 'auc': 0.50393}
...computing epoch stats took: 0.02s
test: {'epoch': 0, 'time_epoch': 3.79517, 'loss': 0.6220371, 'lr': 0, 'params': 558673, 'time_iter': 0.02942, 'accuracy': 0.96523, 'precision': 0.0, 'recall': 0.0, 'f1': 0.0, 'auc': 0.4951}
...computing epoch stats took: 0.02s
> Epoch 0: took 103.3s (avg 103.3s) | Best so far: epoch 0	train_loss: 0.6226 train_auc: 0.5162	val_loss: 0.6184 val_auc: 0.5039	test_loss: 0.6220 test_auc: 0.4951
/kaggle/working/.venv310/lib/python3.10/site-packages/sklearn/metrics/_classification.py:1731: UndefinedMetricWarning: Precision is ill-defined and being set to 0.0 due to no predicted samples. Use `zero_division` parameter to control this behavior.
  _warn_prf(average, modifier, f"{metric.capitalize()} is", result.shape[0])
train: {'epoch': 1, 'time_epoch': 91.69006, 'eta': 9182.9717, 'eta_hours': 2.55083, 'loss': 0.37882713, 'lr': 2e-05, 'params': 558673, 'time_iter': 0.08911, 'accuracy': 0.96255, 'precision': 0.0, 'recall': 0.0, 'f1': 0.0, 'auc': 0.55989}
...computing epoch stats took: 0.04s
/kaggle/working/.venv310/lib/python3.10/site-packages/sklearn/metrics/_classification.py:1731: UndefinedMetricWarning: Precision is ill-defined and being set to 0.0 due to no predicted samples. Use `zero_division` parameter to control this behavior.
  _warn_prf(average, modifier, f"{metric.capitalize()} is", result.shape[0])
val: {'epoch': 1, 'time_epoch': 3.21098, 'loss': 0.20443088, 'lr': 0, 'params': 558673, 'time_iter': 0.02489, 'accuracy': 0.98031, 'precision': 0.0, 'recall': 0.0, 'f1': 0.0, 'auc': 0.58108}
...computing epoch stats took: 0.01s
/kaggle/working/.venv310/lib/python3.10/site-packages/sklearn/metrics/_classification.py:1731: UndefinedMetricWarning: Precision is ill-defined and being set to 0.0 due to no predicted samples. Use `zero_division` parameter to control this behavior.
  _warn_prf(average, modifier, f"{metric.capitalize()} is", result.shape[0])
test: {'epoch': 1, 'time_epoch': 3.39683, 'loss': 0.2150426, 'lr': 0, 'params': 558673, 'time_iter': 0.02633, 'accuracy': 0.96839, 'precision': 0.0, 'recall': 0.0, 'f1': 0.0, 'auc': 0.58927}
...computing epoch stats took: 0.01s
> Epoch 1: took 98.4s (avg 100.8s) | Best so far: epoch 1	train_loss: 0.3788 train_auc: 0.5599	val_loss: 0.2044 val_auc: 0.5811	test_loss: 0.2150 test_auc: 0.5893
/kaggle/working/.venv310/lib/python3.10/site-packages/sklearn/metrics/_classification.py:1731: UndefinedMetricWarning: Precision is ill-defined and being set to 0.0 due to no predicted samples. Use `zero_division` parameter to control this behavior.
  _warn_prf(average, modifier, f"{metric.capitalize()} is", result.shape[0])
train: {'epoch': 2, 'time_epoch': 97.89156, 'eta': 9224.67225, 'eta_hours': 2.56241, 'loss': 0.1654912, 'lr': 4e-05, 'params': 558673, 'time_iter': 0.09513, 'accuracy': 0.96255, 'precision': 0.0, 'recall': 0.0, 'f1': 0.0, 'auc': 0.65193}
...computing epoch stats took: 0.05s
/kaggle/working/.venv310/lib/python3.10/site-packages/sklearn/metrics/_classification.py:1731: UndefinedMetricWarning: Precision is ill-defined and being set to 0.0 due to no predicted samples. Use `zero_division` parameter to control this behavior.
  _warn_prf(average, modifier, f"{metric.capitalize()} is", result.shape[0])
val: {'epoch': 2, 'time_epoch': 3.52971, 'loss': 0.09822953, 'lr': 0, 'params': 558673, 'time_iter': 0.02736, 'accuracy': 0.98031, 'precision': 0.0, 'recall': 0.0, 'f1': 0.0, 'auc': 0.66955}
...computing epoch stats took: 0.02s
/kaggle/working/.venv310/lib/python3.10/site-packages/sklearn/metrics/_classification.py:1731: UndefinedMetricWarning: Precision is ill-defined and being set to 0.0 due to no predicted samples. Use `zero_division` parameter to control this behavior.
  _warn_prf(average, modifier, f"{metric.capitalize()} is", result.shape[0])
test: {'epoch': 2, 'time_epoch': 3.49038, 'loss': 0.12817126, 'lr': 0, 'params': 558673, 'time_iter': 0.02706, 'accuracy': 0.96839, 'precision': 0.0, 'recall': 0.0, 'f1': 0.0, 'auc': 0.70731}
...computing epoch stats took: 0.02s
> Epoch 2: took 105.0s (avg 102.2s) | Best so far: epoch 2	train_loss: 0.1655 train_auc: 0.6519	val_loss: 0.0982 val_auc: 0.6695	test_loss: 0.1282 test_auc: 0.7073
/kaggle/working/.venv310/lib/python3.10/site-packages/sklearn/metrics/_classification.py:1731: UndefinedMetricWarning: Precision is ill-defined and being set to 0.0 due to no predicted samples. Use `zero_division` parameter to control this behavior.
  _warn_prf(average, modifier, f"{metric.capitalize()} is", result.shape[0])
train: {'epoch': 3, 'time_epoch': 98.09187, 'eta': 9201.38438, 'eta_hours': 2.55594, 'loss': 0.14654114, 'lr': 6e-05, 'params': 558673, 'time_iter': 0.09533, 'accuracy': 0.96255, 'precision': 0.0, 'recall': 0.0, 'f1': 0.0, 'auc': 0.70911}
/kaggle/working/.venv310/lib/python3.10/site-packages/sklearn/metrics/_classification.py:1731: UndefinedMetricWarning: Precision is ill-defined and being set to 0.0 due to no predicted samples. Use `zero_division` parameter to control this behavior.
  _warn_prf(average, modifier, f"{metric.capitalize()} is", result.shape[0])
val: {'epoch': 3, 'time_epoch': 3.29544, 'loss': 0.0942461, 'lr': 0, 'params': 558673, 'time_iter': 0.02555, 'accuracy': 0.98031, 'precision': 0.0, 'recall': 0.0, 'f1': 0.0, 'auc': 0.70209}
/kaggle/working/.venv310/lib/python3.10/site-packages/sklearn/metrics/_classification.py:1731: UndefinedMetricWarning: Precision is ill-defined and being set to 0.0 due to no predicted samples. Use `zero_division` parameter to control this behavior.
  _warn_prf(average, modifier, f"{metric.capitalize()} is", result.shape[0])
test: {'epoch': 3, 'time_epoch': 3.39614, 'loss': 0.12798579, 'lr': 0, 'params': 558673, 'time_iter': 0.02633, 'accuracy': 0.96839, 'precision': 0.0, 'recall': 0.0, 'f1': 0.0, 'auc': 0.74331}
> Epoch 3: took 104.9s (avg 102.9s) | Best so far: epoch 3	train_loss: 0.1465 train_auc: 0.7091	val_loss: 0.0942 val_auc: 0.7021	test_loss: 0.1280 test_auc: 0.7433
/kaggle/working/.venv310/lib/python3.10/site-packages/sklearn/metrics/_classification.py:1731: UndefinedMetricWarning: Precision is ill-defined and being set to 0.0 due to no predicted samples. Use `zero_division` parameter to control this behavior.
  _warn_prf(average, modifier, f"{metric.capitalize()} is", result.shape[0])
train: {'epoch': 4, 'time_epoch': 102.50851, 'eta': 9232.09101, 'eta_hours': 2.56447, 'loss': 0.13896429, 'lr': 8e-05, 'params': 558673, 'time_iter': 0.09962, 'accuracy': 0.96255, 'precision': 0.0, 'recall': 0.0, 'f1': 0.0, 'auc': 0.74205}
/kaggle/working/.venv310/lib/python3.10/site-packages/sklearn/metrics/_classification.py:1731: UndefinedMetricWarning: Precision is ill-defined and being set to 0.0 due to no predicted samples. Use `zero_division` parameter to control this behavior.
  _warn_prf(average, modifier, f"{metric.capitalize()} is", result.shape[0])
val: {'epoch': 4, 'time_epoch': 3.55554, 'loss': 0.08264729, 'lr': 0, 'params': 558673, 'time_iter': 0.02756, 'accuracy': 0.98031, 'precision': 0.0, 'recall': 0.0, 'f1': 0.0, 'auc': 0.74199}
/kaggle/working/.venv310/lib/python3.10/site-packages/sklearn/metrics/_classification.py:1731: UndefinedMetricWarning: Precision is ill-defined and being set to 0.0 due to no predicted samples. Use `zero_division` parameter to control this behavior.
  _warn_prf(average, modifier, f"{metric.capitalize()} is", result.shape[0])
test: {'epoch': 4, 'time_epoch': 3.66029, 'loss': 0.1167299, 'lr': 0, 'params': 558673, 'time_iter': 0.02837, 'accuracy': 0.96839, 'precision': 0.0, 'recall': 0.0, 'f1': 0.0, 'auc': 0.75162}
> Epoch 4: took 109.9s (avg 104.3s) | Best so far: epoch 4	train_loss: 0.1390 train_auc: 0.7420	val_loss: 0.0826 val_auc: 0.7420	test_loss: 0.1167 test_auc: 0.7516
/kaggle/working/.venv310/lib/python3.10/site-packages/sklearn/metrics/_classification.py:1731: UndefinedMetricWarning: Precision is ill-defined and being set to 0.0 due to no predicted samples. Use `zero_division` parameter to control this behavior.
  _warn_prf(average, modifier, f"{metric.capitalize()} is", result.shape[0])
train: {'epoch': 5, 'time_epoch': 103.1746, 'eta': 9228.82799, 'eta_hours': 2.56356, 'loss': 0.13397408, 'lr': 0.0001, 'params': 558673, 'time_iter': 0.10027, 'accuracy': 0.96255, 'precision': 0.0, 'recall': 0.0, 'f1': 0.0, 'auc': 0.76371}
/kaggle/working/.venv310/lib/python3.10/site-packages/sklearn/metrics/_classification.py:1731: UndefinedMetricWarning: Precision is ill-defined and being set to 0.0 due to no predicted samples. Use `zero_division` parameter to control this behavior.
  _warn_prf(average, modifier, f"{metric.capitalize()} is", result.shape[0])
val: {'epoch': 5, 'time_epoch': 3.45384, 'loss': 0.08489813, 'lr': 0, 'params': 558673, 'time_iter': 0.02677, 'accuracy': 0.98031, 'precision': 0.0, 'recall': 0.0, 'f1': 0.0, 'auc': 0.73628}
/kaggle/working/.venv310/lib/python3.10/site-packages/sklearn/metrics/_classification.py:1731: UndefinedMetricWarning: Precision is ill-defined and being set to 0.0 due to no predicted samples. Use `zero_division` parameter to control this behavior.
  _warn_prf(average, modifier, f"{metric.capitalize()} is", result.shape[0])
test: {'epoch': 5, 'time_epoch': 3.61502, 'loss': 0.11780168, 'lr': 0, 'params': 558673, 'time_iter': 0.02802, 'accuracy': 0.96839, 'precision': 0.0, 'recall': 0.0, 'f1': 0.0, 'auc': 0.74053}
> Epoch 5: took 110.4s (avg 105.3s) | Best so far: epoch 4	train_loss: 0.1390 train_auc: 0.7420	val_loss: 0.0826 val_auc: 0.7420	test_loss: 0.1167 test_auc: 0.7516
/kaggle/working/.venv310/lib/python3.10/site-packages/sklearn/metrics/_classification.py:1731: UndefinedMetricWarning: Precision is ill-defined and being set to 0.0 due to no predicted samples. Use `zero_division` parameter to control this behavior.
  _warn_prf(average, modifier, f"{metric.capitalize()} is", result.shape[0])
train: {'epoch': 6, 'time_epoch': 105.46503, 'eta': 9227.4488, 'eta_hours': 2.56318, 'loss': 0.1281627, 'lr': 9.997e-05, 'params': 558673, 'time_iter': 0.10249, 'accuracy': 0.96255, 'precision': 0.0, 'recall': 0.0, 'f1': 0.0, 'auc': 0.78138}
val: {'epoch': 6, 'time_epoch': 4.06418, 'loss': 0.08510031, 'lr': 0, 'params': 558673, 'time_iter': 0.03151, 'accuracy': 0.98079, 'precision': 0.66667, 'recall': 0.04938, 'f1': 0.09195, 'auc': 0.72792}
/kaggle/working/.venv310/lib/python3.10/site-packages/sklearn/metrics/_classification.py:1731: UndefinedMetricWarning: Precision is ill-defined and being set to 0.0 due to no predicted samples. Use `zero_division` parameter to control this behavior.
  _warn_prf(average, modifier, f"{metric.capitalize()} is", result.shape[0])
test: {'epoch': 6, 'time_epoch': 3.65793, 'loss': 0.11975369, 'lr': 0, 'params': 558673, 'time_iter': 0.02836, 'accuracy': 0.96839, 'precision': 0.0, 'recall': 0.0, 'f1': 0.0, 'auc': 0.74764}
> Epoch 6: took 113.3s (avg 106.5s) | Best so far: epoch 4	train_loss: 0.1390 train_auc: 0.7420	val_loss: 0.0826 val_auc: 0.7420	test_loss: 0.1167 test_auc: 0.7516
train: {'epoch': 7, 'time_epoch': 106.22779, 'eta': 9208.81991, 'eta_hours': 2.55801, 'loss': 0.1241147, 'lr': 9.989e-05, 'params': 558673, 'time_iter': 0.10323, 'accuracy': 0.96353, 'precision': 0.60811, 'recall': 0.07305, 'f1': 0.13043, 'auc': 0.80191}
val: {'epoch': 7, 'time_epoch': 3.65764, 'loss': 0.08898084, 'lr': 0, 'params': 558673, 'time_iter': 0.02835, 'accuracy': 0.97885, 'precision': 0.43182, 'recall': 0.23457, 'f1': 0.304, 'auc': 0.74785}
test: {'epoch': 7, 'time_epoch': 3.60159, 'loss': 0.12872564, 'lr': 0, 'params': 558673, 'time_iter': 0.02792, 'accuracy': 0.96329, 'precision': 0.28571, 'recall': 0.10769, 'f1': 0.15642, 'auc': 0.74077}
> Epoch 7: took 113.7s (avg 107.4s) | Best so far: epoch 7	train_loss: 0.1241 train_auc: 0.8019	val_loss: 0.0890 val_auc: 0.7479	test_loss: 0.1287 test_auc: 0.7408
train: {'epoch': 8, 'time_epoch': 106.0507, 'eta': 9168.93404, 'eta_hours': 2.54693, 'loss': 0.12115821, 'lr': 9.975e-05, 'params': 558673, 'time_iter': 0.10306, 'accuracy': 0.96556, 'precision': 0.64516, 'recall': 0.17857, 'f1': 0.27972, 'auc': 0.8143}
val: {'epoch': 8, 'time_epoch': 3.59041, 'loss': 0.07958513, 'lr': 0, 'params': 558673, 'time_iter': 0.02783, 'accuracy': 0.98177, 'precision': 0.625, 'recall': 0.18519, 'f1': 0.28571, 'auc': 0.77638}
test: {'epoch': 8, 'time_epoch': 3.66857, 'loss': 0.11893132, 'lr': 0, 'params': 558673, 'time_iter': 0.02844, 'accuracy': 0.97082, 'precision': 0.61905, 'recall': 0.2, 'f1': 0.30233, 'auc': 0.75365}
> Epoch 8: took 113.5s (avg 108.0s) | Best so far: epoch 8	train_loss: 0.1212 train_auc: 0.8143	val_loss: 0.0796 val_auc: 0.7764	test_loss: 0.1189 test_auc: 0.7537
train: {'epoch': 9, 'time_epoch': 105.87162, 'eta': 9114.20342, 'eta_hours': 2.53172, 'loss': 0.11839036, 'lr': 9.956e-05, 'params': 558673, 'time_iter': 0.10289, 'accuracy': 0.96593, 'precision': 0.62528, 'recall': 0.22484, 'f1': 0.33075, 'auc': 0.82053}
val: {'epoch': 9, 'time_epoch': 3.71182, 'loss': 0.07463535, 'lr': 0, 'params': 558673, 'time_iter': 0.02877, 'accuracy': 0.98225, 'precision': 0.61765, 'recall': 0.25926, 'f1': 0.36522, 'auc': 0.78183}
test: {'epoch': 9, 'time_epoch': 3.59582, 'loss': 0.11975228, 'lr': 0, 'params': 558673, 'time_iter': 0.02787, 'accuracy': 0.97107, 'precision': 0.62222, 'recall': 0.21538, 'f1': 0.32, 'auc': 0.73098}
> Epoch 9: took 113.3s (avg 108.6s) | Best so far: epoch 9	train_loss: 0.1184 train_auc: 0.8205	val_loss: 0.0746 val_auc: 0.7818	test_loss: 0.1198 test_auc: 0.7310
train: {'epoch': 10, 'time_epoch': 105.1821, 'eta': 9044.59566, 'eta_hours': 2.51239, 'loss': 0.11535415, 'lr': 9.932e-05, 'params': 558673, 'time_iter': 0.10222, 'accuracy': 0.96815, 'precision': 0.69492, 'recall': 0.26623, 'f1': 0.38498, 'auc': 0.83477}
val: {'epoch': 10, 'time_epoch': 3.68693, 'loss': 0.0730918, 'lr': 0, 'params': 558673, 'time_iter': 0.02858, 'accuracy': 0.98201, 'precision': 0.6129, 'recall': 0.23457, 'f1': 0.33929, 'auc': 0.77803}
test: {'epoch': 10, 'time_epoch': 3.64184, 'loss': 0.1171063, 'lr': 0, 'params': 558673, 'time_iter': 0.02823, 'accuracy': 0.9718, 'precision': 0.68421, 'recall': 0.2, 'f1': 0.30952, 'auc': 0.74284}
> Epoch 10: took 112.7s (avg 108.9s) | Best so far: epoch 9	train_loss: 0.1184 train_auc: 0.8205	val_loss: 0.0746 val_auc: 0.7818	test_loss: 0.1198 test_auc: 0.7310
train: {'epoch': 11, 'time_epoch': 105.39794, 'eta': 8970.64166, 'eta_hours': 2.49184, 'loss': 0.11300052, 'lr': 9.902e-05, 'params': 558673, 'time_iter': 0.10243, 'accuracy': 0.96757, 'precision': 0.65655, 'recall': 0.28084, 'f1': 0.39341, 'auc': 0.84272}
val: {'epoch': 11, 'time_epoch': 3.62225, 'loss': 0.07496849, 'lr': 0, 'params': 558673, 'time_iter': 0.02808, 'accuracy': 0.98128, 'precision': 0.53448, 'recall': 0.38272, 'f1': 0.44604, 'auc': 0.78807}
test: {'epoch': 11, 'time_epoch': 3.65143, 'loss': 0.11469142, 'lr': 0, 'params': 558673, 'time_iter': 0.02831, 'accuracy': 0.96985, 'precision': 0.53659, 'recall': 0.33846, 'f1': 0.41509, 'auc': 0.76307}
> Epoch 11: took 112.8s (avg 109.3s) | Best so far: epoch 11	train_loss: 0.1130 train_auc: 0.8427	val_loss: 0.0750 val_auc: 0.7881	test_loss: 0.1147 test_auc: 0.7631
train: {'epoch': 12, 'time_epoch': 104.80719, 'eta': 8887.89663, 'eta_hours': 2.46886, 'loss': 0.11068413, 'lr': 9.867e-05, 'params': 558673, 'time_iter': 0.10185, 'accuracy': 0.96903, 'precision': 0.69189, 'recall': 0.31169, 'f1': 0.42977, 'auc': 0.84993}
val: {'epoch': 12, 'time_epoch': 3.69239, 'loss': 0.07422346, 'lr': 0, 'params': 558673, 'time_iter': 0.02862, 'accuracy': 0.98104, 'precision': 0.53488, 'recall': 0.28395, 'f1': 0.37097, 'auc': 0.80244}
test: {'epoch': 12, 'time_epoch': 3.70244, 'loss': 0.11520879, 'lr': 0, 'params': 558673, 'time_iter': 0.0287, 'accuracy': 0.97082, 'precision': 0.58065, 'recall': 0.27692, 'f1': 0.375, 'auc': 0.75767}
> Epoch 12: took 112.4s (avg 109.5s) | Best so far: epoch 12	train_loss: 0.1107 train_auc: 0.8499	val_loss: 0.0742 val_auc: 0.8024	test_loss: 0.1152 test_auc: 0.7577
train: {'epoch': 13, 'time_epoch': 105.6744, 'eta': 8807.32702, 'eta_hours': 2.44648, 'loss': 0.10800765, 'lr': 9.826e-05, 'params': 558673, 'time_iter': 0.1027, 'accuracy': 0.96909, 'precision': 0.69653, 'recall': 0.30925, 'f1': 0.42833, 'auc': 0.86038}
val: {'epoch': 13, 'time_epoch': 3.83373, 'loss': 0.07621345, 'lr': 0, 'params': 558673, 'time_iter': 0.02972, 'accuracy': 0.98201, 'precision': 0.58974, 'recall': 0.28395, 'f1': 0.38333, 'auc': 0.7679}
test: {'epoch': 13, 'time_epoch': 3.74668, 'loss': 0.11399668, 'lr': 0, 'params': 558673, 'time_iter': 0.02904, 'accuracy': 0.96985, 'precision': 0.54839, 'recall': 0.26154, 'f1': 0.35417, 'auc': 0.7588}
> Epoch 13: took 113.4s (avg 109.8s) | Best so far: epoch 12	train_loss: 0.1107 train_auc: 0.8499	val_loss: 0.0742 val_auc: 0.8024	test_loss: 0.1152 test_auc: 0.7577
train: {'epoch': 14, 'time_epoch': 109.59662, 'eta': 8745.63602, 'eta_hours': 2.42934, 'loss': 0.1063632, 'lr': 9.78e-05, 'params': 558673, 'time_iter': 0.10651, 'accuracy': 0.9697, 'precision': 0.70017, 'recall': 0.3336, 'f1': 0.4519, 'auc': 0.86522}
val: {'epoch': 14, 'time_epoch': 3.80331, 'loss': 0.07669188, 'lr': 0, 'params': 558673, 'time_iter': 0.02948, 'accuracy': 0.98177, 'precision': 0.57143, 'recall': 0.2963, 'f1': 0.39024, 'auc': 0.77888}
test: {'epoch': 14, 'time_epoch': 3.80987, 'loss': 0.1166199, 'lr': 0, 'params': 558673, 'time_iter': 0.02953, 'accuracy': 0.97034, 'precision': 0.59091, 'recall': 0.2, 'f1': 0.29885, 'auc': 0.76491}
> Epoch 14: took 117.4s (avg 110.3s) | Best so far: epoch 12	train_loss: 0.1107 train_auc: 0.8499	val_loss: 0.0742 val_auc: 0.8024	test_loss: 0.1152 test_auc: 0.7577
train: {'epoch': 15, 'time_epoch': 109.54089, 'eta': 8677.6642, 'eta_hours': 2.41046, 'loss': 0.10559196, 'lr': 9.729e-05, 'params': 558673, 'time_iter': 0.10645, 'accuracy': 0.96994, 'precision': 0.70284, 'recall': 0.34172, 'f1': 0.45986, 'auc': 0.86309}
val: {'epoch': 15, 'time_epoch': 3.67702, 'loss': 0.07731021, 'lr': 0, 'params': 558673, 'time_iter': 0.0285, 'accuracy': 0.98031, 'precision': 0.5, 'recall': 0.32099, 'f1': 0.39098, 'auc': 0.77079}
test: {'epoch': 15, 'time_epoch': 3.80024, 'loss': 0.11839347, 'lr': 0, 'params': 558673, 'time_iter': 0.02946, 'accuracy': 0.96839, 'precision': 0.5, 'recall': 0.26154, 'f1': 0.34343, 'auc': 0.7696}
> Epoch 15: took 117.2s (avg 110.7s) | Best so far: epoch 12	train_loss: 0.1107 train_auc: 0.8499	val_loss: 0.0742 val_auc: 0.8024	test_loss: 0.1152 test_auc: 0.7577
train: {'epoch': 16, 'time_epoch': 110.27914, 'eta': 8608.4063, 'eta_hours': 2.39122, 'loss': 0.10387116, 'lr': 9.673e-05, 'params': 558673, 'time_iter': 0.10717, 'accuracy': 0.96997, 'precision': 0.70539, 'recall': 0.3401, 'f1': 0.45893, 'auc': 0.87291}
val: {'epoch': 16, 'time_epoch': 3.85658, 'loss': 0.07889291, 'lr': 0, 'params': 558673, 'time_iter': 0.0299, 'accuracy': 0.98031, 'precision': 0.5, 'recall': 0.28395, 'f1': 0.3622, 'auc': 0.78605}
test: {'epoch': 16, 'time_epoch': 3.81146, 'loss': 0.11980024, 'lr': 0, 'params': 558673, 'time_iter': 0.02955, 'accuracy': 0.96985, 'precision': 0.55556, 'recall': 0.23077, 'f1': 0.32609, 'auc': 0.77093}
> Epoch 16: took 118.1s (avg 111.2s) | Best so far: epoch 12	train_loss: 0.1107 train_auc: 0.8499	val_loss: 0.0742 val_auc: 0.8024	test_loss: 0.1152 test_auc: 0.7577
train: {'epoch': 17, 'time_epoch': 111.4421, 'eta': 8539.88844, 'eta_hours': 2.37219, 'loss': 0.10183859, 'lr': 9.611e-05, 'params': 558673, 'time_iter': 0.1083, 'accuracy': 0.97082, 'precision': 0.72517, 'recall': 0.35552, 'f1': 0.47712, 'auc': 0.88027}
val: {'epoch': 17, 'time_epoch': 3.77676, 'loss': 0.08101061, 'lr': 0, 'params': 558673, 'time_iter': 0.02928, 'accuracy': 0.98177, 'precision': 0.55769, 'recall': 0.35802, 'f1': 0.43609, 'auc': 0.74011}
test: {'epoch': 17, 'time_epoch': 3.8345, 'loss': 0.12280347, 'lr': 0, 'params': 558673, 'time_iter': 0.02972, 'accuracy': 0.96693, 'precision': 0.45, 'recall': 0.20769, 'f1': 0.28421, 'auc': 0.76417}
> Epoch 17: took 119.2s (avg 111.6s) | Best so far: epoch 12	train_loss: 0.1107 train_auc: 0.8499	val_loss: 0.0742 val_auc: 0.8024	test_loss: 0.1152 test_auc: 0.7577
train: {'epoch': 18, 'time_epoch': 113.65325, 'eta': 8476.27873, 'eta_hours': 2.35452, 'loss': 0.09989908, 'lr': 9.545e-05, 'params': 558673, 'time_iter': 0.11045, 'accuracy': 0.97134, 'precision': 0.72973, 'recall': 0.37256, 'f1': 0.49328, 'auc': 0.8851}
val: {'epoch': 18, 'time_epoch': 4.21922, 'loss': 0.07732272, 'lr': 0, 'params': 558673, 'time_iter': 0.03271, 'accuracy': 0.98274, 'precision': 0.63158, 'recall': 0.2963, 'f1': 0.40336, 'auc': 0.77386}
test: {'epoch': 18, 'time_epoch': 4.11554, 'loss': 0.12682906, 'lr': 0, 'params': 558673, 'time_iter': 0.0319, 'accuracy': 0.96839, 'precision': 0.5, 'recall': 0.21538, 'f1': 0.30108, 'auc': 0.76263}
> Epoch 18: took 122.2s (avg 112.2s) | Best so far: epoch 12	train_loss: 0.1107 train_auc: 0.8499	val_loss: 0.0742 val_auc: 0.8024	test_loss: 0.1152 test_auc: 0.7577
train: {'epoch': 19, 'time_epoch': 118.40419, 'eta': 8426.66842, 'eta_hours': 2.34074, 'loss': 0.09803501, 'lr': 9.474e-05, 'params': 558673, 'time_iter': 0.11507, 'accuracy': 0.97204, 'precision': 0.7378, 'recall': 0.39286, 'f1': 0.51271, 'auc': 0.88915}
val: {'epoch': 19, 'time_epoch': 4.30884, 'loss': 0.0839073, 'lr': 0, 'params': 558673, 'time_iter': 0.0334, 'accuracy': 0.97496, 'precision': 0.3625, 'recall': 0.35802, 'f1': 0.36025, 'auc': 0.8073}
test: {'epoch': 19, 'time_epoch': 4.17776, 'loss': 0.12737292, 'lr': 0, 'params': 558673, 'time_iter': 0.03239, 'accuracy': 0.96645, 'precision': 0.45652, 'recall': 0.32308, 'f1': 0.37838, 'auc': 0.77454}
> Epoch 19: took 127.1s (avg 112.9s) | Best so far: epoch 19	train_loss: 0.0980 train_auc: 0.8891	val_loss: 0.0839 val_auc: 0.8073	test_loss: 0.1274 test_auc: 0.7745
train: {'epoch': 20, 'time_epoch': 113.6859, 'eta': 8352.75653, 'eta_hours': 2.32021, 'loss': 0.09634469, 'lr': 9.397e-05, 'params': 558673, 'time_iter': 0.11048, 'accuracy': 0.9724, 'precision': 0.75077, 'recall': 0.39367, 'f1': 0.51651, 'auc': 0.89546}
val: {'epoch': 20, 'time_epoch': 3.81544, 'loss': 0.07600445, 'lr': 0, 'params': 558673, 'time_iter': 0.02958, 'accuracy': 0.98225, 'precision': 0.58696, 'recall': 0.33333, 'f1': 0.4252, 'auc': 0.78361}
test: {'epoch': 20, 'time_epoch': 3.85811, 'loss': 0.11729705, 'lr': 0, 'params': 558673, 'time_iter': 0.02991, 'accuracy': 0.97034, 'precision': 0.55128, 'recall': 0.33077, 'f1': 0.41346, 'auc': 0.76939}
> Epoch 20: took 121.5s (avg 113.3s) | Best so far: epoch 19	train_loss: 0.0980 train_auc: 0.8891	val_loss: 0.0839 val_auc: 0.8073	test_loss: 0.1274 test_auc: 0.7745
train: {'epoch': 21, 'time_epoch': 113.59179, 'eta': 8274.89517, 'eta_hours': 2.29858, 'loss': 0.09575298, 'lr': 9.316e-05, 'params': 558673, 'time_iter': 0.11039, 'accuracy': 0.97246, 'precision': 0.74328, 'recall': 0.40422, 'f1': 0.52366, 'auc': 0.89486}
val: {'epoch': 21, 'time_epoch': 3.78205, 'loss': 0.07836443, 'lr': 0, 'params': 558673, 'time_iter': 0.02932, 'accuracy': 0.98104, 'precision': 0.53191, 'recall': 0.30864, 'f1': 0.39062, 'auc': 0.7737}
test: {'epoch': 21, 'time_epoch': 3.82126, 'loss': 0.12216274, 'lr': 0, 'params': 558673, 'time_iter': 0.02962, 'accuracy': 0.97009, 'precision': 0.56364, 'recall': 0.23846, 'f1': 0.33514, 'auc': 0.76271}
> Epoch 21: took 121.4s (avg 113.7s) | Best so far: epoch 19	train_loss: 0.0980 train_auc: 0.8891	val_loss: 0.0839 val_auc: 0.8073	test_loss: 0.1274 test_auc: 0.7745
train: {'epoch': 22, 'time_epoch': 110.02693, 'eta': 8181.99227, 'eta_hours': 2.27278, 'loss': 0.09307127, 'lr': 9.23e-05, 'params': 558673, 'time_iter': 0.10693, 'accuracy': 0.97234, 'precision': 0.72934, 'recall': 0.41558, 'f1': 0.52947, 'auc': 0.90792}
val: {'epoch': 22, 'time_epoch': 3.76535, 'loss': 0.08347222, 'lr': 0, 'params': 558673, 'time_iter': 0.02919, 'accuracy': 0.97933, 'precision': 0.45238, 'recall': 0.23457, 'f1': 0.30894, 'auc': 0.78924}
test: {'epoch': 22, 'time_epoch': 3.65771, 'loss': 0.13024212, 'lr': 0, 'params': 558673, 'time_iter': 0.02835, 'accuracy': 0.96669, 'precision': 0.42857, 'recall': 0.16154, 'f1': 0.23464, 'auc': 0.76981}
> Epoch 22: took 117.6s (avg 113.9s) | Best so far: epoch 19	train_loss: 0.0980 train_auc: 0.8891	val_loss: 0.0839 val_auc: 0.8073	test_loss: 0.1274 test_auc: 0.7745
train: {'epoch': 23, 'time_epoch': 111.87701, 'eta': 8093.52097, 'eta_hours': 2.2482, 'loss': 0.09146394, 'lr': 9.14e-05, 'params': 558673, 'time_iter': 0.10872, 'accuracy': 0.97319, 'precision': 0.76198, 'recall': 0.41315, 'f1': 0.53579, 'auc': 0.91217}
val: {'epoch': 23, 'time_epoch': 3.96829, 'loss': 0.08106645, 'lr': 0, 'params': 558673, 'time_iter': 0.03076, 'accuracy': 0.98031, 'precision': 0.5, 'recall': 0.34568, 'f1': 0.40876, 'auc': 0.79388}
test: {'epoch': 23, 'time_epoch': 3.92658, 'loss': 0.1265248, 'lr': 0, 'params': 558673, 'time_iter': 0.03044, 'accuracy': 0.96912, 'precision': 0.51948, 'recall': 0.30769, 'f1': 0.38647, 'auc': 0.76035}
> Epoch 23: took 120.0s (avg 114.1s) | Best so far: epoch 19	train_loss: 0.0980 train_auc: 0.8891	val_loss: 0.0839 val_auc: 0.8073	test_loss: 0.1274 test_auc: 0.7745
train: {'epoch': 24, 'time_epoch': 115.12371, 'eta': 8012.91731, 'eta_hours': 2.22581, 'loss': 0.09270454, 'lr': 9.045e-05, 'params': 558673, 'time_iter': 0.11188, 'accuracy': 0.97252, 'precision': 0.73563, 'recall': 0.41558, 'f1': 0.53112, 'auc': 0.90797}
val: {'epoch': 24, 'time_epoch': 3.9108, 'loss': 0.08071842, 'lr': 0, 'params': 558673, 'time_iter': 0.03032, 'accuracy': 0.97909, 'precision': 0.45763, 'recall': 0.33333, 'f1': 0.38571, 'auc': 0.79417}
test: {'epoch': 24, 'time_epoch': 4.0181, 'loss': 0.12349618, 'lr': 0, 'params': 558673, 'time_iter': 0.03115, 'accuracy': 0.96669, 'precision': 0.45679, 'recall': 0.28462, 'f1': 0.35071, 'auc': 0.78772}
> Epoch 24: took 123.2s (avg 114.5s) | Best so far: epoch 19	train_loss: 0.0980 train_auc: 0.8891	val_loss: 0.0839 val_auc: 0.8073	test_loss: 0.1274 test_auc: 0.7745
train: {'epoch': 25, 'time_epoch': 114.65895, 'eta': 7928.33548, 'eta_hours': 2.20232, 'loss': 0.09037504, 'lr': 8.946e-05, 'params': 558673, 'time_iter': 0.11143, 'accuracy': 0.97331, 'precision': 0.7493, 'recall': 0.43182, 'f1': 0.54789, 'auc': 0.91701}
val: {'epoch': 25, 'time_epoch': 4.02512, 'loss': 0.08174598, 'lr': 0, 'params': 558673, 'time_iter': 0.0312, 'accuracy': 0.98128, 'precision': 0.54167, 'recall': 0.32099, 'f1': 0.4031, 'auc': 0.74927}
test: {'epoch': 25, 'time_epoch': 3.91236, 'loss': 0.12524744, 'lr': 0, 'params': 558673, 'time_iter': 0.03033, 'accuracy': 0.96791, 'precision': 0.48649, 'recall': 0.27692, 'f1': 0.35294, 'auc': 0.76524}
> Epoch 25: took 122.8s (avg 114.8s) | Best so far: epoch 19	train_loss: 0.0980 train_auc: 0.8891	val_loss: 0.0839 val_auc: 0.8073	test_loss: 0.1274 test_auc: 0.7745
train: {'epoch': 26, 'time_epoch': 114.46139, 'eta': 7840.99157, 'eta_hours': 2.17805, 'loss': 0.08836902, 'lr': 8.842e-05, 'params': 558673, 'time_iter': 0.11124, 'accuracy': 0.97444, 'precision': 0.77419, 'recall': 0.44805, 'f1': 0.56761, 'auc': 0.92169}
val: {'epoch': 26, 'time_epoch': 3.97025, 'loss': 0.0847928, 'lr': 0, 'params': 558673, 'time_iter': 0.03078, 'accuracy': 0.98055, 'precision': 0.51064, 'recall': 0.2963, 'f1': 0.375, 'auc': 0.75798}
test: {'epoch': 26, 'time_epoch': 3.85412, 'loss': 0.13491831, 'lr': 0, 'params': 558673, 'time_iter': 0.02988, 'accuracy': 0.96718, 'precision': 0.45902, 'recall': 0.21538, 'f1': 0.29319, 'auc': 0.73976}
> Epoch 26: took 122.5s (avg 115.1s) | Best so far: epoch 19	train_loss: 0.0980 train_auc: 0.8891	val_loss: 0.0839 val_auc: 0.8073	test_loss: 0.1274 test_auc: 0.7745
train: {'epoch': 27, 'time_epoch': 114.4178, 'eta': 7751.59861, 'eta_hours': 2.15322, 'loss': 0.08874083, 'lr': 8.734e-05, 'params': 558673, 'time_iter': 0.11119, 'accuracy': 0.97356, 'precision': 0.76006, 'recall': 0.42938, 'f1': 0.54876, 'auc': 0.92289}
val: {'epoch': 27, 'time_epoch': 3.92882, 'loss': 0.08152811, 'lr': 0, 'params': 558673, 'time_iter': 0.03046, 'accuracy': 0.98274, 'precision': 0.64706, 'recall': 0.2716, 'f1': 0.38261, 'auc': 0.76194}
test: {'epoch': 27, 'time_epoch': 3.85435, 'loss': 0.13022877, 'lr': 0, 'params': 558673, 'time_iter': 0.02988, 'accuracy': 0.96985, 'precision': 0.55357, 'recall': 0.23846, 'f1': 0.33333, 'auc': 0.765}
> Epoch 27: took 122.4s (avg 115.3s) | Best so far: epoch 19	train_loss: 0.0980 train_auc: 0.8891	val_loss: 0.0839 val_auc: 0.8073	test_loss: 0.1274 test_auc: 0.7745
train: {'epoch': 28, 'time_epoch': 114.35391, 'eta': 7660.32337, 'eta_hours': 2.12787, 'loss': 0.08619055, 'lr': 8.622e-05, 'params': 558673, 'time_iter': 0.11113, 'accuracy': 0.97407, 'precision': 0.77266, 'recall': 0.43588, 'f1': 0.55734, 'auc': 0.92801}
val: {'epoch': 28, 'time_epoch': 3.91144, 'loss': 0.0954683, 'lr': 0, 'params': 558673, 'time_iter': 0.03032, 'accuracy': 0.97593, 'precision': 0.37143, 'recall': 0.32099, 'f1': 0.34437, 'auc': 0.76475}
test: {'epoch': 28, 'time_epoch': 3.98882, 'loss': 0.13583699, 'lr': 0, 'params': 558673, 'time_iter': 0.03092, 'accuracy': 0.96645, 'precision': 0.45652, 'recall': 0.32308, 'f1': 0.37838, 'auc': 0.77446}
> Epoch 28: took 122.4s (avg 115.6s) | Best so far: epoch 19	train_loss: 0.0980 train_auc: 0.8891	val_loss: 0.0839 val_auc: 0.8073	test_loss: 0.1274 test_auc: 0.7745
train: {'epoch': 29, 'time_epoch': 111.88534, 'eta': 7561.74956, 'eta_hours': 2.10049, 'loss': 0.08642827, 'lr': 8.506e-05, 'params': 558673, 'time_iter': 0.10873, 'accuracy': 0.97404, 'precision': 0.76105, 'recall': 0.44724, 'f1': 0.56339, 'auc': 0.92632}
val: {'epoch': 29, 'time_epoch': 3.70285, 'loss': 0.08307418, 'lr': 0, 'params': 558673, 'time_iter': 0.0287, 'accuracy': 0.98225, 'precision': 0.58333, 'recall': 0.34568, 'f1': 0.43411, 'auc': 0.79749}
test: {'epoch': 29, 'time_epoch': 3.62898, 'loss': 0.13707173, 'lr': 0, 'params': 558673, 'time_iter': 0.02813, 'accuracy': 0.96961, 'precision': 0.53521, 'recall': 0.29231, 'f1': 0.37811, 'auc': 0.76995}
> Epoch 29: took 119.4s (avg 115.7s) | Best so far: epoch 19	train_loss: 0.0980 train_auc: 0.8891	val_loss: 0.0839 val_auc: 0.8073	test_loss: 0.1274 test_auc: 0.7745
train: {'epoch': 30, 'time_epoch': 104.34396, 'eta': 7445.5313, 'eta_hours': 2.0682, 'loss': 0.08340629, 'lr': 8.386e-05, 'params': 558673, 'time_iter': 0.1014, 'accuracy': 0.97489, 'precision': 0.77432, 'recall': 0.4651, 'f1': 0.58114, 'auc': 0.93426}
val: {'epoch': 30, 'time_epoch': 3.63683, 'loss': 0.0988156, 'lr': 0, 'params': 558673, 'time_iter': 0.02819, 'accuracy': 0.97812, 'precision': 0.43478, 'recall': 0.37037, 'f1': 0.4, 'auc': 0.73389}
test: {'epoch': 30, 'time_epoch': 3.65772, 'loss': 0.13964909, 'lr': 0, 'params': 558673, 'time_iter': 0.02835, 'accuracy': 0.96718, 'precision': 0.46667, 'recall': 0.26923, 'f1': 0.34146, 'auc': 0.76036}
> Epoch 30: took 111.8s (avg 115.6s) | Best so far: epoch 19	train_loss: 0.0980 train_auc: 0.8891	val_loss: 0.0839 val_auc: 0.8073	test_loss: 0.1274 test_auc: 0.7745
train: {'epoch': 31, 'time_epoch': 103.80127, 'eta': 7328.90196, 'eta_hours': 2.03581, 'loss': 0.08297332, 'lr': 8.263e-05, 'params': 558673, 'time_iter': 0.10088, 'accuracy': 0.97453, 'precision': 0.7655, 'recall': 0.46104, 'f1': 0.57548, 'auc': 0.93911}
val: {'epoch': 31, 'time_epoch': 3.62791, 'loss': 0.0923507, 'lr': 0, 'params': 558673, 'time_iter': 0.02812, 'accuracy': 0.98177, 'precision': 0.56818, 'recall': 0.30864, 'f1': 0.4, 'auc': 0.77695}
test: {'epoch': 31, 'time_epoch': 3.65028, 'loss': 0.14404227, 'lr': 0, 'params': 558673, 'time_iter': 0.0283, 'accuracy': 0.96839, 'precision': 0.5, 'recall': 0.32308, 'f1': 0.39252, 'auc': 0.76111}
> Epoch 31: took 111.2s (avg 115.5s) | Best so far: epoch 19	train_loss: 0.0980 train_auc: 0.8891	val_loss: 0.0839 val_auc: 0.8073	test_loss: 0.1274 test_auc: 0.7745
train: {'epoch': 32, 'time_epoch': 103.25187, 'eta': 7211.93464, 'eta_hours': 2.00332, 'loss': 0.0820489, 'lr': 8.136e-05, 'params': 558673, 'time_iter': 0.10034, 'accuracy': 0.97496, 'precision': 0.772, 'recall': 0.46997, 'f1': 0.58426, 'auc': 0.93972}
val: {'epoch': 32, 'time_epoch': 3.59486, 'loss': 0.08781057, 'lr': 0, 'params': 558673, 'time_iter': 0.02787, 'accuracy': 0.98104, 'precision': 0.53061, 'recall': 0.32099, 'f1': 0.4, 'auc': 0.7701}
test: {'epoch': 32, 'time_epoch': 3.51715, 'loss': 0.13551932, 'lr': 0, 'params': 558673, 'time_iter': 0.02726, 'accuracy': 0.96815, 'precision': 0.49351, 'recall': 0.29231, 'f1': 0.36715, 'auc': 0.76921}
> Epoch 32: took 110.5s (avg 115.3s) | Best so far: epoch 19	train_loss: 0.0980 train_auc: 0.8891	val_loss: 0.0839 val_auc: 0.8073	test_loss: 0.1274 test_auc: 0.7745
train: {'epoch': 33, 'time_epoch': 103.29259, 'eta': 7095.85316, 'eta_hours': 1.97107, 'loss': 0.08124067, 'lr': 8.005e-05, 'params': 558673, 'time_iter': 0.10038, 'accuracy': 0.97532, 'precision': 0.78767, 'recall': 0.46672, 'f1': 0.58614, 'auc': 0.94018}
val: {'epoch': 33, 'time_epoch': 3.62065, 'loss': 0.09550699, 'lr': 0, 'params': 558673, 'time_iter': 0.02807, 'accuracy': 0.97982, 'precision': 0.48276, 'recall': 0.34568, 'f1': 0.40288, 'auc': 0.77303}
test: {'epoch': 33, 'time_epoch': 3.73314, 'loss': 0.13912691, 'lr': 0, 'params': 558673, 'time_iter': 0.02894, 'accuracy': 0.96645, 'precision': 0.45238, 'recall': 0.29231, 'f1': 0.35514, 'auc': 0.78021}
> Epoch 33: took 110.8s (avg 115.2s) | Best so far: epoch 19	train_loss: 0.0980 train_auc: 0.8891	val_loss: 0.0839 val_auc: 0.8073	test_loss: 0.1274 test_auc: 0.7745
train: {'epoch': 34, 'time_epoch': 104.62094, 'eta': 6982.96941, 'eta_hours': 1.93971, 'loss': 0.08003686, 'lr': 7.872e-05, 'params': 558673, 'time_iter': 0.10167, 'accuracy': 0.97581, 'precision': 0.7876, 'recall': 0.48458, 'f1': 0.6, 'auc': 0.94221}
val: {'epoch': 34, 'time_epoch': 4.02414, 'loss': 0.08518786, 'lr': 0, 'params': 558673, 'time_iter': 0.03119, 'accuracy': 0.98104, 'precision': 0.5283, 'recall': 0.34568, 'f1': 0.41791, 'auc': 0.78943}
test: {'epoch': 34, 'time_epoch': 3.96336, 'loss': 0.13910286, 'lr': 0, 'params': 558673, 'time_iter': 0.03072, 'accuracy': 0.96523, 'precision': 0.4058, 'recall': 0.21538, 'f1': 0.28141, 'auc': 0.76644}
> Epoch 34: took 112.8s (avg 115.1s) | Best so far: epoch 19	train_loss: 0.0980 train_auc: 0.8891	val_loss: 0.0839 val_auc: 0.8073	test_loss: 0.1274 test_auc: 0.7745
train: {'epoch': 35, 'time_epoch': 105.05712, 'eta': 6871.32013, 'eta_hours': 1.9087, 'loss': 0.07893925, 'lr': 7.735e-05, 'params': 558673, 'time_iter': 0.1021, 'accuracy': 0.97532, 'precision': 0.77778, 'recall': 0.47727, 'f1': 0.59155, 'auc': 0.94686}
val: {'epoch': 35, 'time_epoch': 3.60538, 'loss': 0.09488342, 'lr': 0, 'params': 558673, 'time_iter': 0.02795, 'accuracy': 0.97933, 'precision': 0.46667, 'recall': 0.34568, 'f1': 0.39716, 'auc': 0.76231}
test: {'epoch': 35, 'time_epoch': 3.57593, 'loss': 0.14500279, 'lr': 0, 'params': 558673, 'time_iter': 0.02772, 'accuracy': 0.96937, 'precision': 0.53448, 'recall': 0.23846, 'f1': 0.32979, 'auc': 0.77197}
> Epoch 35: took 112.4s (avg 115.0s) | Best so far: epoch 19	train_loss: 0.0980 train_auc: 0.8891	val_loss: 0.0839 val_auc: 0.8073	test_loss: 0.1274 test_auc: 0.7745
train: {'epoch': 36, 'time_epoch': 103.87677, 'eta': 6758.0174, 'eta_hours': 1.87723, 'loss': 0.07585706, 'lr': 7.595e-05, 'params': 558673, 'time_iter': 0.10095, 'accuracy': 0.97599, 'precision': 0.78189, 'recall': 0.49756, 'f1': 0.60813, 'auc': 0.95301}
val: {'epoch': 36, 'time_epoch': 3.55939, 'loss': 0.09087238, 'lr': 0, 'params': 558673, 'time_iter': 0.02759, 'accuracy': 0.98031, 'precision': 0.5, 'recall': 0.33333, 'f1': 0.4, 'auc': 0.78322}
test: {'epoch': 36, 'time_epoch': 3.58669, 'loss': 0.1434728, 'lr': 0, 'params': 558673, 'time_iter': 0.0278, 'accuracy': 0.96839, 'precision': 0.5, 'recall': 0.33077, 'f1': 0.39815, 'auc': 0.76529}
> Epoch 36: took 111.2s (avg 114.9s) | Best so far: epoch 19	train_loss: 0.0980 train_auc: 0.8891	val_loss: 0.0839 val_auc: 0.8073	test_loss: 0.1274 test_auc: 0.7745
train: {'epoch': 37, 'time_epoch': 101.97349, 'eta': 6642.10542, 'eta_hours': 1.84503, 'loss': 0.07730263, 'lr': 7.452e-05, 'params': 558673, 'time_iter': 0.0991, 'accuracy': 0.97599, 'precision': 0.78046, 'recall': 0.49919, 'f1': 0.60891, 'auc': 0.94995}
val: {'epoch': 37, 'time_epoch': 3.60129, 'loss': 0.08899473, 'lr': 0, 'params': 558673, 'time_iter': 0.02792, 'accuracy': 0.97836, 'precision': 0.43103, 'recall': 0.30864, 'f1': 0.35971, 'auc': 0.80489}
test: {'epoch': 37, 'time_epoch': 3.54138, 'loss': 0.15012484, 'lr': 0, 'params': 558673, 'time_iter': 0.02745, 'accuracy': 0.96596, 'precision': 0.41935, 'recall': 0.2, 'f1': 0.27083, 'auc': 0.76106}
> Epoch 37: took 109.3s (avg 114.8s) | Best so far: epoch 19	train_loss: 0.0980 train_auc: 0.8891	val_loss: 0.0839 val_auc: 0.8073	test_loss: 0.1274 test_auc: 0.7745
train: {'epoch': 38, 'time_epoch': 101.28513, 'eta': 6525.83157, 'eta_hours': 1.81273, 'loss': 0.07429642, 'lr': 7.307e-05, 'params': 558673, 'time_iter': 0.09843, 'accuracy': 0.97757, 'precision': 0.80798, 'recall': 0.52597, 'f1': 0.63717, 'auc': 0.9538}
val: {'epoch': 38, 'time_epoch': 3.55503, 'loss': 0.08885216, 'lr': 0, 'params': 558673, 'time_iter': 0.02756, 'accuracy': 0.98006, 'precision': 0.48571, 'recall': 0.20988, 'f1': 0.2931, 'auc': 0.78752}
test: {'epoch': 38, 'time_epoch': 3.52291, 'loss': 0.14190887, 'lr': 0, 'params': 558673, 'time_iter': 0.02731, 'accuracy': 0.96985, 'precision': 0.57143, 'recall': 0.18462, 'f1': 0.27907, 'auc': 0.77167}
> Epoch 38: took 108.5s (avg 114.6s) | Best so far: epoch 19	train_loss: 0.0980 train_auc: 0.8891	val_loss: 0.0839 val_auc: 0.8073	test_loss: 0.1274 test_auc: 0.7745
train: {'epoch': 39, 'time_epoch': 101.81692, 'eta': 6411.10483, 'eta_hours': 1.78086, 'loss': 0.07480587, 'lr': 7.159e-05, 'params': 558673, 'time_iter': 0.09895, 'accuracy': 0.97617, 'precision': 0.79708, 'recall': 0.48782, 'f1': 0.60524, 'auc': 0.95371}
val: {'epoch': 39, 'time_epoch': 3.54546, 'loss': 0.09890986, 'lr': 0, 'params': 558673, 'time_iter': 0.02748, 'accuracy': 0.9752, 'precision': 0.33333, 'recall': 0.25926, 'f1': 0.29167, 'auc': 0.80042}
test: {'epoch': 39, 'time_epoch': 3.42916, 'loss': 0.15329567, 'lr': 0, 'params': 558673, 'time_iter': 0.02658, 'accuracy': 0.96937, 'precision': 0.52703, 'recall': 0.3, 'f1': 0.38235, 'auc': 0.77163}
> Epoch 39: took 108.9s (avg 114.5s) | Best so far: epoch 19	train_loss: 0.0980 train_auc: 0.8891	val_loss: 0.0839 val_auc: 0.8073	test_loss: 0.1274 test_auc: 0.7745
train: {'epoch': 40, 'time_epoch': 100.2004, 'eta': 6294.68163, 'eta_hours': 1.74852, 'loss': 0.0729319, 'lr': 7.008e-05, 'params': 558673, 'time_iter': 0.09738, 'accuracy': 0.97641, 'precision': 0.7767, 'recall': 0.51948, 'f1': 0.62257, 'auc': 0.9568}
val: {'epoch': 40, 'time_epoch': 3.53353, 'loss': 0.09381222, 'lr': 0, 'params': 558673, 'time_iter': 0.02739, 'accuracy': 0.9786, 'precision': 0.44068, 'recall': 0.32099, 'f1': 0.37143, 'auc': 0.79064}
test: {'epoch': 40, 'time_epoch': 3.52428, 'loss': 0.15192317, 'lr': 0, 'params': 558673, 'time_iter': 0.02732, 'accuracy': 0.96742, 'precision': 0.47619, 'recall': 0.30769, 'f1': 0.37383, 'auc': 0.76731}
> Epoch 40: took 107.4s (avg 114.3s) | Best so far: epoch 19	train_loss: 0.0980 train_auc: 0.8891	val_loss: 0.0839 val_auc: 0.8073	test_loss: 0.1274 test_auc: 0.7745
train: {'epoch': 41, 'time_epoch': 100.49626, 'eta': 6179.43951, 'eta_hours': 1.71651, 'loss': 0.07190107, 'lr': 6.856e-05, 'params': 558673, 'time_iter': 0.09766, 'accuracy': 0.97681, 'precision': 0.78563, 'recall': 0.52354, 'f1': 0.62835, 'auc': 0.9595}
val: {'epoch': 41, 'time_epoch': 3.54519, 'loss': 0.09205062, 'lr': 0, 'params': 558673, 'time_iter': 0.02748, 'accuracy': 0.98055, 'precision': 0.51111, 'recall': 0.28395, 'f1': 0.36508, 'auc': 0.79605}
test: {'epoch': 41, 'time_epoch': 3.42937, 'loss': 0.1540754, 'lr': 0, 'params': 558673, 'time_iter': 0.02658, 'accuracy': 0.96791, 'precision': 0.48485, 'recall': 0.24615, 'f1': 0.32653, 'auc': 0.75891}
> Epoch 41: took 107.6s (avg 114.1s) | Best so far: epoch 19	train_loss: 0.0980 train_auc: 0.8891	val_loss: 0.0839 val_auc: 0.8073	test_loss: 0.1274 test_auc: 0.7745
train: {'epoch': 42, 'time_epoch': 100.28829, 'eta': 6064.60757, 'eta_hours': 1.68461, 'loss': 0.07018328, 'lr': 6.701e-05, 'params': 558673, 'time_iter': 0.09746, 'accuracy': 0.97818, 'precision': 0.81114, 'recall': 0.54383, 'f1': 0.65112, 'auc': 0.96199}
val: {'epoch': 42, 'time_epoch': 3.46449, 'loss': 0.09913691, 'lr': 0, 'params': 558673, 'time_iter': 0.02686, 'accuracy': 0.97885, 'precision': 0.44643, 'recall': 0.30864, 'f1': 0.36496, 'auc': 0.77494}
test: {'epoch': 42, 'time_epoch': 3.48972, 'loss': 0.15816909, 'lr': 0, 'params': 558673, 'time_iter': 0.02705, 'accuracy': 0.96791, 'precision': 0.48148, 'recall': 0.2, 'f1': 0.28261, 'auc': 0.76041}
> Epoch 42: took 107.4s (avg 114.0s) | Best so far: epoch 19	train_loss: 0.0980 train_auc: 0.8891	val_loss: 0.0839 val_auc: 0.8073	test_loss: 0.1274 test_auc: 0.7745
train: {'epoch': 43, 'time_epoch': 98.69897, 'eta': 5948.41393, 'eta_hours': 1.65234, 'loss': 0.06967565, 'lr': 6.545e-05, 'params': 558673, 'time_iter': 0.09592, 'accuracy': 0.97799, 'precision': 0.80383, 'recall': 0.54545, 'f1': 0.6499, 'auc': 0.96271}
val: {'epoch': 43, 'time_epoch': 3.3722, 'loss': 0.10445151, 'lr': 0, 'params': 558673, 'time_iter': 0.02614, 'accuracy': 0.9769, 'precision': 0.4, 'recall': 0.34568, 'f1': 0.37086, 'auc': 0.76707}
test: {'epoch': 43, 'time_epoch': 3.3575, 'loss': 0.16061846, 'lr': 0, 'params': 558673, 'time_iter': 0.02603, 'accuracy': 0.96742, 'precision': 0.46429, 'recall': 0.2, 'f1': 0.27957, 'auc': 0.75989}
> Epoch 43: took 105.6s (avg 113.8s) | Best so far: epoch 19	train_loss: 0.0980 train_auc: 0.8891	val_loss: 0.0839 val_auc: 0.8073	test_loss: 0.1274 test_auc: 0.7745
train: {'epoch': 44, 'time_epoch': 96.49793, 'eta': 5830.30768, 'eta_hours': 1.61953, 'loss': 0.06741375, 'lr': 6.387e-05, 'params': 558673, 'time_iter': 0.09378, 'accuracy': 0.97793, 'precision': 0.80263, 'recall': 0.54464, 'f1': 0.64894, 'auc': 0.96568}
val: {'epoch': 44, 'time_epoch': 3.34151, 'loss': 0.10037104, 'lr': 0, 'params': 558673, 'time_iter': 0.0259, 'accuracy': 0.97958, 'precision': 0.47368, 'recall': 0.33333, 'f1': 0.3913, 'auc': 0.76545}
test: {'epoch': 44, 'time_epoch': 3.35918, 'loss': 0.16584229, 'lr': 0, 'params': 558673, 'time_iter': 0.02604, 'accuracy': 0.96815, 'precision': 0.49091, 'recall': 0.20769, 'f1': 0.29189, 'auc': 0.75699}
> Epoch 44: took 103.3s (avg 113.6s) | Best so far: epoch 19	train_loss: 0.0980 train_auc: 0.8891	val_loss: 0.0839 val_auc: 0.8073	test_loss: 0.1274 test_auc: 0.7745
train: {'epoch': 45, 'time_epoch': 94.84219, 'eta': 5711.19722, 'eta_hours': 1.58644, 'loss': 0.06624699, 'lr': 6.227e-05, 'params': 558673, 'time_iter': 0.09217, 'accuracy': 0.97836, 'precision': 0.80879, 'recall': 0.55276, 'f1': 0.6567, 'auc': 0.96814}
val: {'epoch': 45, 'time_epoch': 3.29854, 'loss': 0.10166595, 'lr': 0, 'params': 558673, 'time_iter': 0.02557, 'accuracy': 0.97836, 'precision': 0.42857, 'recall': 0.2963, 'f1': 0.35036, 'auc': 0.77045}
test: {'epoch': 45, 'time_epoch': 3.36643, 'loss': 0.16807583, 'lr': 0, 'params': 558673, 'time_iter': 0.0261, 'accuracy': 0.96645, 'precision': 0.42308, 'recall': 0.16923, 'f1': 0.24176, 'auc': 0.74217}
> Epoch 45: took 101.6s (avg 113.3s) | Best so far: epoch 19	train_loss: 0.0980 train_auc: 0.8891	val_loss: 0.0839 val_auc: 0.8073	test_loss: 0.1274 test_auc: 0.7745
train: {'epoch': 46, 'time_epoch': 94.44802, 'eta': 5592.67497, 'eta_hours': 1.55352, 'loss': 0.06648783, 'lr': 6.066e-05, 'params': 558673, 'time_iter': 0.09179, 'accuracy': 0.97866, 'precision': 0.806, 'recall': 0.56656, 'f1': 0.6654, 'auc': 0.96715}
val: {'epoch': 46, 'time_epoch': 3.25648, 'loss': 0.09964515, 'lr': 0, 'params': 558673, 'time_iter': 0.02524, 'accuracy': 0.97715, 'precision': 0.39344, 'recall': 0.2963, 'f1': 0.33803, 'auc': 0.77756}
test: {'epoch': 46, 'time_epoch': 3.39897, 'loss': 0.15942163, 'lr': 0, 'params': 558673, 'time_iter': 0.02635, 'accuracy': 0.96523, 'precision': 0.43299, 'recall': 0.32308, 'f1': 0.37004, 'auc': 0.75454}
> Epoch 46: took 101.2s (avg 113.0s) | Best so far: epoch 19	train_loss: 0.0980 train_auc: 0.8891	val_loss: 0.0839 val_auc: 0.8073	test_loss: 0.1274 test_auc: 0.7745
train: {'epoch': 47, 'time_epoch': 94.08667, 'eta': 5474.76434, 'eta_hours': 1.52077, 'loss': 0.06605922, 'lr': 5.904e-05, 'params': 558673, 'time_iter': 0.09144, 'accuracy': 0.9783, 'precision': 0.80186, 'recall': 0.55844, 'f1': 0.65837, 'auc': 0.9682}
val: {'epoch': 47, 'time_epoch': 3.33785, 'loss': 0.10035811, 'lr': 0, 'params': 558673, 'time_iter': 0.02587, 'accuracy': 0.97788, 'precision': 0.43056, 'recall': 0.38272, 'f1': 0.40523, 'auc': 0.78266}
test: {'epoch': 47, 'time_epoch': 3.31875, 'loss': 0.15897262, 'lr': 0, 'params': 558673, 'time_iter': 0.02573, 'accuracy': 0.96669, 'precision': 0.45455, 'recall': 0.26923, 'f1': 0.33816, 'auc': 0.77471}
> Epoch 47: took 100.9s (avg 112.8s) | Best so far: epoch 19	train_loss: 0.0980 train_auc: 0.8891	val_loss: 0.0839 val_auc: 0.8073	test_loss: 0.1274 test_auc: 0.7745
train: {'epoch': 48, 'time_epoch': 94.90977, 'eta': 5358.68282, 'eta_hours': 1.48852, 'loss': 0.06712474, 'lr': 5.741e-05, 'params': 558673, 'time_iter': 0.09223, 'accuracy': 0.9786, 'precision': 0.80769, 'recall': 0.5625, 'f1': 0.66316, 'auc': 0.9684}
val: {'epoch': 48, 'time_epoch': 3.3894, 'loss': 0.10077957, 'lr': 0, 'params': 558673, 'time_iter': 0.02627, 'accuracy': 0.97885, 'precision': 0.45, 'recall': 0.33333, 'f1': 0.38298, 'auc': 0.76574}
test: {'epoch': 48, 'time_epoch': 3.35998, 'loss': 0.1653554, 'lr': 0, 'params': 558673, 'time_iter': 0.02605, 'accuracy': 0.96742, 'precision': 0.46552, 'recall': 0.20769, 'f1': 0.28723, 'auc': 0.75565}
> Epoch 48: took 101.8s (avg 112.6s) | Best so far: epoch 19	train_loss: 0.0980 train_auc: 0.8891	val_loss: 0.0839 val_auc: 0.8073	test_loss: 0.1274 test_auc: 0.7745
train: {'epoch': 49, 'time_epoch': 95.92219, 'eta': 5244.46059, 'eta_hours': 1.45679, 'loss': 0.06520851, 'lr': 5.577e-05, 'params': 558673, 'time_iter': 0.09322, 'accuracy': 0.97903, 'precision': 0.81808, 'recall': 0.56575, 'f1': 0.66891, 'auc': 0.96848}
val: {'epoch': 49, 'time_epoch': 3.36028, 'loss': 0.10265864, 'lr': 0, 'params': 558673, 'time_iter': 0.02605, 'accuracy': 0.97666, 'precision': 0.39726, 'recall': 0.35802, 'f1': 0.37662, 'auc': 0.78937}
test: {'epoch': 49, 'time_epoch': 3.33219, 'loss': 0.16840872, 'lr': 0, 'params': 558673, 'time_iter': 0.02583, 'accuracy': 0.96548, 'precision': 0.42683, 'recall': 0.26923, 'f1': 0.33019, 'auc': 0.76675}
> Epoch 49: took 102.8s (avg 112.4s) | Best so far: epoch 19	train_loss: 0.0980 train_auc: 0.8891	val_loss: 0.0839 val_auc: 0.8073	test_loss: 0.1274 test_auc: 0.7745
train: {'epoch': 50, 'time_epoch': 95.1741, 'eta': 5130.23725, 'eta_hours': 1.42507, 'loss': 0.06214686, 'lr': 5.413e-05, 'params': 558673, 'time_iter': 0.09249, 'accuracy': 0.97906, 'precision': 0.8054, 'recall': 0.58117, 'f1': 0.67515, 'auc': 0.97494}
val: {'epoch': 50, 'time_epoch': 3.30606, 'loss': 0.09801088, 'lr': 0, 'params': 558673, 'time_iter': 0.02563, 'accuracy': 0.98006, 'precision': 0.4918, 'recall': 0.37037, 'f1': 0.42254, 'auc': 0.78806}
test: {'epoch': 50, 'time_epoch': 3.34249, 'loss': 0.1730408, 'lr': 0, 'params': 558673, 'time_iter': 0.02591, 'accuracy': 0.96815, 'precision': 0.49333, 'recall': 0.28462, 'f1': 0.36098, 'auc': 0.75405}
> Epoch 50: took 102.0s (avg 112.2s) | Best so far: epoch 19	train_loss: 0.0980 train_auc: 0.8891	val_loss: 0.0839 val_auc: 0.8073	test_loss: 0.1274 test_auc: 0.7745
train: {'epoch': 51, 'time_epoch': 94.31743, 'eta': 5015.9558, 'eta_hours': 1.39332, 'loss': 0.06203245, 'lr': 5.248e-05, 'params': 558673, 'time_iter': 0.09166, 'accuracy': 0.97997, 'precision': 0.83275, 'recall': 0.58198, 'f1': 0.68514, 'auc': 0.97397}
val: {'epoch': 51, 'time_epoch': 3.28736, 'loss': 0.11505505, 'lr': 0, 'params': 558673, 'time_iter': 0.02548, 'accuracy': 0.97471, 'precision': 0.34667, 'recall': 0.32099, 'f1': 0.33333, 'auc': 0.77598}
test: {'epoch': 51, 'time_epoch': 3.29304, 'loss': 0.17784794, 'lr': 0, 'params': 558673, 'time_iter': 0.02553, 'accuracy': 0.96572, 'precision': 0.42254, 'recall': 0.23077, 'f1': 0.29851, 'auc': 0.76722}
> Epoch 51: took 101.0s (avg 112.0s) | Best so far: epoch 19	train_loss: 0.0980 train_auc: 0.8891	val_loss: 0.0839 val_auc: 0.8073	test_loss: 0.1274 test_auc: 0.7745
train: {'epoch': 52, 'time_epoch': 95.11184, 'eta': 4903.13219, 'eta_hours': 1.36198, 'loss': 0.06287033, 'lr': 5.083e-05, 'params': 558673, 'time_iter': 0.09243, 'accuracy': 0.97954, 'precision': 0.81159, 'recall': 0.59091, 'f1': 0.68389, 'auc': 0.97411}
val: {'epoch': 52, 'time_epoch': 3.37195, 'loss': 0.10940575, 'lr': 0, 'params': 558673, 'time_iter': 0.02614, 'accuracy': 0.97471, 'precision': 0.35065, 'recall': 0.33333, 'f1': 0.34177, 'auc': 0.78201}
test: {'epoch': 52, 'time_epoch': 3.33562, 'loss': 0.17555551, 'lr': 0, 'params': 558673, 'time_iter': 0.02586, 'accuracy': 0.96596, 'precision': 0.44048, 'recall': 0.28462, 'f1': 0.34579, 'auc': 0.76754}
> Epoch 52: took 102.0s (avg 111.8s) | Best so far: epoch 19	train_loss: 0.0980 train_auc: 0.8891	val_loss: 0.0839 val_auc: 0.8073	test_loss: 0.1274 test_auc: 0.7745
train: {'epoch': 53, 'time_epoch': 94.43475, 'eta': 4790.38779, 'eta_hours': 1.33066, 'loss': 0.05758555, 'lr': 4.917e-05, 'params': 558673, 'time_iter': 0.09177, 'accuracy': 0.98079, 'precision': 0.83937, 'recall': 0.60227, 'f1': 0.70132, 'auc': 0.97856}
val: {'epoch': 53, 'time_epoch': 3.34932, 'loss': 0.1058381, 'lr': 0, 'params': 558673, 'time_iter': 0.02596, 'accuracy': 0.97836, 'precision': 0.44595, 'recall': 0.40741, 'f1': 0.42581, 'auc': 0.77369}
test: {'epoch': 53, 'time_epoch': 3.48232, 'loss': 0.17265773, 'lr': 0, 'params': 558673, 'time_iter': 0.02699, 'accuracy': 0.96864, 'precision': 0.50704, 'recall': 0.27692, 'f1': 0.35821, 'auc': 0.76854}
> Epoch 53: took 101.4s (avg 111.6s) | Best so far: epoch 19	train_loss: 0.0980 train_auc: 0.8891	val_loss: 0.0839 val_auc: 0.8073	test_loss: 0.1274 test_auc: 0.7745
train: {'epoch': 54, 'time_epoch': 94.86048, 'eta': 4678.65752, 'eta_hours': 1.29963, 'loss': 0.05905983, 'lr': 4.752e-05, 'params': 558673, 'time_iter': 0.09219, 'accuracy': 0.98058, 'precision': 0.82193, 'recall': 0.61445, 'f1': 0.7032, 'auc': 0.97679}
val: {'epoch': 54, 'time_epoch': 3.38219, 'loss': 0.11183178, 'lr': 0, 'params': 558673, 'time_iter': 0.02622, 'accuracy': 0.97885, 'precision': 0.44828, 'recall': 0.32099, 'f1': 0.3741, 'auc': 0.76868}
test: {'epoch': 54, 'time_epoch': 3.45717, 'loss': 0.18140697, 'lr': 0, 'params': 558673, 'time_iter': 0.0268, 'accuracy': 0.96864, 'precision': 0.50649, 'recall': 0.3, 'f1': 0.37681, 'auc': 0.7641}
> Epoch 54: took 101.8s (avg 111.4s) | Best so far: epoch 19	train_loss: 0.0980 train_auc: 0.8891	val_loss: 0.0839 val_auc: 0.8073	test_loss: 0.1274 test_auc: 0.7745
train: {'epoch': 55, 'time_epoch': 100.17151, 'eta': 4571.7027, 'eta_hours': 1.26992, 'loss': 0.05884005, 'lr': 4.587e-05, 'params': 558673, 'time_iter': 0.09735, 'accuracy': 0.9807, 'precision': 0.83502, 'recall': 0.6039, 'f1': 0.70089, 'auc': 0.97783}
val: {'epoch': 55, 'time_epoch': 3.50204, 'loss': 0.11850245, 'lr': 0, 'params': 558673, 'time_iter': 0.02715, 'accuracy': 0.97593, 'precision': 0.38462, 'recall': 0.37037, 'f1': 0.37736, 'auc': 0.78248}
test: {'epoch': 55, 'time_epoch': 3.41009, 'loss': 0.18426404, 'lr': 0, 'params': 558673, 'time_iter': 0.02643, 'accuracy': 0.96426, 'precision': 0.41237, 'recall': 0.30769, 'f1': 0.35242, 'auc': 0.77245}
> Epoch 55: took 107.2s (avg 111.3s) | Best so far: epoch 19	train_loss: 0.0980 train_auc: 0.8891	val_loss: 0.0839 val_auc: 0.8073	test_loss: 0.1274 test_auc: 0.7745
train: {'epoch': 56, 'time_epoch': 97.44112, 'eta': 4462.92611, 'eta_hours': 1.2397, 'loss': 0.05636647, 'lr': 4.423e-05, 'params': 558673, 'time_iter': 0.09469, 'accuracy': 0.98131, 'precision': 0.84088, 'recall': 0.61769, 'f1': 0.71221, 'auc': 0.97982}
val: {'epoch': 56, 'time_epoch': 3.53495, 'loss': 0.10406954, 'lr': 0, 'params': 558673, 'time_iter': 0.0274, 'accuracy': 0.97885, 'precision': 0.45455, 'recall': 0.37037, 'f1': 0.40816, 'auc': 0.77977}
test: {'epoch': 56, 'time_epoch': 3.33086, 'loss': 0.1720425, 'lr': 0, 'params': 558673, 'time_iter': 0.02582, 'accuracy': 0.96961, 'precision': 0.53731, 'recall': 0.27692, 'f1': 0.36548, 'auc': 0.75879}
> Epoch 56: took 104.4s (avg 111.2s) | Best so far: epoch 19	train_loss: 0.0980 train_auc: 0.8891	val_loss: 0.0839 val_auc: 0.8073	test_loss: 0.1274 test_auc: 0.7745
train: {'epoch': 57, 'time_epoch': 94.54173, 'eta': 4352.44085, 'eta_hours': 1.20901, 'loss': 0.05811302, 'lr': 4.259e-05, 'params': 558673, 'time_iter': 0.09188, 'accuracy': 0.98058, 'precision': 0.82475, 'recall': 0.6112, 'f1': 0.7021, 'auc': 0.97971}
val: {'epoch': 57, 'time_epoch': 3.47347, 'loss': 0.10466092, 'lr': 0, 'params': 558673, 'time_iter': 0.02693, 'accuracy': 0.97836, 'precision': 0.44286, 'recall': 0.38272, 'f1': 0.4106, 'auc': 0.79508}
test: {'epoch': 57, 'time_epoch': 3.32488, 'loss': 0.1772397, 'lr': 0, 'params': 558673, 'time_iter': 0.02577, 'accuracy': 0.96766, 'precision': 0.48101, 'recall': 0.29231, 'f1': 0.36364, 'auc': 0.77163}
> Epoch 57: took 101.5s (avg 111.0s) | Best so far: epoch 19	train_loss: 0.0980 train_auc: 0.8891	val_loss: 0.0839 val_auc: 0.8073	test_loss: 0.1274 test_auc: 0.7745
train: {'epoch': 58, 'time_epoch': 95.20865, 'eta': 4242.9595, 'eta_hours': 1.1786, 'loss': 0.05755698, 'lr': 4.096e-05, 'params': 558673, 'time_iter': 0.09253, 'accuracy': 0.98073, 'precision': 0.83075, 'recall': 0.60958, 'f1': 0.70318, 'auc': 0.9791}
val: {'epoch': 58, 'time_epoch': 3.23975, 'loss': 0.10645959, 'lr': 0, 'params': 558673, 'time_iter': 0.02511, 'accuracy': 0.9786, 'precision': 0.4507, 'recall': 0.39506, 'f1': 0.42105, 'auc': 0.79291}
test: {'epoch': 58, 'time_epoch': 3.32798, 'loss': 0.188448, 'lr': 0, 'params': 558673, 'time_iter': 0.0258, 'accuracy': 0.96693, 'precision': 0.46341, 'recall': 0.29231, 'f1': 0.35849, 'auc': 0.75965}
> Epoch 58: took 101.9s (avg 110.9s) | Best so far: epoch 19	train_loss: 0.0980 train_auc: 0.8891	val_loss: 0.0839 val_auc: 0.8073	test_loss: 0.1274 test_auc: 0.7745
train: {'epoch': 59, 'time_epoch': 94.25289, 'eta': 4133.31673, 'eta_hours': 1.14814, 'loss': 0.05435114, 'lr': 3.934e-05, 'params': 558673, 'time_iter': 0.0916, 'accuracy': 0.9821, 'precision': 0.83525, 'recall': 0.65016, 'f1': 0.73117, 'auc': 0.98166}
val: {'epoch': 59, 'time_epoch': 3.40583, 'loss': 0.11146096, 'lr': 0, 'params': 558673, 'time_iter': 0.0264, 'accuracy': 0.97715, 'precision': 0.40845, 'recall': 0.35802, 'f1': 0.38158, 'auc': 0.78901}
test: {'epoch': 59, 'time_epoch': 3.45992, 'loss': 0.20088391, 'lr': 0, 'params': 558673, 'time_iter': 0.02682, 'accuracy': 0.96766, 'precision': 0.47761, 'recall': 0.24615, 'f1': 0.32487, 'auc': 0.74882}
> Epoch 59: took 101.3s (avg 110.7s) | Best so far: epoch 19	train_loss: 0.0980 train_auc: 0.8891	val_loss: 0.0839 val_auc: 0.8073	test_loss: 0.1274 test_auc: 0.7745
train: {'epoch': 60, 'time_epoch': 96.15566, 'eta': 4025.39507, 'eta_hours': 1.11817, 'loss': 0.05537181, 'lr': 3.773e-05, 'params': 558673, 'time_iter': 0.09345, 'accuracy': 0.98149, 'precision': 0.83896, 'recall': 0.62581, 'f1': 0.71688, 'auc': 0.98139}
val: {'epoch': 60, 'time_epoch': 3.37107, 'loss': 0.11705789, 'lr': 0, 'params': 558673, 'time_iter': 0.02613, 'accuracy': 0.9769, 'precision': 0.39062, 'recall': 0.30864, 'f1': 0.34483, 'auc': 0.78317}
test: {'epoch': 60, 'time_epoch': 3.25779, 'loss': 0.19502089, 'lr': 0, 'params': 558673, 'time_iter': 0.02525, 'accuracy': 0.96864, 'precision': 0.50847, 'recall': 0.23077, 'f1': 0.31746, 'auc': 0.75815}
> Epoch 60: took 102.9s (avg 110.6s) | Best so far: epoch 19	train_loss: 0.0980 train_auc: 0.8891	val_loss: 0.0839 val_auc: 0.8073	test_loss: 0.1274 test_auc: 0.7745
train: {'epoch': 61, 'time_epoch': 95.21281, 'eta': 3917.27509, 'eta_hours': 1.08813, 'loss': 0.05644721, 'lr': 3.613e-05, 'params': 558673, 'time_iter': 0.09253, 'accuracy': 0.98067, 'precision': 0.83259, 'recall': 0.60552, 'f1': 0.70113, 'auc': 0.9807}
val: {'epoch': 61, 'time_epoch': 3.29098, 'loss': 0.11480641, 'lr': 0, 'params': 558673, 'time_iter': 0.02551, 'accuracy': 0.97374, 'precision': 0.34483, 'recall': 0.37037, 'f1': 0.35714, 'auc': 0.78096}
test: {'epoch': 61, 'time_epoch': 3.40238, 'loss': 0.18858161, 'lr': 0, 'params': 558673, 'time_iter': 0.02638, 'accuracy': 0.96548, 'precision': 0.42857, 'recall': 0.27692, 'f1': 0.33645, 'auc': 0.76738}
> Epoch 61: took 102.0s (avg 110.5s) | Best so far: epoch 19	train_loss: 0.0980 train_auc: 0.8891	val_loss: 0.0839 val_auc: 0.8073	test_loss: 0.1274 test_auc: 0.7745
train: {'epoch': 62, 'time_epoch': 94.23208, 'eta': 3808.98887, 'eta_hours': 1.05805, 'loss': 0.0537207, 'lr': 3.455e-05, 'params': 558673, 'time_iter': 0.09158, 'accuracy': 0.9814, 'precision': 0.82839, 'recall': 0.63474, 'f1': 0.71875, 'auc': 0.9834}
val: {'epoch': 62, 'time_epoch': 3.33586, 'loss': 0.11578159, 'lr': 0, 'params': 558673, 'time_iter': 0.02586, 'accuracy': 0.97642, 'precision': 0.37879, 'recall': 0.30864, 'f1': 0.34014, 'auc': 0.7745}
test: {'epoch': 62, 'time_epoch': 3.41676, 'loss': 0.19150903, 'lr': 0, 'params': 558673, 'time_iter': 0.02649, 'accuracy': 0.96596, 'precision': 0.4359, 'recall': 0.26154, 'f1': 0.32692, 'auc': 0.77206}
> Epoch 62: took 101.1s (avg 110.3s) | Best so far: epoch 19	train_loss: 0.0980 train_auc: 0.8891	val_loss: 0.0839 val_auc: 0.8073	test_loss: 0.1274 test_auc: 0.7745
train: {'epoch': 63, 'time_epoch': 95.95363, 'eta': 3702.11021, 'eta_hours': 1.02836, 'loss': 0.05266986, 'lr': 3.299e-05, 'params': 558673, 'time_iter': 0.09325, 'accuracy': 0.98277, 'precision': 0.84744, 'recall': 0.65828, 'f1': 0.74098, 'auc': 0.98344}
val: {'epoch': 63, 'time_epoch': 3.33326, 'loss': 0.11433852, 'lr': 0, 'params': 558673, 'time_iter': 0.02584, 'accuracy': 0.97253, 'precision': 0.32222, 'recall': 0.35802, 'f1': 0.33918, 'auc': 0.80373}
test: {'epoch': 63, 'time_epoch': 3.39173, 'loss': 0.19328756, 'lr': 0, 'params': 558673, 'time_iter': 0.02629, 'accuracy': 0.96231, 'precision': 0.37624, 'recall': 0.29231, 'f1': 0.329, 'auc': 0.76975}
> Epoch 63: took 102.8s (avg 110.2s) | Best so far: epoch 19	train_loss: 0.0980 train_auc: 0.8891	val_loss: 0.0839 val_auc: 0.8073	test_loss: 0.1274 test_auc: 0.7745
train: {'epoch': 64, 'time_epoch': 96.3326, 'eta': 3595.77178, 'eta_hours': 0.99883, 'loss': 0.0538339, 'lr': 3.144e-05, 'params': 558673, 'time_iter': 0.09362, 'accuracy': 0.9821, 'precision': 0.84984, 'recall': 0.63393, 'f1': 0.72617, 'auc': 0.98284}
val: {'epoch': 64, 'time_epoch': 3.45274, 'loss': 0.12403672, 'lr': 0, 'params': 558673, 'time_iter': 0.02677, 'accuracy': 0.97788, 'precision': 0.41667, 'recall': 0.30864, 'f1': 0.35461, 'auc': 0.78295}
test: {'epoch': 64, 'time_epoch': 3.43217, 'loss': 0.21052738, 'lr': 0, 'params': 558673, 'time_iter': 0.02661, 'accuracy': 0.96669, 'precision': 0.45679, 'recall': 0.28462, 'f1': 0.35071, 'auc': 0.75702}
> Epoch 64: took 103.4s (avg 110.1s) | Best so far: epoch 19	train_loss: 0.0980 train_auc: 0.8891	val_loss: 0.0839 val_auc: 0.8073	test_loss: 0.1274 test_auc: 0.7745
train: {'epoch': 65, 'time_epoch': 97.47396, 'eta': 3490.32452, 'eta_hours': 0.96953, 'loss': 0.05109621, 'lr': 2.992e-05, 'params': 558673, 'time_iter': 0.09473, 'accuracy': 0.98268, 'precision': 0.84265, 'recall': 0.66071, 'f1': 0.74067, 'auc': 0.98509}
val: {'epoch': 65, 'time_epoch': 3.31937, 'loss': 0.12271378, 'lr': 0, 'params': 558673, 'time_iter': 0.02573, 'accuracy': 0.97496, 'precision': 0.35135, 'recall': 0.32099, 'f1': 0.33548, 'auc': 0.77214}
test: {'epoch': 65, 'time_epoch': 3.36047, 'loss': 0.19448002, 'lr': 0, 'params': 558673, 'time_iter': 0.02605, 'accuracy': 0.96499, 'precision': 0.41667, 'recall': 0.26923, 'f1': 0.3271, 'auc': 0.76635}
> Epoch 65: took 104.3s (avg 110.0s) | Best so far: epoch 19	train_loss: 0.0980 train_auc: 0.8891	val_loss: 0.0839 val_auc: 0.8073	test_loss: 0.1274 test_auc: 0.7745
train: {'epoch': 66, 'time_epoch': 96.27976, 'eta': 3384.52708, 'eta_hours': 0.94015, 'loss': 0.05117863, 'lr': 2.841e-05, 'params': 558673, 'time_iter': 0.09357, 'accuracy': 0.98307, 'precision': 0.8483, 'recall': 0.66721, 'f1': 0.74693, 'auc': 0.98538}
val: {'epoch': 66, 'time_epoch': 3.29595, 'loss': 0.11657804, 'lr': 0, 'params': 558673, 'time_iter': 0.02555, 'accuracy': 0.97715, 'precision': 0.4, 'recall': 0.32099, 'f1': 0.35616, 'auc': 0.78855}
test: {'epoch': 66, 'time_epoch': 3.33597, 'loss': 0.1995417, 'lr': 0, 'params': 558673, 'time_iter': 0.02586, 'accuracy': 0.96766, 'precision': 0.48101, 'recall': 0.29231, 'f1': 0.36364, 'auc': 0.76799}
> Epoch 66: took 103.1s (avg 109.9s) | Best so far: epoch 19	train_loss: 0.0980 train_auc: 0.8891	val_loss: 0.0839 val_auc: 0.8073	test_loss: 0.1274 test_auc: 0.7745
train: {'epoch': 67, 'time_epoch': 95.11507, 'eta': 3278.46149, 'eta_hours': 0.91068, 'loss': 0.05169603, 'lr': 2.693e-05, 'params': 558673, 'time_iter': 0.09243, 'accuracy': 0.98228, 'precision': 0.84266, 'recall': 0.64773, 'f1': 0.73245, 'auc': 0.98488}
val: {'epoch': 67, 'time_epoch': 3.33199, 'loss': 0.11022488, 'lr': 0, 'params': 558673, 'time_iter': 0.02583, 'accuracy': 0.97496, 'precision': 0.35526, 'recall': 0.33333, 'f1': 0.34395, 'auc': 0.80585}
test: {'epoch': 67, 'time_epoch': 3.35093, 'loss': 0.19391718, 'lr': 0, 'params': 558673, 'time_iter': 0.02598, 'accuracy': 0.96718, 'precision': 0.46835, 'recall': 0.28462, 'f1': 0.35407, 'auc': 0.77067}
> Epoch 67: took 101.9s (avg 109.8s) | Best so far: epoch 19	train_loss: 0.0980 train_auc: 0.8891	val_loss: 0.0839 val_auc: 0.8073	test_loss: 0.1274 test_auc: 0.7745
train: {'epoch': 68, 'time_epoch': 100.49486, 'eta': 3175.13031, 'eta_hours': 0.88198, 'loss': 0.04922913, 'lr': 2.548e-05, 'params': 558673, 'time_iter': 0.09766, 'accuracy': 0.98377, 'precision': 0.85111, 'recall': 0.68669, 'f1': 0.76011, 'auc': 0.98421}
val: {'epoch': 68, 'time_epoch': 3.43701, 'loss': 0.11622512, 'lr': 0, 'params': 558673, 'time_iter': 0.02664, 'accuracy': 0.97544, 'precision': 0.38095, 'recall': 0.39506, 'f1': 0.38788, 'auc': 0.78488}
test: {'epoch': 68, 'time_epoch': 3.6142, 'loss': 0.19443633, 'lr': 0, 'params': 558673, 'time_iter': 0.02802, 'accuracy': 0.96329, 'precision': 0.39175, 'recall': 0.29231, 'f1': 0.3348, 'auc': 0.76739}
> Epoch 68: took 107.7s (avg 109.7s) | Best so far: epoch 19	train_loss: 0.0980 train_auc: 0.8891	val_loss: 0.0839 val_auc: 0.8073	test_loss: 0.1274 test_auc: 0.7745
train: {'epoch': 69, 'time_epoch': 100.30607, 'eta': 3071.79925, 'eta_hours': 0.85328, 'loss': 0.05001183, 'lr': 2.405e-05, 'params': 558673, 'time_iter': 0.09748, 'accuracy': 0.98313, 'precision': 0.85445, 'recall': 0.66234, 'f1': 0.74623, 'auc': 0.986}
val: {'epoch': 69, 'time_epoch': 3.34839, 'loss': 0.13437177, 'lr': 0, 'params': 558673, 'time_iter': 0.02596, 'accuracy': 0.97228, 'precision': 0.3299, 'recall': 0.39506, 'f1': 0.35955, 'auc': 0.78261}
test: {'epoch': 69, 'time_epoch': 3.52658, 'loss': 0.20910893, 'lr': 0, 'params': 558673, 'time_iter': 0.02734, 'accuracy': 0.96183, 'precision': 0.36893, 'recall': 0.29231, 'f1': 0.32618, 'auc': 0.77548}
> Epoch 69: took 107.3s (avg 109.7s) | Best so far: epoch 19	train_loss: 0.0980 train_auc: 0.8891	val_loss: 0.0839 val_auc: 0.8073	test_loss: 0.1274 test_auc: 0.7745
train: {'epoch': 70, 'time_epoch': 100.93212, 'eta': 2968.80912, 'eta_hours': 0.82467, 'loss': 0.04896235, 'lr': 2.265e-05, 'params': 558673, 'time_iter': 0.09809, 'accuracy': 0.98313, 'precision': 0.84226, 'recall': 0.67614, 'f1': 0.75011, 'auc': 0.98629}
val: {'epoch': 70, 'time_epoch': 3.57602, 'loss': 0.12701947, 'lr': 0, 'params': 558673, 'time_iter': 0.02772, 'accuracy': 0.97593, 'precision': 0.39286, 'recall': 0.40741, 'f1': 0.4, 'auc': 0.77642}
test: {'epoch': 70, 'time_epoch': 3.41182, 'loss': 0.20033059, 'lr': 0, 'params': 558673, 'time_iter': 0.02645, 'accuracy': 0.96523, 'precision': 0.43299, 'recall': 0.32308, 'f1': 0.37004, 'auc': 0.77488}
> Epoch 70: took 108.1s (avg 109.7s) | Best so far: epoch 19	train_loss: 0.0980 train_auc: 0.8891	val_loss: 0.0839 val_auc: 0.8073	test_loss: 0.1274 test_auc: 0.7745
train: {'epoch': 71, 'time_epoch': 100.10948, 'eta': 2865.55624, 'eta_hours': 0.79599, 'loss': 0.04850463, 'lr': 2.128e-05, 'params': 558673, 'time_iter': 0.09729, 'accuracy': 0.98374, 'precision': 0.86189, 'recall': 0.6737, 'f1': 0.75626, 'auc': 0.98601}
val: {'epoch': 71, 'time_epoch': 3.63242, 'loss': 0.12223556, 'lr': 0, 'params': 558673, 'time_iter': 0.02816, 'accuracy': 0.97666, 'precision': 0.4026, 'recall': 0.38272, 'f1': 0.39241, 'auc': 0.78061}
test: {'epoch': 71, 'time_epoch': 3.6871, 'loss': 0.20295436, 'lr': 0, 'params': 558673, 'time_iter': 0.02858, 'accuracy': 0.96572, 'precision': 0.43678, 'recall': 0.29231, 'f1': 0.35023, 'auc': 0.76923}
> Epoch 71: took 107.6s (avg 109.7s) | Best so far: epoch 19	train_loss: 0.0980 train_auc: 0.8891	val_loss: 0.0839 val_auc: 0.8073	test_loss: 0.1274 test_auc: 0.7745
train: {'epoch': 72, 'time_epoch': 106.73033, 'eta': 2764.83828, 'eta_hours': 0.76801, 'loss': 0.0479057, 'lr': 1.995e-05, 'params': 558673, 'time_iter': 0.10372, 'accuracy': 0.98374, 'precision': 0.86039, 'recall': 0.67532, 'f1': 0.75671, 'auc': 0.98675}
val: {'epoch': 72, 'time_epoch': 3.75321, 'loss': 0.13420025, 'lr': 0, 'params': 558673, 'time_iter': 0.02909, 'accuracy': 0.97666, 'precision': 0.40506, 'recall': 0.39506, 'f1': 0.4, 'auc': 0.76845}
test: {'epoch': 72, 'time_epoch': 3.71539, 'loss': 0.2108106, 'lr': 0, 'params': 558673, 'time_iter': 0.0288, 'accuracy': 0.9645, 'precision': 0.41111, 'recall': 0.28462, 'f1': 0.33636, 'auc': 0.77328}
> Epoch 72: took 114.4s (avg 109.7s) | Best so far: epoch 19	train_loss: 0.0980 train_auc: 0.8891	val_loss: 0.0839 val_auc: 0.8073	test_loss: 0.1274 test_auc: 0.7745
train: {'epoch': 73, 'time_epoch': 106.95275, 'eta': 2664.03598, 'eta_hours': 0.74001, 'loss': 0.04630986, 'lr': 1.864e-05, 'params': 558673, 'time_iter': 0.10394, 'accuracy': 0.98423, 'precision': 0.85974, 'recall': 0.69156, 'f1': 0.76653, 'auc': 0.98743}
val: {'epoch': 73, 'time_epoch': 3.59907, 'loss': 0.12667865, 'lr': 0, 'params': 558673, 'time_iter': 0.0279, 'accuracy': 0.9752, 'precision': 0.38462, 'recall': 0.4321, 'f1': 0.40698, 'auc': 0.77215}
test: {'epoch': 73, 'time_epoch': 3.59547, 'loss': 0.20200784, 'lr': 0, 'params': 558673, 'time_iter': 0.02787, 'accuracy': 0.96353, 'precision': 0.40741, 'recall': 0.33846, 'f1': 0.36975, 'auc': 0.77518}
> Epoch 73: took 114.3s (avg 109.8s) | Best so far: epoch 19	train_loss: 0.0980 train_auc: 0.8891	val_loss: 0.0839 val_auc: 0.8073	test_loss: 0.1274 test_auc: 0.7745
train: {'epoch': 74, 'time_epoch': 103.12739, 'eta': 2561.79455, 'eta_hours': 0.71161, 'loss': 0.04625413, 'lr': 1.737e-05, 'params': 558673, 'time_iter': 0.10022, 'accuracy': 0.98447, 'precision': 0.86086, 'recall': 0.69805, 'f1': 0.77095, 'auc': 0.98733}
val: {'epoch': 74, 'time_epoch': 3.50881, 'loss': 0.12667675, 'lr': 0, 'params': 558673, 'time_iter': 0.0272, 'accuracy': 0.9769, 'precision': 0.41026, 'recall': 0.39506, 'f1': 0.40252, 'auc': 0.77122}
test: {'epoch': 74, 'time_epoch': 3.49703, 'loss': 0.21269313, 'lr': 0, 'params': 558673, 'time_iter': 0.02711, 'accuracy': 0.96523, 'precision': 0.42353, 'recall': 0.27692, 'f1': 0.33488, 'auc': 0.76447}
> Epoch 74: took 110.3s (avg 109.8s) | Best so far: epoch 19	train_loss: 0.0980 train_auc: 0.8891	val_loss: 0.0839 val_auc: 0.8073	test_loss: 0.1274 test_auc: 0.7745
train: {'epoch': 75, 'time_epoch': 102.04126, 'eta': 2459.18681, 'eta_hours': 0.68311, 'loss': 0.04565067, 'lr': 1.614e-05, 'params': 558673, 'time_iter': 0.09917, 'accuracy': 0.98426, 'precision': 0.85487, 'recall': 0.69805, 'f1': 0.76854, 'auc': 0.98856}
val: {'epoch': 75, 'time_epoch': 3.4626, 'loss': 0.12655821, 'lr': 0, 'params': 558673, 'time_iter': 0.02684, 'accuracy': 0.97593, 'precision': 0.39286, 'recall': 0.40741, 'f1': 0.4, 'auc': 0.7705}
test: {'epoch': 75, 'time_epoch': 3.49863, 'loss': 0.20964625, 'lr': 0, 'params': 558673, 'time_iter': 0.02712, 'accuracy': 0.96426, 'precision': 0.41053, 'recall': 0.3, 'f1': 0.34667, 'auc': 0.76432}
> Epoch 75: took 109.2s (avg 109.8s) | Best so far: epoch 19	train_loss: 0.0980 train_auc: 0.8891	val_loss: 0.0839 val_auc: 0.8073	test_loss: 0.1274 test_auc: 0.7745
train: {'epoch': 76, 'time_epoch': 100.20904, 'eta': 2356.0465, 'eta_hours': 0.65446, 'loss': 0.0436527, 'lr': 1.494e-05, 'params': 558673, 'time_iter': 0.09738, 'accuracy': 0.98502, 'precision': 0.86261, 'recall': 0.71347, 'f1': 0.78099, 'auc': 0.99006}
val: {'epoch': 76, 'time_epoch': 3.36796, 'loss': 0.12553529, 'lr': 0, 'params': 558673, 'time_iter': 0.02611, 'accuracy': 0.97617, 'precision': 0.38961, 'recall': 0.37037, 'f1': 0.37975, 'auc': 0.77276}
test: {'epoch': 76, 'time_epoch': 3.41766, 'loss': 0.21250947, 'lr': 0, 'params': 558673, 'time_iter': 0.02649, 'accuracy': 0.96499, 'precision': 0.42045, 'recall': 0.28462, 'f1': 0.33945, 'auc': 0.76444}
> Epoch 76: took 107.1s (avg 109.7s) | Best so far: epoch 19	train_loss: 0.0980 train_auc: 0.8891	val_loss: 0.0839 val_auc: 0.8073	test_loss: 0.1274 test_auc: 0.7745
train: {'epoch': 77, 'time_epoch': 96.4919, 'eta': 2251.93293, 'eta_hours': 0.62554, 'loss': 0.04462416, 'lr': 1.378e-05, 'params': 558673, 'time_iter': 0.09377, 'accuracy': 0.98505, 'precision': 0.86926, 'recall': 0.70698, 'f1': 0.77977, 'auc': 0.98963}
val: {'epoch': 77, 'time_epoch': 3.52534, 'loss': 0.12549702, 'lr': 0, 'params': 558673, 'time_iter': 0.02733, 'accuracy': 0.97642, 'precision': 0.4, 'recall': 0.39506, 'f1': 0.39752, 'auc': 0.78127}
test: {'epoch': 77, 'time_epoch': 3.32307, 'loss': 0.2044122, 'lr': 0, 'params': 558673, 'time_iter': 0.02576, 'accuracy': 0.9645, 'precision': 0.41304, 'recall': 0.29231, 'f1': 0.34234, 'auc': 0.77161}
> Epoch 77: took 103.5s (avg 109.7s) | Best so far: epoch 19	train_loss: 0.0980 train_auc: 0.8891	val_loss: 0.0839 val_auc: 0.8073	test_loss: 0.1274 test_auc: 0.7745
train: {'epoch': 78, 'time_epoch': 102.36383, 'eta': 2149.57321, 'eta_hours': 0.5971, 'loss': 0.04422379, 'lr': 1.266e-05, 'params': 558673, 'time_iter': 0.09948, 'accuracy': 0.9848, 'precision': 0.86527, 'recall': 0.70373, 'f1': 0.77619, 'auc': 0.98942}
val: {'epoch': 78, 'time_epoch': 3.43141, 'loss': 0.13269614, 'lr': 0, 'params': 558673, 'time_iter': 0.0266, 'accuracy': 0.97715, 'precision': 0.41558, 'recall': 0.39506, 'f1': 0.40506, 'auc': 0.78673}
test: {'epoch': 78, 'time_epoch': 3.4973, 'loss': 0.21587441, 'lr': 0, 'params': 558673, 'time_iter': 0.02711, 'accuracy': 0.96523, 'precision': 0.42529, 'recall': 0.28462, 'f1': 0.34101, 'auc': 0.77112}
> Epoch 78: took 109.4s (avg 109.7s) | Best so far: epoch 19	train_loss: 0.0980 train_auc: 0.8891	val_loss: 0.0839 val_auc: 0.8073	test_loss: 0.1274 test_auc: 0.7745
train: {'epoch': 79, 'time_epoch': 100.32322, 'eta': 2046.70323, 'eta_hours': 0.56853, 'loss': 0.04557987, 'lr': 1.158e-05, 'params': 558673, 'time_iter': 0.0975, 'accuracy': 0.98444, 'precision': 0.85928, 'recall': 0.69886, 'f1': 0.77081, 'auc': 0.98846}
val: {'epoch': 79, 'time_epoch': 3.53608, 'loss': 0.1273347, 'lr': 0, 'params': 558673, 'time_iter': 0.02741, 'accuracy': 0.97569, 'precision': 0.38272, 'recall': 0.38272, 'f1': 0.38272, 'auc': 0.78327}
test: {'epoch': 79, 'time_epoch': 3.50222, 'loss': 0.21127612, 'lr': 0, 'params': 558673, 'time_iter': 0.02715, 'accuracy': 0.9645, 'precision': 0.40909, 'recall': 0.27692, 'f1': 0.33028, 'auc': 0.76827}
> Epoch 79: took 107.5s (avg 109.6s) | Best so far: epoch 19	train_loss: 0.0980 train_auc: 0.8891	val_loss: 0.0839 val_auc: 0.8073	test_loss: 0.1274 test_auc: 0.7745
train: {'epoch': 80, 'time_epoch': 101.02195, 'eta': 1944.06003, 'eta_hours': 0.54002, 'loss': 0.04616142, 'lr': 1.054e-05, 'params': 558673, 'time_iter': 0.09817, 'accuracy': 0.98462, 'precision': 0.86155, 'recall': 0.70211, 'f1': 0.7737, 'auc': 0.98854}
val: {'epoch': 80, 'time_epoch': 3.63388, 'loss': 0.14129021, 'lr': 0, 'params': 558673, 'time_iter': 0.02817, 'accuracy': 0.97398, 'precision': 0.34884, 'recall': 0.37037, 'f1': 0.35928, 'auc': 0.77659}
test: {'epoch': 80, 'time_epoch': 3.64036, 'loss': 0.21786665, 'lr': 0, 'params': 558673, 'time_iter': 0.02822, 'accuracy': 0.96523, 'precision': 0.41975, 'recall': 0.26154, 'f1': 0.32227, 'auc': 0.76868}
> Epoch 80: took 108.5s (avg 109.6s) | Best so far: epoch 19	train_loss: 0.0980 train_auc: 0.8891	val_loss: 0.0839 val_auc: 0.8073	test_loss: 0.1274 test_auc: 0.7745
train: {'epoch': 81, 'time_epoch': 106.22668, 'eta': 1842.59887, 'eta_hours': 0.51183, 'loss': 0.04548556, 'lr': 9.55e-06, 'params': 558673, 'time_iter': 0.10323, 'accuracy': 0.98435, 'precision': 0.85743, 'recall': 0.69805, 'f1': 0.76957, 'auc': 0.98955}
val: {'epoch': 81, 'time_epoch': 3.74897, 'loss': 0.12479751, 'lr': 0, 'params': 558673, 'time_iter': 0.02906, 'accuracy': 0.97447, 'precision': 0.35714, 'recall': 0.37037, 'f1': 0.36364, 'auc': 0.77877}
test: {'epoch': 81, 'time_epoch': 3.62956, 'loss': 0.21445794, 'lr': 0, 'params': 558673, 'time_iter': 0.02814, 'accuracy': 0.96353, 'precision': 0.39362, 'recall': 0.28462, 'f1': 0.33036, 'auc': 0.7597}
> Epoch 81: took 113.8s (avg 109.7s) | Best so far: epoch 19	train_loss: 0.0980 train_auc: 0.8891	val_loss: 0.0839 val_auc: 0.8073	test_loss: 0.1274 test_auc: 0.7745
train: {'epoch': 82, 'time_epoch': 105.46709, 'eta': 1740.86731, 'eta_hours': 0.48357, 'loss': 0.04308197, 'lr': 8.6e-06, 'params': 558673, 'time_iter': 0.10249, 'accuracy': 0.98502, 'precision': 0.85839, 'recall': 0.71834, 'f1': 0.78215, 'auc': 0.98974}
val: {'epoch': 82, 'time_epoch': 3.63443, 'loss': 0.13027545, 'lr': 0, 'params': 558673, 'time_iter': 0.02817, 'accuracy': 0.9769, 'precision': 0.40789, 'recall': 0.38272, 'f1': 0.3949, 'auc': 0.78442}
test: {'epoch': 82, 'time_epoch': 3.61871, 'loss': 0.21669242, 'lr': 0, 'params': 558673, 'time_iter': 0.02805, 'accuracy': 0.96645, 'precision': 0.45122, 'recall': 0.28462, 'f1': 0.34906, 'auc': 0.76743}
> Epoch 82: took 112.9s (avg 109.7s) | Best so far: epoch 19	train_loss: 0.0980 train_auc: 0.8891	val_loss: 0.0839 val_auc: 0.8073	test_loss: 0.1274 test_auc: 0.7745
train: {'epoch': 83, 'time_epoch': 104.09251, 'eta': 1638.78498, 'eta_hours': 0.45522, 'loss': 0.04241759, 'lr': 7.7e-06, 'params': 558673, 'time_iter': 0.10116, 'accuracy': 0.98547, 'precision': 0.87106, 'recall': 0.71834, 'f1': 0.78737, 'auc': 0.98982}
val: {'epoch': 83, 'time_epoch': 3.51801, 'loss': 0.13972007, 'lr': 0, 'params': 558673, 'time_iter': 0.02727, 'accuracy': 0.97423, 'precision': 0.35955, 'recall': 0.39506, 'f1': 0.37647, 'auc': 0.78269}
test: {'epoch': 83, 'time_epoch': 3.64359, 'loss': 0.21954707, 'lr': 0, 'params': 558673, 'time_iter': 0.02824, 'accuracy': 0.96548, 'precision': 0.43023, 'recall': 0.28462, 'f1': 0.34259, 'auc': 0.76868}
> Epoch 83: took 111.4s (avg 109.7s) | Best so far: epoch 19	train_loss: 0.0980 train_auc: 0.8891	val_loss: 0.0839 val_auc: 0.8073	test_loss: 0.1274 test_auc: 0.7745
train: {'epoch': 84, 'time_epoch': 103.16856, 'eta': 1536.4923, 'eta_hours': 0.4268, 'loss': 0.04363402, 'lr': 6.84e-06, 'params': 558673, 'time_iter': 0.10026, 'accuracy': 0.98505, 'precision': 0.86561, 'recall': 0.71104, 'f1': 0.78075, 'auc': 0.98998}
val: {'epoch': 84, 'time_epoch': 3.57831, 'loss': 0.12909921, 'lr': 0, 'params': 558673, 'time_iter': 0.02774, 'accuracy': 0.9752, 'precision': 0.36364, 'recall': 0.34568, 'f1': 0.35443, 'auc': 0.7833}
test: {'epoch': 84, 'time_epoch': 3.53094, 'loss': 0.21583642, 'lr': 0, 'params': 558673, 'time_iter': 0.02737, 'accuracy': 0.96523, 'precision': 0.42529, 'recall': 0.28462, 'f1': 0.34101, 'auc': 0.77023}
> Epoch 84: took 110.4s (avg 109.7s) | Best so far: epoch 19	train_loss: 0.0980 train_auc: 0.8891	val_loss: 0.0839 val_auc: 0.8073	test_loss: 0.1274 test_auc: 0.7745
train: {'epoch': 85, 'time_epoch': 104.13854, 'eta': 1434.33715, 'eta_hours': 0.39843, 'loss': 0.04425307, 'lr': 6.03e-06, 'params': 558673, 'time_iter': 0.1012, 'accuracy': 0.98517, 'precision': 0.86686, 'recall': 0.71347, 'f1': 0.78272, 'auc': 0.99006}
val: {'epoch': 85, 'time_epoch': 3.54461, 'loss': 0.13497943, 'lr': 0, 'params': 558673, 'time_iter': 0.02748, 'accuracy': 0.97788, 'precision': 0.43056, 'recall': 0.38272, 'f1': 0.40523, 'auc': 0.77423}
test: {'epoch': 85, 'time_epoch': 3.59063, 'loss': 0.22187783, 'lr': 0, 'params': 558673, 'time_iter': 0.02783, 'accuracy': 0.96669, 'precision': 0.4557, 'recall': 0.27692, 'f1': 0.3445, 'auc': 0.76612}
> Epoch 85: took 111.4s (avg 109.8s) | Best so far: epoch 19	train_loss: 0.0980 train_auc: 0.8891	val_loss: 0.0839 val_auc: 0.8073	test_loss: 0.1274 test_auc: 0.7745
train: {'epoch': 86, 'time_epoch': 103.22274, 'eta': 1331.99957, 'eta_hours': 0.37, 'loss': 0.0425601, 'lr': 5.26e-06, 'params': 558673, 'time_iter': 0.10031, 'accuracy': 0.9852, 'precision': 0.85852, 'recall': 0.72403, 'f1': 0.78556, 'auc': 0.99074}
val: {'epoch': 86, 'time_epoch': 3.54198, 'loss': 0.14398833, 'lr': 0, 'params': 558673, 'time_iter': 0.02746, 'accuracy': 0.97642, 'precision': 0.4, 'recall': 0.39506, 'f1': 0.39752, 'auc': 0.77394}
test: {'epoch': 86, 'time_epoch': 3.48655, 'loss': 0.22861326, 'lr': 0, 'params': 558673, 'time_iter': 0.02703, 'accuracy': 0.96572, 'precision': 0.4382, 'recall': 0.3, 'f1': 0.35616, 'auc': 0.76573}
> Epoch 86: took 110.4s (avg 109.8s) | Best so far: epoch 19	train_loss: 0.0980 train_auc: 0.8891	val_loss: 0.0839 val_auc: 0.8073	test_loss: 0.1274 test_auc: 0.7745
train: {'epoch': 87, 'time_epoch': 106.03969, 'eta': 1230.026, 'eta_hours': 0.34167, 'loss': 0.04017857, 'lr': 4.55e-06, 'params': 558673, 'time_iter': 0.10305, 'accuracy': 0.98614, 'precision': 0.87023, 'recall': 0.74026, 'f1': 0.8, 'auc': 0.99166}
val: {'epoch': 87, 'time_epoch': 3.74474, 'loss': 0.1391484, 'lr': 0, 'params': 558673, 'time_iter': 0.02903, 'accuracy': 0.97715, 'precision': 0.42169, 'recall': 0.4321, 'f1': 0.42683, 'auc': 0.78588}
test: {'epoch': 87, 'time_epoch': 3.75411, 'loss': 0.22148726, 'lr': 0, 'params': 558673, 'time_iter': 0.0291, 'accuracy': 0.96596, 'precision': 0.44186, 'recall': 0.29231, 'f1': 0.35185, 'auc': 0.77799}
> Epoch 87: took 113.7s (avg 109.8s) | Best so far: epoch 19	train_loss: 0.0980 train_auc: 0.8891	val_loss: 0.0839 val_auc: 0.8073	test_loss: 0.1274 test_auc: 0.7745
train: {'epoch': 88, 'time_epoch': 104.68427, 'eta': 1127.79353, 'eta_hours': 0.31328, 'loss': 0.04171422, 'lr': 3.89e-06, 'params': 558673, 'time_iter': 0.10173, 'accuracy': 0.98508, 'precision': 0.86359, 'recall': 0.71429, 'f1': 0.78187, 'auc': 0.99098}
val: {'epoch': 88, 'time_epoch': 3.63874, 'loss': 0.12827936, 'lr': 0, 'params': 558673, 'time_iter': 0.02821, 'accuracy': 0.97812, 'precision': 0.43478, 'recall': 0.37037, 'f1': 0.4, 'auc': 0.78706}
test: {'epoch': 88, 'time_epoch': 3.56268, 'loss': 0.21819313, 'lr': 0, 'params': 558673, 'time_iter': 0.02762, 'accuracy': 0.96839, 'precision': 0.5, 'recall': 0.27692, 'f1': 0.35644, 'auc': 0.7662}
> Epoch 88: took 112.1s (avg 109.8s) | Best so far: epoch 19	train_loss: 0.0980 train_auc: 0.8891	val_loss: 0.0839 val_auc: 0.8073	test_loss: 0.1274 test_auc: 0.7745
train: {'epoch': 89, 'time_epoch': 95.81234, 'eta': 1024.52081, 'eta_hours': 0.28459, 'loss': 0.04178904, 'lr': 3.27e-06, 'params': 558673, 'time_iter': 0.09311, 'accuracy': 0.98587, 'precision': 0.87709, 'recall': 0.72403, 'f1': 0.79324, 'auc': 0.99084}
val: {'epoch': 89, 'time_epoch': 3.32649, 'loss': 0.13653469, 'lr': 0, 'params': 558673, 'time_iter': 0.02579, 'accuracy': 0.97471, 'precision': 0.37363, 'recall': 0.41975, 'f1': 0.39535, 'auc': 0.78486}
test: {'epoch': 89, 'time_epoch': 3.29557, 'loss': 0.21651297, 'lr': 0, 'params': 558673, 'time_iter': 0.02555, 'accuracy': 0.96426, 'precision': 0.40659, 'recall': 0.28462, 'f1': 0.33484, 'auc': 0.76859}
> Epoch 89: took 102.6s (avg 109.8s) | Best so far: epoch 19	train_loss: 0.0980 train_auc: 0.8891	val_loss: 0.0839 val_auc: 0.8073	test_loss: 0.1274 test_auc: 0.7745
train: {'epoch': 90, 'time_epoch': 96.42105, 'eta': 921.47225, 'eta_hours': 0.25596, 'loss': 0.04348926, 'lr': 2.71e-06, 'params': 558673, 'time_iter': 0.0937, 'accuracy': 0.98593, 'precision': 0.87733, 'recall': 0.72565, 'f1': 0.79431, 'auc': 0.98918}
val: {'epoch': 90, 'time_epoch': 3.32936, 'loss': 0.13273967, 'lr': 0, 'params': 558673, 'time_iter': 0.02581, 'accuracy': 0.97666, 'precision': 0.40741, 'recall': 0.40741, 'f1': 0.40741, 'auc': 0.78117}
test: {'epoch': 90, 'time_epoch': 3.41327, 'loss': 0.21511261, 'lr': 0, 'params': 558673, 'time_iter': 0.02646, 'accuracy': 0.96499, 'precision': 0.42045, 'recall': 0.28462, 'f1': 0.33945, 'auc': 0.77434}
> Epoch 90: took 103.3s (avg 109.7s) | Best so far: epoch 19	train_loss: 0.0980 train_auc: 0.8891	val_loss: 0.0839 val_auc: 0.8073	test_loss: 0.1274 test_auc: 0.7745
train: {'epoch': 91, 'time_epoch': 95.43393, 'eta': 818.48193, 'eta_hours': 0.22736, 'loss': 0.04253706, 'lr': 2.2e-06, 'params': 558673, 'time_iter': 0.09274, 'accuracy': 0.98547, 'precision': 0.87253, 'recall': 0.71672, 'f1': 0.78699, 'auc': 0.99033}
val: {'epoch': 91, 'time_epoch': 3.39249, 'loss': 0.13422438, 'lr': 0, 'params': 558673, 'time_iter': 0.0263, 'accuracy': 0.97593, 'precision': 0.39286, 'recall': 0.40741, 'f1': 0.4, 'auc': 0.78508}
test: {'epoch': 91, 'time_epoch': 3.40668, 'loss': 0.21809822, 'lr': 0, 'params': 558673, 'time_iter': 0.02641, 'accuracy': 0.96475, 'precision': 0.41573, 'recall': 0.28462, 'f1': 0.3379, 'auc': 0.7685}
> Epoch 91: took 102.4s (avg 109.6s) | Best so far: epoch 19	train_loss: 0.0980 train_auc: 0.8891	val_loss: 0.0839 val_auc: 0.8073	test_loss: 0.1274 test_auc: 0.7745
train: {'epoch': 92, 'time_epoch': 94.9519, 'eta': 715.61784, 'eta_hours': 0.19878, 'loss': 0.04212251, 'lr': 1.74e-06, 'params': 558673, 'time_iter': 0.09228, 'accuracy': 0.98535, 'precision': 0.85851, 'recall': 0.7289, 'f1': 0.78841, 'auc': 0.99023}
val: {'epoch': 92, 'time_epoch': 3.34582, 'loss': 0.131027, 'lr': 0, 'params': 558673, 'time_iter': 0.02594, 'accuracy': 0.97593, 'precision': 0.39535, 'recall': 0.41975, 'f1': 0.40719, 'auc': 0.7837}
test: {'epoch': 92, 'time_epoch': 3.30137, 'loss': 0.21512521, 'lr': 0, 'params': 558673, 'time_iter': 0.02559, 'accuracy': 0.96523, 'precision': 0.42529, 'recall': 0.28462, 'f1': 0.34101, 'auc': 0.77007}
> Epoch 92: took 101.7s (avg 109.5s) | Best so far: epoch 19	train_loss: 0.0980 train_auc: 0.8891	val_loss: 0.0839 val_auc: 0.8073	test_loss: 0.1274 test_auc: 0.7745
train: {'epoch': 93, 'time_epoch': 93.87685, 'eta': 612.85347, 'eta_hours': 0.17024, 'loss': 0.04077559, 'lr': 1.33e-06, 'params': 558673, 'time_iter': 0.09123, 'accuracy': 0.98596, 'precision': 0.87019, 'recall': 0.73458, 'f1': 0.79665, 'auc': 0.99086}
val: {'epoch': 93, 'time_epoch': 3.30919, 'loss': 0.13629341, 'lr': 0, 'params': 558673, 'time_iter': 0.02565, 'accuracy': 0.97617, 'precision': 0.39759, 'recall': 0.40741, 'f1': 0.40244, 'auc': 0.786}
test: {'epoch': 93, 'time_epoch': 3.25237, 'loss': 0.22263497, 'lr': 0, 'params': 558673, 'time_iter': 0.02521, 'accuracy': 0.96548, 'precision': 0.43023, 'recall': 0.28462, 'f1': 0.34259, 'auc': 0.77177}
> Epoch 93: took 100.6s (avg 109.4s) | Best so far: epoch 19	train_loss: 0.0980 train_auc: 0.8891	val_loss: 0.0839 val_auc: 0.8073	test_loss: 0.1274 test_auc: 0.7745
train: {'epoch': 94, 'time_epoch': 92.82781, 'eta': 510.22099, 'eta_hours': 0.14173, 'loss': 0.04150864, 'lr': 9.8e-07, 'params': 558673, 'time_iter': 0.09021, 'accuracy': 0.98556, 'precision': 0.85809, 'recall': 0.7362, 'f1': 0.79249, 'auc': 0.9905}
val: {'epoch': 94, 'time_epoch': 3.41104, 'loss': 0.12877126, 'lr': 0, 'params': 558673, 'time_iter': 0.02644, 'accuracy': 0.97471, 'precision': 0.36782, 'recall': 0.39506, 'f1': 0.38095, 'auc': 0.78128}
test: {'epoch': 94, 'time_epoch': 3.2662, 'loss': 0.21333866, 'lr': 0, 'params': 558673, 'time_iter': 0.02532, 'accuracy': 0.96548, 'precision': 0.42857, 'recall': 0.27692, 'f1': 0.33645, 'auc': 0.76803}
> Epoch 94: took 99.6s (avg 109.3s) | Best so far: epoch 19	train_loss: 0.0980 train_auc: 0.8891	val_loss: 0.0839 val_auc: 0.8073	test_loss: 0.1274 test_auc: 0.7745
train: {'epoch': 95, 'time_epoch': 94.17294, 'eta': 407.84882, 'eta_hours': 0.11329, 'loss': 0.04060085, 'lr': 6.8e-07, 'params': 558673, 'time_iter': 0.09152, 'accuracy': 0.98614, 'precision': 0.8834, 'recall': 0.72565, 'f1': 0.79679, 'auc': 0.99131}
val: {'epoch': 95, 'time_epoch': 3.30355, 'loss': 0.13647681, 'lr': 0, 'params': 558673, 'time_iter': 0.02561, 'accuracy': 0.97544, 'precision': 0.37805, 'recall': 0.38272, 'f1': 0.38037, 'auc': 0.78186}
test: {'epoch': 95, 'time_epoch': 3.2281, 'loss': 0.22038808, 'lr': 0, 'params': 558673, 'time_iter': 0.02502, 'accuracy': 0.9662, 'precision': 0.44156, 'recall': 0.26154, 'f1': 0.3285, 'auc': 0.76998}
> Epoch 95: took 100.8s (avg 109.2s) | Best so far: epoch 19	train_loss: 0.0980 train_auc: 0.8891	val_loss: 0.0839 val_auc: 0.8073	test_loss: 0.1274 test_auc: 0.7745
train: {'epoch': 96, 'time_epoch': 93.482, 'eta': 305.62434, 'eta_hours': 0.0849, 'loss': 0.04112874, 'lr': 4.4e-07, 'params': 558673, 'time_iter': 0.09085, 'accuracy': 0.98593, 'precision': 0.87366, 'recall': 0.72971, 'f1': 0.79522, 'auc': 0.99145}
val: {'epoch': 96, 'time_epoch': 3.24531, 'loss': 0.12874133, 'lr': 0, 'params': 558673, 'time_iter': 0.02516, 'accuracy': 0.97763, 'precision': 0.42857, 'recall': 0.40741, 'f1': 0.41772, 'auc': 0.7867}
test: {'epoch': 96, 'time_epoch': 3.25764, 'loss': 0.21884223, 'lr': 0, 'params': 558673, 'time_iter': 0.02525, 'accuracy': 0.9662, 'precision': 0.44578, 'recall': 0.28462, 'f1': 0.34742, 'auc': 0.7673}
> Epoch 96: took 100.1s (avg 109.1s) | Best so far: epoch 19	train_loss: 0.0980 train_auc: 0.8891	val_loss: 0.0839 val_auc: 0.8073	test_loss: 0.1274 test_auc: 0.7745
train: {'epoch': 97, 'time_epoch': 92.99314, 'eta': 203.5683, 'eta_hours': 0.05655, 'loss': 0.04142631, 'lr': 2.5e-07, 'params': 558673, 'time_iter': 0.09037, 'accuracy': 0.98547, 'precision': 0.86888, 'recall': 0.72078, 'f1': 0.78793, 'auc': 0.99109}
val: {'epoch': 97, 'time_epoch': 3.33631, 'loss': 0.13040105, 'lr': 0, 'params': 558673, 'time_iter': 0.02586, 'accuracy': 0.97642, 'precision': 0.40244, 'recall': 0.40741, 'f1': 0.40491, 'auc': 0.78655}
test: {'epoch': 97, 'time_epoch': 3.3112, 'loss': 0.21590238, 'lr': 0, 'params': 558673, 'time_iter': 0.02567, 'accuracy': 0.96548, 'precision': 0.43023, 'recall': 0.28462, 'f1': 0.34259, 'auc': 0.76637}
> Epoch 97: took 99.8s (avg 109.0s) | Best so far: epoch 19	train_loss: 0.0980 train_auc: 0.8891	val_loss: 0.0839 val_auc: 0.8073	test_loss: 0.1274 test_auc: 0.7745
train: {'epoch': 98, 'time_epoch': 94.48537, 'eta': 101.71043, 'eta_hours': 0.02825, 'loss': 0.0413675, 'lr': 1.1e-07, 'params': 558673, 'time_iter': 0.09182, 'accuracy': 0.98647, 'precision': 0.88315, 'recall': 0.7362, 'f1': 0.80301, 'auc': 0.99023}
val: {'epoch': 98, 'time_epoch': 3.23407, 'loss': 0.14000006, 'lr': 0, 'params': 558673, 'time_iter': 0.02507, 'accuracy': 0.97617, 'precision': 0.39506, 'recall': 0.39506, 'f1': 0.39506, 'auc': 0.78157}
test: {'epoch': 98, 'time_epoch': 3.3828, 'loss': 0.22104382, 'lr': 0, 'params': 558673, 'time_iter': 0.02622, 'accuracy': 0.96572, 'precision': 0.43529, 'recall': 0.28462, 'f1': 0.34419, 'auc': 0.774}
> Epoch 98: took 101.2s (avg 109.0s) | Best so far: epoch 19	train_loss: 0.0980 train_auc: 0.8891	val_loss: 0.0839 val_auc: 0.8073	test_loss: 0.1274 test_auc: 0.7745
train: {'epoch': 99, 'time_epoch': 92.17028, 'eta': 0.0, 'eta_hours': 0.0, 'loss': 0.04208, 'lr': 3e-08, 'params': 558673, 'time_iter': 0.08957, 'accuracy': 0.98605, 'precision': 0.87199, 'recall': 0.73539, 'f1': 0.79789, 'auc': 0.99046}
val: {'epoch': 99, 'time_epoch': 3.2113, 'loss': 0.1327853, 'lr': 0, 'params': 558673, 'time_iter': 0.02489, 'accuracy': 0.97933, 'precision': 0.46774, 'recall': 0.35802, 'f1': 0.40559, 'auc': 0.77783}
test: {'epoch': 99, 'time_epoch': 3.19707, 'loss': 0.21907741, 'lr': 0, 'params': 558673, 'time_iter': 0.02478, 'accuracy': 0.96693, 'precision': 0.45946, 'recall': 0.26154, 'f1': 0.33333, 'auc': 0.76737}
> Epoch 99: took 98.7s (avg 108.9s) | Best so far: epoch 19	train_loss: 0.0980 train_auc: 0.8891	val_loss: 0.0839 val_auc: 0.8073	test_loss: 0.1274 test_auc: 0.7745
Avg time per epoch: 108.87s
Total train loop time: 3.02h
Task done, results saved in results/ogbg-molhiv-GPS+RWSE/1
43
{'epoch': 43, 'time_epoch': 3.86077, 'loss': 0.14628948, 'lr': 0, 'params': 558673, 'time_iter': 0.02993, 'accuracy': 0.96864, 'precision': 0.51111, 'recall': 0.17692, 'f1': 0.26286, 'auc': 0.7885}
{'epoch': 43, 'time_epoch': 109.56982, 'eta': 5503.84541, 'eta_hours': 1.52885, 'loss': 0.07032068, 'lr': 6.545e-05, 'params': 558673, 'time_iter': 0.10648, 'accuracy': 0.97772, 'precision': 0.8039, 'recall': 0.53571, 'f1': 0.64296, 'auc': 0.96297}
{'epoch': 43, 'time_epoch': 3.92892, 'loss': 0.08010651, 'lr': 0, 'params': 558673, 'time_iter': 0.03046, 'accuracy': 0.98201, 'precision': 0.58974, 'recall': 0.28395, 'f1': 0.38333, 'auc': 0.81136}
19
{'epoch': 19, 'time_epoch': 4.17776, 'loss': 0.12737292, 'lr': 0, 'params': 558673, 'time_iter': 0.03239, 'accuracy': 0.96645, 'precision': 0.45652, 'recall': 0.32308, 'f1': 0.37838, 'auc': 0.77454}
{'epoch': 19, 'time_epoch': 118.40419, 'eta': 8426.66842, 'eta_hours': 2.34074, 'loss': 0.09803501, 'lr': 9.474e-05, 'params': 558673, 'time_iter': 0.11507, 'accuracy': 0.97204, 'precision': 0.7378, 'recall': 0.39286, 'f1': 0.51271, 'auc': 0.88915}
{'epoch': 19, 'time_epoch': 4.30884, 'loss': 0.0839073, 'lr': 0, 'params': 558673, 'time_iter': 0.0334, 'accuracy': 0.97496, 'precision': 0.3625, 'recall': 0.35802, 'f1': 0.36025, 'auc': 0.8073}
Results aggregated across runs saved in results/ogbg-molhiv-GPS+RWSE/agg
[*] All done: 2026-08-24 20:00:10.156775
