=== kaggle_run start: run_id=20260824T135339Z-p45 args=Namespace(method='all', dataset='all', protocol='paper-seeds-provisional', seeds=[0, 1], smoke=False, max_epochs=None, plan=False, no_setup=False, resume=True, live_log=False, keep_work=False) ===
[event] runner_start args={'method': 'all', 'dataset': 'all', 'protocol': 'paper-seeds-provisional', 'seeds': [0, 1], 'smoke': False, 'max_epochs': None, 'plan': False, 'no_setup': False, 'resume': True, 'live_log': False, 'keep_work': False} work=/kaggle/working results=/kaggle/working/hod-gnn-results

=== PLAN: 44 units (0 already done, 44 to run) ===
  [ ] gps          zinc           seed=0
  [ ] gps          zinc           seed=1
  [ ] gps          moltox21       seed=0
  [ ] gps          moltox21       seed=1
  [ ] gps          molhiv         seed=0
  [ ] gps          molhiv         seed=1
  [ ] graphvit     zinc           seed=0
  [ ] graphvit     zinc           seed=1
  [ ] graphvit     moltox21       seed=0
  [ ] graphvit     moltox21       seed=1
  [ ] graphvit     molhiv         seed=0
  [ ] graphvit     molhiv         seed=1
  [ ] graphvit     peptides-func  seed=0
  [ ] graphvit     peptides-func  seed=1
  [ ] graphvit     peptides-struct seed=0
  [ ] graphvit     peptides-struct seed=1
  [ ] full         zinc           seed=0
  [ ] full         zinc           seed=1
  [ ] full         moltox21       seed=0
  [ ] full         moltox21       seed=1
  [ ] full         molbace        seed=0
  [ ] full         molbace        seed=1
  [ ] full         molhiv         seed=0
  [ ] full         molhiv         seed=1
  [ ] random       zinc           seed=0
  [ ] random       zinc           seed=1
  [ ] random       moltox21       seed=0
  [ ] random       moltox21       seed=1
  [ ] random       molbace        seed=0
  [ ] random       molbace        seed=1
  [ ] random       molhiv         seed=0
  [ ] random       molhiv         seed=1
  [ ] policy_learn zinc           seed=0
  [ ] policy_learn zinc           seed=1
  [ ] policy_learn moltox21       seed=0
  [ ] policy_learn moltox21       seed=1
  [ ] policy_learn molbace        seed=0
  [ ] policy_learn molbace        seed=1
  [ ] policy_learn molhiv         seed=0
  [ ] policy_learn molhiv         seed=1
  [ ] policy_learn peptides-func  seed=0
  [ ] policy_learn peptides-func  seed=1
  [ ] policy_learn peptides-struct seed=0
  [ ] policy_learn peptides-struct seed=1
[event] plan_ready units=44 done=0
[event] setup_start
=== setup_env methods=['full', 'gps', 'graphvit', 'policy_learn', 'random'] ===
[venv] using uv venv --python 3.10
[sh] /usr/local/bin/uv venv --python 3.10 /kaggle/working/.venv310
[event] command_start command=/usr/local/bin/uv venv --python 3.10 /kaggle/working/.venv310 cwd=/kaggle/working timeout_seconds=600
[event] command_end command=/usr/local/bin/uv venv --python 3.10 /kaggle/working/.venv310 cwd=/kaggle/working returncode=0 duration_seconds=0.472 stderr_tail=warning: The `--system` flag has no effect, `uv venv` always ignores virtual environments when finding a Python interpreter; did you mean `--no-managed-python`?
Using CPython 3.10.12 interpreter at: /usr/bin/python3.10
Creating virtual environment at: .venv310
Activate with: source .venv310/bin/activate

[venv] created /kaggle/working/.venv310/bin/python
[venv] python: Python 3.10.12
[sh] /usr/local/bin/uv pip install --python /kaggle/working/.venv310/bin/python -q torch==1.13.0 torchvision==0.14.0 torch==1.13.0 torchvision==0.14.0 --index-url https://download.pytorch.org/whl/cu117
[event] command_start command=/usr/local/bin/uv pip install --python /kaggle/working/.venv310/bin/python -q torch==1.13.0 torchvision==0.14.0 torch==1.13.0 torchvision==0.14.0 --index-url https://download.pytorch.org/whl/cu117 cwd=/kaggle/working timeout_seconds=900
[event] command_end command=/usr/local/bin/uv pip install --python /kaggle/working/.venv310/bin/python -q torch==1.13.0 torchvision==0.14.0 torch==1.13.0 torchvision==0.14.0 --index-url https://download.pytorch.org/whl/cu117 cwd=/kaggle/working returncode=0 duration_seconds=27.71
[sh] /usr/local/bin/uv pip install --python /kaggle/working/.venv310/bin/python -q nvidia-cuda-runtime-cu11 nvidia-cublas-cu11 nvidia-cufft-cu11 nvidia-curand-cu11 nvidia-cusolver-cu11 nvidia-cusparse-cu11 torch==1.13.0 torchvision==0.14.0
[event] command_start command=/usr/local/bin/uv pip install --python /kaggle/working/.venv310/bin/python -q nvidia-cuda-runtime-cu11 nvidia-cublas-cu11 nvidia-cufft-cu11 nvidia-curand-cu11 nvidia-cusolver-cu11 nvidia-cusparse-cu11 torch==1.13.0 torchvision==0.14.0 cwd=/kaggle/working timeout_seconds=900
[event] command_end command=/usr/local/bin/uv pip install --python /kaggle/working/.venv310/bin/python -q nvidia-cuda-runtime-cu11 nvidia-cublas-cu11 nvidia-cufft-cu11 nvidia-curand-cu11 nvidia-cusolver-cu11 nvidia-cusparse-cu11 torch==1.13.0 torchvision==0.14.0 cwd=/kaggle/working returncode=0 duration_seconds=10.183
[env] LD_LIBRARY_PATH += /kaggle/working/.venv310/lib/python3.10/site-packages/nvidia/cublas/lib; /kaggle/working/.venv310/lib/python3.10/site-packages/nvidia/cuda_runtime/lib; /kaggle/working/.venv310/lib/python3.10/site-packages/nvidia/cufft/lib; /kaggle/working/.venv310/lib/python3.10/site-packages/nvidia/curand/lib; /kaggle/working/.venv310/lib/python3.10/site-packages/nvidia/cusolver/lib; /kaggle/working/.venv310/lib/python3.10/site-packages/nvidia/cusparse/lib
[sh] /usr/local/bin/uv pip install --python /kaggle/working/.venv310/bin/python -q https://data.pyg.org/whl/torch-1.13.0+cu117/pyg_lib-0.4.0%2Bpt113cu117-cp310-cp310-linux_x86_64.whl https://data.pyg.org/whl/torch-1.13.0+cu117/torch_scatter-2.1.1%2Bpt113cu117-cp310-cp310-linux_x86_64.whl https://data.pyg.org/whl/torch-1.13.0+cu117/torch_sparse-0.6.17%2Bpt113cu117-cp310-cp310-linux_x86_64.whl https://data.pyg.org/whl/torch-1.13.0+cu117/torch_cluster-1.6.1%2Bpt113cu117-cp310-cp310-linux_x86_64.whl torch==1.13.0 torchvision==0.14.0
[event] command_start command=/usr/local/bin/uv pip install --python /kaggle/working/.venv310/bin/python -q https://data.pyg.org/whl/torch-1.13.0+cu117/pyg_lib-0.4.0%2Bpt113cu117-cp310-cp310-linux_x86_64.whl https://data.pyg.org/whl/torch-1.13.0+cu117/torch_scatter-2.1.1%2Bpt113cu117-cp310-cp310-linux_x86_64.whl https://data.pyg.org/whl/torch-1.13.0+cu117/torch_sparse-0.6.17%2Bpt113cu117-cp310-cp310-linux_x86_64.whl https://data.pyg.org/whl/torch-1.13.0+cu117/torch_cluster-1.6.1%2Bpt113cu117-cp310-cp310-linux_x86_64.whl torch==1.13.0 torchvision==0.14.0 cwd=/kaggle/working timeout_seconds=900
[event] command_end command=/usr/local/bin/uv pip install --python /kaggle/working/.venv310/bin/python -q https://data.pyg.org/whl/torch-1.13.0+cu117/pyg_lib-0.4.0%2Bpt113cu117-cp310-cp310-linux_x86_64.whl https://data.pyg.org/whl/torch-1.13.0+cu117/torch_scatter-2.1.1%2Bpt113cu117-cp310-cp310-linux_x86_64.whl https://data.pyg.org/whl/torch-1.13.0+cu117/torch_sparse-0.6.17%2Bpt113cu117-cp310-cp310-linux_x86_64.whl https://data.pyg.org/whl/torch-1.13.0+cu117/torch_cluster-1.6.1%2Bpt113cu117-cp310-cp310-linux_x86_64.whl torch==1.13.0 torchvision==0.14.0 cwd=/kaggle/working returncode=0 duration_seconds=2.03
[sh] /usr/local/bin/uv pip install --python /kaggle/working/.venv310/bin/python -q 'numpy<2' 'setuptools<80' torch-geometric==2.2.0 'pytorch-lightning<1.7' 'torchmetrics<1.0' yacs performer-pytorch tensorboardX ogb wandb einops networkx rdkit hydra-core omegaconf tqdm scikit-learn torch==1.13.0 torchvision==0.14.0
[event] command_start command=/usr/local/bin/uv pip install --python /kaggle/working/.venv310/bin/python -q 'numpy<2' 'setuptools<80' torch-geometric==2.2.0 'pytorch-lightning<1.7' 'torchmetrics<1.0' yacs performer-pytorch tensorboardX ogb wandb einops networkx rdkit hydra-core omegaconf tqdm scikit-learn torch==1.13.0 torchvision==0.14.0 cwd=/kaggle/working timeout_seconds=1800
[event] command_end command=/usr/local/bin/uv pip install --python /kaggle/working/.venv310/bin/python -q 'numpy<2' 'setuptools<80' torch-geometric==2.2.0 'pytorch-lightning<1.7' 'torchmetrics<1.0' yacs performer-pytorch tensorboardX ogb wandb einops networkx rdkit hydra-core omegaconf tqdm scikit-learn torch==1.13.0 torchvision==0.14.0 cwd=/kaggle/working returncode=0 duration_seconds=5.663
[sh] /usr/local/bin/uv pip install --python /kaggle/working/.venv310/bin/python -q metis torch==1.13.0 torchvision==0.14.0
[event] command_start command=/usr/local/bin/uv pip install --python /kaggle/working/.venv310/bin/python -q metis torch==1.13.0 torchvision==0.14.0 cwd=/kaggle/working timeout_seconds=900
[event] command_end command=/usr/local/bin/uv pip install --python /kaggle/working/.venv310/bin/python -q metis torch==1.13.0 torchvision==0.14.0 cwd=/kaggle/working returncode=0 duration_seconds=0.947
[sh] /usr/local/bin/uv pip install --python /kaggle/working/.venv310/bin/python -q torch==1.13.0 torchvision==0.14.0 torch==1.13.0 torchvision==0.14.0 --index-url https://download.pytorch.org/whl/cu117 --force-reinstall --no-deps
[event] command_start command=/usr/local/bin/uv pip install --python /kaggle/working/.venv310/bin/python -q torch==1.13.0 torchvision==0.14.0 torch==1.13.0 torchvision==0.14.0 --index-url https://download.pytorch.org/whl/cu117 --force-reinstall --no-deps cwd=/kaggle/working timeout_seconds=900
[event] command_end command=/usr/local/bin/uv pip install --python /kaggle/working/.venv310/bin/python -q torch==1.13.0 torchvision==0.14.0 torch==1.13.0 torchvision==0.14.0 --index-url https://download.pytorch.org/whl/cu117 --force-reinstall --no-deps cwd=/kaggle/working returncode=0 duration_seconds=4.805
[sh] /kaggle/working/.venv310/bin/python -c 'import torch, torch_geometric; print('"'"'TORCH_VER'"'"', torch.__version__); print('"'"'CUDA_OK'"'"', torch.cuda.is_available()); print('"'"'GPU'"'"', torch.cuda.get_device_name(0) if torch.cuda.is_available() else '"'"'CPU'"'"'); print('"'"'PYG'"'"', torch_geometric.__version__)'
[event] command_start command=/kaggle/working/.venv310/bin/python -c 'import torch, torch_geometric; print('"'"'TORCH_VER'"'"', torch.__version__); print('"'"'CUDA_OK'"'"', torch.cuda.is_available()); print('"'"'GPU'"'"', torch.cuda.get_device_name(0) if torch.cuda.is_available() else '"'"'CPU'"'"'); print('"'"'PYG'"'"', torch_geometric.__version__)' cwd=/kaggle/working timeout_seconds=300
[event] command_end command=/kaggle/working/.venv310/bin/python -c 'import torch, torch_geometric; print('"'"'TORCH_VER'"'"', torch.__version__); print('"'"'CUDA_OK'"'"', torch.cuda.is_available()); print('"'"'GPU'"'"', torch.cuda.get_device_name(0) if torch.cuda.is_available() else '"'"'CPU'"'"'); print('"'"'PYG'"'"', torch_geometric.__version__)' cwd=/kaggle/working returncode=0 duration_seconds=7.334 stdout_tail=TORCH_VER 1.13.0+cu117
CUDA_OK True
GPU Tesla P100-PCIE-16GB
PYG 2.2.0

=== setup_env done ===
[sh] git clone -q https://github.com/rampasek/GraphGPS.git /kaggle/working/vendor/GraphGPS
[event] command_start command=git clone -q https://github.com/rampasek/GraphGPS.git /kaggle/working/vendor/GraphGPS cwd=/kaggle/working timeout_seconds=600
[event] command_end command=git clone -q https://github.com/rampasek/GraphGPS.git /kaggle/working/vendor/GraphGPS cwd=/kaggle/working returncode=0 duration_seconds=1.19
[sh] git -C /kaggle/working/vendor/GraphGPS checkout -q 28015707cbab7f8ad72bed0ee872d068ea59c94b
[event] command_start command=git -C /kaggle/working/vendor/GraphGPS checkout -q 28015707cbab7f8ad72bed0ee872d068ea59c94b cwd=/kaggle/working timeout_seconds=120
[event] command_end command=git -C /kaggle/working/vendor/GraphGPS checkout -q 28015707cbab7f8ad72bed0ee872d068ea59c94b cwd=/kaggle/working returncode=0 duration_seconds=0.059
[repo] gps: 28015707cbab
[sh] git clone -q https://github.com/XiaoxinHe/Graph-ViT-MLPMixer.git /kaggle/working/vendor/GraphViT
[event] command_start command=git clone -q https://github.com/XiaoxinHe/Graph-ViT-MLPMixer.git /kaggle/working/vendor/GraphViT cwd=/kaggle/working timeout_seconds=600
[event] command_end command=git clone -q https://github.com/XiaoxinHe/Graph-ViT-MLPMixer.git /kaggle/working/vendor/GraphViT cwd=/kaggle/working returncode=0 duration_seconds=0.457
[sh] git -C /kaggle/working/vendor/GraphViT checkout -q 0d66dd1b0d8376e9252a73d60c10940ac626ca81
[event] command_start command=git -C /kaggle/working/vendor/GraphViT checkout -q 0d66dd1b0d8376e9252a73d60c10940ac626ca81 cwd=/kaggle/working timeout_seconds=120
[event] command_end command=git -C /kaggle/working/vendor/GraphViT checkout -q 0d66dd1b0d8376e9252a73d60c10940ac626ca81 cwd=/kaggle/working returncode=0 duration_seconds=0.022
[repo] graphvit: 0d66dd1b0d83
[sh] git clone -q https://github.com/beabevi/policy-learn.git /kaggle/working/vendor/policy-learn
[event] command_start command=git clone -q https://github.com/beabevi/policy-learn.git /kaggle/working/vendor/policy-learn cwd=/kaggle/working timeout_seconds=600
[event] command_end command=git clone -q https://github.com/beabevi/policy-learn.git /kaggle/working/vendor/policy-learn cwd=/kaggle/working returncode=0 duration_seconds=1.873
[sh] git -C /kaggle/working/vendor/policy-learn checkout -q a84adff1cde410fd6ffd098ccd7e813cd60656f0
[event] command_start command=git -C /kaggle/working/vendor/policy-learn checkout -q a84adff1cde410fd6ffd098ccd7e813cd60656f0 cwd=/kaggle/working timeout_seconds=120
[event] command_end command=git -C /kaggle/working/vendor/policy-learn checkout -q a84adff1cde410fd6ffd098ccd7e813cd60656f0 cwd=/kaggle/working returncode=0 duration_seconds=0.01
[repo] policy: a84adff1cde4
[sh] /usr/local/bin/uv pip install --python /kaggle/working/.venv310/bin/python -q -e /kaggle/working/vendor/policy-learn --no-build-isolation torch==1.13.0 torchvision==0.14.0
[event] command_start command=/usr/local/bin/uv pip install --python /kaggle/working/.venv310/bin/python -q -e /kaggle/working/vendor/policy-learn --no-build-isolation torch==1.13.0 torchvision==0.14.0 cwd=/kaggle/working timeout_seconds=1800

ds(dist_name, unpacked, lib,
      tmp)
        File
      "/kaggle/working/.venv310/lib/python3.10/site-packages/setuptools/command/editable_wheel.py",
      line 263, in _run_build_commands
          self._run_build_subcommands()
        File
      "/kaggle/working/.venv310/lib/python3.10/site-packages/setuptools/command/editable_wheel.py",
      line 290, in _run_build_subcommands
          self.run_command(name)
        File
      "/kaggle/working/.venv310/lib/python3.10/site-packages/setuptools/_distutils/cmd.py",
      line 357, in run_command
          self.distribution.run_command(command)
        File
      "/kaggle/working/.venv310/lib/python3.10/site-packages/setuptools/dist.py",
      line 1104, in run_command
          super().run_command(command)
        File
      "/kaggle/working/.venv310/lib/python3.10/site-packages/setuptools/_distutils/dist.py",
      line 1021, in run_command
          cmd_obj.run()
        File
      "/kaggle/working/.venv310/lib/python3.10/site-packages/setuptools/command/build_ext.py",
      line 99, in run
          _build_ext.run(self)
        File
      "/kaggle/working/.venv310/lib/python3.10/site-packages/setuptools/_distutils/command/build_ext.py",
      line 368, in run
          self.build_extensions()
        File
      "/kaggle/working/.venv310/lib/python3.10/site-packages/torch/utils/cpp_extension.py",
      line 499, in build_extensions
          _check_cuda_version(compiler_name, compiler_version)
        File
      "/kaggle/working/.venv310/lib/python3.10/site-packages/torch/utils/cpp_extension.py",
      line 386, in _check_cuda_version
          raise RuntimeError(CUDA_MISMATCH_MESSAGE.format(cuda_str_version,
      torch.version.cuda))
      RuntimeError:
      The detected CUDA version (12.8) mismatches the version that was used
      to compile
      PyTorch (11.7). Please make sure to use the same CUDA versions.


      hint: This usually indicates a problem with the package or the build
      environment.

[event] command_end command=/usr/local/bin/uv pip install --python /kaggle/working/.venv310/bin/python -q -e /kaggle/working/vendor/policy-learn --no-build-isolation torch==1.13.0 torchvision==0.14.0 cwd=/kaggle/working returncode=1 duration_seconds=3.806 stderr_tail=ckages/setuptools/command/build_ext.py",
      line 99, in run
          _build_ext.run(self)
        File
      "/kaggle/working/.venv310/lib/python3.10/site-packages/setuptools/_distutils/command/build_ext.py",
      line 368, in run
          self.build_extensions()
        File
      "/kaggle/working/.venv310/lib/python3.10/site-packages/torch/utils/cpp_extension.py",
      line 499, in build_extensions
          _check_cuda_version(compiler_name, compiler_version)
        File
      "/kaggle/working/.venv310/lib/python3.10/site-packages/torch/utils/cpp_extension.py",
      line 386, in _check_cuda_version
          raise RuntimeError(CUDA_MISMATCH_MESSAGE.format(cuda_str_version,
      torch.version.cuda))
      RuntimeError:
      The detected CUDA version (12.8) mismatches the version that was used
      to compile
      PyTorch (11.7). Please make sure to use the same CUDA versions.


      hint: This usually indicates a problem with the package or the build
      environment.

[policy-learn] csrc build returncode=1
[event] setup_end
[sh] /kaggle/working/.venv310/bin/python -c 'import torch, sys; print(torch.cuda.get_device_name(0) if torch.cuda.is_available() else '"'"'CPU-only'"'"'); print(torch.__version__); print(torch.version.cuda or '"'"'none'"'"'); print(torch.cuda.get_device_properties(0).total_memory if torch.cuda.is_available() else 0)'
[event] command_start command=/kaggle/working/.venv310/bin/python -c 'import torch, sys; print(torch.cuda.get_device_name(0) if torch.cuda.is_available() else '"'"'CPU-only'"'"'); print(torch.__version__); print(torch.version.cuda or '"'"'none'"'"'); print(torch.cuda.get_device_properties(0).total_memory if torch.cuda.is_available() else 0)' cwd=/kaggle/working timeout_seconds=120
[event] command_end command=/kaggle/working/.venv310/bin/python -c 'import torch, sys; print(torch.cuda.get_device_name(0) if torch.cuda.is_available() else '"'"'CPU-only'"'"'); print(torch.__version__); print(torch.version.cuda or '"'"'none'"'"'); print(torch.cuda.get_device_properties(0).total_memory if torch.cuda.is_available() else 0)' cwd=/kaggle/working returncode=0 duration_seconds=1.315 stdout_tail=Tesla P100-PCIE-16GB
1.13.0+cu117
11.7
17059545088

[event] runtime_detected gpu_name=Tesla P100-PCIE-16GB torch_version=1.13.0+cu117 cuda_version=11.7 gpu_memory_bytes=17059545088 python_version=3.12.13 platform=Linux-6.12.90+-x86_64-with-glibc2.35 hostname=11af0c087e91
[event] unit_start method=gps dataset=zinc protocol=paper-seeds-provisional seed=0

=== RUN gps zinc seed=0 protocol=paper-seeds-provisional   ===
[event] unit_process_start unit=gps/zinc/seed=0 command=/kaggle/working/.venv310/bin/python main.py --cfg configs/GPS/zinc-GPS+RWSE.yaml wandb.use False seed 0 cwd=/kaggle/working/vendor/GraphGPS log=hod-gnn-results/logs/gps-zinc-0.log timeout_seconds=86400
[event] unit_heartbeat unit=gps/zinc/seed=0 elapsed_seconds=64.4 lines=16 log_bytes=1123
[gps/zinc/seed=0] metric_best: mae
[gps/zinc/seed=0] max_epoch: 2000
[gps/zinc/seed=0] num_warmup_epochs: 50
[gps/zinc/seed=0] train:
[gps/zinc/seed=0] ckpt_best: False
[gps/zinc/seed=0] epoch_resume: -1
[gps/zinc/seed=0] iter_per_epoch: 32
[gps/zinc/seed=0] skip_train_eval: False
[gps/zinc/seed=0] val:
[gps/zinc/seed=0] Start from epoch 0
[gps/zinc/seed=0] Traceback (most recent call last):
[gps/zinc/seed=0] perf[0].append(loggers[0].write_epoch(cur_epoch))
[gps/zinc/seed=0] File "/kaggle/working/vendor/GraphGPS/graphgps/logger.py", line 244, in write_epoch
[gps/zinc/seed=0] 'rmse': reformat(mean_squared_error(true, pred, squared=False)),
[gps/zinc/seed=0] raise TypeError(
[gps/zinc/seed=0] TypeError: got an unexpected keyword argument 'squared'
[event] unit_process_end unit=gps/zinc/seed=0 returncode=1 duration_seconds=99.932 timed_out=False lines=566 log_bytes=20610
[event] registry_append method=gps dataset=zinc protocol=paper-seeds-provisional seed=0 status=runtime_error
[registry] gps/zinc/paper-seeds-provisional/seed=0 mae=None [runtime_error]
[event] unit_end method=gps dataset=zinc protocol=paper-seeds-provisional seed=0 status=runtime_error
[event] unit_start method=gps dataset=zinc protocol=paper-seeds-provisional seed=1

=== RUN gps zinc seed=1 protocol=paper-seeds-provisional   ===
[event] unit_process_start unit=gps/zinc/seed=1 command=/kaggle/working/.venv310/bin/python main.py --cfg configs/GPS/zinc-GPS+RWSE.yaml wandb.use False seed 1 cwd=/kaggle/working/vendor/GraphGPS log=hod-gnn-results/logs/gps-zinc-1.log timeout_seconds=86400
[gps/zinc/seed=1] metric_best: mae
[gps/zinc/seed=1] max_epoch: 2000
[gps/zinc/seed=1] num_warmup_epochs: 50
[gps/zinc/seed=1] train:
[gps/zinc/seed=1] ckpt_best: False
[gps/zinc/seed=1] epoch_resume: -1
[gps/zinc/seed=1] iter_per_epoch: 32
[gps/zinc/seed=1] skip_train_eval: False
[gps/zinc/seed=1] val:
[gps/zinc/seed=1] Start from epoch 0
[gps/zinc/seed=1] Traceback (most recent call last):
[gps/zinc/seed=1] perf[0].append(loggers[0].write_epoch(cur_epoch))
[gps/zinc/seed=1] File "/kaggle/working/vendor/GraphGPS/graphgps/logger.py", line 244, in write_epoch
[gps/zinc/seed=1] 'rmse': reformat(mean_squared_error(true, pred, squared=False)),
[gps/zinc/seed=1] raise TypeError(
[gps/zinc/seed=1] TypeError: got an unexpected keyword argument 'squared'
[event] unit_process_end unit=gps/zinc/seed=1 returncode=1 duration_seconds=40.22 timed_out=False lines=541 log_bytes=18972
[event] registry_append method=gps dataset=zinc protocol=paper-seeds-provisional seed=1 status=runtime_error
[registry] gps/zinc/paper-seeds-provisional/seed=1 mae=None [runtime_error]
[event] unit_end method=gps dataset=zinc protocol=paper-seeds-provisional seed=1 status=runtime_error
[event] unit_start method=gps dataset=moltox21 protocol=paper-seeds-provisional seed=0

=== RUN gps moltox21 seed=0 protocol=paper-seeds-provisional   ===
[event] registry_append method=gps dataset=moltox21 protocol=paper-seeds-provisional seed=0 status=unavailable
[registry] gps/moltox21/paper-seeds-provisional/seed=0 roc_auc=None [unavailable]
[event] unit_end method=gps dataset=moltox21 protocol=paper-seeds-provisional seed=0 status=unavailable
[event] unit_start method=gps dataset=moltox21 protocol=paper-seeds-provisional seed=1

=== RUN gps moltox21 seed=1 protocol=paper-seeds-provisional   ===
[event] registry_append method=gps dataset=moltox21 protocol=paper-seeds-provisional seed=1 status=unavailable
[registry] gps/moltox21/paper-seeds-provisional/seed=1 roc_auc=None [unavailable]
[event] unit_end method=gps dataset=moltox21 protocol=paper-seeds-provisional seed=1 status=unavailable
[event] unit_start method=gps dataset=molhiv protocol=paper-seeds-provisional seed=0

=== RUN gps molhiv seed=0 protocol=paper-seeds-provisional   ===
[event] unit_process_start unit=gps/molhiv/seed=0 command=/kaggle/working/.venv310/bin/python main.py --cfg configs/GPS/ogbg-molhiv-GPS+RWSE.yaml wandb.use False seed 0 cwd=/kaggle/working/vendor/GraphGPS log=hod-gnn-results/logs/gps-molhiv-0.log timeout_seconds=86400
[gps/molhiv/seed=0] metric_best: auc
[gps/molhiv/seed=0] max_epoch: 100
[gps/molhiv/seed=0] num_warmup_epochs: 5
[gps/molhiv/seed=0] train:
[gps/molhiv/seed=0] ckpt_best: False
[gps/molhiv/seed=0] epoch_resume: -1
[gps/molhiv/seed=0] iter_per_epoch: 32
[gps/molhiv/seed=0] skip_train_eval: False
[gps/molhiv/seed=0] val:
[event] unit_heartbeat unit=gps/molhiv/seed=0 elapsed_seconds=64.5 lines=533 log_bytes=19032
[event] unit_heartbeat unit=gps/molhiv/seed=0 elapsed_seconds=124.6 lines=533 log_bytes=19032
[gps/molhiv/seed=0] Start from epoch 0
[gps/molhiv/seed=0] train: {'epoch': 0, 'time_epoch': 93.21285, 'eta': 9228.07185, 'eta_hours': 2.56335, 'loss': 0.68202921, 'lr': 0.0, 'params': 558673, 'time_iter': 0.09059, 'accuracy': 0.78402, 'precision': 0.02614, 'recall': 0.13149, 'f1': 0.04361, 'auc': 0.47036}
[gps/molhiv/seed=0] ...computing epoch stats took: 0.06s
[gps/molhiv/seed=0] val: {'epoch': 0, 'time_epoch': 3.44223, 'loss': 0.67838886, 'lr': 0, 'params': 558673, 'time_iter': 0.02668, 'accuracy': 0.82373, 'precision': 0.01212, 'recall': 0.09877, 'f1': 0.02159, 'auc': 0.46085}
[gps/molhiv/seed=0] ...computing epoch stats took: 0.02s
[gps/molhiv/seed=0] test: {'epoch': 0, 'time_epoch': 3.51254, 'loss': 0.67922011, 'lr': 0, 'params': 558673, 'time_iter': 0.02723, 'accuracy': 0.78823, 'precision': 0.03161, 'recall': 0.19231, 'f1': 0.05429, 'auc': 0.48608}
[gps/molhiv/seed=0] ...computing epoch stats took: 0.02s
[gps/molhiv/seed=0] > Epoch 0: took 100.3s (avg 100.3s) | Best so far: epoch 0	train_loss: 0.6820 train_auc: 0.4704	val_loss: 0.6784 val_auc: 0.4608	test_loss: 0.6792 test_auc: 0.4861
[event] unit_heartbeat unit=gps/molhiv/seed=0 elapsed_seconds=184.8 lines=541 log_bytes=19982
[event] unit_heartbeat unit=gps/molhiv/seed=0 elapsed_seconds=244.9 lines=541 log_bytes=19982
[gps/molhiv/seed=0] train: {'epoch': 1, 'time_epoch': 91.07251, 'eta': 9029.98263, 'eta_hours': 2.50833, 'loss': 0.41371602, 'lr': 2e-05, 'params': 558673, 'time_iter': 0.08851, 'accuracy': 0.95848, 'precision': 0.0411, 'recall': 0.00487, 'f1': 0.00871, 'auc': 0.54058}
[gps/molhiv/seed=0] ...computing epoch stats took: 0.06s
[gps/molhiv/seed=0] val: {'epoch': 1, 'time_epoch': 3.26243, 'loss': 0.1930278, 'lr': 0, 'params': 558673, 'time_iter': 0.02529, 'accuracy': 0.98031, 'precision': 0.0, 'recall': 0.0, 'f1': 0.0, 'auc': 0.62784}
[gps/molhiv/seed=0] ...computing epoch stats took: 0.02s
[gps/molhiv/seed=0] test: {'epoch': 1, 'time_epoch': 3.22502, 'loss': 0.20895755, 'lr': 0, 'params': 558673, 'time_iter': 0.025, 'accuracy': 0.96839, 'precision': 0.0, 'recall': 0.0, 'f1': 0.0, 'auc': 0.63497}
[gps/molhiv/seed=0] ...computing epoch stats took: 0.01s
[gps/molhiv/seed=0] > Epoch 1: took 97.7s (avg 99.0s) | Best so far: epoch 1	train_loss: 0.4137 train_auc: 0.5406	val_loss: 0.1930 val_auc: 0.6278	test_loss: 0.2090 test_auc: 0.6350
[event] unit_heartbeat unit=gps/molhiv/seed=0 elapsed_seconds=307.5 lines=552 log_bytes=21539
[gps/molhiv/seed=0] train: {'epoch': 2, 'time_epoch': 90.19787, 'eta': 8874.95786, 'eta_hours': 2.46527, 'loss': 0.16818652, 'lr': 4e-05, 'params': 558673, 'time_iter': 0.08766, 'accuracy': 0.96255, 'precision': 0.0, 'recall': 0.0, 'f1': 0.0, 'auc': 0.62232}
[gps/molhiv/seed=0] ...computing epoch stats took: 0.05s
[gps/molhiv/seed=0] val: {'epoch': 2, 'time_epoch': 3.26412, 'loss': 0.09711662, 'lr': 0, 'params': 558673, 'time_iter': 0.0253, 'accuracy': 0.98031, 'precision': 0.0, 'recall': 0.0, 'f1': 0.0, 'auc': 0.70908}
[gps/molhiv/seed=0] ...computing epoch stats took: 0.01s
[gps/molhiv/seed=0] test: {'epoch': 2, 'time_epoch': 3.31121, 'loss': 0.12950809, 'lr': 0, 'params': 558673, 'time_iter': 0.02567, 'accuracy': 0.96839, 'precision': 0.0, 'recall': 0.0, 'f1': 0.0, 'auc': 0.73438}
[gps/molhiv/seed=0] ...computing epoch stats took: 0.01s
[gps/molhiv/seed=0] > Epoch 2: took 96.9s (avg 98.3s) | Best so far: epoch 2	train_loss: 0.1682 train_auc: 0.6223	val_loss: 0.0971 val_auc: 0.7091	test_loss: 0.1295 test_auc: 0.7344
[event] unit_heartbeat unit=gps/molhiv/seed=0 elapsed_seconds=369.4 lines=565 log_bytes=23414
[event] unit_heartbeat unit=gps/molhiv/seed=0 elapsed_seconds=429.5 lines=565 log_bytes=23414
[gps/molhiv/seed=0] train: {'epoch': 3, 'time_epoch': 92.68201, 'eta': 8811.96577, 'eta_hours': 2.44777, 'loss': 0.1439971, 'lr': 6e-05, 'params': 558673, 'time_iter': 0.09007, 'accuracy': 0.96255, 'precision': 0.0, 'recall': 0.0, 'f1': 0.0, 'auc': 0.72091}
[gps/molhiv/seed=0] val: {'epoch': 3, 'time_epoch': 3.28097, 'loss': 0.08786024, 'lr': 0, 'params': 558673, 'time_iter': 0.02543, 'accuracy': 0.98031, 'precision': 0.0, 'recall': 0.0, 'f1': 0.0, 'auc': 0.71836}
[gps/molhiv/seed=0] test: {'epoch': 3, 'time_epoch': 3.29363, 'loss': 0.12369488, 'lr': 0, 'params': 558673, 'time_iter': 0.02553, 'accuracy': 0.96839, 'precision': 0.0, 'recall': 0.0, 'f1': 0.0, 'auc': 0.71608}
[gps/molhiv/seed=0] > Epoch 3: took 99.4s (avg 98.6s) | Best so far: epoch 3	train_loss: 0.1440 train_auc: 0.7209	val_loss: 0.0879 val_auc: 0.7184	test_loss: 0.1237 test_auc: 0.7161
[event] unit_heartbeat unit=gps/molhiv/seed=0 elapsed_seconds=493.8 lines=575 log_bytes=25178
[gps/molhiv/seed=0] train: {'epoch': 4, 'time_epoch': 90.80776, 'eta': 8701.487, 'eta_hours': 2.41708, 'loss': 0.13652153, 'lr': 8e-05, 'params': 558673, 'time_iter': 0.08825, 'accuracy': 0.96255, 'precision': 0.0, 'recall': 0.0, 'f1': 0.0, 'auc': 0.76138}
[gps/molhiv/seed=0] val: {'epoch': 4, 'time_epoch': 3.33564, 'loss': 0.08726155, 'lr': 0, 'params': 558673, 'time_iter': 0.02586, 'accuracy': 0.98031, 'precision': 0.0, 'recall': 0.0, 'f1': 0.0, 'auc': 0.74346}
[gps/molhiv/seed=0] test: {'epoch': 4, 'time_epoch': 3.32014, 'loss': 0.12197304, 'lr': 0, 'params': 558673, 'time_iter': 0.02574, 'accuracy': 0.96839, 'precision': 0.0, 'recall': 0.0, 'f1': 0.0, 'auc': 0.74913}
[gps/molhiv/seed=0] > Epoch 4: took 97.6s (avg 98.4s) | Best so far: epoch 4	train_loss: 0.1365 train_auc: 0.7614	val_loss: 0.0873 val_auc: 0.7435	test_loss: 0.1220 test_auc: 0.7491
[event] unit_heartbeat unit=gps/molhiv/seed=0 elapsed_seconds=556.3 lines=585 log_bytes=26941
[event] unit_heartbeat unit=gps/molhiv/seed=0 elapsed_seconds=616.4 lines=585 log_bytes=26941
[gps/molhiv/seed=0] train: {'epoch': 5, 'time_epoch': 93.90659, 'eta': 8646.11357, 'eta_hours': 2.4017, 'loss': 0.13141168, 'lr': 0.0001, 'params': 558673, 'time_iter': 0.09126, 'accuracy': 0.96255, 'precision': 0.0, 'recall': 0.0, 'f1': 0.0, 'auc': 0.77919}
[gps/molhiv/seed=0] val: {'epoch': 5, 'time_epoch': 3.2541, 'loss': 0.08622461, 'lr': 0, 'params': 558673, 'time_iter': 0.02523, 'accuracy': 0.98031, 'precision': 0.0, 'recall': 0.0, 'f1': 0.0, 'auc': 0.73175}
[gps/molhiv/seed=0] test: {'epoch': 5, 'time_epoch': 3.29858, 'loss': 0.11813481, 'lr': 0, 'params': 558673, 'time_iter': 0.02557, 'accuracy': 0.96839, 'precision': 0.0, 'recall': 0.0, 'f1': 0.0, 'auc': 0.75448}
[gps/molhiv/seed=0] > Epoch 5: took 100.6s (avg 98.7s) | Best so far: epoch 4	train_loss: 0.1365 train_auc: 0.7614	val_loss: 0.0873 val_auc: 0.7435	test_loss: 0.1220 test_auc: 0.7491
[event] unit_heartbeat unit=gps/molhiv/seed=0 elapsed_seconds=677.0 lines=595 log_bytes=28706
[event] unit_heartbeat unit=gps/molhiv/seed=0 elapsed_seconds=737.0 lines=595 log_bytes=28706
[gps/molhiv/seed=0] train: {'epoch': 6, 'time_epoch': 92.10541, 'eta': 8555.80067, 'eta_hours': 2.37661, 'loss': 0.1277104, 'lr': 9.997e-05, 'params': 558673, 'time_iter': 0.08951, 'accuracy': 0.96337, 'precision': 0.608, 'recall': 0.06169, 'f1': 0.11201, 'auc': 0.79513}
[gps/molhiv/seed=0] val: {'epoch': 6, 'time_epoch': 3.29197, 'loss': 0.08769982, 'lr': 0, 'params': 558673, 'time_iter': 0.02552, 'accuracy': 0.98128, 'precision': 0.83333, 'recall': 0.06173, 'f1': 0.11494, 'auc': 0.73539}
[gps/molhiv/seed=0] test: {'epoch': 6, 'time_epoch': 3.26123, 'loss': 0.12302851, 'lr': 0, 'params': 558673, 'time_iter': 0.02528, 'accuracy': 0.96888, 'precision': 0.625, 'recall': 0.03846, 'f1': 0.07246, 'auc': 0.73633}
[gps/molhiv/seed=0] > Epoch 6: took 98.8s (avg 98.7s) | Best so far: epoch 4	train_loss: 0.1365 train_auc: 0.7614	val_loss: 0.0873 val_auc: 0.7435	test_loss: 0.1220 test_auc: 0.7491
[event] unit_heartbeat unit=gps/molhiv/seed=0 elapsed_seconds=800.8 lines=599 log_bytes=29525
[gps/molhiv/seed=0] train: {'epoch': 7, 'time_epoch': 93.26612, 'eta': 8478.38788, 'eta_hours': 2.35511, 'loss': 0.12363952, 'lr': 9.989e-05, 'params': 558673, 'time_iter': 0.09064, 'accuracy': 0.96477, 'precision': 0.64659, 'recall': 0.13068, 'f1': 0.21742, 'auc': 0.80654}
[gps/molhiv/seed=0] val: {'epoch': 7, 'time_epoch': 3.23836, 'loss': 0.08838087, 'lr': 0, 'params': 558673, 'time_iter': 0.0251, 'accuracy': 0.98006, 'precision': 0.48387, 'recall': 0.18519, 'f1': 0.26786, 'auc': 0.73027}
[gps/molhiv/seed=0] test: {'epoch': 7, 'time_epoch': 3.36667, 'loss': 0.12295257, 'lr': 0, 'params': 558673, 'time_iter': 0.0261, 'accuracy': 0.96791, 'precision': 0.48276, 'recall': 0.21538, 'f1': 0.29787, 'auc': 0.7441}
[gps/molhiv/seed=0] > Epoch 7: took 100.0s (avg 98.9s) | Best so far: epoch 4	train_loss: 0.1365 train_auc: 0.7614	val_loss: 0.0873 val_auc: 0.7435	test_loss: 0.1220 test_auc: 0.7491
[event] unit_heartbeat unit=gps/molhiv/seed=0 elapsed_seconds=865.7 lines=603 log_bytes=30347
[event] unit_heartbeat unit=gps/molhiv/seed=0 elapsed_seconds=925.8 lines=603 log_bytes=30347
[gps/molhiv/seed=0] train: {'epoch': 8, 'time_epoch': 93.34214, 'eta': 8398.22076, 'eta_hours': 2.33284, 'loss': 0.12083319, 'lr': 9.975e-05, 'params': 558673, 'time_iter': 0.09071, 'accuracy': 0.96553, 'precision': 0.6201, 'recall': 0.20536, 'f1': 0.30854, 'auc': 0.82016}
[gps/molhiv/seed=0] val: {'epoch': 8, 'time_epoch': 3.49296, 'loss': 0.07890011, 'lr': 0, 'params': 558673, 'time_iter': 0.02708, 'accuracy': 0.98152, 'precision': 0.6, 'recall': 0.18519, 'f1': 0.28302, 'auc': 0.76164}
[gps/molhiv/seed=0] test: {'epoch': 8, 'time_epoch': 3.51442, 'loss': 0.11440462, 'lr': 0, 'params': 558673, 'time_iter': 0.02724, 'accuracy': 0.97082, 'precision': 0.61364, 'recall': 0.20769, 'f1': 0.31034, 'auc': 0.75995}
[gps/molhiv/seed=0] > Epoch 8: took 100.5s (avg 99.1s) | Best so far: epoch 8	train_loss: 0.1208 train_auc: 0.8202	val_loss: 0.0789 val_auc: 0.7616	test_loss: 0.1144 test_auc: 0.7600
[event] unit_heartbeat unit=gps/molhiv/seed=0 elapsed_seconds=986.3 lines=607 log_bytes=31167
[gps/molhiv/seed=0] train: {'epoch': 9, 'time_epoch': 95.23982, 'eta': 8332.4977, 'eta_hours': 2.31458, 'loss': 0.11692729, 'lr': 9.956e-05, 'params': 558673, 'time_iter': 0.09256, 'accuracy': 0.96672, 'precision': 0.65893, 'recall': 0.23052, 'f1': 0.34155, 'auc': 0.83156}
[gps/molhiv/seed=0] val: {'epoch': 9, 'time_epoch': 3.33066, 'loss': 0.0778578, 'lr': 0, 'params': 558673, 'time_iter': 0.02582, 'accuracy': 0.98104, 'precision': 0.57895, 'recall': 0.1358, 'f1': 0.22, 'auc': 0.75407}
[gps/molhiv/seed=0] test: {'epoch': 9, 'time_epoch': 3.34766, 'loss': 0.11785411, 'lr': 0, 'params': 558673, 'time_iter': 0.02595, 'accuracy': 0.97034, 'precision': 0.72222, 'recall': 0.1, 'f1': 0.17568, 'auc': 0.75798}
[event] unit_heartbeat unit=gps/molhiv/seed=0 elapsed_seconds=1048.3 lines=610 log_bytes=31819
[gps/molhiv/seed=0] > Epoch 9: took 102.1s (avg 99.4s) | Best so far: epoch 8	train_loss: 0.1208 train_auc: 0.8202	val_loss: 0.0789 val_auc: 0.7616	test_loss: 0.1144 test_auc: 0.7600
[event] unit_heartbeat unit=gps/molhiv/seed=0 elapsed_seconds=1108.3 lines=611 log_bytes=31982
[gps/molhiv/seed=0] train: {'epoch': 10, 'time_epoch': 93.07198, 'eta': 8243.86823, 'eta_hours': 2.28996, 'loss': 0.11516331, 'lr': 9.932e-05, 'params': 558673, 'time_iter': 0.09045, 'accuracy': 0.96717, 'precision': 0.65966, 'recall': 0.25487, 'f1': 0.36768, 'auc': 0.83472}
[gps/molhiv/seed=0] val: {'epoch': 10, 'time_epoch': 3.47131, 'loss': 0.07971179, 'lr': 0, 'params': 558673, 'time_iter': 0.02691, 'accuracy': 0.98128, 'precision': 0.57143, 'recall': 0.19753, 'f1': 0.29358, 'auc': 0.77215}
[gps/molhiv/seed=0] test: {'epoch': 10, 'time_epoch': 3.38762, 'loss': 0.11933534, 'lr': 0, 'params': 558673, 'time_iter': 0.02626, 'accuracy': 0.96864, 'precision': 0.5122, 'recall': 0.16154, 'f1': 0.24561, 'auc': 0.7587}
[gps/molhiv/seed=0] > Epoch 10: took 100.1s (avg 99.4s) | Best so far: epoch 10	train_loss: 0.1152 train_auc: 0.8347	val_loss: 0.0797 val_auc: 0.7722	test_loss: 0.1193 test_auc: 0.7587
[event] unit_heartbeat unit=gps/molhiv/seed=0 elapsed_seconds=1168.4 lines=615 log_bytes=32810
[event] unit_heartbeat unit=gps/molhiv/seed=0 elapsed_seconds=1228.4 lines=615 log_bytes=32810
[gps/molhiv/seed=0] train: {'epoch': 11, 'time_epoch': 90.56953, 'eta': 8136.14702, 'eta_hours': 2.26004, 'loss': 0.11248674, 'lr': 9.902e-05, 'params': 558673, 'time_iter': 0.08802, 'accuracy': 0.96763, 'precision': 0.65784, 'recall': 0.28247, 'f1': 0.39523, 'auc': 0.84488}
[gps/molhiv/seed=0] val: {'epoch': 11, 'time_epoch': 3.22707, 'loss': 0.07577947, 'lr': 0, 'params': 558673, 'time_iter': 0.02502, 'accuracy': 0.98201, 'precision': 0.62069, 'recall': 0.22222, 'f1': 0.32727, 'auc': 0.79613}
[gps/molhiv/seed=0] test: {'epoch': 11, 'time_epoch': 3.38976, 'loss': 0.12082784, 'lr': 0, 'params': 558673, 'time_iter': 0.02628, 'accuracy': 0.96912, 'precision': 0.53659, 'recall': 0.16923, 'f1': 0.25731, 'auc': 0.75478}
[gps/molhiv/seed=0] > Epoch 11: took 97.3s (avg 99.3s) | Best so far: epoch 11	train_loss: 0.1125 train_auc: 0.8449	val_loss: 0.0758 val_auc: 0.7961	test_loss: 0.1208 test_auc: 0.7548
[event] unit_heartbeat unit=gps/molhiv/seed=0 elapsed_seconds=1290.7 lines=619 log_bytes=33639
[gps/molhiv/seed=0] train: {'epoch': 12, 'time_epoch': 91.73848, 'eta': 8038.88751, 'eta_hours': 2.23302, 'loss': 0.11134065, 'lr': 9.867e-05, 'params': 558673, 'time_iter': 0.08915, 'accuracy': 0.96815, 'precision': 0.6685, 'recall': 0.29627, 'f1': 0.41057, 'auc': 0.84405}
[gps/molhiv/seed=0] val: {'epoch': 12, 'time_epoch': 3.2139, 'loss': 0.07860098, 'lr': 0, 'params': 558673, 'time_iter': 0.02491, 'accuracy': 0.97982, 'precision': 0.46667, 'recall': 0.17284, 'f1': 0.25225, 'auc': 0.7832}
[gps/molhiv/seed=0] test: {'epoch': 12, 'time_epoch': 3.26325, 'loss': 0.11487466, 'lr': 0, 'params': 558673, 'time_iter': 0.0253, 'accuracy': 0.97082, 'precision': 0.57812, 'recall': 0.28462, 'f1': 0.38144, 'auc': 0.77105}
[gps/molhiv/seed=0] > Epoch 12: took 98.3s (avg 99.2s) | Best so far: epoch 11	train_loss: 0.1125 train_auc: 0.8449	val_loss: 0.0758 val_auc: 0.7961	test_loss: 0.1208 test_auc: 0.7548
[event] unit_heartbeat unit=gps/molhiv/seed=0 elapsed_seconds=1354.0 lines=623 log_bytes=34464
[event] unit_heartbeat unit=gps/molhiv/seed=0 elapsed_seconds=1414.1 lines=623 log_bytes=34464
[gps/molhiv/seed=0] train: {'epoch': 13, 'time_epoch': 92.163, 'eta': 7945.02447, 'eta_hours': 2.20695, 'loss': 0.10786588, 'lr': 9.826e-05, 'params': 558673, 'time_iter': 0.08957, 'accuracy': 0.96897, 'precision': 0.68221, 'recall': 0.32062, 'f1': 0.43622, 'auc': 0.85737}
[gps/molhiv/seed=0] val: {'epoch': 13, 'time_epoch': 3.19856, 'loss': 0.07397815, 'lr': 0, 'params': 558673, 'time_iter': 0.0248, 'accuracy': 0.98274, 'precision': 0.65625, 'recall': 0.25926, 'f1': 0.37168, 'auc': 0.77357}
[gps/molhiv/seed=0] test: {'epoch': 13, 'time_epoch': 3.30674, 'loss': 0.11395791, 'lr': 0, 'params': 558673, 'time_iter': 0.02563, 'accuracy': 0.9718, 'precision': 0.625, 'recall': 0.26923, 'f1': 0.37634, 'auc': 0.77072}
[gps/molhiv/seed=0] > Epoch 13: took 98.8s (avg 99.2s) | Best so far: epoch 11	train_loss: 0.1125 train_auc: 0.8449	val_loss: 0.0758 val_auc: 0.7961	test_loss: 0.1208 test_auc: 0.7548
[event] unit_heartbeat unit=gps/molhiv/seed=0 elapsed_seconds=1477.8 lines=627 log_bytes=35287
[gps/molhiv/seed=0] train: {'epoch': 14, 'time_epoch': 92.74834, 'eta': 7854.70503, 'eta_hours': 2.18186, 'loss': 0.10674027, 'lr': 9.78e-05, 'params': 558673, 'time_iter': 0.09013, 'accuracy': 0.96958, 'precision': 0.69744, 'recall': 0.33117, 'f1': 0.44909, 'auc': 0.85692}
[gps/molhiv/seed=0] val: {'epoch': 14, 'time_epoch': 3.34808, 'loss': 0.07986309, 'lr': 0, 'params': 558673, 'time_iter': 0.02595, 'accuracy': 0.98201, 'precision': 0.60606, 'recall': 0.24691, 'f1': 0.35088, 'auc': 0.77243}
[event] unit_heartbeat unit=gps/molhiv/seed=0 elapsed_seconds=1539.0 lines=629 log_bytes=35746
[gps/molhiv/seed=0] test: {'epoch': 14, 'time_epoch': 3.31979, 'loss': 0.12143653, 'lr': 0, 'params': 558673, 'time_iter': 0.02573, 'accuracy': 0.96839, 'precision': 0.5, 'recall': 0.15385, 'f1': 0.23529, 'auc': 0.76285}
[gps/molhiv/seed=0] > Epoch 14: took 99.6s (avg 99.2s) | Best so far: epoch 11	train_loss: 0.1125 train_auc: 0.8449	val_loss: 0.0758 val_auc: 0.7961	test_loss: 0.1208 test_auc: 0.7548
[event] unit_heartbeat unit=gps/molhiv/seed=0 elapsed_seconds=1602.4 lines=631 log_bytes=36111
[gps/molhiv/seed=0] train: {'epoch': 15, 'time_epoch': 92.37463, 'eta': 7762.12001, 'eta_hours': 2.15614, 'loss': 0.10625501, 'lr': 9.729e-05, 'params': 558673, 'time_iter': 0.08977, 'accuracy': 0.96994, 'precision': 0.70284, 'recall': 0.34172, 'f1': 0.45986, 'auc': 0.86218}
[gps/molhiv/seed=0] val: {'epoch': 15, 'time_epoch': 3.38199, 'loss': 0.07902124, 'lr': 0, 'params': 558673, 'time_iter': 0.02622, 'accuracy': 0.98152, 'precision': 0.58065, 'recall': 0.22222, 'f1': 0.32143, 'auc': 0.76693}
[gps/molhiv/seed=0] test: {'epoch': 15, 'time_epoch': 3.22101, 'loss': 0.11892408, 'lr': 0, 'params': 558673, 'time_iter': 0.02497, 'accuracy': 0.96864, 'precision': 0.50943, 'recall': 0.20769, 'f1': 0.29508, 'auc': 0.76341}
[gps/molhiv/seed=0] > Epoch 15: took 99.1s (avg 99.2s) | Best so far: epoch 11	train_loss: 0.1125 train_auc: 0.8449	val_loss: 0.0758 val_auc: 0.7961	test_loss: 0.1208 test_auc: 0.7548
[event] unit_heartbeat unit=gps/molhiv/seed=0 elapsed_seconds=1666.5 lines=635 log_bytes=36940
[event] unit_heartbeat unit=gps/molhiv/seed=0 elapsed_seconds=1726.5 lines=635 log_bytes=36940
[gps/molhiv/seed=0] train: {'epoch': 16, 'time_epoch': 93.4038, 'eta': 7674.58449, 'eta_hours': 2.13183, 'loss': 0.10413606, 'lr': 9.673e-05, 'params': 558673, 'time_iter': 0.09077, 'accuracy': 0.97024, 'precision': 0.71332, 'recall': 0.34334, 'f1': 0.46356, 'auc': 0.8707}
[gps/molhiv/seed=0] val: {'epoch': 16, 'time_epoch': 3.30582, 'loss': 0.08250319, 'lr': 0, 'params': 558673, 'time_iter': 0.02563, 'accuracy': 0.98055, 'precision': 0.51064, 'recall': 0.2963, 'f1': 0.375, 'auc': 0.77101}
[gps/molhiv/seed=0] test: {'epoch': 16, 'time_epoch': 3.29221, 'loss': 0.12094049, 'lr': 0, 'params': 558673, 'time_iter': 0.02552, 'accuracy': 0.96742, 'precision': 0.47674, 'recall': 0.31538, 'f1': 0.37963, 'auc': 0.7658}
[gps/molhiv/seed=0] > Epoch 16: took 100.1s (avg 99.2s) | Best so far: epoch 11	train_loss: 0.1125 train_auc: 0.8449	val_loss: 0.0758 val_auc: 0.7961	test_loss: 0.1208 test_auc: 0.7548
[event] unit_heartbeat unit=gps/molhiv/seed=0 elapsed_seconds=1786.6 lines=639 log_bytes=37764
[gps/molhiv/seed=0] train: {'epoch': 17, 'time_epoch': 95.68384, 'eta': 7596.78381, 'eta_hours': 2.11022, 'loss': 0.10310377, 'lr': 9.611e-05, 'params': 558673, 'time_iter': 0.09299, 'accuracy': 0.97024, 'precision': 0.70175, 'recall': 0.35714, 'f1': 0.47337, 'auc': 0.87562}
[gps/molhiv/seed=0] val: {'epoch': 17, 'time_epoch': 3.37166, 'loss': 0.07730303, 'lr': 0, 'params': 558673, 'time_iter': 0.02614, 'accuracy': 0.98274, 'precision': 0.66667, 'recall': 0.24691, 'f1': 0.36036, 'auc': 0.7689}
[gps/molhiv/seed=0] test: {'epoch': 17, 'time_epoch': 3.51315, 'loss': 0.12360393, 'lr': 0, 'params': 558673, 'time_iter': 0.02723, 'accuracy': 0.96937, 'precision': 0.54167, 'recall': 0.2, 'f1': 0.29213, 'auc': 0.76077}
[gps/molhiv/seed=0] > Epoch 17: took 102.7s (avg 99.4s) | Best so far: epoch 11	train_loss: 0.1125 train_auc: 0.8449	val_loss: 0.0758 val_auc: 0.7961	test_loss: 0.1208 test_auc: 0.7548
[event] unit_heartbeat unit=gps/molhiv/seed=0 elapsed_seconds=1849.3 lines=643 log_bytes=38589
[event] unit_heartbeat unit=gps/molhiv/seed=0 elapsed_seconds=1909.4 lines=643 log_bytes=38589
[gps/molhiv/seed=0] train: {'epoch': 18, 'time_epoch': 95.55289, 'eta': 7516.54242, 'eta_hours': 2.08793, 'loss': 0.10215882, 'lr': 9.545e-05, 'params': 558673, 'time_iter': 0.09286, 'accuracy': 0.97015, 'precision': 0.70695, 'recall': 0.34659, 'f1': 0.46514, 'auc': 0.87754}
[gps/molhiv/seed=0] val: {'epoch': 18, 'time_epoch': 3.30022, 'loss': 0.07512713, 'lr': 0, 'params': 558673, 'time_iter': 0.02558, 'accuracy': 0.98201, 'precision': 0.6129, 'recall': 0.23457, 'f1': 0.33929, 'auc': 0.79995}
[gps/molhiv/seed=0] test: {'epoch': 18, 'time_epoch': 3.44451, 'loss': 0.11570152, 'lr': 0, 'params': 558673, 'time_iter': 0.0267, 'accuracy': 0.96888, 'precision': 0.51724, 'recall': 0.23077, 'f1': 0.31915, 'auc': 0.78481}
[gps/molhiv/seed=0] > Epoch 18: took 102.4s (avg 99.6s) | Best so far: epoch 18	train_loss: 0.1022 train_auc: 0.8775	val_loss: 0.0751 val_auc: 0.8000	test_loss: 0.1157 test_auc: 0.7848
[event] unit_heartbeat unit=gps/molhiv/seed=0 elapsed_seconds=1971.8 lines=647 log_bytes=39417
[event] unit_heartbeat unit=gps/molhiv/seed=0 elapsed_seconds=2031.9 lines=647 log_bytes=39417
[gps/molhiv/seed=0] train: {'epoch': 19, 'time_epoch': 95.60716, 'eta': 7434.98695, 'eta_hours': 2.06527, 'loss': 0.0999576, 'lr': 9.474e-05, 'params': 558673, 'time_iter': 0.09291, 'accuracy': 0.97146, 'precision': 0.73515, 'recall': 0.37175, 'f1': 0.4938, 'auc': 0.88334}
[gps/molhiv/seed=0] val: {'epoch': 19, 'time_epoch': 3.32456, 'loss': 0.08069839, 'lr': 0, 'params': 558673, 'time_iter': 0.02577, 'accuracy': 0.98079, 'precision': 0.52381, 'recall': 0.2716, 'f1': 0.35772, 'auc': 0.76915}
[gps/molhiv/seed=0] test: {'epoch': 19, 'time_epoch': 3.36306, 'loss': 0.11969928, 'lr': 0, 'params': 558673, 'time_iter': 0.02607, 'accuracy': 0.96985, 'precision': 0.54167, 'recall': 0.3, 'f1': 0.38614, 'auc': 0.78208}
[gps/molhiv/seed=0] > Epoch 19: took 102.4s (avg 99.7s) | Best so far: epoch 18	train_loss: 0.1022 train_auc: 0.8775	val_loss: 0.0751 val_auc: 0.8000	test_loss: 0.1157 test_auc: 0.7848
[event] unit_heartbeat unit=gps/molhiv/seed=0 elapsed_seconds=2094.2 lines=651 log_bytes=40240
[gps/molhiv/seed=0] train: {'epoch': 20, 'time_epoch': 93.70377, 'eta': 7344.93285, 'eta_hours': 2.04026, 'loss': 0.09904563, 'lr': 9.397e-05, 'params': 558673, 'time_iter': 0.09106, 'accuracy': 0.97043, 'precision': 0.7072, 'recall': 0.35877, 'f1': 0.47604, 'auc': 0.88788}
[gps/molhiv/seed=0] val: {'epoch': 20, 'time_epoch': 3.2915, 'loss': 0.07738957, 'lr': 0, 'params': 558673, 'time_iter': 0.02552, 'accuracy': 0.98201, 'precision': 0.64, 'recall': 0.19753, 'f1': 0.30189, 'auc': 0.776}
[gps/molhiv/seed=0] test: {'epoch': 20, 'time_epoch': 3.2709, 'loss': 0.12165084, 'lr': 0, 'params': 558673, 'time_iter': 0.02536, 'accuracy': 0.96961, 'precision': 0.56098, 'recall': 0.17692, 'f1': 0.26901, 'auc': 0.76399}
[gps/molhiv/seed=0] > Epoch 20: took 100.4s (avg 99.8s) | Best so far: epoch 18	train_loss: 0.1022 train_auc: 0.8775	val_loss: 0.0751 val_auc: 0.8000	test_loss: 0.1157 test_auc: 0.7848
[event] unit_heartbeat unit=gps/molhiv/seed=0 elapsed_seconds=2154.6 lines=655 log_bytes=41062
[event] unit_heartbeat unit=gps/molhiv/seed=0 elapsed_seconds=2214.7 lines=655 log_bytes=41062
[gps/molhiv/seed=0] train: {'epoch': 21, 'time_epoch': 92.93331, 'eta': 7251.81534, 'eta_hours': 2.01439, 'loss': 0.09691751, 'lr': 9.316e-05, 'params': 558673, 'time_iter': 0.09031, 'accuracy': 0.97152, 'precision': 0.7218, 'recall': 0.38961, 'f1': 0.50606, 'auc': 0.89978}
[gps/molhiv/seed=0] val: {'epoch': 21, 'time_epoch': 3.27565, 'loss': 0.07514328, 'lr': 0, 'params': 558673, 'time_iter': 0.02539, 'accuracy': 0.98201, 'precision': 0.58974, 'recall': 0.28395, 'f1': 0.38333, 'auc': 0.79714}
[gps/molhiv/seed=0] test: {'epoch': 21, 'time_epoch': 3.20012, 'loss': 0.11952473, 'lr': 0, 'params': 558673, 'time_iter': 0.02481, 'accuracy': 0.97131, 'precision': 0.59091, 'recall': 0.3, 'f1': 0.39796, 'auc': 0.78028}
[gps/molhiv/seed=0] > Epoch 21: took 99.5s (avg 99.8s) | Best so far: epoch 18	train_loss: 0.1022 train_auc: 0.8775	val_loss: 0.0751 val_auc: 0.8000	test_loss: 0.1157 test_auc: 0.7848
[event] unit_heartbeat unit=gps/molhiv/seed=0 elapsed_seconds=2279.2 lines=659 log_bytes=41886
[event] unit_heartbeat unit=gps/molhiv/seed=0 elapsed_seconds=2339.2 lines=659 log_bytes=41886
[gps/molhiv/seed=0] train: {'epoch': 22, 'time_epoch': 94.05595, 'eta': 7162.47227, 'eta_hours': 1.98958, 'loss': 0.09540127, 'lr': 9.23e-05, 'params': 558673, 'time_iter': 0.09141, 'accuracy': 0.97167, 'precision': 0.73438, 'recall': 0.38149, 'f1': 0.50214, 'auc': 0.90212}
[gps/molhiv/seed=0] val: {'epoch': 22, 'time_epoch': 3.3019, 'loss': 0.07892029, 'lr': 0, 'params': 558673, 'time_iter': 0.0256, 'accuracy': 0.98225, 'precision': 0.59091, 'recall': 0.32099, 'f1': 0.416, 'auc': 0.77513}
[gps/molhiv/seed=0] test: {'epoch': 22, 'time_epoch': 3.30613, 'loss': 0.13230341, 'lr': 0, 'params': 558673, 'time_iter': 0.02563, 'accuracy': 0.96815, 'precision': 0.48889, 'recall': 0.16923, 'f1': 0.25143, 'auc': 0.75276}
[gps/molhiv/seed=0] > Epoch 22: took 100.8s (avg 99.8s) | Best so far: epoch 18	train_loss: 0.1022 train_auc: 0.8775	val_loss: 0.0751 val_auc: 0.8000	test_loss: 0.1157 test_auc: 0.7848
[event] unit_heartbeat unit=gps/molhiv/seed=0 elapsed_seconds=2400.0 lines=663 log_bytes=42711
[gps/molhiv/seed=0] train: {'epoch': 23, 'time_epoch': 94.55332, 'eta': 7074.31145, 'eta_hours': 1.96509, 'loss': 0.09353994, 'lr': 9.14e-05, 'params': 558673, 'time_iter': 0.09189, 'accuracy': 0.97234, 'precision': 0.7403, 'recall': 0.4026, 'f1': 0.52156, 'auc': 0.90996}
[gps/molhiv/seed=0] val: {'epoch': 23, 'time_epoch': 3.27839, 'loss': 0.08142469, 'lr': 0, 'params': 558673, 'time_iter': 0.02541, 'accuracy': 0.98201, 'precision': 0.59459, 'recall': 0.2716, 'f1': 0.37288, 'auc': 0.75172}
[gps/molhiv/seed=0] test: {'epoch': 23, 'time_epoch': 3.24223, 'loss': 0.12503112, 'lr': 0, 'params': 558673, 'time_iter': 0.02513, 'accuracy': 0.96912, 'precision': 0.52459, 'recall': 0.24615, 'f1': 0.33508, 'auc': 0.75839}
[gps/molhiv/seed=0] > Epoch 23: took 101.2s (avg 99.9s) | Best so far: epoch 18	train_loss: 0.1022 train_auc: 0.8775	val_loss: 0.0751 val_auc: 0.8000	test_loss: 0.1157 test_auc: 0.7848
[event] unit_heartbeat unit=gps/molhiv/seed=0 elapsed_seconds=2461.2 lines=667 log_bytes=43537
[event] unit_heartbeat unit=gps/molhiv/seed=0 elapsed_seconds=2521.2 lines=667 log_bytes=43537
[gps/molhiv/seed=0] train: {'epoch': 24, 'time_epoch': 93.77794, 'eta': 6983.3131, 'eta_hours': 1.93981, 'loss': 0.09293163, 'lr': 9.045e-05, 'params': 558673, 'time_iter': 0.09114, 'accuracy': 0.97286, 'precision': 0.74601, 'recall': 0.41721, 'f1': 0.53514, 'auc': 0.90761}
[gps/molhiv/seed=0] val: {'epoch': 24, 'time_epoch': 3.3241, 'loss': 0.08400981, 'lr': 0, 'params': 558673, 'time_iter': 0.02577, 'accuracy': 0.98128, 'precision': 0.57143, 'recall': 0.19753, 'f1': 0.29358, 'auc': 0.75016}
[gps/molhiv/seed=0] test: {'epoch': 24, 'time_epoch': 3.25457, 'loss': 0.13409302, 'lr': 0, 'params': 558673, 'time_iter': 0.02523, 'accuracy': 0.96888, 'precision': 0.53125, 'recall': 0.13077, 'f1': 0.20988, 'auc': 0.76005}
[gps/molhiv/seed=0] > Epoch 24: took 100.5s (avg 99.9s) | Best so far: epoch 18	train_loss: 0.1022 train_auc: 0.8775	val_loss: 0.0751 val_auc: 0.8000	test_loss: 0.1157 test_auc: 0.7848
[event] unit_heartbeat unit=gps/molhiv/seed=0 elapsed_seconds=2581.7 lines=671 log_bytes=44365
[event] unit_heartbeat unit=gps/molhiv/seed=0 elapsed_seconds=2641.8 lines=671 log_bytes=44365
[gps/molhiv/seed=0] train: {'epoch': 25, 'time_epoch': 93.40599, 'eta': 6891.04229, 'eta_hours': 1.91418, 'loss': 0.09101398, 'lr': 8.946e-05, 'params': 558673, 'time_iter': 0.09077, 'accuracy': 0.97319, 'precision': 0.76596, 'recall': 0.40909, 'f1': 0.53333, 'auc': 0.91296}
[gps/molhiv/seed=0] val: {'epoch': 25, 'time_epoch': 3.22678, 'loss': 0.07915068, 'lr': 0, 'params': 558673, 'time_iter': 0.02501, 'accuracy': 0.98055, 'precision': 0.51064, 'recall': 0.2963, 'f1': 0.375, 'auc': 0.7844}
[gps/molhiv/seed=0] test: {'epoch': 25, 'time_epoch': 3.25515, 'loss': 0.12709996, 'lr': 0, 'params': 558673, 'time_iter': 0.02523, 'accuracy': 0.96718, 'precision': 0.46154, 'recall': 0.23077, 'f1': 0.30769, 'auc': 0.77705}
[gps/molhiv/seed=0] > Epoch 25: took 100.0s (avg 99.9s) | Best so far: epoch 18	train_loss: 0.1022 train_auc: 0.8775	val_loss: 0.0751 val_auc: 0.8000	test_loss: 0.1157 test_auc: 0.7848
[event] unit_heartbeat unit=gps/molhiv/seed=0 elapsed_seconds=2706.7 lines=675 log_bytes=45191
[gps/molhiv/seed=0] train: {'epoch': 26, 'time_epoch': 93.85133, 'eta': 6799.89146, 'eta_hours': 1.88886, 'loss': 0.09242912, 'lr': 8.842e-05, 'params': 558673, 'time_iter': 0.09121, 'accuracy': 0.97237, 'precision': 0.73926, 'recall': 0.40503, 'f1': 0.52334, 'auc': 0.91324}
[gps/molhiv/seed=0] val: {'epoch': 26, 'time_epoch': 3.27842, 'loss': 0.0747071, 'lr': 0, 'params': 558673, 'time_iter': 0.02541, 'accuracy': 0.98347, 'precision': 0.70968, 'recall': 0.2716, 'f1': 0.39286, 'auc': 0.78725}
[gps/molhiv/seed=0] test: {'epoch': 26, 'time_epoch': 3.25391, 'loss': 0.12603964, 'lr': 0, 'params': 558673, 'time_iter': 0.02522, 'accuracy': 0.97034, 'precision': 0.56061, 'recall': 0.28462, 'f1': 0.37755, 'auc': 0.75845}
[gps/molhiv/seed=0] > Epoch 26: took 100.5s (avg 99.9s) | Best so far: epoch 18	train_loss: 0.1022 train_auc: 0.8775	val_loss: 0.0751 val_auc: 0.8000	test_loss: 0.1157 test_auc: 0.7848
[event] unit_heartbeat unit=gps/molhiv/seed=0 elapsed_seconds=2767.2 lines=679 log_bytes=46019
[event] unit_heartbeat unit=gps/molhiv/seed=0 elapsed_seconds=2827.3 lines=679 log_bytes=46019
[gps/molhiv/seed=0] train: {'epoch': 27, 'time_epoch': 94.10106, 'eta': 6709.1899, 'eta_hours': 1.86366, 'loss': 0.0896412, 'lr': 8.734e-05, 'params': 558673, 'time_iter': 0.09145, 'accuracy': 0.97398, 'precision': 0.78144, 'recall': 0.4237, 'f1': 0.54947, 'auc': 0.9176}
[gps/molhiv/seed=0] val: {'epoch': 27, 'time_epoch': 3.28541, 'loss': 0.07860807, 'lr': 0, 'params': 558673, 'time_iter': 0.02547, 'accuracy': 0.98079, 'precision': 0.52632, 'recall': 0.24691, 'f1': 0.33613, 'auc': 0.78617}
[gps/molhiv/seed=0] test: {'epoch': 27, 'time_epoch': 3.32288, 'loss': 0.13130669, 'lr': 0, 'params': 558673, 'time_iter': 0.02576, 'accuracy': 0.96693, 'precision': 0.45, 'recall': 0.20769, 'f1': 0.28421, 'auc': 0.75725}
[gps/molhiv/seed=0] > Epoch 27: took 100.8s (avg 99.9s) | Best so far: epoch 18	train_loss: 0.1022 train_auc: 0.8775	val_loss: 0.0751 val_auc: 0.8000	test_loss: 0.1157 test_auc: 0.7848
[event] unit_heartbeat unit=gps/molhiv/seed=0 elapsed_seconds=2888.1 lines=683 log_bytes=46842
[event] unit_heartbeat unit=gps/molhiv/seed=0 elapsed_seconds=2948.2 lines=683 log_bytes=46842
[gps/molhiv/seed=0] train: {'epoch': 28, 'time_epoch': 99.72681, 'eta': 6632.02728, 'eta_hours': 1.84223, 'loss': 0.08751245, 'lr': 8.622e-05, 'params': 558673, 'time_iter': 0.09692, 'accuracy': 0.97383, 'precision': 0.76845, 'recall': 0.43101, 'f1': 0.55226, 'auc': 0.92703}
[gps/molhiv/seed=0] val: {'epoch': 28, 'time_epoch': 3.49207, 'loss': 0.08103325, 'lr': 0, 'params': 558673, 'time_iter': 0.02707, 'accuracy': 0.98031, 'precision': 0.5, 'recall': 0.19753, 'f1': 0.28319, 'auc': 0.76777}
[gps/molhiv/seed=0] test: {'epoch': 28, 'time_epoch': 3.50754, 'loss': 0.13366532, 'lr': 0, 'params': 558673, 'time_iter': 0.02719, 'accuracy': 0.96912, 'precision': 0.53659, 'recall': 0.16923, 'f1': 0.25731, 'auc': 0.76176}
[gps/molhiv/seed=0] > Epoch 28: took 106.9s (avg 100.2s) | Best so far: epoch 18	train_loss: 0.1022 train_auc: 0.8775	val_loss: 0.0751 val_auc: 0.8000	test_loss: 0.1157 test_auc: 0.7848
[event] unit_heartbeat unit=gps/molhiv/seed=0 elapsed_seconds=3010.0 lines=687 log_bytes=47669
[gps/molhiv/seed=0] train: {'epoch': 29, 'time_epoch': 100.27649, 'eta': 6554.64298, 'eta_hours': 1.82073, 'loss': 0.08680561, 'lr': 8.506e-05, 'params': 558673, 'time_iter': 0.09745, 'accuracy': 0.97383, 'precision': 0.7708, 'recall': 0.42857, 'f1': 0.55086, 'auc': 0.92943}
[gps/molhiv/seed=0] val: {'epoch': 29, 'time_epoch': 3.52035, 'loss': 0.07811392, 'lr': 0, 'params': 558673, 'time_iter': 0.02729, 'accuracy': 0.98201, 'precision': 0.60606, 'recall': 0.24691, 'f1': 0.35088, 'auc': 0.79651}
[gps/molhiv/seed=0] test: {'epoch': 29, 'time_epoch': 3.4919, 'loss': 0.13339241, 'lr': 0, 'params': 558673, 'time_iter': 0.02707, 'accuracy': 0.96766, 'precision': 0.46809, 'recall': 0.16923, 'f1': 0.24859, 'auc': 0.75994}
[gps/molhiv/seed=0] > Epoch 29: took 107.4s (avg 100.4s) | Best so far: epoch 18	train_loss: 0.1022 train_auc: 0.8775	val_loss: 0.0751 val_auc: 0.8000	test_loss: 0.1157 test_auc: 0.7848
[event] unit_heartbeat unit=gps/molhiv/seed=0 elapsed_seconds=3072.4 lines=691 log_bytes=48499
[event] unit_heartbeat unit=gps/molhiv/seed=0 elapsed_seconds=3132.5 lines=691 log_bytes=48499
[gps/molhiv/seed=0] train: {'epoch': 30, 'time_epoch': 102.2985, 'eta': 6480.28235, 'eta_hours': 1.80008, 'loss': 0.08575971, 'lr': 8.386e-05, 'params': 558673, 'time_iter': 0.09942, 'accuracy': 0.97465, 'precision': 0.77871, 'recall': 0.4513, 'f1': 0.57143, 'auc': 0.92799}
[gps/molhiv/seed=0] val: {'epoch': 30, 'time_epoch': 3.55624, 'loss': 0.07793279, 'lr': 0, 'params': 558673, 'time_iter': 0.02757, 'accuracy': 0.98201, 'precision': 0.5814, 'recall': 0.30864, 'f1': 0.40323, 'auc': 0.79139}
[gps/molhiv/seed=0] test: {'epoch': 30, 'time_epoch': 3.42497, 'loss': 0.13039996, 'lr': 0, 'params': 558673, 'time_iter': 0.02655, 'accuracy': 0.96912, 'precision': 0.52381, 'recall': 0.25385, 'f1': 0.34197, 'auc': 0.76565}
[gps/molhiv/seed=0] > Epoch 30: took 109.4s (avg 100.7s) | Best so far: epoch 18	train_loss: 0.1022 train_auc: 0.8775	val_loss: 0.0751 val_auc: 0.8000	test_loss: 0.1157 test_auc: 0.7848
[event] unit_heartbeat unit=gps/molhiv/seed=0 elapsed_seconds=3196.8 lines=695 log_bytes=49328
[event] unit_heartbeat unit=gps/molhiv/seed=0 elapsed_seconds=3256.9 lines=695 log_bytes=49328
[gps/molhiv/seed=0] train: {'epoch': 31, 'time_epoch': 101.70584, 'eta': 6402.91622, 'eta_hours': 1.77859, 'loss': 0.08402941, 'lr': 8.263e-05, 'params': 558673, 'time_iter': 0.09884, 'accuracy': 0.97404, 'precision': 0.76771, 'recall': 0.43994, 'f1': 0.55934, 'auc': 0.93387}
[gps/molhiv/seed=0] val: {'epoch': 31, 'time_epoch': 3.95996, 'loss': 0.08156533, 'lr': 0, 'params': 558673, 'time_iter': 0.0307, 'accuracy': 0.97958, 'precision': 0.46667, 'recall': 0.25926, 'f1': 0.33333, 'auc': 0.78977}
[gps/molhiv/seed=0] test: {'epoch': 31, 'time_epoch': 3.76573, 'loss': 0.139891, 'lr': 0, 'params': 558673, 'time_iter': 0.02919, 'accuracy': 0.96791, 'precision': 0.48214, 'recall': 0.20769, 'f1': 0.29032, 'auc': 0.74936}
[gps/molhiv/seed=0] > Epoch 31: took 109.6s (avg 101.0s) | Best so far: epoch 18	train_loss: 0.1022 train_auc: 0.8775	val_loss: 0.0751 val_auc: 0.8000	test_loss: 0.1157 test_auc: 0.7848
[event] unit_heartbeat unit=gps/molhiv/seed=0 elapsed_seconds=3321.4 lines=699 log_bytes=50157
[event] unit_heartbeat unit=gps/molhiv/seed=0 elapsed_seconds=3381.5 lines=699 log_bytes=50157
[gps/molhiv/seed=0] train: {'epoch': 32, 'time_epoch': 109.98025, 'eta': 6340.8745, 'eta_hours': 1.76135, 'loss': 0.083227, 'lr': 8.136e-05, 'params': 558673, 'time_iter': 0.10688, 'accuracy': 0.97435, 'precision': 0.76431, 'recall': 0.45536, 'f1': 0.5707, 'auc': 0.93821}
[gps/molhiv/seed=0] val: {'epoch': 32, 'time_epoch': 3.83363, 'loss': 0.08056476, 'lr': 0, 'params': 558673, 'time_iter': 0.02972, 'accuracy': 0.98298, 'precision': 0.63415, 'recall': 0.32099, 'f1': 0.42623, 'auc': 0.78056}
[gps/molhiv/seed=0] test: {'epoch': 32, 'time_epoch': 4.00272, 'loss': 0.13323248, 'lr': 0, 'params': 558673, 'time_iter': 0.03103, 'accuracy': 0.97034, 'precision': 0.56452, 'recall': 0.26923, 'f1': 0.36458, 'auc': 0.7665}
[gps/molhiv/seed=0] > Epoch 32: took 118.0s (avg 101.5s) | Best so far: epoch 18	train_loss: 0.1022 train_auc: 0.8775	val_loss: 0.0751 val_auc: 0.8000	test_loss: 0.1157 test_auc: 0.7848
[event] unit_heartbeat unit=gps/molhiv/seed=0 elapsed_seconds=3444.4 lines=703 log_bytes=50984
[event] unit_heartbeat unit=gps/molhiv/seed=0 elapsed_seconds=3504.5 lines=703 log_bytes=50984
[gps/molhiv/seed=0] train: {'epoch': 33, 'time_epoch': 110.47422, 'eta': 6276.97176, 'eta_hours': 1.7436, 'loss': 0.08071386, 'lr': 8.005e-05, 'params': 558673, 'time_iter': 0.10736, 'accuracy': 0.9745, 'precision': 0.76376, 'recall': 0.46185, 'f1': 0.57562, 'auc': 0.94264}
[gps/molhiv/seed=0] val: {'epoch': 33, 'time_epoch': 4.35298, 'loss': 0.08697932, 'lr': 0, 'params': 558673, 'time_iter': 0.03374, 'accuracy': 0.98031, 'precision': 0.5, 'recall': 0.30864, 'f1': 0.38168, 'auc': 0.76213}
[gps/molhiv/seed=0] test: {'epoch': 33, 'time_epoch': 3.91631, 'loss': 0.13710384, 'lr': 0, 'params': 558673, 'time_iter': 0.03036, 'accuracy': 0.96718, 'precision': 0.46835, 'recall': 0.28462, 'f1': 0.35407, 'auc': 0.76474}
[gps/molhiv/seed=0] > Epoch 33: took 118.9s (avg 102.0s) | Best so far: epoch 18	train_loss: 0.1022 train_auc: 0.8775	val_loss: 0.0751 val_auc: 0.8000	test_loss: 0.1157 test_auc: 0.7848
[event] unit_heartbeat unit=gps/molhiv/seed=0 elapsed_seconds=3568.4 lines=707 log_bytes=51810
[event] unit_heartbeat unit=gps/molhiv/seed=0 elapsed_seconds=3628.4 lines=707 log_bytes=51810
[gps/molhiv/seed=0] train: {'epoch': 34, 'time_epoch': 113.8874, 'eta': 6216.74655, 'eta_hours': 1.72687, 'loss': 0.08052307, 'lr': 7.872e-05, 'params': 558673, 'time_iter': 0.11068, 'accuracy': 0.97511, 'precision': 0.77644, 'recall': 0.47078, 'f1': 0.58615, 'auc': 0.94385}
[gps/molhiv/seed=0] val: {'epoch': 34, 'time_epoch': 3.92508, 'loss': 0.08251784, 'lr': 0, 'params': 558673, 'time_iter': 0.03043, 'accuracy': 0.98225, 'precision': 0.6, 'recall': 0.2963, 'f1': 0.39669, 'auc': 0.79067}
[gps/molhiv/seed=0] test: {'epoch': 34, 'time_epoch': 4.03238, 'loss': 0.13836157, 'lr': 0, 'params': 558673, 'time_iter': 0.03126, 'accuracy': 0.96791, 'precision': 0.48438, 'recall': 0.23846, 'f1': 0.31959, 'auc': 0.76906}
[gps/molhiv/seed=0] > Epoch 34: took 122.0s (avg 102.6s) | Best so far: epoch 18	train_loss: 0.1022 train_auc: 0.8775	val_loss: 0.0751 val_auc: 0.8000	test_loss: 0.1157 test_auc: 0.7848
[event] unit_heartbeat unit=gps/molhiv/seed=0 elapsed_seconds=3690.4 lines=711 log_bytes=52636
[event] unit_heartbeat unit=gps/molhiv/seed=0 elapsed_seconds=3750.5 lines=711 log_bytes=52636
[gps/molhiv/seed=0] train: {'epoch': 35, 'time_epoch': 109.43924, 'eta': 6145.63226, 'eta_hours': 1.70712, 'loss': 0.07924266, 'lr': 7.735e-05, 'params': 558673, 'time_iter': 0.10635, 'accuracy': 0.97587, 'precision': 0.78516, 'recall': 0.48945, 'f1': 0.603, 'auc': 0.94483}
[gps/molhiv/seed=0] val: {'epoch': 35, 'time_epoch': 4.17852, 'loss': 0.08730999, 'lr': 0, 'params': 558673, 'time_iter': 0.03239, 'accuracy': 0.98055, 'precision': 0.51351, 'recall': 0.23457, 'f1': 0.32203, 'auc': 0.77491}
[gps/molhiv/seed=0] test: {'epoch': 35, 'time_epoch': 4.18543, 'loss': 0.1409042, 'lr': 0, 'params': 558673, 'time_iter': 0.03245, 'accuracy': 0.96912, 'precision': 0.5283, 'recall': 0.21538, 'f1': 0.30601, 'auc': 0.76688}
[gps/molhiv/seed=0] > Epoch 35: took 118.0s (avg 103.0s) | Best so far: epoch 18	train_loss: 0.1022 train_auc: 0.8775	val_loss: 0.0751 val_auc: 0.8000	test_loss: 0.1157 test_auc: 0.7848
[event] unit_heartbeat unit=gps/molhiv/seed=0 elapsed_seconds=3813.4 lines=715 log_bytes=53464
[event] unit_heartbeat unit=gps/molhiv/seed=0 elapsed_seconds=3873.4 lines=715 log_bytes=53464
[gps/molhiv/seed=0] train: {'epoch': 36, 'time_epoch': 114.15631, 'eta': 6080.47814, 'eta_hours': 1.68902, 'loss': 0.07775172, 'lr': 7.595e-05, 'params': 558673, 'time_iter': 0.11094, 'accuracy': 0.97526, 'precision': 0.77941, 'recall': 0.47321, 'f1': 0.58889, 'auc': 0.95109}
[gps/molhiv/seed=0] val: {'epoch': 36, 'time_epoch': 4.25589, 'loss': 0.08728156, 'lr': 0, 'params': 558673, 'time_iter': 0.03299, 'accuracy': 0.97812, 'precision': 0.41509, 'recall': 0.2716, 'f1': 0.32836, 'auc': 0.78251}
[gps/molhiv/seed=0] test: {'epoch': 36, 'time_epoch': 4.06291, 'loss': 0.13770392, 'lr': 0, 'params': 558673, 'time_iter': 0.0315, 'accuracy': 0.96766, 'precision': 0.47541, 'recall': 0.22308, 'f1': 0.30366, 'auc': 0.76606}
[gps/molhiv/seed=0] > Epoch 36: took 122.7s (avg 103.6s) | Best so far: epoch 18	train_loss: 0.1022 train_auc: 0.8775	val_loss: 0.0751 val_auc: 0.8000	test_loss: 0.1157 test_auc: 0.7848
[event] unit_heartbeat unit=gps/molhiv/seed=0 elapsed_seconds=3936.1 lines=719 log_bytes=54294
[event] unit_heartbeat unit=gps/molhiv/seed=0 elapsed_seconds=3996.1 lines=719 log_bytes=54294
[gps/molhiv/seed=0] train: {'epoch': 37, 'time_epoch': 114.60788, 'eta': 6013.48172, 'eta_hours': 1.67041, 'loss': 0.07657428, 'lr': 7.452e-05, 'params': 558673, 'time_iter': 0.11138, 'accuracy': 0.97651, 'precision': 0.80158, 'recall': 0.49513, 'f1': 0.61214, 'auc': 0.95336}
[gps/molhiv/seed=0] val: {'epoch': 37, 'time_epoch': 4.01013, 'loss': 0.0906718, 'lr': 0, 'params': 558673, 'time_iter': 0.03109, 'accuracy': 0.97982, 'precision': 0.48148, 'recall': 0.32099, 'f1': 0.38519, 'auc': 0.78187}
[gps/molhiv/seed=0] test: {'epoch': 37, 'time_epoch': 3.84849, 'loss': 0.148242, 'lr': 0, 'params': 558673, 'time_iter': 0.02983, 'accuracy': 0.96548, 'precision': 0.425, 'recall': 0.26154, 'f1': 0.32381, 'auc': 0.77519}
[gps/molhiv/seed=0] > Epoch 37: took 122.6s (avg 104.1s) | Best so far: epoch 18	train_loss: 0.1022 train_auc: 0.8775	val_loss: 0.0751 val_auc: 0.8000	test_loss: 0.1157 test_auc: 0.7848
[event] unit_heartbeat unit=gps/molhiv/seed=0 elapsed_seconds=4058.7 lines=723 log_bytes=55121
[event] unit_heartbeat unit=gps/molhiv/seed=0 elapsed_seconds=4118.8 lines=723 log_bytes=55121
[gps/molhiv/seed=0] train: {'epoch': 38, 'time_epoch': 110.63934, 'eta': 5937.83648, 'eta_hours': 1.6494, 'loss': 0.0761058, 'lr': 7.307e-05, 'params': 558673, 'time_iter': 0.10752, 'accuracy': 0.97669, 'precision': 0.80313, 'recall': 0.5, 'f1': 0.61631, 'auc': 0.95068}
[gps/molhiv/seed=0] val: {'epoch': 38, 'time_epoch': 3.66124, 'loss': 0.08680668, 'lr': 0, 'params': 558673, 'time_iter': 0.02838, 'accuracy': 0.98249, 'precision': 0.60976, 'recall': 0.30864, 'f1': 0.40984, 'auc': 0.77601}
[gps/molhiv/seed=0] test: {'epoch': 38, 'time_epoch': 3.68802, 'loss': 0.14945145, 'lr': 0, 'params': 558673, 'time_iter': 0.02859, 'accuracy': 0.96839, 'precision': 0.5, 'recall': 0.19231, 'f1': 0.27778, 'auc': 0.762}
[gps/molhiv/seed=0] > Epoch 38: took 118.2s (avg 104.4s) | Best so far: epoch 18	train_loss: 0.1022 train_auc: 0.8775	val_loss: 0.0751 val_auc: 0.8000	test_loss: 0.1157 test_auc: 0.7848
[event] unit_heartbeat unit=gps/molhiv/seed=0 elapsed_seconds=4181.9 lines=727 log_bytes=55941
[gps/molhiv/seed=0] train: {'epoch': 39, 'time_epoch': 104.15071, 'eta': 5850.70859, 'eta_hours': 1.6252, 'loss': 0.07587078, 'lr': 7.159e-05, 'params': 558673, 'time_iter': 0.10122, 'accuracy': 0.97602, 'precision': 0.78655, 'recall': 0.49351, 'f1': 0.60648, 'auc': 0.95426}
[gps/molhiv/seed=0] val: {'epoch': 39, 'time_epoch': 3.63877, 'loss': 0.08705188, 'lr': 0, 'params': 558673, 'time_iter': 0.02821, 'accuracy': 0.98152, 'precision': 0.57143, 'recall': 0.24691, 'f1': 0.34483, 'auc': 0.7741}
[gps/molhiv/seed=0] test: {'epoch': 39, 'time_epoch': 3.61483, 'loss': 0.14027854, 'lr': 0, 'params': 558673, 'time_iter': 0.02802, 'accuracy': 0.96839, 'precision': 0.5, 'recall': 0.20769, 'f1': 0.29348, 'auc': 0.79103}
[gps/molhiv/seed=0] > Epoch 39: took 111.6s (avg 104.6s) | Best so far: epoch 18	train_loss: 0.1022 train_auc: 0.8775	val_loss: 0.0751 val_auc: 0.8000	test_loss: 0.1157 test_auc: 0.7848
[event] unit_heartbeat unit=gps/molhiv/seed=0 elapsed_seconds=4243.5 lines=731 log_bytes=56767
[event] unit_heartbeat unit=gps/molhiv/seed=0 elapsed_seconds=4303.5 lines=731 log_bytes=56767
[gps/molhiv/seed=0] train: {'epoch': 40, 'time_epoch': 104.71735, 'eta': 5763.56573, 'eta_hours': 1.60099, 'loss': 0.07468757, 'lr': 7.008e-05, 'params': 558673, 'time_iter': 0.10177, 'accuracy': 0.97651, 'precision': 0.78368, 'recall': 0.51461, 'f1': 0.62126, 'auc': 0.95572}
[gps/molhiv/seed=0] val: {'epoch': 40, 'time_epoch': 3.71446, 'loss': 0.08622849, 'lr': 0, 'params': 558673, 'time_iter': 0.02879, 'accuracy': 0.98152, 'precision': 0.56757, 'recall': 0.25926, 'f1': 0.35593, 'auc': 0.77257}
[gps/molhiv/seed=0] test: {'epoch': 40, 'time_epoch': 3.66818, 'loss': 0.14542336, 'lr': 0, 'params': 558673, 'time_iter': 0.02844, 'accuracy': 0.96718, 'precision': 0.45763, 'recall': 0.20769, 'f1': 0.28571, 'auc': 0.75207}
[gps/molhiv/seed=0] > Epoch 40: took 112.3s (avg 104.8s) | Best so far: epoch 18	train_loss: 0.1022 train_auc: 0.8775	val_loss: 0.0751 val_auc: 0.8000	test_loss: 0.1157 test_auc: 0.7848
[event] unit_heartbeat unit=gps/molhiv/seed=0 elapsed_seconds=4365.7 lines=735 log_bytes=57599
[event] unit_heartbeat unit=gps/molhiv/seed=0 elapsed_seconds=4425.8 lines=735 log_bytes=57599
[gps/molhiv/seed=0] train: {'epoch': 41, 'time_epoch': 103.61139, 'eta': 5674.05871, 'eta_hours': 1.57613, 'loss': 0.07409377, 'lr': 6.856e-05, 'params': 558673, 'time_iter': 0.10069, 'accuracy': 0.97602, 'precision': 0.78074, 'recall': 0.5, 'f1': 0.6096, 'auc': 0.95548}
[gps/molhiv/seed=0] val: {'epoch': 41, 'time_epoch': 3.57594, 'loss': 0.08232038, 'lr': 0, 'params': 558673, 'time_iter': 0.02772, 'accuracy': 0.98298, 'precision': 0.61702, 'recall': 0.35802, 'f1': 0.45312, 'auc': 0.78797}
[gps/molhiv/seed=0] test: {'epoch': 41, 'time_epoch': 3.66211, 'loss': 0.15207632, 'lr': 0, 'params': 558673, 'time_iter': 0.02839, 'accuracy': 0.96766, 'precision': 0.47692, 'recall': 0.23846, 'f1': 0.31795, 'auc': 0.76087}
[gps/molhiv/seed=0] > Epoch 41: took 111.0s (avg 104.9s) | Best so far: epoch 18	train_loss: 0.1022 train_auc: 0.8775	val_loss: 0.0751 val_auc: 0.8000	test_loss: 0.1157 test_auc: 0.7848
[event] unit_heartbeat unit=gps/molhiv/seed=0 elapsed_seconds=4486.7 lines=739 log_bytes=58426
[event] unit_heartbeat unit=gps/molhiv/seed=0 elapsed_seconds=4546.8 lines=739 log_bytes=58426
[gps/molhiv/seed=0] train: {'epoch': 42, 'time_epoch': 106.079, 'eta': 5587.1667, 'eta_hours': 1.55199, 'loss': 0.07131801, 'lr': 6.701e-05, 'params': 558673, 'time_iter': 0.10309, 'accuracy': 0.97727, 'precision': 0.80175, 'recall': 0.52192, 'f1': 0.63225, 'auc': 0.96115}
[gps/molhiv/seed=0] val: {'epoch': 42, 'time_epoch': 3.75455, 'loss': 0.08876749, 'lr': 0, 'params': 558673, 'time_iter': 0.02911, 'accuracy': 0.98152, 'precision': 0.5641, 'recall': 0.2716, 'f1': 0.36667, 'auc': 0.79127}
[gps/molhiv/seed=0] test: {'epoch': 42, 'time_epoch': 3.80084, 'loss': 0.15956027, 'lr': 0, 'params': 558673, 'time_iter': 0.02946, 'accuracy': 0.96961, 'precision': 0.55814, 'recall': 0.18462, 'f1': 0.27746, 'auc': 0.76643}
[gps/molhiv/seed=0] > Epoch 42: took 113.8s (avg 105.1s) | Best so far: epoch 18	train_loss: 0.1022 train_auc: 0.8775	val_loss: 0.0751 val_auc: 0.8000	test_loss: 0.1157 test_auc: 0.7848
[event] unit_heartbeat unit=gps/molhiv/seed=0 elapsed_seconds=4610.6 lines=743 log_bytes=59253
[event] unit_heartbeat unit=gps/molhiv/seed=0 elapsed_seconds=4670.6 lines=743 log_bytes=59253
[gps/molhiv/seed=0] train: {'epoch': 43, 'time_epoch': 109.56982, 'eta': 5503.84541, 'eta_hours': 1.52885, 'loss': 0.07032068, 'lr': 6.545e-05, 'params': 558673, 'time_iter': 0.10648, 'accuracy': 0.97772, 'precision': 0.8039, 'recall': 0.53571, 'f1': 0.64296, 'auc': 0.96297}
[gps/molhiv/seed=0] val: {'epoch': 43, 'time_epoch': 3.92892, 'loss': 0.08010651, 'lr': 0, 'params': 558673, 'time_iter': 0.03046, 'accuracy': 0.98201, 'precision': 0.58974, 'recall': 0.28395, 'f1': 0.38333, 'auc': 0.81136}
[gps/molhiv/seed=0] test: {'epoch': 43, 'time_epoch': 3.86077, 'loss': 0.14628948, 'lr': 0, 'params': 558673, 'time_iter': 0.02993, 'accuracy': 0.96864, 'precision': 0.51111, 'recall': 0.17692, 'f1': 0.26286, 'auc': 0.7885}
[gps/molhiv/seed=0] > Epoch 43: took 117.5s (avg 105.4s) | Best so far: epoch 43	train_loss: 0.0703 train_auc: 0.9630	val_loss: 0.0801 val_auc: 0.8114	test_loss: 0.1463 test_auc: 0.7885
[event] unit_heartbeat unit=gps/molhiv/seed=0 elapsed_seconds=4733.1 lines=747 log_bytes=60083
[event] unit_heartbeat unit=gps/molhiv/seed=0 elapsed_seconds=4793.2 lines=747 log_bytes=60083
[gps/molhiv/seed=0] train: {'epoch': 44, 'time_epoch': 115.66416, 'eta': 5426.80615, 'eta_hours': 1.50745, 'loss': 0.0693524, 'lr': 6.387e-05, 'params': 558673, 'time_iter': 0.1124, 'accuracy': 0.97681, 'precision': 0.78986, 'recall': 0.51867, 'f1': 0.62616, 'auc': 0.96472}
[gps/molhiv/seed=0] val: {'epoch': 44, 'time_epoch': 3.98802, 'loss': 0.08839265, 'lr': 0, 'params': 558673, 'time_iter': 0.03091, 'accuracy': 0.98152, 'precision': 0.55814, 'recall': 0.2963, 'f1': 0.3871, 'auc': 0.78497}
[gps/molhiv/seed=0] test: {'epoch': 44, 'time_epoch': 4.18945, 'loss': 0.15280239, 'lr': 0, 'params': 558673, 'time_iter': 0.03248, 'accuracy': 0.96742, 'precision': 0.47143, 'recall': 0.25385, 'f1': 0.33, 'auc': 0.76835}
[gps/molhiv/seed=0] > Epoch 44: took 124.0s (avg 105.8s) | Best so far: epoch 43	train_loss: 0.0703 train_auc: 0.9630	val_loss: 0.0801 val_auc: 0.8114	test_loss: 0.1463 test_auc: 0.7885
[event] unit_heartbeat unit=gps/molhiv/seed=0 elapsed_seconds=4857.1 lines=751 log_bytes=60908
[event] unit_heartbeat unit=gps/molhiv/seed=0 elapsed_seconds=4917.2 lines=751 log_bytes=60908
[gps/molhiv/seed=0] train: {'epoch': 45, 'time_epoch': 113.91976, 'eta': 5346.03977, 'eta_hours': 1.48501, 'loss': 0.06845895, 'lr': 6.227e-05, 'params': 558673, 'time_iter': 0.11071, 'accuracy': 0.97787, 'precision': 0.80732, 'recall': 0.53734, 'f1': 0.64522, 'auc': 0.96569}
[gps/molhiv/seed=0] val: {'epoch': 45, 'time_epoch': 3.9129, 'loss': 0.09251995, 'lr': 0, 'params': 558673, 'time_iter': 0.03033, 'accuracy': 0.98079, 'precision': 0.51724, 'recall': 0.37037, 'f1': 0.43165, 'auc': 0.77947}
[gps/molhiv/seed=0] test: {'epoch': 45, 'time_epoch': 3.95165, 'loss': 0.15634831, 'lr': 0, 'params': 558673, 'time_iter': 0.03063, 'accuracy': 0.96426, 'precision': 0.41414, 'recall': 0.31538, 'f1': 0.35808, 'auc': 0.76471}
[gps/molhiv/seed=0] > Epoch 45: took 122.0s (avg 106.2s) | Best so far: epoch 43	train_loss: 0.0703 train_auc: 0.9630	val_loss: 0.0801 val_auc: 0.8114	test_loss: 0.1463 test_auc: 0.7885
[event] unit_heartbeat unit=gps/molhiv/seed=0 elapsed_seconds=4979.1 lines=755 log_bytes=61739
[event] unit_heartbeat unit=gps/molhiv/seed=0 elapsed_seconds=5039.1 lines=755 log_bytes=61739
[gps/molhiv/seed=0] train: {'epoch': 46, 'time_epoch': 109.86691, 'eta': 5259.29238, 'eta_hours': 1.46091, 'loss': 0.06902997, 'lr': 6.066e-05, 'params': 558673, 'time_iter': 0.10677, 'accuracy': 0.97781, 'precision': 0.79739, 'recall': 0.54627, 'f1': 0.64836, 'auc': 0.96363}
[gps/molhiv/seed=0] val: {'epoch': 46, 'time_epoch': 3.70267, 'loss': 0.08661529, 'lr': 0, 'params': 558673, 'time_iter': 0.0287, 'accuracy': 0.98128, 'precision': 0.54545, 'recall': 0.2963, 'f1': 0.384, 'auc': 0.78834}
[gps/molhiv/seed=0] test: {'epoch': 46, 'time_epoch': 3.62268, 'loss': 0.15331022, 'lr': 0, 'params': 558673, 'time_iter': 0.02808, 'accuracy': 0.96985, 'precision': 0.55, 'recall': 0.25385, 'f1': 0.34737, 'auc': 0.76833}
[gps/molhiv/seed=0] > Epoch 46: took 117.4s (avg 106.4s) | Best so far: epoch 43	train_loss: 0.0703 train_auc: 0.9630	val_loss: 0.0801 val_auc: 0.8114	test_loss: 0.1463 test_auc: 0.7885
[event] unit_heartbeat unit=gps/molhiv/seed=0 elapsed_seconds=5101.4 lines=759 log_bytes=62564
[event] unit_heartbeat unit=gps/molhiv/seed=0 elapsed_seconds=5161.5 lines=759 log_bytes=62564
[gps/molhiv/seed=0] train: {'epoch': 47, 'time_epoch': 106.3551, 'eta': 5167.77721, 'eta_hours': 1.43549, 'loss': 0.06602803, 'lr': 5.904e-05, 'params': 558673, 'time_iter': 0.10336, 'accuracy': 0.97842, 'precision': 0.8042, 'recall': 0.56006, 'f1': 0.66029, 'auc': 0.97056}
[gps/molhiv/seed=0] val: {'epoch': 47, 'time_epoch': 3.61864, 'loss': 0.09336918, 'lr': 0, 'params': 558673, 'time_iter': 0.02805, 'accuracy': 0.98006, 'precision': 0.49091, 'recall': 0.33333, 'f1': 0.39706, 'auc': 0.79659}
[gps/molhiv/seed=0] test: {'epoch': 47, 'time_epoch': 3.61034, 'loss': 0.15936948, 'lr': 0, 'params': 558673, 'time_iter': 0.02799, 'accuracy': 0.96839, 'precision': 0.5, 'recall': 0.26923, 'f1': 0.35, 'auc': 0.77935}
[gps/molhiv/seed=0] > Epoch 47: took 113.7s (avg 106.6s) | Best so far: epoch 43	train_loss: 0.0703 train_auc: 0.9630	val_loss: 0.0801 val_auc: 0.8114	test_loss: 0.1463 test_auc: 0.7885
[event] unit_heartbeat unit=gps/molhiv/seed=0 elapsed_seconds=5225.2 lines=763 log_bytes=63387
[gps/molhiv/seed=0] train: {'epoch': 48, 'time_epoch': 105.77875, 'eta': 5075.05646, 'eta_hours': 1.40974, 'loss': 0.065694, 'lr': 5.741e-05, 'params': 558673, 'time_iter': 0.1028, 'accuracy': 0.97869, 'precision': 0.81873, 'recall': 0.55357, 'f1': 0.66053, 'auc': 0.96856}
[gps/molhiv/seed=0] val: {'epoch': 48, 'time_epoch': 3.65019, 'loss': 0.09388557, 'lr': 0, 'params': 558673, 'time_iter': 0.0283, 'accuracy': 0.98104, 'precision': 0.53846, 'recall': 0.25926, 'f1': 0.35, 'auc': 0.78966}
[gps/molhiv/seed=0] test: {'epoch': 48, 'time_epoch': 3.59012, 'loss': 0.15785076, 'lr': 0, 'params': 558673, 'time_iter': 0.02783, 'accuracy': 0.96742, 'precision': 0.46429, 'recall': 0.2, 'f1': 0.27957, 'auc': 0.78736}
[gps/molhiv/seed=0] > Epoch 48: took 113.2s (avg 106.7s) | Best so far: epoch 43	train_loss: 0.0703 train_auc: 0.9630	val_loss: 0.0801 val_auc: 0.8114	test_loss: 0.1463 test_auc: 0.7885
[event] unit_heartbeat unit=gps/molhiv/seed=0 elapsed_seconds=5288.3 lines=767 log_bytes=64208
[event] unit_heartbeat unit=gps/molhiv/seed=0 elapsed_seconds=5348.4 lines=767 log_bytes=64208
[gps/molhiv/seed=0] train: {'epoch': 49, 'time_epoch': 107.86938, 'eta': 4983.90402, 'eta_hours': 1.38442, 'loss': 0.06439742, 'lr': 5.577e-05, 'params': 558673, 'time_iter': 0.10483, 'accuracy': 0.97948, 'precision': 0.81117, 'recall': 0.58929, 'f1': 0.68265, 'auc': 0.96915}
[gps/molhiv/seed=0] val: {'epoch': 49, 'time_epoch': 3.82264, 'loss': 0.09543042, 'lr': 0, 'params': 558673, 'time_iter': 0.02963, 'accuracy': 0.98201, 'precision': 0.57778, 'recall': 0.32099, 'f1': 0.4127, 'auc': 0.76545}
[gps/molhiv/seed=0] test: {'epoch': 49, 'time_epoch': 3.86912, 'loss': 0.16981434, 'lr': 0, 'params': 558673, 'time_iter': 0.02999, 'accuracy': 0.96523, 'precision': 0.39683, 'recall': 0.19231, 'f1': 0.25907, 'auc': 0.74914}
[gps/molhiv/seed=0] > Epoch 49: took 115.7s (avg 106.9s) | Best so far: epoch 43	train_loss: 0.0703 train_auc: 0.9630	val_loss: 0.0801 val_auc: 0.8114	test_loss: 0.1463 test_auc: 0.7885
[event] unit_heartbeat unit=gps/molhiv/seed=0 elapsed_seconds=5409.1 lines=771 log_bytes=65039
[event] unit_heartbeat unit=gps/molhiv/seed=0 elapsed_seconds=5469.1 lines=771 log_bytes=65039
[gps/molhiv/seed=0] train: {'epoch': 50, 'time_epoch': 109.03618, 'eta': 4893.21706, 'eta_hours': 1.35923, 'loss': 0.06442358, 'lr': 5.413e-05, 'params': 558673, 'time_iter': 0.10596, 'accuracy': 0.97857, 'precision': 0.8111, 'recall': 0.55763, 'f1': 0.66089, 'auc': 0.97309}
[gps/molhiv/seed=0] val: {'epoch': 50, 'time_epoch': 3.8696, 'loss': 0.10043782, 'lr': 0, 'params': 558673, 'time_iter': 0.03, 'accuracy': 0.97715, 'precision': 0.41333, 'recall': 0.38272, 'f1': 0.39744, 'auc': 0.7874}
[gps/molhiv/seed=0] test: {'epoch': 50, 'time_epoch': 3.9394, 'loss': 0.18280178, 'lr': 0, 'params': 558673, 'time_iter': 0.03054, 'accuracy': 0.96402, 'precision': 0.41509, 'recall': 0.33846, 'f1': 0.37288, 'auc': 0.76032}
[gps/molhiv/seed=0] > Epoch 50: took 117.0s (avg 107.1s) | Best so far: epoch 43	train_loss: 0.0703 train_auc: 0.9630	val_loss: 0.0801 val_auc: 0.8114	test_loss: 0.1463 test_auc: 0.7885
[event] unit_heartbeat unit=gps/molhiv/seed=0 elapsed_seconds=5531.1 lines=775 log_bytes=65864
[event] unit_heartbeat unit=gps/molhiv/seed=0 elapsed_seconds=5591.2 lines=775 log_bytes=65864
[gps/molhiv/seed=0] train: {'epoch': 51, 'time_epoch': 107.98337, 'eta': 4800.85252, 'eta_hours': 1.33357, 'loss': 0.06543267, 'lr': 5.248e-05, 'params': 558673, 'time_iter': 0.10494, 'accuracy': 0.97939, 'precision': 0.82436, 'recall': 0.57143, 'f1': 0.67498, 'auc': 0.96987}
[gps/molhiv/seed=0] val: {'epoch': 51, 'time_epoch': 3.86507, 'loss': 0.09519645, 'lr': 0, 'params': 558673, 'time_iter': 0.02996, 'accuracy': 0.97885, 'precision': 0.44444, 'recall': 0.2963, 'f1': 0.35556, 'auc': 0.78702}
[gps/molhiv/seed=0] test: {'epoch': 51, 'time_epoch': 3.62483, 'loss': 0.16759509, 'lr': 0, 'params': 558673, 'time_iter': 0.0281, 'accuracy': 0.96548, 'precision': 0.38462, 'recall': 0.15385, 'f1': 0.21978, 'auc': 0.77305}
[gps/molhiv/seed=0] > Epoch 51: took 115.6s (avg 107.3s) | Best so far: epoch 43	train_loss: 0.0703 train_auc: 0.9630	val_loss: 0.0801 val_auc: 0.8114	test_loss: 0.1463 test_auc: 0.7885
[event] unit_heartbeat unit=gps/molhiv/seed=0 elapsed_seconds=5651.8 lines=779 log_bytes=66694
[event] unit_heartbeat unit=gps/molhiv/seed=0 elapsed_seconds=5711.8 lines=779 log_bytes=66694
[gps/molhiv/seed=0] train: {'epoch': 52, 'time_epoch': 105.41681, 'eta': 4705.6226, 'eta_hours': 1.30712, 'loss': 0.06025442, 'lr': 5.083e-05, 'params': 558673, 'time_iter': 0.10245, 'accuracy': 0.97942, 'precision': 0.80868, 'recall': 0.5901, 'f1': 0.68231, 'auc': 0.97579}
[gps/molhiv/seed=0] val: {'epoch': 52, 'time_epoch': 3.65892, 'loss': 0.09202541, 'lr': 0, 'params': 558673, 'time_iter': 0.02836, 'accuracy': 0.98152, 'precision': 0.55319, 'recall': 0.32099, 'f1': 0.40625, 'auc': 0.79198}
[gps/molhiv/seed=0] test: {'epoch': 52, 'time_epoch': 3.64508, 'loss': 0.16335585, 'lr': 0, 'params': 558673, 'time_iter': 0.02826, 'accuracy': 0.96815, 'precision': 0.49057, 'recall': 0.2, 'f1': 0.28415, 'auc': 0.78233}
[gps/molhiv/seed=0] > Epoch 52: took 112.9s (avg 107.4s) | Best so far: epoch 43	train_loss: 0.0703 train_auc: 0.9630	val_loss: 0.0801 val_auc: 0.8114	test_loss: 0.1463 test_auc: 0.7885
[event] unit_heartbeat unit=gps/molhiv/seed=0 elapsed_seconds=5774.6 lines=783 log_bytes=67520
[event] unit_heartbeat unit=gps/molhiv/seed=0 elapsed_seconds=5834.7 lines=783 log_bytes=67520
[gps/molhiv/seed=0] train: {'epoch': 53, 'time_epoch': 106.15994, 'eta': 4610.64842, 'eta_hours': 1.28074, 'loss': 0.06139377, 'lr': 4.917e-05, 'params': 558673, 'time_iter': 0.10317, 'accuracy': 0.97945, 'precision': 0.82102, 'recall': 0.57711, 'f1': 0.67779, 'auc': 0.97506}
[gps/molhiv/seed=0] val: {'epoch': 53, 'time_epoch': 3.7304, 'loss': 0.09155398, 'lr': 0, 'params': 558673, 'time_iter': 0.02892, 'accuracy': 0.98274, 'precision': 0.64706, 'recall': 0.2716, 'f1': 0.38261, 'auc': 0.7912}
[gps/molhiv/seed=0] test: {'epoch': 53, 'time_epoch': 3.57088, 'loss': 0.17133198, 'lr': 0, 'params': 558673, 'time_iter': 0.02768, 'accuracy': 0.96815, 'precision': 0.48936, 'recall': 0.17692, 'f1': 0.25989, 'auc': 0.77756}
[gps/molhiv/seed=0] > Epoch 53: took 113.6s (avg 107.5s) | Best so far: epoch 43	train_loss: 0.0703 train_auc: 0.9630	val_loss: 0.0801 val_auc: 0.8114	test_loss: 0.1463 test_auc: 0.7885
[event] unit_heartbeat unit=gps/molhiv/seed=0 elapsed_seconds=5898.3 lines=787 log_bytes=68349
[event] unit_heartbeat unit=gps/molhiv/seed=0 elapsed_seconds=5958.3 lines=787 log_bytes=68349
[gps/molhiv/seed=0] train: {'epoch': 54, 'time_epoch': 106.73011, 'eta': 4515.73399, 'eta_hours': 1.25437, 'loss': 0.06012606, 'lr': 4.752e-05, 'params': 558673, 'time_iter': 0.10372, 'accuracy': 0.97994, 'precision': 0.81849, 'recall': 0.59659, 'f1': 0.69014, 'auc': 0.97566}
[gps/molhiv/seed=0] val: {'epoch': 54, 'time_epoch': 3.81511, 'loss': 0.09367522, 'lr': 0, 'params': 558673, 'time_iter': 0.02957, 'accuracy': 0.98006, 'precision': 0.49153, 'recall': 0.35802, 'f1': 0.41429, 'auc': 0.79885}
[gps/molhiv/seed=0] test: {'epoch': 54, 'time_epoch': 3.59476, 'loss': 0.16499423, 'lr': 0, 'params': 558673, 'time_iter': 0.02787, 'accuracy': 0.96718, 'precision': 0.46377, 'recall': 0.24615, 'f1': 0.32161, 'auc': 0.77919}
[gps/molhiv/seed=0] > Epoch 54: took 114.3s (avg 107.6s) | Best so far: epoch 43	train_loss: 0.0703 train_auc: 0.9630	val_loss: 0.0801 val_auc: 0.8114	test_loss: 0.1463 test_auc: 0.7885
[event] unit_heartbeat unit=gps/molhiv/seed=0 elapsed_seconds=6022.6 lines=791 log_bytes=69181
[gps/molhiv/seed=0] train: {'epoch': 55, 'time_epoch': 99.3656, 'eta': 4414.61117, 'eta_hours': 1.22628, 'loss': 0.06097077, 'lr': 4.587e-05, 'params': 558673, 'time_iter': 0.09657, 'accuracy': 0.97958, 'precision': 0.81461, 'recall': 0.58847, 'f1': 0.68332, 'auc': 0.97489}
[gps/molhiv/seed=0] val: {'epoch': 55, 'time_epoch': 3.41781, 'loss': 0.10374972, 'lr': 0, 'params': 558673, 'time_iter': 0.02649, 'accuracy': 0.97812, 'precision': 0.44444, 'recall': 0.44444, 'f1': 0.44444, 'auc': 0.78627}
[gps/molhiv/seed=0] test: {'epoch': 55, 'time_epoch': 3.45701, 'loss': 0.18337277, 'lr': 0, 'params': 558673, 'time_iter': 0.0268, 'accuracy': 0.95842, 'precision': 0.31193, 'recall': 0.26154, 'f1': 0.28452, 'auc': 0.75935}
[gps/molhiv/seed=0] > Epoch 55: took 106.4s (avg 107.6s) | Best so far: epoch 43	train_loss: 0.0703 train_auc: 0.9630	val_loss: 0.0801 val_auc: 0.8114	test_loss: 0.1463 test_auc: 0.7885
[event] unit_heartbeat unit=gps/molhiv/seed=0 elapsed_seconds=6084.0 lines=795 log_bytes=70010
[event] unit_heartbeat unit=gps/molhiv/seed=0 elapsed_seconds=6144.0 lines=795 log_bytes=70010
[gps/molhiv/seed=0] train: {'epoch': 56, 'time_epoch': 97.93515, 'eta': 4312.4709, 'eta_hours': 1.19791, 'loss': 0.06073805, 'lr': 4.423e-05, 'params': 558673, 'time_iter': 0.09518, 'accuracy': 0.97979, 'precision': 0.82549, 'recall': 0.5836, 'f1': 0.68379, 'auc': 0.97625}
[gps/molhiv/seed=0] val: {'epoch': 56, 'time_epoch': 3.50578, 'loss': 0.09864694, 'lr': 0, 'params': 558673, 'time_iter': 0.02718, 'accuracy': 0.98006, 'precision': 0.49153, 'recall': 0.35802, 'f1': 0.41429, 'auc': 0.77947}
[gps/molhiv/seed=0] test: {'epoch': 56, 'time_epoch': 3.40919, 'loss': 0.16824753, 'lr': 0, 'params': 558673, 'time_iter': 0.02643, 'accuracy': 0.96548, 'precision': 0.42308, 'recall': 0.25385, 'f1': 0.31731, 'auc': 0.78794}
[gps/molhiv/seed=0] > Epoch 56: took 105.0s (avg 107.5s) | Best so far: epoch 43	train_loss: 0.0703 train_auc: 0.9630	val_loss: 0.0801 val_auc: 0.8114	test_loss: 0.1463 test_auc: 0.7885
[event] unit_heartbeat unit=gps/molhiv/seed=0 elapsed_seconds=6209.0 lines=799 log_bytes=70839
[event] unit_heartbeat unit=gps/molhiv/seed=0 elapsed_seconds=6269.0 lines=799 log_bytes=70839
[gps/molhiv/seed=0] train: {'epoch': 57, 'time_epoch': 99.43397, 'eta': 4211.56098, 'eta_hours': 1.16988, 'loss': 0.05820904, 'lr': 4.259e-05, 'params': 558673, 'time_iter': 0.09663, 'accuracy': 0.97979, 'precision': 0.81188, 'recall': 0.59903, 'f1': 0.6894, 'auc': 0.97832}
[gps/molhiv/seed=0] val: {'epoch': 57, 'time_epoch': 3.42907, 'loss': 0.09498132, 'lr': 0, 'params': 558673, 'time_iter': 0.02658, 'accuracy': 0.9786, 'precision': 0.44776, 'recall': 0.37037, 'f1': 0.40541, 'auc': 0.79719}
[gps/molhiv/seed=0] test: {'epoch': 57, 'time_epoch': 3.36426, 'loss': 0.17038412, 'lr': 0, 'params': 558673, 'time_iter': 0.02608, 'accuracy': 0.96475, 'precision': 0.40964, 'recall': 0.26154, 'f1': 0.31925, 'auc': 0.7803}
[gps/molhiv/seed=0] > Epoch 57: took 106.4s (avg 107.5s) | Best so far: epoch 43	train_loss: 0.0703 train_auc: 0.9630	val_loss: 0.0801 val_auc: 0.8114	test_loss: 0.1463 test_auc: 0.7885
[event] unit_heartbeat unit=gps/molhiv/seed=0 elapsed_seconds=6330.4 lines=803 log_bytes=71667
[gps/molhiv/seed=0] train: {'epoch': 58, 'time_epoch': 98.12595, 'eta': 4109.79213, 'eta_hours': 1.14161, 'loss': 0.05722797, 'lr': 4.096e-05, 'params': 558673, 'time_iter': 0.09536, 'accuracy': 0.98024, 'precision': 0.8109, 'recall': 0.61607, 'f1': 0.70018, 'auc': 0.97998}
[gps/molhiv/seed=0] val: {'epoch': 58, 'time_epoch': 3.40072, 'loss': 0.09383505, 'lr': 0, 'params': 558673, 'time_iter': 0.02636, 'accuracy': 0.98079, 'precision': 0.51724, 'recall': 0.37037, 'f1': 0.43165, 'auc': 0.78905}
[event] unit_heartbeat unit=gps/molhiv/seed=0 elapsed_seconds=6392.0 lines=805 log_bytes=72126
[gps/molhiv/seed=0] test: {'epoch': 58, 'time_epoch': 3.46897, 'loss': 0.1712401, 'lr': 0, 'params': 558673, 'time_iter': 0.02689, 'accuracy': 0.96523, 'precision': 0.4058, 'recall': 0.21538, 'f1': 0.28141, 'auc': 0.76566}
[gps/molhiv/seed=0] > Epoch 58: took 105.1s (avg 107.5s) | Best so far: epoch 43	train_loss: 0.0703 train_auc: 0.9630	val_loss: 0.0801 val_auc: 0.8114	test_loss: 0.1463 test_auc: 0.7885
[event] unit_heartbeat unit=gps/molhiv/seed=0 elapsed_seconds=6455.5 lines=807 log_bytes=72495
[gps/molhiv/seed=0] train: {'epoch': 59, 'time_epoch': 96.91764, 'eta': 4007.33916, 'eta_hours': 1.11315, 'loss': 0.05744384, 'lr': 3.934e-05, 'params': 558673, 'time_iter': 0.09419, 'accuracy': 0.98122, 'precision': 0.8337, 'recall': 0.62256, 'f1': 0.71283, 'auc': 0.97921}
[gps/molhiv/seed=0] val: {'epoch': 59, 'time_epoch': 3.5483, 'loss': 0.09856447, 'lr': 0, 'params': 558673, 'time_iter': 0.02751, 'accuracy': 0.98055, 'precision': 0.50847, 'recall': 0.37037, 'f1': 0.42857, 'auc': 0.80231}
[gps/molhiv/seed=0] test: {'epoch': 59, 'time_epoch': 3.53261, 'loss': 0.17754363, 'lr': 0, 'params': 558673, 'time_iter': 0.02738, 'accuracy': 0.96548, 'precision': 0.41429, 'recall': 0.22308, 'f1': 0.29, 'auc': 0.79171}
[gps/molhiv/seed=0] > Epoch 59: took 104.2s (avg 107.4s) | Best so far: epoch 43	train_loss: 0.0703 train_auc: 0.9630	val_loss: 0.0801 val_auc: 0.8114	test_loss: 0.1463 test_auc: 0.7885
[event] unit_heartbeat unit=gps/molhiv/seed=0 elapsed_seconds=6519.6 lines=811 log_bytes=73321
[event] unit_heartbeat unit=gps/molhiv/seed=0 elapsed_seconds=6579.7 lines=811 log_bytes=73321
[gps/molhiv/seed=0] train: {'epoch': 60, 'time_epoch': 102.74555, 'eta': 3908.79373, 'eta_hours': 1.08578, 'loss': 0.0558637, 'lr': 3.773e-05, 'params': 558673, 'time_iter': 0.09985, 'accuracy': 0.98109, 'precision': 0.82655, 'recall': 0.62662, 'f1': 0.71283, 'auc': 0.98112}
[gps/molhiv/seed=0] val: {'epoch': 60, 'time_epoch': 3.8137, 'loss': 0.09597164, 'lr': 0, 'params': 558673, 'time_iter': 0.02956, 'accuracy': 0.98201, 'precision': 0.56604, 'recall': 0.37037, 'f1': 0.44776, 'auc': 0.77953}
[gps/molhiv/seed=0] test: {'epoch': 60, 'time_epoch': 3.72297, 'loss': 0.17283733, 'lr': 0, 'params': 558673, 'time_iter': 0.02886, 'accuracy': 0.96499, 'precision': 0.38333, 'recall': 0.17692, 'f1': 0.24211, 'auc': 0.77718}
[gps/molhiv/seed=0] > Epoch 60: took 110.4s (avg 107.5s) | Best so far: epoch 43	train_loss: 0.0703 train_auc: 0.9630	val_loss: 0.0801 val_auc: 0.8114	test_loss: 0.1463 test_auc: 0.7885
[event] unit_heartbeat unit=gps/molhiv/seed=0 elapsed_seconds=6640.1 lines=815 log_bytes=74151
[event] unit_heartbeat unit=gps/molhiv/seed=0 elapsed_seconds=6700.2 lines=815 log_bytes=74151
[gps/molhiv/seed=0] train: {'epoch': 61, 'time_epoch': 101.10573, 'eta': 3809.10776, 'eta_hours': 1.05809, 'loss': 0.05402144, 'lr': 3.613e-05, 'params': 558673, 'time_iter': 0.09826, 'accuracy': 0.98155, 'precision': 0.83069, 'recall': 0.63718, 'f1': 0.72118, 'auc': 0.98118}
[gps/molhiv/seed=0] val: {'epoch': 61, 'time_epoch': 3.36436, 'loss': 0.10199103, 'lr': 0, 'params': 558673, 'time_iter': 0.02608, 'accuracy': 0.98055, 'precision': 0.50909, 'recall': 0.34568, 'f1': 0.41176, 'auc': 0.7953}
[gps/molhiv/seed=0] test: {'epoch': 61, 'time_epoch': 3.33356, 'loss': 0.18625533, 'lr': 0, 'params': 558673, 'time_iter': 0.02584, 'accuracy': 0.96548, 'precision': 0.40323, 'recall': 0.19231, 'f1': 0.26042, 'auc': 0.77566}
[gps/molhiv/seed=0] > Epoch 61: took 108.0s (avg 107.5s) | Best so far: epoch 43	train_loss: 0.0703 train_auc: 0.9630	val_loss: 0.0801 val_auc: 0.8114	test_loss: 0.1463 test_auc: 0.7885
[event] unit_heartbeat unit=gps/molhiv/seed=0 elapsed_seconds=6763.1 lines=819 log_bytes=74982
[gps/molhiv/seed=0] train: {'epoch': 62, 'time_epoch': 100.60349, 'eta': 3709.08175, 'eta_hours': 1.0303, 'loss': 0.05514609, 'lr': 3.455e-05, 'params': 558673, 'time_iter': 0.09777, 'accuracy': 0.98119, 'precision': 0.82503, 'recall': 0.63149, 'f1': 0.7154, 'auc': 0.98117}
[gps/molhiv/seed=0] val: {'epoch': 62, 'time_epoch': 3.4837, 'loss': 0.10218273, 'lr': 0, 'params': 558673, 'time_iter': 0.02701, 'accuracy': 0.97909, 'precision': 0.46032, 'recall': 0.35802, 'f1': 0.40278, 'auc': 0.78664}
[gps/molhiv/seed=0] test: {'epoch': 62, 'time_epoch': 3.57836, 'loss': 0.1849285, 'lr': 0, 'params': 558673, 'time_iter': 0.02774, 'accuracy': 0.96377, 'precision': 0.3956, 'recall': 0.27692, 'f1': 0.32579, 'auc': 0.78006}
[event] unit_heartbeat unit=gps/molhiv/seed=0 elapsed_seconds=6825.9 lines=822 log_bytes=75643
[gps/molhiv/seed=0] > Epoch 62: took 107.8s (avg 107.5s) | Best so far: epoch 43	train_loss: 0.0703 train_auc: 0.9630	val_loss: 0.0801 val_auc: 0.8114	test_loss: 0.1463 test_auc: 0.7885
[event] unit_heartbeat unit=gps/molhiv/seed=0 elapsed_seconds=6885.9 lines=823 log_bytes=75809
[gps/molhiv/seed=0] train: {'epoch': 63, 'time_epoch': 103.95183, 'eta': 3610.92113, 'eta_hours': 1.00303, 'loss': 0.05541602, 'lr': 3.299e-05, 'params': 558673, 'time_iter': 0.10102, 'accuracy': 0.98158, 'precision': 0.83728, 'recall': 0.63068, 'f1': 0.71944, 'auc': 0.98207}
[gps/molhiv/seed=0] val: {'epoch': 63, 'time_epoch': 3.53006, 'loss': 0.10174911, 'lr': 0, 'params': 558673, 'time_iter': 0.02736, 'accuracy': 0.98031, 'precision': 0.5, 'recall': 0.40741, 'f1': 0.44898, 'auc': 0.7862}
[gps/molhiv/seed=0] test: {'epoch': 63, 'time_epoch': 3.73743, 'loss': 0.18602713, 'lr': 0, 'params': 558673, 'time_iter': 0.02897, 'accuracy': 0.9645, 'precision': 0.40698, 'recall': 0.26923, 'f1': 0.32407, 'auc': 0.7755}
[gps/molhiv/seed=0] > Epoch 63: took 111.4s (avg 107.5s) | Best so far: epoch 43	train_loss: 0.0703 train_auc: 0.9630	val_loss: 0.0801 val_auc: 0.8114	test_loss: 0.1463 test_auc: 0.7885
[event] unit_heartbeat unit=gps/molhiv/seed=0 elapsed_seconds=6947.3 lines=827 log_bytes=76634
[event] unit_heartbeat unit=gps/molhiv/seed=0 elapsed_seconds=7007.3 lines=827 log_bytes=76634
[gps/molhiv/seed=0] train: {'epoch': 64, 'time_epoch': 104.48376, 'eta': 3512.86875, 'eta_hours': 0.9758, 'loss': 0.05401514, 'lr': 3.144e-05, 'params': 558673, 'time_iter': 0.10154, 'accuracy': 0.98152, 'precision': 0.82704, 'recall': 0.64042, 'f1': 0.72187, 'auc': 0.98238}
[gps/molhiv/seed=0] val: {'epoch': 64, 'time_epoch': 3.67245, 'loss': 0.10248454, 'lr': 0, 'params': 558673, 'time_iter': 0.02847, 'accuracy': 0.98079, 'precision': 0.51852, 'recall': 0.34568, 'f1': 0.41481, 'auc': 0.78656}
[gps/molhiv/seed=0] test: {'epoch': 64, 'time_epoch': 3.65064, 'loss': 0.18111728, 'lr': 0, 'params': 558673, 'time_iter': 0.0283, 'accuracy': 0.96499, 'precision': 0.41463, 'recall': 0.26154, 'f1': 0.32075, 'auc': 0.77738}
[gps/molhiv/seed=0] > Epoch 64: took 112.0s (avg 107.6s) | Best so far: epoch 43	train_loss: 0.0703 train_auc: 0.9630	val_loss: 0.0801 val_auc: 0.8114	test_loss: 0.1463 test_auc: 0.7885
[event] unit_heartbeat unit=gps/molhiv/seed=0 elapsed_seconds=7069.2 lines=831 log_bytes=77464
[event] unit_heartbeat unit=gps/molhiv/seed=0 elapsed_seconds=7129.3 lines=831 log_bytes=77464
[gps/molhiv/seed=0] train: {'epoch': 65, 'time_epoch': 105.83993, 'eta': 3415.32011, 'eta_hours': 0.9487, 'loss': 0.0517701, 'lr': 2.992e-05, 'params': 558673, 'time_iter': 0.10286, 'accuracy': 0.98167, 'precision': 0.84598, 'recall': 0.62419, 'f1': 0.71836, 'auc': 0.98437}
[gps/molhiv/seed=0] val: {'epoch': 65, 'time_epoch': 3.6449, 'loss': 0.10566197, 'lr': 0, 'params': 558673, 'time_iter': 0.02826, 'accuracy': 0.98079, 'precision': 0.52, 'recall': 0.32099, 'f1': 0.39695, 'auc': 0.78717}
[gps/molhiv/seed=0] test: {'epoch': 65, 'time_epoch': 3.61941, 'loss': 0.19415506, 'lr': 0, 'params': 558673, 'time_iter': 0.02806, 'accuracy': 0.96669, 'precision': 0.44615, 'recall': 0.22308, 'f1': 0.29744, 'auc': 0.77407}
[gps/molhiv/seed=0] > Epoch 65: took 113.3s (avg 107.7s) | Best so far: epoch 43	train_loss: 0.0703 train_auc: 0.9630	val_loss: 0.0801 val_auc: 0.8114	test_loss: 0.1463 test_auc: 0.7885
[event] unit_heartbeat unit=gps/molhiv/seed=0 elapsed_seconds=7192.5 lines=835 log_bytes=78290
[event] unit_heartbeat unit=gps/molhiv/seed=0 elapsed_seconds=7252.6 lines=835 log_bytes=78290
[gps/molhiv/seed=0] train: {'epoch': 66, 'time_epoch': 105.02044, 'eta': 3317.12034, 'eta_hours': 0.92142, 'loss': 0.05029306, 'lr': 2.841e-05, 'params': 558673, 'time_iter': 0.10206, 'accuracy': 0.98295, 'precision': 0.84839, 'recall': 0.66315, 'f1': 0.74442, 'auc': 0.98502}
[gps/molhiv/seed=0] val: {'epoch': 66, 'time_epoch': 3.53301, 'loss': 0.10057736, 'lr': 0, 'params': 558673, 'time_iter': 0.02739, 'accuracy': 0.98274, 'precision': 0.6, 'recall': 0.37037, 'f1': 0.45802, 'auc': 0.79353}
[gps/molhiv/seed=0] test: {'epoch': 66, 'time_epoch': 3.63567, 'loss': 0.18812911, 'lr': 0, 'params': 558673, 'time_iter': 0.02818, 'accuracy': 0.96815, 'precision': 0.49091, 'recall': 0.20769, 'f1': 0.29189, 'auc': 0.77358}
[gps/molhiv/seed=0] > Epoch 66: took 112.4s (avg 107.8s) | Best so far: epoch 43	train_loss: 0.0703 train_auc: 0.9630	val_loss: 0.0801 val_auc: 0.8114	test_loss: 0.1463 test_auc: 0.7885
[event] unit_heartbeat unit=gps/molhiv/seed=0 elapsed_seconds=7314.9 lines=839 log_bytes=79118
[event] unit_heartbeat unit=gps/molhiv/seed=0 elapsed_seconds=7375.0 lines=839 log_bytes=79118
[gps/molhiv/seed=0] train: {'epoch': 67, 'time_epoch': 103.38922, 'eta': 3217.95233, 'eta_hours': 0.89388, 'loss': 0.05192461, 'lr': 2.693e-05, 'params': 558673, 'time_iter': 0.10048, 'accuracy': 0.98231, 'precision': 0.84428, 'recall': 0.64692, 'f1': 0.73254, 'auc': 0.98423}
[gps/molhiv/seed=0] val: {'epoch': 67, 'time_epoch': 3.61375, 'loss': 0.09972768, 'lr': 0, 'params': 558673, 'time_iter': 0.02801, 'accuracy': 0.98152, 'precision': 0.53968, 'recall': 0.41975, 'f1': 0.47222, 'auc': 0.79736}
[gps/molhiv/seed=0] test: {'epoch': 67, 'time_epoch': 3.91443, 'loss': 0.18613853, 'lr': 0, 'params': 558673, 'time_iter': 0.03034, 'accuracy': 0.96742, 'precision': 0.47059, 'recall': 0.24615, 'f1': 0.32323, 'auc': 0.78262}
[gps/molhiv/seed=0] > Epoch 67: took 111.1s (avg 107.8s) | Best so far: epoch 43	train_loss: 0.0703 train_auc: 0.9630	val_loss: 0.0801 val_auc: 0.8114	test_loss: 0.1463 test_auc: 0.7885
[event] unit_heartbeat unit=gps/molhiv/seed=0 elapsed_seconds=7436.0 lines=843 log_bytes=79950
[gps/molhiv/seed=0] train: {'epoch': 68, 'time_epoch': 102.88864, 'eta': 3118.43706, 'eta_hours': 0.86623, 'loss': 0.05224502, 'lr': 2.548e-05, 'params': 558673, 'time_iter': 0.09999, 'accuracy': 0.98179, 'precision': 0.83778, 'recall': 0.63718, 'f1': 0.72384, 'auc': 0.98348}
[gps/molhiv/seed=0] val: {'epoch': 68, 'time_epoch': 3.49084, 'loss': 0.10208638, 'lr': 0, 'params': 558673, 'time_iter': 0.02706, 'accuracy': 0.98055, 'precision': 0.50769, 'recall': 0.40741, 'f1': 0.45205, 'auc': 0.78979}
[gps/molhiv/seed=0] test: {'epoch': 68, 'time_epoch': 3.55588, 'loss': 0.18585094, 'lr': 0, 'params': 558673, 'time_iter': 0.02756, 'accuracy': 0.96304, 'precision': 0.36905, 'recall': 0.23846, 'f1': 0.28972, 'auc': 0.78283}
[event] unit_heartbeat unit=gps/molhiv/seed=0 elapsed_seconds=7496.0 lines=846 log_bytes=80616
[gps/molhiv/seed=0] > Epoch 68: took 110.1s (avg 107.8s) | Best so far: epoch 43	train_loss: 0.0703 train_auc: 0.9630	val_loss: 0.0801 val_auc: 0.8114	test_loss: 0.1463 test_auc: 0.7885
[event] unit_heartbeat unit=gps/molhiv/seed=0 elapsed_seconds=7556.1 lines=847 log_bytes=80782
[gps/molhiv/seed=0] train: {'epoch': 69, 'time_epoch': 102.05532, 'eta': 3018.46828, 'eta_hours': 0.83846, 'loss': 0.0497651, 'lr': 2.405e-05, 'params': 558673, 'time_iter': 0.09918, 'accuracy': 0.9834, 'precision': 0.85655, 'recall': 0.66883, 'f1': 0.75114, 'auc': 0.9857}
[gps/molhiv/seed=0] val: {'epoch': 69, 'time_epoch': 3.43338, 'loss': 0.10252655, 'lr': 0, 'params': 558673, 'time_iter': 0.02662, 'accuracy': 0.98031, 'precision': 0.5, 'recall': 0.37037, 'f1': 0.42553, 'auc': 0.79905}
[gps/molhiv/seed=0] test: {'epoch': 69, 'time_epoch': 3.39041, 'loss': 0.18738529, 'lr': 0, 'params': 558673, 'time_iter': 0.02628, 'accuracy': 0.9662, 'precision': 0.43077, 'recall': 0.21538, 'f1': 0.28718, 'auc': 0.78564}
[gps/molhiv/seed=0] > Epoch 69: took 109.0s (avg 107.9s) | Best so far: epoch 43	train_loss: 0.0703 train_auc: 0.9630	val_loss: 0.0801 val_auc: 0.8114	test_loss: 0.1463 test_auc: 0.7885
[event] unit_heartbeat unit=gps/molhiv/seed=0 elapsed_seconds=7620.1 lines=851 log_bytes=81606
[event] unit_heartbeat unit=gps/molhiv/seed=0 elapsed_seconds=7680.1 lines=851 log_bytes=81606
[gps/molhiv/seed=0] train: {'epoch': 70, 'time_epoch': 98.49731, 'eta': 2916.98745, 'eta_hours': 0.81027, 'loss': 0.04849912, 'lr': 2.265e-05, 'params': 558673, 'time_iter': 0.09572, 'accuracy': 0.98298, 'precision': 0.85073, 'recall': 0.66153, 'f1': 0.74429, 'auc': 0.98679}
[gps/molhiv/seed=0] val: {'epoch': 70, 'time_epoch': 3.416, 'loss': 0.11085227, 'lr': 0, 'params': 558673, 'time_iter': 0.02648, 'accuracy': 0.98006, 'precision': 0.49231, 'recall': 0.39506, 'f1': 0.43836, 'auc': 0.7928}
[gps/molhiv/seed=0] test: {'epoch': 70, 'time_epoch': 3.39889, 'loss': 0.20255805, 'lr': 0, 'params': 558673, 'time_iter': 0.02635, 'accuracy': 0.96523, 'precision': 0.42353, 'recall': 0.27692, 'f1': 0.33488, 'auc': 0.78278}
[gps/molhiv/seed=0] > Epoch 70: took 105.5s (avg 107.8s) | Best so far: epoch 43	train_loss: 0.0703 train_auc: 0.9630	val_loss: 0.0801 val_auc: 0.8114	test_loss: 0.1463 test_auc: 0.7885
[event] unit_heartbeat unit=gps/molhiv/seed=0 elapsed_seconds=7740.5 lines=855 log_bytes=82434
[event] unit_heartbeat unit=gps/molhiv/seed=0 elapsed_seconds=7800.6 lines=855 log_bytes=82434
[gps/molhiv/seed=0] train: {'epoch': 71, 'time_epoch': 98.25204, 'eta': 2815.49411, 'eta_hours': 0.78208, 'loss': 0.0480376, 'lr': 2.128e-05, 'params': 558673, 'time_iter': 0.09548, 'accuracy': 0.9831, 'precision': 0.8449, 'recall': 0.67208, 'f1': 0.74864, 'auc': 0.98751}
[gps/molhiv/seed=0] val: {'epoch': 71, 'time_epoch': 3.37026, 'loss': 0.10596376, 'lr': 0, 'params': 558673, 'time_iter': 0.02613, 'accuracy': 0.97788, 'precision': 0.43056, 'recall': 0.38272, 'f1': 0.40523, 'auc': 0.8044}
[gps/molhiv/seed=0] test: {'epoch': 71, 'time_epoch': 3.38955, 'loss': 0.19626811, 'lr': 0, 'params': 558673, 'time_iter': 0.02628, 'accuracy': 0.96402, 'precision': 0.39535, 'recall': 0.26154, 'f1': 0.31481, 'auc': 0.78542}
[gps/molhiv/seed=0] > Epoch 71: took 105.2s (avg 107.8s) | Best so far: epoch 43	train_loss: 0.0703 train_auc: 0.9630	val_loss: 0.0801 val_auc: 0.8114	test_loss: 0.1463 test_auc: 0.7885
[event] unit_heartbeat unit=gps/molhiv/seed=0 elapsed_seconds=7860.7 lines=859 log_bytes=83261
[gps/molhiv/seed=0] train: {'epoch': 72, 'time_epoch': 97.55477, 'eta': 2713.83169, 'eta_hours': 0.75384, 'loss': 0.04911797, 'lr': 1.995e-05, 'params': 558673, 'time_iter': 0.09481, 'accuracy': 0.9835, 'precision': 0.85261, 'recall': 0.67614, 'f1': 0.75419, 'auc': 0.9855}
[gps/molhiv/seed=0] val: {'epoch': 72, 'time_epoch': 3.44432, 'loss': 0.11253579, 'lr': 0, 'params': 558673, 'time_iter': 0.0267, 'accuracy': 0.9786, 'precision': 0.4507, 'recall': 0.39506, 'f1': 0.42105, 'auc': 0.78227}
[gps/molhiv/seed=0] test: {'epoch': 72, 'time_epoch': 3.34738, 'loss': 0.20290026, 'lr': 0, 'params': 558673, 'time_iter': 0.02595, 'accuracy': 0.96523, 'precision': 0.41772, 'recall': 0.25385, 'f1': 0.31579, 'auc': 0.77032}
[gps/molhiv/seed=0] > Epoch 72: took 104.5s (avg 107.7s) | Best so far: epoch 43	train_loss: 0.0703 train_auc: 0.9630	val_loss: 0.0801 val_auc: 0.8114	test_loss: 0.1463 test_auc: 0.7885
[event] unit_heartbeat unit=gps/molhiv/seed=0 elapsed_seconds=7925.2 lines=863 log_bytes=84087
[event] unit_heartbeat unit=gps/molhiv/seed=0 elapsed_seconds=7985.2 lines=863 log_bytes=84087
[gps/molhiv/seed=0] train: {'epoch': 73, 'time_epoch': 97.74639, 'eta': 2612.3476, 'eta_hours': 0.72565, 'loss': 0.04945538, 'lr': 1.864e-05, 'params': 558673, 'time_iter': 0.09499, 'accuracy': 0.98328, 'precision': 0.84237, 'recall': 0.68101, 'f1': 0.75314, 'auc': 0.98524}
[gps/molhiv/seed=0] val: {'epoch': 73, 'time_epoch': 3.60906, 'loss': 0.10905799, 'lr': 0, 'params': 558673, 'time_iter': 0.02798, 'accuracy': 0.97666, 'precision': 0.3913, 'recall': 0.33333, 'f1': 0.36, 'auc': 0.78188}
[gps/molhiv/seed=0] test: {'epoch': 73, 'time_epoch': 3.42892, 'loss': 0.19758221, 'lr': 0, 'params': 558673, 'time_iter': 0.02658, 'accuracy': 0.96499, 'precision': 0.4, 'recall': 0.21538, 'f1': 0.28, 'auc': 0.77377}
[gps/molhiv/seed=0] > Epoch 73: took 104.9s (avg 107.7s) | Best so far: epoch 43	train_loss: 0.0703 train_auc: 0.9630	val_loss: 0.0801 val_auc: 0.8114	test_loss: 0.1463 test_auc: 0.7885
[event] unit_heartbeat unit=gps/molhiv/seed=0 elapsed_seconds=8050.1 lines=867 log_bytes=84906
[event] unit_heartbeat unit=gps/molhiv/seed=0 elapsed_seconds=8110.2 lines=867 log_bytes=84906
[gps/molhiv/seed=0] train: {'epoch': 74, 'time_epoch': 103.834, 'eta': 2512.99239, 'eta_hours': 0.69805, 'loss': 0.04776862, 'lr': 1.737e-05, 'params': 558673, 'time_iter': 0.10091, 'accuracy': 0.98319, 'precision': 0.84892, 'recall': 0.67045, 'f1': 0.74921, 'auc': 0.98824}
[gps/molhiv/seed=0] val: {'epoch': 74, 'time_epoch': 3.56739, 'loss': 0.10900874, 'lr': 0, 'params': 558673, 'time_iter': 0.02765, 'accuracy': 0.98031, 'precision': 0.5, 'recall': 0.34568, 'f1': 0.40876, 'auc': 0.77819}
[gps/molhiv/seed=0] test: {'epoch': 74, 'time_epoch': 3.60179, 'loss': 0.19560473, 'lr': 0, 'params': 558673, 'time_iter': 0.02792, 'accuracy': 0.96669, 'precision': 0.44776, 'recall': 0.23077, 'f1': 0.30457, 'auc': 0.77922}
[gps/molhiv/seed=0] > Epoch 74: took 111.2s (avg 107.8s) | Best so far: epoch 43	train_loss: 0.0703 train_auc: 0.9630	val_loss: 0.0801 val_auc: 0.8114	test_loss: 0.1463 test_auc: 0.7885
[event] unit_heartbeat unit=gps/molhiv/seed=0 elapsed_seconds=8171.3 lines=871 log_bytes=85732
[event] unit_heartbeat unit=gps/molhiv/seed=0 elapsed_seconds=8231.4 lines=871 log_bytes=85732
[gps/molhiv/seed=0] train: {'epoch': 75, 'time_epoch': 102.48433, 'eta': 2413.0931, 'eta_hours': 0.6703, 'loss': 0.04818016, 'lr': 1.614e-05, 'params': 558673, 'time_iter': 0.0996, 'accuracy': 0.98301, 'precision': 0.84727, 'recall': 0.6664, 'f1': 0.74602, 'auc': 0.98769}
[gps/molhiv/seed=0] val: {'epoch': 75, 'time_epoch': 3.50544, 'loss': 0.11194381, 'lr': 0, 'params': 558673, 'time_iter': 0.02717, 'accuracy': 0.97958, 'precision': 0.47458, 'recall': 0.34568, 'f1': 0.4, 'auc': 0.78792}
[gps/molhiv/seed=0] test: {'epoch': 75, 'time_epoch': 3.68139, 'loss': 0.20946496, 'lr': 0, 'params': 558673, 'time_iter': 0.02854, 'accuracy': 0.96693, 'precision': 0.45455, 'recall': 0.23077, 'f1': 0.30612, 'auc': 0.76906}
[gps/molhiv/seed=0] > Epoch 75: took 109.8s (avg 107.8s) | Best so far: epoch 43	train_loss: 0.0703 train_auc: 0.9630	val_loss: 0.0801 val_auc: 0.8114	test_loss: 0.1463 test_auc: 0.7885
[event] unit_heartbeat unit=gps/molhiv/seed=0 elapsed_seconds=8296.1 lines=875 log_bytes=86556
[gps/molhiv/seed=0] train: {'epoch': 76, 'time_epoch': 106.35167, 'eta': 2314.28186, 'eta_hours': 0.64286, 'loss': 0.04684823, 'lr': 1.494e-05, 'params': 558673, 'time_iter': 0.10335, 'accuracy': 0.98392, 'precision': 0.85398, 'recall': 0.68831, 'f1': 0.76225, 'auc': 0.98674}
[gps/molhiv/seed=0] val: {'epoch': 76, 'time_epoch': 3.78907, 'loss': 0.10981238, 'lr': 0, 'params': 558673, 'time_iter': 0.02937, 'accuracy': 0.98031, 'precision': 0.5, 'recall': 0.35802, 'f1': 0.41727, 'auc': 0.79474}
[event] unit_heartbeat unit=gps/molhiv/seed=0 elapsed_seconds=8356.4 lines=877 log_bytes=87013
[gps/molhiv/seed=0] test: {'epoch': 76, 'time_epoch': 3.8203, 'loss': 0.20375853, 'lr': 0, 'params': 558673, 'time_iter': 0.02961, 'accuracy': 0.96669, 'precision': 0.44615, 'recall': 0.22308, 'f1': 0.29744, 'auc': 0.7803}
[gps/molhiv/seed=0] > Epoch 76: took 114.1s (avg 107.9s) | Best so far: epoch 43	train_loss: 0.0703 train_auc: 0.9630	val_loss: 0.0801 val_auc: 0.8114	test_loss: 0.1463 test_auc: 0.7885
[event] unit_heartbeat unit=gps/molhiv/seed=0 elapsed_seconds=8420.3 lines=879 log_bytes=87382
[gps/molhiv/seed=0] train: {'epoch': 77, 'time_epoch': 107.06616, 'eta': 2215.47879, 'eta_hours': 0.61541, 'loss': 0.04626798, 'lr': 1.378e-05, 'params': 558673, 'time_iter': 0.10405, 'accuracy': 0.98429, 'precision': 0.86294, 'recall': 0.68994, 'f1': 0.7668, 'auc': 0.98811}
[gps/molhiv/seed=0] val: {'epoch': 77, 'time_epoch': 3.4846, 'loss': 0.10800735, 'lr': 0, 'params': 558673, 'time_iter': 0.02701, 'accuracy': 0.98104, 'precision': 0.52941, 'recall': 0.33333, 'f1': 0.40909, 'auc': 0.79237}
[gps/molhiv/seed=0] test: {'epoch': 77, 'time_epoch': 3.58757, 'loss': 0.2038628, 'lr': 0, 'params': 558673, 'time_iter': 0.02781, 'accuracy': 0.96693, 'precision': 0.45455, 'recall': 0.23077, 'f1': 0.30612, 'auc': 0.77862}
[gps/molhiv/seed=0] > Epoch 77: took 114.3s (avg 107.9s) | Best so far: epoch 43	train_loss: 0.0703 train_auc: 0.9630	val_loss: 0.0801 val_auc: 0.8114	test_loss: 0.1463 test_auc: 0.7885
[event] unit_heartbeat unit=gps/molhiv/seed=0 elapsed_seconds=8484.5 lines=883 log_bytes=88211
[event] unit_heartbeat unit=gps/molhiv/seed=0 elapsed_seconds=8544.6 lines=883 log_bytes=88211
[gps/molhiv/seed=0] train: {'epoch': 78, 'time_epoch': 103.71084, 'eta': 2115.5746, 'eta_hours': 0.58766, 'loss': 0.04499891, 'lr': 1.266e-05, 'params': 558673, 'time_iter': 0.10079, 'accuracy': 0.98435, 'precision': 0.85182, 'recall': 0.70455, 'f1': 0.77121, 'auc': 0.98891}
[gps/molhiv/seed=0] val: {'epoch': 78, 'time_epoch': 3.72836, 'loss': 0.1094013, 'lr': 0, 'params': 558673, 'time_iter': 0.0289, 'accuracy': 0.97836, 'precision': 0.44286, 'recall': 0.38272, 'f1': 0.4106, 'auc': 0.78758}
[gps/molhiv/seed=0] test: {'epoch': 78, 'time_epoch': 4.13938, 'loss': 0.19949243, 'lr': 0, 'params': 558673, 'time_iter': 0.03209, 'accuracy': 0.96353, 'precision': 0.38372, 'recall': 0.25385, 'f1': 0.30556, 'auc': 0.78084}
[gps/molhiv/seed=0] > Epoch 78: took 111.7s (avg 108.0s) | Best so far: epoch 43	train_loss: 0.0703 train_auc: 0.9630	val_loss: 0.0801 val_auc: 0.8114	test_loss: 0.1463 test_auc: 0.7885
[event] unit_heartbeat unit=gps/molhiv/seed=0 elapsed_seconds=8606.3 lines=887 log_bytes=89039
[event] unit_heartbeat unit=gps/molhiv/seed=0 elapsed_seconds=8666.4 lines=887 log_bytes=89039
[gps/molhiv/seed=0] train: {'epoch': 79, 'time_epoch': 107.58093, 'eta': 2016.54278, 'eta_hours': 0.56015, 'loss': 0.04541949, 'lr': 1.158e-05, 'params': 558673, 'time_iter': 0.10455, 'accuracy': 0.98441, 'precision': 0.85419, 'recall': 0.70373, 'f1': 0.7717, 'auc': 0.9877}
[gps/molhiv/seed=0] val: {'epoch': 79, 'time_epoch': 3.58974, 'loss': 0.1106833, 'lr': 0, 'params': 558673, 'time_iter': 0.02783, 'accuracy': 0.97788, 'precision': 0.43421, 'recall': 0.40741, 'f1': 0.42038, 'auc': 0.78606}
[gps/molhiv/seed=0] test: {'epoch': 79, 'time_epoch': 3.53324, 'loss': 0.20166651, 'lr': 0, 'params': 558673, 'time_iter': 0.02739, 'accuracy': 0.96377, 'precision': 0.3908, 'recall': 0.26154, 'f1': 0.31336, 'auc': 0.77795}
[gps/molhiv/seed=0] > Epoch 79: took 114.9s (avg 108.1s) | Best so far: epoch 43	train_loss: 0.0703 train_auc: 0.9630	val_loss: 0.0801 val_auc: 0.8114	test_loss: 0.1463 test_auc: 0.7885
[event] unit_heartbeat unit=gps/molhiv/seed=0 elapsed_seconds=8731.2 lines=891 log_bytes=89867
[event] unit_heartbeat unit=gps/molhiv/seed=0 elapsed_seconds=8791.2 lines=891 log_bytes=89867
[gps/molhiv/seed=0] train: {'epoch': 80, 'time_epoch': 100.95731, 'eta': 1915.74617, 'eta_hours': 0.53215, 'loss': 0.04336437, 'lr': 1.054e-05, 'params': 558673, 'time_iter': 0.09811, 'accuracy': 0.98529, 'precision': 0.874, 'recall': 0.70942, 'f1': 0.78315, 'auc': 0.98978}
[gps/molhiv/seed=0] val: {'epoch': 80, 'time_epoch': 3.42609, 'loss': 0.11413238, 'lr': 0, 'params': 558673, 'time_iter': 0.02656, 'accuracy': 0.98006, 'precision': 0.49254, 'recall': 0.40741, 'f1': 0.44595, 'auc': 0.7815}
[gps/molhiv/seed=0] test: {'epoch': 80, 'time_epoch': 3.5064, 'loss': 0.20891875, 'lr': 0, 'params': 558673, 'time_iter': 0.02718, 'accuracy': 0.96572, 'precision': 0.42466, 'recall': 0.23846, 'f1': 0.30542, 'auc': 0.77846}
[gps/molhiv/seed=0] > Epoch 80: took 108.0s (avg 108.1s) | Best so far: epoch 43	train_loss: 0.0703 train_auc: 0.9630	val_loss: 0.0801 val_auc: 0.8114	test_loss: 0.1463 test_auc: 0.7885
[event] unit_heartbeat unit=gps/molhiv/seed=0 elapsed_seconds=8854.2 lines=895 log_bytes=90695
[gps/molhiv/seed=0] train: {'epoch': 81, 'time_epoch': 99.04439, 'eta': 1814.52574, 'eta_hours': 0.50403, 'loss': 0.04620987, 'lr': 9.55e-06, 'params': 558673, 'time_iter': 0.09625, 'accuracy': 0.98362, 'precision': 0.85759, 'recall': 0.67451, 'f1': 0.75511, 'auc': 0.98881}
[gps/molhiv/seed=0] val: {'epoch': 81, 'time_epoch': 3.48461, 'loss': 0.1103748, 'lr': 0, 'params': 558673, 'time_iter': 0.02701, 'accuracy': 0.97933, 'precision': 0.46774, 'recall': 0.35802, 'f1': 0.40559, 'auc': 0.78747}
[gps/molhiv/seed=0] test: {'epoch': 81, 'time_epoch': 3.57521, 'loss': 0.19775267, 'lr': 0, 'params': 558673, 'time_iter': 0.02771, 'accuracy': 0.96645, 'precision': 0.45238, 'recall': 0.29231, 'f1': 0.35514, 'auc': 0.78749}
[event] unit_heartbeat unit=gps/molhiv/seed=0 elapsed_seconds=8915.5 lines=898 log_bytes=91358
[gps/molhiv/seed=0] > Epoch 81: took 106.3s (avg 108.1s) | Best so far: epoch 43	train_loss: 0.0703 train_auc: 0.9630	val_loss: 0.0801 val_auc: 0.8114	test_loss: 0.1463 test_auc: 0.7885
[event] unit_heartbeat unit=gps/molhiv/seed=0 elapsed_seconds=8975.5 lines=899 log_bytes=91524
[gps/molhiv/seed=0] train: {'epoch': 82, 'time_epoch': 95.00424, 'eta': 1712.53024, 'eta_hours': 0.4757, 'loss': 0.04338591, 'lr': 8.6e-06, 'params': 558673, 'time_iter': 0.09233, 'accuracy': 0.98426, 'precision': 0.85347, 'recall': 0.69968, 'f1': 0.76896, 'auc': 0.99017}
[gps/molhiv/seed=0] val: {'epoch': 82, 'time_epoch': 3.35439, 'loss': 0.10830387, 'lr': 0, 'params': 558673, 'time_iter': 0.026, 'accuracy': 0.98152, 'precision': 0.54237, 'recall': 0.39506, 'f1': 0.45714, 'auc': 0.79292}
[gps/molhiv/seed=0] test: {'epoch': 82, 'time_epoch': 3.28505, 'loss': 0.20490805, 'lr': 0, 'params': 558673, 'time_iter': 0.02547, 'accuracy': 0.96669, 'precision': 0.45333, 'recall': 0.26154, 'f1': 0.33171, 'auc': 0.77818}
[gps/molhiv/seed=0] > Epoch 82: took 101.8s (avg 108.0s) | Best so far: epoch 43	train_loss: 0.0703 train_auc: 0.9630	val_loss: 0.0801 val_auc: 0.8114	test_loss: 0.1463 test_auc: 0.7885
[event] unit_heartbeat unit=gps/molhiv/seed=0 elapsed_seconds=9037.3 lines=903 log_bytes=92350
[event] unit_heartbeat unit=gps/molhiv/seed=0 elapsed_seconds=9097.3 lines=903 log_bytes=92350
[gps/molhiv/seed=0] train: {'epoch': 83, 'time_epoch': 95.80939, 'eta': 1610.85456, 'eta_hours': 0.44746, 'loss': 0.04526986, 'lr': 7.7e-06, 'params': 558673, 'time_iter': 0.09311, 'accuracy': 0.98477, 'precision': 0.86296, 'recall': 0.70536, 'f1': 0.77624, 'auc': 0.98832}
[gps/molhiv/seed=0] val: {'epoch': 83, 'time_epoch': 3.3698, 'loss': 0.11013089, 'lr': 0, 'params': 558673, 'time_iter': 0.02612, 'accuracy': 0.98006, 'precision': 0.49206, 'recall': 0.38272, 'f1': 0.43056, 'auc': 0.7926}
[gps/molhiv/seed=0] test: {'epoch': 83, 'time_epoch': 3.37047, 'loss': 0.20486021, 'lr': 0, 'params': 558673, 'time_iter': 0.02613, 'accuracy': 0.96669, 'precision': 0.44776, 'recall': 0.23077, 'f1': 0.30457, 'auc': 0.7808}
[gps/molhiv/seed=0] > Epoch 83: took 102.7s (avg 107.9s) | Best so far: epoch 43	train_loss: 0.0703 train_auc: 0.9630	val_loss: 0.0801 val_auc: 0.8114	test_loss: 0.1463 test_auc: 0.7885
[event] unit_heartbeat unit=gps/molhiv/seed=0 elapsed_seconds=9160.0 lines=907 log_bytes=93176
[gps/molhiv/seed=0] train: {'epoch': 84, 'time_epoch': 98.57027, 'eta': 1509.80412, 'eta_hours': 0.41939, 'loss': 0.0423762, 'lr': 6.84e-06, 'params': 558673, 'time_iter': 0.09579, 'accuracy': 0.98471, 'precision': 0.8693, 'recall': 0.69643, 'f1': 0.77332, 'auc': 0.99063}
[gps/molhiv/seed=0] val: {'epoch': 84, 'time_epoch': 3.59609, 'loss': 0.11241542, 'lr': 0, 'params': 558673, 'time_iter': 0.02788, 'accuracy': 0.98031, 'precision': 0.5, 'recall': 0.39506, 'f1': 0.44138, 'auc': 0.78986}
[event] unit_heartbeat unit=gps/molhiv/seed=0 elapsed_seconds=9222.2 lines=909 log_bytes=93629
[gps/molhiv/seed=0] test: {'epoch': 84, 'time_epoch': 3.64778, 'loss': 0.20807715, 'lr': 0, 'params': 558673, 'time_iter': 0.02828, 'accuracy': 0.96572, 'precision': 0.42254, 'recall': 0.23077, 'f1': 0.29851, 'auc': 0.77662}
[gps/molhiv/seed=0] > Epoch 84: took 106.0s (avg 107.9s) | Best so far: epoch 43	train_loss: 0.0703 train_auc: 0.9630	val_loss: 0.0801 val_auc: 0.8114	test_loss: 0.1463 test_auc: 0.7885
[event] unit_heartbeat unit=gps/molhiv/seed=0 elapsed_seconds=9286.0 lines=911 log_bytes=94000
[gps/molhiv/seed=0] train: {'epoch': 85, 'time_epoch': 102.63524, 'eta': 1409.47311, 'eta_hours': 0.39152, 'loss': 0.04588094, 'lr': 6.03e-06, 'params': 558673, 'time_iter': 0.09974, 'accuracy': 0.98389, 'precision': 0.8503, 'recall': 0.69156, 'f1': 0.76276, 'auc': 0.98972}
[gps/molhiv/seed=0] val: {'epoch': 85, 'time_epoch': 3.34133, 'loss': 0.10679579, 'lr': 0, 'params': 558673, 'time_iter': 0.0259, 'accuracy': 0.98152, 'precision': 0.54386, 'recall': 0.38272, 'f1': 0.44928, 'auc': 0.79123}
[gps/molhiv/seed=0] test: {'epoch': 85, 'time_epoch': 3.3239, 'loss': 0.19831743, 'lr': 0, 'params': 558673, 'time_iter': 0.02577, 'accuracy': 0.9662, 'precision': 0.43836, 'recall': 0.24615, 'f1': 0.31527, 'auc': 0.7787}
[gps/molhiv/seed=0] > Epoch 85: took 109.4s (avg 107.9s) | Best so far: epoch 43	train_loss: 0.0703 train_auc: 0.9630	val_loss: 0.0801 val_auc: 0.8114	test_loss: 0.1463 test_auc: 0.7885
[event] unit_heartbeat unit=gps/molhiv/seed=0 elapsed_seconds=9350.4 lines=915 log_bytes=94826
[event] unit_heartbeat unit=gps/molhiv/seed=0 elapsed_seconds=9410.4 lines=915 log_bytes=94826
[gps/molhiv/seed=0] train: {'epoch': 86, 'time_epoch': 93.18656, 'eta': 1307.67725, 'eta_hours': 0.36324, 'loss': 0.04511126, 'lr': 5.26e-06, 'params': 558673, 'time_iter': 0.09056, 'accuracy': 0.98495, 'precision': 0.86667, 'recall': 0.70698, 'f1': 0.77872, 'auc': 0.98853}
[gps/molhiv/seed=0] val: {'epoch': 86, 'time_epoch': 3.24894, 'loss': 0.11084192, 'lr': 0, 'params': 558673, 'time_iter': 0.02519, 'accuracy': 0.98079, 'precision': 0.51667, 'recall': 0.38272, 'f1': 0.43972, 'auc': 0.78631}
[gps/molhiv/seed=0] test: {'epoch': 86, 'time_epoch': 3.35745, 'loss': 0.20889445, 'lr': 0, 'params': 558673, 'time_iter': 0.02603, 'accuracy': 0.96669, 'precision': 0.4507, 'recall': 0.24615, 'f1': 0.31841, 'auc': 0.7793}
[gps/molhiv/seed=0] > Epoch 86: took 99.9s (avg 107.8s) | Best so far: epoch 43	train_loss: 0.0703 train_auc: 0.9630	val_loss: 0.0801 val_auc: 0.8114	test_loss: 0.1463 test_auc: 0.7885
[event] unit_heartbeat unit=gps/molhiv/seed=0 elapsed_seconds=9475.3 lines=919 log_bytes=95653
[gps/molhiv/seed=0] train: {'epoch': 87, 'time_epoch': 95.38425, 'eta': 1206.37674, 'eta_hours': 0.3351, 'loss': 0.04266964, 'lr': 4.55e-06, 'params': 558673, 'time_iter': 0.0927, 'accuracy': 0.98514, 'precision': 0.87487, 'recall': 0.70373, 'f1': 0.78003, 'auc': 0.99033}
[gps/molhiv/seed=0] val: {'epoch': 87, 'time_epoch': 3.36579, 'loss': 0.11081165, 'lr': 0, 'params': 558673, 'time_iter': 0.02609, 'accuracy': 0.97933, 'precision': 0.46774, 'recall': 0.35802, 'f1': 0.40559, 'auc': 0.78631}
[gps/molhiv/seed=0] test: {'epoch': 87, 'time_epoch': 3.52833, 'loss': 0.19808758, 'lr': 0, 'params': 558673, 'time_iter': 0.02735, 'accuracy': 0.96548, 'precision': 0.42683, 'recall': 0.26923, 'f1': 0.33019, 'auc': 0.78556}
[event] unit_heartbeat unit=gps/molhiv/seed=0 elapsed_seconds=9537.7 lines=922 log_bytes=96315
[gps/molhiv/seed=0] > Epoch 87: took 102.4s (avg 107.8s) | Best so far: epoch 43	train_loss: 0.0703 train_auc: 0.9630	val_loss: 0.0801 val_auc: 0.8114	test_loss: 0.1463 test_auc: 0.7885
[event] unit_heartbeat unit=gps/molhiv/seed=0 elapsed_seconds=9597.8 lines=923 log_bytes=96481
[gps/molhiv/seed=0] train: {'epoch': 88, 'time_epoch': 98.44602, 'eta': 1105.5876, 'eta_hours': 0.30711, 'loss': 0.04437839, 'lr': 3.89e-06, 'params': 558673, 'time_iter': 0.09567, 'accuracy': 0.9845, 'precision': 0.86172, 'recall': 0.69805, 'f1': 0.7713, 'auc': 0.98983}
[gps/molhiv/seed=0] val: {'epoch': 88, 'time_epoch': 3.39119, 'loss': 0.11094844, 'lr': 0, 'params': 558673, 'time_iter': 0.02629, 'accuracy': 0.97982, 'precision': 0.48485, 'recall': 0.39506, 'f1': 0.43537, 'auc': 0.7881}
[gps/molhiv/seed=0] test: {'epoch': 88, 'time_epoch': 3.34627, 'loss': 0.20763053, 'lr': 0, 'params': 558673, 'time_iter': 0.02594, 'accuracy': 0.96475, 'precision': 0.40964, 'recall': 0.26154, 'f1': 0.31925, 'auc': 0.77567}
[gps/molhiv/seed=0] > Epoch 88: took 105.3s (avg 107.7s) | Best so far: epoch 43	train_loss: 0.0703 train_auc: 0.9630	val_loss: 0.0801 val_auc: 0.8114	test_loss: 0.1463 test_auc: 0.7885
[event] unit_heartbeat unit=gps/molhiv/seed=0 elapsed_seconds=9658.0 lines=927 log_bytes=97307
[event] unit_heartbeat unit=gps/molhiv/seed=0 elapsed_seconds=9718.1 lines=927 log_bytes=97307
[gps/molhiv/seed=0] train: {'epoch': 89, 'time_epoch': 96.05392, 'eta': 1004.58474, 'eta_hours': 0.27905, 'loss': 0.04171261, 'lr': 3.27e-06, 'params': 558673, 'time_iter': 0.09335, 'accuracy': 0.98553, 'precision': 0.87426, 'recall': 0.71672, 'f1': 0.78769, 'auc': 0.99049}
[gps/molhiv/seed=0] val: {'epoch': 89, 'time_epoch': 3.2684, 'loss': 0.11272014, 'lr': 0, 'params': 558673, 'time_iter': 0.02534, 'accuracy': 0.97788, 'precision': 0.43056, 'recall': 0.38272, 'f1': 0.40523, 'auc': 0.78617}
[gps/molhiv/seed=0] test: {'epoch': 89, 'time_epoch': 3.56658, 'loss': 0.2037707, 'lr': 0, 'params': 558673, 'time_iter': 0.02765, 'accuracy': 0.96475, 'precision': 0.41573, 'recall': 0.28462, 'f1': 0.3379, 'auc': 0.78308}
[gps/molhiv/seed=0] > Epoch 89: took 103.0s (avg 107.7s) | Best so far: epoch 43	train_loss: 0.0703 train_auc: 0.9630	val_loss: 0.0801 val_auc: 0.8114	test_loss: 0.1463 test_auc: 0.7885
[event] unit_heartbeat unit=gps/molhiv/seed=0 elapsed_seconds=9781.1 lines=931 log_bytes=98134
[gps/molhiv/seed=0] train: {'epoch': 90, 'time_epoch': 93.39386, 'eta': 903.42757, 'eta_hours': 0.25095, 'loss': 0.04331157, 'lr': 2.71e-06, 'params': 558673, 'time_iter': 0.09076, 'accuracy': 0.98495, 'precision': 0.86163, 'recall': 0.71266, 'f1': 0.7801, 'auc': 0.99012}
[gps/molhiv/seed=0] val: {'epoch': 90, 'time_epoch': 3.33226, 'loss': 0.11049018, 'lr': 0, 'params': 558673, 'time_iter': 0.02583, 'accuracy': 0.98055, 'precision': 0.50847, 'recall': 0.37037, 'f1': 0.42857, 'auc': 0.79483}
[event] unit_heartbeat unit=gps/molhiv/seed=0 elapsed_seconds=9842.9 lines=933 log_bytes=98591
[gps/molhiv/seed=0] test: {'epoch': 90, 'time_epoch': 3.37147, 'loss': 0.20839839, 'lr': 0, 'params': 558673, 'time_iter': 0.02614, 'accuracy': 0.96693, 'precision': 0.45588, 'recall': 0.23846, 'f1': 0.31313, 'auc': 0.77752}
[gps/molhiv/seed=0] > Epoch 90: took 100.2s (avg 107.6s) | Best so far: epoch 43	train_loss: 0.0703 train_auc: 0.9630	val_loss: 0.0801 val_auc: 0.8114	test_loss: 0.1463 test_auc: 0.7885
[event] unit_heartbeat unit=gps/molhiv/seed=0 elapsed_seconds=9906.4 lines=935 log_bytes=98962
[gps/molhiv/seed=0] train: {'epoch': 91, 'time_epoch': 99.19439, 'eta': 802.94356, 'eta_hours': 0.22304, 'loss': 0.04234175, 'lr': 2.2e-06, 'params': 558673, 'time_iter': 0.0964, 'accuracy': 0.98495, 'precision': 0.8726, 'recall': 0.70049, 'f1': 0.77713, 'auc': 0.99057}
[gps/molhiv/seed=0] val: {'epoch': 91, 'time_epoch': 3.3068, 'loss': 0.11660727, 'lr': 0, 'params': 558673, 'time_iter': 0.02563, 'accuracy': 0.97982, 'precision': 0.48438, 'recall': 0.38272, 'f1': 0.42759, 'auc': 0.78396}
[gps/molhiv/seed=0] test: {'epoch': 91, 'time_epoch': 3.32327, 'loss': 0.21368841, 'lr': 0, 'params': 558673, 'time_iter': 0.02576, 'accuracy': 0.96523, 'precision': 0.41772, 'recall': 0.25385, 'f1': 0.31579, 'auc': 0.78094}
[gps/molhiv/seed=0] > Epoch 91: took 106.0s (avg 107.6s) | Best so far: epoch 43	train_loss: 0.0703 train_auc: 0.9630	val_loss: 0.0801 val_auc: 0.8114	test_loss: 0.1463 test_auc: 0.7885
[event] unit_heartbeat unit=gps/molhiv/seed=0 elapsed_seconds=9967.3 lines=939 log_bytes=99787
[event] unit_heartbeat unit=gps/molhiv/seed=0 elapsed_seconds=10027.4 lines=939 log_bytes=99787
[gps/molhiv/seed=0] train: {'epoch': 92, 'time_epoch': 95.45246, 'eta': 702.20563, 'eta_hours': 0.19506, 'loss': 0.04145059, 'lr': 1.74e-06, 'params': 558673, 'time_iter': 0.09276, 'accuracy': 0.98635, 'precision': 0.87899, 'recall': 0.73701, 'f1': 0.80177, 'auc': 0.99007}
[gps/molhiv/seed=0] val: {'epoch': 92, 'time_epoch': 3.39573, 'loss': 0.11316161, 'lr': 0, 'params': 558673, 'time_iter': 0.02632, 'accuracy': 0.98128, 'precision': 0.53333, 'recall': 0.39506, 'f1': 0.4539, 'auc': 0.79039}
[gps/molhiv/seed=0] test: {'epoch': 92, 'time_epoch': 3.37608, 'loss': 0.20873753, 'lr': 0, 'params': 558673, 'time_iter': 0.02617, 'accuracy': 0.96596, 'precision': 0.4359, 'recall': 0.26154, 'f1': 0.32692, 'auc': 0.78011}
[gps/molhiv/seed=0] > Epoch 92: took 102.4s (avg 107.5s) | Best so far: epoch 43	train_loss: 0.0703 train_auc: 0.9630	val_loss: 0.0801 val_auc: 0.8114	test_loss: 0.1463 test_auc: 0.7885
[event] unit_heartbeat unit=gps/molhiv/seed=0 elapsed_seconds=10089.7 lines=943 log_bytes=100614
[event] unit_heartbeat unit=gps/molhiv/seed=0 elapsed_seconds=10149.7 lines=943 log_bytes=100614
[gps/molhiv/seed=0] train: {'epoch': 93, 'time_epoch': 96.68893, 'eta': 601.65909, 'eta_hours': 0.16713, 'loss': 0.0422193, 'lr': 1.33e-06, 'params': 558673, 'time_iter': 0.09396, 'accuracy': 0.98492, 'precision': 0.86292, 'recall': 0.71023, 'f1': 0.77916, 'auc': 0.99068}
[gps/molhiv/seed=0] val: {'epoch': 93, 'time_epoch': 3.60121, 'loss': 0.11589622, 'lr': 0, 'params': 558673, 'time_iter': 0.02792, 'accuracy': 0.97909, 'precision': 0.46154, 'recall': 0.37037, 'f1': 0.41096, 'auc': 0.78478}
[gps/molhiv/seed=0] test: {'epoch': 93, 'time_epoch': 3.57171, 'loss': 0.2111415, 'lr': 0, 'params': 558673, 'time_iter': 0.02769, 'accuracy': 0.96548, 'precision': 0.425, 'recall': 0.26154, 'f1': 0.32381, 'auc': 0.7797}
[gps/molhiv/seed=0] > Epoch 93: took 104.0s (avg 107.5s) | Best so far: epoch 43	train_loss: 0.0703 train_auc: 0.9630	val_loss: 0.0801 val_auc: 0.8114	test_loss: 0.1463 test_auc: 0.7885
[event] unit_heartbeat unit=gps/molhiv/seed=0 elapsed_seconds=10213.7 lines=947 log_bytes=101438
[gps/molhiv/seed=0] train: {'epoch': 94, 'time_epoch': 97.37293, 'eta': 501.22975, 'eta_hours': 0.13923, 'loss': 0.04231448, 'lr': 9.8e-07, 'params': 558673, 'time_iter': 0.09463, 'accuracy': 0.98547, 'precision': 0.86745, 'recall': 0.7224, 'f1': 0.78831, 'auc': 0.98975}
[gps/molhiv/seed=0] val: {'epoch': 94, 'time_epoch': 3.48349, 'loss': 0.11747539, 'lr': 0, 'params': 558673, 'time_iter': 0.027, 'accuracy': 0.97982, 'precision': 0.48485, 'recall': 0.39506, 'f1': 0.43537, 'auc': 0.788}
[gps/molhiv/seed=0] test: {'epoch': 94, 'time_epoch': 3.43927, 'loss': 0.21510218, 'lr': 0, 'params': 558673, 'time_iter': 0.02666, 'accuracy': 0.96523, 'precision': 0.41772, 'recall': 0.25385, 'f1': 0.31579, 'auc': 0.7817}
[gps/molhiv/seed=0] > Epoch 94: took 104.4s (avg 107.5s) | Best so far: epoch 43	train_loss: 0.0703 train_auc: 0.9630	val_loss: 0.0801 val_auc: 0.8114	test_loss: 0.1463 test_auc: 0.7885
[event] unit_heartbeat unit=gps/molhiv/seed=0 elapsed_seconds=10278.1 lines=951 log_bytes=102260
[event] unit_heartbeat unit=gps/molhiv/seed=0 elapsed_seconds=10338.2 lines=951 log_bytes=102260
[gps/molhiv/seed=0] train: {'epoch': 95, 'time_epoch': 98.13293, 'eta': 400.89576, 'eta_hours': 0.11136, 'loss': 0.04100996, 'lr': 6.8e-07, 'params': 558673, 'time_iter': 0.09537, 'accuracy': 0.98502, 'precision': 0.85909, 'recall': 0.71753, 'f1': 0.78195, 'auc': 0.99143}
[gps/molhiv/seed=0] val: {'epoch': 95, 'time_epoch': 3.42385, 'loss': 0.11256642, 'lr': 0, 'params': 558673, 'time_iter': 0.02654, 'accuracy': 0.98104, 'precision': 0.52459, 'recall': 0.39506, 'f1': 0.4507, 'auc': 0.79074}
[gps/molhiv/seed=0] test: {'epoch': 95, 'time_epoch': 3.41588, 'loss': 0.20780594, 'lr': 0, 'params': 558673, 'time_iter': 0.02648, 'accuracy': 0.96645, 'precision': 0.44118, 'recall': 0.23077, 'f1': 0.30303, 'auc': 0.78014}
[gps/molhiv/seed=0] > Epoch 95: took 105.1s (avg 107.4s) | Best so far: epoch 43	train_loss: 0.0703 train_auc: 0.9630	val_loss: 0.0801 val_auc: 0.8114	test_loss: 0.1463 test_auc: 0.7885
[event] unit_heartbeat unit=gps/molhiv/seed=0 elapsed_seconds=10398.2 lines=955 log_bytes=103087
[event] unit_heartbeat unit=gps/molhiv/seed=0 elapsed_seconds=10458.3 lines=955 log_bytes=103087
[gps/molhiv/seed=0] train: {'epoch': 96, 'time_epoch': 97.97845, 'eta': 300.60237, 'eta_hours': 0.0835, 'loss': 0.04225015, 'lr': 4.4e-07, 'params': 558673, 'time_iter': 0.09522, 'accuracy': 0.98529, 'precision': 0.861, 'recall': 0.72403, 'f1': 0.7866, 'auc': 0.99011}
[gps/molhiv/seed=0] val: {'epoch': 96, 'time_epoch': 3.70315, 'loss': 0.11627269, 'lr': 0, 'params': 558673, 'time_iter': 0.02871, 'accuracy': 0.97958, 'precision': 0.47619, 'recall': 0.37037, 'f1': 0.41667, 'auc': 0.79003}
[gps/molhiv/seed=0] test: {'epoch': 96, 'time_epoch': 3.52069, 'loss': 0.21234049, 'lr': 0, 'params': 558673, 'time_iter': 0.02729, 'accuracy': 0.96548, 'precision': 0.425, 'recall': 0.26154, 'f1': 0.32381, 'auc': 0.78146}
[gps/molhiv/seed=0] > Epoch 96: took 105.4s (avg 107.4s) | Best so far: epoch 43	train_loss: 0.0703 train_auc: 0.9630	val_loss: 0.0801 val_auc: 0.8114	test_loss: 0.1463 test_auc: 0.7885
[event] unit_heartbeat unit=gps/molhiv/seed=0 elapsed_seconds=10518.6 lines=959 log_bytes=103909
[gps/molhiv/seed=0] train: {'epoch': 97, 'time_epoch': 103.34349, 'eta': 200.46572, 'eta_hours': 0.05568, 'loss': 0.04093566, 'lr': 2.5e-07, 'params': 558673, 'time_iter': 0.10043, 'accuracy': 0.98593, 'precision': 0.87222, 'recall': 0.73133, 'f1': 0.79558, 'auc': 0.99123}
[gps/molhiv/seed=0] val: {'epoch': 97, 'time_epoch': 3.7685, 'loss': 0.11602385, 'lr': 0, 'params': 558673, 'time_iter': 0.02921, 'accuracy': 0.9786, 'precision': 0.4507, 'recall': 0.39506, 'f1': 0.42105, 'auc': 0.7893}
[event] unit_heartbeat unit=gps/molhiv/seed=0 elapsed_seconds=10580.8 lines=961 log_bytes=104363
[gps/molhiv/seed=0] test: {'epoch': 97, 'time_epoch': 3.59206, 'loss': 0.2108254, 'lr': 0, 'params': 558673, 'time_iter': 0.02785, 'accuracy': 0.96475, 'precision': 0.41573, 'recall': 0.28462, 'f1': 0.3379, 'auc': 0.78319}
[gps/molhiv/seed=0] > Epoch 97: took 110.9s (avg 107.4s) | Best so far: epoch 43	train_loss: 0.0703 train_auc: 0.9630	val_loss: 0.0801 val_auc: 0.8114	test_loss: 0.1463 test_auc: 0.7885
[event] unit_heartbeat unit=gps/molhiv/seed=0 elapsed_seconds=10644.5 lines=963 log_bytes=104732
[gps/molhiv/seed=0] train: {'epoch': 98, 'time_epoch': 95.72314, 'eta': 100.18731, 'eta_hours': 0.02783, 'loss': 0.04260688, 'lr': 1.1e-07, 'params': 558673, 'time_iter': 0.09303, 'accuracy': 0.98541, 'precision': 0.86224, 'recall': 0.72646, 'f1': 0.78855, 'auc': 0.99003}
[gps/molhiv/seed=0] val: {'epoch': 98, 'time_epoch': 3.2963, 'loss': 0.11613408, 'lr': 0, 'params': 558673, 'time_iter': 0.02555, 'accuracy': 0.97909, 'precision': 0.46377, 'recall': 0.39506, 'f1': 0.42667, 'auc': 0.78906}
[gps/molhiv/seed=0] test: {'epoch': 98, 'time_epoch': 3.27832, 'loss': 0.21274091, 'lr': 0, 'params': 558673, 'time_iter': 0.02541, 'accuracy': 0.96548, 'precision': 0.425, 'recall': 0.26154, 'f1': 0.32381, 'auc': 0.78174}
[gps/molhiv/seed=0] > Epoch 98: took 102.4s (avg 107.4s) | Best so far: epoch 43	train_loss: 0.0703 train_auc: 0.9630	val_loss: 0.0801 val_auc: 0.8114	test_loss: 0.1463 test_auc: 0.7885
[event] unit_heartbeat unit=gps/molhiv/seed=0 elapsed_seconds=10706.9 lines=967 log_bytes=105557
[event] unit_heartbeat unit=gps/molhiv/seed=0 elapsed_seconds=10767.0 lines=967 log_bytes=105557
[gps/molhiv/seed=0] train: {'epoch': 99, 'time_epoch': 92.79402, 'eta': 0.0, 'eta_hours': 0.0, 'loss': 0.04181706, 'lr': 3e-08, 'params': 558673, 'time_iter': 0.09018, 'accuracy': 0.98581, 'precision': 0.87317, 'recall': 0.72646, 'f1': 0.79309, 'auc': 0.99105}
[gps/molhiv/seed=0] val: {'epoch': 99, 'time_epoch': 3.1933, 'loss': 0.1189268, 'lr': 0, 'params': 558673, 'time_iter': 0.02475, 'accuracy': 0.97812, 'precision': 0.43662, 'recall': 0.38272, 'f1': 0.40789, 'auc': 0.78615}
[gps/molhiv/seed=0] test: {'epoch': 99, 'time_epoch': 3.41226, 'loss': 0.21201773, 'lr': 0, 'params': 558673, 'time_iter': 0.02645, 'accuracy': 0.96548, 'precision': 0.42683, 'recall': 0.26923, 'f1': 0.33019, 'auc': 0.78286}
[gps/molhiv/seed=0] > Epoch 99: took 99.5s (avg 107.3s) | Best so far: epoch 43	train_loss: 0.0703 train_auc: 0.9630	val_loss: 0.0801 val_auc: 0.8114	test_loss: 0.1463 test_auc: 0.7885
[gps/molhiv/seed=0] Avg time per epoch: 107.32s
[gps/molhiv/seed=0] {'epoch': 43, 'time_epoch': 3.86077, 'loss': 0.14628948, 'lr': 0, 'params': 558673, 'time_iter': 0.02993, 'accuracy': 0.96864, 'precision': 0.51111, 'recall': 0.17692, 'f1': 0.26286, 'auc': 0.7885}
[gps/molhiv/seed=0] {'epoch': 43, 'time_epoch': 109.56982, 'eta': 5503.84541, 'eta_hours': 1.52885, 'loss': 0.07032068, 'lr': 6.545e-05, 'params': 558673, 'time_iter': 0.10648, 'accuracy': 0.97772, 'precision': 0.8039, 'recall': 0.53571, 'f1': 0.64296, 'auc': 0.96297}
[gps/molhiv/seed=0] {'epoch': 43, 'time_epoch': 3.92892, 'loss': 0.08010651, 'lr': 0, 'params': 558673, 'time_iter': 0.03046, 'accuracy': 0.98201, 'precision': 0.58974, 'recall': 0.28395, 'f1': 0.38333, 'auc': 0.81136}
[event] unit_process_end unit=gps/molhiv/seed=0 returncode=0 duration_seconds=10789.398 timed_out=False lines=980 log_bytes=107249
[event] registry_append method=gps dataset=molhiv protocol=paper-seeds-provisional seed=0 status=success
[registry] gps/molhiv/paper-seeds-provisional/seed=0 roc_auc=0.7885 [success]
[event] unit_end method=gps dataset=molhiv protocol=paper-seeds-provisional seed=0 status=success
[event] unit_start method=gps dataset=molhiv protocol=paper-seeds-provisional seed=1

=== RUN gps molhiv seed=1 protocol=paper-seeds-provisional   ===
[event] unit_process_start unit=gps/molhiv/seed=1 command=/kaggle/working/.venv310/bin/python main.py --cfg configs/GPS/ogbg-molhiv-GPS+RWSE.yaml wandb.use False seed 1 cwd=/kaggle/working/vendor/GraphGPS log=hod-gnn-results/logs/gps-molhiv-1.log timeout_seconds=86400
[gps/molhiv/seed=1] metric_best: auc
[gps/molhiv/seed=1] max_epoch: 100
[gps/molhiv/seed=1] num_warmup_epochs: 5
[gps/molhiv/seed=1] train:
[gps/molhiv/seed=1] ckpt_best: False
[gps/molhiv/seed=1] epoch_resume: -1
[gps/molhiv/seed=1] iter_per_epoch: 32
[gps/molhiv/seed=1] skip_train_eval: False
[gps/molhiv/seed=1] val:
[event] unit_heartbeat unit=gps/molhiv/seed=1 elapsed_seconds=63.9 lines=502 log_bytes=17489
[event] unit_heartbeat unit=gps/molhiv/seed=1 elapsed_seconds=124.0 lines=502 log_bytes=17489
[gps/molhiv/seed=1] Start from epoch 0
[gps/molhiv/seed=1] train: {'epoch': 0, 'time_epoch': 95.71752, 'eta': 9476.03495, 'eta_hours': 2.63223, 'loss': 0.62263407, 'lr': 0.0, 'params': 558673, 'time_iter': 0.09302, 'accuracy': 0.96204, 'precision': 0.0, 'recall': 0.0, 'f1': 0.0, 'auc': 0.51618}
[gps/molhiv/seed=1] ...computing epoch stats took: 0.07s
[gps/molhiv/seed=1] val: {'epoch': 0, 'time_epoch': 3.62115, 'loss': 0.6184428, 'lr': 0, 'params': 558673, 'time_iter': 0.02807, 'accuracy': 0.97812, 'precision': 0.0, 'recall': 0.0, 'f1': 0.0, 'auc': 0.50393}
[gps/molhiv/seed=1] ...computing epoch stats took: 0.02s
[gps/molhiv/seed=1] test: {'epoch': 0, 'time_epoch': 3.79517, 'loss': 0.6220371, 'lr': 0, 'params': 558673, 'time_iter': 0.02942, 'accuracy': 0.96523, 'precision': 0.0, 'recall': 0.0, 'f1': 0.0, 'auc': 0.4951}
[gps/molhiv/seed=1] ...computing epoch stats took: 0.02s
[gps/molhiv/seed=1] > Epoch 0: took 103.3s (avg 103.3s) | Best so far: epoch 0	train_loss: 0.6226 train_auc: 0.5162	val_loss: 0.6184 val_auc: 0.5039	test_loss: 0.6220 test_auc: 0.4951
[event] unit_heartbeat unit=gps/molhiv/seed=1 elapsed_seconds=187.2 lines=510 log_bytes=18400
[event] unit_heartbeat unit=gps/molhiv/seed=1 elapsed_seconds=247.3 lines=510 log_bytes=18400
[gps/molhiv/seed=1] train: {'epoch': 1, 'time_epoch': 91.69006, 'eta': 9182.9717, 'eta_hours': 2.55083, 'loss': 0.37882713, 'lr': 2e-05, 'params': 558673, 'time_iter': 0.08911, 'accuracy': 0.96255, 'precision': 0.0, 'recall': 0.0, 'f1': 0.0, 'auc': 0.55989}
[gps/molhiv/seed=1] ...computing epoch stats took: 0.04s
[gps/molhiv/seed=1] val: {'epoch': 1, 'time_epoch': 3.21098, 'loss': 0.20443088, 'lr': 0, 'params': 558673, 'time_iter': 0.02489, 'accuracy': 0.98031, 'precision': 0.0, 'recall': 0.0, 'f1': 0.0, 'auc': 0.58108}
[gps/molhiv/seed=1] ...computing epoch stats took: 0.01s
[gps/molhiv/seed=1] test: {'epoch': 1, 'time_epoch': 3.39683, 'loss': 0.2150426, 'lr': 0, 'params': 558673, 'time_iter': 0.02633, 'accuracy': 0.96839, 'precision': 0.0, 'recall': 0.0, 'f1': 0.0, 'auc': 0.58927}
[gps/molhiv/seed=1] ...computing epoch stats took: 0.01s
[gps/molhiv/seed=1] > Epoch 1: took 98.4s (avg 100.8s) | Best so far: epoch 1	train_loss: 0.3788 train_auc: 0.5599	val_loss: 0.2044 val_auc: 0.5811	test_loss: 0.2150 test_auc: 0.5893
[event] unit_heartbeat unit=gps/molhiv/seed=1 elapsed_seconds=310.6 lines=523 log_bytes=20275
[gps/molhiv/seed=1] train: {'epoch': 2, 'time_epoch': 97.89156, 'eta': 9224.67225, 'eta_hours': 2.56241, 'loss': 0.1654912, 'lr': 4e-05, 'params': 558673, 'time_iter': 0.09513, 'accuracy': 0.96255, 'precision': 0.0, 'recall': 0.0, 'f1': 0.0, 'auc': 0.65193}
[gps/molhiv/seed=1] ...computing epoch stats took: 0.05s
[gps/molhiv/seed=1] val: {'epoch': 2, 'time_epoch': 3.52971, 'loss': 0.09822953, 'lr': 0, 'params': 558673, 'time_iter': 0.02736, 'accuracy': 0.98031, 'precision': 0.0, 'recall': 0.0, 'f1': 0.0, 'auc': 0.66955}
[gps/molhiv/seed=1] ...computing epoch stats took: 0.02s
[gps/molhiv/seed=1] test: {'epoch': 2, 'time_epoch': 3.49038, 'loss': 0.12817126, 'lr': 0, 'params': 558673, 'time_iter': 0.02706, 'accuracy': 0.96839, 'precision': 0.0, 'recall': 0.0, 'f1': 0.0, 'auc': 0.70731}
[gps/molhiv/seed=1] ...computing epoch stats took: 0.02s
[gps/molhiv/seed=1] > Epoch 2: took 105.0s (avg 102.2s) | Best so far: epoch 2	train_loss: 0.1655 train_auc: 0.6519	val_loss: 0.0982 val_auc: 0.6695	test_loss: 0.1282 test_auc: 0.7073
[event] unit_heartbeat unit=gps/molhiv/seed=1 elapsed_seconds=375.6 lines=536 log_bytes=22152
[event] unit_heartbeat unit=gps/molhiv/seed=1 elapsed_seconds=435.7 lines=536 log_bytes=22152
[gps/molhiv/seed=1] train: {'epoch': 3, 'time_epoch': 98.09187, 'eta': 9201.38438, 'eta_hours': 2.55594, 'loss': 0.14654114, 'lr': 6e-05, 'params': 558673, 'time_iter': 0.09533, 'accuracy': 0.96255, 'precision': 0.0, 'recall': 0.0, 'f1': 0.0, 'auc': 0.70911}
[gps/molhiv/seed=1] val: {'epoch': 3, 'time_epoch': 3.29544, 'loss': 0.0942461, 'lr': 0, 'params': 558673, 'time_iter': 0.02555, 'accuracy': 0.98031, 'precision': 0.0, 'recall': 0.0, 'f1': 0.0, 'auc': 0.70209}
[gps/molhiv/seed=1] test: {'epoch': 3, 'time_epoch': 3.39614, 'loss': 0.12798579, 'lr': 0, 'params': 558673, 'time_iter': 0.02633, 'accuracy': 0.96839, 'precision': 0.0, 'recall': 0.0, 'f1': 0.0, 'auc': 0.74331}
[gps/molhiv/seed=1] > Epoch 3: took 104.9s (avg 102.9s) | Best so far: epoch 3	train_loss: 0.1465 train_auc: 0.7091	val_loss: 0.0942 val_auc: 0.7021	test_loss: 0.1280 test_auc: 0.7433
[event] unit_heartbeat unit=gps/molhiv/seed=1 elapsed_seconds=500.6 lines=546 log_bytes=23918
[event] unit_heartbeat unit=gps/molhiv/seed=1 elapsed_seconds=560.6 lines=546 log_bytes=23918
[gps/molhiv/seed=1] train: {'epoch': 4, 'time_epoch': 102.50851, 'eta': 9232.09101, 'eta_hours': 2.56447, 'loss': 0.13896429, 'lr': 8e-05, 'params': 558673, 'time_iter': 0.09962, 'accuracy': 0.96255, 'precision': 0.0, 'recall': 0.0, 'f1': 0.0, 'auc': 0.74205}
[gps/molhiv/seed=1] val: {'epoch': 4, 'time_epoch': 3.55554, 'loss': 0.08264729, 'lr': 0, 'params': 558673, 'time_iter': 0.02756, 'accuracy': 0.98031, 'precision': 0.0, 'recall': 0.0, 'f1': 0.0, 'auc': 0.74199}
[gps/molhiv/seed=1] test: {'epoch': 4, 'time_epoch': 3.66029, 'loss': 0.1167299, 'lr': 0, 'params': 558673, 'time_iter': 0.02837, 'accuracy': 0.96839, 'precision': 0.0, 'recall': 0.0, 'f1': 0.0, 'auc': 0.75162}
[gps/molhiv/seed=1] > Epoch 4: took 109.9s (avg 104.3s) | Best so far: epoch 4	train_loss: 0.1390 train_auc: 0.7420	val_loss: 0.0826 val_auc: 0.7420	test_loss: 0.1167 test_auc: 0.7516
[event] unit_heartbeat unit=gps/molhiv/seed=1 elapsed_seconds=625.4 lines=556 log_bytes=25685
[gps/molhiv/seed=1] train: {'epoch': 5, 'time_epoch': 103.1746, 'eta': 9228.82799, 'eta_hours': 2.56356, 'loss': 0.13397408, 'lr': 0.0001, 'params': 558673, 'time_iter': 0.10027, 'accuracy': 0.96255, 'precision': 0.0, 'recall': 0.0, 'f1': 0.0, 'auc': 0.76371}
[gps/molhiv/seed=1] val: {'epoch': 5, 'time_epoch': 3.45384, 'loss': 0.08489813, 'lr': 0, 'params': 558673, 'time_iter': 0.02677, 'accuracy': 0.98031, 'precision': 0.0, 'recall': 0.0, 'f1': 0.0, 'auc': 0.73628}
[event] unit_heartbeat unit=gps/molhiv/seed=1 elapsed_seconds=685.8 lines=563 log_bytes=27020
[gps/molhiv/seed=1] test: {'epoch': 5, 'time_epoch': 3.61502, 'loss': 0.11780168, 'lr': 0, 'params': 558673, 'time_iter': 0.02802, 'accuracy': 0.96839, 'precision': 0.0, 'recall': 0.0, 'f1': 0.0, 'auc': 0.74053}
[gps/molhiv/seed=1] > Epoch 5: took 110.4s (avg 105.3s) | Best so far: epoch 4	train_loss: 0.1390 train_auc: 0.7420	val_loss: 0.0826 val_auc: 0.7420	test_loss: 0.1167 test_auc: 0.7516
[event] unit_heartbeat unit=gps/molhiv/seed=1 elapsed_seconds=745.8 lines=566 log_bytes=27453
[gps/molhiv/seed=1] train: {'epoch': 6, 'time_epoch': 105.46503, 'eta': 9227.4488, 'eta_hours': 2.56318, 'loss': 0.1281627, 'lr': 9.997e-05, 'params': 558673, 'time_iter': 0.10249, 'accuracy': 0.96255, 'precision': 0.0, 'recall': 0.0, 'f1': 0.0, 'auc': 0.78138}
[gps/molhiv/seed=1] val: {'epoch': 6, 'time_epoch': 4.06418, 'loss': 0.08510031, 'lr': 0, 'params': 558673, 'time_iter': 0.03151, 'accuracy': 0.98079, 'precision': 0.66667, 'recall': 0.04938, 'f1': 0.09195, 'auc': 0.72792}
[gps/molhiv/seed=1] test: {'epoch': 6, 'time_epoch': 3.65793, 'loss': 0.11975369, 'lr': 0, 'params': 558673, 'time_iter': 0.02836, 'accuracy': 0.96839, 'precision': 0.0, 'recall': 0.0, 'f1': 0.0, 'auc': 0.74764}
[gps/molhiv/seed=1] > Epoch 6: took 113.3s (avg 106.5s) | Best so far: epoch 4	train_loss: 0.1390 train_auc: 0.7420	val_loss: 0.0826 val_auc: 0.7420	test_loss: 0.1167 test_auc: 0.7516
[event] unit_heartbeat unit=gps/molhiv/seed=1 elapsed_seconds=809.1 lines=574 log_bytes=28908
[event] unit_heartbeat unit=gps/molhiv/seed=1 elapsed_seconds=869.2 lines=574 log_bytes=28908
[gps/molhiv/seed=1] train: {'epoch': 7, 'time_epoch': 106.22779, 'eta': 9208.81991, 'eta_hours': 2.55801, 'loss': 0.1241147, 'lr': 9.989e-05, 'params': 558673, 'time_iter': 0.10323, 'accuracy': 0.96353, 'precision': 0.60811, 'recall': 0.07305, 'f1': 0.13043, 'auc': 0.80191}
[gps/molhiv/seed=1] val: {'epoch': 7, 'time_epoch': 3.65764, 'loss': 0.08898084, 'lr': 0, 'params': 558673, 'time_iter': 0.02835, 'accuracy': 0.97885, 'precision': 0.43182, 'recall': 0.23457, 'f1': 0.304, 'auc': 0.74785}
[gps/molhiv/seed=1] test: {'epoch': 7, 'time_epoch': 3.60159, 'loss': 0.12872564, 'lr': 0, 'params': 558673, 'time_iter': 0.02792, 'accuracy': 0.96329, 'precision': 0.28571, 'recall': 0.10769, 'f1': 0.15642, 'auc': 0.74077}
[gps/molhiv/seed=1] > Epoch 7: took 113.7s (avg 107.4s) | Best so far: epoch 7	train_loss: 0.1241 train_auc: 0.8019	val_loss: 0.0890 val_auc: 0.7479	test_loss: 0.1287 test_auc: 0.7408
[event] unit_heartbeat unit=gps/molhiv/seed=1 elapsed_seconds=932.8 lines=578 log_bytes=29732
[event] unit_heartbeat unit=gps/molhiv/seed=1 elapsed_seconds=992.8 lines=578 log_bytes=29732
[gps/molhiv/seed=1] train: {'epoch': 8, 'time_epoch': 106.0507, 'eta': 9168.93404, 'eta_hours': 2.54693, 'loss': 0.12115821, 'lr': 9.975e-05, 'params': 558673, 'time_iter': 0.10306, 'accuracy': 0.96556, 'precision': 0.64516, 'recall': 0.17857, 'f1': 0.27972, 'auc': 0.8143}
[gps/molhiv/seed=1] val: {'epoch': 8, 'time_epoch': 3.59041, 'loss': 0.07958513, 'lr': 0, 'params': 558673, 'time_iter': 0.02783, 'accuracy': 0.98177, 'precision': 0.625, 'recall': 0.18519, 'f1': 0.28571, 'auc': 0.77638}
[gps/molhiv/seed=1] test: {'epoch': 8, 'time_epoch': 3.66857, 'loss': 0.11893132, 'lr': 0, 'params': 558673, 'time_iter': 0.02844, 'accuracy': 0.97082, 'precision': 0.61905, 'recall': 0.2, 'f1': 0.30233, 'auc': 0.75365}
[gps/molhiv/seed=1] > Epoch 8: took 113.5s (avg 108.0s) | Best so far: epoch 8	train_loss: 0.1212 train_auc: 0.8143	val_loss: 0.0796 val_auc: 0.7764	test_loss: 0.1189 test_auc: 0.7537
[event] unit_heartbeat unit=gps/molhiv/seed=1 elapsed_seconds=1056.3 lines=582 log_bytes=30551
[event] unit_heartbeat unit=gps/molhiv/seed=1 elapsed_seconds=1116.3 lines=582 log_bytes=30551
[gps/molhiv/seed=1] train: {'epoch': 9, 'time_epoch': 105.87162, 'eta': 9114.20342, 'eta_hours': 2.53172, 'loss': 0.11839036, 'lr': 9.956e-05, 'params': 558673, 'time_iter': 0.10289, 'accuracy': 0.96593, 'precision': 0.62528, 'recall': 0.22484, 'f1': 0.33075, 'auc': 0.82053}
[gps/molhiv/seed=1] val: {'epoch': 9, 'time_epoch': 3.71182, 'loss': 0.07463535, 'lr': 0, 'params': 558673, 'time_iter': 0.02877, 'accuracy': 0.98225, 'precision': 0.61765, 'recall': 0.25926, 'f1': 0.36522, 'auc': 0.78183}
[gps/molhiv/seed=1] test: {'epoch': 9, 'time_epoch': 3.59582, 'loss': 0.11975228, 'lr': 0, 'params': 558673, 'time_iter': 0.02787, 'accuracy': 0.97107, 'precision': 0.62222, 'recall': 0.21538, 'f1': 0.32, 'auc': 0.73098}
[gps/molhiv/seed=1] > Epoch 9: took 113.3s (avg 108.6s) | Best so far: epoch 9	train_loss: 0.1184 train_auc: 0.8205	val_loss: 0.0746 val_auc: 0.7818	test_loss: 0.1198 test_auc: 0.7310
[event] unit_heartbeat unit=gps/molhiv/seed=1 elapsed_seconds=1179.6 lines=586 log_bytes=31375
[event] unit_heartbeat unit=gps/molhiv/seed=1 elapsed_seconds=1239.7 lines=586 log_bytes=31375
[gps/molhiv/seed=1] train: {'epoch': 10, 'time_epoch': 105.1821, 'eta': 9044.59566, 'eta_hours': 2.51239, 'loss': 0.11535415, 'lr': 9.932e-05, 'params': 558673, 'time_iter': 0.10222, 'accuracy': 0.96815, 'precision': 0.69492, 'recall': 0.26623, 'f1': 0.38498, 'auc': 0.83477}
[gps/molhiv/seed=1] val: {'epoch': 10, 'time_epoch': 3.68693, 'loss': 0.0730918, 'lr': 0, 'params': 558673, 'time_iter': 0.02858, 'accuracy': 0.98201, 'precision': 0.6129, 'recall': 0.23457, 'f1': 0.33929, 'auc': 0.77803}
[gps/molhiv/seed=1] test: {'epoch': 10, 'time_epoch': 3.64184, 'loss': 0.1171063, 'lr': 0, 'params': 558673, 'time_iter': 0.02823, 'accuracy': 0.9718, 'precision': 0.68421, 'recall': 0.2, 'f1': 0.30952, 'auc': 0.74284}
[gps/molhiv/seed=1] > Epoch 10: took 112.7s (avg 108.9s) | Best so far: epoch 9	train_loss: 0.1184 train_auc: 0.8205	val_loss: 0.0746 val_auc: 0.7818	test_loss: 0.1198 test_auc: 0.7310
[event] unit_heartbeat unit=gps/molhiv/seed=1 elapsed_seconds=1302.3 lines=590 log_bytes=32197
[gps/molhiv/seed=1] train: {'epoch': 11, 'time_epoch': 105.39794, 'eta': 8970.64166, 'eta_hours': 2.49184, 'loss': 0.11300052, 'lr': 9.902e-05, 'params': 558673, 'time_iter': 0.10243, 'accuracy': 0.96757, 'precision': 0.65655, 'recall': 0.28084, 'f1': 0.39341, 'auc': 0.84272}
[gps/molhiv/seed=1] val: {'epoch': 11, 'time_epoch': 3.62225, 'loss': 0.07496849, 'lr': 0, 'params': 558673, 'time_iter': 0.02808, 'accuracy': 0.98128, 'precision': 0.53448, 'recall': 0.38272, 'f1': 0.44604, 'auc': 0.78807}
[gps/molhiv/seed=1] test: {'epoch': 11, 'time_epoch': 3.65143, 'loss': 0.11469142, 'lr': 0, 'params': 558673, 'time_iter': 0.02831, 'accuracy': 0.96985, 'precision': 0.53659, 'recall': 0.33846, 'f1': 0.41509, 'auc': 0.76307}
[event] unit_heartbeat unit=gps/molhiv/seed=1 elapsed_seconds=1365.1 lines=593 log_bytes=32863
[gps/molhiv/seed=1] > Epoch 11: took 112.8s (avg 109.3s) | Best so far: epoch 11	train_loss: 0.1130 train_auc: 0.8427	val_loss: 0.0750 val_auc: 0.7881	test_loss: 0.1147 test_auc: 0.7631
[event] unit_heartbeat unit=gps/molhiv/seed=1 elapsed_seconds=1425.2 lines=594 log_bytes=33029
[gps/molhiv/seed=1] train: {'epoch': 12, 'time_epoch': 104.80719, 'eta': 8887.89663, 'eta_hours': 2.46886, 'loss': 0.11068413, 'lr': 9.867e-05, 'params': 558673, 'time_iter': 0.10185, 'accuracy': 0.96903, 'precision': 0.69189, 'recall': 0.31169, 'f1': 0.42977, 'auc': 0.84993}
[gps/molhiv/seed=1] val: {'epoch': 12, 'time_epoch': 3.69239, 'loss': 0.07422346, 'lr': 0, 'params': 558673, 'time_iter': 0.02862, 'accuracy': 0.98104, 'precision': 0.53488, 'recall': 0.28395, 'f1': 0.37097, 'auc': 0.80244}
[gps/molhiv/seed=1] test: {'epoch': 12, 'time_epoch': 3.70244, 'loss': 0.11520879, 'lr': 0, 'params': 558673, 'time_iter': 0.0287, 'accuracy': 0.97082, 'precision': 0.58065, 'recall': 0.27692, 'f1': 0.375, 'auc': 0.75767}
[gps/molhiv/seed=1] > Epoch 12: took 112.4s (avg 109.5s) | Best so far: epoch 12	train_loss: 0.1107 train_auc: 0.8499	val_loss: 0.0742 val_auc: 0.8024	test_loss: 0.1152 test_auc: 0.7577
[event] unit_heartbeat unit=gps/molhiv/seed=1 elapsed_seconds=1487.5 lines=598 log_bytes=33858
[event] unit_heartbeat unit=gps/molhiv/seed=1 elapsed_seconds=1547.5 lines=598 log_bytes=33858
[gps/molhiv/seed=1] train: {'epoch': 13, 'time_epoch': 105.6744, 'eta': 8807.32702, 'eta_hours': 2.44648, 'loss': 0.10800765, 'lr': 9.826e-05, 'params': 558673, 'time_iter': 0.1027, 'accuracy': 0.96909, 'precision': 0.69653, 'recall': 0.30925, 'f1': 0.42833, 'auc': 0.86038}
[gps/molhiv/seed=1] val: {'epoch': 13, 'time_epoch': 3.83373, 'loss': 0.07621345, 'lr': 0, 'params': 558673, 'time_iter': 0.02972, 'accuracy': 0.98201, 'precision': 0.58974, 'recall': 0.28395, 'f1': 0.38333, 'auc': 0.7679}
[gps/molhiv/seed=1] test: {'epoch': 13, 'time_epoch': 3.74668, 'loss': 0.11399668, 'lr': 0, 'params': 558673, 'time_iter': 0.02904, 'accuracy': 0.96985, 'precision': 0.54839, 'recall': 0.26154, 'f1': 0.35417, 'auc': 0.7588}
[gps/molhiv/seed=1] > Epoch 13: took 113.4s (avg 109.8s) | Best so far: epoch 12	train_loss: 0.1107 train_auc: 0.8499	val_loss: 0.0742 val_auc: 0.8024	test_loss: 0.1152 test_auc: 0.7577
[event] unit_heartbeat unit=gps/molhiv/seed=1 elapsed_seconds=1610.9 lines=602 log_bytes=34686
[event] unit_heartbeat unit=gps/molhiv/seed=1 elapsed_seconds=1671.0 lines=602 log_bytes=34686
[gps/molhiv/seed=1] train: {'epoch': 14, 'time_epoch': 109.59662, 'eta': 8745.63602, 'eta_hours': 2.42934, 'loss': 0.1063632, 'lr': 9.78e-05, 'params': 558673, 'time_iter': 0.10651, 'accuracy': 0.9697, 'precision': 0.70017, 'recall': 0.3336, 'f1': 0.4519, 'auc': 0.86522}
[gps/molhiv/seed=1] val: {'epoch': 14, 'time_epoch': 3.80331, 'loss': 0.07669188, 'lr': 0, 'params': 558673, 'time_iter': 0.02948, 'accuracy': 0.98177, 'precision': 0.57143, 'recall': 0.2963, 'f1': 0.39024, 'auc': 0.77888}
[gps/molhiv/seed=1] test: {'epoch': 14, 'time_epoch': 3.80987, 'loss': 0.1166199, 'lr': 0, 'params': 558673, 'time_iter': 0.02953, 'accuracy': 0.97034, 'precision': 0.59091, 'recall': 0.2, 'f1': 0.29885, 'auc': 0.76491}
[gps/molhiv/seed=1] > Epoch 14: took 117.4s (avg 110.3s) | Best so far: epoch 12	train_loss: 0.1107 train_auc: 0.8499	val_loss: 0.0742 val_auc: 0.8024	test_loss: 0.1152 test_auc: 0.7577
[event] unit_heartbeat unit=gps/molhiv/seed=1 elapsed_seconds=1733.3 lines=606 log_bytes=35507
[event] unit_heartbeat unit=gps/molhiv/seed=1 elapsed_seconds=1793.4 lines=606 log_bytes=35507
[gps/molhiv/seed=1] train: {'epoch': 15, 'time_epoch': 109.54089, 'eta': 8677.6642, 'eta_hours': 2.41046, 'loss': 0.10559196, 'lr': 9.729e-05, 'params': 558673, 'time_iter': 0.10645, 'accuracy': 0.96994, 'precision': 0.70284, 'recall': 0.34172, 'f1': 0.45986, 'auc': 0.86309}
[gps/molhiv/seed=1] val: {'epoch': 15, 'time_epoch': 3.67702, 'loss': 0.07731021, 'lr': 0, 'params': 558673, 'time_iter': 0.0285, 'accuracy': 0.98031, 'precision': 0.5, 'recall': 0.32099, 'f1': 0.39098, 'auc': 0.77079}
[gps/molhiv/seed=1] test: {'epoch': 15, 'time_epoch': 3.80024, 'loss': 0.11839347, 'lr': 0, 'params': 558673, 'time_iter': 0.02946, 'accuracy': 0.96839, 'precision': 0.5, 'recall': 0.26154, 'f1': 0.34343, 'auc': 0.7696}
[gps/molhiv/seed=1] > Epoch 15: took 117.2s (avg 110.7s) | Best so far: epoch 12	train_loss: 0.1107 train_auc: 0.8499	val_loss: 0.0742 val_auc: 0.8024	test_loss: 0.1152 test_auc: 0.7577
[event] unit_heartbeat unit=gps/molhiv/seed=1 elapsed_seconds=1855.5 lines=610 log_bytes=36328
[event] unit_heartbeat unit=gps/molhiv/seed=1 elapsed_seconds=1915.6 lines=610 log_bytes=36328
[gps/molhiv/seed=1] train: {'epoch': 16, 'time_epoch': 110.27914, 'eta': 8608.4063, 'eta_hours': 2.39122, 'loss': 0.10387116, 'lr': 9.673e-05, 'params': 558673, 'time_iter': 0.10717, 'accuracy': 0.96997, 'precision': 0.70539, 'recall': 0.3401, 'f1': 0.45893, 'auc': 0.87291}
[gps/molhiv/seed=1] val: {'epoch': 16, 'time_epoch': 3.85658, 'loss': 0.07889291, 'lr': 0, 'params': 558673, 'time_iter': 0.0299, 'accuracy': 0.98031, 'precision': 0.5, 'recall': 0.28395, 'f1': 0.3622, 'auc': 0.78605}
[gps/molhiv/seed=1] test: {'epoch': 16, 'time_epoch': 3.81146, 'loss': 0.11980024, 'lr': 0, 'params': 558673, 'time_iter': 0.02955, 'accuracy': 0.96985, 'precision': 0.55556, 'recall': 0.23077, 'f1': 0.32609, 'auc': 0.77093}
[gps/molhiv/seed=1] > Epoch 16: took 118.1s (avg 111.2s) | Best so far: epoch 12	train_loss: 0.1107 train_auc: 0.8499	val_loss: 0.0742 val_auc: 0.8024	test_loss: 0.1152 test_auc: 0.7577
[event] unit_heartbeat unit=gps/molhiv/seed=1 elapsed_seconds=1978.6 lines=614 log_bytes=37152
[event] unit_heartbeat unit=gps/molhiv/seed=1 elapsed_seconds=2038.7 lines=614 log_bytes=37152
[gps/molhiv/seed=1] train: {'epoch': 17, 'time_epoch': 111.4421, 'eta': 8539.88844, 'eta_hours': 2.37219, 'loss': 0.10183859, 'lr': 9.611e-05, 'params': 558673, 'time_iter': 0.1083, 'accuracy': 0.97082, 'precision': 0.72517, 'recall': 0.35552, 'f1': 0.47712, 'auc': 0.88027}
[gps/molhiv/seed=1] val: {'epoch': 17, 'time_epoch': 3.77676, 'loss': 0.08101061, 'lr': 0, 'params': 558673, 'time_iter': 0.02928, 'accuracy': 0.98177, 'precision': 0.55769, 'recall': 0.35802, 'f1': 0.43609, 'auc': 0.74011}
[gps/molhiv/seed=1] test: {'epoch': 17, 'time_epoch': 3.8345, 'loss': 0.12280347, 'lr': 0, 'params': 558673, 'time_iter': 0.02972, 'accuracy': 0.96693, 'precision': 0.45, 'recall': 0.20769, 'f1': 0.28421, 'auc': 0.76417}
[gps/molhiv/seed=1] > Epoch 17: took 119.2s (avg 111.6s) | Best so far: epoch 12	train_loss: 0.1107 train_auc: 0.8499	val_loss: 0.0742 val_auc: 0.8024	test_loss: 0.1152 test_auc: 0.7577
[event] unit_heartbeat unit=gps/molhiv/seed=1 elapsed_seconds=2102.9 lines=618 log_bytes=37978
[event] unit_heartbeat unit=gps/molhiv/seed=1 elapsed_seconds=2162.9 lines=618 log_bytes=37978
[gps/molhiv/seed=1] train: {'epoch': 18, 'time_epoch': 113.65325, 'eta': 8476.27873, 'eta_hours': 2.35452, 'loss': 0.09989908, 'lr': 9.545e-05, 'params': 558673, 'time_iter': 0.11045, 'accuracy': 0.97134, 'precision': 0.72973, 'recall': 0.37256, 'f1': 0.49328, 'auc': 0.8851}
[gps/molhiv/seed=1] val: {'epoch': 18, 'time_epoch': 4.21922, 'loss': 0.07732272, 'lr': 0, 'params': 558673, 'time_iter': 0.03271, 'accuracy': 0.98274, 'precision': 0.63158, 'recall': 0.2963, 'f1': 0.40336, 'auc': 0.77386}
[gps/molhiv/seed=1] test: {'epoch': 18, 'time_epoch': 4.11554, 'loss': 0.12682906, 'lr': 0, 'params': 558673, 'time_iter': 0.0319, 'accuracy': 0.96839, 'precision': 0.5, 'recall': 0.21538, 'f1': 0.30108, 'auc': 0.76263}
[gps/molhiv/seed=1] > Epoch 18: took 122.2s (avg 112.2s) | Best so far: epoch 12	train_loss: 0.1107 train_auc: 0.8499	val_loss: 0.0742 val_auc: 0.8024	test_loss: 0.1152 test_auc: 0.7577
[event] unit_heartbeat unit=gps/molhiv/seed=1 elapsed_seconds=2225.0 lines=622 log_bytes=38803
[event] unit_heartbeat unit=gps/molhiv/seed=1 elapsed_seconds=2285.1 lines=622 log_bytes=38803
[gps/molhiv/seed=1] train: {'epoch': 19, 'time_epoch': 118.40419, 'eta': 8426.66842, 'eta_hours': 2.34074, 'loss': 0.09803501, 'lr': 9.474e-05, 'params': 558673, 'time_iter': 0.11507, 'accuracy': 0.97204, 'precision': 0.7378, 'recall': 0.39286, 'f1': 0.51271, 'auc': 0.88915}
[gps/molhiv/seed=1] val: {'epoch': 19, 'time_epoch': 4.30884, 'loss': 0.0839073, 'lr': 0, 'params': 558673, 'time_iter': 0.0334, 'accuracy': 0.97496, 'precision': 0.3625, 'recall': 0.35802, 'f1': 0.36025, 'auc': 0.8073}
[gps/molhiv/seed=1] test: {'epoch': 19, 'time_epoch': 4.17776, 'loss': 0.12737292, 'lr': 0, 'params': 558673, 'time_iter': 0.03239, 'accuracy': 0.96645, 'precision': 0.45652, 'recall': 0.32308, 'f1': 0.37838, 'auc': 0.77454}
[gps/molhiv/seed=1] > Epoch 19: took 127.1s (avg 112.9s) | Best so far: epoch 19	train_loss: 0.0980 train_auc: 0.8891	val_loss: 0.0839 val_auc: 0.8073	test_loss: 0.1274 test_auc: 0.7745
[event] unit_heartbeat unit=gps/molhiv/seed=1 elapsed_seconds=2347.1 lines=626 log_bytes=39630
[event] unit_heartbeat unit=gps/molhiv/seed=1 elapsed_seconds=2407.2 lines=626 log_bytes=39630
[gps/molhiv/seed=1] train: {'epoch': 20, 'time_epoch': 113.6859, 'eta': 8352.75653, 'eta_hours': 2.32021, 'loss': 0.09634469, 'lr': 9.397e-05, 'params': 558673, 'time_iter': 0.11048, 'accuracy': 0.9724, 'precision': 0.75077, 'recall': 0.39367, 'f1': 0.51651, 'auc': 0.89546}
[gps/molhiv/seed=1] val: {'epoch': 20, 'time_epoch': 3.81544, 'loss': 0.07600445, 'lr': 0, 'params': 558673, 'time_iter': 0.02958, 'accuracy': 0.98225, 'precision': 0.58696, 'recall': 0.33333, 'f1': 0.4252, 'auc': 0.78361}
[gps/molhiv/seed=1] test: {'epoch': 20, 'time_epoch': 3.85811, 'loss': 0.11729705, 'lr': 0, 'params': 558673, 'time_iter': 0.02991, 'accuracy': 0.97034, 'precision': 0.55128, 'recall': 0.33077, 'f1': 0.41346, 'auc': 0.76939}
[gps/molhiv/seed=1] > Epoch 20: took 121.5s (avg 113.3s) | Best so far: epoch 19	train_loss: 0.0980 train_auc: 0.8891	val_loss: 0.0839 val_auc: 0.8073	test_loss: 0.1274 test_auc: 0.7745
[event] unit_heartbeat unit=gps/molhiv/seed=1 elapsed_seconds=2468.7 lines=630 log_bytes=40459
[event] unit_heartbeat unit=gps/molhiv/seed=1 elapsed_seconds=2528.7 lines=630 log_bytes=40459
[gps/molhiv/seed=1] train: {'epoch': 21, 'time_epoch': 113.59179, 'eta': 8274.89517, 'eta_hours': 2.29858, 'loss': 0.09575298, 'lr': 9.316e-05, 'params': 558673, 'time_iter': 0.11039, 'accuracy': 0.97246, 'precision': 0.74328, 'recall': 0.40422, 'f1': 0.52366, 'auc': 0.89486}
[gps/molhiv/seed=1] val: {'epoch': 21, 'time_epoch': 3.78205, 'loss': 0.07836443, 'lr': 0, 'params': 558673, 'time_iter': 0.02932, 'accuracy': 0.98104, 'precision': 0.53191, 'recall': 0.30864, 'f1': 0.39062, 'auc': 0.7737}
[gps/molhiv/seed=1] test: {'epoch': 21, 'time_epoch': 3.82126, 'loss': 0.12216274, 'lr': 0, 'params': 558673, 'time_iter': 0.02962, 'accuracy': 0.97009, 'precision': 0.56364, 'recall': 0.23846, 'f1': 0.33514, 'auc': 0.76271}
[gps/molhiv/seed=1] > Epoch 21: took 121.4s (avg 113.7s) | Best so far: epoch 19	train_loss: 0.0980 train_auc: 0.8891	val_loss: 0.0839 val_auc: 0.8073	test_loss: 0.1274 test_auc: 0.7745
[event] unit_heartbeat unit=gps/molhiv/seed=1 elapsed_seconds=2590.1 lines=634 log_bytes=41290
[event] unit_heartbeat unit=gps/molhiv/seed=1 elapsed_seconds=2650.1 lines=634 log_bytes=41290
[gps/molhiv/seed=1] train: {'epoch': 22, 'time_epoch': 110.02693, 'eta': 8181.99227, 'eta_hours': 2.27278, 'loss': 0.09307127, 'lr': 9.23e-05, 'params': 558673, 'time_iter': 0.10693, 'accuracy': 0.97234, 'precision': 0.72934, 'recall': 0.41558, 'f1': 0.52947, 'auc': 0.90792}
[gps/molhiv/seed=1] val: {'epoch': 22, 'time_epoch': 3.76535, 'loss': 0.08347222, 'lr': 0, 'params': 558673, 'time_iter': 0.02919, 'accuracy': 0.97933, 'precision': 0.45238, 'recall': 0.23457, 'f1': 0.30894, 'auc': 0.78924}
[gps/molhiv/seed=1] test: {'epoch': 22, 'time_epoch': 3.65771, 'loss': 0.13024212, 'lr': 0, 'params': 558673, 'time_iter': 0.02835, 'accuracy': 0.96669, 'precision': 0.42857, 'recall': 0.16154, 'f1': 0.23464, 'auc': 0.76981}
[gps/molhiv/seed=1] > Epoch 22: took 117.6s (avg 113.9s) | Best so far: epoch 19	train_loss: 0.0980 train_auc: 0.8891	val_loss: 0.0839 val_auc: 0.8073	test_loss: 0.1274 test_auc: 0.7745
[event] unit_heartbeat unit=gps/molhiv/seed=1 elapsed_seconds=2712.7 lines=638 log_bytes=42121
[event] unit_heartbeat unit=gps/molhiv/seed=1 elapsed_seconds=2772.8 lines=638 log_bytes=42121
[gps/molhiv/seed=1] train: {'epoch': 23, 'time_epoch': 111.87701, 'eta': 8093.52097, 'eta_hours': 2.2482, 'loss': 0.09146394, 'lr': 9.14e-05, 'params': 558673, 'time_iter': 0.10872, 'accuracy': 0.97319, 'precision': 0.76198, 'recall': 0.41315, 'f1': 0.53579, 'auc': 0.91217}
[gps/molhiv/seed=1] val: {'epoch': 23, 'time_epoch': 3.96829, 'loss': 0.08106645, 'lr': 0, 'params': 558673, 'time_iter': 0.03076, 'accuracy': 0.98031, 'precision': 0.5, 'recall': 0.34568, 'f1': 0.40876, 'auc': 0.79388}
[gps/molhiv/seed=1] test: {'epoch': 23, 'time_epoch': 3.92658, 'loss': 0.1265248, 'lr': 0, 'params': 558673, 'time_iter': 0.03044, 'accuracy': 0.96912, 'precision': 0.51948, 'recall': 0.30769, 'f1': 0.38647, 'auc': 0.76035}
[gps/molhiv/seed=1] > Epoch 23: took 120.0s (avg 114.1s) | Best so far: epoch 19	train_loss: 0.0980 train_auc: 0.8891	val_loss: 0.0839 val_auc: 0.8073	test_loss: 0.1274 test_auc: 0.7745
[event] unit_heartbeat unit=gps/molhiv/seed=1 elapsed_seconds=2837.7 lines=642 log_bytes=42946
[event] unit_heartbeat unit=gps/molhiv/seed=1 elapsed_seconds=2897.7 lines=642 log_bytes=42946
[gps/molhiv/seed=1] train: {'epoch': 24, 'time_epoch': 115.12371, 'eta': 8012.91731, 'eta_hours': 2.22581, 'loss': 0.09270454, 'lr': 9.045e-05, 'params': 558673, 'time_iter': 0.11188, 'accuracy': 0.97252, 'precision': 0.73563, 'recall': 0.41558, 'f1': 0.53112, 'auc': 0.90797}
[gps/molhiv/seed=1] val: {'epoch': 24, 'time_epoch': 3.9108, 'loss': 0.08071842, 'lr': 0, 'params': 558673, 'time_iter': 0.03032, 'accuracy': 0.97909, 'precision': 0.45763, 'recall': 0.33333, 'f1': 0.38571, 'auc': 0.79417}
[gps/molhiv/seed=1] test: {'epoch': 24, 'time_epoch': 4.0181, 'loss': 0.12349618, 'lr': 0, 'params': 558673, 'time_iter': 0.03115, 'accuracy': 0.96669, 'precision': 0.45679, 'recall': 0.28462, 'f1': 0.35071, 'auc': 0.78772}
[gps/molhiv/seed=1] > Epoch 24: took 123.2s (avg 114.5s) | Best so far: epoch 19	train_loss: 0.0980 train_auc: 0.8891	val_loss: 0.0839 val_auc: 0.8073	test_loss: 0.1274 test_auc: 0.7745
[event] unit_heartbeat unit=gps/molhiv/seed=1 elapsed_seconds=2960.9 lines=646 log_bytes=43776
[event] unit_heartbeat unit=gps/molhiv/seed=1 elapsed_seconds=3021.0 lines=646 log_bytes=43776
[gps/molhiv/seed=1] train: {'epoch': 25, 'time_epoch': 114.65895, 'eta': 7928.33548, 'eta_hours': 2.20232, 'loss': 0.09037504, 'lr': 8.946e-05, 'params': 558673, 'time_iter': 0.11143, 'accuracy': 0.97331, 'precision': 0.7493, 'recall': 0.43182, 'f1': 0.54789, 'auc': 0.91701}
[gps/molhiv/seed=1] val: {'epoch': 25, 'time_epoch': 4.02512, 'loss': 0.08174598, 'lr': 0, 'params': 558673, 'time_iter': 0.0312, 'accuracy': 0.98128, 'precision': 0.54167, 'recall': 0.32099, 'f1': 0.4031, 'auc': 0.74927}
[gps/molhiv/seed=1] test: {'epoch': 25, 'time_epoch': 3.91236, 'loss': 0.12524744, 'lr': 0, 'params': 558673, 'time_iter': 0.03033, 'accuracy': 0.96791, 'precision': 0.48649, 'recall': 0.27692, 'f1': 0.35294, 'auc': 0.76524}
[gps/molhiv/seed=1] > Epoch 25: took 122.8s (avg 114.8s) | Best so far: epoch 19	train_loss: 0.0980 train_auc: 0.8891	val_loss: 0.0839 val_auc: 0.8073	test_loss: 0.1274 test_auc: 0.7745
[event] unit_heartbeat unit=gps/molhiv/seed=1 elapsed_seconds=3083.7 lines=650 log_bytes=44605
[event] unit_heartbeat unit=gps/molhiv/seed=1 elapsed_seconds=3143.7 lines=650 log_bytes=44605
[gps/molhiv/seed=1] train: {'epoch': 26, 'time_epoch': 114.46139, 'eta': 7840.99157, 'eta_hours': 2.17805, 'loss': 0.08836902, 'lr': 8.842e-05, 'params': 558673, 'time_iter': 0.11124, 'accuracy': 0.97444, 'precision': 0.77419, 'recall': 0.44805, 'f1': 0.56761, 'auc': 0.92169}
[gps/molhiv/seed=1] val: {'epoch': 26, 'time_epoch': 3.97025, 'loss': 0.0847928, 'lr': 0, 'params': 558673, 'time_iter': 0.03078, 'accuracy': 0.98055, 'precision': 0.51064, 'recall': 0.2963, 'f1': 0.375, 'auc': 0.75798}
[gps/molhiv/seed=1] test: {'epoch': 26, 'time_epoch': 3.85412, 'loss': 0.13491831, 'lr': 0, 'params': 558673, 'time_iter': 0.02988, 'accuracy': 0.96718, 'precision': 0.45902, 'recall': 0.21538, 'f1': 0.29319, 'auc': 0.73976}
[gps/molhiv/seed=1] > Epoch 26: took 122.5s (avg 115.1s) | Best so far: epoch 19	train_loss: 0.0980 train_auc: 0.8891	val_loss: 0.0839 val_auc: 0.8073	test_loss: 0.1274 test_auc: 0.7745
[event] unit_heartbeat unit=gps/molhiv/seed=1 elapsed_seconds=3206.1 lines=654 log_bytes=45433
[event] unit_heartbeat unit=gps/molhiv/seed=1 elapsed_seconds=3266.2 lines=654 log_bytes=45433
[gps/molhiv/seed=1] train: {'epoch': 27, 'time_epoch': 114.4178, 'eta': 7751.59861, 'eta_hours': 2.15322, 'loss': 0.08874083, 'lr': 8.734e-05, 'params': 558673, 'time_iter': 0.11119, 'accuracy': 0.97356, 'precision': 0.76006, 'recall': 0.42938, 'f1': 0.54876, 'auc': 0.92289}
[gps/molhiv/seed=1] val: {'epoch': 27, 'time_epoch': 3.92882, 'loss': 0.08152811, 'lr': 0, 'params': 558673, 'time_iter': 0.03046, 'accuracy': 0.98274, 'precision': 0.64706, 'recall': 0.2716, 'f1': 0.38261, 'auc': 0.76194}
[gps/molhiv/seed=1] test: {'epoch': 27, 'time_epoch': 3.85435, 'loss': 0.13022877, 'lr': 0, 'params': 558673, 'time_iter': 0.02988, 'accuracy': 0.96985, 'precision': 0.55357, 'recall': 0.23846, 'f1': 0.33333, 'auc': 0.765}
[gps/molhiv/seed=1] > Epoch 27: took 122.4s (avg 115.3s) | Best so far: epoch 19	train_loss: 0.0980 train_auc: 0.8891	val_loss: 0.0839 val_auc: 0.8073	test_loss: 0.1274 test_auc: 0.7745
[event] unit_heartbeat unit=gps/molhiv/seed=1 elapsed_seconds=3328.5 lines=658 log_bytes=46261
[event] unit_heartbeat unit=gps/molhiv/seed=1 elapsed_seconds=3388.6 lines=658 log_bytes=46261
[gps/molhiv/seed=1] train: {'epoch': 28, 'time_epoch': 114.35391, 'eta': 7660.32337, 'eta_hours': 2.12787, 'loss': 0.08619055, 'lr': 8.622e-05, 'params': 558673, 'time_iter': 0.11113, 'accuracy': 0.97407, 'precision': 0.77266, 'recall': 0.43588, 'f1': 0.55734, 'auc': 0.92801}
[gps/molhiv/seed=1] val: {'epoch': 28, 'time_epoch': 3.91144, 'loss': 0.0954683, 'lr': 0, 'params': 558673, 'time_iter': 0.03032, 'accuracy': 0.97593, 'precision': 0.37143, 'recall': 0.32099, 'f1': 0.34437, 'auc': 0.76475}
[gps/molhiv/seed=1] test: {'epoch': 28, 'time_epoch': 3.98882, 'loss': 0.13583699, 'lr': 0, 'params': 558673, 'time_iter': 0.03092, 'accuracy': 0.96645, 'precision': 0.45652, 'recall': 0.32308, 'f1': 0.37838, 'auc': 0.77446}
[gps/molhiv/seed=1] > Epoch 28: took 122.4s (avg 115.6s) | Best so far: epoch 19	train_loss: 0.0980 train_auc: 0.8891	val_loss: 0.0839 val_auc: 0.8073	test_loss: 0.1274 test_auc: 0.7745
[event] unit_heartbeat unit=gps/molhiv/seed=1 elapsed_seconds=3451.0 lines=662 log_bytes=47092
[event] unit_heartbeat unit=gps/molhiv/seed=1 elapsed_seconds=3511.0 lines=662 log_bytes=47092
[gps/molhiv/seed=1] train: {'epoch': 29, 'time_epoch': 111.88534, 'eta': 7561.74956, 'eta_hours': 2.10049, 'loss': 0.08642827, 'lr': 8.506e-05, 'params': 558673, 'time_iter': 0.10873, 'accuracy': 0.97404, 'precision': 0.76105, 'recall': 0.44724, 'f1': 0.56339, 'auc': 0.92632}
[gps/molhiv/seed=1] val: {'epoch': 29, 'time_epoch': 3.70285, 'loss': 0.08307418, 'lr': 0, 'params': 558673, 'time_iter': 0.0287, 'accuracy': 0.98225, 'precision': 0.58333, 'recall': 0.34568, 'f1': 0.43411, 'auc': 0.79749}
[gps/molhiv/seed=1] test: {'epoch': 29, 'time_epoch': 3.62898, 'loss': 0.13707173, 'lr': 0, 'params': 558673, 'time_iter': 0.02813, 'accuracy': 0.96961, 'precision': 0.53521, 'recall': 0.29231, 'f1': 0.37811, 'auc': 0.76995}
[gps/molhiv/seed=1] > Epoch 29: took 119.4s (avg 115.7s) | Best so far: epoch 19	train_loss: 0.0980 train_auc: 0.8891	val_loss: 0.0839 val_auc: 0.8073	test_loss: 0.1274 test_auc: 0.7745
[event] unit_heartbeat unit=gps/molhiv/seed=1 elapsed_seconds=3575.4 lines=666 log_bytes=47923
[gps/molhiv/seed=1] train: {'epoch': 30, 'time_epoch': 104.34396, 'eta': 7445.5313, 'eta_hours': 2.0682, 'loss': 0.08340629, 'lr': 8.386e-05, 'params': 558673, 'time_iter': 0.1014, 'accuracy': 0.97489, 'precision': 0.77432, 'recall': 0.4651, 'f1': 0.58114, 'auc': 0.93426}
[gps/molhiv/seed=1] val: {'epoch': 30, 'time_epoch': 3.63683, 'loss': 0.0988156, 'lr': 0, 'params': 558673, 'time_iter': 0.02819, 'accuracy': 0.97812, 'precision': 0.43478, 'recall': 0.37037, 'f1': 0.4, 'auc': 0.73389}
[gps/molhiv/seed=1] test: {'epoch': 30, 'time_epoch': 3.65772, 'loss': 0.13964909, 'lr': 0, 'params': 558673, 'time_iter': 0.02835, 'accuracy': 0.96718, 'precision': 0.46667, 'recall': 0.26923, 'f1': 0.34146, 'auc': 0.76036}
[event] unit_heartbeat unit=gps/molhiv/seed=1 elapsed_seconds=3637.1 lines=669 log_bytes=48580
[gps/molhiv/seed=1] > Epoch 30: took 111.8s (avg 115.6s) | Best so far: epoch 19	train_loss: 0.0980 train_auc: 0.8891	val_loss: 0.0839 val_auc: 0.8073	test_loss: 0.1274 test_auc: 0.7745
[event] unit_heartbeat unit=gps/molhiv/seed=1 elapsed_seconds=3697.2 lines=670 log_bytes=48746
[gps/molhiv/seed=1] train: {'epoch': 31, 'time_epoch': 103.80127, 'eta': 7328.90196, 'eta_hours': 2.03581, 'loss': 0.08297332, 'lr': 8.263e-05, 'params': 558673, 'time_iter': 0.10088, 'accuracy': 0.97453, 'precision': 0.7655, 'recall': 0.46104, 'f1': 0.57548, 'auc': 0.93911}
[gps/molhiv/seed=1] val: {'epoch': 31, 'time_epoch': 3.62791, 'loss': 0.0923507, 'lr': 0, 'params': 558673, 'time_iter': 0.02812, 'accuracy': 0.98177, 'precision': 0.56818, 'recall': 0.30864, 'f1': 0.4, 'auc': 0.77695}
[gps/molhiv/seed=1] test: {'epoch': 31, 'time_epoch': 3.65028, 'loss': 0.14404227, 'lr': 0, 'params': 558673, 'time_iter': 0.0283, 'accuracy': 0.96839, 'precision': 0.5, 'recall': 0.32308, 'f1': 0.39252, 'auc': 0.76111}
[gps/molhiv/seed=1] > Epoch 31: took 111.2s (avg 115.5s) | Best so far: epoch 19	train_loss: 0.0980 train_auc: 0.8891	val_loss: 0.0839 val_auc: 0.8073	test_loss: 0.1274 test_auc: 0.7745
[event] unit_heartbeat unit=gps/molhiv/seed=1 elapsed_seconds=3758.4 lines=674 log_bytes=49567
[event] unit_heartbeat unit=gps/molhiv/seed=1 elapsed_seconds=3818.4 lines=674 log_bytes=49567
[gps/molhiv/seed=1] train: {'epoch': 32, 'time_epoch': 103.25187, 'eta': 7211.93464, 'eta_hours': 2.00332, 'loss': 0.0820489, 'lr': 8.136e-05, 'params': 558673, 'time_iter': 0.10034, 'accuracy': 0.97496, 'precision': 0.772, 'recall': 0.46997, 'f1': 0.58426, 'auc': 0.93972}
[gps/molhiv/seed=1] val: {'epoch': 32, 'time_epoch': 3.59486, 'loss': 0.08781057, 'lr': 0, 'params': 558673, 'time_iter': 0.02787, 'accuracy': 0.98104, 'precision': 0.53061, 'recall': 0.32099, 'f1': 0.4, 'auc': 0.7701}
[gps/molhiv/seed=1] test: {'epoch': 32, 'time_epoch': 3.51715, 'loss': 0.13551932, 'lr': 0, 'params': 558673, 'time_iter': 0.02726, 'accuracy': 0.96815, 'precision': 0.49351, 'recall': 0.29231, 'f1': 0.36715, 'auc': 0.76921}
[gps/molhiv/seed=1] > Epoch 32: took 110.5s (avg 115.3s) | Best so far: epoch 19	train_loss: 0.0980 train_auc: 0.8891	val_loss: 0.0839 val_auc: 0.8073	test_loss: 0.1274 test_auc: 0.7745
[event] unit_heartbeat unit=gps/molhiv/seed=1 elapsed_seconds=3878.9 lines=678 log_bytes=50391
[event] unit_heartbeat unit=gps/molhiv/seed=1 elapsed_seconds=3939.0 lines=678 log_bytes=50391
[gps/molhiv/seed=1] train: {'epoch': 33, 'time_epoch': 103.29259, 'eta': 7095.85316, 'eta_hours': 1.97107, 'loss': 0.08124067, 'lr': 8.005e-05, 'params': 558673, 'time_iter': 0.10038, 'accuracy': 0.97532, 'precision': 0.78767, 'recall': 0.46672, 'f1': 0.58614, 'auc': 0.94018}
[gps/molhiv/seed=1] val: {'epoch': 33, 'time_epoch': 3.62065, 'loss': 0.09550699, 'lr': 0, 'params': 558673, 'time_iter': 0.02807, 'accuracy': 0.97982, 'precision': 0.48276, 'recall': 0.34568, 'f1': 0.40288, 'auc': 0.77303}
[gps/molhiv/seed=1] test: {'epoch': 33, 'time_epoch': 3.73314, 'loss': 0.13912691, 'lr': 0, 'params': 558673, 'time_iter': 0.02894, 'accuracy': 0.96645, 'precision': 0.45238, 'recall': 0.29231, 'f1': 0.35514, 'auc': 0.78021}
[gps/molhiv/seed=1] > Epoch 33: took 110.8s (avg 115.2s) | Best so far: epoch 19	train_loss: 0.0980 train_auc: 0.8891	val_loss: 0.0839 val_auc: 0.8073	test_loss: 0.1274 test_auc: 0.7745
[event] unit_heartbeat unit=gps/molhiv/seed=1 elapsed_seconds=3999.7 lines=682 log_bytes=51223
[event] unit_heartbeat unit=gps/molhiv/seed=1 elapsed_seconds=4059.8 lines=682 log_bytes=51223
[gps/molhiv/seed=1] train: {'epoch': 34, 'time_epoch': 104.62094, 'eta': 6982.96941, 'eta_hours': 1.93971, 'loss': 0.08003686, 'lr': 7.872e-05, 'params': 558673, 'time_iter': 0.10167, 'accuracy': 0.97581, 'precision': 0.7876, 'recall': 0.48458, 'f1': 0.6, 'auc': 0.94221}
[gps/molhiv/seed=1] val: {'epoch': 34, 'time_epoch': 4.02414, 'loss': 0.08518786, 'lr': 0, 'params': 558673, 'time_iter': 0.03119, 'accuracy': 0.98104, 'precision': 0.5283, 'recall': 0.34568, 'f1': 0.41791, 'auc': 0.78943}
[gps/molhiv/seed=1] test: {'epoch': 34, 'time_epoch': 3.96336, 'loss': 0.13910286, 'lr': 0, 'params': 558673, 'time_iter': 0.03072, 'accuracy': 0.96523, 'precision': 0.4058, 'recall': 0.21538, 'f1': 0.28141, 'auc': 0.76644}
[gps/molhiv/seed=1] > Epoch 34: took 112.8s (avg 115.1s) | Best so far: epoch 19	train_loss: 0.0980 train_auc: 0.8891	val_loss: 0.0839 val_auc: 0.8073	test_loss: 0.1274 test_auc: 0.7745
[event] unit_heartbeat unit=gps/molhiv/seed=1 elapsed_seconds=4122.5 lines=686 log_bytes=52048
[event] unit_heartbeat unit=gps/molhiv/seed=1 elapsed_seconds=4182.6 lines=686 log_bytes=52048
[gps/molhiv/seed=1] train: {'epoch': 35, 'time_epoch': 105.05712, 'eta': 6871.32013, 'eta_hours': 1.9087, 'loss': 0.07893925, 'lr': 7.735e-05, 'params': 558673, 'time_iter': 0.1021, 'accuracy': 0.97532, 'precision': 0.77778, 'recall': 0.47727, 'f1': 0.59155, 'auc': 0.94686}
[gps/molhiv/seed=1] val: {'epoch': 35, 'time_epoch': 3.60538, 'loss': 0.09488342, 'lr': 0, 'params': 558673, 'time_iter': 0.02795, 'accuracy': 0.97933, 'precision': 0.46667, 'recall': 0.34568, 'f1': 0.39716, 'auc': 0.76231}
[gps/molhiv/seed=1] test: {'epoch': 35, 'time_epoch': 3.57593, 'loss': 0.14500279, 'lr': 0, 'params': 558673, 'time_iter': 0.02772, 'accuracy': 0.96937, 'precision': 0.53448, 'recall': 0.23846, 'f1': 0.32979, 'auc': 0.77197}
[gps/molhiv/seed=1] > Epoch 35: took 112.4s (avg 115.0s) | Best so far: epoch 19	train_loss: 0.0980 train_auc: 0.8891	val_loss: 0.0839 val_auc: 0.8073	test_loss: 0.1274 test_auc: 0.7745
[event] unit_heartbeat unit=gps/molhiv/seed=1 elapsed_seconds=4244.9 lines=690 log_bytes=52878
[gps/molhiv/seed=1] train: {'epoch': 36, 'time_epoch': 103.87677, 'eta': 6758.0174, 'eta_hours': 1.87723, 'loss': 0.07585706, 'lr': 7.595e-05, 'params': 558673, 'time_iter': 0.10095, 'accuracy': 0.97599, 'precision': 0.78189, 'recall': 0.49756, 'f1': 0.60813, 'auc': 0.95301}
[gps/molhiv/seed=1] val: {'epoch': 36, 'time_epoch': 3.55939, 'loss': 0.09087238, 'lr': 0, 'params': 558673, 'time_iter': 0.02759, 'accuracy': 0.98031, 'precision': 0.5, 'recall': 0.33333, 'f1': 0.4, 'auc': 0.78322}
[gps/molhiv/seed=1] test: {'epoch': 36, 'time_epoch': 3.58669, 'loss': 0.1434728, 'lr': 0, 'params': 558673, 'time_iter': 0.0278, 'accuracy': 0.96839, 'precision': 0.5, 'recall': 0.33077, 'f1': 0.39815, 'auc': 0.76529}
[event] unit_heartbeat unit=gps/molhiv/seed=1 elapsed_seconds=4306.0 lines=693 log_bytes=53529
[gps/molhiv/seed=1] > Epoch 36: took 111.2s (avg 114.9s) | Best so far: epoch 19	train_loss: 0.0980 train_auc: 0.8891	val_loss: 0.0839 val_auc: 0.8073	test_loss: 0.1274 test_auc: 0.7745
[event] unit_heartbeat unit=gps/molhiv/seed=1 elapsed_seconds=4366.1 lines=694 log_bytes=53695
[gps/molhiv/seed=1] train: {'epoch': 37, 'time_epoch': 101.97349, 'eta': 6642.10542, 'eta_hours': 1.84503, 'loss': 0.07730263, 'lr': 7.452e-05, 'params': 558673, 'time_iter': 0.0991, 'accuracy': 0.97599, 'precision': 0.78046, 'recall': 0.49919, 'f1': 0.60891, 'auc': 0.94995}
[gps/molhiv/seed=1] val: {'epoch': 37, 'time_epoch': 3.60129, 'loss': 0.08899473, 'lr': 0, 'params': 558673, 'time_iter': 0.02792, 'accuracy': 0.97836, 'precision': 0.43103, 'recall': 0.30864, 'f1': 0.35971, 'auc': 0.80489}
[gps/molhiv/seed=1] test: {'epoch': 37, 'time_epoch': 3.54138, 'loss': 0.15012484, 'lr': 0, 'params': 558673, 'time_iter': 0.02745, 'accuracy': 0.96596, 'precision': 0.41935, 'recall': 0.2, 'f1': 0.27083, 'auc': 0.76106}
[gps/molhiv/seed=1] > Epoch 37: took 109.3s (avg 114.8s) | Best so far: epoch 19	train_loss: 0.0980 train_auc: 0.8891	val_loss: 0.0839 val_auc: 0.8073	test_loss: 0.1274 test_auc: 0.7745
[event] unit_heartbeat unit=gps/molhiv/seed=1 elapsed_seconds=4430.3 lines=698 log_bytes=54522
[event] unit_heartbeat unit=gps/molhiv/seed=1 elapsed_seconds=4490.4 lines=698 log_bytes=54522
[gps/molhiv/seed=1] train: {'epoch': 38, 'time_epoch': 101.28513, 'eta': 6525.83157, 'eta_hours': 1.81273, 'loss': 0.07429642, 'lr': 7.307e-05, 'params': 558673, 'time_iter': 0.09843, 'accuracy': 0.97757, 'precision': 0.80798, 'recall': 0.52597, 'f1': 0.63717, 'auc': 0.9538}
[gps/molhiv/seed=1] val: {'epoch': 38, 'time_epoch': 3.55503, 'loss': 0.08885216, 'lr': 0, 'params': 558673, 'time_iter': 0.02756, 'accuracy': 0.98006, 'precision': 0.48571, 'recall': 0.20988, 'f1': 0.2931, 'auc': 0.78752}
[gps/molhiv/seed=1] test: {'epoch': 38, 'time_epoch': 3.52291, 'loss': 0.14190887, 'lr': 0, 'params': 558673, 'time_iter': 0.02731, 'accuracy': 0.96985, 'precision': 0.57143, 'recall': 0.18462, 'f1': 0.27907, 'auc': 0.77167}
[gps/molhiv/seed=1] > Epoch 38: took 108.5s (avg 114.6s) | Best so far: epoch 19	train_loss: 0.0980 train_auc: 0.8891	val_loss: 0.0839 val_auc: 0.8073	test_loss: 0.1274 test_auc: 0.7745
[event] unit_heartbeat unit=gps/molhiv/seed=1 elapsed_seconds=4553.9 lines=702 log_bytes=55352
[event] unit_heartbeat unit=gps/molhiv/seed=1 elapsed_seconds=4613.9 lines=702 log_bytes=55352
[gps/molhiv/seed=1] train: {'epoch': 39, 'time_epoch': 101.81692, 'eta': 6411.10483, 'eta_hours': 1.78086, 'loss': 0.07480587, 'lr': 7.159e-05, 'params': 558673, 'time_iter': 0.09895, 'accuracy': 0.97617, 'precision': 0.79708, 'recall': 0.48782, 'f1': 0.60524, 'auc': 0.95371}
[gps/molhiv/seed=1] val: {'epoch': 39, 'time_epoch': 3.54546, 'loss': 0.09890986, 'lr': 0, 'params': 558673, 'time_iter': 0.02748, 'accuracy': 0.9752, 'precision': 0.33333, 'recall': 0.25926, 'f1': 0.29167, 'auc': 0.80042}
[gps/molhiv/seed=1] test: {'epoch': 39, 'time_epoch': 3.42916, 'loss': 0.15329567, 'lr': 0, 'params': 558673, 'time_iter': 0.02658, 'accuracy': 0.96937, 'precision': 0.52703, 'recall': 0.3, 'f1': 0.38235, 'auc': 0.77163}
[gps/molhiv/seed=1] > Epoch 39: took 108.9s (avg 114.5s) | Best so far: epoch 19	train_loss: 0.0980 train_auc: 0.8891	val_loss: 0.0839 val_auc: 0.8073	test_loss: 0.1274 test_auc: 0.7745
[event] unit_heartbeat unit=gps/molhiv/seed=1 elapsed_seconds=4677.8 lines=706 log_bytes=56179
[gps/molhiv/seed=1] train: {'epoch': 40, 'time_epoch': 100.2004, 'eta': 6294.68163, 'eta_hours': 1.74852, 'loss': 0.0729319, 'lr': 7.008e-05, 'params': 558673, 'time_iter': 0.09738, 'accuracy': 0.97641, 'precision': 0.7767, 'recall': 0.51948, 'f1': 0.62257, 'auc': 0.9568}
[gps/molhiv/seed=1] val: {'epoch': 40, 'time_epoch': 3.53353, 'loss': 0.09381222, 'lr': 0, 'params': 558673, 'time_iter': 0.02739, 'accuracy': 0.9786, 'precision': 0.44068, 'recall': 0.32099, 'f1': 0.37143, 'auc': 0.79064}
[gps/molhiv/seed=1] test: {'epoch': 40, 'time_epoch': 3.52428, 'loss': 0.15192317, 'lr': 0, 'params': 558673, 'time_iter': 0.02732, 'accuracy': 0.96742, 'precision': 0.47619, 'recall': 0.30769, 'f1': 0.37383, 'auc': 0.76731}
[event] unit_heartbeat unit=gps/molhiv/seed=1 elapsed_seconds=4740.2 lines=709 log_bytes=56840
[gps/molhiv/seed=1] > Epoch 40: took 107.4s (avg 114.3s) | Best so far: epoch 19	train_loss: 0.0980 train_auc: 0.8891	val_loss: 0.0839 val_auc: 0.8073	test_loss: 0.1274 test_auc: 0.7745
[event] unit_heartbeat unit=gps/molhiv/seed=1 elapsed_seconds=4800.3 lines=710 log_bytes=57006
[gps/molhiv/seed=1] train: {'epoch': 41, 'time_epoch': 100.49626, 'eta': 6179.43951, 'eta_hours': 1.71651, 'loss': 0.07190107, 'lr': 6.856e-05, 'params': 558673, 'time_iter': 0.09766, 'accuracy': 0.97681, 'precision': 0.78563, 'recall': 0.52354, 'f1': 0.62835, 'auc': 0.9595}
[gps/molhiv/seed=1] val: {'epoch': 41, 'time_epoch': 3.54519, 'loss': 0.09205062, 'lr': 0, 'params': 558673, 'time_iter': 0.02748, 'accuracy': 0.98055, 'precision': 0.51111, 'recall': 0.28395, 'f1': 0.36508, 'auc': 0.79605}
[gps/molhiv/seed=1] test: {'epoch': 41, 'time_epoch': 3.42937, 'loss': 0.1540754, 'lr': 0, 'params': 558673, 'time_iter': 0.02658, 'accuracy': 0.96791, 'precision': 0.48485, 'recall': 0.24615, 'f1': 0.32653, 'auc': 0.75891}
[gps/molhiv/seed=1] > Epoch 41: took 107.6s (avg 114.1s) | Best so far: epoch 19	train_loss: 0.0980 train_auc: 0.8891	val_loss: 0.0839 val_auc: 0.8073	test_loss: 0.1274 test_auc: 0.7745
[event] unit_heartbeat unit=gps/molhiv/seed=1 elapsed_seconds=4862.8 lines=714 log_bytes=57836
[event] unit_heartbeat unit=gps/molhiv/seed=1 elapsed_seconds=4922.9 lines=714 log_bytes=57836
[gps/molhiv/seed=1] train: {'epoch': 42, 'time_epoch': 100.28829, 'eta': 6064.60757, 'eta_hours': 1.68461, 'loss': 0.07018328, 'lr': 6.701e-05, 'params': 558673, 'time_iter': 0.09746, 'accuracy': 0.97818, 'precision': 0.81114, 'recall': 0.54383, 'f1': 0.65112, 'auc': 0.96199}
[gps/molhiv/seed=1] val: {'epoch': 42, 'time_epoch': 3.46449, 'loss': 0.09913691, 'lr': 0, 'params': 558673, 'time_iter': 0.02686, 'accuracy': 0.97885, 'precision': 0.44643, 'recall': 0.30864, 'f1': 0.36496, 'auc': 0.77494}
[gps/molhiv/seed=1] test: {'epoch': 42, 'time_epoch': 3.48972, 'loss': 0.15816909, 'lr': 0, 'params': 558673, 'time_iter': 0.02705, 'accuracy': 0.96791, 'precision': 0.48148, 'recall': 0.2, 'f1': 0.28261, 'auc': 0.76041}
[gps/molhiv/seed=1] > Epoch 42: took 107.4s (avg 114.0s) | Best so far: epoch 19	train_loss: 0.0980 train_auc: 0.8891	val_loss: 0.0839 val_auc: 0.8073	test_loss: 0.1274 test_auc: 0.7745
[event] unit_heartbeat unit=gps/molhiv/seed=1 elapsed_seconds=4985.3 lines=718 log_bytes=58664
[event] unit_heartbeat unit=gps/molhiv/seed=1 elapsed_seconds=5045.3 lines=718 log_bytes=58664
[gps/molhiv/seed=1] train: {'epoch': 43, 'time_epoch': 98.69897, 'eta': 5948.41393, 'eta_hours': 1.65234, 'loss': 0.06967565, 'lr': 6.545e-05, 'params': 558673, 'time_iter': 0.09592, 'accuracy': 0.97799, 'precision': 0.80383, 'recall': 0.54545, 'f1': 0.6499, 'auc': 0.96271}
[gps/molhiv/seed=1] val: {'epoch': 43, 'time_epoch': 3.3722, 'loss': 0.10445151, 'lr': 0, 'params': 558673, 'time_iter': 0.02614, 'accuracy': 0.9769, 'precision': 0.4, 'recall': 0.34568, 'f1': 0.37086, 'auc': 0.76707}
[gps/molhiv/seed=1] test: {'epoch': 43, 'time_epoch': 3.3575, 'loss': 0.16061846, 'lr': 0, 'params': 558673, 'time_iter': 0.02603, 'accuracy': 0.96742, 'precision': 0.46429, 'recall': 0.2, 'f1': 0.27957, 'auc': 0.75989}
[gps/molhiv/seed=1] > Epoch 43: took 105.6s (avg 113.8s) | Best so far: epoch 19	train_loss: 0.0980 train_auc: 0.8891	val_loss: 0.0839 val_auc: 0.8073	test_loss: 0.1274 test_auc: 0.7745
[event] unit_heartbeat unit=gps/molhiv/seed=1 elapsed_seconds=5105.9 lines=722 log_bytes=59483
[gps/molhiv/seed=1] train: {'epoch': 44, 'time_epoch': 96.49793, 'eta': 5830.30768, 'eta_hours': 1.61953, 'loss': 0.06741375, 'lr': 6.387e-05, 'params': 558673, 'time_iter': 0.09378, 'accuracy': 0.97793, 'precision': 0.80263, 'recall': 0.54464, 'f1': 0.64894, 'auc': 0.96568}
[gps/molhiv/seed=1] val: {'epoch': 44, 'time_epoch': 3.34151, 'loss': 0.10037104, 'lr': 0, 'params': 558673, 'time_iter': 0.0259, 'accuracy': 0.97958, 'precision': 0.47368, 'recall': 0.33333, 'f1': 0.3913, 'auc': 0.76545}
[gps/molhiv/seed=1] test: {'epoch': 44, 'time_epoch': 3.35918, 'loss': 0.16584229, 'lr': 0, 'params': 558673, 'time_iter': 0.02604, 'accuracy': 0.96815, 'precision': 0.49091, 'recall': 0.20769, 'f1': 0.29189, 'auc': 0.75699}
[gps/molhiv/seed=1] > Epoch 44: took 103.3s (avg 113.6s) | Best so far: epoch 19	train_loss: 0.0980 train_auc: 0.8891	val_loss: 0.0839 val_auc: 0.8073	test_loss: 0.1274 test_auc: 0.7745
[event] unit_heartbeat unit=gps/molhiv/seed=1 elapsed_seconds=5169.2 lines=726 log_bytes=60312
[event] unit_heartbeat unit=gps/molhiv/seed=1 elapsed_seconds=5229.2 lines=726 log_bytes=60312
[gps/molhiv/seed=1] train: {'epoch': 45, 'time_epoch': 94.84219, 'eta': 5711.19722, 'eta_hours': 1.58644, 'loss': 0.06624699, 'lr': 6.227e-05, 'params': 558673, 'time_iter': 0.09217, 'accuracy': 0.97836, 'precision': 0.80879, 'recall': 0.55276, 'f1': 0.6567, 'auc': 0.96814}
[gps/molhiv/seed=1] val: {'epoch': 45, 'time_epoch': 3.29854, 'loss': 0.10166595, 'lr': 0, 'params': 558673, 'time_iter': 0.02557, 'accuracy': 0.97836, 'precision': 0.42857, 'recall': 0.2963, 'f1': 0.35036, 'auc': 0.77045}
[gps/molhiv/seed=1] test: {'epoch': 45, 'time_epoch': 3.36643, 'loss': 0.16807583, 'lr': 0, 'params': 558673, 'time_iter': 0.0261, 'accuracy': 0.96645, 'precision': 0.42308, 'recall': 0.16923, 'f1': 0.24176, 'auc': 0.74217}
[gps/molhiv/seed=1] > Epoch 45: took 101.6s (avg 113.3s) | Best so far: epoch 19	train_loss: 0.0980 train_auc: 0.8891	val_loss: 0.0839 val_auc: 0.8073	test_loss: 0.1274 test_auc: 0.7745
[event] unit_heartbeat unit=gps/molhiv/seed=1 elapsed_seconds=5290.8 lines=730 log_bytes=61140
[event] unit_heartbeat unit=gps/molhiv/seed=1 elapsed_seconds=5350.9 lines=730 log_bytes=61140
[gps/molhiv/seed=1] train: {'epoch': 46, 'time_epoch': 94.44802, 'eta': 5592.67497, 'eta_hours': 1.55352, 'loss': 0.06648783, 'lr': 6.066e-05, 'params': 558673, 'time_iter': 0.09179, 'accuracy': 0.97866, 'precision': 0.806, 'recall': 0.56656, 'f1': 0.6654, 'auc': 0.96715}
[gps/molhiv/seed=1] val: {'epoch': 46, 'time_epoch': 3.25648, 'loss': 0.09964515, 'lr': 0, 'params': 558673, 'time_iter': 0.02524, 'accuracy': 0.97715, 'precision': 0.39344, 'recall': 0.2963, 'f1': 0.33803, 'auc': 0.77756}
[gps/molhiv/seed=1] test: {'epoch': 46, 'time_epoch': 3.39897, 'loss': 0.15942163, 'lr': 0, 'params': 558673, 'time_iter': 0.02635, 'accuracy': 0.96523, 'precision': 0.43299, 'recall': 0.32308, 'f1': 0.37004, 'auc': 0.75454}
[gps/molhiv/seed=1] > Epoch 46: took 101.2s (avg 113.0s) | Best so far: epoch 19	train_loss: 0.0980 train_auc: 0.8891	val_loss: 0.0839 val_auc: 0.8073	test_loss: 0.1274 test_auc: 0.7745
[event] unit_heartbeat unit=gps/molhiv/seed=1 elapsed_seconds=5412.1 lines=734 log_bytes=61967
[gps/molhiv/seed=1] train: {'epoch': 47, 'time_epoch': 94.08667, 'eta': 5474.76434, 'eta_hours': 1.52077, 'loss': 0.06605922, 'lr': 5.904e-05, 'params': 558673, 'time_iter': 0.09144, 'accuracy': 0.9783, 'precision': 0.80186, 'recall': 0.55844, 'f1': 0.65837, 'auc': 0.9682}
[gps/molhiv/seed=1] val: {'epoch': 47, 'time_epoch': 3.33785, 'loss': 0.10035811, 'lr': 0, 'params': 558673, 'time_iter': 0.02587, 'accuracy': 0.97788, 'precision': 0.43056, 'recall': 0.38272, 'f1': 0.40523, 'auc': 0.78266}
[gps/molhiv/seed=1] test: {'epoch': 47, 'time_epoch': 3.31875, 'loss': 0.15897262, 'lr': 0, 'params': 558673, 'time_iter': 0.02573, 'accuracy': 0.96669, 'precision': 0.45455, 'recall': 0.26923, 'f1': 0.33816, 'auc': 0.77471}
[gps/molhiv/seed=1] > Epoch 47: took 100.9s (avg 112.8s) | Best so far: epoch 19	train_loss: 0.0980 train_auc: 0.8891	val_loss: 0.0839 val_auc: 0.8073	test_loss: 0.1274 test_auc: 0.7745
[event] unit_heartbeat unit=gps/molhiv/seed=1 elapsed_seconds=5472.9 lines=738 log_bytes=62796
[event] unit_heartbeat unit=gps/molhiv/seed=1 elapsed_seconds=5533.0 lines=738 log_bytes=62796
[gps/molhiv/seed=1] train: {'epoch': 48, 'time_epoch': 94.90977, 'eta': 5358.68282, 'eta_hours': 1.48852, 'loss': 0.06712474, 'lr': 5.741e-05, 'params': 558673, 'time_iter': 0.09223, 'accuracy': 0.9786, 'precision': 0.80769, 'recall': 0.5625, 'f1': 0.66316, 'auc': 0.9684}
[gps/molhiv/seed=1] val: {'epoch': 48, 'time_epoch': 3.3894, 'loss': 0.10077957, 'lr': 0, 'params': 558673, 'time_iter': 0.02627, 'accuracy': 0.97885, 'precision': 0.45, 'recall': 0.33333, 'f1': 0.38298, 'auc': 0.76574}
[gps/molhiv/seed=1] test: {'epoch': 48, 'time_epoch': 3.35998, 'loss': 0.1653554, 'lr': 0, 'params': 558673, 'time_iter': 0.02605, 'accuracy': 0.96742, 'precision': 0.46552, 'recall': 0.20769, 'f1': 0.28723, 'auc': 0.75565}
[gps/molhiv/seed=1] > Epoch 48: took 101.8s (avg 112.6s) | Best so far: epoch 19	train_loss: 0.0980 train_auc: 0.8891	val_loss: 0.0839 val_auc: 0.8073	test_loss: 0.1274 test_auc: 0.7745
[event] unit_heartbeat unit=gps/molhiv/seed=1 elapsed_seconds=5594.7 lines=742 log_bytes=63619
[event] unit_heartbeat unit=gps/molhiv/seed=1 elapsed_seconds=5654.8 lines=742 log_bytes=63619
[gps/molhiv/seed=1] train: {'epoch': 49, 'time_epoch': 95.92219, 'eta': 5244.46059, 'eta_hours': 1.45679, 'loss': 0.06520851, 'lr': 5.577e-05, 'params': 558673, 'time_iter': 0.09322, 'accuracy': 0.97903, 'precision': 0.81808, 'recall': 0.56575, 'f1': 0.66891, 'auc': 0.96848}
[gps/molhiv/seed=1] val: {'epoch': 49, 'time_epoch': 3.36028, 'loss': 0.10265864, 'lr': 0, 'params': 558673, 'time_iter': 0.02605, 'accuracy': 0.97666, 'precision': 0.39726, 'recall': 0.35802, 'f1': 0.37662, 'auc': 0.78937}
[gps/molhiv/seed=1] test: {'epoch': 49, 'time_epoch': 3.33219, 'loss': 0.16840872, 'lr': 0, 'params': 558673, 'time_iter': 0.02583, 'accuracy': 0.96548, 'precision': 0.42683, 'recall': 0.26923, 'f1': 0.33019, 'auc': 0.76675}
[gps/molhiv/seed=1] > Epoch 49: took 102.8s (avg 112.4s) | Best so far: epoch 19	train_loss: 0.0980 train_auc: 0.8891	val_loss: 0.0839 val_auc: 0.8073	test_loss: 0.1274 test_auc: 0.7745
[event] unit_heartbeat unit=gps/molhiv/seed=1 elapsed_seconds=5717.5 lines=746 log_bytes=64450
[gps/molhiv/seed=1] train: {'epoch': 50, 'time_epoch': 95.1741, 'eta': 5130.23725, 'eta_hours': 1.42507, 'loss': 0.06214686, 'lr': 5.413e-05, 'params': 558673, 'time_iter': 0.09249, 'accuracy': 0.97906, 'precision': 0.8054, 'recall': 0.58117, 'f1': 0.67515, 'auc': 0.97494}
[gps/molhiv/seed=1] val: {'epoch': 50, 'time_epoch': 3.30606, 'loss': 0.09801088, 'lr': 0, 'params': 558673, 'time_iter': 0.02563, 'accuracy': 0.98006, 'precision': 0.4918, 'recall': 0.37037, 'f1': 0.42254, 'auc': 0.78806}
[gps/molhiv/seed=1] test: {'epoch': 50, 'time_epoch': 3.34249, 'loss': 0.1730408, 'lr': 0, 'params': 558673, 'time_iter': 0.02591, 'accuracy': 0.96815, 'precision': 0.49333, 'recall': 0.28462, 'f1': 0.36098, 'auc': 0.75405}
[gps/molhiv/seed=1] > Epoch 50: took 102.0s (avg 112.2s) | Best so far: epoch 19	train_loss: 0.0980 train_auc: 0.8891	val_loss: 0.0839 val_auc: 0.8073	test_loss: 0.1274 test_auc: 0.7745
[event] unit_heartbeat unit=gps/molhiv/seed=1 elapsed_seconds=5779.4 lines=750 log_bytes=65277
[event] unit_heartbeat unit=gps/molhiv/seed=1 elapsed_seconds=5839.5 lines=750 log_bytes=65277
[gps/molhiv/seed=1] train: {'epoch': 51, 'time_epoch': 94.31743, 'eta': 5015.9558, 'eta_hours': 1.39332, 'loss': 0.06203245, 'lr': 5.248e-05, 'params': 558673, 'time_iter': 0.09166, 'accuracy': 0.97997, 'precision': 0.83275, 'recall': 0.58198, 'f1': 0.68514, 'auc': 0.97397}
[gps/molhiv/seed=1] val: {'epoch': 51, 'time_epoch': 3.28736, 'loss': 0.11505505, 'lr': 0, 'params': 558673, 'time_iter': 0.02548, 'accuracy': 0.97471, 'precision': 0.34667, 'recall': 0.32099, 'f1': 0.33333, 'auc': 0.77598}
[gps/molhiv/seed=1] test: {'epoch': 51, 'time_epoch': 3.29304, 'loss': 0.17784794, 'lr': 0, 'params': 558673, 'time_iter': 0.02553, 'accuracy': 0.96572, 'precision': 0.42254, 'recall': 0.23077, 'f1': 0.29851, 'auc': 0.76722}
[gps/molhiv/seed=1] > Epoch 51: took 101.0s (avg 112.0s) | Best so far: epoch 19	train_loss: 0.0980 train_auc: 0.8891	val_loss: 0.0839 val_auc: 0.8073	test_loss: 0.1274 test_auc: 0.7745
[event] unit_heartbeat unit=gps/molhiv/seed=1 elapsed_seconds=5900.5 lines=754 log_bytes=66107
[event] unit_heartbeat unit=gps/molhiv/seed=1 elapsed_seconds=5960.6 lines=754 log_bytes=66107
[gps/molhiv/seed=1] train: {'epoch': 52, 'time_epoch': 95.11184, 'eta': 4903.13219, 'eta_hours': 1.36198, 'loss': 0.06287033, 'lr': 5.083e-05, 'params': 558673, 'time_iter': 0.09243, 'accuracy': 0.97954, 'precision': 0.81159, 'recall': 0.59091, 'f1': 0.68389, 'auc': 0.97411}
[gps/molhiv/seed=1] val: {'epoch': 52, 'time_epoch': 3.37195, 'loss': 0.10940575, 'lr': 0, 'params': 558673, 'time_iter': 0.02614, 'accuracy': 0.97471, 'precision': 0.35065, 'recall': 0.33333, 'f1': 0.34177, 'auc': 0.78201}
[gps/molhiv/seed=1] test: {'epoch': 52, 'time_epoch': 3.33562, 'loss': 0.17555551, 'lr': 0, 'params': 558673, 'time_iter': 0.02586, 'accuracy': 0.96596, 'precision': 0.44048, 'recall': 0.28462, 'f1': 0.34579, 'auc': 0.76754}
[gps/molhiv/seed=1] > Epoch 52: took 102.0s (avg 111.8s) | Best so far: epoch 19	train_loss: 0.0980 train_auc: 0.8891	val_loss: 0.0839 val_auc: 0.8073	test_loss: 0.1274 test_auc: 0.7745
[event] unit_heartbeat unit=gps/molhiv/seed=1 elapsed_seconds=6022.5 lines=758 log_bytes=66938
[gps/molhiv/seed=1] train: {'epoch': 53, 'time_epoch': 94.43475, 'eta': 4790.38779, 'eta_hours': 1.33066, 'loss': 0.05758555, 'lr': 4.917e-05, 'params': 558673, 'time_iter': 0.09177, 'accuracy': 0.98079, 'precision': 0.83937, 'recall': 0.60227, 'f1': 0.70132, 'auc': 0.97856}
[gps/molhiv/seed=1] val: {'epoch': 53, 'time_epoch': 3.34932, 'loss': 0.1058381, 'lr': 0, 'params': 558673, 'time_iter': 0.02596, 'accuracy': 0.97836, 'precision': 0.44595, 'recall': 0.40741, 'f1': 0.42581, 'auc': 0.77369}
[gps/molhiv/seed=1] test: {'epoch': 53, 'time_epoch': 3.48232, 'loss': 0.17265773, 'lr': 0, 'params': 558673, 'time_iter': 0.02699, 'accuracy': 0.96864, 'precision': 0.50704, 'recall': 0.27692, 'f1': 0.35821, 'auc': 0.76854}
[gps/molhiv/seed=1] > Epoch 53: took 101.4s (avg 111.6s) | Best so far: epoch 19	train_loss: 0.0980 train_auc: 0.8891	val_loss: 0.0839 val_auc: 0.8073	test_loss: 0.1274 test_auc: 0.7745
[event] unit_heartbeat unit=gps/molhiv/seed=1 elapsed_seconds=6083.9 lines=762 log_bytes=67768
[event] unit_heartbeat unit=gps/molhiv/seed=1 elapsed_seconds=6143.9 lines=762 log_bytes=67768
[gps/molhiv/seed=1] train: {'epoch': 54, 'time_epoch': 94.86048, 'eta': 4678.65752, 'eta_hours': 1.29963, 'loss': 0.05905983, 'lr': 4.752e-05, 'params': 558673, 'time_iter': 0.09219, 'accuracy': 0.98058, 'precision': 0.82193, 'recall': 0.61445, 'f1': 0.7032, 'auc': 0.97679}
[gps/molhiv/seed=1] val: {'epoch': 54, 'time_epoch': 3.38219, 'loss': 0.11183178, 'lr': 0, 'params': 558673, 'time_iter': 0.02622, 'accuracy': 0.97885, 'precision': 0.44828, 'recall': 0.32099, 'f1': 0.3741, 'auc': 0.76868}
[gps/molhiv/seed=1] test: {'epoch': 54, 'time_epoch': 3.45717, 'loss': 0.18140697, 'lr': 0, 'params': 558673, 'time_iter': 0.0268, 'accuracy': 0.96864, 'precision': 0.50649, 'recall': 0.3, 'f1': 0.37681, 'auc': 0.7641}
[gps/molhiv/seed=1] > Epoch 54: took 101.8s (avg 111.4s) | Best so far: epoch 19	train_loss: 0.0980 train_auc: 0.8891	val_loss: 0.0839 val_auc: 0.8073	test_loss: 0.1274 test_auc: 0.7745
[event] unit_heartbeat unit=gps/molhiv/seed=1 elapsed_seconds=6205.7 lines=766 log_bytes=68591
[event] unit_heartbeat unit=gps/molhiv/seed=1 elapsed_seconds=6265.8 lines=766 log_bytes=68591
[gps/molhiv/seed=1] train: {'epoch': 55, 'time_epoch': 100.17151, 'eta': 4571.7027, 'eta_hours': 1.26992, 'loss': 0.05884005, 'lr': 4.587e-05, 'params': 558673, 'time_iter': 0.09735, 'accuracy': 0.9807, 'precision': 0.83502, 'recall': 0.6039, 'f1': 0.70089, 'auc': 0.97783}
[gps/molhiv/seed=1] val: {'epoch': 55, 'time_epoch': 3.50204, 'loss': 0.11850245, 'lr': 0, 'params': 558673, 'time_iter': 0.02715, 'accuracy': 0.97593, 'precision': 0.38462, 'recall': 0.37037, 'f1': 0.37736, 'auc': 0.78248}
[gps/molhiv/seed=1] test: {'epoch': 55, 'time_epoch': 3.41009, 'loss': 0.18426404, 'lr': 0, 'params': 558673, 'time_iter': 0.02643, 'accuracy': 0.96426, 'precision': 0.41237, 'recall': 0.30769, 'f1': 0.35242, 'auc': 0.77245}
[gps/molhiv/seed=1] > Epoch 55: took 107.2s (avg 111.3s) | Best so far: epoch 19	train_loss: 0.0980 train_auc: 0.8891	val_loss: 0.0839 val_auc: 0.8073	test_loss: 0.1274 test_auc: 0.7745
[event] unit_heartbeat unit=gps/molhiv/seed=1 elapsed_seconds=6328.0 lines=770 log_bytes=69420
[gps/molhiv/seed=1] train: {'epoch': 56, 'time_epoch': 97.44112, 'eta': 4462.92611, 'eta_hours': 1.2397, 'loss': 0.05636647, 'lr': 4.423e-05, 'params': 558673, 'time_iter': 0.09469, 'accuracy': 0.98131, 'precision': 0.84088, 'recall': 0.61769, 'f1': 0.71221, 'auc': 0.97982}
[gps/molhiv/seed=1] val: {'epoch': 56, 'time_epoch': 3.53495, 'loss': 0.10406954, 'lr': 0, 'params': 558673, 'time_iter': 0.0274, 'accuracy': 0.97885, 'precision': 0.45455, 'recall': 0.37037, 'f1': 0.40816, 'auc': 0.77977}
[event] unit_heartbeat unit=gps/molhiv/seed=1 elapsed_seconds=6389.0 lines=772 log_bytes=69878
[gps/molhiv/seed=1] test: {'epoch': 56, 'time_epoch': 3.33086, 'loss': 0.1720425, 'lr': 0, 'params': 558673, 'time_iter': 0.02582, 'accuracy': 0.96961, 'precision': 0.53731, 'recall': 0.27692, 'f1': 0.36548, 'auc': 0.75879}
[gps/molhiv/seed=1] > Epoch 56: took 104.4s (avg 111.2s) | Best so far: epoch 19	train_loss: 0.0980 train_auc: 0.8891	val_loss: 0.0839 val_auc: 0.8073	test_loss: 0.1274 test_auc: 0.7745
[event] unit_heartbeat unit=gps/molhiv/seed=1 elapsed_seconds=6452.4 lines=774 log_bytes=70248
[gps/molhiv/seed=1] train: {'epoch': 57, 'time_epoch': 94.54173, 'eta': 4352.44085, 'eta_hours': 1.20901, 'loss': 0.05811302, 'lr': 4.259e-05, 'params': 558673, 'time_iter': 0.09188, 'accuracy': 0.98058, 'precision': 0.82475, 'recall': 0.6112, 'f1': 0.7021, 'auc': 0.97971}
[gps/molhiv/seed=1] val: {'epoch': 57, 'time_epoch': 3.47347, 'loss': 0.10466092, 'lr': 0, 'params': 558673, 'time_iter': 0.02693, 'accuracy': 0.97836, 'precision': 0.44286, 'recall': 0.38272, 'f1': 0.4106, 'auc': 0.79508}
[gps/molhiv/seed=1] test: {'epoch': 57, 'time_epoch': 3.32488, 'loss': 0.1772397, 'lr': 0, 'params': 558673, 'time_iter': 0.02577, 'accuracy': 0.96766, 'precision': 0.48101, 'recall': 0.29231, 'f1': 0.36364, 'auc': 0.77163}
[gps/molhiv/seed=1] > Epoch 57: took 101.5s (avg 111.0s) | Best so far: epoch 19	train_loss: 0.0980 train_auc: 0.8891	val_loss: 0.0839 val_auc: 0.8073	test_loss: 0.1274 test_auc: 0.7745
[event] unit_heartbeat unit=gps/molhiv/seed=1 elapsed_seconds=6513.9 lines=778 log_bytes=71075
[event] unit_heartbeat unit=gps/molhiv/seed=1 elapsed_seconds=6573.9 lines=778 log_bytes=71075
[gps/molhiv/seed=1] train: {'epoch': 58, 'time_epoch': 95.20865, 'eta': 4242.9595, 'eta_hours': 1.1786, 'loss': 0.05755698, 'lr': 4.096e-05, 'params': 558673, 'time_iter': 0.09253, 'accuracy': 0.98073, 'precision': 0.83075, 'recall': 0.60958, 'f1': 0.70318, 'auc': 0.9791}
[gps/molhiv/seed=1] val: {'epoch': 58, 'time_epoch': 3.23975, 'loss': 0.10645959, 'lr': 0, 'params': 558673, 'time_iter': 0.02511, 'accuracy': 0.9786, 'precision': 0.4507, 'recall': 0.39506, 'f1': 0.42105, 'auc': 0.79291}
[gps/molhiv/seed=1] test: {'epoch': 58, 'time_epoch': 3.32798, 'loss': 0.188448, 'lr': 0, 'params': 558673, 'time_iter': 0.0258, 'accuracy': 0.96693, 'precision': 0.46341, 'recall': 0.29231, 'f1': 0.35849, 'auc': 0.75965}
[gps/molhiv/seed=1] > Epoch 58: took 101.9s (avg 110.9s) | Best so far: epoch 19	train_loss: 0.0980 train_auc: 0.8891	val_loss: 0.0839 val_auc: 0.8073	test_loss: 0.1274 test_auc: 0.7745
[event] unit_heartbeat unit=gps/molhiv/seed=1 elapsed_seconds=6635.8 lines=782 log_bytes=71898
[gps/molhiv/seed=1] train: {'epoch': 59, 'time_epoch': 94.25289, 'eta': 4133.31673, 'eta_hours': 1.14814, 'loss': 0.05435114, 'lr': 3.934e-05, 'params': 558673, 'time_iter': 0.0916, 'accuracy': 0.9821, 'precision': 0.83525, 'recall': 0.65016, 'f1': 0.73117, 'auc': 0.98166}
[gps/molhiv/seed=1] val: {'epoch': 59, 'time_epoch': 3.40583, 'loss': 0.11146096, 'lr': 0, 'params': 558673, 'time_iter': 0.0264, 'accuracy': 0.97715, 'precision': 0.40845, 'recall': 0.35802, 'f1': 0.38158, 'auc': 0.78901}
[gps/molhiv/seed=1] test: {'epoch': 59, 'time_epoch': 3.45992, 'loss': 0.20088391, 'lr': 0, 'params': 558673, 'time_iter': 0.02682, 'accuracy': 0.96766, 'precision': 0.47761, 'recall': 0.24615, 'f1': 0.32487, 'auc': 0.74882}
[event] unit_heartbeat unit=gps/molhiv/seed=1 elapsed_seconds=6697.0 lines=785 log_bytes=72560
[gps/molhiv/seed=1] > Epoch 59: took 101.3s (avg 110.7s) | Best so far: epoch 19	train_loss: 0.0980 train_auc: 0.8891	val_loss: 0.0839 val_auc: 0.8073	test_loss: 0.1274 test_auc: 0.7745
[event] unit_heartbeat unit=gps/molhiv/seed=1 elapsed_seconds=6757.1 lines=786 log_bytes=72726
[gps/molhiv/seed=1] train: {'epoch': 60, 'time_epoch': 96.15566, 'eta': 4025.39507, 'eta_hours': 1.11817, 'loss': 0.05537181, 'lr': 3.773e-05, 'params': 558673, 'time_iter': 0.09345, 'accuracy': 0.98149, 'precision': 0.83896, 'recall': 0.62581, 'f1': 0.71688, 'auc': 0.98139}
[gps/molhiv/seed=1] val: {'epoch': 60, 'time_epoch': 3.37107, 'loss': 0.11705789, 'lr': 0, 'params': 558673, 'time_iter': 0.02613, 'accuracy': 0.9769, 'precision': 0.39062, 'recall': 0.30864, 'f1': 0.34483, 'auc': 0.78317}
[gps/molhiv/seed=1] test: {'epoch': 60, 'time_epoch': 3.25779, 'loss': 0.19502089, 'lr': 0, 'params': 558673, 'time_iter': 0.02525, 'accuracy': 0.96864, 'precision': 0.50847, 'recall': 0.23077, 'f1': 0.31746, 'auc': 0.75815}
[gps/molhiv/seed=1] > Epoch 60: took 102.9s (avg 110.6s) | Best so far: epoch 19	train_loss: 0.0980 train_auc: 0.8891	val_loss: 0.0839 val_auc: 0.8073	test_loss: 0.1274 test_auc: 0.7745
[event] unit_heartbeat unit=gps/molhiv/seed=1 elapsed_seconds=6820.0 lines=790 log_bytes=73556
[event] unit_heartbeat unit=gps/molhiv/seed=1 elapsed_seconds=6880.1 lines=790 log_bytes=73556
[gps/molhiv/seed=1] train: {'epoch': 61, 'time_epoch': 95.21281, 'eta': 3917.27509, 'eta_hours': 1.08813, 'loss': 0.05644721, 'lr': 3.613e-05, 'params': 558673, 'time_iter': 0.09253, 'accuracy': 0.98067, 'precision': 0.83259, 'recall': 0.60552, 'f1': 0.70113, 'auc': 0.9807}
[gps/molhiv/seed=1] val: {'epoch': 61, 'time_epoch': 3.29098, 'loss': 0.11480641, 'lr': 0, 'params': 558673, 'time_iter': 0.02551, 'accuracy': 0.97374, 'precision': 0.34483, 'recall': 0.37037, 'f1': 0.35714, 'auc': 0.78096}
[gps/molhiv/seed=1] test: {'epoch': 61, 'time_epoch': 3.40238, 'loss': 0.18858161, 'lr': 0, 'params': 558673, 'time_iter': 0.02638, 'accuracy': 0.96548, 'precision': 0.42857, 'recall': 0.27692, 'f1': 0.33645, 'auc': 0.76738}
[gps/molhiv/seed=1] > Epoch 61: took 102.0s (avg 110.5s) | Best so far: epoch 19	train_loss: 0.0980 train_auc: 0.8891	val_loss: 0.0839 val_auc: 0.8073	test_loss: 0.1274 test_auc: 0.7745
[event] unit_heartbeat unit=gps/molhiv/seed=1 elapsed_seconds=6942.1 lines=794 log_bytes=74386
[gps/molhiv/seed=1] train: {'epoch': 62, 'time_epoch': 94.23208, 'eta': 3808.98887, 'eta_hours': 1.05805, 'loss': 0.0537207, 'lr': 3.455e-05, 'params': 558673, 'time_iter': 0.09158, 'accuracy': 0.9814, 'precision': 0.82839, 'recall': 0.63474, 'f1': 0.71875, 'auc': 0.9834}
[gps/molhiv/seed=1] val: {'epoch': 62, 'time_epoch': 3.33586, 'loss': 0.11578159, 'lr': 0, 'params': 558673, 'time_iter': 0.02586, 'accuracy': 0.97642, 'precision': 0.37879, 'recall': 0.30864, 'f1': 0.34014, 'auc': 0.7745}
[gps/molhiv/seed=1] test: {'epoch': 62, 'time_epoch': 3.41676, 'loss': 0.19150903, 'lr': 0, 'params': 558673, 'time_iter': 0.02649, 'accuracy': 0.96596, 'precision': 0.4359, 'recall': 0.26154, 'f1': 0.32692, 'auc': 0.77206}
[event] unit_heartbeat unit=gps/molhiv/seed=1 elapsed_seconds=7003.1 lines=797 log_bytes=75046
[gps/molhiv/seed=1] > Epoch 62: took 101.1s (avg 110.3s) | Best so far: epoch 19	train_loss: 0.0980 train_auc: 0.8891	val_loss: 0.0839 val_auc: 0.8073	test_loss: 0.1274 test_auc: 0.7745
[event] unit_heartbeat unit=gps/molhiv/seed=1 elapsed_seconds=7063.2 lines=798 log_bytes=75212
[gps/molhiv/seed=1] train: {'epoch': 63, 'time_epoch': 95.95363, 'eta': 3702.11021, 'eta_hours': 1.02836, 'loss': 0.05266986, 'lr': 3.299e-05, 'params': 558673, 'time_iter': 0.09325, 'accuracy': 0.98277, 'precision': 0.84744, 'recall': 0.65828, 'f1': 0.74098, 'auc': 0.98344}
[gps/molhiv/seed=1] val: {'epoch': 63, 'time_epoch': 3.33326, 'loss': 0.11433852, 'lr': 0, 'params': 558673, 'time_iter': 0.02584, 'accuracy': 0.97253, 'precision': 0.32222, 'recall': 0.35802, 'f1': 0.33918, 'auc': 0.80373}
[gps/molhiv/seed=1] test: {'epoch': 63, 'time_epoch': 3.39173, 'loss': 0.19328756, 'lr': 0, 'params': 558673, 'time_iter': 0.02629, 'accuracy': 0.96231, 'precision': 0.37624, 'recall': 0.29231, 'f1': 0.329, 'auc': 0.76975}
[gps/molhiv/seed=1] > Epoch 63: took 102.8s (avg 110.2s) | Best so far: epoch 19	train_loss: 0.0980 train_auc: 0.8891	val_loss: 0.0839 val_auc: 0.8073	test_loss: 0.1274 test_auc: 0.7745
[event] unit_heartbeat unit=gps/molhiv/seed=1 elapsed_seconds=7126.0 lines=802 log_bytes=76041
[event] unit_heartbeat unit=gps/molhiv/seed=1 elapsed_seconds=7186.0 lines=802 log_bytes=76041
[gps/molhiv/seed=1] train: {'epoch': 64, 'time_epoch': 96.3326, 'eta': 3595.77178, 'eta_hours': 0.99883, 'loss': 0.0538339, 'lr': 3.144e-05, 'params': 558673, 'time_iter': 0.09362, 'accuracy': 0.9821, 'precision': 0.84984, 'recall': 0.63393, 'f1': 0.72617, 'auc': 0.98284}
[gps/molhiv/seed=1] val: {'epoch': 64, 'time_epoch': 3.45274, 'loss': 0.12403672, 'lr': 0, 'params': 558673, 'time_iter': 0.02677, 'accuracy': 0.97788, 'precision': 0.41667, 'recall': 0.30864, 'f1': 0.35461, 'auc': 0.78295}
[gps/molhiv/seed=1] test: {'epoch': 64, 'time_epoch': 3.43217, 'loss': 0.21052738, 'lr': 0, 'params': 558673, 'time_iter': 0.02661, 'accuracy': 0.96669, 'precision': 0.45679, 'recall': 0.28462, 'f1': 0.35071, 'auc': 0.75702}
[gps/molhiv/seed=1] > Epoch 64: took 103.4s (avg 110.1s) | Best so far: epoch 19	train_loss: 0.0980 train_auc: 0.8891	val_loss: 0.0839 val_auc: 0.8073	test_loss: 0.1274 test_auc: 0.7745
[event] unit_heartbeat unit=gps/molhiv/seed=1 elapsed_seconds=7249.4 lines=806 log_bytes=76869
[gps/molhiv/seed=1] train: {'epoch': 65, 'time_epoch': 97.47396, 'eta': 3490.32452, 'eta_hours': 0.96953, 'loss': 0.05109621, 'lr': 2.992e-05, 'params': 558673, 'time_iter': 0.09473, 'accuracy': 0.98268, 'precision': 0.84265, 'recall': 0.66071, 'f1': 0.74067, 'auc': 0.98509}
[gps/molhiv/seed=1] val: {'epoch': 65, 'time_epoch': 3.31937, 'loss': 0.12271378, 'lr': 0, 'params': 558673, 'time_iter': 0.02573, 'accuracy': 0.97496, 'precision': 0.35135, 'recall': 0.32099, 'f1': 0.33548, 'auc': 0.77214}
[event] unit_heartbeat unit=gps/molhiv/seed=1 elapsed_seconds=7310.3 lines=808 log_bytes=77329
[gps/molhiv/seed=1] test: {'epoch': 65, 'time_epoch': 3.36047, 'loss': 0.19448002, 'lr': 0, 'params': 558673, 'time_iter': 0.02605, 'accuracy': 0.96499, 'precision': 0.41667, 'recall': 0.26923, 'f1': 0.3271, 'auc': 0.76635}
[gps/molhiv/seed=1] > Epoch 65: took 104.3s (avg 110.0s) | Best so far: epoch 19	train_loss: 0.0980 train_auc: 0.8891	val_loss: 0.0839 val_auc: 0.8073	test_loss: 0.1274 test_auc: 0.7745
[event] unit_heartbeat unit=gps/molhiv/seed=1 elapsed_seconds=7373.7 lines=810 log_bytes=77699
[gps/molhiv/seed=1] train: {'epoch': 66, 'time_epoch': 96.27976, 'eta': 3384.52708, 'eta_hours': 0.94015, 'loss': 0.05117863, 'lr': 2.841e-05, 'params': 558673, 'time_iter': 0.09357, 'accuracy': 0.98307, 'precision': 0.8483, 'recall': 0.66721, 'f1': 0.74693, 'auc': 0.98538}
[gps/molhiv/seed=1] val: {'epoch': 66, 'time_epoch': 3.29595, 'loss': 0.11657804, 'lr': 0, 'params': 558673, 'time_iter': 0.02555, 'accuracy': 0.97715, 'precision': 0.4, 'recall': 0.32099, 'f1': 0.35616, 'auc': 0.78855}
[gps/molhiv/seed=1] test: {'epoch': 66, 'time_epoch': 3.33597, 'loss': 0.1995417, 'lr': 0, 'params': 558673, 'time_iter': 0.02586, 'accuracy': 0.96766, 'precision': 0.48101, 'recall': 0.29231, 'f1': 0.36364, 'auc': 0.76799}
[gps/molhiv/seed=1] > Epoch 66: took 103.1s (avg 109.9s) | Best so far: epoch 19	train_loss: 0.0980 train_auc: 0.8891	val_loss: 0.0839 val_auc: 0.8073	test_loss: 0.1274 test_auc: 0.7745
[event] unit_heartbeat unit=gps/molhiv/seed=1 elapsed_seconds=7436.7 lines=814 log_bytes=78524
[event] unit_heartbeat unit=gps/molhiv/seed=1 elapsed_seconds=7496.8 lines=814 log_bytes=78524
[gps/molhiv/seed=1] train: {'epoch': 67, 'time_epoch': 95.11507, 'eta': 3278.46149, 'eta_hours': 0.91068, 'loss': 0.05169603, 'lr': 2.693e-05, 'params': 558673, 'time_iter': 0.09243, 'accuracy': 0.98228, 'precision': 0.84266, 'recall': 0.64773, 'f1': 0.73245, 'auc': 0.98488}
[gps/molhiv/seed=1] val: {'epoch': 67, 'time_epoch': 3.33199, 'loss': 0.11022488, 'lr': 0, 'params': 558673, 'time_iter': 0.02583, 'accuracy': 0.97496, 'precision': 0.35526, 'recall': 0.33333, 'f1': 0.34395, 'auc': 0.80585}
[gps/molhiv/seed=1] test: {'epoch': 67, 'time_epoch': 3.35093, 'loss': 0.19391718, 'lr': 0, 'params': 558673, 'time_iter': 0.02598, 'accuracy': 0.96718, 'precision': 0.46835, 'recall': 0.28462, 'f1': 0.35407, 'auc': 0.77067}
[gps/molhiv/seed=1] > Epoch 67: took 101.9s (avg 109.8s) | Best so far: epoch 19	train_loss: 0.0980 train_auc: 0.8891	val_loss: 0.0839 val_auc: 0.8073	test_loss: 0.1274 test_auc: 0.7745
[event] unit_heartbeat unit=gps/molhiv/seed=1 elapsed_seconds=7558.7 lines=818 log_bytes=79355
[event] unit_heartbeat unit=gps/molhiv/seed=1 elapsed_seconds=7618.8 lines=818 log_bytes=79355
[gps/molhiv/seed=1] train: {'epoch': 68, 'time_epoch': 100.49486, 'eta': 3175.13031, 'eta_hours': 0.88198, 'loss': 0.04922913, 'lr': 2.548e-05, 'params': 558673, 'time_iter': 0.09766, 'accuracy': 0.98377, 'precision': 0.85111, 'recall': 0.68669, 'f1': 0.76011, 'auc': 0.98421}
[gps/molhiv/seed=1] val: {'epoch': 68, 'time_epoch': 3.43701, 'loss': 0.11622512, 'lr': 0, 'params': 558673, 'time_iter': 0.02664, 'accuracy': 0.97544, 'precision': 0.38095, 'recall': 0.39506, 'f1': 0.38788, 'auc': 0.78488}
[gps/molhiv/seed=1] test: {'epoch': 68, 'time_epoch': 3.6142, 'loss': 0.19443633, 'lr': 0, 'params': 558673, 'time_iter': 0.02802, 'accuracy': 0.96329, 'precision': 0.39175, 'recall': 0.29231, 'f1': 0.3348, 'auc': 0.76739}
[gps/molhiv/seed=1] > Epoch 68: took 107.7s (avg 109.7s) | Best so far: epoch 19	train_loss: 0.0980 train_auc: 0.8891	val_loss: 0.0839 val_auc: 0.8073	test_loss: 0.1274 test_auc: 0.7745
[event] unit_heartbeat unit=gps/molhiv/seed=1 elapsed_seconds=7681.4 lines=822 log_bytes=80185
[gps/molhiv/seed=1] train: {'epoch': 69, 'time_epoch': 100.30607, 'eta': 3071.79925, 'eta_hours': 0.85328, 'loss': 0.05001183, 'lr': 2.405e-05, 'params': 558673, 'time_iter': 0.09748, 'accuracy': 0.98313, 'precision': 0.85445, 'recall': 0.66234, 'f1': 0.74623, 'auc': 0.986}
[gps/molhiv/seed=1] val: {'epoch': 69, 'time_epoch': 3.34839, 'loss': 0.13437177, 'lr': 0, 'params': 558673, 'time_iter': 0.02596, 'accuracy': 0.97228, 'precision': 0.3299, 'recall': 0.39506, 'f1': 0.35955, 'auc': 0.78261}
[gps/molhiv/seed=1] test: {'epoch': 69, 'time_epoch': 3.52658, 'loss': 0.20910893, 'lr': 0, 'params': 558673, 'time_iter': 0.02734, 'accuracy': 0.96183, 'precision': 0.36893, 'recall': 0.29231, 'f1': 0.32618, 'auc': 0.77548}
[gps/molhiv/seed=1] > Epoch 69: took 107.3s (avg 109.7s) | Best so far: epoch 19	train_loss: 0.0980 train_auc: 0.8891	val_loss: 0.0839 val_auc: 0.8073	test_loss: 0.1274 test_auc: 0.7745
[event] unit_heartbeat unit=gps/molhiv/seed=1 elapsed_seconds=7743.7 lines=826 log_bytes=81014
[event] unit_heartbeat unit=gps/molhiv/seed=1 elapsed_seconds=7803.8 lines=826 log_bytes=81014
[gps/molhiv/seed=1] train: {'epoch': 70, 'time_epoch': 100.93212, 'eta': 2968.80912, 'eta_hours': 0.82467, 'loss': 0.04896235, 'lr': 2.265e-05, 'params': 558673, 'time_iter': 0.09809, 'accuracy': 0.98313, 'precision': 0.84226, 'recall': 0.67614, 'f1': 0.75011, 'auc': 0.98629}
[gps/molhiv/seed=1] val: {'epoch': 70, 'time_epoch': 3.57602, 'loss': 0.12701947, 'lr': 0, 'params': 558673, 'time_iter': 0.02772, 'accuracy': 0.97593, 'precision': 0.39286, 'recall': 0.40741, 'f1': 0.4, 'auc': 0.77642}
[gps/molhiv/seed=1] test: {'epoch': 70, 'time_epoch': 3.41182, 'loss': 0.20033059, 'lr': 0, 'params': 558673, 'time_iter': 0.02645, 'accuracy': 0.96523, 'precision': 0.43299, 'recall': 0.32308, 'f1': 0.37004, 'auc': 0.77488}
[gps/molhiv/seed=1] > Epoch 70: took 108.1s (avg 109.7s) | Best so far: epoch 19	train_loss: 0.0980 train_auc: 0.8891	val_loss: 0.0839 val_auc: 0.8073	test_loss: 0.1274 test_auc: 0.7745
[event] unit_heartbeat unit=gps/molhiv/seed=1 elapsed_seconds=7866.8 lines=830 log_bytes=81842
[event] unit_heartbeat unit=gps/molhiv/seed=1 elapsed_seconds=7926.9 lines=830 log_bytes=81842
[gps/molhiv/seed=1] train: {'epoch': 71, 'time_epoch': 100.10948, 'eta': 2865.55624, 'eta_hours': 0.79599, 'loss': 0.04850463, 'lr': 2.128e-05, 'params': 558673, 'time_iter': 0.09729, 'accuracy': 0.98374, 'precision': 0.86189, 'recall': 0.6737, 'f1': 0.75626, 'auc': 0.98601}
[gps/molhiv/seed=1] val: {'epoch': 71, 'time_epoch': 3.63242, 'loss': 0.12223556, 'lr': 0, 'params': 558673, 'time_iter': 0.02816, 'accuracy': 0.97666, 'precision': 0.4026, 'recall': 0.38272, 'f1': 0.39241, 'auc': 0.78061}
[gps/molhiv/seed=1] test: {'epoch': 71, 'time_epoch': 3.6871, 'loss': 0.20295436, 'lr': 0, 'params': 558673, 'time_iter': 0.02858, 'accuracy': 0.96572, 'precision': 0.43678, 'recall': 0.29231, 'f1': 0.35023, 'auc': 0.76923}
[gps/molhiv/seed=1] > Epoch 71: took 107.6s (avg 109.7s) | Best so far: epoch 19	train_loss: 0.0980 train_auc: 0.8891	val_loss: 0.0839 val_auc: 0.8073	test_loss: 0.1274 test_auc: 0.7745
[event] unit_heartbeat unit=gps/molhiv/seed=1 elapsed_seconds=7989.4 lines=834 log_bytes=82671
[event] unit_heartbeat unit=gps/molhiv/seed=1 elapsed_seconds=8049.5 lines=834 log_bytes=82671
[gps/molhiv/seed=1] train: {'epoch': 72, 'time_epoch': 106.73033, 'eta': 2764.83828, 'eta_hours': 0.76801, 'loss': 0.0479057, 'lr': 1.995e-05, 'params': 558673, 'time_iter': 0.10372, 'accuracy': 0.98374, 'precision': 0.86039, 'recall': 0.67532, 'f1': 0.75671, 'auc': 0.98675}
[gps/molhiv/seed=1] val: {'epoch': 72, 'time_epoch': 3.75321, 'loss': 0.13420025, 'lr': 0, 'params': 558673, 'time_iter': 0.02909, 'accuracy': 0.97666, 'precision': 0.40506, 'recall': 0.39506, 'f1': 0.4, 'auc': 0.76845}
[gps/molhiv/seed=1] test: {'epoch': 72, 'time_epoch': 3.71539, 'loss': 0.2108106, 'lr': 0, 'params': 558673, 'time_iter': 0.0288, 'accuracy': 0.9645, 'precision': 0.41111, 'recall': 0.28462, 'f1': 0.33636, 'auc': 0.77328}
[gps/molhiv/seed=1] > Epoch 72: took 114.4s (avg 109.7s) | Best so far: epoch 19	train_loss: 0.0980 train_auc: 0.8891	val_loss: 0.0839 val_auc: 0.8073	test_loss: 0.1274 test_auc: 0.7745
[event] unit_heartbeat unit=gps/molhiv/seed=1 elapsed_seconds=8113.8 lines=838 log_bytes=83495
[gps/molhiv/seed=1] train: {'epoch': 73, 'time_epoch': 106.95275, 'eta': 2664.03598, 'eta_hours': 0.74001, 'loss': 0.04630986, 'lr': 1.864e-05, 'params': 558673, 'time_iter': 0.10394, 'accuracy': 0.98423, 'precision': 0.85974, 'recall': 0.69156, 'f1': 0.76653, 'auc': 0.98743}
[gps/molhiv/seed=1] val: {'epoch': 73, 'time_epoch': 3.59907, 'loss': 0.12667865, 'lr': 0, 'params': 558673, 'time_iter': 0.0279, 'accuracy': 0.9752, 'precision': 0.38462, 'recall': 0.4321, 'f1': 0.40698, 'auc': 0.77215}
[event] unit_heartbeat unit=gps/molhiv/seed=1 elapsed_seconds=8174.4 lines=840 log_bytes=83953
[gps/molhiv/seed=1] test: {'epoch': 73, 'time_epoch': 3.59547, 'loss': 0.20200784, 'lr': 0, 'params': 558673, 'time_iter': 0.02787, 'accuracy': 0.96353, 'precision': 0.40741, 'recall': 0.33846, 'f1': 0.36975, 'auc': 0.77518}
[gps/molhiv/seed=1] > Epoch 73: took 114.3s (avg 109.8s) | Best so far: epoch 19	train_loss: 0.0980 train_auc: 0.8891	val_loss: 0.0839 val_auc: 0.8073	test_loss: 0.1274 test_auc: 0.7745
[event] unit_heartbeat unit=gps/molhiv/seed=1 elapsed_seconds=8238.1 lines=842 log_bytes=84324
[gps/molhiv/seed=1] train: {'epoch': 74, 'time_epoch': 103.12739, 'eta': 2561.79455, 'eta_hours': 0.71161, 'loss': 0.04625413, 'lr': 1.737e-05, 'params': 558673, 'time_iter': 0.10022, 'accuracy': 0.98447, 'precision': 0.86086, 'recall': 0.69805, 'f1': 0.77095, 'auc': 0.98733}
[gps/molhiv/seed=1] val: {'epoch': 74, 'time_epoch': 3.50881, 'loss': 0.12667675, 'lr': 0, 'params': 558673, 'time_iter': 0.0272, 'accuracy': 0.9769, 'precision': 0.41026, 'recall': 0.39506, 'f1': 0.40252, 'auc': 0.77122}
[gps/molhiv/seed=1] test: {'epoch': 74, 'time_epoch': 3.49703, 'loss': 0.21269313, 'lr': 0, 'params': 558673, 'time_iter': 0.02711, 'accuracy': 0.96523, 'precision': 0.42353, 'recall': 0.27692, 'f1': 0.33488, 'auc': 0.76447}
[gps/molhiv/seed=1] > Epoch 74: took 110.3s (avg 109.8s) | Best so far: epoch 19	train_loss: 0.0980 train_auc: 0.8891	val_loss: 0.0839 val_auc: 0.8073	test_loss: 0.1274 test_auc: 0.7745
[event] unit_heartbeat unit=gps/molhiv/seed=1 elapsed_seconds=8298.3 lines=846 log_bytes=85154
[event] unit_heartbeat unit=gps/molhiv/seed=1 elapsed_seconds=8358.4 lines=846 log_bytes=85154
[gps/molhiv/seed=1] train: {'epoch': 75, 'time_epoch': 102.04126, 'eta': 2459.18681, 'eta_hours': 0.68311, 'loss': 0.04565067, 'lr': 1.614e-05, 'params': 558673, 'time_iter': 0.09917, 'accuracy': 0.98426, 'precision': 0.85487, 'recall': 0.69805, 'f1': 0.76854, 'auc': 0.98856}
[gps/molhiv/seed=1] val: {'epoch': 75, 'time_epoch': 3.4626, 'loss': 0.12655821, 'lr': 0, 'params': 558673, 'time_iter': 0.02684, 'accuracy': 0.97593, 'precision': 0.39286, 'recall': 0.40741, 'f1': 0.4, 'auc': 0.7705}
[gps/molhiv/seed=1] test: {'epoch': 75, 'time_epoch': 3.49863, 'loss': 0.20964625, 'lr': 0, 'params': 558673, 'time_iter': 0.02712, 'accuracy': 0.96426, 'precision': 0.41053, 'recall': 0.3, 'f1': 0.34667, 'auc': 0.76432}
[gps/molhiv/seed=1] > Epoch 75: took 109.2s (avg 109.8s) | Best so far: epoch 19	train_loss: 0.0980 train_auc: 0.8891	val_loss: 0.0839 val_auc: 0.8073	test_loss: 0.1274 test_auc: 0.7745
[event] unit_heartbeat unit=gps/molhiv/seed=1 elapsed_seconds=8422.5 lines=850 log_bytes=85976
[event] unit_heartbeat unit=gps/molhiv/seed=1 elapsed_seconds=8482.6 lines=850 log_bytes=85976
[gps/molhiv/seed=1] train: {'epoch': 76, 'time_epoch': 100.20904, 'eta': 2356.0465, 'eta_hours': 0.65446, 'loss': 0.0436527, 'lr': 1.494e-05, 'params': 558673, 'time_iter': 0.09738, 'accuracy': 0.98502, 'precision': 0.86261, 'recall': 0.71347, 'f1': 0.78099, 'auc': 0.99006}
[gps/molhiv/seed=1] val: {'epoch': 76, 'time_epoch': 3.36796, 'loss': 0.12553529, 'lr': 0, 'params': 558673, 'time_iter': 0.02611, 'accuracy': 0.97617, 'precision': 0.38961, 'recall': 0.37037, 'f1': 0.37975, 'auc': 0.77276}
[gps/molhiv/seed=1] test: {'epoch': 76, 'time_epoch': 3.41766, 'loss': 0.21250947, 'lr': 0, 'params': 558673, 'time_iter': 0.02649, 'accuracy': 0.96499, 'precision': 0.42045, 'recall': 0.28462, 'f1': 0.33945, 'auc': 0.76444}
[gps/molhiv/seed=1] > Epoch 76: took 107.1s (avg 109.7s) | Best so far: epoch 19	train_loss: 0.0980 train_auc: 0.8891	val_loss: 0.0839 val_auc: 0.8073	test_loss: 0.1274 test_auc: 0.7745
[event] unit_heartbeat unit=gps/molhiv/seed=1 elapsed_seconds=8544.7 lines=854 log_bytes=86806
[gps/molhiv/seed=1] train: {'epoch': 77, 'time_epoch': 96.4919, 'eta': 2251.93293, 'eta_hours': 0.62554, 'loss': 0.04462416, 'lr': 1.378e-05, 'params': 558673, 'time_iter': 0.09377, 'accuracy': 0.98505, 'precision': 0.86926, 'recall': 0.70698, 'f1': 0.77977, 'auc': 0.98963}
[gps/molhiv/seed=1] val: {'epoch': 77, 'time_epoch': 3.52534, 'loss': 0.12549702, 'lr': 0, 'params': 558673, 'time_iter': 0.02733, 'accuracy': 0.97642, 'precision': 0.4, 'recall': 0.39506, 'f1': 0.39752, 'auc': 0.78127}
[event] unit_heartbeat unit=gps/molhiv/seed=1 elapsed_seconds=8604.8 lines=856 log_bytes=87261
[gps/molhiv/seed=1] test: {'epoch': 77, 'time_epoch': 3.32307, 'loss': 0.2044122, 'lr': 0, 'params': 558673, 'time_iter': 0.02576, 'accuracy': 0.9645, 'precision': 0.41304, 'recall': 0.29231, 'f1': 0.34234, 'auc': 0.77161}
[gps/molhiv/seed=1] > Epoch 77: took 103.5s (avg 109.7s) | Best so far: epoch 19	train_loss: 0.0980 train_auc: 0.8891	val_loss: 0.0839 val_auc: 0.8073	test_loss: 0.1274 test_auc: 0.7745
[event] unit_heartbeat unit=gps/molhiv/seed=1 elapsed_seconds=8668.2 lines=858 log_bytes=87630
[gps/molhiv/seed=1] train: {'epoch': 78, 'time_epoch': 102.36383, 'eta': 2149.57321, 'eta_hours': 0.5971, 'loss': 0.04422379, 'lr': 1.266e-05, 'params': 558673, 'time_iter': 0.09948, 'accuracy': 0.9848, 'precision': 0.86527, 'recall': 0.70373, 'f1': 0.77619, 'auc': 0.98942}
[gps/molhiv/seed=1] val: {'epoch': 78, 'time_epoch': 3.43141, 'loss': 0.13269614, 'lr': 0, 'params': 558673, 'time_iter': 0.0266, 'accuracy': 0.97715, 'precision': 0.41558, 'recall': 0.39506, 'f1': 0.40506, 'auc': 0.78673}
[gps/molhiv/seed=1] test: {'epoch': 78, 'time_epoch': 3.4973, 'loss': 0.21587441, 'lr': 0, 'params': 558673, 'time_iter': 0.02711, 'accuracy': 0.96523, 'precision': 0.42529, 'recall': 0.28462, 'f1': 0.34101, 'auc': 0.77112}
[gps/molhiv/seed=1] > Epoch 78: took 109.4s (avg 109.7s) | Best so far: epoch 19	train_loss: 0.0980 train_auc: 0.8891	val_loss: 0.0839 val_auc: 0.8073	test_loss: 0.1274 test_auc: 0.7745
[event] unit_heartbeat unit=gps/molhiv/seed=1 elapsed_seconds=8732.6 lines=862 log_bytes=88458
[event] unit_heartbeat unit=gps/molhiv/seed=1 elapsed_seconds=8792.6 lines=862 log_bytes=88458
[gps/molhiv/seed=1] train: {'epoch': 79, 'time_epoch': 100.32322, 'eta': 2046.70323, 'eta_hours': 0.56853, 'loss': 0.04557987, 'lr': 1.158e-05, 'params': 558673, 'time_iter': 0.0975, 'accuracy': 0.98444, 'precision': 0.85928, 'recall': 0.69886, 'f1': 0.77081, 'auc': 0.98846}
[gps/molhiv/seed=1] val: {'epoch': 79, 'time_epoch': 3.53608, 'loss': 0.1273347, 'lr': 0, 'params': 558673, 'time_iter': 0.02741, 'accuracy': 0.97569, 'precision': 0.38272, 'recall': 0.38272, 'f1': 0.38272, 'auc': 0.78327}
[gps/molhiv/seed=1] test: {'epoch': 79, 'time_epoch': 3.50222, 'loss': 0.21127612, 'lr': 0, 'params': 558673, 'time_iter': 0.02715, 'accuracy': 0.9645, 'precision': 0.40909, 'recall': 0.27692, 'f1': 0.33028, 'auc': 0.76827}
[gps/molhiv/seed=1] > Epoch 79: took 107.5s (avg 109.6s) | Best so far: epoch 19	train_loss: 0.0980 train_auc: 0.8891	val_loss: 0.0839 val_auc: 0.8073	test_loss: 0.1274 test_auc: 0.7745
[event] unit_heartbeat unit=gps/molhiv/seed=1 elapsed_seconds=8855.1 lines=866 log_bytes=89287
[event] unit_heartbeat unit=gps/molhiv/seed=1 elapsed_seconds=8915.2 lines=866 log_bytes=89287
[gps/molhiv/seed=1] train: {'epoch': 80, 'time_epoch': 101.02195, 'eta': 1944.06003, 'eta_hours': 0.54002, 'loss': 0.04616142, 'lr': 1.054e-05, 'params': 558673, 'time_iter': 0.09817, 'accuracy': 0.98462, 'precision': 0.86155, 'recall': 0.70211, 'f1': 0.7737, 'auc': 0.98854}
[gps/molhiv/seed=1] val: {'epoch': 80, 'time_epoch': 3.63388, 'loss': 0.14129021, 'lr': 0, 'params': 558673, 'time_iter': 0.02817, 'accuracy': 0.97398, 'precision': 0.34884, 'recall': 0.37037, 'f1': 0.35928, 'auc': 0.77659}
[gps/molhiv/seed=1] test: {'epoch': 80, 'time_epoch': 3.64036, 'loss': 0.21786665, 'lr': 0, 'params': 558673, 'time_iter': 0.02822, 'accuracy': 0.96523, 'precision': 0.41975, 'recall': 0.26154, 'f1': 0.32227, 'auc': 0.76868}
[gps/molhiv/seed=1] > Epoch 80: took 108.5s (avg 109.6s) | Best so far: epoch 19	train_loss: 0.0980 train_auc: 0.8891	val_loss: 0.0839 val_auc: 0.8073	test_loss: 0.1274 test_auc: 0.7745
[event] unit_heartbeat unit=gps/molhiv/seed=1 elapsed_seconds=8978.6 lines=870 log_bytes=90118
[event] unit_heartbeat unit=gps/molhiv/seed=1 elapsed_seconds=9038.7 lines=870 log_bytes=90118
[gps/molhiv/seed=1] train: {'epoch': 81, 'time_epoch': 106.22668, 'eta': 1842.59887, 'eta_hours': 0.51183, 'loss': 0.04548556, 'lr': 9.55e-06, 'params': 558673, 'time_iter': 0.10323, 'accuracy': 0.98435, 'precision': 0.85743, 'recall': 0.69805, 'f1': 0.76957, 'auc': 0.98955}
[gps/molhiv/seed=1] val: {'epoch': 81, 'time_epoch': 3.74897, 'loss': 0.12479751, 'lr': 0, 'params': 558673, 'time_iter': 0.02906, 'accuracy': 0.97447, 'precision': 0.35714, 'recall': 0.37037, 'f1': 0.36364, 'auc': 0.77877}
[gps/molhiv/seed=1] test: {'epoch': 81, 'time_epoch': 3.62956, 'loss': 0.21445794, 'lr': 0, 'params': 558673, 'time_iter': 0.02814, 'accuracy': 0.96353, 'precision': 0.39362, 'recall': 0.28462, 'f1': 0.33036, 'auc': 0.7597}
[gps/molhiv/seed=1] > Epoch 81: took 113.8s (avg 109.7s) | Best so far: epoch 19	train_loss: 0.0980 train_auc: 0.8891	val_loss: 0.0839 val_auc: 0.8073	test_loss: 0.1274 test_auc: 0.7745
[event] unit_heartbeat unit=gps/molhiv/seed=1 elapsed_seconds=9102.4 lines=874 log_bytes=90948
[gps/molhiv/seed=1] train: {'epoch': 82, 'time_epoch': 105.46709, 'eta': 1740.86731, 'eta_hours': 0.48357, 'loss': 0.04308197, 'lr': 8.6e-06, 'params': 558673, 'time_iter': 0.10249, 'accuracy': 0.98502, 'precision': 0.85839, 'recall': 0.71834, 'f1': 0.78215, 'auc': 0.98974}
[gps/molhiv/seed=1] val: {'epoch': 82, 'time_epoch': 3.63443, 'loss': 0.13027545, 'lr': 0, 'params': 558673, 'time_iter': 0.02817, 'accuracy': 0.9769, 'precision': 0.40789, 'recall': 0.38272, 'f1': 0.3949, 'auc': 0.78442}
[gps/molhiv/seed=1] test: {'epoch': 82, 'time_epoch': 3.61871, 'loss': 0.21669242, 'lr': 0, 'params': 558673, 'time_iter': 0.02805, 'accuracy': 0.96645, 'precision': 0.45122, 'recall': 0.28462, 'f1': 0.34906, 'auc': 0.76743}
[gps/molhiv/seed=1] > Epoch 82: took 112.9s (avg 109.7s) | Best so far: epoch 19	train_loss: 0.0980 train_auc: 0.8891	val_loss: 0.0839 val_auc: 0.8073	test_loss: 0.1274 test_auc: 0.7745
[event] unit_heartbeat unit=gps/molhiv/seed=1 elapsed_seconds=9165.2 lines=878 log_bytes=91776
[event] unit_heartbeat unit=gps/molhiv/seed=1 elapsed_seconds=9225.3 lines=878 log_bytes=91776
[gps/molhiv/seed=1] train: {'epoch': 83, 'time_epoch': 104.09251, 'eta': 1638.78498, 'eta_hours': 0.45522, 'loss': 0.04241759, 'lr': 7.7e-06, 'params': 558673, 'time_iter': 0.10116, 'accuracy': 0.98547, 'precision': 0.87106, 'recall': 0.71834, 'f1': 0.78737, 'auc': 0.98982}
[gps/molhiv/seed=1] val: {'epoch': 83, 'time_epoch': 3.51801, 'loss': 0.13972007, 'lr': 0, 'params': 558673, 'time_iter': 0.02727, 'accuracy': 0.97423, 'precision': 0.35955, 'recall': 0.39506, 'f1': 0.37647, 'auc': 0.78269}
[gps/molhiv/seed=1] test: {'epoch': 83, 'time_epoch': 3.64359, 'loss': 0.21954707, 'lr': 0, 'params': 558673, 'time_iter': 0.02824, 'accuracy': 0.96548, 'precision': 0.43023, 'recall': 0.28462, 'f1': 0.34259, 'auc': 0.76868}
[gps/molhiv/seed=1] > Epoch 83: took 111.4s (avg 109.7s) | Best so far: epoch 19	train_loss: 0.0980 train_auc: 0.8891	val_loss: 0.0839 val_auc: 0.8073	test_loss: 0.1274 test_auc: 0.7745
[event] unit_heartbeat unit=gps/molhiv/seed=1 elapsed_seconds=9286.6 lines=882 log_bytes=92606
[event] unit_heartbeat unit=gps/molhiv/seed=1 elapsed_seconds=9346.7 lines=882 log_bytes=92606
[gps/molhiv/seed=1] train: {'epoch': 84, 'time_epoch': 103.16856, 'eta': 1536.4923, 'eta_hours': 0.4268, 'loss': 0.04363402, 'lr': 6.84e-06, 'params': 558673, 'time_iter': 0.10026, 'accuracy': 0.98505, 'precision': 0.86561, 'recall': 0.71104, 'f1': 0.78075, 'auc': 0.98998}
[gps/molhiv/seed=1] val: {'epoch': 84, 'time_epoch': 3.57831, 'loss': 0.12909921, 'lr': 0, 'params': 558673, 'time_iter': 0.02774, 'accuracy': 0.9752, 'precision': 0.36364, 'recall': 0.34568, 'f1': 0.35443, 'auc': 0.7833}
[gps/molhiv/seed=1] test: {'epoch': 84, 'time_epoch': 3.53094, 'loss': 0.21583642, 'lr': 0, 'params': 558673, 'time_iter': 0.02737, 'accuracy': 0.96523, 'precision': 0.42529, 'recall': 0.28462, 'f1': 0.34101, 'auc': 0.77023}
[gps/molhiv/seed=1] > Epoch 84: took 110.4s (avg 109.7s) | Best so far: epoch 19	train_loss: 0.0980 train_auc: 0.8891	val_loss: 0.0839 val_auc: 0.8073	test_loss: 0.1274 test_auc: 0.7745
[event] unit_heartbeat unit=gps/molhiv/seed=1 elapsed_seconds=9407.1 lines=886 log_bytes=93433
[event] unit_heartbeat unit=gps/molhiv/seed=1 elapsed_seconds=9467.1 lines=886 log_bytes=93433
[gps/molhiv/seed=1] train: {'epoch': 85, 'time_epoch': 104.13854, 'eta': 1434.33715, 'eta_hours': 0.39843, 'loss': 0.04425307, 'lr': 6.03e-06, 'params': 558673, 'time_iter': 0.1012, 'accuracy': 0.98517, 'precision': 0.86686, 'recall': 0.71347, 'f1': 0.78272, 'auc': 0.99006}
[gps/molhiv/seed=1] val: {'epoch': 85, 'time_epoch': 3.54461, 'loss': 0.13497943, 'lr': 0, 'params': 558673, 'time_iter': 0.02748, 'accuracy': 0.97788, 'precision': 0.43056, 'recall': 0.38272, 'f1': 0.40523, 'auc': 0.77423}
[gps/molhiv/seed=1] test: {'epoch': 85, 'time_epoch': 3.59063, 'loss': 0.22187783, 'lr': 0, 'params': 558673, 'time_iter': 0.02783, 'accuracy': 0.96669, 'precision': 0.4557, 'recall': 0.27692, 'f1': 0.3445, 'auc': 0.76612}
[gps/molhiv/seed=1] > Epoch 85: took 111.4s (avg 109.8s) | Best so far: epoch 19	train_loss: 0.0980 train_auc: 0.8891	val_loss: 0.0839 val_auc: 0.8073	test_loss: 0.1274 test_auc: 0.7745
[event] unit_heartbeat unit=gps/molhiv/seed=1 elapsed_seconds=9528.5 lines=890 log_bytes=94261
[event] unit_heartbeat unit=gps/molhiv/seed=1 elapsed_seconds=9588.6 lines=890 log_bytes=94261
[gps/molhiv/seed=1] train: {'epoch': 86, 'time_epoch': 103.22274, 'eta': 1331.99957, 'eta_hours': 0.37, 'loss': 0.0425601, 'lr': 5.26e-06, 'params': 558673, 'time_iter': 0.10031, 'accuracy': 0.9852, 'precision': 0.85852, 'recall': 0.72403, 'f1': 0.78556, 'auc': 0.99074}
[gps/molhiv/seed=1] val: {'epoch': 86, 'time_epoch': 3.54198, 'loss': 0.14398833, 'lr': 0, 'params': 558673, 'time_iter': 0.02746, 'accuracy': 0.97642, 'precision': 0.4, 'recall': 0.39506, 'f1': 0.39752, 'auc': 0.77394}
[gps/molhiv/seed=1] test: {'epoch': 86, 'time_epoch': 3.48655, 'loss': 0.22861326, 'lr': 0, 'params': 558673, 'time_iter': 0.02703, 'accuracy': 0.96572, 'precision': 0.4382, 'recall': 0.3, 'f1': 0.35616, 'auc': 0.76573}
[gps/molhiv/seed=1] > Epoch 86: took 110.4s (avg 109.8s) | Best so far: epoch 19	train_loss: 0.0980 train_auc: 0.8891	val_loss: 0.0839 val_auc: 0.8073	test_loss: 0.1274 test_auc: 0.7745
[event] unit_heartbeat unit=gps/molhiv/seed=1 elapsed_seconds=9648.9 lines=894 log_bytes=95078
[event] unit_heartbeat unit=gps/molhiv/seed=1 elapsed_seconds=9709.0 lines=894 log_bytes=95078
[gps/molhiv/seed=1] train: {'epoch': 87, 'time_epoch': 106.03969, 'eta': 1230.026, 'eta_hours': 0.34167, 'loss': 0.04017857, 'lr': 4.55e-06, 'params': 558673, 'time_iter': 0.10305, 'accuracy': 0.98614, 'precision': 0.87023, 'recall': 0.74026, 'f1': 0.8, 'auc': 0.99166}
[gps/molhiv/seed=1] val: {'epoch': 87, 'time_epoch': 3.74474, 'loss': 0.1391484, 'lr': 0, 'params': 558673, 'time_iter': 0.02903, 'accuracy': 0.97715, 'precision': 0.42169, 'recall': 0.4321, 'f1': 0.42683, 'auc': 0.78588}
[gps/molhiv/seed=1] test: {'epoch': 87, 'time_epoch': 3.75411, 'loss': 0.22148726, 'lr': 0, 'params': 558673, 'time_iter': 0.0291, 'accuracy': 0.96596, 'precision': 0.44186, 'recall': 0.29231, 'f1': 0.35185, 'auc': 0.77799}
[gps/molhiv/seed=1] > Epoch 87: took 113.7s (avg 109.8s) | Best so far: epoch 19	train_loss: 0.0980 train_auc: 0.8891	val_loss: 0.0839 val_auc: 0.8073	test_loss: 0.1274 test_auc: 0.7745
[event] unit_heartbeat unit=gps/molhiv/seed=1 elapsed_seconds=9772.7 lines=898 log_bytes=95900
[gps/molhiv/seed=1] train: {'epoch': 88, 'time_epoch': 104.68427, 'eta': 1127.79353, 'eta_hours': 0.31328, 'loss': 0.04171422, 'lr': 3.89e-06, 'params': 558673, 'time_iter': 0.10173, 'accuracy': 0.98508, 'precision': 0.86359, 'recall': 0.71429, 'f1': 0.78187, 'auc': 0.99098}
[gps/molhiv/seed=1] val: {'epoch': 88, 'time_epoch': 3.63874, 'loss': 0.12827936, 'lr': 0, 'params': 558673, 'time_iter': 0.02821, 'accuracy': 0.97812, 'precision': 0.43478, 'recall': 0.37037, 'f1': 0.4, 'auc': 0.78706}
[gps/molhiv/seed=1] test: {'epoch': 88, 'time_epoch': 3.56268, 'loss': 0.21819313, 'lr': 0, 'params': 558673, 'time_iter': 0.02762, 'accuracy': 0.96839, 'precision': 0.5, 'recall': 0.27692, 'f1': 0.35644, 'auc': 0.7662}
[gps/molhiv/seed=1] > Epoch 88: took 112.1s (avg 109.8s) | Best so far: epoch 19	train_loss: 0.0980 train_auc: 0.8891	val_loss: 0.0839 val_auc: 0.8073	test_loss: 0.1274 test_auc: 0.7745
[event] unit_heartbeat unit=gps/molhiv/seed=1 elapsed_seconds=9834.7 lines=902 log_bytes=96722
[event] unit_heartbeat unit=gps/molhiv/seed=1 elapsed_seconds=9894.7 lines=902 log_bytes=96722
[gps/molhiv/seed=1] train: {'epoch': 89, 'time_epoch': 95.81234, 'eta': 1024.52081, 'eta_hours': 0.28459, 'loss': 0.04178904, 'lr': 3.27e-06, 'params': 558673, 'time_iter': 0.09311, 'accuracy': 0.98587, 'precision': 0.87709, 'recall': 0.72403, 'f1': 0.79324, 'auc': 0.99084}
[gps/molhiv/seed=1] val: {'epoch': 89, 'time_epoch': 3.32649, 'loss': 0.13653469, 'lr': 0, 'params': 558673, 'time_iter': 0.02579, 'accuracy': 0.97471, 'precision': 0.37363, 'recall': 0.41975, 'f1': 0.39535, 'auc': 0.78486}
[gps/molhiv/seed=1] test: {'epoch': 89, 'time_epoch': 3.29557, 'loss': 0.21651297, 'lr': 0, 'params': 558673, 'time_iter': 0.02555, 'accuracy': 0.96426, 'precision': 0.40659, 'recall': 0.28462, 'f1': 0.33484, 'auc': 0.76859}
[gps/molhiv/seed=1] > Epoch 89: took 102.6s (avg 109.8s) | Best so far: epoch 19	train_loss: 0.0980 train_auc: 0.8891	val_loss: 0.0839 val_auc: 0.8073	test_loss: 0.1274 test_auc: 0.7745
[event] unit_heartbeat unit=gps/molhiv/seed=1 elapsed_seconds=9957.3 lines=906 log_bytes=97552
[event] unit_heartbeat unit=gps/molhiv/seed=1 elapsed_seconds=10017.3 lines=906 log_bytes=97552
[gps/molhiv/seed=1] train: {'epoch': 90, 'time_epoch': 96.42105, 'eta': 921.47225, 'eta_hours': 0.25596, 'loss': 0.04348926, 'lr': 2.71e-06, 'params': 558673, 'time_iter': 0.0937, 'accuracy': 0.98593, 'precision': 0.87733, 'recall': 0.72565, 'f1': 0.79431, 'auc': 0.98918}
[gps/molhiv/seed=1] val: {'epoch': 90, 'time_epoch': 3.32936, 'loss': 0.13273967, 'lr': 0, 'params': 558673, 'time_iter': 0.02581, 'accuracy': 0.97666, 'precision': 0.40741, 'recall': 0.40741, 'f1': 0.40741, 'auc': 0.78117}
[gps/molhiv/seed=1] test: {'epoch': 90, 'time_epoch': 3.41327, 'loss': 0.21511261, 'lr': 0, 'params': 558673, 'time_iter': 0.02646, 'accuracy': 0.96499, 'precision': 0.42045, 'recall': 0.28462, 'f1': 0.33945, 'auc': 0.77434}
[gps/molhiv/seed=1] > Epoch 90: took 103.3s (avg 109.7s) | Best so far: epoch 19	train_loss: 0.0980 train_auc: 0.8891	val_loss: 0.0839 val_auc: 0.8073	test_loss: 0.1274 test_auc: 0.7745
[event] unit_heartbeat unit=gps/molhiv/seed=1 elapsed_seconds=10080.6 lines=910 log_bytes=98380
[gps/molhiv/seed=1] train: {'epoch': 91, 'time_epoch': 95.43393, 'eta': 818.48193, 'eta_hours': 0.22736, 'loss': 0.04253706, 'lr': 2.2e-06, 'params': 558673, 'time_iter': 0.09274, 'accuracy': 0.98547, 'precision': 0.87253, 'recall': 0.71672, 'f1': 0.78699, 'auc': 0.99033}
[gps/molhiv/seed=1] val: {'epoch': 91, 'time_epoch': 3.39249, 'loss': 0.13422438, 'lr': 0, 'params': 558673, 'time_iter': 0.0263, 'accuracy': 0.97593, 'precision': 0.39286, 'recall': 0.40741, 'f1': 0.4, 'auc': 0.78508}
[gps/molhiv/seed=1] test: {'epoch': 91, 'time_epoch': 3.40668, 'loss': 0.21809822, 'lr': 0, 'params': 558673, 'time_iter': 0.02641, 'accuracy': 0.96475, 'precision': 0.41573, 'recall': 0.28462, 'f1': 0.3379, 'auc': 0.7685}
[gps/molhiv/seed=1] > Epoch 91: took 102.4s (avg 109.6s) | Best so far: epoch 19	train_loss: 0.0980 train_auc: 0.8891	val_loss: 0.0839 val_auc: 0.8073	test_loss: 0.1274 test_auc: 0.7745
[event] unit_heartbeat unit=gps/molhiv/seed=1 elapsed_seconds=10142.9 lines=914 log_bytes=99201
[event] unit_heartbeat unit=gps/molhiv/seed=1 elapsed_seconds=10203.0 lines=914 log_bytes=99201
[gps/molhiv/seed=1] train: {'epoch': 92, 'time_epoch': 94.9519, 'eta': 715.61784, 'eta_hours': 0.19878, 'loss': 0.04212251, 'lr': 1.74e-06, 'params': 558673, 'time_iter': 0.09228, 'accuracy': 0.98535, 'precision': 0.85851, 'recall': 0.7289, 'f1': 0.78841, 'auc': 0.99023}
[gps/molhiv/seed=1] val: {'epoch': 92, 'time_epoch': 3.34582, 'loss': 0.131027, 'lr': 0, 'params': 558673, 'time_iter': 0.02594, 'accuracy': 0.97593, 'precision': 0.39535, 'recall': 0.41975, 'f1': 0.40719, 'auc': 0.7837}
[gps/molhiv/seed=1] test: {'epoch': 92, 'time_epoch': 3.30137, 'loss': 0.21512521, 'lr': 0, 'params': 558673, 'time_iter': 0.02559, 'accuracy': 0.96523, 'precision': 0.42529, 'recall': 0.28462, 'f1': 0.34101, 'auc': 0.77007}
[gps/molhiv/seed=1] > Epoch 92: took 101.7s (avg 109.5s) | Best so far: epoch 19	train_loss: 0.0980 train_auc: 0.8891	val_loss: 0.0839 val_auc: 0.8073	test_loss: 0.1274 test_auc: 0.7745
[event] unit_heartbeat unit=gps/molhiv/seed=1 elapsed_seconds=10264.7 lines=918 log_bytes=100025
[event] unit_heartbeat unit=gps/molhiv/seed=1 elapsed_seconds=10324.7 lines=918 log_bytes=100025
[gps/molhiv/seed=1] train: {'epoch': 93, 'time_epoch': 93.87685, 'eta': 612.85347, 'eta_hours': 0.17024, 'loss': 0.04077559, 'lr': 1.33e-06, 'params': 558673, 'time_iter': 0.09123, 'accuracy': 0.98596, 'precision': 0.87019, 'recall': 0.73458, 'f1': 0.79665, 'auc': 0.99086}
[gps/molhiv/seed=1] val: {'epoch': 93, 'time_epoch': 3.30919, 'loss': 0.13629341, 'lr': 0, 'params': 558673, 'time_iter': 0.02565, 'accuracy': 0.97617, 'precision': 0.39759, 'recall': 0.40741, 'f1': 0.40244, 'auc': 0.786}
[gps/molhiv/seed=1] test: {'epoch': 93, 'time_epoch': 3.25237, 'loss': 0.22263497, 'lr': 0, 'params': 558673, 'time_iter': 0.02521, 'accuracy': 0.96548, 'precision': 0.43023, 'recall': 0.28462, 'f1': 0.34259, 'auc': 0.77177}
[gps/molhiv/seed=1] > Epoch 93: took 100.6s (avg 109.4s) | Best so far: epoch 19	train_loss: 0.0980 train_auc: 0.8891	val_loss: 0.0839 val_auc: 0.8073	test_loss: 0.1274 test_auc: 0.7745
[event] unit_heartbeat unit=gps/molhiv/seed=1 elapsed_seconds=10385.3 lines=922 log_bytes=100852
[gps/molhiv/seed=1] train: {'epoch': 94, 'time_epoch': 92.82781, 'eta': 510.22099, 'eta_hours': 0.14173, 'loss': 0.04150864, 'lr': 9.8e-07, 'params': 558673, 'time_iter': 0.09021, 'accuracy': 0.98556, 'precision': 0.85809, 'recall': 0.7362, 'f1': 0.79249, 'auc': 0.9905}
[gps/molhiv/seed=1] val: {'epoch': 94, 'time_epoch': 3.41104, 'loss': 0.12877126, 'lr': 0, 'params': 558673, 'time_iter': 0.02644, 'accuracy': 0.97471, 'precision': 0.36782, 'recall': 0.39506, 'f1': 0.38095, 'auc': 0.78128}
[gps/molhiv/seed=1] test: {'epoch': 94, 'time_epoch': 3.2662, 'loss': 0.21333866, 'lr': 0, 'params': 558673, 'time_iter': 0.02532, 'accuracy': 0.96548, 'precision': 0.42857, 'recall': 0.27692, 'f1': 0.33645, 'auc': 0.76803}
[gps/molhiv/seed=1] > Epoch 94: took 99.6s (avg 109.3s) | Best so far: epoch 19	train_loss: 0.0980 train_auc: 0.8891	val_loss: 0.0839 val_auc: 0.8073	test_loss: 0.1274 test_auc: 0.7745
[event] unit_heartbeat unit=gps/molhiv/seed=1 elapsed_seconds=10449.9 lines=926 log_bytes=101676
[event] unit_heartbeat unit=gps/molhiv/seed=1 elapsed_seconds=10509.9 lines=926 log_bytes=101676
[gps/molhiv/seed=1] train: {'epoch': 95, 'time_epoch': 94.17294, 'eta': 407.84882, 'eta_hours': 0.11329, 'loss': 0.04060085, 'lr': 6.8e-07, 'params': 558673, 'time_iter': 0.09152, 'accuracy': 0.98614, 'precision': 0.8834, 'recall': 0.72565, 'f1': 0.79679, 'auc': 0.99131}
[gps/molhiv/seed=1] val: {'epoch': 95, 'time_epoch': 3.30355, 'loss': 0.13647681, 'lr': 0, 'params': 558673, 'time_iter': 0.02561, 'accuracy': 0.97544, 'precision': 0.37805, 'recall': 0.38272, 'f1': 0.38037, 'auc': 0.78186}
[gps/molhiv/seed=1] test: {'epoch': 95, 'time_epoch': 3.2281, 'loss': 0.22038808, 'lr': 0, 'params': 558673, 'time_iter': 0.02502, 'accuracy': 0.9662, 'precision': 0.44156, 'recall': 0.26154, 'f1': 0.3285, 'auc': 0.76998}
[gps/molhiv/seed=1] > Epoch 95: took 100.8s (avg 109.2s) | Best so far: epoch 19	train_loss: 0.0980 train_auc: 0.8891	val_loss: 0.0839 val_auc: 0.8073	test_loss: 0.1274 test_auc: 0.7745
[event] unit_heartbeat unit=gps/molhiv/seed=1 elapsed_seconds=10570.7 lines=930 log_bytes=102500
[event] unit_heartbeat unit=gps/molhiv/seed=1 elapsed_seconds=10630.8 lines=930 log_bytes=102500
[gps/molhiv/seed=1] train: {'epoch': 96, 'time_epoch': 93.482, 'eta': 305.62434, 'eta_hours': 0.0849, 'loss': 0.04112874, 'lr': 4.4e-07, 'params': 558673, 'time_iter': 0.09085, 'accuracy': 0.98593, 'precision': 0.87366, 'recall': 0.72971, 'f1': 0.79522, 'auc': 0.99145}
[gps/molhiv/seed=1] val: {'epoch': 96, 'time_epoch': 3.24531, 'loss': 0.12874133, 'lr': 0, 'params': 558673, 'time_iter': 0.02516, 'accuracy': 0.97763, 'precision': 0.42857, 'recall': 0.40741, 'f1': 0.41772, 'auc': 0.7867}
[gps/molhiv/seed=1] test: {'epoch': 96, 'time_epoch': 3.25764, 'loss': 0.21884223, 'lr': 0, 'params': 558673, 'time_iter': 0.02525, 'accuracy': 0.9662, 'precision': 0.44578, 'recall': 0.28462, 'f1': 0.34742, 'auc': 0.7673}
[gps/molhiv/seed=1] > Epoch 96: took 100.1s (avg 109.1s) | Best so far: epoch 19	train_loss: 0.0980 train_auc: 0.8891	val_loss: 0.0839 val_auc: 0.8073	test_loss: 0.1274 test_auc: 0.7745
[event] unit_heartbeat unit=gps/molhiv/seed=1 elapsed_seconds=10690.9 lines=934 log_bytes=103322
[gps/molhiv/seed=1] train: {'epoch': 97, 'time_epoch': 92.99314, 'eta': 203.5683, 'eta_hours': 0.05655, 'loss': 0.04142631, 'lr': 2.5e-07, 'params': 558673, 'time_iter': 0.09037, 'accuracy': 0.98547, 'precision': 0.86888, 'recall': 0.72078, 'f1': 0.78793, 'auc': 0.99109}
[gps/molhiv/seed=1] val: {'epoch': 97, 'time_epoch': 3.33631, 'loss': 0.13040105, 'lr': 0, 'params': 558673, 'time_iter': 0.02586, 'accuracy': 0.97642, 'precision': 0.40244, 'recall': 0.40741, 'f1': 0.40491, 'auc': 0.78655}
[gps/molhiv/seed=1] test: {'epoch': 97, 'time_epoch': 3.3112, 'loss': 0.21590238, 'lr': 0, 'params': 558673, 'time_iter': 0.02567, 'accuracy': 0.96548, 'precision': 0.43023, 'recall': 0.28462, 'f1': 0.34259, 'auc': 0.76637}
[gps/molhiv/seed=1] > Epoch 97: took 99.8s (avg 109.0s) | Best so far: epoch 19	train_loss: 0.0980 train_auc: 0.8891	val_loss: 0.0839 val_auc: 0.8073	test_loss: 0.1274 test_auc: 0.7745
[event] unit_heartbeat unit=gps/molhiv/seed=1 elapsed_seconds=10755.6 lines=938 log_bytes=104147
[event] unit_heartbeat unit=gps/molhiv/seed=1 elapsed_seconds=10815.7 lines=938 log_bytes=104147
[gps/molhiv/seed=1] train: {'epoch': 98, 'time_epoch': 94.48537, 'eta': 101.71043, 'eta_hours': 0.02825, 'loss': 0.0413675, 'lr': 1.1e-07, 'params': 558673, 'time_iter': 0.09182, 'accuracy': 0.98647, 'precision': 0.88315, 'recall': 0.7362, 'f1': 0.80301, 'auc': 0.99023}
[gps/molhiv/seed=1] val: {'epoch': 98, 'time_epoch': 3.23407, 'loss': 0.14000006, 'lr': 0, 'params': 558673, 'time_iter': 0.02507, 'accuracy': 0.97617, 'precision': 0.39506, 'recall': 0.39506, 'f1': 0.39506, 'auc': 0.78157}
[gps/molhiv/seed=1] test: {'epoch': 98, 'time_epoch': 3.3828, 'loss': 0.22104382, 'lr': 0, 'params': 558673, 'time_iter': 0.02622, 'accuracy': 0.96572, 'precision': 0.43529, 'recall': 0.28462, 'f1': 0.34419, 'auc': 0.774}
[gps/molhiv/seed=1] > Epoch 98: took 101.2s (avg 109.0s) | Best so far: epoch 19	train_loss: 0.0980 train_auc: 0.8891	val_loss: 0.0839 val_auc: 0.8073	test_loss: 0.1274 test_auc: 0.7745
[event] unit_heartbeat unit=gps/molhiv/seed=1 elapsed_seconds=10876.9 lines=942 log_bytes=104970
[gps/molhiv/seed=1] train: {'epoch': 99, 'time_epoch': 92.17028, 'eta': 0.0, 'eta_hours': 0.0, 'loss': 0.04208, 'lr': 3e-08, 'params': 558673, 'time_iter': 0.08957, 'accuracy': 0.98605, 'precision': 0.87199, 'recall': 0.73539, 'f1': 0.79789, 'auc': 0.99046}
[gps/molhiv/seed=1] val: {'epoch': 99, 'time_epoch': 3.2113, 'loss': 0.1327853, 'lr': 0, 'params': 558673, 'time_iter': 0.02489, 'accuracy': 0.97933, 'precision': 0.46774, 'recall': 0.35802, 'f1': 0.40559, 'auc': 0.77783}
[event] unit_heartbeat unit=gps/molhiv/seed=1 elapsed_seconds=10937.4 lines=944 log_bytes=105410
[gps/molhiv/seed=1] test: {'epoch': 99, 'time_epoch': 3.19707, 'loss': 0.21907741, 'lr': 0, 'params': 558673, 'time_iter': 0.02478, 'accuracy': 0.96693, 'precision': 0.45946, 'recall': 0.26154, 'f1': 0.33333, 'auc': 0.76737}
[gps/molhiv/seed=1] > Epoch 99: took 98.7s (avg 108.9s) | Best so far: epoch 19	train_loss: 0.0980 train_auc: 0.8891	val_loss: 0.0839 val_auc: 0.8073	test_loss: 0.1274 test_auc: 0.7745
[gps/molhiv/seed=1] Avg time per epoch: 108.87s
[gps/molhiv/seed=1] {'epoch': 43, 'time_epoch': 3.86077, 'loss': 0.14628948, 'lr': 0, 'params': 558673, 'time_iter': 0.02993, 'accuracy': 0.96864, 'precision': 0.51111, 'recall': 0.17692, 'f1': 0.26286, 'auc': 0.7885}
[gps/molhiv/seed=1] {'epoch': 43, 'time_epoch': 109.56982, 'eta': 5503.84541, 'eta_hours': 1.52885, 'loss': 0.07032068, 'lr': 6.545e-05, 'params': 558673, 'time_iter': 0.10648, 'accuracy': 0.97772, 'precision': 0.8039, 'recall': 0.53571, 'f1': 0.64296, 'auc': 0.96297}
[gps/molhiv/seed=1] {'epoch': 43, 'time_epoch': 3.92892, 'loss': 0.08010651, 'lr': 0, 'params': 558673, 'time_iter': 0.03046, 'accuracy': 0.98201, 'precision': 0.58974, 'recall': 0.28395, 'f1': 0.38333, 'auc': 0.81136}
[gps/molhiv/seed=1] {'epoch': 19, 'time_epoch': 4.17776, 'loss': 0.12737292, 'lr': 0, 'params': 558673, 'time_iter': 0.03239, 'accuracy': 0.96645, 'precision': 0.45652, 'recall': 0.32308, 'f1': 0.37838, 'auc': 0.77454}
[gps/molhiv/seed=1] {'epoch': 19, 'time_epoch': 118.40419, 'eta': 8426.66842, 'eta_hours': 2.34074, 'loss': 0.09803501, 'lr': 9.474e-05, 'params': 558673, 'time_iter': 0.11507, 'accuracy': 0.97204, 'precision': 0.7378, 'recall': 0.39286, 'f1': 0.51271, 'auc': 0.88915}
[gps/molhiv/seed=1] {'epoch': 19, 'time_epoch': 4.30884, 'loss': 0.0839073, 'lr': 0, 'params': 558673, 'time_iter': 0.0334, 'accuracy': 0.97496, 'precision': 0.3625, 'recall': 0.35802, 'f1': 0.36025, 'auc': 0.8073}
[event] unit_process_end unit=gps/molhiv/seed=1 returncode=0 duration_seconds=10943.724 timed_out=False lines=959 log_bytes=107305
[event] registry_append method=gps dataset=molhiv protocol=paper-seeds-provisional seed=1 status=success
[registry] gps/molhiv/paper-seeds-provisional/seed=1 roc_auc=0.77454 [success]
[event] unit_end method=gps dataset=molhiv protocol=paper-seeds-provisional seed=1 status=success
[event] unit_start method=graphvit dataset=zinc protocol=paper-seeds-provisional seed=0

=== RUN graphvit zinc seed=0 protocol=paper-seeds-provisional   ===
[event] unit_process_start unit=graphvit/zinc/seed=0 command=/kaggle/working/.venv310/bin/python -m train.zinc cfg.seed=0 cfg.train.runs=1 cwd=/kaggle/working/vendor/GraphViT log=hod-gnn-results/logs/graphvit-zinc-0.log timeout_seconds=86400
[graphvit/zinc/seed=0] Traceback (most recent call last):
[graphvit/zinc/seed=0] raise RuntimeError('Could not locate METIS dll. Please set the METIS_DLL environment variable to its full path.')
[graphvit/zinc/seed=0] RuntimeError: Could not locate METIS dll. Please set the METIS_DLL environment variable to its full path.
[event] unit_process_end unit=graphvit/zinc/seed=0 returncode=1 duration_seconds=5.333 timed_out=False lines=16 log_bytes=1139
[event] registry_append method=graphvit dataset=zinc protocol=paper-seeds-provisional seed=0 status=runtime_error
[registry] graphvit/zinc/paper-seeds-provisional/seed=0 mae=None [runtime_error]
[event] unit_end method=graphvit dataset=zinc protocol=paper-seeds-provisional seed=0 status=runtime_error
[event] unit_start method=graphvit dataset=zinc protocol=paper-seeds-provisional seed=1

=== RUN graphvit zinc seed=1 protocol=paper-seeds-provisional   ===
[event] unit_process_start unit=graphvit/zinc/seed=1 command=/kaggle/working/.venv310/bin/python -m train.zinc cfg.seed=1 cfg.train.runs=1 cwd=/kaggle/working/vendor/GraphViT log=hod-gnn-results/logs/graphvit-zinc-1.log timeout_seconds=86400
[graphvit/zinc/seed=1] Traceback (most recent call last):
[graphvit/zinc/seed=1] raise RuntimeError('Could not locate METIS dll. Please set the METIS_DLL environment variable to its full path.')
[graphvit/zinc/seed=1] RuntimeError: Could not locate METIS dll. Please set the METIS_DLL environment variable to its full path.
[event] unit_process_end unit=graphvit/zinc/seed=1 returncode=1 duration_seconds=5.045 timed_out=False lines=16 log_bytes=1139
[event] registry_append method=graphvit dataset=zinc protocol=paper-seeds-provisional seed=1 status=runtime_error
[registry] graphvit/zinc/paper-seeds-provisional/seed=1 mae=None [runtime_error]
[event] unit_end method=graphvit dataset=zinc protocol=paper-seeds-provisional seed=1 status=runtime_error
[event] unit_start method=graphvit dataset=moltox21 protocol=paper-seeds-provisional seed=0

=== RUN graphvit moltox21 seed=0 protocol=paper-seeds-provisional   ===
[event] unit_process_start unit=graphvit/moltox21/seed=0 command=/kaggle/working/.venv310/bin/python -m train.moltox21 cfg.seed=0 cfg.train.runs=1 cwd=/kaggle/working/vendor/GraphViT log=hod-gnn-results/logs/graphvit-moltox21-0.log timeout_seconds=86400
[graphvit/moltox21/seed=0] Traceback (most recent call last):
[graphvit/moltox21/seed=0] raise RuntimeError('Could not locate METIS dll. Please set the METIS_DLL environment variable to its full path.')
[graphvit/moltox21/seed=0] RuntimeError: Could not locate METIS dll. Please set the METIS_DLL environment variable to its full path.
[event] unit_process_end unit=graphvit/moltox21/seed=0 returncode=1 duration_seconds=5.209 timed_out=False lines=16 log_bytes=1143
[event] registry_append method=graphvit dataset=moltox21 protocol=paper-seeds-provisional seed=0 status=runtime_error
[registry] graphvit/moltox21/paper-seeds-provisional/seed=0 roc_auc=None [runtime_error]
[event] unit_end method=graphvit dataset=moltox21 protocol=paper-seeds-provisional seed=0 status=runtime_error
[event] unit_start method=graphvit dataset=moltox21 protocol=paper-seeds-provisional seed=1

=== RUN graphvit moltox21 seed=1 protocol=paper-seeds-provisional   ===
[event] unit_process_start unit=graphvit/moltox21/seed=1 command=/kaggle/working/.venv310/bin/python -m train.moltox21 cfg.seed=1 cfg.train.runs=1 cwd=/kaggle/working/vendor/GraphViT log=hod-gnn-results/logs/graphvit-moltox21-1.log timeout_seconds=86400
[graphvit/moltox21/seed=1] Traceback (most recent call last):
[graphvit/moltox21/seed=1] raise RuntimeError('Could not locate METIS dll. Please set the METIS_DLL environment variable to its full path.')
[graphvit/moltox21/seed=1] RuntimeError: Could not locate METIS dll. Please set the METIS_DLL environment variable to its full path.
[event] unit_process_end unit=graphvit/moltox21/seed=1 returncode=1 duration_seconds=5.438 timed_out=False lines=16 log_bytes=1143
[event] registry_append method=graphvit dataset=moltox21 protocol=paper-seeds-provisional seed=1 status=runtime_error
[registry] graphvit/moltox21/paper-seeds-provisional/seed=1 roc_auc=None [runtime_error]
[event] unit_end method=graphvit dataset=moltox21 protocol=paper-seeds-provisional seed=1 status=runtime_error
[event] unit_start method=graphvit dataset=molhiv protocol=paper-seeds-provisional seed=0

=== RUN graphvit molhiv seed=0 protocol=paper-seeds-provisional   ===
[event] unit_process_start unit=graphvit/molhiv/seed=0 command=/kaggle/working/.venv310/bin/python -m train.molhiv cfg.seed=0 cfg.train.runs=1 cwd=/kaggle/working/vendor/GraphViT log=hod-gnn-results/logs/graphvit-molhiv-0.log timeout_seconds=86400
[graphvit/molhiv/seed=0] Traceback (most recent call last):
[graphvit/molhiv/seed=0] raise RuntimeError('Could not locate METIS dll. Please set the METIS_DLL environment variable to its full path.')
[graphvit/molhiv/seed=0] RuntimeError: Could not locate METIS dll. Please set the METIS_DLL environment variable to its full path.
[event] unit_process_end unit=graphvit/molhiv/seed=0 returncode=1 duration_seconds=5.017 timed_out=False lines=16 log_bytes=1141
[event] registry_append method=graphvit dataset=molhiv protocol=paper-seeds-provisional seed=0 status=runtime_error
[registry] graphvit/molhiv/paper-seeds-provisional/seed=0 roc_auc=None [runtime_error]
[event] unit_end method=graphvit dataset=molhiv protocol=paper-seeds-provisional seed=0 status=runtime_error
[event] unit_start method=graphvit dataset=molhiv protocol=paper-seeds-provisional seed=1

=== RUN graphvit molhiv seed=1 protocol=paper-seeds-provisional   ===
[event] unit_process_start unit=graphvit/molhiv/seed=1 command=/kaggle/working/.venv310/bin/python -m train.molhiv cfg.seed=1 cfg.train.runs=1 cwd=/kaggle/working/vendor/GraphViT log=hod-gnn-results/logs/graphvit-molhiv-1.log timeout_seconds=86400
[graphvit/molhiv/seed=1] Traceback (most recent call last):
[graphvit/molhiv/seed=1] raise RuntimeError('Could not locate METIS dll. Please set the METIS_DLL environment variable to its full path.')
[graphvit/molhiv/seed=1] RuntimeError: Could not locate METIS dll. Please set the METIS_DLL environment variable to its full path.
[event] unit_process_end unit=graphvit/molhiv/seed=1 returncode=1 duration_seconds=5.249 timed_out=False lines=16 log_bytes=1141
[event] registry_append method=graphvit dataset=molhiv protocol=paper-seeds-provisional seed=1 status=runtime_error
[registry] graphvit/molhiv/paper-seeds-provisional/seed=1 roc_auc=None [runtime_error]
[event] unit_end method=graphvit dataset=molhiv protocol=paper-seeds-provisional seed=1 status=runtime_error
[event] unit_start method=graphvit dataset=peptides-func protocol=paper-seeds-provisional seed=0

=== RUN graphvit peptides-func seed=0 protocol=paper-seeds-provisional   ===
[event] unit_process_start unit=graphvit/peptides-func/seed=0 command=/kaggle/working/.venv310/bin/python -m train.peptides_func cfg.seed=0 cfg.train.runs=1 cwd=/kaggle/working/vendor/GraphViT log=hod-gnn-results/logs/graphvit-peptides-func-0.log timeout_seconds=86400
[graphvit/peptides-func/seed=0] Traceback (most recent call last):
[graphvit/peptides-func/seed=0] raise RuntimeError('Could not locate METIS dll. Please set the METIS_DLL environment variable to its full path.')
[graphvit/peptides-func/seed=0] RuntimeError: Could not locate METIS dll. Please set the METIS_DLL environment variable to its full path.
[event] unit_process_end unit=graphvit/peptides-func/seed=0 returncode=1 duration_seconds=5.103 timed_out=False lines=16 log_bytes=1148
[event] registry_append method=graphvit dataset=peptides-func protocol=paper-seeds-provisional seed=0 status=runtime_error
[registry] graphvit/peptides-func/paper-seeds-provisional/seed=0 average_precision=None [runtime_error]
[event] unit_end method=graphvit dataset=peptides-func protocol=paper-seeds-provisional seed=0 status=runtime_error
[event] unit_start method=graphvit dataset=peptides-func protocol=paper-seeds-provisional seed=1

=== RUN graphvit peptides-func seed=1 protocol=paper-seeds-provisional   ===
[event] unit_process_start unit=graphvit/peptides-func/seed=1 command=/kaggle/working/.venv310/bin/python -m train.peptides_func cfg.seed=1 cfg.train.runs=1 cwd=/kaggle/working/vendor/GraphViT log=hod-gnn-results/logs/graphvit-peptides-func-1.log timeout_seconds=86400
[graphvit/peptides-func/seed=1] Traceback (most recent call last):
[graphvit/peptides-func/seed=1] raise RuntimeError('Could not locate METIS dll. Please set the METIS_DLL environment variable to its full path.')
[graphvit/peptides-func/seed=1] RuntimeError: Could not locate METIS dll. Please set the METIS_DLL environment variable to its full path.
[event] unit_process_end unit=graphvit/peptides-func/seed=1 returncode=1 duration_seconds=5.347 timed_out=False lines=16 log_bytes=1148
[event] registry_append method=graphvit dataset=peptides-func protocol=paper-seeds-provisional seed=1 status=runtime_error
[registry] graphvit/peptides-func/paper-seeds-provisional/seed=1 average_precision=None [runtime_error]
[event] unit_end method=graphvit dataset=peptides-func protocol=paper-seeds-provisional seed=1 status=runtime_error
[event] unit_start method=graphvit dataset=peptides-struct protocol=paper-seeds-provisional seed=0

=== RUN graphvit peptides-struct seed=0 protocol=paper-seeds-provisional   ===
[event] unit_process_start unit=graphvit/peptides-struct/seed=0 command=/kaggle/working/.venv310/bin/python -m train.peptides_struct cfg.seed=0 cfg.train.runs=1 cwd=/kaggle/working/vendor/GraphViT log=hod-gnn-results/logs/graphvit-peptides-struct-0.log timeout_seconds=86400
[graphvit/peptides-struct/seed=0] Traceback (most recent call last):
[graphvit/peptides-struct/seed=0] raise RuntimeError('Could not locate METIS dll. Please set the METIS_DLL environment variable to its full path.')
[graphvit/peptides-struct/seed=0] RuntimeError: Could not locate METIS dll. Please set the METIS_DLL environment variable to its full path.
[event] unit_process_end unit=graphvit/peptides-struct/seed=0 returncode=1 duration_seconds=5.443 timed_out=False lines=16 log_bytes=1150
[event] registry_append method=graphvit dataset=peptides-struct protocol=paper-seeds-provisional seed=0 status=runtime_error
[registry] graphvit/peptides-struct/paper-seeds-provisional/seed=0 mae=None [runtime_error]
[event] unit_end method=graphvit dataset=peptides-struct protocol=paper-seeds-provisional seed=0 status=runtime_error
[event] unit_start method=graphvit dataset=peptides-struct protocol=paper-seeds-provisional seed=1

=== RUN graphvit peptides-struct seed=1 protocol=paper-seeds-provisional   ===
[event] unit_process_start unit=graphvit/peptides-struct/seed=1 command=/kaggle/working/.venv310/bin/python -m train.peptides_struct cfg.seed=1 cfg.train.runs=1 cwd=/kaggle/working/vendor/GraphViT log=hod-gnn-results/logs/graphvit-peptides-struct-1.log timeout_seconds=86400
[graphvit/peptides-struct/seed=1] Traceback (most recent call last):
[graphvit/peptides-struct/seed=1] raise RuntimeError('Could not locate METIS dll. Please set the METIS_DLL environment variable to its full path.')
[graphvit/peptides-struct/seed=1] RuntimeError: Could not locate METIS dll. Please set the METIS_DLL environment variable to its full path.
[event] unit_process_end unit=graphvit/peptides-struct/seed=1 returncode=1 duration_seconds=5.398 timed_out=False lines=16 log_bytes=1150
[event] registry_append method=graphvit dataset=peptides-struct protocol=paper-seeds-provisional seed=1 status=runtime_error
[registry] graphvit/peptides-struct/paper-seeds-provisional/seed=1 mae=None [runtime_error]
[event] unit_end method=graphvit dataset=peptides-struct protocol=paper-seeds-provisional seed=1 status=runtime_error
[event] unit_start method=full dataset=zinc protocol=paper-seeds-provisional seed=0

=== RUN full zinc seed=0 protocol=paper-seeds-provisional   ===
[event] unit_process_start unit=full/zinc/seed=0 command=/kaggle/working/.venv310/bin/python train.py dataset=zinc selection_type=all seed=0 cwd=/kaggle/working/vendor/policy-learn log=hod-gnn-results/logs/full-zinc-0.log timeout_seconds=86400
[full/zinc/seed=0] Traceback (most recent call last):
[full/zinc/seed=0] ModuleNotFoundError: No module named 'matplotlib'
[event] unit_process_end unit=full/zinc/seed=0 returncode=1 duration_seconds=0.202 timed_out=False lines=4 log_bytes=196
[event] registry_append method=full dataset=zinc protocol=paper-seeds-provisional seed=0 status=runtime_error
[registry] full/zinc/paper-seeds-provisional/seed=0 mae=None [runtime_error]
[event] unit_end method=full dataset=zinc protocol=paper-seeds-provisional seed=0 status=runtime_error
[event] unit_start method=full dataset=zinc protocol=paper-seeds-provisional seed=1

=== RUN full zinc seed=1 protocol=paper-seeds-provisional   ===
[event] unit_process_start unit=full/zinc/seed=1 command=/kaggle/working/.venv310/bin/python train.py dataset=zinc selection_type=all seed=1 cwd=/kaggle/working/vendor/policy-learn log=hod-gnn-results/logs/full-zinc-1.log timeout_seconds=86400
[full/zinc/seed=1] Traceback (most recent call last):
[full/zinc/seed=1] ModuleNotFoundError: No module named 'matplotlib'
[event] unit_process_end unit=full/zinc/seed=1 returncode=1 duration_seconds=0.196 timed_out=False lines=4 log_bytes=196
[event] registry_append method=full dataset=zinc protocol=paper-seeds-provisional seed=1 status=runtime_error
[registry] full/zinc/paper-seeds-provisional/seed=1 mae=None [runtime_error]
[event] unit_end method=full dataset=zinc protocol=paper-seeds-provisional seed=1 status=runtime_error
[event] unit_start method=full dataset=moltox21 protocol=paper-seeds-provisional seed=0

=== RUN full moltox21 seed=0 protocol=paper-seeds-provisional   ===
[event] unit_process_start unit=full/moltox21/seed=0 command=/kaggle/working/.venv310/bin/python train.py dataset=moltox21 selection_type=all seed=0 cwd=/kaggle/working/vendor/policy-learn log=hod-gnn-results/logs/full-moltox21-0.log timeout_seconds=86400
[full/moltox21/seed=0] Traceback (most recent call last):
[full/moltox21/seed=0] ModuleNotFoundError: No module named 'matplotlib'
[event] unit_process_end unit=full/moltox21/seed=0 returncode=1 duration_seconds=0.2 timed_out=False lines=4 log_bytes=196
[event] registry_append method=full dataset=moltox21 protocol=paper-seeds-provisional seed=0 status=runtime_error
[registry] full/moltox21/paper-seeds-provisional/seed=0 roc_auc=None [runtime_error]
[event] unit_end method=full dataset=moltox21 protocol=paper-seeds-provisional seed=0 status=runtime_error
[event] unit_start method=full dataset=moltox21 protocol=paper-seeds-provisional seed=1

=== RUN full moltox21 seed=1 protocol=paper-seeds-provisional   ===
[event] unit_process_start unit=full/moltox21/seed=1 command=/kaggle/working/.venv310/bin/python train.py dataset=moltox21 selection_type=all seed=1 cwd=/kaggle/working/vendor/policy-learn log=hod-gnn-results/logs/full-moltox21-1.log timeout_seconds=86400
[full/moltox21/seed=1] Traceback (most recent call last):
[full/moltox21/seed=1] ModuleNotFoundError: No module named 'matplotlib'
[event] unit_process_end unit=full/moltox21/seed=1 returncode=1 duration_seconds=0.197 timed_out=False lines=4 log_bytes=196
[event] registry_append method=full dataset=moltox21 protocol=paper-seeds-provisional seed=1 status=runtime_error
[registry] full/moltox21/paper-seeds-provisional/seed=1 roc_auc=None [runtime_error]
[event] unit_end method=full dataset=moltox21 protocol=paper-seeds-provisional seed=1 status=runtime_error
[event] unit_start method=full dataset=molbace protocol=paper-seeds-provisional seed=0

=== RUN full molbace seed=0 protocol=paper-seeds-provisional   ===
[event] unit_process_start unit=full/molbace/seed=0 command=/kaggle/working/.venv310/bin/python train.py dataset=molbace selection_type=all seed=0 cwd=/kaggle/working/vendor/policy-learn log=hod-gnn-results/logs/full-molbace-0.log timeout_seconds=86400
[full/molbace/seed=0] Traceback (most recent call last):
[full/molbace/seed=0] ModuleNotFoundError: No module named 'matplotlib'
[event] unit_process_end unit=full/molbace/seed=0 returncode=1 duration_seconds=0.196 timed_out=False lines=4 log_bytes=196
[event] registry_append method=full dataset=molbace protocol=paper-seeds-provisional seed=0 status=runtime_error
[registry] full/molbace/paper-seeds-provisional/seed=0 roc_auc=None [runtime_error]
[event] unit_end method=full dataset=molbace protocol=paper-seeds-provisional seed=0 status=runtime_error
[event] unit_start method=full dataset=molbace protocol=paper-seeds-provisional seed=1

=== RUN full molbace seed=1 protocol=paper-seeds-provisional   ===
[event] unit_process_start unit=full/molbace/seed=1 command=/kaggle/working/.venv310/bin/python train.py dataset=molbace selection_type=all seed=1 cwd=/kaggle/working/vendor/policy-learn log=hod-gnn-results/logs/full-molbace-1.log timeout_seconds=86400
[full/molbace/seed=1] Traceback (most recent call last):
[full/molbace/seed=1] ModuleNotFoundError: No module named 'matplotlib'
[event] unit_process_end unit=full/molbace/seed=1 returncode=1 duration_seconds=0.198 timed_out=False lines=4 log_bytes=196
[event] registry_append method=full dataset=molbace protocol=paper-seeds-provisional seed=1 status=runtime_error
[registry] full/molbace/paper-seeds-provisional/seed=1 roc_auc=None [runtime_error]
[event] unit_end method=full dataset=molbace protocol=paper-seeds-provisional seed=1 status=runtime_error
[event] unit_start method=full dataset=molhiv protocol=paper-seeds-provisional seed=0

=== RUN full molhiv seed=0 protocol=paper-seeds-provisional   ===
[event] unit_process_start unit=full/molhiv/seed=0 command=/kaggle/working/.venv310/bin/python train.py dataset=molhiv selection_type=all seed=0 cwd=/kaggle/working/vendor/policy-learn log=hod-gnn-results/logs/full-molhiv-0.log timeout_seconds=86400
[full/molhiv/seed=0] Traceback (most recent call last):
[full/molhiv/seed=0] ModuleNotFoundError: No module named 'matplotlib'
[event] unit_process_end unit=full/molhiv/seed=0 returncode=1 duration_seconds=0.196 timed_out=False lines=4 log_bytes=196
[event] registry_append method=full dataset=molhiv protocol=paper-seeds-provisional seed=0 status=runtime_error
[registry] full/molhiv/paper-seeds-provisional/seed=0 roc_auc=None [runtime_error]
[event] unit_end method=full dataset=molhiv protocol=paper-seeds-provisional seed=0 status=runtime_error
[event] unit_start method=full dataset=molhiv protocol=paper-seeds-provisional seed=1

=== RUN full molhiv seed=1 protocol=paper-seeds-provisional   ===
[event] unit_process_start unit=full/molhiv/seed=1 command=/kaggle/working/.venv310/bin/python train.py dataset=molhiv selection_type=all seed=1 cwd=/kaggle/working/vendor/policy-learn log=hod-gnn-results/logs/full-molhiv-1.log timeout_seconds=86400
[full/molhiv/seed=1] Traceback (most recent call last):
[full/molhiv/seed=1] ModuleNotFoundError: No module named 'matplotlib'
[event] unit_process_end unit=full/molhiv/seed=1 returncode=1 duration_seconds=0.199 timed_out=False lines=4 log_bytes=196
[event] registry_append method=full dataset=molhiv protocol=paper-seeds-provisional seed=1 status=runtime_error
[registry] full/molhiv/paper-seeds-provisional/seed=1 roc_auc=None [runtime_error]
[event] unit_end method=full dataset=molhiv protocol=paper-seeds-provisional seed=1 status=runtime_error
[event] unit_start method=random dataset=zinc protocol=paper-seeds-provisional seed=0

=== RUN random zinc seed=0 protocol=paper-seeds-provisional   ===
[event] unit_process_start unit=random/zinc/seed=0 command=/kaggle/working/.venv310/bin/python train.py dataset=zinc selection_type=random seed=0 cwd=/kaggle/working/vendor/policy-learn log=hod-gnn-results/logs/random-zinc-0.log timeout_seconds=86400
[random/zinc/seed=0] Traceback (most recent call last):
[random/zinc/seed=0] ModuleNotFoundError: No module named 'matplotlib'
[event] unit_process_end unit=random/zinc/seed=0 returncode=1 duration_seconds=0.199 timed_out=False lines=4 log_bytes=196
[event] registry_append method=random dataset=zinc protocol=paper-seeds-provisional seed=0 status=runtime_error
[registry] random/zinc/paper-seeds-provisional/seed=0 mae=None [runtime_error]
[event] unit_end method=random dataset=zinc protocol=paper-seeds-provisional seed=0 status=runtime_error
[event] unit_start method=random dataset=zinc protocol=paper-seeds-provisional seed=1

=== RUN random zinc seed=1 protocol=paper-seeds-provisional   ===
[event] unit_process_start unit=random/zinc/seed=1 command=/kaggle/working/.venv310/bin/python train.py dataset=zinc selection_type=random seed=1 cwd=/kaggle/working/vendor/policy-learn log=hod-gnn-results/logs/random-zinc-1.log timeout_seconds=86400
[random/zinc/seed=1] Traceback (most recent call last):
[random/zinc/seed=1] ModuleNotFoundError: No module named 'matplotlib'
[event] unit_process_end unit=random/zinc/seed=1 returncode=1 duration_seconds=0.198 timed_out=False lines=4 log_bytes=196
[event] registry_append method=random dataset=zinc protocol=paper-seeds-provisional seed=1 status=runtime_error
[registry] random/zinc/paper-seeds-provisional/seed=1 mae=None [runtime_error]
[event] unit_end method=random dataset=zinc protocol=paper-seeds-provisional seed=1 status=runtime_error
[event] unit_start method=random dataset=moltox21 protocol=paper-seeds-provisional seed=0

=== RUN random moltox21 seed=0 protocol=paper-seeds-provisional   ===
[event] unit_process_start unit=random/moltox21/seed=0 command=/kaggle/working/.venv310/bin/python train.py dataset=moltox21 selection_type=random seed=0 cwd=/kaggle/working/vendor/policy-learn log=hod-gnn-results/logs/random-moltox21-0.log timeout_seconds=86400
[random/moltox21/seed=0] Traceback (most recent call last):
[random/moltox21/seed=0] ModuleNotFoundError: No module named 'matplotlib'
[event] unit_process_end unit=random/moltox21/seed=0 returncode=1 duration_seconds=0.204 timed_out=False lines=4 log_bytes=196
[event] registry_append method=random dataset=moltox21 protocol=paper-seeds-provisional seed=0 status=runtime_error
[registry] random/moltox21/paper-seeds-provisional/seed=0 roc_auc=None [runtime_error]
[event] unit_end method=random dataset=moltox21 protocol=paper-seeds-provisional seed=0 status=runtime_error
[event] unit_start method=random dataset=moltox21 protocol=paper-seeds-provisional seed=1

=== RUN random moltox21 seed=1 protocol=paper-seeds-provisional   ===
[event] unit_process_start unit=random/moltox21/seed=1 command=/kaggle/working/.venv310/bin/python train.py dataset=moltox21 selection_type=random seed=1 cwd=/kaggle/working/vendor/policy-learn log=hod-gnn-results/logs/random-moltox21-1.log timeout_seconds=86400
[random/moltox21/seed=1] Traceback (most recent call last):
[random/moltox21/seed=1] ModuleNotFoundError: No module named 'matplotlib'
[event] unit_process_end unit=random/moltox21/seed=1 returncode=1 duration_seconds=0.203 timed_out=False lines=4 log_bytes=196
[event] registry_append method=random dataset=moltox21 protocol=paper-seeds-provisional seed=1 status=runtime_error
[registry] random/moltox21/paper-seeds-provisional/seed=1 roc_auc=None [runtime_error]
[event] unit_end method=random dataset=moltox21 protocol=paper-seeds-provisional seed=1 status=runtime_error
[event] unit_start method=random dataset=molbace protocol=paper-seeds-provisional seed=0

=== RUN random molbace seed=0 protocol=paper-seeds-provisional   ===
[event] unit_process_start unit=random/molbace/seed=0 command=/kaggle/working/.venv310/bin/python train.py dataset=molbace selection_type=random seed=0 cwd=/kaggle/working/vendor/policy-learn log=hod-gnn-results/logs/random-molbace-0.log timeout_seconds=86400
[random/molbace/seed=0] Traceback (most recent call last):
[random/molbace/seed=0] ModuleNotFoundError: No module named 'matplotlib'
[event] unit_process_end unit=random/molbace/seed=0 returncode=1 duration_seconds=0.203 timed_out=False lines=4 log_bytes=196
[event] registry_append method=random dataset=molbace protocol=paper-seeds-provisional seed=0 status=runtime_error
[registry] random/molbace/paper-seeds-provisional/seed=0 roc_auc=None [runtime_error]
[event] unit_end method=random dataset=molbace protocol=paper-seeds-provisional seed=0 status=runtime_error
[event] unit_start method=random dataset=molbace protocol=paper-seeds-provisional seed=1

=== RUN random molbace seed=1 protocol=paper-seeds-provisional   ===
[event] unit_process_start unit=random/molbace/seed=1 command=/kaggle/working/.venv310/bin/python train.py dataset=molbace selection_type=random seed=1 cwd=/kaggle/working/vendor/policy-learn log=hod-gnn-results/logs/random-molbace-1.log timeout_seconds=86400
[random/molbace/seed=1] Traceback (most recent call last):
[random/molbace/seed=1] ModuleNotFoundError: No module named 'matplotlib'
[event] unit_process_end unit=random/molbace/seed=1 returncode=1 duration_seconds=0.209 timed_out=False lines=4 log_bytes=196
[event] registry_append method=random dataset=molbace protocol=paper-seeds-provisional seed=1 status=runtime_error
[registry] random/molbace/paper-seeds-provisional/seed=1 roc_auc=None [runtime_error]
[event] unit_end method=random dataset=molbace protocol=paper-seeds-provisional seed=1 status=runtime_error
[event] unit_start method=random dataset=molhiv protocol=paper-seeds-provisional seed=0

=== RUN random molhiv seed=0 protocol=paper-seeds-provisional   ===
[event] unit_process_start unit=random/molhiv/seed=0 command=/kaggle/working/.venv310/bin/python train.py dataset=molhiv selection_type=random seed=0 cwd=/kaggle/working/vendor/policy-learn log=hod-gnn-results/logs/random-molhiv-0.log timeout_seconds=86400
[random/molhiv/seed=0] Traceback (most recent call last):
[random/molhiv/seed=0] ModuleNotFoundError: No module named 'matplotlib'
[event] unit_process_end unit=random/molhiv/seed=0 returncode=1 duration_seconds=0.201 timed_out=False lines=4 log_bytes=196
[event] registry_append method=random dataset=molhiv protocol=paper-seeds-provisional seed=0 status=runtime_error
[registry] random/molhiv/paper-seeds-provisional/seed=0 roc_auc=None [runtime_error]
[event] unit_end method=random dataset=molhiv protocol=paper-seeds-provisional seed=0 status=runtime_error
[event] unit_start method=random dataset=molhiv protocol=paper-seeds-provisional seed=1

=== RUN random molhiv seed=1 protocol=paper-seeds-provisional   ===
[event] unit_process_start unit=random/molhiv/seed=1 command=/kaggle/working/.venv310/bin/python train.py dataset=molhiv selection_type=random seed=1 cwd=/kaggle/working/vendor/policy-learn log=hod-gnn-results/logs/random-molhiv-1.log timeout_seconds=86400
[random/molhiv/seed=1] Traceback (most recent call last):
[random/molhiv/seed=1] ModuleNotFoundError: No module named 'matplotlib'
[event] unit_process_end unit=random/molhiv/seed=1 returncode=1 duration_seconds=0.206 timed_out=False lines=4 log_bytes=196
[event] registry_append method=random dataset=molhiv protocol=paper-seeds-provisional seed=1 status=runtime_error
[registry] random/molhiv/paper-seeds-provisional/seed=1 roc_auc=None [runtime_error]
[event] unit_end method=random dataset=molhiv protocol=paper-seeds-provisional seed=1 status=runtime_error
[event] unit_start method=policy_learn dataset=zinc protocol=paper-seeds-provisional seed=0

=== RUN policy_learn zinc seed=0 protocol=paper-seeds-provisional   ===
[event] unit_process_start unit=policy_learn/zinc/seed=0 command=/kaggle/working/.venv310/bin/python train.py dataset=zinc selection_type=gumbel seed=0 cwd=/kaggle/working/vendor/policy-learn log=hod-gnn-results/logs/policy_learn-zinc-0.log timeout_seconds=86400
[policy_learn/zinc/seed=0] Traceback (most recent call last):
[policy_learn/zinc/seed=0] ModuleNotFoundError: No module named 'matplotlib'
[event] unit_process_end unit=policy_learn/zinc/seed=0 returncode=1 duration_seconds=0.197 timed_out=False lines=4 log_bytes=196
[event] registry_append method=policy_learn dataset=zinc protocol=paper-seeds-provisional seed=0 status=runtime_error
[registry] policy_learn/zinc/paper-seeds-provisional/seed=0 mae=None [runtime_error]
[event] unit_end method=policy_learn dataset=zinc protocol=paper-seeds-provisional seed=0 status=runtime_error
[event] unit_start method=policy_learn dataset=zinc protocol=paper-seeds-provisional seed=1

=== RUN policy_learn zinc seed=1 protocol=paper-seeds-provisional   ===
[event] unit_process_start unit=policy_learn/zinc/seed=1 command=/kaggle/working/.venv310/bin/python train.py dataset=zinc selection_type=gumbel seed=1 cwd=/kaggle/working/vendor/policy-learn log=hod-gnn-results/logs/policy_learn-zinc-1.log timeout_seconds=86400
[policy_learn/zinc/seed=1] Traceback (most recent call last):
[policy_learn/zinc/seed=1] ModuleNotFoundError: No module named 'matplotlib'
[event] unit_process_end unit=policy_learn/zinc/seed=1 returncode=1 duration_seconds=0.201 timed_out=False lines=4 log_bytes=196
[event] registry_append method=policy_learn dataset=zinc protocol=paper-seeds-provisional seed=1 status=runtime_error
[registry] policy_learn/zinc/paper-seeds-provisional/seed=1 mae=None [runtime_error]
[event] unit_end method=policy_learn dataset=zinc protocol=paper-seeds-provisional seed=1 status=runtime_error
[event] unit_start method=policy_learn dataset=moltox21 protocol=paper-seeds-provisional seed=0

=== RUN policy_learn moltox21 seed=0 protocol=paper-seeds-provisional   ===
[event] unit_process_start unit=policy_learn/moltox21/seed=0 command=/kaggle/working/.venv310/bin/python train.py dataset=moltox21 selection_type=gumbel seed=0 cwd=/kaggle/working/vendor/policy-learn log=hod-gnn-results/logs/policy_learn-moltox21-0.log timeout_seconds=86400
[policy_learn/moltox21/seed=0] Traceback (most recent call last):
[policy_learn/moltox21/seed=0] ModuleNotFoundError: No module named 'matplotlib'
[event] unit_process_end unit=policy_learn/moltox21/seed=0 returncode=1 duration_seconds=0.2 timed_out=False lines=4 log_bytes=196
[event] registry_append method=policy_learn dataset=moltox21 protocol=paper-seeds-provisional seed=0 status=runtime_error
[registry] policy_learn/moltox21/paper-seeds-provisional/seed=0 roc_auc=None [runtime_error]
[event] unit_end method=policy_learn dataset=moltox21 protocol=paper-seeds-provisional seed=0 status=runtime_error
[event] unit_start method=policy_learn dataset=moltox21 protocol=paper-seeds-provisional seed=1

=== RUN policy_learn moltox21 seed=1 protocol=paper-seeds-provisional   ===
[event] unit_process_start unit=policy_learn/moltox21/seed=1 command=/kaggle/working/.venv310/bin/python train.py dataset=moltox21 selection_type=gumbel seed=1 cwd=/kaggle/working/vendor/policy-learn log=hod-gnn-results/logs/policy_learn-moltox21-1.log timeout_seconds=86400
[policy_learn/moltox21/seed=1] Traceback (most recent call last):
[policy_learn/moltox21/seed=1] ModuleNotFoundError: No module named 'matplotlib'
[event] unit_process_end unit=policy_learn/moltox21/seed=1 returncode=1 duration_seconds=0.199 timed_out=False lines=4 log_bytes=196
[event] registry_append method=policy_learn dataset=moltox21 protocol=paper-seeds-provisional seed=1 status=runtime_error
[registry] policy_learn/moltox21/paper-seeds-provisional/seed=1 roc_auc=None [runtime_error]
[event] unit_end method=policy_learn dataset=moltox21 protocol=paper-seeds-provisional seed=1 status=runtime_error
[event] unit_start method=policy_learn dataset=molbace protocol=paper-seeds-provisional seed=0

=== RUN policy_learn molbace seed=0 protocol=paper-seeds-provisional   ===
[event] unit_process_start unit=policy_learn/molbace/seed=0 command=/kaggle/working/.venv310/bin/python train.py dataset=molbace selection_type=gumbel seed=0 cwd=/kaggle/working/vendor/policy-learn log=hod-gnn-results/logs/policy_learn-molbace-0.log timeout_seconds=86400
[policy_learn/molbace/seed=0] Traceback (most recent call last):
[policy_learn/molbace/seed=0] ModuleNotFoundError: No module named 'matplotlib'
[event] unit_process_end unit=policy_learn/molbace/seed=0 returncode=1 duration_seconds=0.2 timed_out=False lines=4 log_bytes=196
[event] registry_append method=policy_learn dataset=molbace protocol=paper-seeds-provisional seed=0 status=runtime_error
[registry] policy_learn/molbace/paper-seeds-provisional/seed=0 roc_auc=None [runtime_error]
[event] unit_end method=policy_learn dataset=molbace protocol=paper-seeds-provisional seed=0 status=runtime_error
[event] unit_start method=policy_learn dataset=molbace protocol=paper-seeds-provisional seed=1

=== RUN policy_learn molbace seed=1 protocol=paper-seeds-provisional   ===
[event] unit_process_start unit=policy_learn/molbace/seed=1 command=/kaggle/working/.venv310/bin/python train.py dataset=molbace selection_type=gumbel seed=1 cwd=/kaggle/working/vendor/policy-learn log=hod-gnn-results/logs/policy_learn-molbace-1.log timeout_seconds=86400
[policy_learn/molbace/seed=1] Traceback (most recent call last):
[policy_learn/molbace/seed=1] ModuleNotFoundError: No module named 'matplotlib'
[event] unit_process_end unit=policy_learn/molbace/seed=1 returncode=1 duration_seconds=0.199 timed_out=False lines=4 log_bytes=196
[event] registry_append method=policy_learn dataset=molbace protocol=paper-seeds-provisional seed=1 status=runtime_error
[registry] policy_learn/molbace/paper-seeds-provisional/seed=1 roc_auc=None [runtime_error]
[event] unit_end method=policy_learn dataset=molbace protocol=paper-seeds-provisional seed=1 status=runtime_error
[event] unit_start method=policy_learn dataset=molhiv protocol=paper-seeds-provisional seed=0

=== RUN policy_learn molhiv seed=0 protocol=paper-seeds-provisional   ===
[event] unit_process_start unit=policy_learn/molhiv/seed=0 command=/kaggle/working/.venv310/bin/python train.py dataset=molhiv selection_type=gumbel seed=0 cwd=/kaggle/working/vendor/policy-learn log=hod-gnn-results/logs/policy_learn-molhiv-0.log timeout_seconds=86400
[policy_learn/molhiv/seed=0] Traceback (most recent call last):
[policy_learn/molhiv/seed=0] ModuleNotFoundError: No module named 'matplotlib'
[event] unit_process_end unit=policy_learn/molhiv/seed=0 returncode=1 duration_seconds=0.195 timed_out=False lines=4 log_bytes=196
[event] registry_append method=policy_learn dataset=molhiv protocol=paper-seeds-provisional seed=0 status=runtime_error
[registry] policy_learn/molhiv/paper-seeds-provisional/seed=0 roc_auc=None [runtime_error]
[event] unit_end method=policy_learn dataset=molhiv protocol=paper-seeds-provisional seed=0 status=runtime_error
[event] unit_start method=policy_learn dataset=molhiv protocol=paper-seeds-provisional seed=1

=== RUN policy_learn molhiv seed=1 protocol=paper-seeds-provisional   ===
[event] unit_process_start unit=policy_learn/molhiv/seed=1 command=/kaggle/working/.venv310/bin/python train.py dataset=molhiv selection_type=gumbel seed=1 cwd=/kaggle/working/vendor/policy-learn log=hod-gnn-results/logs/policy_learn-molhiv-1.log timeout_seconds=86400
[policy_learn/molhiv/seed=1] Traceback (most recent call last):
[policy_learn/molhiv/seed=1] ModuleNotFoundError: No module named 'matplotlib'
[event] unit_process_end unit=policy_learn/molhiv/seed=1 returncode=1 duration_seconds=0.197 timed_out=False lines=4 log_bytes=196
[event] registry_append method=policy_learn dataset=molhiv protocol=paper-seeds-provisional seed=1 status=runtime_error
[registry] policy_learn/molhiv/paper-seeds-provisional/seed=1 roc_auc=None [runtime_error]
[event] unit_end method=policy_learn dataset=molhiv protocol=paper-seeds-provisional seed=1 status=runtime_error
[event] unit_start method=policy_learn dataset=peptides-func protocol=paper-seeds-provisional seed=0

=== RUN policy_learn peptides-func seed=0 protocol=paper-seeds-provisional   ===
[event] registry_append method=policy_learn dataset=peptides-func protocol=paper-seeds-provisional seed=0 status=unavailable
[registry] policy_learn/peptides-func/paper-seeds-provisional/seed=0 average_precision=None [unavailable]
[event] unit_end method=policy_learn dataset=peptides-func protocol=paper-seeds-provisional seed=0 status=unavailable
[event] unit_start method=policy_learn dataset=peptides-func protocol=paper-seeds-provisional seed=1

=== RUN policy_learn peptides-func seed=1 protocol=paper-seeds-provisional   ===
[event] registry_append method=policy_learn dataset=peptides-func protocol=paper-seeds-provisional seed=1 status=unavailable
[registry] policy_learn/peptides-func/paper-seeds-provisional/seed=1 average_precision=None [unavailable]
[event] unit_end method=policy_learn dataset=peptides-func protocol=paper-seeds-provisional seed=1 status=unavailable
[event] unit_start method=policy_learn dataset=peptides-struct protocol=paper-seeds-provisional seed=0

=== RUN policy_learn peptides-struct seed=0 protocol=paper-seeds-provisional   ===
[event] registry_append method=policy_learn dataset=peptides-struct protocol=paper-seeds-provisional seed=0 status=unavailable
[registry] policy_learn/peptides-struct/paper-seeds-provisional/seed=0 mae=None [unavailable]
[event] unit_end method=policy_learn dataset=peptides-struct protocol=paper-seeds-provisional seed=0 status=unavailable
[event] unit_start method=policy_learn dataset=peptides-struct protocol=paper-seeds-provisional seed=1

=== RUN policy_learn peptides-struct seed=1 protocol=paper-seeds-provisional   ===
[event] registry_append method=policy_learn dataset=peptides-struct protocol=paper-seeds-provisional seed=1 status=unavailable
[registry] policy_learn/peptides-struct/paper-seeds-provisional/seed=1 mae=None [unavailable]
[event] unit_end method=policy_learn dataset=peptides-struct protocol=paper-seeds-provisional seed=1 status=unavailable

=== SUMMARY (mean±std, n, paper target, verdict) ===
gps          molhiv         paper-seeds-provisional    0.7815±0.0099 (n=2)  paper=0.788±0.0101  reproduced

[csv] /kaggle/working/hod-gnn-results/paper_vs_reproduced.csv
[event] runner_end status=complete_with_failures zip=hod-gnn-results.zip remaining=36

=== DONE. Results in /kaggle/working/hod-gnn-results (zip: hod-gnn-results.zip) ===
Kaggle: 右侧 'Output' 下载 hod-gnn-results.zip；下一轮挂载后加 --resume
