stable_id,k,y,g,c,err_B_cal,err_J_cal,err_I_cal,err_B_raw,err_J_raw,err_I_raw,abs_err_B_cal,abs_err_J_cal,abs_err_I_cal,gain_BJ_cal,gain_BI_cal,gain_IJ_cal
train:0000,0,0.8350355625,0.8344565053,0.0005790572,-0.0314137813,-0.0058554437,-0.0172989108,-0.0627921205,-0.0222871881,-0.0458033662,0.0314137813,0.0058554437,0.0172989108,0.0255583376,0.0141148705,0.0114434671
train:0005,0,0.5229709148,0.5223918576,0.0005790572,0.0078598384,-0.0252443578,-0.0379912592,-0.0235185008,-0.0416761022,-0.0664957147,0.0078598384,0.0252443578,0.0379912592,-0.0173845194,-0.0301314209,0.0127469014
train:0009,0,1.1187778711,1.1181988139,0.0005790572,-0.1201150294,-0.0081721570,-0.1639629342,-0.1514933686,-0.0246039014,-0.1924673896,0.1201150294,0.0081721570,0.1639629342,0.1119428724,-0.0438479047,0.1557907771
train:0014,0,0.8305689692,0.8299899120,0.0005790572,0.0148943785,0.0306923363,-0.0226159431,-0.0164839607,0.0142605920,-0.0511203985,0.0148943785,0.0306923363,0.0226159431,-0.0157979578,-0.0077215646,-0.0080763932
train:0020,0,1.9809824228,1.9804033656,0.0005790572,0.0916867379,0.0780254576,0.0686160587,0.0603083987,0.0615937133,0.0401116032,0.0916867379,0.0780254576,0.0686160587,0.0136612803,0.0230706792,-0.0094093989
train:0032,0,-1.3486143351,-1.3491933923,0.0005790572,-0.1147429820,-0.0624817636,-0.0598079897,-0.1461213212,-0.0789135080,-0.0883124452,0.1147429820,0.0624817636,0.0598079897,0.0522612184,0.0549349923,-0.0026737738
train:0046,0,1.7545804977,1.7540014405,0.0005790572,-0.0132627364,-0.0469737079,-0.0998187996,-0.0446410756,-0.0634054523,-0.1283232551,0.0132627364,0.0469737079,0.0998187996,-0.0337109715,-0.0865560632,0.0528450917
train:0047,0,-2.2389152050,-2.2394942622,0.0005790572,-0.0461758252,-0.0049235847,-0.0131424405,-0.0775541644,-0.0213553291,-0.0416468959,0.0461758252,0.0049235847,0.0131424405,0.0412522405,0.0330333848,0.0082188558
train:0048,0,1.0445847511,1.0440056939,0.0005790572,0.0871515993,-0.0310429361,-0.0047601201,0.0557732601,-0.0474746804,-0.0332645755,0.0871515993,0.0310429361,0.0047601201,0.0561086632,0.0823914792,-0.0262828160
train:0076,0,0.1403542608,0.1397752036,0.0005790572,0.0623952795,-0.0448104318,0.1129748784,0.0310169403,-0.0612421762,0.0844704230,0.0623952795,0.0448104318,0.1129748784,0.0175848476,-0.0505795989,0.0681644466
train:0081,0,-1.9892654419,-1.9898444991,0.0005790572,-0.0962649461,-0.1122241046,-0.2752046324,-0.1276432853,-0.1286558490,-0.3037090879,0.0962649461,0.1122241046,0.2752046324,-0.0159591585,-0.1789396863,0.1629805278
train:0087,0,0.9651907682,0.9646117110,0.0005790572,0.1245173935,0.0751131151,0.0972834490,0.0931390543,0.0586813707,0.0687789936,0.1245173935,0.0751131151,0.0972834490,0.0494042784,0.0272339445,0.0221703339
train:0097,0,0.6646496058,0.6640705485,0.0005790572,0.0862874512,0.0231990788,0.1036700271,0.0549091120,0.0067673344,0.0751655717,0.0862874512,0.0231990788,0.1036700271,0.0630883723,-0.0173825760,0.0804709483
train:0101,-1,-3.4425287247,0.0225108039,-3.4650395286,0.1833163973,0.1998576548,0.1693972811,0.1519380581,0.1834259104,0.1408928257,0.1833163973,0.1998576548,0.1693972811,-0.0165412575,0.0139191162,-0.0304603737
train:0104,0,-1.1194200516,-1.1199991088,0.0005790572,0.0003800515,-0.0007259872,-0.0292250849,-0.0309982877,-0.0171577316,-0.0577295404,0.0003800515,0.0007259872,0.0292250849,-0.0003459357,-0.0288450334,0.0284990977
train:0137,0,-1.8379578590,-1.8385369163,0.0005790572,-0.0956953641,-0.0940687683,-0.0620248057,-0.1270737033,-0.1105005126,-0.0905292611,0.0956953641,0.0940687683,0.0620248057,0.0016265959,0.0336705584,-0.0320439626
train:0138,0,1.2539839745,1.2534049172,0.0005790572,-0.0041906711,0.0546277735,-0.0884159543,-0.0355690103,0.0381960292,-0.1169204097,0.0041906711,0.0546277735,0.0884159543,-0.0504371025,-0.0842252832,0.0337881807
train:0142,0,-0.5453354716,-0.5459145289,0.0005790572,-0.1963808414,-0.4434114497,-0.3092108853,-0.2277591806,-0.4598431941,-0.3377153408,0.1963808414,0.4434114497,0.3092108853,-0.2470306084,-0.1128300439,-0.1342005644
train:0150,0,3.2302160263,3.2296369691,0.0005790572,0.1273471240,-0.0413599040,-0.0752175786,0.0959687848,-0.0577916484,-0.1037220340,0.1273471240,0.0413599040,0.0752175786,0.0859872199,0.0521295454,0.0338576745
train:0158,0,0.0055958917,0.0050168345,0.0005790572,-0.0881170815,-0.1052435970,-0.2020254033,-0.1194954207,-0.1216753414,-0.2305298587,0.0881170815,0.1052435970,0.2020254033,-0.0171265155,-0.1139083218,0.0967818063
train:0162,0,-2.7706990242,-2.7712780814,0.0005790572,-0.1009749051,-0.0987343814,-0.1126306988,-0.1323532443,-0.1151661258,-0.1411351543,0.1009749051,0.0987343814,0.1126306988,0.0022405237,-0.0116557937,0.0138963174
train:0175,0,-0.3574006855,-0.3579797428,0.0005790572,-0.0180163857,-0.0346632924,0.0371442996,-0.0493947249,-0.0510950368,0.0086398442,0.0180163857,0.0346632924,0.0371442996,-0.0166469067,-0.0191279139,0.0024810072
train:0177,0,2.5282692909,2.5276902337,0.0005790572,-0.0874556180,0.1455383275,0.0135983489,-0.1188339572,0.1291065831,-0.0149061065,0.0874556180,0.1455383275,0.0135983489,-0.0580827094,0.0738572691,-0.1319399785
train:0178,0,1.1220678091,1.1214887519,0.0005790572,0.1018704299,0.0771254275,-0.0843971707,0.0704920907,0.0606936831,-0.1129016261,0.1018704299,0.0771254275,0.0843971707,0.0247450024,0.0174732592,0.0072717432
train:0182,0,2.1861765385,2.1855974812,0.0005790572,0.2671361092,0.4117517445,0.4373425506,0.2357577700,0.3953200001,0.4088380952,0.2671361092,0.4117517445,0.4373425506,-0.1446156353,-0.1702064414,0.0255908061
train:0191,0,0.7837314010,0.7831523437,0.0005790572,-0.0796258327,0.0349228356,-0.0903883912,-0.1110041719,0.0184910912,-0.1188928466,0.0796258327,0.0349228356,0.0903883912,0.0447029971,-0.0107625585,0.0554655556
train:0196,0,2.5256993771,2.5251203198,0.0005790572,0.0039469127,0.0092215512,-0.0347984768,-0.0274314265,-0.0072101932,-0.0633029323,0.0039469127,0.0092215512,0.0347984768,-0.0052746385,-0.0308515642,0.0255769257
train:0197,0,2.5138449669,2.5132659096,0.0005790572,-0.0925692197,-0.0736742046,-0.1643954255,-0.1239475589,-0.0901059489,-0.1928998809,0.0925692197,0.0736742046,0.1643954255,0.0188950151,-0.0718262058,0.0907212209
train:0203,0,-2.0329470634,-2.0335261207,0.0005790572,0.0224248294,0.2102739785,0.0969356559,-0.0089535098,0.1938422341,0.0684312005,0.0224248294,0.2102739785,0.0969356559,-0.1878491491,-0.0745108266,-0.1133383226
train:0220,0,-1.2253183126,-1.2258973699,0.0005790572,-0.0525451776,-0.1182755258,-0.1038460471,-0.0839235168,-0.1347072702,-0.1323505025,0.0525451776,0.1182755258,0.1038460471,-0.0657303482,-0.0513008695,-0.0144294787
train:0221,0,-0.4932444692,-0.4938235264,0.0005790572,-0.0844875451,-0.0380209114,0.0244789384,-0.1158658843,-0.0544526558,-0.0040255170,0.0844875451,0.0380209114,0.0244789384,0.0464666337,0.0600086067,-0.0135419730
train:0223,0,0.6699057221,0.6693266649,0.0005790572,-0.0766175862,-0.0729599621,-0.0653330423,-0.1079959254,-0.0893917065,-0.0938374977,0.0766175862,0.0729599621,0.0653330423,0.0036576241,0.0112845440,-0.0076269198
train:0235,0,-3.4710645676,-3.4716436248,0.0005790572,-0.2853637811,-0.1355266597,-0.1664489247,-0.3167421203,-0.1519584041,-0.1949533801,0.2853637811,0.1355266597,0.1664489247,0.1498371214,0.1189148564,0.0309222650
train:0243,-1,-1.9469616413,1.5180778873,-3.4650395286,0.0964392301,0.1647438731,0.1247450128,0.0650608909,0.1483121287,0.0962405574,0.0964392301,0.1647438731,0.1247450128,-0.0683046430,-0.0283057828,-0.0399988603
train:0253,0,0.5600351095,0.5594560523,0.0005790572,0.0559885029,-0.0975369837,0.0252490304,0.0246101637,-0.1139687281,-0.0032554250,0.0559885029,0.0975369837,0.0252490304,-0.0415484809,0.0307394724,-0.0722879533
train:0255,0,-2.6615762711,-2.6621553283,0.0005790572,0.1090463523,0.0390713189,0.2468458675,0.0776680131,0.0226395745,0.2183414120,0.1090463523,0.0390713189,0.2468458675,0.0699750334,-0.1377995152,0.2077745486
train:0257,0,-0.7404508591,-0.7410299163,0.0005790572,-0.0145193812,-0.1127684739,0.0690326355,-0.0458977204,-0.1292002182,0.0405281801,0.0145193812,0.1127684739,0.0690326355,-0.0982490927,-0.0545132544,-0.0437358383
train:0268,0,-0.9118789434,-0.9124580007,0.0005790572,-0.0213139530,-0.0340625074,-0.0514785387,-0.0526922922,-0.0504942518,-0.0799829941,0.0213139530,0.0340625074,0.0514785387,-0.0127485543,-0.0301645856,0.0174160313
train:0270,0,-1.6134635210,-1.6140425782,0.0005790572,-0.0281872626,0.1391884062,0.1300303005,-0.0595656018,0.1227566619,0.1015258450,0.0281872626,0.1391884062,0.1300303005,-0.1110011436,-0.1018430378,-0.0091581058
train:0272,0,-0.3632321656,-0.3638112228,0.0005790572,0.1036161307,0.1530211244,0.0969313346,0.0722377915,0.1365893800,0.0684268791,0.1036161307,0.1530211244,0.0969313346,-0.0494049937,0.0066847961,-0.0560897898
train:0282,0,0.0229033455,0.0223242883,0.0005790572,-0.0676733729,-0.0366809543,0.0514856018,-0.0990517121,-0.0531126987,0.0229811464,0.0676733729,0.0366809543,0.0514856018,0.0309924185,0.0161877710,0.0148046475
train:0286,0,0.1883670688,0.1877880115,0.0005790572,0.0202968243,-0.0021921422,-0.0641578175,-0.0110815149,-0.0186238866,-0.0926622730,0.0202968243,0.0021921422,0.0641578175,0.0181046821,-0.0438609932,0.0619656753
train:0288,0,-0.4417529404,-0.4423319977,0.0005790572,-0.0765584286,0.0311079297,-0.0271530189,-0.1079367678,0.0146761853,-0.0556574743,0.0765584286,0.0311079297,0.0271530189,0.0454504989,0.0494054098,-0.0039549109
train:0289,0,-2.7726945877,-2.7732736449,0.0005790572,0.0573340777,0.0001451943,0.0192801021,0.0259557385,-0.0162865501,-0.0092243533,0.0573340777,0.0001451943,0.0192801021,0.0571888834,0.0380539756,0.0191349078
train:0290,0,1.4158906937,1.4153116364,0.0005790572,0.0306837682,0.0015833352,-0.0176721551,-0.0006945710,-0.0148484092,-0.0461766105,0.0306837682,0.0015833352,0.0176721551,0.0291004330,0.0130116131,0.0160888199
train:0292,0,-2.4168756008,-2.4174546581,0.0005790572,-0.5487513419,-0.4114184406,-0.3466044404,-0.5801296811,-0.4278501849,-0.3751088958,0.5487513419,0.4114184406,0.3466044404,0.1373329014,0.2021469016,-0.0648140002
train:0295,0,1.4014668465,1.4008877892,0.0005790572,0.0796462420,0.1071618769,0.0497081541,0.0482679028,0.0907301326,0.0212036986,0.0796462420,0.1071618769,0.0497081541,-0.0275156349,0.0299380880,-0.0574537229
train:0297,0,0.6743839979,0.6738049407,0.0005790572,-0.4517210599,-0.1592804816,-0.3314809538,-0.4830993991,-0.1757122259,-0.3599854093,0.4517210599,0.1592804816,0.3314809538,0.2924405783,0.1202401061,0.1722004723
train:0301,0,0.9316703677,0.9310913105,0.0005790572,-0.0399668690,0.0206465099,0.0301628374,-0.0713452082,0.0042147655,0.0016583819,0.0399668690,0.0206465099,0.0301628374,0.0193203591,0.0098040316,0.0095163275
train:0306,0,-1.2578071356,-1.2583861928,0.0005790572,-0.0820742723,-0.0829838540,-0.1818669774,-0.1134526115,-0.0994155984,-0.2103714328,0.0820742723,0.0829838540,0.1818669774,-0.0009095818,-0.0997927051,0.0988831233
train:0309,0,0.6101143360,0.6095352788,0.0005790572,-0.0098862525,-0.0900864627,-0.1026636101,-0.0412645917,-0.1065182071,-0.1311680656,0.0098862525,0.0900864627,0.1026636101,-0.0802002102,-0.0927773576,0.0125771474
train:0314,-1,-4.3355264664,-0.8704869378,-3.4650395286,0.0647945877,0.2108056273,0.0653392688,0.0334162485,0.1943738830,0.0368348133,0.0647945877,0.2108056273,0.0653392688,-0.1460110396,-0.0005446810,-0.1454663586
train:0316,0,-1.3991554976,-1.3997345548,0.0005790572,0.1310030345,0.0865396235,0.1926448606,0.0996246953,0.0701078791,0.1641404052,0.1310030345,0.0865396235,0.1926448606,0.0444634110,-0.0616418261,0.1061052371
train:0320,0,1.3209449053,1.3203658480,0.0005790572,0.0602319363,0.0086251471,-0.0003810860,0.0288535971,-0.0078065973,-0.0288855415,0.0602319363,0.0086251471,0.0003810860,0.0516067892,0.0598508503,-0.0082440611
train:0322,0,-0.2064435631,-0.2070226203,0.0005790572,-0.1154040348,0.0072736863,0.0682902597,-0.1467823740,-0.0091580581,0.0397858042,0.1154040348,0.0072736863,0.0682902597,0.1081303485,0.0471137751,0.0610165734
train:0324,0,-5.5826463699,-5.5832254272,0.0005790572,0.0253843192,-0.0563938644,0.1287092231,-0.0059940200,-0.0728256088,0.1002047677,0.0253843192,0.0563938644,0.1287092231,-0.0310095452,-0.1033249039,0.0723153587
train:0333,0,1.8696109056,1.8690318484,0.0005790572,-0.0840160724,-0.0046008851,-0.0264016129,-0.1153944116,-0.0210326295,-0.0549060683,0.0840160724,0.0046008851,0.0264016129,0.0794151872,0.0576144595,0.0218007278
train:0334,0,-0.7786469460,-0.7792260032,0.0005790572,-0.0656432983,-0.1610577133,-0.1194975711,-0.0970216375,-0.1774894576,-0.1480020266,0.0656432983,0.1610577133,0.1194975711,-0.0954144150,-0.0538542729,-0.0415601421
train:0341,0,2.1230792999,2.1225002427,0.0005790572,0.1152421359,0.1278498147,0.0272442363,0.0838637967,0.1114180703,-0.0012602191,0.1152421359,0.1278498147,0.0272442363,-0.0126076788,0.0879978996,-0.1006055783
train:0346,0,1.5151396990,1.5145606417,0.0005790572,-0.0072814103,-0.0614451196,-0.0149292685,-0.0386597495,-0.0778768640,-0.0434337239,0.0072814103,0.0614451196,0.0149292685,-0.0541637093,-0.0076478582,-0.0465158511
train:0347,0,0.0182029568,0.0176238995,0.0005790572,-0.0204106186,0.1157638144,0.2045555338,-0.0517889578,0.0993320700,0.1760510784,0.0204106186,0.1157638144,0.2045555338,-0.0953531958,-0.1841449153,0.0887917195
train:0350,0,1.4524577856,1.4518787284,0.0005790572,0.1902717475,0.1978064749,0.0816275142,0.1588934083,0.1813747306,0.0531230588,0.1902717475,0.1978064749,0.0816275142,-0.0075347275,0.1086442333,-0.1161789607
train:0353,0,-3.9324529171,-3.9330319743,0.0005790572,-0.0156334516,0.0494451497,0.1606108211,-0.0470117908,0.0330134053,0.1321063657,0.0156334516,0.0494451497,0.1606108211,-0.0338116981,-0.1449773695,0.1111656714
train:0354,-1,-1.3356685638,2.1293709647,-3.4650395286,0.0610421773,0.1590640273,0.0540920511,0.0296638381,0.1426322829,0.0255875957,0.0610421773,0.1590640273,0.0540920511,-0.0980218500,0.0069501262,-0.1049719762
train:0359,0,-2.0056395531,-2.0062186103,0.0005790572,-0.2425808784,-0.5056118991,-0.4497410990,-0.2739592176,-0.5220436435,-0.4782455545,0.2425808784,0.5056118991,0.4497410990,-0.2630310208,-0.2071602207,-0.0558708001
train:0363,0,-4.1523399353,-4.1529189925,0.0005790572,-0.4209688779,-0.5205876853,-0.4923730828,-0.4523472171,-0.5370194297,-0.5208775382,0.4209688779,0.5205876853,0.4923730828,-0.0996188074,-0.0714042049,-0.0282146026
train:0373,0,0.5947220325,0.5941429753,0.0005790572,0.0560062651,0.0505700085,0.0352227353,0.0246279259,0.0341382642,0.0067182798,0.0560062651,0.0505700085,0.0352227353,0.0054362565,0.0207835298,-0.0153472733
train:0375,0,0.9419683814,0.9413893242,0.0005790572,0.0279135827,0.2465524647,0.2094965838,-0.0034647565,0.2301207204,0.1809921283,0.0279135827,0.2465524647,0.2094965838,-0.2186388820,-0.1815830011,-0.0370558809
train:0378,0,2.3931765556,2.3925974984,0.0005790572,0.0811022643,0.0178930733,-0.0453530289,0.0497239251,0.0014613290,-0.0738574844,0.0811022643,0.0178930733,0.0453530289,0.0632091910,0.0357492354,0.0274599556
train:0379,0,0.7512609959,0.7506819386,0.0005790572,-0.1018690940,0.1328298423,0.0925798081,-0.1332474332,0.1163980980,0.0640753526,0.1018690940,0.1328298423,0.0925798081,-0.0309607483,0.0092892859,-0.0402500342
train:0380,0,0.3686134517,0.3680343945,0.0005790572,0.0454384211,0.2925841708,0.1395183764,0.0140600819,0.2761524264,0.1110139210,0.0454384211,0.2925841708,0.1395183764,-0.2471457496,-0.0940799553,-0.1530657943
train:0387,0,1.7225983143,1.7220192570,0.0005790572,-0.0021992799,0.0198115084,-0.0048396327,-0.0335776191,0.0033797641,-0.0333440881,0.0021992799,0.0198115084,0.0048396327,-0.0176122285,-0.0026403528,-0.0149718758
train:0393,0,0.7568614483,0.7562823910,0.0005790572,-0.0492461201,-0.0356547859,-0.1161253192,-0.0806244593,-0.0520865302,-0.1446297746,0.0492461201,0.0356547859,0.1161253192,0.0135913342,-0.0668791991,0.0804705333
train:0394,-1,-3.7757899761,-0.3107504475,-3.4650395286,-0.1183374945,-0.0304262612,0.0027924195,-0.1497158337,-0.0468580056,-0.0257120359,0.1183374945,0.0304262612,0.0027924195,0.0879112333,0.1155450750,-0.0276338417
train:0396,0,0.3502503932,0.3496713359,0.0005790572,0.0826522235,-0.0363300171,-0.0370175876,0.0512738843,-0.0527617614,-0.0655220430,0.0826522235,0.0363300171,0.0370175876,0.0463222064,0.0456346359,0.0006875705
train:0398,0,-0.3249827623,-0.3255618196,0.0005790572,0.1058691267,0.0794604693,0.1774355434,0.0744907875,0.0630287249,0.1489310879,0.1058691267,0.0794604693,0.1774355434,0.0264086574,-0.0715664167,0.0979750741
train:0412,0,-0.4145249426,-0.4151039999,0.0005790572,-0.0845340367,-0.0528859820,-0.1285950579,-0.1159123759,-0.0693177264,-0.1570995133,0.0845340367,0.0528859820,0.1285950579,0.0316480547,-0.0440610211,0.0757090758
train:0414,0,0.3129098415,0.3123307843,0.0005790572,-0.0041793164,-0.0706414010,-0.1543325521,-0.0355576556,-0.0870731454,-0.1828370075,0.0041793164,0.0706414010,0.1543325521,-0.0664620847,-0.1501532357,0.0836911511
train:0415,0,1.8414021730,1.8408231158,0.0005790572,-0.0580820914,-0.0808868434,-0.0799096562,-0.0894604306,-0.0973185878,-0.1084141116,0.0580820914,0.0808868434,0.0799096562,-0.0228047520,-0.0218275648,-0.0009771872
train:0419,0,1.9772578478,1.9766787905,0.0005790572,-0.0470619079,0.0537937853,0.0290786289,-0.0784402471,0.0373620410,0.0005741734,0.0470619079,0.0537937853,0.0290786289,-0.0067318775,0.0179832790,-0.0247151565
train:0425,0,1.2542315722,1.2536525149,0.0005790572,0.0722729091,-0.0111168649,0.0379668735,0.0408945699,-0.0275486093,0.0094624181,0.0722729091,0.0111168649,0.0379668735,0.0611560441,0.0343060356,0.0268500086
train:0435,0,-1.7407385111,-1.7413175683,0.0005790572,0.2396587256,0.0161532137,0.1174869798,0.2082803864,-0.0002785306,0.0889825244,0.2396587256,0.0161532137,0.1174869798,0.2235055119,0.1221717458,0.1013337661
train:0436,0,-0.0582856797,-0.0588647369,0.0005790572,-0.1384476710,-0.1350586329,-0.0369711965,-0.1698260102,-0.1514903772,-0.0654756520,0.1384476710,0.1350586329,0.0369711965,0.0033890381,0.1014764745,-0.0980874363
train:0442,0,1.6504267454,1.6498476882,0.0005790572,0.0667935733,0.0677566502,0.0494772457,0.0354152341,0.0513249058,0.0209727902,0.0667935733,0.0677566502,0.0494772457,-0.0009630769,0.0173163276,-0.0182794046
train:0446,0,-0.5063868165,-0.5069658737,0.0005790572,-0.0182076868,-0.0471633699,0.0397976302,-0.0495860260,-0.0635951143,0.0112931747,0.0182076868,0.0471633699,0.0397976302,-0.0289556831,-0.0215899434,-0.0073657397
train:0448,0,1.6944385767,1.6938595195,0.0005790572,0.2133168105,0.3790677760,0.2568358444,0.1819384713,0.3626360316,0.2283313889,0.2133168105,0.3790677760,0.2568358444,-0.1657509655,-0.0435190339,-0.1222319316
train:0450,0,0.5662899613,0.5657109041,0.0005790572,-0.0742036577,-0.0884872701,0.0156877898,-0.1055819969,-0.1049190145,-0.0128166657,0.0742036577,0.0884872701,0.0156877898,-0.0142836124,0.0585158680,-0.0727994803
train:0453,0,0.1782927811,0.1777137239,0.0005790572,0.0131230775,0.0268598471,-0.0724757947,-0.0182552617,0.0104281027,-0.1009802501,0.0131230775,0.0268598471,0.0724757947,-0.0137367696,-0.0593527172,0.0456159476
train:0462,0,-2.0783612728,-2.0789403301,0.0005790572,0.1597894553,-0.0074927833,0.0085989498,0.1284111161,-0.0239245277,-0.0199055057,0.1597894553,0.0074927833,0.0085989498,0.1522966720,0.1511905055,0.0011061665
train:0471,0,1.0278472900,1.0272682328,0.0005790572,0.0458830718,0.0216255162,0.0591241382,0.0145047326,0.0051937718,0.0306196828,0.0458830718,0.0216255162,0.0591241382,0.0242575556,-0.0132410664,0.0374986220
train:0472,0,-1.2108380795,-1.2114171367,0.0005790572,-0.2862871166,-0.1716251399,-0.0503993966,-0.3176654558,-0.1880568843,-0.0789038520,0.2862871166,0.1716251399,0.0503993966,0.1146619767,0.2358877201,-0.1212257434
train:0473,0,1.1036465168,1.1030674596,0.0005790572,0.0413766030,-0.0199503925,-0.0306343772,0.0099982638,-0.0363821368,-0.0591388326,0.0413766030,0.0199503925,0.0306343772,0.0214262105,0.0107422259,0.0106839847
train:0483,0,0.7695562243,0.7689771671,0.0005790572,0.0848445419,0.0521624062,0.0313670300,0.0534662027,0.0357306618,0.0028625746,0.0848445419,0.0521624062,0.0313670300,0.0326821357,0.0534775119,-0.0207953762
train:0487,0,-0.9616103172,-0.9621893745,0.0005790572,-0.0226206061,-0.0565481212,0.0768907331,-0.0539989453,-0.0729798656,0.0483862777,0.0226206061,0.0565481212,0.0768907331,-0.0339275151,-0.0542701270,0.0203426119
train:0488,0,-1.9450353384,-1.9456143956,0.0005790572,0.3680257920,0.5756686900,0.4230129980,0.3366474528,0.5592369456,0.3945085425,0.3680257920,0.5756686900,0.4230129980,-0.2076428980,-0.0549872059,-0.1526556920
train:0501,0,0.2400437444,0.2394646872,0.0005790572,0.3400426704,0.2123653341,0.1249273382,0.3086643312,0.1959335897,0.0964228828,0.3400426704,0.2123653341,0.1249273382,0.1276773363,0.2151153322,-0.0874379959
train:0502,0,2.3121047020,2.3115256448,0.0005790572,0.1088181857,0.0444426510,0.0377577804,0.0774398465,0.0280109067,0.0092533250,0.1088181857,0.0444426510,0.0377577804,0.0643755347,0.0710604053,-0.0066848706
train:0507,0,0.6220212579,0.6214422006,0.0005790572,-0.0979525920,-0.1040134456,-0.1505295373,-0.1293309312,-0.1204451900,-0.1790339928,0.0979525920,0.1040134456,0.1505295373,-0.0060608536,-0.0525769453,0.0465160917
train:0508,0,-1.2622686625,-1.2628477197,0.0005790572,-0.1691487905,-0.1010209348,0.0629259609,-0.2005271297,-0.1174526792,0.0344215054,0.1691487905,0.1010209348,0.0629259609,0.0681278557,0.1062228296,-0.0380949739
train:0509,0,2.7355115414,2.7349324841,0.0005790572,-0.0414475080,0.0436024640,-0.0332277752,-0.0728258472,0.0271707196,-0.0617322307,0.0414475080,0.0436024640,0.0332277752,-0.0021549560,0.0082197327,-0.0103746887
train:0523,0,1.1751692295,1.1745901723,0.0005790572,-0.3242995616,-0.2749711301,-0.3000864722,-0.3556779008,-0.2914028745,-0.3285909276,0.3242995616,0.2749711301,0.3000864722,0.0493284315,0.0242130894,0.0251153421
train:0530,0,1.9785541296,1.9779750724,0.0005790572,0.0389537934,0.0289186213,-0.0059022643,0.0075754542,0.0124868769,-0.0344067197,0.0389537934,0.0289186213,0.0059022643,0.0100351721,0.0330515291,-0.0230163570
train:0531,0,-1.9184054136,-1.9189844709,0.0005790572,0.1465003613,0.0434433196,0.0994125865,0.1151220221,0.0270115752,0.0709081311,0.1465003613,0.0434433196,0.0994125865,0.1030570418,0.0470877748,0.0559692670
train:0533,0,-1.2425993681,-1.2431784253,0.0005790572,-0.1835770484,-0.0063995149,0.0624972843,-0.2149553876,-0.0228312593,0.0339928288,0.1835770484,0.0063995149,0.0624972843,0.1771775335,0.1210797642,0.0560977694
train:0536,0,-0.8375642300,-0.8381432872,0.0005790572,0.0007265929,-0.0252707627,0.0570498370,-0.0306517463,-0.0417025070,0.0285453815,0.0007265929,0.0252707627,0.0570498370,-0.0245441698,-0.0563232441,0.0317790743
train:0537,0,2.3084824085,2.3079033513,0.0005790572,-0.0546938058,0.0478353474,0.1075493358,-0.0860721450,0.0314036031,0.0790448804,0.0546938058,0.0478353474,0.1075493358,0.0068584584,-0.0528555300,0.0597139884
train:0540,0,-0.4759926796,-0.4765717368,0.0005790572,0.0612986807,-0.1399052169,-0.0187829472,0.0299203415,-0.1563369613,-0.0472874027,0.0612986807,0.1399052169,0.0187829472,-0.0786065363,0.0425157335,-0.1211222697
train:0544,0,2.0161740780,2.0155950207,0.0005790572,-0.1665824529,-0.1222062137,-0.2333868481,-0.1979607921,-0.1386379581,-0.2618913036,0.1665824529,0.1222062137,0.2333868481,0.0443762392,-0.0668043952,0.1111806344
train:0548,0,1.7248095274,1.7242304702,0.0005790572,-0.2421501752,-0.1440011289,-0.0292972066,-0.2735285144,-0.1604328733,-0.0578016620,0.2421501752,0.1440011289,0.0292972066,0.0981490463,0.2128529687,-0.1147039224
train:0551,0,0.7806594968,0.7800804395,0.0005790572,-0.0796497341,-0.0762194421,-0.1173934080,-0.1110280733,-0.0926511865,-0.1458978634,0.0796497341,0.0762194421,0.1173934080,0.0034302920,-0.0377436738,0.0411739658
train:0552,0,-0.0840545446,-0.0846336018,0.0005790572,0.0047999371,-0.0306014668,-0.0335050561,-0.0265784021,-0.0470332112,-0.0620095115,0.0047999371,0.0306014668,0.0335050561,-0.0258015298,-0.0287051190,0.0029035892
train:0562,0,-1.7144901752,-1.7150692325,0.0005790572,-0.2049076434,-0.2064346101,-0.2597713210,-0.2362859826,-0.2228663545,-0.2882757764,0.2049076434,0.2064346101,0.2597713210,-0.0015269667,-0.0548636775,0.0533367108
train:0567,0,-1.0633236170,-1.0639026742,0.0005790572,0.4192441825,0.2845209811,0.3064798377,0.3878658433,0.2680892367,0.2779753823,0.4192441825,0.2845209811,0.3064798377,0.1347232014,0.1127643447,0.0219588567
train:0572,0,-1.0791510344,-1.0797300916,0.0005790572,0.1115998153,0.1342064116,0.2675748132,0.0802214761,0.1177746672,0.2390703578,0.1115998153,0.1342064116,0.2675748132,-0.0226065964,-0.1559749980,0.1333684016
train:0579,0,0.7714812160,0.7709021587,0.0005790572,0.3007051472,0.2917839859,0.2302529477,0.2693268080,0.2753522415,0.2017484922,0.3007051472,0.2917839859,0.2302529477,0.0089211613,0.0704521995,-0.0615310382
train:0591,0,-1.9338063002,-1.9343853574,0.0005790572,-0.0195633050,-0.0183519151,0.0524145626,-0.0509416442,-0.0347836595,0.0239101071,0.0195633050,0.0183519151,0.0524145626,0.0012113899,-0.0328512575,0.0340626474
train:0592,0,1.1809451580,1.1803661008,0.0005790572,0.0238868121,0.0138053868,-0.0845765807,-0.0074915271,-0.0026263576,-0.1130810361,0.0238868121,0.0138053868,0.0845765807,0.0100814253,-0.0606897686,0.0707711939
train:0593,-5,-15.5405235291,1.7869903428,-17.3275138718,-0.1562759790,-0.1243864360,-0.1114133372,-0.1876543182,-0.1408181804,-0.1399177926,0.1562759790,0.1243864360,0.1114133372,0.0318895429,0.0448626418,-0.0129730988
train:0600,0,-0.0513363443,-0.0519154016,0.0005790572,-0.0327900041,-0.0582519237,-0.0463190526,-0.0641683433,-0.0746836681,-0.0748235080,0.0327900041,0.0582519237,0.0463190526,-0.0254619196,-0.0135290485,-0.0119328711
train:0624,0,1.9048137665,1.9042347092,0.0005790572,-0.0594439384,0.0535740826,-0.1103211381,-0.0908222776,0.0371423383,-0.1388255935,0.0594439384,0.0535740826,0.1103211381,0.0058698557,-0.0508771997,0.0567470554
train:0626,0,-1.7125129700,-1.7130920272,0.0005790572,0.1657766227,0.1576309178,0.1472094320,0.1343982835,0.1411991734,0.1187049765,0.1657766227,0.1576309178,0.1472094320,0.0081457049,0.0185671907,-0.0104214858
train:0631,0,-1.1425108910,-1.1430899482,0.0005790572,-0.0696360942,-0.1370895531,0.0481586717,-0.1010144334,-0.1535212975,0.0196542163,0.0696360942,0.1370895531,0.0481586717,-0.0674534589,0.0214774225,-0.0889308814
train:0633,0,-2.1905317307,-2.1911107879,0.0005790572,0.0308371905,0.0385513280,0.0678409599,-0.0005411487,0.0221195836,0.0393365044,0.0308371905,0.0385513280,0.0678409599,-0.0077141374,-0.0370037694,0.0292896319
train:0639,0,1.3629910946,1.3624120374,0.0005790572,-0.0427570220,-0.0374231365,-0.0609224774,-0.0741353612,-0.0538548808,-0.0894269328,0.0427570220,0.0374231365,0.0609224774,0.0053338856,-0.0181654554,0.0234993409
train:0643,0,0.3491723537,0.3485932965,0.0005790572,-0.0353668507,0.0316201422,-0.0228041150,-0.0667451899,0.0151883979,-0.0513085704,0.0353668507,0.0316201422,0.0228041150,0.0037467085,0.0125627358,-0.0088160273
train:0646,0,-2.6998767853,-2.7004558425,0.0005790572,0.0523187045,0.0242214177,0.0424963497,0.0209403653,0.0077896733,0.0139918942,0.0523187045,0.0242214177,0.0424963497,0.0280972868,0.0098223548,0.0182749320
train:0648,0,1.4179954529,1.4174163956,0.0005790572,-0.0625575658,-0.0500201013,-0.1493477561,-0.0939359050,-0.0664518457,-0.1778522115,0.0625575658,0.0500201013,0.1493477561,0.0125374645,-0.0867901903,0.0993276548
train:0652,0,0.4506928027,0.4501137454,0.0005790572,-0.0726171311,-0.0038969245,0.0014608465,-0.1039954703,-0.0203286689,-0.0270436089,0.0726171311,0.0038969245,0.0014608465,0.0687202066,0.0711562846,-0.0024360780
train:0656,0,1.4166902304,1.4161111731,0.0005790572,-0.0044391032,-0.0491409328,0.0023154281,-0.0358174424,-0.0655726772,-0.0261890273,0.0044391032,0.0491409328,0.0023154281,-0.0447018296,0.0021236751,-0.0468255047
train:0659,0,-0.1155397668,-0.1161188241,0.0005790572,-0.0202263620,0.0859926540,-0.0028412603,-0.0516047012,0.0695609097,-0.0313457157,0.0202263620,0.0859926540,0.0028412603,-0.0657662920,0.0173851017,-0.0831513937
train:0665,0,-1.9763137102,-1.9768927675,0.0005790572,-0.0337248918,-0.1342022445,-0.1962686516,-0.0651032310,-0.1506339889,-0.2247731071,0.0337248918,0.1342022445,0.1962686516,-0.1004773527,-0.1625437599,0.0620664071
train:0669,0,0.2784121335,0.2778330762,0.0005790572,-0.4577160057,-0.4485913839,-0.4853727259,-0.4890943449,-0.4650231283,-0.5138771813,0.4577160057,0.4485913839,0.4853727259,0.0091246217,-0.0276567202,0.0367813419
train:0672,0,0.0008425756,0.0002635184,0.0005790572,-0.0575993565,-0.0129048583,0.0701407499,-0.0889776957,-0.0293366027,0.0416362944,0.0575993565,0.0129048583,0.0701407499,0.0446944982,-0.0125413933,0.0572358915
train:0674,0,0.9266340137,0.9260549564,0.0005790572,-0.0086964246,-0.0867695239,-0.0338229872,-0.0400747638,-0.1032012682,-0.0623274427,0.0086964246,0.0867695239,0.0338229872,-0.0780730993,-0.0251265626,-0.0529465366
train:0679,0,-1.2434048653,-1.2439839225,0.0005790572,0.0571055535,0.0742267344,0.1751739047,0.0257272143,0.0577949900,0.1466694493,0.0571055535,0.0742267344,0.1751739047,-0.0171211809,-0.1180683512,0.1009471703
train:0684,0,-1.5538016558,-1.5543807130,0.0005790572,0.0410435323,-0.0413346317,0.0238927864,0.0096651931,-0.0577663760,-0.0046116691,0.0410435323,0.0413346317,0.0238927864,-0.0002910994,0.0171507459,-0.0174418453
train:0686,0,0.6752663851,0.6746873278,0.0005790572,0.1090706114,0.0021883819,0.0266503952,0.0776922722,-0.0142433624,-0.0018540602,0.1090706114,0.0021883819,0.0266503952,0.1068822294,0.0824202161,0.0244620133
train:0700,0,0.8332591057,0.8326800484,0.0005790572,0.3569343213,0.1725864384,0.2138064168,0.3255559821,0.1561546941,0.1853019614,0.3569343213,0.1725864384,0.2138064168,0.1843478829,0.1431279045,0.0412199784
train:0701,0,3.1416707039,3.1410916466,0.0005790572,0.1171587828,-0.0215394523,-0.0423425175,0.0857804436,-0.0379711967,-0.0708469730,0.1171587828,0.0215394523,0.0423425175,0.0956193305,0.0748162653,0.0208030652
train:0703,0,0.4733085334,0.4727294762,0.0005790572,0.0181864623,0.0520103250,-0.0789378919,-0.0131918769,0.0355785806,-0.1074423473,0.0181864623,0.0520103250,0.0789378919,-0.0338238627,-0.0607514296,0.0269275669
train:0705,0,-0.5327754617,-0.5333545189,0.0005790572,-0.2266845282,-0.0885018732,-0.0867208578,-0.2580628674,-0.1049336176,-0.1152253132,0.2266845282,0.0885018732,0.0867208578,0.1381826550,0.1399636705,-0.0017810155
train:0712,0,-0.7979788184,-0.7985578757,0.0005790572,0.1440304641,0.0939714286,0.0975244306,0.1126521249,0.0775396843,0.0690199752,0.1440304641,0.0939714286,0.0975244306,0.0500590354,0.0465060335,0.0035530020
train:0718,0,0.3455254734,0.3449464161,0.0005790572,-0.0348214384,0.0533220742,-0.0006947555,-0.0661997776,0.0368903298,-0.0291992109,0.0348214384,0.0533220742,0.0006947555,-0.0185006358,0.0341266830,-0.0526273187
train:0719,0,1.4717054367,1.4711263795,0.0005790572,0.0302732114,0.0389802430,-0.0474053361,-0.0011051278,0.0225484986,-0.0759097915,0.0302732114,0.0389802430,0.0474053361,-0.0087070316,-0.0171321247,0.0084250931
train:0721,0,0.7605077624,0.7599287052,0.0005790572,-0.0063464519,-0.0464501407,0.0365814827,-0.0377247911,-0.0628818851,0.0080770273,0.0063464519,0.0464501407,0.0365814827,-0.0401036888,-0.0302350309,-0.0098686580
train:0725,0,-0.2715537250,-0.2721327822,0.0005790572,-0.0773948904,0.0359083984,0.0698261224,-0.1087732296,0.0194766540,0.0413216669,0.0773948904,0.0359083984,0.0698261224,0.0414864920,0.0075687680,0.0339177240
train:0729,0,1.9353734255,1.9347943682,0.0005790572,-0.0066983577,-0.0311343696,-0.0802190043,-0.0380766969,-0.0475661140,-0.1087234597,0.0066983577,0.0311343696,0.0802190043,-0.0244360119,-0.0735206466,0.0490846347
train:0734,0,0.8481232524,0.8475441952,0.0005790572,0.0714571599,0.0813915703,0.0959970616,0.0400788207,0.0649598260,0.0674926061,0.0714571599,0.0813915703,0.0959970616,-0.0099344105,-0.0245399017,0.0146054912
train:0746,0,0.0902603567,0.0896812994,0.0005790572,-0.0105073031,-0.0280620780,-0.0700007714,-0.0418856423,-0.0444938224,-0.0985052269,0.0105073031,0.0280620780,0.0700007714,-0.0175547749,-0.0594934683,0.0419386934
train:0747,0,-0.3120828569,-0.3126619141,0.0005790572,-0.1817286115,-0.1515545573,-0.0675280578,-0.2131069507,-0.1679863017,-0.0960325133,0.1817286115,0.1515545573,0.0675280578,0.0301740542,0.1142005537,-0.0840264995
train:0752,0,2.0448420048,2.0442629475,0.0005790572,-0.0588778135,-0.0272340801,-0.0501368977,-0.0902561527,-0.0436658244,-0.0786413532,0.0588778135,0.0272340801,0.0501368977,0.0316437334,0.0087409157,0.0229028176
train:0754,0,-2.5792784691,-2.5798575263,0.0005790572,-0.0942796346,-0.0399508502,0.0715629123,-0.1256579738,-0.0563825946,0.0430584569,0.0942796346,0.0399508502,0.0715629123,0.0543287843,0.0227167223,0.0316120621
train:0760,0,0.4960182607,0.4954392035,0.0005790572,-0.1399042782,-0.1390597548,-0.0755451359,-0.1712826174,-0.1554914992,-0.1040495913,0.1399042782,0.1390597548,0.0755451359,0.0008445233,0.0643591423,-0.0635146190
train:0764,0,1.2497484684,1.2491694112,0.0005790572,0.0312928084,0.0521938775,-0.0412498452,-0.0000855308,0.0357621331,-0.0697543006,0.0312928084,0.0521938775,0.0412498452,-0.0209010690,-0.0099570368,-0.0109440323
train:0767,0,2.7515017986,2.7509227414,0.0005790572,-0.0193329927,-0.0055146244,-0.0127552487,-0.0507113319,-0.0219463687,-0.0412597041,0.0193329927,0.0055146244,0.0127552487,0.0138183683,0.0065777440,0.0072406243
train:0769,0,-1.5350707769,-1.5356498342,0.0005790572,-0.0313086387,0.0410059664,-0.0114603974,-0.0626869779,0.0245742221,-0.0399648528,0.0313086387,0.0410059664,0.0114603974,-0.0096973277,0.0198482413,-0.0295455690
train:0770,0,-3.7436060905,-3.7441851478,0.0005790572,-0.0835109826,0.0688486073,0.1104496978,-0.1148893218,0.0524168629,0.0819452424,0.0835109826,0.0688486073,0.1104496978,0.0146623753,-0.0269387152,0.0416010905
train:0771,0,-1.6735403538,-1.6741194110,0.0005790572,0.0162644509,0.1421616051,0.1575268768,-0.0151138883,0.1257298608,0.1290224213,0.0162644509,0.1421616051,0.1575268768,-0.1258971542,-0.1412624259,0.0153652717
train:0774,0,0.2224946171,0.2219155599,0.0005790572,-0.0423163202,-0.1390544649,-0.2222989984,-0.0736946594,-0.1554862093,-0.2508034538,0.0423163202,0.1390544649,0.2222989984,-0.0967381448,-0.1799826782,0.0832445335
train:0789,0,0.7043455243,0.7037664671,0.0005790572,-0.0561188933,-0.0312938716,-0.0352449752,-0.0874972325,-0.0477256160,-0.0637494307,0.0561188933,0.0312938716,0.0352449752,0.0248250216,0.0208739180,0.0039511036
train:0793,0,0.3097774386,0.3091983814,0.0005790572,0.1642133120,-0.1061778095,-0.1122059561,0.1328349728,-0.1226095538,-0.1407104116,0.1642133120,0.1061778095,0.1122059561,0.0580355026,0.0520073559,0.0060281467
train:0794,0,1.0407416821,1.0401626248,0.0005790572,0.0131597642,0.0810630891,-0.0130322911,-0.0182185750,0.0646313448,-0.0415367465,0.0131597642,0.0810630891,0.0130322911,-0.0679033250,0.0001274731,-0.0680307981
train:0796,0,1.7547885180,1.7542094607,0.0005790572,0.1175454978,0.0961726878,0.0474084876,0.0861671586,0.0797409434,0.0189040322,0.1175454978,0.0961726878,0.0474084876,0.0213728100,0.0701370101,-0.0487642001
train:0798,0,0.1428301334,0.1422510762,0.0005790572,0.0612543050,0.0192589734,-0.0054580756,0.0298759658,0.0028272290,-0.0339625310,0.0612543050,0.0192589734,0.0054580756,0.0419953316,0.0557962295,-0.0138008978
train:0802,0,-1.9525911808,-1.9531702380,0.0005790572,0.0175113801,-0.0965818193,-0.0117857195,-0.0138669591,-0.1130135637,-0.0402901750,0.0175113801,0.0965818193,0.0117857195,-0.0790704392,0.0057256605,-0.0847960997
train:0804,0,0.1382925808,0.1377135236,0.0005790572,0.1372810092,0.1793917615,0.2024858855,0.1059026700,0.1629600171,0.1739814300,0.1372810092,0.1793917615,0.2024858855,-0.0421107523,-0.0652048763,0.0230941240
train:0806,0,2.4645354748,2.4639564175,0.0005790572,0.0781244162,0.0835947964,0.0809556507,0.0467460770,0.0671630521,0.0524511952,0.0781244162,0.0835947964,0.0809556507,-0.0054703802,-0.0028312344,-0.0026391458
train:0808,0,0.6172079444,0.6166288872,0.0005790572,0.0611659411,0.1338165972,0.0195862316,0.0297876019,0.1173848529,-0.0089182239,0.0611659411,0.1338165972,0.0195862316,-0.0726506561,0.0415797096,-0.1142303657
train:0814,0,2.5544703007,2.5538912434,0.0005790572,0.0016633395,-0.0508873489,-0.1292842366,-0.0297149997,-0.0673190932,-0.1577886920,0.0016633395,0.0508873489,0.1292842366,-0.0492240094,-0.1276208971,0.0783968877
train:0822,0,1.7329496145,1.7323705573,0.0005790572,0.0186168078,0.0941895220,0.0241221450,-0.0127615314,0.0777577777,-0.0043823104,0.0186168078,0.0941895220,0.0241221450,-0.0755727142,-0.0055053372,-0.0700673770
train:0828,0,2.1798660755,2.1792870183,0.0005790572,0.1412245158,0.1710438702,0.1405774616,0.1098461766,0.1546121259,0.1120730061,0.1412245158,0.1710438702,0.1405774616,-0.0298193544,0.0006470542,-0.0304664086
train:0830,0,-1.5921416283,-1.5927206855,0.0005790572,-0.0668743726,-0.0267703559,-0.0842029788,-0.0982527118,-0.0432021003,-0.1127074342,0.0668743726,0.0267703559,0.0842029788,0.0401040167,-0.0173286062,0.0574326228
train:0843,0,-0.2293595374,-0.2299385946,0.0005790572,-0.0105996009,-0.0183127251,-0.0636446215,-0.0419779401,-0.0347444694,-0.0921490770,0.0105996009,0.0183127251,0.0636446215,-0.0077131242,-0.0530450206,0.0453318965
train:0856,0,-0.0141936289,-0.0147726862,0.0005790572,-0.0579317359,-0.1103030888,-0.0928334827,-0.0893100751,-0.1267348332,-0.1213379381,0.0579317359,0.1103030888,0.0928334827,-0.0523713529,-0.0349017467,-0.0174696062
train:0858,0,-3.3387982845,-3.3393773418,0.0005790572,-0.1496358987,-0.1527423885,-0.1855066754,-0.1810142379,-0.1691741328,-0.2140111308,0.1496358987,0.1527423885,0.1855066754,-0.0031064898,-0.0358707767,0.0327642869
train:0862,0,0.9443345070,0.9437554497,0.0005790572,0.0524680141,0.0204712722,-0.0918431021,0.0210896749,0.0040395279,-0.1203475576,0.0524680141,0.0204712722,0.0918431021,0.0319967419,-0.0393750880,0.0713718299
train:0872,0,-1.4985474348,-1.4991264920,0.0005790572,-0.4693725582,-0.3992693450,-0.3089656569,-0.5007508974,-0.4157010894,-0.3374701123,0.4693725582,0.3992693450,0.3089656569,0.0701032132,0.1604069013,-0.0903036881
train:0873,0,1.6158579588,1.6152789016,0.0005790572,0.0705537919,-0.0115565088,0.0396459363,0.0391754527,-0.0279882531,0.0111414809,0.0705537919,0.0115565088,0.0396459363,0.0589972831,0.0309078555,0.0280894276
train:0875,0,2.3853042126,2.3847251553,0.0005790572,0.0866457347,0.0512971852,0.0038839839,0.0552673955,0.0348654408,-0.0246204715,0.0866457347,0.0512971852,0.0038839839,0.0353485495,0.0827617507,-0.0474132012
train:0885,0,-3.5200793743,-3.5206584316,0.0005790572,-0.0499867078,-0.2337431934,-0.1390226819,-0.0813650470,-0.2501749377,-0.1675271373,0.0499867078,0.2337431934,0.1390226819,-0.1837564856,-0.0890359741,-0.0947205115
train:0891,0,2.0335264206,2.0329473634,0.0005790572,-0.1186872598,-0.1658747222,-0.1875406243,-0.1500655990,-0.1823064666,-0.2160450797,0.1186872598,0.1658747222,0.1875406243,-0.0471874624,-0.0688533645,0.0216659021
train:0893,0,0.6084220409,0.6078429837,0.0005790572,0.1489266578,0.1503431473,0.1017375253,0.1175483186,0.1339114029,0.0732330699,0.1489266578,0.1503431473,0.1017375253,-0.0014164895,0.0471891325,-0.0486056220
train:0905,0,-1.9387621880,-1.9393412452,0.0005790572,-0.1338498470,-0.0449407127,-0.1654309966,-0.1652281862,-0.0613724570,-0.1939354520,0.1338498470,0.0449407127,0.1654309966,0.0889091343,-0.0315811496,0.1204902839
train:0909,-1,-5.3451380730,-1.8800985444,-3.4650395286,-0.3047199372,-0.3202506576,-0.3046553120,-0.3360982764,-0.3366824019,-0.3331597674,0.3047199372,0.3202506576,0.3046553120,-0.0155307204,0.0000646252,-0.0155953456
train:0914,0,-0.2155901641,-0.2161692213,0.0005790572,-0.1674536046,-0.0741684612,-0.0771832652,-0.1988319438,-0.0906002056,-0.1056877207,0.1674536046,0.0741684612,0.0771832652,0.0932851434,0.0902703393,0.0030148040
train:0916,0,-0.6318063140,-0.6323853712,0.0005790572,0.0666320447,0.0016357277,0.0911144279,0.0352537055,-0.0147960167,0.0626099725,0.0666320447,0.0016357277,0.0911144279,0.0649963170,-0.0244823832,0.0894787002
train:0919,0,-2.9953417778,-2.9959208350,0.0005790572,-0.0767308351,-0.2438745525,-0.1442533471,-0.1081091743,-0.2603062968,-0.1727578025,0.0767308351,0.2438745525,0.1442533471,-0.1671437174,-0.0675225120,-0.0996212054
train:0923,0,-2.0375220776,-2.0381011348,0.0005790572,-0.2584465619,-0.3370710638,-0.2087852694,-0.2898249011,-0.3535028081,-0.2372897248,0.2584465619,0.3370710638,0.2087852694,-0.0786245018,0.0496612925,-0.1282857943
train:0928,0,2.2513942719,2.2508152146,0.0005790572,-0.0647488710,-0.0035760429,-0.0555258729,-0.0961272102,-0.0200077873,-0.0840303283,0.0647488710,0.0035760429,0.0555258729,0.0611728281,0.0092229981,0.0519498300
train:0934,0,-0.0598455667,-0.0604246240,0.0005790572,0.6445660118,0.2592473898,0.4386617206,0.6131876726,0.2428156454,0.4101572652,0.6445660118,0.2592473898,0.4386617206,0.3853186220,0.2059042912,0.1794143308
train:0936,0,1.7909017801,1.7903227229,0.0005790572,0.0341242675,0.0569398377,0.0092450641,0.0027459283,0.0405080933,-0.0192593913,0.0341242675,0.0569398377,0.0092450641,-0.0228155702,0.0248792034,-0.0476947736
train:0939,0,-0.0050996421,-0.0056786993,0.0005790572,0.0539083501,0.1120473167,-0.0208571171,0.0225300109,0.0956155723,-0.0493615726,0.0539083501,0.1120473167,0.0208571171,-0.0581389666,0.0330512330,-0.0911901995
train:0940,0,1.8829351664,1.8823561091,0.0005790572,0.0471252326,0.0866066191,0.0306829475,0.0157468934,0.0701748748,0.0021784920,0.0471252326,0.0866066191,0.0306829475,-0.0394813865,0.0164422851,-0.0559236716
train:0942,-1,-3.7410819530,-0.2760424245,-3.4650395286,0.0733052071,0.0920650687,0.0176733151,0.0419268679,0.0756333243,-0.0108311403,0.0733052071,0.0920650687,0.0176733151,-0.0187598616,0.0556318920,-0.0743917536
train:0946,0,-1.9671732187,-1.9677522760,0.0005790572,-0.2362947341,0.0288971636,0.1174748205,-0.2676730733,0.0124654193,0.0889703650,0.2362947341,0.0288971636,0.1174748205,0.2073975705,0.1188199136,0.0885776568
train:0952,0,0.8655314445,0.8649523873,0.0005790572,0.0935481910,0.0464436386,0.0188854598,0.0621698518,0.0300118942,-0.0096189957,0.0935481910,0.0464436386,0.0188854598,0.0471045524,0.0746627312,-0.0275581788
train:0954,0,-1.2234722376,-1.2240512948,0.0005790572,-0.0777279016,0.0292159293,0.0507314466,-0.1091062408,0.0127841849,0.0222269912,0.0777279016,0.0292159293,0.0507314466,0.0485119723,0.0269964550,0.0215155173
train:0957,0,-0.6931995749,-0.6937786322,0.0005790572,-0.0588726278,-0.0530627992,0.1321634911,-0.0902509670,-0.0694945436,0.1036590357,0.0588726278,0.0530627992,0.1321634911,0.0058098286,-0.0732908633,0.0791006919
train:0967,0,0.6090074778,0.6084284205,0.0005790572,-0.0071074244,-0.0184870388,0.0080182217,-0.0384857636,-0.0349187832,-0.0204862337,0.0071074244,0.0184870388,0.0080182217,-0.0113796145,-0.0009107973,-0.0104688171
train:0970,0,2.0217380524,2.0211589951,0.0005790572,-0.0983046170,-0.0167868164,-0.0247617699,-0.1296829562,-0.0332185607,-0.0532662254,0.0983046170,0.0167868164,0.0247617699,0.0815178007,0.0735428471,0.0079749536
train:0985,0,2.5786144733,2.5780354161,0.0005790572,0.0066028956,0.0235414479,-0.0395031907,-0.0247754436,0.0071097035,-0.0680076461,0.0066028956,0.0235414479,0.0395031907,-0.0169385523,-0.0329002950,0.0159617428
train:0996,0,-1.3507822752,-1.3513613324,0.0005790572,-0.2753295776,-0.2770228412,-0.1627953984,-0.3067079168,-0.2934545856,-0.1912998538,0.2753295776,0.2770228412,0.1627953984,-0.0016932636,0.1125341792,-0.1142274428
train:0998,0,0.4423989356,0.4418198783,0.0005790572,-0.0148575183,-0.0734275308,-0.0371526517,-0.0462358575,-0.0898592751,-0.0656571071,0.0148575183,0.0734275308,0.0371526517,-0.0585700125,-0.0222951334,-0.0362748791
train:1005,0,-2.1453905106,-2.1459695678,0.0005790572,0.0020624522,-0.0195868041,0.1663035415,-0.0293158870,-0.0360185485,0.1377990861,0.0020624522,0.0195868041,0.1663035415,-0.0175243519,-0.1642410893,0.1467167374
train:1011,0,-0.0079795998,-0.0085586570,0.0005790572,-0.0044149615,0.0292202674,0.0630399715,-0.0357933007,0.0127885230,0.0345355161,0.0044149615,0.0292202674,0.0630399715,-0.0248053059,-0.0586250100,0.0338197041
train:1014,0,1.1293330193,1.1287539620,0.0005790572,-0.0201873656,0.1502870891,-0.0087766387,-0.0515657048,0.1338553447,-0.0372810941,0.0201873656,0.1502870891,0.0087766387,-0.1300997235,0.0114107270,-0.1415104505
train:1032,0,-0.9788387418,-0.9794177990,0.0005790572,0.0806738857,0.0911306713,0.0268289708,0.0492955465,0.0746989269,-0.0016754847,0.0806738857,0.0911306713,0.0268289708,-0.0104567856,0.0538449149,-0.0643017005
train:1039,0,1.1610723734,1.1604933162,0.0005790572,0.0926020268,0.0061460707,0.1475008987,0.0612236876,-0.0102856736,0.1189964432,0.0926020268,0.0061460707,0.1475008987,0.0864559561,-0.0548988719,0.1413548280
train:1043,0,2.1213643551,2.1207852978,0.0005790572,0.0354975585,0.0801877949,0.0721811317,0.0041192193,0.0637560506,0.0436766763,0.0354975585,0.0801877949,0.0721811317,-0.0446902364,-0.0366835732,-0.0080066632
train:1048,0,-0.3808020055,-0.3813810628,0.0005790572,0.0018875126,-0.0782356586,0.0444177352,-0.0294908266,-0.0946674030,0.0159132797,0.0018875126,0.0782356586,0.0444177352,-0.0763481461,-0.0425302226,-0.0338179234
train:1049,0,-2.4369444847,-2.4375235419,0.0005790572,0.1421209697,0.0413062546,0.2185935043,0.1107426305,0.0248745103,0.1900890488,0.1421209697,0.0413062546,0.2185935043,0.1008147150,-0.0764725346,0.1772872496
train:1053,0,0.4263184369,0.4257393796,0.0005790572,-0.0301843163,-0.0438761737,-0.0369278230,-0.0615626555,-0.0603079181,-0.0654322784,0.0301843163,0.0438761737,0.0369278230,-0.0136918575,-0.0067435067,-0.0069483508
train:1057,0,-0.0870182514,-0.0875973087,0.0005790572,0.0898234669,0.0299278546,0.0298621170,0.0584451277,0.0134961102,0.0013576616,0.0898234669,0.0299278546,0.0298621170,0.0598956123,0.0599613499,-0.0000657376
train:1062,0,0.3316640556,0.3310849983,0.0005790572,-0.5203321751,-0.1600815978,-0.2437850274,-0.5517105143,-0.1765133422,-0.2722894829,0.5203321751,0.1600815978,0.2437850274,0.3602505773,0.2765471477,0.0837034296
train:1069,0,-0.7954422235,-0.7960212808,0.0005790572,-0.1032733198,-0.1068038371,-0.0919131376,-0.1346516590,-0.1232355814,-0.1204175930,0.1032733198,0.1068038371,0.0919131376,-0.0035305172,0.0113601822,-0.0148906995
train:1085,0,2.4417753220,2.4411962647,0.0005790572,0.0292679194,0.0627152894,0.0264438652,-0.0021104198,0.0462835450,-0.0020605903,0.0292679194,0.0627152894,0.0264438652,-0.0334473699,0.0028240543,-0.0362714242
train:1086,0,0.4054135382,0.4048344810,0.0005790572,-0.1746162947,-0.1690526333,-0.1711852588,-0.2059946339,-0.1854843776,-0.1996897142,0.1746162947,0.1690526333,0.1711852588,0.0055636615,0.0034310360,0.0021326255
train:1087,0,-0.8436836004,-0.8442626577,0.0005790572,-0.0904925939,-0.1726583865,-0.0849497057,-0.1218709331,-0.1890901308,-0.1134541612,0.0904925939,0.1726583865,0.0849497057,-0.0821657926,0.0055428881,-0.0877086807
train:1091,0,1.2345454693,1.2339664120,0.0005790572,-0.0452688810,0.0318094466,-0.0166938044,-0.0766472202,0.0153777022,-0.0451982599,0.0452688810,0.0318094466,0.0166938044,0.0134594344,0.0285750765,-0.0151156422
train:1096,0,2.0896227360,2.0890436787,0.0005790572,0.0572298888,0.0923640702,-0.0129300095,0.0258515496,0.0759323258,-0.0414344650,0.0572298888,0.0923640702,0.0129300095,-0.0351341814,0.0442998793,-0.0794340607
train:1097,0,2.4405407906,2.4399617333,0.0005790572,0.0475658301,0.0060517762,-0.0162676312,0.0161874909,-0.0103799682,-0.0447720866,0.0475658301,0.0060517762,0.0162676312,0.0415140539,0.0312981989,0.0102158550
train:1106,0,1.6084201336,1.6078410764,0.0005790572,0.0407935504,0.1007635567,0.0254942439,0.0094152112,0.0843318124,-0.0030102115,0.0407935504,0.1007635567,0.0254942439,-0.0599700063,0.0152993064,-0.0752693128
train:1109,0,-1.4795677662,-1.4801468234,0.0005790572,0.0318743113,0.0317385171,0.0154601596,0.0004959721,0.0153067727,-0.0130442958,0.0318743113,0.0317385171,0.0154601596,0.0001357943,0.0164141517,-0.0162783574
train:1112,0,0.6703935862,0.6698145289,0.0005790572,0.0988950256,0.2536063764,0.1778037809,0.0675166864,0.2371746321,0.1492993254,0.0988950256,0.2536063764,0.1778037809,-0.1547113508,-0.0789087553,-0.0758025955
train:1123,0,-4.5039796829,-4.5045587402,0.0005790572,-0.2797061082,-0.1841232803,-0.1496649720,-0.3110844474,-0.2005550246,-0.1781694274,0.2797061082,0.1841232803,0.1496649720,0.0955828279,0.1300411362,-0.0344583083
train:1125,0,1.8814158440,1.8808367867,0.0005790572,0.0279497031,0.0362923119,-0.0058321692,-0.0034286361,0.0198605675,-0.0343366246,0.0279497031,0.0362923119,0.0058321692,-0.0083426088,0.0221175339,-0.0304601427
train:1129,0,-1.4906969070,-1.4912759643,0.0005790572,0.1185834531,-0.1401832130,-0.1387605406,0.0872051139,-0.1566149574,-0.1672649961,0.1185834531,0.1401832130,0.1387605406,-0.0215997599,-0.0201770876,-0.0014226724
train:1132,0,1.4527385235,1.4521594662,0.0005790572,-0.1291768428,-0.1592546728,-0.0653669573,-0.1605551820,-0.1756864171,-0.0938714128,0.1291768428,0.1592546728,0.0653669573,-0.0300778300,0.0638098855,-0.0938877154
train:1133,0,-0.1368901432,-0.1374692004,0.0005790572,-0.1782719445,-0.0140706401,-0.0041785873,-0.2096502837,-0.0305023845,-0.0326830428,0.1782719445,0.0140706401,0.0041785873,0.1642013043,0.1740933571,-0.0098920528
train:1135,0,2.3274877071,2.3269086499,0.0005790572,-0.0307479974,-0.0776014354,-0.0484286286,-0.0621263366,-0.0940331798,-0.0769330840,0.0307479974,0.0776014354,0.0484286286,-0.0468534380,-0.0176806312,-0.0291728068
train:1136,0,-0.5823496580,-0.5829287153,0.0005790572,0.0872830871,0.0434829567,0.1089571975,0.0559047479,0.0270512123,0.0804527421,0.0872830871,0.0434829567,0.1089571975,0.0438001305,-0.0216741104,0.0654742409
train:1137,0,1.1241371632,1.1235581059,0.0005790572,0.0569658402,0.0635292504,0.1188564561,0.0255875010,0.0470975060,0.0903520007,0.0569658402,0.0635292504,0.1188564561,-0.0065634102,-0.0618906159,0.0553272057
train:1149,0,2.0419087410,2.0413296838,0.0005790572,0.0686315421,0.0212218735,0.0398115180,0.0372532029,0.0047901292,0.0113070626,0.0686315421,0.0212218735,0.0398115180,0.0474096686,0.0288200240,0.0185896445
train:1158,0,2.5620954037,2.5615163464,0.0005790572,-0.3688925382,-0.4599185016,-0.5030263402,-0.4002708774,-0.4763502460,-0.5315307956,0.3688925382,0.4599185016,0.5030263402,-0.0910259634,-0.1341338020,0.0431078385
train:1164,0,2.8004710674,2.7998920102,0.0005790572,-0.0206335660,0.0131363843,-0.0146978833,-0.0520119052,-0.0032953601,-0.0432023387,0.0206335660,0.0131363843,0.0146978833,0.0074971818,0.0059356827,0.0015614990
train:1170,0,0.7790292501,0.7784501929,0.0005790572,0.1154088501,-0.0423724081,-0.0600556470,0.0840305109,-0.0588041525,-0.0885601025,0.1154088501,0.0423724081,0.0600556470,0.0730364419,0.0553532030,0.0176832389
train:1172,0,-1.4941611290,-1.4947401862,0.0005790572,-0.0817382213,-0.0717866447,-0.0177010037,-0.1131165605,-0.0882183891,-0.0462054591,0.0817382213,0.0717866447,0.0177010037,0.0099515766,0.0640372176,-0.0540856410
train:1182,0,1.9432430267,1.9426639695,0.0005790572,0.0587589864,0.0399283145,0.0567024015,0.0273806472,0.0234965701,0.0281979460,0.0587589864,0.0399283145,0.0567024015,0.0188306719,0.0020565849,0.0167740870
train:1183,0,1.8339061737,1.8333271165,0.0005790572,0.0592501286,0.1005825970,0.0345847867,0.0278717894,0.0841508527,0.0060803313,0.0592501286,0.1005825970,0.0345847867,-0.0413324684,0.0246653419,-0.0659978103
train:1199,0,1.2203133106,1.2197342534,0.0005790572,0.0093621138,0.0720295880,0.0688693784,-0.0220162254,0.0555978436,0.0403649230,0.0093621138,0.0720295880,0.0688693784,-0.0626674742,-0.0595072646,-0.0031602096
train:1201,0,0.1257988662,0.1252198089,0.0005790572,-0.0829300311,-0.0958889898,-0.1058963425,-0.1143083703,-0.1123207342,-0.1344007980,0.0829300311,0.0958889898,0.1058963425,-0.0129589587,-0.0229663115,0.0100073527
train:1202,0,2.2620296478,2.2614505906,0.0005790572,0.0491343860,-0.0128448036,0.0363253616,0.0177560467,-0.0292765479,0.0078209061,0.0491343860,0.0128448036,0.0363253616,0.0362895824,0.0128090244,0.0234805580
train:1206,0,-2.6569750309,-2.6575540881,0.0005790572,-0.6428265449,-0.6664261844,-0.8690660931,-0.6742048841,-0.6828579288,-0.8975705486,0.6428265449,0.6664261844,0.8690660931,-0.0235996395,-0.2262395482,0.2026399087
train:1209,0,-3.8434205055,-3.8439995628,0.0005790572,0.0570908908,0.1213157151,0.5188173316,0.0257125516,0.1048839707,0.4903128762,0.0570908908,0.1213157151,0.5188173316,-0.0642248243,-0.4617264409,0.3975016166
train:1211,0,-1.6436899900,-1.6442690473,0.0005790572,0.0564975861,-0.0735465314,-0.0022276379,0.0251192469,-0.0899782758,-0.0307320934,0.0564975861,0.0735465314,0.0022276379,-0.0170489453,0.0542699482,-0.0713188935
train:1217,0,-1.3443522453,-1.3449313026,0.0005790572,0.0275378350,0.1213004563,0.1412291788,-0.0038405042,0.1048687119,0.1127247233,0.0275378350,0.1213004563,0.1412291788,-0.0937626213,-0.1136913437,0.0199287225
train:1220,0,1.1486281157,1.1480490584,0.0005790572,-0.0642394897,-0.0317095544,-0.0726669766,-0.0956178289,-0.0481412988,-0.1011714320,0.0642394897,0.0317095544,0.0726669766,0.0325299352,-0.0084274869,0.0409574222
train:1222,0,-2.4987728596,-2.4993519168,0.0005790572,0.2527226332,0.1278312180,0.1119424365,0.2213442940,0.1113994736,0.0834379811,0.2527226332,0.1278312180,0.1119424365,0.1248914152,0.1407801967,-0.0158887815
train:1223,0,0.4880653620,0.4874863047,0.0005790572,0.0986670080,0.0565214131,0.1799099706,0.0672886688,0.0400896687,0.1514055152,0.0986670080,0.0565214131,0.1799099706,0.0421455950,-0.0812429626,0.1233885575
train:1226,0,-0.6982063055,-0.6987853627,0.0005790572,-0.0785594460,-0.0893312719,-0.0154633261,-0.1099377852,-0.1057630162,-0.0439677816,0.0785594460,0.0893312719,0.0154633261,-0.0107718259,0.0630961198,-0.0738679458
train:1234,0,0.2510952055,0.2505161483,0.0005790572,-0.0852339443,-0.1679128733,0.0607344620,-0.1166122835,-0.1843446176,0.0322300066,0.0852339443,0.1679128733,0.0607344620,-0.0826789290,0.0244994823,-0.1071784113
train:1235,0,0.5226115584,0.5220325012,0.0005790572,0.0446195129,0.0835840974,0.0546407364,0.0132411737,0.0671523530,0.0261362810,0.0446195129,0.0835840974,0.0546407364,-0.0389645845,-0.0100212235,-0.0289433610
train:1236,0,1.9877643585,1.9871853013,0.0005790572,0.0129474524,0.0581740115,0.0326100849,-0.0184308868,0.0417422671,0.0041056294,0.0129474524,0.0581740115,0.0326100849,-0.0452265590,-0.0196626324,-0.0255639266
train:1242,0,1.2763000727,1.2757210154,0.0005790572,0.0179646138,-0.0122624662,-0.0154406764,-0.0134137254,-0.0286942106,-0.0439451318,0.0179646138,0.0122624662,0.0154406764,0.0057021476,0.0025239374,0.0031782102
train:1245,0,-0.1626341194,-0.1632131766,0.0005790572,0.0013608608,0.0258382086,-0.0052213408,-0.0300174784,0.0094064642,-0.0337257962,0.0013608608,0.0258382086,0.0052213408,-0.0244773477,-0.0038604800,-0.0206168678
train:1251,0,2.7530007362,2.7524216790,0.0005790572,0.0513998393,0.0227029297,0.0050541423,0.0200215001,0.0062711854,-0.0234503131,0.0513998393,0.0227029297,0.0050541423,0.0286969095,0.0463456970,-0.0176487874
train:1252,0,1.1226105690,1.1220315118,0.0005790572,-0.0171668407,0.0505700085,0.0736972354,-0.0485451799,0.0341382642,0.0451927800,0.0171668407,0.0505700085,0.0736972354,-0.0334031679,-0.0565303948,0.0231272269
train:1254,0,0.2646961808,0.2641171236,0.0005790572,-0.0920980748,-0.0167055156,-0.0284297802,-0.1234764140,-0.0331372600,-0.0569342356,0.0920980748,0.0167055156,0.0284297802,0.0753925592,0.0636682946,0.0117242645
train:1255,0,1.9217083454,1.9211292882,0.0005790572,0.0139174584,0.0105245087,-0.0091414191,-0.0174608808,-0.0059072356,-0.0376458745,0.0139174584,0.0105245087,0.0091414191,0.0033929497,0.0047760393,-0.0013830896
train:1261,0,1.3289787769,1.3283997197,0.0005790572,-0.6132585879,-0.6193296935,-0.4384834506,-0.6446369272,-0.6357614379,-0.4669879060,0.6132585879,0.6193296935,0.4384834506,-0.0060711056,0.1747751374,-0.1808462430
train:1262,0,-0.7408145666,-0.7413936239,0.0005790572,0.0034587506,0.0222126815,0.0834788345,-0.0279195886,0.0057809372,0.0549743790,0.0034587506,0.0222126815,0.0834788345,-0.0187539309,-0.0800200839,0.0612661529
train:1266,0,0.6909763813,0.6903973241,0.0005790572,-0.1364282843,-0.1309749510,-0.0924184062,-0.1678066235,-0.1474066954,-0.1209228616,0.1364282843,0.1309749510,0.0924184062,0.0054533333,0.0440098781,-0.0385565449
train:1270,0,-0.2880156934,-0.2885947507,0.0005790572,0.0359388713,-0.0424200025,-0.1357031949,0.0045605321,-0.0588517468,-0.1642076503,0.0359388713,0.0424200025,0.1357031949,-0.0064811312,-0.0997643236,0.0932831924
train:1271,0,-2.5127475262,-2.5133265834,0.0005790572,-0.0866545316,-0.1650104549,-0.0643151738,-0.1180328708,-0.1814421993,-0.0928196292,0.0866545316,0.1650104549,0.0643151738,-0.0783559233,0.0223393578,-0.1006952811
train:1272,0,3.1058070660,3.1052280087,0.0005790572,0.0538314704,0.0489134762,0.0131408237,0.0224531312,0.0324817319,-0.0153636317,0.0538314704,0.0489134762,0.0131408237,0.0049179941,0.0406906467,-0.0357726525
train:1275,0,1.8285739422,1.8279948849,0.0005790572,0.2500668887,0.1016361687,0.1236503385,0.2186885495,0.0852044244,0.0951458831,0.2500668887,0.1016361687,0.1236503385,0.1484307200,0.1264165502,0.0220141698
train:1285,0,0.2461865842,0.2456075270,0.0005790572,-0.5942610677,-0.5864624705,-0.8570836820,-0.6256394069,-0.6028942149,-0.8855881374,0.5942610677,0.5864624705,0.8570836820,0.0077985972,-0.2628226142,0.2706212114
train:1286,0,-0.6553778052,-0.6559568625,0.0005790572,-0.0925153371,-0.1801503327,-0.1185281612,-0.1238936763,-0.1965820770,-0.1470326166,0.0925153371,0.1801503327,0.1185281612,-0.0876349956,-0.0260128241,-0.0616221715
train:1294,0,0.7041792870,0.7036002297,0.0005790572,-0.1283661004,-0.2335333254,-0.0832032897,-0.1597444396,-0.2499650698,-0.1117077451,0.1283661004,0.2335333254,0.0832032897,-0.1051672250,0.0451628108,-0.1503300358
train:1298,0,2.3347682953,2.3341892380,0.0005790572,-0.0541876432,0.0252034638,0.0011712573,-0.0855659824,0.0087717194,-0.0273331981,0.0541876432,0.0252034638,0.0011712573,0.0289841794,0.0530163858,-0.0240322065
train:1304,0,-4.1535367966,-4.1541158538,0.0005790572,-0.2037075635,-0.2223520305,-0.0746842362,-0.2350859027,-0.2387837749,-0.1031886916,0.2037075635,0.2223520305,0.0746842362,-0.0186444670,0.1290233273,-0.1476677943
train:1308,0,-1.2646231651,-1.2652022224,0.0005790572,-0.0660570737,-0.0768904712,-0.1005701758,-0.0974354129,-0.0933222156,-0.1290746312,0.0660570737,0.0768904712,0.1005701758,-0.0108333975,-0.0345131021,0.0236797046
train:1312,0,0.5670450330,0.5664659757,0.0005790572,-0.0657664415,-0.1371227529,-0.0311911441,-0.0971447807,-0.1535544973,-0.0596955996,0.0657664415,0.1371227529,0.0311911441,-0.0713563114,0.0345752973,-0.1059316088
train:1320,0,-0.2698825896,-0.2704616468,0.0005790572,0.1199765328,0.1421745989,-0.1246240623,0.0885981936,0.1257428546,-0.1531285178,0.1199765328,0.1421745989,0.1246240623,-0.0221980661,-0.0046475295,-0.0175505366
train:1321,0,-1.4095594883,-1.4101385455,0.0005790572,-0.0073802348,-0.0900334146,-0.0401888825,-0.0387585740,-0.1064651590,-0.0686933379,0.0073802348,0.0900334146,0.0401888825,-0.0826531798,-0.0328086477,-0.0498445321
train:1328,0,2.4356930256,2.4351139683,0.0005790572,-0.0300108071,0.0333061192,-0.0099791028,-0.0613891464,0.0168743748,-0.0384835582,0.0300108071,0.0333061192,0.0099791028,-0.0032953121,0.0200317044,-0.0233270164
train:1329,0,-0.0787809715,-0.0793600287,0.0005790572,0.0471349779,0.0889390159,0.0294857509,0.0157566387,0.0725072716,0.0009812955,0.0471349779,0.0889390159,0.0294857509,-0.0418040380,0.0176492270,-0.0594532650
train:1337,0,0.2436569780,0.2430779208,0.0005790572,-0.0435975816,-0.0478483912,-0.0282967277,-0.0749759208,-0.0642801355,-0.0568011831,0.0435975816,0.0478483912,0.0282967277,-0.0042508096,0.0153008539,-0.0195516635
train:1340,0,1.7162582874,1.7156792302,0.0005790572,-0.1150224086,-0.0833117988,-0.0538661219,-0.1464007478,-0.0997435432,-0.0823705774,0.1150224086,0.0833117988,0.0538661219,0.0317106098,0.0611562867,-0.0294456769
train:1342,0,-3.1023771763,-3.1029562335,0.0005790572,-0.2404783841,-0.2373943355,-0.1987436749,-0.2718567233,-0.2538260799,-0.2272481303,0.2404783841,0.2373943355,0.1987436749,0.0030840486,0.0417347092,-0.0386506606
train:1346,0,-0.0662401840,-0.0668192412,0.0005790572,0.0195234243,-0.0098863568,0.0622603782,-0.0118549149,-0.0263181012,0.0337559227,0.0195234243,0.0098863568,0.0622603782,0.0096370675,-0.0427369539,0.0523740213
train:1350,0,-0.0103180353,-0.0108970925,0.0005790572,0.1005531207,0.0850123569,0.0691951085,0.0691747815,0.0685806126,0.0406906530,0.1005531207,0.0850123569,0.0691951085,0.0155407637,0.0313580122,-0.0158172484
train:1351,-1,-2.0829911232,1.3820484054,-3.4650395286,-0.1082122449,0.0171327319,-0.0072562679,-0.1395905841,0.0007009875,-0.0357607234,0.1082122449,0.0171327319,0.0072562679,0.0910795130,0.1009559769,-0.0098764640
train:1354,0,1.1139000654,1.1133210082,0.0005790572,0.0095360402,0.0109528277,-0.0343750454,-0.0218422990,-0.0054789167,-0.0628795009,0.0095360402,0.0109528277,0.0343750454,-0.0014167875,-0.0248390053,0.0234222177
train:1357,0,2.5863540173,2.5857749600,0.0005790572,0.0458911780,0.0386435959,-0.0244677998,0.0145128388,0.0222118516,-0.0529722553,0.0458911780,0.0386435959,0.0244677998,0.0072475821,0.0214233782,-0.0141757961
train:1361,0,2.1668250561,2.1662459988,0.0005790572,-0.1500261899,-0.1760664012,-0.1773820855,-0.1814045291,-0.1924981456,-0.2058865409,0.1500261899,0.1760664012,0.1773820855,-0.0260402113,-0.0273558956,0.0013156842
train:1362,0,1.7460343838,1.7454553265,0.0005790572,0.0240061406,0.0510280106,-0.0017158724,-0.0073721986,0.0345962662,-0.0302203279,0.0240061406,0.0510280106,0.0017158724,-0.0270218700,0.0222902682,-0.0493121382
train:1365,0,1.5763062239,1.5757271666,0.0005790572,-0.2449496862,-0.2217417982,-0.1892974116,-0.2763280254,-0.2381735425,-0.2178018670,0.2449496862,0.2217417982,0.1892974116,0.0232078880,0.0556522746,-0.0324443866
train:1378,0,1.1248073578,1.1242283005,0.0005790572,-0.0890403863,-0.0384912517,0.0016393922,-0.1204187255,-0.0549229961,-0.0268650632,0.0890403863,0.0384912517,0.0016393922,0.0505491346,0.0874009941,-0.0368518595
train:1389,0,-2.9111011028,-2.9116801601,0.0005790572,-0.0556069490,-0.0721900489,-0.0595782734,-0.0869852882,-0.0886217933,-0.0880827289,0.0556069490,0.0721900489,0.0595782734,-0.0165831000,-0.0039713245,-0.0126117755
train:1391,0,-0.0639580041,-0.0645370614,0.0005790572,0.0844708133,0.0756869811,0.0683671944,0.0530924741,0.0592552368,0.0398627389,0.0844708133,0.0756869811,0.0683671944,0.0087838322,0.0161036190,-0.0073197868
train:1410,0,2.3240473270,2.3234682698,0.0005790572,0.0106257323,-0.0429868724,-0.0238016583,-0.0207526069,-0.0594186168,-0.0523061137,0.0106257323,0.0429868724,0.0238016583,-0.0323611401,-0.0131759260,-0.0191852141
train:1421,-1,-5.4202790260,-1.9552394975,-3.4650395286,-0.0334771994,-0.0231775317,-0.0933758005,-0.0648555386,-0.0396092761,-0.1218802560,0.0334771994,0.0231775317,0.0933758005,0.0102996677,-0.0598986011,0.0701982688
train:1426,0,-2.9214844704,-2.9220635276,0.0005790572,0.2192903880,0.0415203545,0.0409032367,0.1879120488,0.0250886101,0.0123987813,0.2192903880,0.0415203545,0.0409032367,0.1777700335,0.1783871513,-0.0006171178
train:1443,0,0.6980571747,0.6974781174,0.0005790572,0.0623774651,-0.1235347416,-0.0585174896,0.0309991259,-0.1399664860,-0.0870219450,0.0623774651,0.1235347416,0.0585174896,-0.0611572765,0.0038599756,-0.0650172521
train:1444,0,-0.1064494625,-0.1070285197,0.0005790572,-0.0985399213,0.1053198475,-0.0629326738,-0.1299182605,0.0888881032,-0.0914371293,0.0985399213,0.1053198475,0.0629326738,-0.0067799263,0.0356072474,-0.0423871737
train:1447,0,0.4169098437,0.4163307864,0.0005790572,0.0622474078,0.0235545311,0.0162933432,0.0308690686,0.0071227867,-0.0122111123,0.0622474078,0.0235545311,0.0162933432,0.0386928767,0.0459540646,-0.0072611879
train:1457,0,-1.3461914062,-1.3467704635,0.0005790572,-0.1789845105,-0.1559600856,-0.0370828845,-0.2103628497,-0.1723918300,-0.0655873399,0.1789845105,0.1559600856,0.0370828845,0.0230244249,0.1419016261,-0.1188772012
train:1460,0,0.3771460950,0.3765670378,0.0005790572,-0.0452922162,0.0308265362,-0.0129892267,-0.0766705554,0.0143947918,-0.0414936822,0.0452922162,0.0308265362,0.0129892267,0.0144656800,0.0323029894,-0.0178373095
train:1466,0,0.4407669604,0.4401879031,0.0005790572,-0.0258770164,-0.0605527487,-0.0849198736,-0.0572553556,-0.0769844930,-0.1134243291,0.0258770164,0.0605527487,0.0849198736,-0.0346757323,-0.0590428572,0.0243671250
train:1472,0,0.7393434048,0.7387643475,0.0005790572,-0.1191262480,-0.2166616347,-0.2010131814,-0.1505045872,-0.2330933790,-0.2295176368,0.1191262480,0.2166616347,0.2010131814,-0.0975353867,-0.0818869334,-0.0156484533
train:1476,0,1.9373288155,1.9367497582,0.0005790572,0.0564317826,0.0639376614,0.0858938955,0.0250534434,0.0475059170,0.0573894400,0.0564317826,0.0639376614,0.0858938955,-0.0075058788,-0.0294621129,0.0219562341
train:1485,0,0.7355527282,0.7349736709,0.0005790572,-0.1648980852,-0.0545009401,-0.0552664138,-0.1962764244,-0.0709326844,-0.0837708693,0.1648980852,0.0545009401,0.0552664138,0.1103971452,0.1096316714,0.0007654738
train:1486,0,-3.0334315300,-3.0340105872,0.0005790572,-0.0438545819,-0.1609385040,0.0331162475,-0.0752329211,-0.1773702483,0.0046117921,0.0438545819,0.1609385040,0.0331162475,-0.1170839220,0.0107383344,-0.1278222565
train:1488,0,-1.3691409826,-1.3697200399,0.0005790572,-0.1700549003,-0.1576823022,-0.0309010483,-0.2014332395,-0.1741140466,-0.0594055038,0.1700549003,0.1576823022,0.0309010483,0.0123725981,0.1391538519,-0.1267812539
train:1504,0,0.8280615807,0.8274825234,0.0005790572,0.0391585354,0.0508101556,0.0711655878,0.0077801962,0.0343784113,0.0426611323,0.0391585354,0.0508101556,0.0711655878,-0.0116516203,-0.0320070524,0.0203554321
train:1506,0,2.1390876770,2.1385086198,0.0005790572,0.0240589503,-0.0040352371,-0.0435017087,-0.0073193889,-0.0204669814,-0.0720061641,0.0240589503,0.0040352371,0.0435017087,0.0200237132,-0.0194427583,0.0394664716
train:1507,0,1.0482577085,1.0476786513,0.0005790572,0.1092118744,0.1221874330,-0.0035240389,0.0778335352,0.1057556886,-0.0320284944,0.1092118744,0.1221874330,0.0035240389,-0.0129755586,0.1056878354,-0.1186633941
train:1510,0,0.4423268139,0.4417477567,0.0005790572,-0.1199554976,-0.0894748297,-0.1166216172,-0.1513338368,-0.1059065740,-0.1451260727,0.1199554976,0.0894748297,0.1166216172,0.0304806679,0.0033338804,0.0271467876
train:1512,0,1.2700636387,1.2694845814,0.0005790572,0.1076915387,0.0014715169,0.0033644699,0.0763131995,-0.0149602275,-0.0251399856,0.1076915387,0.0014715169,0.0033644699,0.1062200218,0.1043270688,0.0018929530
train:1518,0,-1.4994566441,-1.5000357013,0.0005790572,-0.0306599017,0.0771968339,0.0405216478,-0.0620382409,0.0607650895,0.0120171923,0.0306599017,0.0771968339,0.0405216478,-0.0465369321,-0.0098617460,-0.0366751861
train:1520,0,0.1267660856,0.1261870284,0.0005790572,-1.2518893357,-1.0548422363,-1.0622786023,-1.2832676749,-1.0712739806,-1.0907830577,1.2518893357,1.0548422363,1.0622786023,0.1970470995,0.1896107335,0.0074363660
train:1526,0,1.1697708368,1.1691917796,0.0005790572,-0.1447272178,-0.0901169803,-0.0869534947,-0.1761055570,-0.1065487247,-0.1154579501,0.1447272178,0.0901169803,0.0869534947,0.0546102375,0.0577737231,-0.0031634856
train:1532,-1,-4.3876905441,-0.9226510156,-3.4650395286,0.0750222679,0.1975820985,0.1230229154,0.0436439287,0.1811503541,0.0945184600,0.0750222679,0.1975820985,0.1230229154,-0.1225598305,-0.0480006475,-0.0745591830
train:1535,0,0.5758292675,0.5752502103,0.0005790572,-0.3773441788,-0.4438135650,-0.5438898541,-0.4087225180,-0.4602453094,-0.5723943095,0.3773441788,0.4438135650,0.5438898541,-0.0664693862,-0.1665456753,0.1000762891
train:1548,0,-3.4396021366,-3.4401811939,0.0005790572,-0.3220184919,-0.3492929962,-0.1879681088,-0.3533968311,-0.3657247405,-0.2164725642,0.3220184919,0.3492929962,0.1879681088,-0.0272745043,0.1340503831,-0.1613248874
train:1551,0,2.2877187729,2.2871397156,0.0005790572,-0.0870381471,0.0547263596,0.0701514743,-0.1184164863,0.0382946152,0.0416470189,0.0870381471,0.0547263596,0.0701514743,0.0323117875,0.0168866728,0.0154251147
train:1555,0,1.8928194046,1.8922403474,0.0005790572,-0.0405546304,0.0387978528,-0.0207112767,-0.0719329696,0.0223661084,-0.0492157321,0.0405546304,0.0387978528,0.0207112767,0.0017567776,0.0198433537,-0.0180865761
train:1556,0,-2.1227087975,-2.1232878547,0.0005790572,-0.1597063419,-0.1478874710,-0.1027056910,-0.1910846811,-0.1643192153,-0.1312101464,0.1597063419,0.1478874710,0.1027056910,0.0118188709,0.0570006508,-0.0451817799
train:1563,-1,-2.2161233425,1.2489161861,-3.4650395286,0.0246981260,0.2030486789,0.1403570190,-0.0066802132,0.1866169345,0.1118525636,0.0246981260,0.2030486789,0.1403570190,-0.1783505529,-0.1156588931,-0.0626916598
train:1574,0,2.3241479397,2.3235688824,0.0005790572,-0.1778854009,-0.1979527500,-0.2398694493,-0.2092637401,-0.2143844943,-0.2683739047,0.1778854009,0.1979527500,0.2398694493,-0.0200673491,-0.0619840484,0.0419166993
train:1578,-1,-5.8023719788,-2.3373324502,-3.4650395286,0.2693980809,0.1004428592,0.1613663450,0.2380197417,0.0840111148,0.1328618896,0.2693980809,0.1004428592,0.1613663450,0.1689552218,0.1080317359,0.0609234858
train:1580,0,2.7240371704,2.7234581132,0.0005790572,-0.0620058652,0.0118417714,-0.0967038609,-0.0933842044,-0.0045899730,-0.1252083163,0.0620058652,0.0118417714,0.0967038609,0.0501640938,-0.0346979957,0.0848620895
train:1592,0,2.9218771458,2.9212980885,0.0005790572,0.1118499163,0.1290564511,0.0508882068,0.0804715771,0.1126247067,0.0223837514,0.1118499163,0.1290564511,0.0508882068,-0.0172065347,0.0609617095,-0.0781682443
train:1608,0,1.7521210909,1.7515420336,0.0005790572,-0.1139234182,0.0234643195,0.0383888744,-0.1453017574,0.0070325751,0.0098844189,0.1139234182,0.0234643195,0.0383888744,0.0904590987,0.0755345438,0.0149245549
train:1609,0,-1.7994890213,-1.8000680785,0.0005790572,0.0648157719,-0.0766913917,0.1124196313,0.0334374327,-0.0931231361,0.0839151759,0.0648157719,0.0766913917,0.1124196313,-0.0118756198,-0.0476038594,0.0357282396
train:1615,0,-0.6361209750,-0.6367000323,0.0005790572,0.0969513778,0.1264721725,-0.0236012079,0.0655730386,0.1100404281,-0.0521056633,0.0969513778,0.1264721725,0.0236012079,-0.0295207947,0.0733501699,-0.1028709646
train:1619,0,-2.2251763344,-2.2257553916,0.0005790572,0.4801224593,0.3944551919,0.7263101600,0.4487441201,0.3780234475,0.6978057046,0.4801224593,0.3944551919,0.7263101600,0.0856672674,-0.2461877007,0.3318549682
train:1621,0,0.2041160464,0.2035369892,0.0005790572,0.0081964258,-0.0728597369,-0.0327070095,-0.0231819134,-0.0892914813,-0.0612114649,0.0081964258,0.0728597369,0.0327070095,-0.0646633111,-0.0245105837,-0.0401527274
train:1622,0,-2.7518393993,-2.7524184566,0.0005790572,-0.0624102231,-0.0518138435,-0.1047578789,-0.0937885623,-0.0682455878,-0.1332623344,0.0624102231,0.0518138435,0.1047578789,0.0105963796,-0.0423476558,0.0529440354
train:1625,0,1.1391173601,1.1385383029,0.0005790572,0.0012560014,0.0102245781,0.0498312972,-0.0301223378,-0.0062071662,0.0213268418,0.0012560014,0.0102245781,0.0498312972,-0.0089685768,-0.0485752959,0.0396067191
train:1627,0,2.3992404938,2.3986614365,0.0005790572,-0.0314692136,-0.0022456672,-0.0229941346,-0.0628475528,-0.0186774116,-0.0514985900,0.0314692136,0.0022456672,0.0229941346,0.0292235464,0.0084750790,0.0207484674
train:1629,0,-5.2502779961,-5.2508570533,0.0005790572,-0.3298679467,-0.1751430061,-0.2105194069,-0.3612462859,-0.1915747504,-0.2390238624,0.3298679467,0.1751430061,0.2105194069,0.1547249407,0.1193485398,0.0353764009
train:1630,0,1.5376386642,1.5370596070,0.0005790572,-0.0516557571,-0.0516881969,0.0393088125,-0.0830340963,-0.0681199413,0.0108043570,0.0516557571,0.0516881969,0.0393088125,-0.0000324398,0.0123469446,-0.0123793844
train:1634,0,-0.4069314003,-0.4075104575,0.0005790572,-0.0765173014,-0.0598857429,-0.1949168034,-0.1078956406,-0.0763174873,-0.2234212588,0.0765173014,0.0598857429,0.1949168034,0.0166315585,-0.1183995020,0.1350310605
train:1640,0,1.4385963678,1.4380173106,0.0005790572,-0.0061129209,-0.0223151472,0.0115274452,-0.0374912601,-0.0387468915,-0.0169770103,0.0061129209,0.0223151472,0.0115274452,-0.0162022263,-0.0054145243,-0.0107877020
train:1641,-1,-7.6482362747,-4.1831967461,-3.4650395286,-0.1204172496,-0.0845229898,0.0469168440,-0.1517955888,-0.1009547341,0.0184123885,0.1204172496,0.0845229898,0.0469168440,0.0358942598,0.0735004056,-0.0376061458
train:1642,0,2.2157361507,2.2151570935,0.0005790572,-0.0139618989,-0.0481443431,-0.0578397252,-0.0453402381,-0.0645760875,-0.0863441806,0.0139618989,0.0481443431,0.0578397252,-0.0341824442,-0.0438778263,0.0096953820
train:1645,0,1.2697772980,1.2691982407,0.0005790572,-0.0041581269,-0.0212534692,0.0019082092,-0.0355364661,-0.0376852136,-0.0265962463,0.0041581269,0.0212534692,0.0019082092,-0.0170953423,0.0022499178,-0.0193452600
train:1646,0,1.7579210997,1.7573420424,0.0005790572,-0.0276414033,0.0361356709,-0.0689387061,-0.0590197425,0.0197039265,-0.0974431615,0.0276414033,0.0361356709,0.0689387061,-0.0084942676,-0.0412973028,0.0328030352
train:1653,0,1.1804993153,1.1799202580,0.0005790572,0.0319037560,0.0886443827,0.1216420196,0.0005254168,0.0722126384,0.0931375642,0.0319037560,0.0886443827,0.1216420196,-0.0567406267,-0.0897382636,0.0329976369
train:1663,-1,-2.5951411724,0.8698983562,-3.4650395286,0.0551537152,0.0076636400,0.0655978933,0.0237753760,-0.0087681044,0.0370934379,0.0551537152,0.0076636400,0.0655978933,0.0474900752,-0.0104441781,0.0579342533
train:1672,0,0.6697327495,0.6691536922,0.0005790572,-0.0585988041,-0.1218748119,-0.0630380847,-0.0899771433,-0.1383065562,-0.0915425401,0.0585988041,0.1218748119,0.0630380847,-0.0632760078,-0.0044392805,-0.0588367272
train:1680,0,0.8175939918,0.8170149345,0.0005790572,0.0063182238,0.0722919080,0.0312752388,-0.0250601154,0.0558601637,0.0027707834,0.0063182238,0.0722919080,0.0312752388,-0.0659736842,-0.0249570150,-0.0410166692
train:1691,0,-0.5347205400,-0.5352995973,0.0005790572,-0.2545749422,-0.0430786040,-0.1824112274,-0.2859532814,-0.0595103483,-0.2109156828,0.2545749422,0.0430786040,0.1824112274,0.2114963382,0.0721637148,0.1393326234
train:1694,0,-0.5327019691,-0.5332810264,0.0005790572,-0.0276850637,0.0602123115,0.0168540739,-0.0590634029,0.0437805671,-0.0116503816,0.0276850637,0.0602123115,0.0168540739,-0.0325272478,0.0108309899,-0.0433582377
train:1699,0,-0.0902816430,-0.0908607002,0.0005790572,0.0355591152,0.1005985934,0.0673125871,0.0041807760,0.0841668491,0.0388081316,0.0355591152,0.1005985934,0.0673125871,-0.0650394782,-0.0317534719,-0.0332860064
train:1705,0,-2.0862522125,-2.0868312698,0.0005790572,-0.0211609479,-0.0237743881,0.0324076675,-0.0525392871,-0.0402061324,0.0039032120,0.0211609479,0.0237743881,0.0324076675,-0.0026134402,-0.0112467196,0.0086332794
train:1706,0,-1.6380503178,-1.6386293750,0.0005790572,0.1649925832,0.1466927502,0.0242800973,0.1336142440,0.1302610059,-0.0042243581,0.1649925832,0.1466927502,0.0242800973,0.0182998329,0.1407124858,-0.1224126529
train:1719,0,-1.1635726690,-1.1641517263,0.0005790572,0.0286817674,-0.0615451362,-0.0679646470,-0.0026965718,-0.0779768806,-0.0964691024,0.0286817674,0.0615451362,0.0679646470,-0.0328633689,-0.0392828796,0.0064195108
train:1720,0,2.3547663689,2.3541873116,0.0005790572,0.0356019858,0.0383574936,-0.0324471928,0.0042236466,0.0219257493,-0.0609516483,0.0356019858,0.0383574936,0.0324471928,-0.0027555078,0.0031547930,-0.0059103008
train:1722,0,-2.4557437897,-2.4563228469,0.0005790572,-0.1271971341,-0.0023524787,0.0983613990,-0.1585754733,-0.0187842231,0.0698569436,0.1271971341,0.0023524787,0.0983613990,0.1248446554,0.0288357351,0.0960089203
train:1730,-2,-4.4505019188,2.4801561956,-6.9306581144,0.0855468143,0.0935756643,0.0013757713,0.0541684751,0.0771439199,-0.0271286841,0.0855468143,0.0935756643,0.0013757713,-0.0080288500,0.0841710430,-0.0921998929
train:1731,0,-1.8452274799,-1.8458065372,0.0005790572,-0.1136407729,-0.0973224666,-0.0318093039,-0.1450191121,-0.1137542110,-0.0603137593,0.1136407729,0.0973224666,0.0318093039,0.0163183063,0.0818314690,-0.0655131627
train:1732,0,0.0106056286,0.0100265714,0.0005790572,-0.0339707656,-0.0348023621,-0.0893269414,-0.0653491048,-0.0512341065,-0.1178313968,0.0339707656,0.0348023621,0.0893269414,-0.0008315966,-0.0553561758,0.0545245793
train:1737,0,-1.1693232059,-1.1699022632,0.0005790572,-0.1854465481,-0.1725407269,-0.2428421713,-0.2168248873,-0.1889724713,-0.2713466268,0.1854465481,0.1725407269,0.2428421713,0.0129058212,-0.0573956232,0.0703014444
train:1742,0,0.6916496754,0.6910706181,0.0005790572,-0.0238205668,-0.1536783006,-0.0788948275,-0.0551989060,-0.1701100450,-0.1073992830,0.0238205668,0.1536783006,0.0788948275,-0.1298577338,-0.0550742607,-0.0747834731
train:1743,0,2.0609052181,2.0603261609,0.0005790572,0.0126432303,-0.0248291519,-0.1210487820,-0.0187351089,-0.0412608962,-0.1495532375,0.0126432303,0.0248291519,0.1210487820,-0.0121859215,-0.1084055517,0.0962196302
train:1749,0,0.6386228204,0.6380437631,0.0005790572,0.1778508846,0.1405709956,0.0631287359,0.1464725454,0.1241392512,0.0346242804,0.1778508846,0.1405709956,0.0631287359,0.0372798890,0.1147221487,-0.0774422597
train:1759,0,0.5218269825,0.5212479253,0.0005790572,-0.0496877905,-0.0758070376,-0.0517605878,-0.0810661297,-0.0922387820,-0.0802650433,0.0496877905,0.0758070376,0.0517605878,-0.0261192471,-0.0020727973,-0.0240464497
train:1760,-5,-21.9070549011,-4.5795410293,-17.3275138718,-1.1330518636,-0.5618785682,-0.4522955193,-1.1644302028,-0.5783103126,-0.4807999748,1.1330518636,0.5618785682,0.4522955193,0.5711732954,0.6807563443,-0.1095830489
train:1767,0,1.4885001183,1.4879210610,0.0005790572,-0.1333076831,-0.0313317802,-0.1065900065,-0.1646860223,-0.0477635246,-0.1350944619,0.1333076831,0.0313317802,0.1065900065,0.1019759029,0.0267176766,0.0752582263
train:1768,-1,-0.8537222743,2.6113172543,-3.4650395286,0.0965928312,0.0096063938,-0.0124447927,0.0652144920,-0.0068253506,-0.0409492481,0.0965928312,0.0096063938,0.0124447927,0.0869864374,0.0841480386,0.0028383989
train:1774,0,0.5937489867,0.5931699295,0.0005790572,0.0993512992,0.1277248237,-0.1089621522,0.0679729600,0.1112930794,-0.1374666076,0.0993512992,0.1277248237,0.1089621522,-0.0283735245,-0.0096108530,-0.0187626716
train:1777,0,-2.1659533978,-2.1665324550,0.0005790572,-0.0461443540,0.1152844403,0.0312115215,-0.0775226932,0.0988526959,0.0027070660,0.0461443540,0.1152844403,0.0312115215,-0.0691400863,0.0149328325,-0.0840729188
train:1779,0,0.4304302633,0.4298512060,0.0005790572,0.0830199245,0.0305036578,0.0760719739,0.0516415853,0.0140719135,0.0475675185,0.0830199245,0.0305036578,0.0760719739,0.0525162667,0.0069479506,0.0455683161
train:1785,-1,-7.3310341835,-3.8659946549,-3.4650395286,0.3956464406,0.1328003135,0.1910470739,0.3642681014,0.1163685691,0.1625426185,0.3956464406,0.1328003135,0.1910470739,0.2628461272,0.2045993667,0.0582467605
train:1789,0,0.1302134395,0.1296343822,0.0005790572,0.0301308755,0.0954847682,0.2050217651,-0.0012474637,0.0790530239,0.1765173096,0.0301308755,0.0954847682,0.2050217651,-0.0653538927,-0.1748908896,0.1095369969
train:1790,0,-1.4123927355,-1.4129717927,0.0005790572,0.1153534774,0.0900706027,0.1999691986,0.0839751382,0.0736388583,0.1714647431,0.1153534774,0.0900706027,0.1999691986,0.0252828747,-0.0846157212,0.1098985959
train:1791,0,1.6223744154,1.6217953582,0.0005790572,-0.0333971854,-0.0662181404,-0.0997938849,-0.0647755246,-0.0826498847,-0.1282983403,0.0333971854,0.0662181404,0.0997938849,-0.0328209549,-0.0663966995,0.0335757445
train:1816,0,1.3072808981,1.3067018409,0.0005790572,0.1357494716,0.1535018656,0.1271022819,0.1043711324,0.1370701213,0.0985978265,0.1357494716,0.1535018656,0.1271022819,-0.0177523941,0.0086471897,-0.0263995837
train:1817,0,-0.7463840842,-0.7469631415,0.0005790572,0.0238278631,0.0306689117,0.0104139112,-0.0075504761,0.0142371673,-0.0180905442,0.0238278631,0.0306689117,0.0104139112,-0.0068410486,0.0134139519,-0.0202550005
train:1820,0,2.6882798672,2.6877008099,0.0005790572,0.0116673831,0.0821549866,0.0047096275,-0.0197109561,0.0657232423,-0.0237948280,0.0116673831,0.0821549866,0.0047096275,-0.0704876035,0.0069577556,-0.0774453591
train:1822,-1,-6.2772364616,-2.8121969331,-3.4650395286,0.2718177911,0.2793237891,0.2936638609,0.2404394519,0.2628920447,0.2651594054,0.2718177911,0.2793237891,0.2936638609,-0.0075059980,-0.0218460698,0.0143400718
train:1828,0,0.5243139267,0.5237348695,0.0005790572,-0.0571141716,-0.1863600042,-0.0791130997,-0.0884925108,-0.2027917485,-0.1076175552,0.0571141716,0.1863600042,0.0791130997,-0.1292458326,-0.0219989281,-0.1072469045
train:1841,0,-0.2723644674,-0.2729435246,0.0005790572,-0.0298769053,0.0083179746,-0.0072518177,-0.0612552445,-0.0081137698,-0.0357562732,0.0298769053,0.0083179746,0.0072518177,0.0215589307,0.0226250876,-0.0010661568
train:1847,0,-3.8691632748,-3.8697423320,0.0005790572,0.0201171759,0.1229596112,0.0838204883,-0.0112611633,0.1065278668,0.0553160329,0.0201171759,0.1229596112,0.0838204883,-0.1028424352,-0.0637033124,-0.0391391229
train:1850,0,-4.0593023300,-4.0598813873,0.0005790572,0.1341942672,0.2770416710,0.2352408431,0.1028159280,0.2606099267,0.2067363877,0.1341942672,0.2770416710,0.2352408431,-0.1428474039,-0.1010465760,-0.0418008279
train:1855,0,-0.8385183215,-0.8390973788,0.0005790572,0.0410828117,0.0497724388,0.0483469628,0.0097044725,0.0333406944,0.0198425073,0.0410828117,0.0497724388,0.0483469628,-0.0086896271,-0.0072641511,-0.0014254760
train:1861,0,-0.9345658422,-0.9351448994,0.0005790572,0.2492430929,0.2031758401,0.2784597538,0.2178647537,0.1867440958,0.2499552984,0.2492430929,0.2031758401,0.2784597538,0.0460672528,-0.0292166609,0.0752839137
train:1868,0,0.4827702343,0.4821911771,0.0005790572,-0.0489654716,-0.1083443489,-0.0610890426,-0.0803438108,-0.1247760933,-0.0895934980,0.0489654716,0.1083443489,0.0610890426,-0.0593788773,-0.0121235710,-0.0472553063
train:1870,0,0.3049775064,0.3043984492,0.0005790572,-0.0519627210,-0.0459428158,-0.0426272191,-0.0833410602,-0.0623745601,-0.0711316746,0.0519627210,0.0459428158,0.0426272191,0.0060199052,0.0093355019,-0.0033155967
train:1882,0,0.4356420934,0.4350630362,0.0005790572,0.1518536035,0.0884241138,0.1851997338,0.1204752643,0.0719923694,0.1566952784,0.1518536035,0.0884241138,0.1851997338,0.0634294897,-0.0333461303,0.0967756201
train:1890,0,0.1825135499,0.1819344927,0.0005790572,-0.0879623916,-0.1173344132,-0.0309871472,-0.1193407308,-0.1337661575,-0.0594916027,0.0879623916,0.1173344132,0.0309871472,-0.0293720216,0.0569752444,-0.0863472659
train:1893,0,1.2966030836,1.2960240264,0.0005790572,0.0886547688,0.0028496955,0.1081213020,0.0572764296,-0.0135820489,0.0796168465,0.0886547688,0.0028496955,0.1081213020,0.0858050734,-0.0194665331,0.1052716065
train:1895,0,1.4378484488,1.4372693915,0.0005790572,-0.0706792947,0.0838465664,0.2235187553,-0.1020576339,0.0674148221,0.1950142998,0.0706792947,0.0838465664,0.2235187553,-0.0131672717,-0.1528394606,0.1396721888
train:1902,0,-2.6494526863,-2.6500317435,0.0005790572,0.1633988742,0.1008369896,0.0210799240,0.1320205350,0.0844052453,-0.0074245315,0.1633988742,0.1008369896,0.0210799240,0.0625618845,0.1423189502,-0.0797570657
train:1904,0,1.7265932560,1.7260141988,0.0005790572,-0.1441390392,-0.0536556270,-0.0533650853,-0.1755173784,-0.0700873714,-0.0818695407,0.1441390392,0.0536556270,0.0533650853,0.0904834121,0.0907739539,-0.0002905417
train:1905,0,0.8205227852,0.8199437279,0.0005790572,0.0052892689,-0.0363903668,-0.0321762301,-0.0260890703,-0.0528221112,-0.0606806855,0.0052892689,0.0363903668,0.0321762301,-0.0311010979,-0.0268869612,-0.0042141367
train:1911,0,1.0325608253,1.0319817681,0.0005790572,0.0738828305,0.0957743499,0.1030931734,0.0425044913,0.0793426056,0.0745887179,0.0738828305,0.0957743499,0.1030931734,-0.0218915194,-0.0292103428,0.0073188234
train:1913,0,0.8055513501,0.8049722929,0.0005790572,0.1294126633,0.0358159516,0.1360423230,0.0980343241,0.0193842072,0.1075378675,0.1294126633,0.0358159516,0.1360423230,0.0935967118,-0.0066296596,0.1002263714
train:1915,0,0.4966414869,0.4960624296,0.0005790572,0.0478195075,0.0995331678,0.0696812235,0.0164411683,0.0831014235,0.0411767680,0.0478195075,0.0995331678,0.0696812235,-0.0517136604,-0.0218617160,-0.0298519444
train:1926,0,1.9569890499,1.9564099927,0.0005790572,-0.0236066457,0.0471100781,-0.0429936387,-0.0549849849,0.0306783337,-0.0714980941,0.0236066457,0.0471100781,0.0429936387,-0.0235034324,-0.0193869930,-0.0041164394
train:1929,0,-1.4845434427,-1.4851225000,0.0005790572,0.0828008775,0.0120207045,0.1674450897,0.0514225383,-0.0044110399,0.1389406342,0.0828008775,0.0120207045,0.1674450897,0.0707801729,-0.0846442122,0.1554243852
train:1931,0,0.2048935741,0.2043145169,0.0005790572,-0.0643080201,-0.0605412599,0.0213735662,-0.0956863593,-0.0769730042,-0.0071308892,0.0643080201,0.0605412599,0.0213735662,0.0037667602,0.0429344539,-0.0391676936
train:1934,0,0.7747309208,0.7741518636,0.0005790572,-0.0553995844,0.0283552978,-0.0073237158,-0.0867779236,0.0119235534,-0.0358281713,0.0553995844,0.0283552978,0.0073237158,0.0270442866,0.0480758686,-0.0210315820
train:1936,0,-1.4775335789,-1.4781126361,0.0005790572,-0.2759187099,-0.1313453939,-0.2974061705,-0.3072970491,-0.1477771383,-0.3259106260,0.2759187099,0.1313453939,0.2974061705,0.1445733160,-0.0214874606,0.1660607766
train:1939,0,0.6929284334,0.6923493762,0.0005790572,-0.1729827400,-0.1054330494,-0.0978898145,-0.2043610792,-0.1218647938,-0.1263942700,0.1729827400,0.1054330494,0.0978898145,0.0675496906,0.0750929255,-0.0075432349
train:1942,0,1.0112450123,1.0106659550,0.0005790572,-0.0297011014,-0.0626469877,-0.1246413924,-0.0610794406,-0.0790787320,-0.1531458478,0.0297011014,0.0626469877,0.1246413924,-0.0329458863,-0.0949402910,0.0619944047
train:1945,0,0.2286798954,0.2281008382,0.0005790572,0.0804032210,0.0827738319,0.0296064727,0.0490248818,0.0663420875,0.0011020173,0.0804032210,0.0827738319,0.0296064727,-0.0023706108,0.0507967483,-0.0531673592
train:1947,0,0.1526608616,0.1520818044,0.0005790572,0.1137835208,0.0936293129,0.0550158732,0.0824051816,0.0771975685,0.0265114177,0.1137835208,0.0936293129,0.0550158732,0.0201542079,0.0587676477,-0.0386134397
train:1949,0,-0.2149350196,-0.2155140769,0.0005790572,-0.0931691777,0.0329283897,0.0634811632,-0.1245475169,0.0164966453,0.0349767078,0.0931691777,0.0329283897,0.0634811632,0.0602407880,0.0296880145,0.0305527736
train:1950,0,-1.6674367189,-1.6680157762,0.0005790572,0.0577837352,-0.0387724664,0.1082259677,0.0264053960,-0.0552042108,0.0797215123,0.0577837352,0.0387724664,0.1082259677,0.0190112687,-0.0504422326,0.0694535013
train:1952,0,0.7220260501,0.7214469929,0.0005790572,-0.2135488268,-0.1464775827,-0.2124750949,-0.2449271660,-0.1629093271,-0.2409795504,0.2135488268,0.1464775827,0.2124750949,0.0670712441,0.0010737319,0.0659975123
train:1960,0,1.6123057604,1.6117267031,0.0005790572,0.0370849494,0.0877287362,0.1058259271,0.0057066102,0.0712969918,0.0773214717,0.0370849494,0.0877287362,0.1058259271,-0.0506437868,-0.0687409777,0.0180971909
train:1961,0,1.9183790684,1.9178000111,0.0005790572,0.0821077946,0.0825200055,0.0688982271,0.0507294554,0.0660882611,0.0403937716,0.0821077946,0.0825200055,0.0688982271,-0.0004122108,0.0132095676,-0.0136217784
train:1964,0,0.7727354169,0.7721563597,0.0005790572,-0.0336695787,-0.1103254583,-0.0316140987,-0.0650479179,-0.1267572026,-0.0601185541,0.0336695787,0.1103254583,0.0316140987,-0.0766558796,0.0020554800,-0.0787113596
train:1970,0,2.7358281612,2.7352491040,0.0005790572,0.0226131800,0.0604710553,-0.0189560391,-0.0087651592,0.0440393109,-0.0474604945,0.0226131800,0.0604710553,0.0189560391,-0.0378578752,0.0036571409,-0.0415150162
train:1971,0,1.0483990908,1.0478200335,0.0005790572,0.0050258759,-0.0139392641,0.0707589649,-0.0263524633,-0.0303710084,0.0422545094,0.0050258759,0.0139392641,0.0707589649,-0.0089133881,-0.0657330889,0.0568197008
train:1975,0,-0.1228495762,-0.1234286334,0.0005790572,-0.0210815992,-0.0196414318,0.0190423615,-0.0524599384,-0.0360731762,-0.0094620939,0.0210815992,0.0196414318,0.0190423615,0.0014401674,0.0020392377,-0.0005990703
train:1986,0,-2.4291214943,-2.4297005515,0.0005790572,-0.2018908139,-0.2097420719,-0.0577851273,-0.2332691531,-0.2261738162,-0.0862895828,0.2018908139,0.2097420719,0.0577851273,-0.0078512579,0.1441056866,-0.1519569445
train:1988,0,1.5216190815,1.5210400243,0.0005790572,0.0589151505,0.0664086316,0.0623318218,0.0275368113,0.0499768872,0.0338273663,0.0589151505,0.0664086316,0.0623318218,-0.0074934810,-0.0034166712,-0.0040768098
train:1994,0,-1.3428198099,-1.3433988672,0.0005790572,-0.0065632936,-0.1438356664,-0.0718048550,-0.0379416328,-0.1602674108,-0.1003093105,0.0065632936,0.1438356664,0.0718048550,-0.1372723728,-0.0652415614,-0.0720308114
train:1995,0,1.1552044153,1.1546253581,0.0005790572,-0.0528082725,0.0149553988,-0.0355763175,-0.0841866117,-0.0014763456,-0.0640807729,0.0528082725,0.0149553988,0.0355763175,0.0378528737,0.0172319550,0.0206209187
train:1998,0,0.7718379498,0.7712588925,0.0005790572,0.1828048352,0.3894583259,0.0770393871,0.1514264960,0.3730265815,0.0485349316,0.1828048352,0.3894583259,0.0770393871,-0.2066534907,0.1057654481,-0.3124189388
train:2013,0,0.8287537694,0.8281747122,0.0005790572,0.0555843834,-0.1585949089,-0.1244290806,0.0242060442,-0.1750266533,-0.1529335361,0.0555843834,0.1585949089,0.1244290806,-0.1030105256,-0.0688446973,-0.0341658283
train:2015,0,0.7369913459,0.7364122886,0.0005790572,-0.2336607453,-0.0579202797,-0.0257119872,-0.2650390845,-0.0743520241,-0.0542164426,0.2336607453,0.0579202797,0.0257119872,0.1757404655,0.2079487581,-0.0322082926
train:2023,0,-1.0367934704,-1.0373725276,0.0005790572,-0.0686069008,-0.0110256698,0.0442700647,-0.0999852400,-0.0274574142,0.0157656092,0.0686069008,0.0110256698,0.0442700647,0.0575812310,0.0243368361,0.0332443949
train:2028,0,-2.2946770191,-2.2952560764,0.0005790572,-0.0608831521,-0.0934462573,-0.0014849640,-0.0922614913,-0.1098780017,-0.0299894195,0.0608831521,0.0934462573,0.0014849640,-0.0325631052,0.0593981881,-0.0919612933
train:2033,0,0.8249745369,0.8243954797,0.0005790572,-0.0473577257,-0.0456914332,-0.1019279696,-0.0787360649,-0.0621231776,-0.1304324250,0.0473577257,0.0456914332,0.1019279696,0.0016662925,-0.0545702439,0.0562365364
train:2034,0,1.2285288572,1.2279498000,0.0005790572,-0.0269780036,-0.0702370431,0.0252748989,-0.0583563428,-0.0866687875,-0.0032295566,0.0269780036,0.0702370431,0.0252748989,-0.0432590395,0.0017031048,-0.0449621443
train:2055,0,-1.0287657976,-1.0293448549,0.0005790572,-0.0879962918,0.0393178437,0.0233806632,-0.1193746310,0.0228860993,-0.0051237922,0.0879962918,0.0393178437,0.0233806632,0.0486784481,0.0646156285,-0.0159371804
train:2058,0,2.5876386166,2.5870595593,0.0005790572,0.0270255927,-0.0192399051,-0.0678561665,-0.0043527465,-0.0356716495,-0.0963606220,0.0270255927,0.0192399051,0.0678561665,0.0077856876,-0.0408305738,0.0486162614
train:2068,0,-0.1619612128,-0.1625402700,0.0005790572,0.0155961189,-0.0564762157,-0.0460516103,-0.0157822203,-0.0729079600,-0.0745560657,0.0155961189,0.0564762157,0.0460516103,-0.0408800967,-0.0304554913,-0.0104246054
train:2071,0,1.0152752399,1.0146961827,0.0005790572,-0.1935980197,-0.0998137023,-0.0565130450,-0.2249763589,-0.1162454467,-0.0850175004,0.1935980197,0.0998137023,0.0565130450,0.0937843174,0.1370849747,-0.0433006574
train:2083,0,2.4193539619,2.4187749047,0.0005790572,0.0617748622,0.1433517907,0.1244224571,0.0303965230,0.1269200463,0.0959180016,0.0617748622,0.1433517907,0.1244224571,-0.0815769285,-0.0626475949,-0.0189293336
train:2087,0,-2.0396525860,-2.0402316432,0.0005790572,-0.1139204379,-0.0833249118,0.0173541568,-0.1452987771,-0.0997566562,-0.0111502986,0.1139204379,0.0833249118,0.0173541568,0.0305955261,0.0965662811,-0.0659707550
train:2089,0,1.1515804529,1.1510013957,0.0005790572,0.3395225529,0.5398257945,0.5671869777,0.3081442137,0.5233940501,0.5386825223,0.3395225529,0.5398257945,0.5671869777,-0.2003032416,-0.2276644249,0.0273611832
train:2091,0,0.6654258966,0.6648468394,0.0005790572,0.1520036582,0.0069475744,0.1916982196,0.1206253190,-0.0094841700,0.1631937642,0.1520036582,0.0069475744,0.1916982196,0.1450560838,-0.0396945614,0.1847506452
train:2099,0,-0.0271390378,-0.0277180951,0.0005790572,-0.0784865271,-0.1093367588,-0.1646137573,-0.1098648663,-0.1257685032,-0.1931182127,0.0784865271,0.1093367588,0.1646137573,-0.0308502316,-0.0861272301,0.0552769985
train:2105,0,2.0561795235,2.0556004662,0.0005790572,-0.0177022096,0.0810136769,0.0000320934,-0.0490805488,0.0645819325,-0.0284723621,0.0177022096,0.0810136769,0.0000320934,-0.0633114673,0.0176701162,-0.0809815835
train:2106,0,0.6149137020,0.6143346448,0.0005790572,0.1177073244,-0.0956261780,-0.0073763467,0.0863289852,-0.1120579224,-0.0358808022,0.1177073244,0.0956261780,0.0073763467,0.0220811464,0.1103309777,-0.0882498313
train:2116,0,0.0473240130,0.0467449557,0.0005790572,-0.0790661935,-0.0155345786,-0.1376969740,-0.1104445327,-0.0319663230,-0.1662014294,0.0790661935,0.0155345786,0.1376969740,0.0635316148,-0.0586307805,0.1221623953
train:2121,0,0.9774073362,0.9768282790,0.0005790572,-0.2711956378,-0.2249206331,-0.2178271748,-0.3025739770,-0.2413523774,-0.2463316303,0.2711956378,0.2249206331,0.2178271748,0.0462750047,0.0533684630,-0.0070934583
train:2126,0,-0.7228200436,-0.7233991008,0.0005790572,-0.0977204319,-0.2522975233,-0.1910822131,-0.1290987711,-0.2687292676,-0.2195866685,0.0977204319,0.2522975233,0.1910822131,-0.1545770913,-0.0933617812,-0.0612153102
train:2128,0,-0.0403717011,-0.0409507584,0.0005790572,0.0490303237,-0.0688229453,-0.0176719017,0.0176519845,-0.0852546897,-0.0461763572,0.0490303237,0.0688229453,0.0176719017,-0.0197926216,0.0313584220,-0.0511510436
train:2133,0,0.5739650726,0.5733860154,0.0005790572,0.0147307042,-0.0010558989,-0.0346969105,-0.0166476350,-0.0174876433,-0.0632013660,0.0147307042,0.0010558989,0.0346969105,0.0136748053,-0.0199662063,0.0336410116
train:2135,0,-1.8318953514,-1.8324744086,0.0005790572,0.0508443240,0.0399703953,-0.0135209300,0.0194659848,0.0235386510,-0.0420253854,0.0508443240,0.0399703953,0.0135209300,0.0108739287,0.0373233940,-0.0264494654
train:2137,0,-1.4418272972,-1.4424063544,0.0005790572,-0.3430197116,0.0407139037,-0.0549704768,-0.3743980508,0.0242821593,-0.0834749322,0.3430197116,0.0407139037,0.0549704768,0.3023058079,0.2880492348,0.0142565731
train:2141,0,1.4613370895,1.4607580323,0.0005790572,-0.0039563056,0.0577849124,0.0252396129,-0.0353346448,0.0413531680,-0.0032648425,0.0039563056,0.0577849124,0.0252396129,-0.0538286067,-0.0212833073,-0.0325452994
train:2142,0,0.8645460010,0.8639669437,0.0005790572,-0.0187908288,-0.0327603843,-0.0536638834,-0.0501691680,-0.0491921287,-0.0821683388,0.0187908288,0.0327603843,0.0536638834,-0.0139695555,-0.0348730545,0.0209034990
train:2157,0,0.4846242368,0.4840451796,0.0005790572,0.0292312626,0.0372970078,0.0609577261,-0.0021470766,0.0208652634,0.0324532707,0.0292312626,0.0372970078,0.0609577261,-0.0080657452,-0.0317264635,0.0236607183
train:2162,0,1.1552782059,1.1546991486,0.0005790572,0.1014299516,0.0764236424,0.0154433511,0.0700516124,0.0599918980,-0.0130611043,0.1014299516,0.0764236424,0.0154433511,0.0250063092,0.0859866004,-0.0609802913
train:2171,0,-3.1361429691,-3.1367220264,0.0005790572,-0.6470433351,-0.5769236114,-0.3601125218,-0.6784216743,-0.5933553558,-0.3886169772,0.6470433351,0.5769236114,0.3601125218,0.0701197237,0.2869308133,-0.2168110896
train:2172,0,-1.9248330593,-1.9254121165,0.0005790572,-0.1961500522,-0.0505821731,-0.1780626513,-0.2275283914,-0.0670139175,-0.2065671067,0.1961500522,0.0505821731,0.1780626513,0.1455678791,0.0180874009,0.1274804782
train:2173,0,1.2864266634,1.2858476062,0.0005790572,0.0504423503,-0.0970816638,-0.1868545748,0.0190640111,-0.1135134082,-0.2153590303,0.0504423503,0.0970816638,0.1868545748,-0.0466393136,-0.1364122246,0.0897729110
train:2183,0,1.0425697565,1.0419906993,0.0005790572,0.0321378831,-0.0073218372,-0.1033211686,0.0007595439,-0.0237535815,-0.1318256240,0.0321378831,0.0073218372,0.1033211686,0.0248160459,-0.0711832855,0.0959993314
train:2188,0,-0.0764557794,-0.0770348366,0.0005790572,-0.0787055072,-0.0828211185,-0.0136983953,-0.1100838464,-0.0992528628,-0.0422028508,0.0787055072,0.0828211185,0.0136983953,-0.0041156113,0.0650071118,-0.0691227231
train:2199,0,1.6995015144,1.6989224572,0.0005790572,-0.0371050712,0.0905877326,0.0067050718,-0.0684834104,0.0741559882,-0.0217993837,0.0371050712,0.0905877326,0.0067050718,-0.0534826614,0.0303999994,-0.0838826608
train:2201,0,-2.1729176044,-2.1734966617,0.0005790572,-0.0572608586,0.0201945279,0.0603009723,-0.0886391978,0.0037627835,0.0317965169,0.0572608586,0.0201945279,0.0603009723,0.0370663308,-0.0030401137,0.0401064444
train:2203,0,0.8331992030,0.8326201458,0.0005790572,-0.0252280112,-0.0633138444,-0.1431693174,-0.0566063504,-0.0797455888,-0.1716737728,0.0252280112,0.0633138444,0.1431693174,-0.0380858332,-0.1179413062,0.0798554730
train:2217,0,-2.0119612217,-2.0125402789,0.0005790572,-0.1042064305,-0.1918342140,-0.0603673197,-0.1355847697,-0.2082659583,-0.0888717752,0.1042064305,0.1918342140,0.0603673197,-0.0876277834,0.0438391108,-0.1314668942
train:2218,0,-3.3709118366,-3.3714908939,0.0005790572,-0.0772818204,-0.0201046493,0.0443369411,-0.1086601596,-0.0365363937,0.0158324857,0.0772818204,0.0201046493,0.0443369411,0.0571771711,0.0329448793,0.0242322918
train:2219,0,0.4197209179,0.4191418607,0.0005790572,-0.0476821538,-0.0168848958,-0.0558052696,-0.0790604930,-0.0333166402,-0.0843097251,0.0476821538,0.0168848958,0.0558052696,0.0307972580,-0.0081231158,0.0389203738
train:2220,-1,-7.7143540382,-4.2493145097,-3.4650395286,0.2977756139,0.0306465354,0.0417646185,0.2663972747,0.0142147910,0.0132601630,0.2977756139,0.0306465354,0.0417646185,0.2671290785,0.2560109954,0.0111180831
train:2223,0,0.1098772138,0.1092981566,0.0005790572,0.0250334937,0.0120481301,0.0681229718,-0.0063448455,-0.0043836143,0.0396185164,0.0250334937,0.0120481301,0.0681229718,0.0129853636,-0.0430894781,0.0560748417
train:2224,0,-2.9981169701,-2.9986960273,0.0005790572,0.2698484782,0.7282171223,0.5295495056,0.2384701390,0.7117853780,0.5010450501,0.2698484782,0.7282171223,0.5295495056,-0.4583686441,-0.2597010274,-0.1986676168
train:2233,0,1.2608985901,1.2603195328,0.0005790572,0.0205805425,-0.0540215995,-0.0103759505,-0.0107977967,-0.0704533439,-0.0388804059,0.0205805425,0.0540215995,0.0103759505,-0.0334410571,0.0102045920,-0.0436456490
train:2261,0,-2.8298449516,-2.8304240089,0.0005790572,0.2339054469,0.0971908543,0.3059238456,0.2025271077,0.0807591100,0.2774193902,0.2339054469,0.0971908543,0.3059238456,0.1367145926,-0.0720183987,0.2087329913
train:2262,0,0.7264572382,0.7258781810,0.0005790572,-0.0360198494,-0.0261803296,-0.0567344166,-0.0673981886,-0.0426120739,-0.0852388721,0.0360198494,0.0261803296,0.0567344166,0.0098395199,-0.0207145672,0.0305540871
train:2263,0,-0.6468917131,-0.6474707704,0.0005790572,-0.0250115868,-0.0098246362,-0.1001055576,-0.0563899260,-0.0262563806,-0.1286100130,0.0250115868,0.0098246362,0.1001055576,0.0151869506,-0.0750939708,0.0902809214
train:2267,0,-2.0815489292,-2.0821279865,0.0005790572,-0.1492774364,-0.0350661304,0.0673150085,-0.1806557756,-0.0514978748,0.0388105531,0.1492774364,0.0350661304,0.0673150085,0.1142113060,0.0819624279,0.0322488781
train:2272,0,-0.4400158823,-0.4405949395,0.0005790572,0.0185064200,0.1193391953,-0.3061325885,-0.0128719192,0.1029074509,-0.3346370440,0.0185064200,0.1193391953,0.3061325885,-0.1008327752,-0.2876261685,0.1867933933
train:2273,0,1.3631774187,1.3625983615,0.0005790572,-0.0600058910,-0.1027311113,-0.0413139798,-0.0913842302,-0.1191628556,-0.0698184352,0.0600058910,0.1027311113,0.0413139798,-0.0427252203,0.0186919112,-0.0614171315
train:2280,0,-2.8367710114,-2.8373500686,0.0005790572,-0.1685699102,0.0211603615,-0.1557756402,-0.1999482494,0.0047286172,-0.1842800956,0.1685699102,0.0211603615,0.1557756402,0.1474095486,0.0127942700,0.1346152786
train:2288,0,0.8541002274,0.8535211701,0.0005790572,0.0841834072,-0.0119044807,0.0783910416,0.0528050680,-0.0283362251,0.0498865862,0.0841834072,0.0119044807,0.0783910416,0.0722789265,0.0057923656,0.0664865609
train:2289,0,1.5500701666,1.5494911093,0.0005790572,0.2657910708,0.1497570250,0.3405218385,0.2344127316,0.1333252806,0.3120173831,0.2657910708,0.1497570250,0.3405218385,0.1160340458,-0.0747307677,0.1907648135
train:2290,0,1.4454956055,1.4449165482,0.0005790572,0.0860582713,0.1141073678,0.0138042234,0.0546799321,0.0976756234,-0.0147002321,0.0860582713,0.1141073678,0.0138042234,-0.0280490965,0.0722540479,-0.1003031444
train:2293,0,0.7781782746,0.7775992174,0.0005790572,0.0113110665,0.0443823311,-0.0102197863,-0.0200672727,0.0279505868,-0.0387242418,0.0113110665,0.0443823311,0.0102197863,-0.0330712646,0.0010912802,-0.0341625448
train:2295,0,1.4248703718,1.4242913146,0.0005790572,0.0209204081,0.0758857701,0.0154661201,-0.0104579311,0.0594540257,-0.0130383353,0.0209204081,0.0758857701,0.0154661201,-0.0549653620,0.0054542880,-0.0604196500
train:2296,0,1.8168392181,1.8162601609,0.0005790572,0.0538545970,0.0441687081,0.0795129798,0.0224762578,0.0277369637,0.0510085244,0.0538545970,0.0441687081,0.0795129798,0.0096858889,-0.0256583829,0.0353442717
train:2297,0,-4.4170250893,-4.4176041465,0.0005790572,0.3836139563,0.3941609833,0.3684562705,0.3522356171,0.3777292390,0.3399518151,0.3836139563,0.3941609833,0.3684562705,-0.0105470270,0.0151576858,-0.0257047128
train:2298,0,2.5689368248,2.5683577676,0.0005790572,0.0943666819,0.0651245091,0.0353268646,0.0629883427,0.0486927647,0.0068224091,0.0943666819,0.0651245091,0.0353268646,0.0292421728,0.0590398174,-0.0297976445
train:2303,0,-2.3641722202,-2.3647512775,0.0005790572,-0.0704270478,-0.0006787803,0.0172235034,-0.1018053870,-0.0171105247,-0.0112809520,0.0704270478,0.0006787803,0.0172235034,0.0697482675,0.0532035444,0.0165447231
train:2304,0,1.1046369076,1.1040578503,0.0005790572,0.3534606222,0.1742373679,0.2601583265,0.3220822830,0.1578056235,0.2316538710,0.3534606222,0.1742373679,0.2601583265,0.1792232543,0.0933022957,0.0859209586
train:2308,0,-0.6825054884,-0.6830845456,0.0005790572,-0.0635564800,-0.0164442089,-0.0468234755,-0.0949348192,-0.0328759532,-0.0753279309,0.0635564800,0.0164442089,0.0468234755,0.0471122712,0.0167330045,0.0303792667
train:2310,0,3.0332655907,3.0326865334,0.0005790572,0.0562349681,0.0520570252,-0.0240112282,0.0248566289,0.0356252808,-0.0525156837,0.0562349681,0.0520570252,0.0240112282,0.0041779429,0.0322237398,-0.0280457970
train:2313,0,1.9381968975,1.9376178403,0.0005790572,0.0022977713,0.1209162448,0.0587629341,-0.0290805679,0.1044845004,0.0302584786,0.0022977713,0.1209162448,0.0587629341,-0.1186184734,-0.0564651627,-0.0621533107
train:2316,0,1.7545493841,1.7539703269,0.0005790572,-0.0444737550,-0.0938205745,-0.0839038827,-0.0758520942,-0.1102523189,-0.1124083381,0.0444737550,0.0938205745,0.0839038827,-0.0493468195,-0.0394301277,-0.0099166919
train:2319,0,-0.6931327581,-0.6937118154,0.0005790572,-0.4212803420,-0.5106968310,-0.3696278669,-0.4526586812,-0.5271285753,-0.3981323223,0.4212803420,0.5106968310,0.3696278669,-0.0894164890,0.0516524751,-0.1410689641
train:2324,0,-1.5509141684,-1.5514932256,0.0005790572,0.1192455415,0.0873279545,0.0357373022,0.0878672023,0.0708962102,0.0072328467,0.1192455415,0.0873279545,0.0357373022,0.0319175869,0.0835082393,-0.0515906524
train:2330,0,1.6931794882,1.6926004309,0.0005790572,-0.0364886399,0.0239348385,-0.0383589007,-0.0678669791,0.0075030942,-0.0668633561,0.0364886399,0.0239348385,0.0383589007,0.0125538014,-0.0018702608,0.0144240622
train:2332,0,0.1460733563,0.1454942990,0.0005790572,0.1293800671,0.0378018070,0.1132530831,0.0980017279,0.0213700626,0.0847486276,0.1293800671,0.0378018070,0.1132530831,0.0915782601,0.0161269840,0.0754512761
train:2338,0,0.9252928495,0.9247137923,0.0005790572,0.0151138429,-0.0045164850,0.0105805658,-0.0162644963,-0.0209482293,-0.0179238897,0.0151138429,0.0045164850,0.0105805658,0.0105973579,0.0045332771,0.0060640808
train:2343,0,-1.8414579630,-1.8420370202,0.0005790572,-0.7631474611,-0.5760471847,-0.5711060502,-0.7945258003,-0.5924789291,-0.5996105056,0.7631474611,0.5760471847,0.5711060502,0.1871002764,0.1920414109,-0.0049411345
train:2345,0,1.6036421061,1.6030630488,0.0005790572,-0.0159621116,-0.0039886262,-0.0626268126,-0.0473404508,-0.0204203706,-0.0911312680,0.0159621116,0.0039886262,0.0626268126,0.0119734854,-0.0466647010,0.0586381864
train:2349,-1,-1.2842613459,2.1807781827,-3.4650395286,0.0645620700,0.1018012490,0.0479722038,0.0331837308,0.0853695047,0.0194677484,0.0645620700,0.1018012490,0.0479722038,-0.0372391790,0.0165898662,-0.0538290452
train:2353,0,-4.6525459290,-4.6531249862,0.0005790572,0.0071967963,-0.0406444099,-0.0110455491,-0.0241815429,-0.0570761543,-0.0395500045,0.0071967963,0.0406444099,0.0110455491,-0.0334476136,-0.0038487528,-0.0295988608
train:2360,0,-1.4871752262,-1.4877542835,0.0005790572,-0.0512347099,0.0098640893,0.0193004869,-0.0826130491,-0.0065676551,-0.0092039685,0.0512347099,0.0098640893,0.0193004869,0.0413706206,0.0319342230,0.0094363976
train:2361,0,0.8781839609,0.8776049037,0.0005790572,-0.0867280837,-0.0889397290,-0.1525544859,-0.1181064229,-0.1053714733,-0.1810589414,0.0867280837,0.0889397290,0.1525544859,-0.0022116452,-0.0658264022,0.0636147570
train:2366,0,-4.1242947578,-4.1248738151,0.0005790572,-0.4199164983,-0.2560138729,-0.3677359559,-0.4512948375,-0.2724456172,-0.3962404113,0.4199164983,0.2560138729,0.3677359559,0.1639026254,0.0521805424,0.1117220830
train:2371,0,1.0869454145,1.0863663573,0.0005790572,-0.1271788951,-0.1965819623,-0.1526455618,-0.1585572343,-0.2130137067,-0.1811500173,0.1271788951,0.1965819623,0.1526455618,-0.0694030672,-0.0254666667,-0.0439364005
train:2374,0,0.7965686321,0.7959895749,0.0005790572,-0.0676731344,-0.0162765410,-0.0820266940,-0.0990514736,-0.0327082854,-0.1105311494,0.0676731344,0.0162765410,0.0820266940,0.0513965935,-0.0143535595,0.0657501530
train:2375,0,0.2955675423,0.2949884851,0.0005790572,0.0964902762,0.2329403210,0.2718936764,0.0651119370,0.2165085767,0.2433892209,0.0964902762,0.2329403210,0.2718936764,-0.1364500448,-0.1754034001,0.0389533553
train:2385,0,-0.6887772083,-0.6893562656,0.0005790572,-0.0227684852,0.0138140295,0.0681984089,-0.0541468244,-0.0026177149,0.0396939535,0.0227684852,0.0138140295,0.0681984089,0.0089544557,-0.0454299237,0.0543843795
train:2395,0,-1.4883224964,-1.4889015537,0.0005790572,-0.1047085401,0.0086894009,-0.1175938584,-0.1360868793,-0.0077423434,-0.1460983138,0.1047085401,0.0086894009,0.1175938584,0.0960191392,-0.0128853183,0.1089044575
train:2397,0,0.0773776993,0.0767986421,0.0005790572,-0.0061812352,0.0149480600,0.1148890071,-0.0375595744,-0.0014836844,0.0863845516,0.0061812352,0.0149480600,0.1148890071,-0.0087668247,-0.1087077718,0.0999409471
train:2401,0,1.2398579121,1.2392788548,0.0005790572,-0.0007151242,0.0123493645,0.0285200141,-0.0320934634,-0.0040823798,0.0000155587,0.0007151242,0.0123493645,0.0285200141,-0.0116342403,-0.0278048899,0.0161706496
train:2403,0,0.8322468996,0.8316678424,0.0005790572,-0.0519543763,-0.0621175196,-0.0389024951,-0.0833327155,-0.0785492640,-0.0674069505,0.0519543763,0.0621175196,0.0389024951,-0.0101631433,0.0130518813,-0.0232150246
train:2411,0,-0.3352655768,-0.3358446341,0.0005790572,0.1456459585,0.0743554804,0.1202259324,0.1142676193,0.0579237361,0.0917214770,0.1456459585,0.0743554804,0.1202259324,0.0712904781,0.0254200261,0.0458704520
train:2415,0,0.8094496727,0.8088706155,0.0005790572,0.0034324054,0.0006627414,0.0053791665,-0.0279459338,-0.0157690029,-0.0231252890,0.0034324054,0.0006627414,0.0053791665,0.0027696639,-0.0019467611,0.0047164250
train:2423,0,2.1193265915,2.1187475343,0.0005790572,-0.0053762075,-0.0737607505,-0.0306011178,-0.0367545467,-0.0901924949,-0.0591055732,0.0053762075,0.0737607505,0.0306011178,-0.0683845431,-0.0252249103,-0.0431596328
train:2425,0,-0.7237359881,-0.7243150454,0.0005790572,-0.0853384610,-0.0089805152,0.1079395674,-0.1167168002,-0.0254122596,0.0794351120,0.0853384610,0.0089805152,0.1079395674,0.0763579458,-0.0226011064,0.0989590522
train:2428,0,0.4510011971,0.4504221399,0.0005790572,-0.2470243152,-0.0302446511,-0.1838474311,-0.2784026544,-0.0466763954,-0.2123518865,0.2470243152,0.0302446511,0.1838474311,0.2167796642,0.0631768841,0.1536027800
train:2433,0,1.8294591904,1.8288801331,0.0005790572,0.0479660157,0.2685729239,0.1146083139,0.0165876765,0.2521411795,0.0861038584,0.0479660157,0.2685729239,0.1146083139,-0.2206069082,-0.0666422982,-0.1539646100
train:2435,0,0.2351075411,0.2345284838,0.0005790572,-0.0588765021,-0.0757184055,-0.1079453565,-0.0902548414,-0.0921501498,-0.1364498120,0.0588765021,0.0757184055,0.1079453565,-0.0168419033,-0.0490688544,0.0322269510
train:2439,0,0.2716064751,0.2710274179,0.0005790572,0.4335473601,0.3724173952,0.4419261329,0.4021690209,0.3559856508,0.4134216774,0.4335473601,0.3724173952,0.4419261329,0.0611299649,-0.0083787728,0.0695087377
train:2440,0,2.0588364601,2.0582574029,0.0005790572,0.0009800319,0.0741424534,0.0328225158,-0.0303983073,0.0577107091,0.0043180604,0.0009800319,0.0741424534,0.0328225158,-0.0731624216,-0.0318424840,-0.0413199376
train:2453,0,0.3221585155,0.3215794582,0.0005790572,-0.0727671262,-0.0804652002,0.0164934061,-0.1041454654,-0.0968969445,-0.0120110493,0.0727671262,0.0804652002,0.0164934061,-0.0076980740,0.0562737200,-0.0639717940
train:2466,0,-0.6064862609,-0.6070653181,0.0005790572,-0.0807776030,-0.1396368172,-0.0922983624,-0.1121559422,-0.1560685616,-0.1208028178,0.0807776030,0.1396368172,0.0922983624,-0.0588592142,-0.0115207594,-0.0473384548
train:2484,0,0.4864030480,0.4858239908,0.0005790572,-0.0034354802,0.0591757867,-0.0102649666,-0.0348138194,0.0427440424,-0.0387694221,0.0034354802,0.0591757867,0.0102649666,-0.0557403065,-0.0068294864,-0.0489108201
train:2499,0,1.8379529715,1.8373739142,0.0005790572,0.0296641711,-0.0125895765,-0.0390952565,-0.0017141681,-0.0290213208,-0.0675997119,0.0296641711,0.0125895765,0.0390952565,0.0170745946,-0.0094310854,0.0265056800
train:2501,0,1.9204133749,1.9198343177,0.0005790572,-0.0318513986,0.0009993289,-0.0263672806,-0.0632297378,-0.0154324155,-0.0548717361,0.0318513986,0.0009993289,0.0263672806,0.0308520697,0.0054841179,0.0253679518
train:2502,0,-1.2301586866,-1.2307377439,0.0005790572,0.0010961417,-0.0426260259,-0.1095970608,-0.0302821975,-0.0590577703,-0.1381015163,0.0010961417,0.0426260259,0.1095970608,-0.0415298842,-0.1085009191,0.0669710349
train:2508,0,0.7403742671,0.7397952099,0.0005790572,-0.0319993969,-0.0956652191,0.0086977743,-0.0633777361,-0.1120969634,-0.0198066812,0.0319993969,0.0956652191,0.0086977743,-0.0636658221,0.0233016227,-0.0869674448
train:2512,0,1.3466911316,1.3461120744,0.0005790572,0.0102133874,-0.0273046520,-0.0212340094,-0.0211649518,-0.0437363963,-0.0497384649,0.0102133874,0.0273046520,0.0212340094,-0.0170912646,-0.0110206220,-0.0060706426
train:2518,0,0.6802186370,0.6796395798,0.0005790572,-0.1852076527,-0.1579027202,-0.1564678885,-0.2165859919,-0.1743344646,-0.1849723439,0.1852076527,0.1579027202,0.1564678885,0.0273049325,0.0287397642,-0.0014348317
train:2531,0,-0.0851774514,-0.0857565086,0.0005790572,0.0151474971,0.1423622940,0.0557519458,-0.0162308421,0.1259305496,0.0272474904,0.0151474971,0.1423622940,0.0557519458,-0.1272147968,-0.0406044487,-0.0866103481
train:2534,0,1.9923275709,1.9917485137,0.0005790572,-0.0052864429,0.0310622428,0.0041401647,-0.0366647821,0.0146304984,-0.0243642907,0.0052864429,0.0310622428,0.0041401647,-0.0257757999,0.0011462782,-0.0269220780
train:2540,0,1.2552148104,1.2546357531,0.0005790572,0.0014020327,0.0280214522,0.0296770595,-0.0299763065,0.0115897078,0.0011726041,0.0014020327,0.0280214522,0.0296770595,-0.0266194195,-0.0282750268,0.0016556073
train:2557,0,2.0115776062,2.0109985490,0.0005790572,0.1177928571,-0.0025165107,-0.0508283116,0.0864145179,-0.0189482551,-0.0793327670,0.1177928571,0.0025165107,0.0508283116,0.1152763463,0.0669645455,0.0483118009
train:2567,0,2.1490375996,2.1484585423,0.0005790572,0.0245984916,0.0285580132,0.0205949806,-0.0067798476,0.0121262688,-0.0079094749,0.0245984916,0.0285580132,0.0205949806,-0.0039595217,0.0040035110,-0.0079630326
train:2569,0,0.4255934060,0.4250143487,0.0005790572,0.0951915208,0.0832316551,0.1312720738,0.0638131816,0.0667999108,0.1027676184,0.0951915208,0.0832316551,0.1312720738,0.0119598657,-0.0360805530,0.0480404187
train:2570,0,2.0782966614,2.0777176041,0.0005790572,-0.0828720208,-0.0185592201,-0.0534835793,-0.1142503600,-0.0349909644,-0.0819880347,0.0828720208,0.0185592201,0.0534835793,0.0643128008,0.0293884415,0.0349243592
train:2573,0,-0.1054542065,-0.1060332637,0.0005790572,0.1539341334,0.0431106958,0.0360582732,0.1225557942,0.0266789515,0.0075538177,0.1539341334,0.0431106958,0.0360582732,0.1108234376,0.1178758603,-0.0070524227
train:2583,0,1.1375765800,1.1369975228,0.0005790572,0.1379115704,0.1149688933,0.0226012729,0.1065332312,0.0985371489,-0.0059031825,0.1379115704,0.1149688933,0.0226012729,0.0229426771,0.1153102975,-0.0923676204
train:2592,0,1.0669803619,1.0664013047,0.0005790572,0.1826849107,0.1541081641,0.0857470296,0.1513065715,0.1376764197,0.0572425742,0.1826849107,0.1541081641,0.0857470296,0.0285767466,0.0969378810,-0.0683611344
train:2600,0,-0.5539830327,-0.5545620899,0.0005790572,0.0410679106,-0.0202455547,0.0341245197,0.0096895714,-0.0366772990,0.0056200642,0.0410679106,0.0202455547,0.0341245197,0.0208223559,0.0069433909,0.0138789650
train:2601,0,-1.4623707533,-1.4629498105,0.0005790572,-0.1416176435,-0.2990270879,-0.1930769421,-0.1729959827,-0.3154588323,-0.2215813976,0.1416176435,0.2990270879,0.1930769421,-0.1574094445,-0.0514592986,-0.1059501458
train:2604,0,-0.5040363073,-0.5046153646,0.0005790572,-0.0868720289,-0.0079469707,0.0000416301,-0.1182503681,-0.0243787151,-0.0284628253,0.0868720289,0.0079469707,0.0000416301,0.0789250582,0.0868303988,-0.0079053406
train:2616,0,0.9228386283,0.9222595711,0.0005790572,-0.2664618965,-0.2087066796,-0.2394881584,-0.2978402357,-0.2251384239,-0.2679926138,0.2664618965,0.2087066796,0.2394881584,0.0577552170,0.0269737382,0.0307814788
train:2625,0,0.9555728436,0.9549937863,0.0005790572,-0.0157427665,0.0414211128,-0.0020299889,-0.0471211057,0.0249893684,-0.0305344444,0.0157427665,0.0414211128,0.0020299889,-0.0256783463,0.0137127776,-0.0393911239
train:2632,0,3.5571119785,3.5565329213,0.0005790572,0.0047658805,0.0021984551,0.0285693668,-0.0266124587,-0.0142332893,0.0000649113,0.0047658805,0.0021984551,0.0285693668,0.0025674254,-0.0238034863,0.0263709117
train:2638,0,0.5149713159,0.5143922586,0.0005790572,-0.0468289729,-0.0028653767,0.0407329462,-0.0782073121,-0.0192971211,0.0122284908,0.0468289729,0.0028653767,0.0407329462,0.0439635962,0.0060960267,0.0378675695
train:2640,0,-1.9493272305,-1.9499062877,0.0005790572,-0.0335810062,-0.0845851924,0.0878271125,-0.0649593454,-0.1010169368,0.0593226571,0.0335810062,0.0845851924,0.0878271125,-0.0510041863,-0.0542461064,0.0032419201
train:2641,0,0.4990926981,0.4985136409,0.0005790572,0.0497661058,0.1270622585,0.1260146759,0.0183877666,0.1106305141,0.0975102205,0.0497661058,0.1270622585,0.1260146759,-0.0772961527,-0.0762485702,-0.0010475825
train:2645,0,0.5938626528,0.5932835955,0.0005790572,0.0000640277,-0.0518824484,-0.0147710182,-0.0313143115,-0.0683141928,-0.0432754736,0.0000640277,0.0518824484,0.0147710182,-0.0518184208,-0.0147069905,-0.0371114303
train:2662,0,0.0625093281,0.0619302709,0.0005790572,0.0399059776,0.0414522786,0.1697350852,0.0085276384,0.0250205342,0.1412306298,0.0399059776,0.0414522786,0.1697350852,-0.0015463009,-0.1298291076,0.1282828067
train:2671,0,0.7227024436,0.7221233864,0.0005790572,-0.2789167639,-0.1417722728,-0.0571294762,-0.3102951031,-0.1582040172,-0.0856339317,0.2789167639,0.1417722728,0.0571294762,0.1371444911,0.2217872877,-0.0846427966
train:2674,0,2.0646402836,2.0640612263,0.0005790572,-0.0075114843,0.0160484288,-0.0535610653,-0.0388898235,-0.0003833156,-0.0820655208,0.0075114843,0.0160484288,0.0535610653,-0.0085369445,-0.0460495811,0.0375126366
train:2676,0,-0.5933827162,-0.5939617734,0.0005790572,-1.1461042043,-0.3727620270,-1.2312884070,-1.1774825435,-0.3891937714,-1.2597928624,1.1461042043,0.3727620270,1.2312884070,0.7733421773,-0.0851842027,0.8585263800
train:2677,0,-2.7802383900,-2.7808174472,0.0005790572,-0.1672335740,-0.1601824787,-0.0975404717,-0.1986119132,-0.1766142230,-0.1260449271,0.1672335740,0.1601824787,0.0975404717,0.0070510954,0.0696931023,-0.0626420070
train:2682,0,1.4831224680,1.4825434108,0.0005790572,0.0216951493,0.0018235419,-0.0129799582,-0.0096831899,-0.0146082025,-0.0414844136,0.0216951493,0.0018235419,0.0129799582,0.0198716074,0.0087151911,0.0111564163
train:2683,0,1.2388304472,1.2382513900,0.0005790572,0.0791074160,0.0051749919,0.0138651393,0.0477290768,-0.0112567525,-0.0146393161,0.0791074160,0.0051749919,0.0138651393,0.0739324242,0.0652422767,0.0086901475
train:2686,0,-2.2847590446,-2.2853381019,0.0005790572,0.0516291980,0.1539776299,0.1745032333,0.0202508588,0.1375458855,0.1459987778,0.0516291980,0.1539776299,0.1745032333,-0.1023484319,-0.1228740353,0.0205256034
train:2692,0,-3.7694444656,-3.7700235229,0.0005790572,-0.1909607526,-0.2894387271,-0.2888594605,-0.2223390918,-0.3058704715,-0.3173639159,0.1909607526,0.2894387271,0.2888594605,-0.0984779745,-0.0978987079,-0.0005792666
train:2698,0,0.6527310610,0.6521520037,0.0005790572,-0.0685178515,0.0521308754,0.1284607314,-0.0998961907,0.0356991310,0.0999562759,0.0685178515,0.0521308754,0.1284607314,0.0163869761,-0.0599428799,0.0763298560
train:2705,0,1.7013672590,1.7007882018,0.0005790572,-0.0082758542,-0.0590645101,-0.1531270482,-0.0396541934,-0.0754962545,-0.1816315036,0.0082758542,0.0590645101,0.1531270482,-0.0507886559,-0.1448511939,0.0940625381
train:2707,0,-0.2849864662,-0.2855655234,0.0005790572,-0.0481378313,-0.0203982618,-0.0783644505,-0.0795161705,-0.0368300061,-0.1068689059,0.0481378313,0.0203982618,0.0783644505,0.0277395695,-0.0302266192,0.0579661887
train:2709,0,1.6597812176,1.6592021603,0.0005790572,0.0297634724,-0.0062563446,-0.1284594275,-0.0016148668,-0.0226880889,-0.1569638829,0.0297634724,0.0062563446,0.1284594275,0.0235071279,-0.0986959551,0.1222030830
train:2711,0,0.5765470266,0.5759679694,0.0005790572,0.0298547868,0.0362918947,-0.0653941371,-0.0015235524,0.0198601503,-0.0938985925,0.0298547868,0.0362918947,0.0653941371,-0.0064371079,-0.0355393503,0.0291022424
train:2716,0,-2.3654778004,-2.3660568576,0.0005790572,0.0999459151,-0.0853879478,0.0857600234,0.0685675759,-0.1018196922,0.0572555680,0.0999459151,0.0853879478,0.0857600234,0.0145579673,0.0141858917,0.0003720757
train:2722,0,-0.0814735368,-0.0820525940,0.0005790572,-0.0442453649,-0.0615659978,-0.0468276404,-0.0756237041,-0.0779977422,-0.0753320958,0.0442453649,0.0615659978,0.0468276404,-0.0173206329,-0.0025822755,-0.0147383574
train:2740,0,0.9984886646,0.9979096074,0.0005790572,-0.0203364965,0.0616169546,0.0501448773,-0.0517148357,0.0451852102,0.0216404218,0.0203364965,0.0616169546,0.0501448773,-0.0412804581,-0.0298083808,-0.0114720773
train:2747,0,2.0425813198,2.0420022626,0.0005790572,0.0500427607,-0.0065972831,-0.0143793561,0.0186644215,-0.0230290275,-0.0428838115,0.0500427607,0.0065972831,0.0143793561,0.0434454776,0.0356634047,0.0077820729
train:2749,0,-0.0496627837,-0.0502418410,0.0005790572,0.0491675485,0.0494902331,0.0827680491,0.0177892093,0.0330584888,0.0542635937,0.0491675485,0.0494902331,0.0827680491,-0.0003226846,-0.0336005006,0.0332778160
train:2753,0,2.6771073341,2.6765282769,0.0005790572,0.0232662085,0.0397891972,-0.0544455983,-0.0081121307,0.0233574528,-0.0829500537,0.0232662085,0.0397891972,0.0544455983,-0.0165229887,-0.0311793897,0.0146564011
train:2757,0,-0.5227960944,-0.5233751517,0.0005790572,-0.0007013854,-0.1475760665,-0.1391680576,-0.0320797246,-0.1640078109,-0.1676725130,0.0007013854,0.1475760665,0.1391680576,-0.1468746811,-0.1384666722,-0.0084080089
train:2761,0,0.6208902001,0.6203111429,0.0005790572,-0.0788421508,-0.0550207522,-0.0577864982,-0.1102204900,-0.0714524966,-0.0862909537,0.0788421508,0.0550207522,0.0577864982,0.0238213986,0.0210556526,0.0027657460
train:2773,0,2.2363495827,2.2357705254,0.0005790572,-0.0484951612,-0.0096852806,-0.0765152909,-0.0798735004,-0.0261170249,-0.1050197463,0.0484951612,0.0096852806,0.0765152909,0.0388098806,-0.0280201297,0.0668300103
train:2780,0,-2.4446117878,-2.4451908450,0.0005790572,-1.6337061402,-1.3661284473,-1.2088377215,-1.6650844794,-1.3825601917,-1.2373421769,1.6337061402,1.3661284473,1.2088377215,0.2675776929,0.4248684187,-0.1572907258
train:2784,0,1.5151526928,1.5145736356,0.0005790572,-0.0145443555,-0.0000910785,0.1076597236,-0.0459226947,-0.0165228229,0.0791552682,0.0145443555,0.0000910785,0.1076597236,0.0144532770,-0.0931153681,0.1075686451
train:2790,0,1.5449665785,1.5443875212,0.0005790572,-0.0262994643,-0.0282161262,-0.0783790089,-0.0576778035,-0.0446478706,-0.1068834644,0.0262994643,0.0282161262,0.0783790089,-0.0019166619,-0.0520795446,0.0501628827
train:2792,0,0.3090984225,0.3085193653,0.0005790572,-0.1304810222,-0.1225652125,-0.1211610176,-0.1618593614,-0.1389969568,-0.1496654730,0.1304810222,0.1225652125,0.1211610176,0.0079158098,0.0093200047,-0.0014041949
train:2793,0,0.9393112659,0.9387322087,0.0005790572,0.3796668176,0.5829267476,0.4845779799,0.3482884784,0.5664950032,0.4560735245,0.3796668176,0.5829267476,0.4845779799,-0.2032599300,-0.1049111623,-0.0983487677
train:2798,0,1.0317922831,1.0312132258,0.0005790572,0.1043138031,0.1407047484,0.0624439381,0.0729354639,0.1242730040,0.0339394827,0.1043138031,0.1407047484,0.0624439381,-0.0363909453,0.0418698650,-0.0782608103
train:2806,0,-0.0289558023,-0.0295348596,0.0005790572,-0.0114930671,-0.0339163791,0.0018867962,-0.0428714063,-0.0503481235,-0.0266176592,0.0114930671,0.0339163791,0.0018867962,-0.0224233121,0.0096062709,-0.0320295829
train:2807,0,1.6467363834,1.6461573262,0.0005790572,-0.0814635631,-0.1644885566,-0.0873019435,-0.1128419023,-0.1809203010,-0.1158063989,0.0814635631,0.1644885566,0.0873019435,-0.0830249935,-0.0058383804,-0.0771866132
train:2811,0,0.4567105174,0.4561314602,0.0005790572,-0.0688095566,-0.1435361531,-0.0921428539,-0.1001878958,-0.1599678974,-0.1206473093,0.0688095566,0.1435361531,0.0921428539,-0.0747265965,-0.0233332973,-0.0513932992
train:2814,0,1.4641366005,1.4635575433,0.0005790572,-0.0219559547,-0.0432260063,-0.1205553748,-0.0533342939,-0.0596577506,-0.1490598302,0.0219559547,0.0432260063,0.1205553748,-0.0212700516,-0.0985994201,0.0773293685
train:2820,0,-1.5205881596,-1.5211672168,0.0005790572,0.0710239533,-0.0506252077,-0.0231640078,0.0396456141,-0.0670569520,-0.0516684633,0.0710239533,0.0506252077,0.0231640078,0.0203987457,0.0478599455,-0.0274611998
train:2826,0,0.2542288005,0.2536497433,0.0005790572,0.0316469494,0.0416857872,0.0466434471,0.0002686102,0.0252540428,0.0181389917,0.0316469494,0.0416857872,0.0466434471,-0.0100388378,-0.0149964977,0.0049576599
train:2827,0,-0.2794093490,-0.2799884062,0.0005790572,-0.0321460243,-0.0597375657,-0.1573562659,-0.0635243635,-0.0761693101,-0.1858607214,0.0321460243,0.0597375657,0.1573562659,-0.0275915414,-0.1252102416,0.0976187002
train:2829,0,0.6247044206,0.6241253633,0.0005790572,0.0241044883,0.0283839080,0.0131303333,-0.0072738509,0.0119521637,-0.0153741222,0.0241044883,0.0283839080,0.0131303333,-0.0042794198,0.0109741550,-0.0152535748
train:2851,0,-0.0693464801,-0.0699255373,0.0005790572,-0.1368988257,0.0776893247,0.1004622020,-0.1682771649,0.0612575803,0.0719577465,0.1368988257,0.0776893247,0.1004622020,0.0592095010,0.0364366237,0.0227728773
train:2858,0,1.4124227762,1.4118437190,0.0005790572,-0.0307083007,-0.0308388498,-0.0628701188,-0.0620866399,-0.0472705941,-0.0913745742,0.0307083007,0.0308388498,0.0628701188,-0.0001305491,-0.0321618181,0.0320312690
train:2862,0,1.0964639187,1.0958848614,0.0005790572,-0.0018322345,0.0176986430,0.0505397581,-0.0332105737,0.0012668986,0.0220353026,0.0018322345,0.0176986430,0.0505397581,-0.0158664085,-0.0487075236,0.0328411151
train:2864,0,-0.1464861035,-0.1470651608,0.0005790572,-0.0735312205,-0.2094669741,-0.2621028163,-0.1049095597,-0.2258987184,-0.2906072717,0.0735312205,0.2094669741,0.2621028163,-0.1359357536,-0.1885715958,0.0526358422
train:2865,-1,-6.4059119225,-2.9408723939,-3.4650395286,0.1110621568,0.2428068843,0.3124459997,0.0796838176,0.2263751399,0.2839415443,0.1110621568,0.2428068843,0.3124459997,-0.1317447275,-0.2013838429,0.0696391154
train:2867,0,0.3919720054,0.3913929481,0.0005790572,0.0057380620,-0.1865665343,-0.2401331998,-0.0256402772,-0.2029982786,-0.2686376553,0.0057380620,0.1865665343,0.2401331998,-0.1808284722,-0.2343951378,0.0535666656
train:2876,0,-0.6920191646,-0.6925982218,0.0005790572,0.0340889219,-0.2004619267,0.0375938080,0.0027105827,-0.2168936711,0.0090893526,0.0340889219,0.2004619267,0.0375938080,-0.1663730048,-0.0035048861,-0.1628681187
train:2882,0,2.2424709797,2.2418919225,0.0005790572,0.0015519980,0.0790700886,0.0439290069,-0.0298263412,0.0626383443,0.0154245515,0.0015519980,0.0790700886,0.0439290069,-0.0775180906,-0.0423770089,-0.0351410817
train:2886,0,-2.2228477001,-2.2234267574,0.0005790572,0.0888208274,0.0111913655,0.0951527618,0.0574424882,-0.0052403789,0.0666483063,0.0888208274,0.0111913655,0.0951527618,0.0776294619,-0.0063319344,0.0839613963
train:2888,0,2.9405143261,2.9399352689,0.0005790572,0.0751527671,0.0798079941,0.0178281330,0.0437744279,0.0633762498,-0.0106763225,0.0751527671,0.0798079941,0.0178281330,-0.0046552271,0.0573246341,-0.0619798612
train:2890,0,0.2806823254,0.2801032681,0.0005790572,-0.1206990656,-0.0092301991,-0.1210950948,-0.1520774048,-0.0256619435,-0.1495995503,0.1206990656,0.0092301991,0.1210950948,0.1114688665,-0.0003960293,0.1118648957
train:2893,-1,-2.5816214085,0.8834181201,-3.4650395286,-0.0147644404,0.0164590802,0.0409340874,-0.0461427796,0.0000273358,0.0124296319,0.0147644404,0.0164590802,0.0409340874,-0.0016946398,-0.0261696469,0.0244750071
train:2905,0,-2.2767755985,-2.2773546558,0.0005790572,0.1435936812,-0.0115909603,0.0102168582,0.1122153420,-0.0280227046,-0.0182875972,0.1435936812,0.0115909603,0.0102168582,0.1320027210,0.1333768230,-0.0013741020
train:2906,0,-1.1121068001,-1.1126858573,0.0005790572,-0.1476614948,0.0070292924,0.0415199064,-0.1790398340,-0.0094024520,0.0130154509,0.1476614948,0.0070292924,0.0415199064,0.1406322025,0.1061415885,0.0344906140
train:2907,0,2.1607439518,2.1601648946,0.0005790572,0.0236712817,0.0196299527,0.0026923679,-0.0077070575,0.0031982083,-0.0258120876,0.0236712817,0.0196299527,0.0026923679,0.0040413290,0.0209789138,-0.0169375848
train:2925,0,0.5216661692,0.5210871119,0.0005790572,-0.1321390744,0.0345184777,0.0971125029,-0.1635174136,0.0180867333,0.0686080475,0.1321390744,0.0345184777,0.0971125029,0.0976205968,0.0350265715,0.0625940252
train:2928,0,2.3381776810,2.3375986237,0.0005790572,0.0281378154,-0.0028004672,-0.0248449780,-0.0032405238,-0.0192322116,-0.0533494334,0.0281378154,0.0028004672,0.0248449780,0.0253373481,0.0032928374,0.0220445108
train:2937,0,1.8836804628,1.8831014056,0.0005790572,-0.0083349820,0.0099571917,-0.0378627516,-0.0397133212,-0.0064745527,-0.0663672071,0.0083349820,0.0099571917,0.0378627516,-0.0016222097,-0.0295277696,0.0279055599
train:2946,0,-0.0665415153,-0.0671205725,0.0005790572,0.0412387524,0.0301674280,0.0095727779,0.0098604132,0.0137356837,-0.0189316775,0.0412387524,0.0301674280,0.0095727779,0.0110713243,0.0316659745,-0.0205946501
train:2948,0,2.8453011513,2.8447220940,0.0005790572,0.1064676169,0.0946791146,0.1262587570,0.0750892777,0.0782473702,0.0977543015,0.1064676169,0.0946791146,0.1262587570,0.0117885023,-0.0197911400,0.0315796424
train:2955,0,-2.1815938950,-2.1821729522,0.0005790572,-0.0648523446,-0.0836322334,-0.0469840504,-0.0962306838,-0.1000639777,-0.0754885059,0.0648523446,0.0836322334,0.0469840504,-0.0187798887,0.0178682942,-0.0366481830
train:2972,0,0.0193080567,0.0187289994,0.0005790572,-0.0266884107,-0.0363786656,-0.0139302835,-0.0580667499,-0.0528104100,-0.0424347389,0.0266884107,0.0363786656,0.0139302835,-0.0096902549,0.0127581272,-0.0224483822
train:2973,0,-0.0371067636,-0.0376858208,0.0005790572,-0.0390142117,0.0085933145,-0.0605415851,-0.0703925509,-0.0078384299,-0.0890460405,0.0390142117,0.0085933145,0.0605415851,0.0304208972,-0.0215273734,0.0519482706
train:2974,0,1.4197082520,1.4191291947,0.0005790572,0.0742546443,-0.0296824005,0.0013505481,0.0428763051,-0.0461141448,-0.0271539073,0.0742546443,0.0296824005,0.0013505481,0.0445722438,0.0729040962,-0.0283318523
train:2975,0,-0.9255697727,-0.9261488300,0.0005790572,0.1218871001,-0.0431513216,-0.0710322596,0.0905087609,-0.0595830660,-0.0995367151,0.1218871001,0.0431513216,0.0710322596,0.0787357785,0.0508548405,0.0278809380
train:2977,-1,-3.8807859421,-0.4157464135,-3.4650395286,-0.1340650741,-0.2489533696,0.0210185662,-0.1654434133,-0.2653851140,-0.0074858892,0.1340650741,0.2489533696,0.0210185662,-0.1148882955,0.1130465079,-0.2279348034
train:2982,0,0.8237011433,0.8231220860,0.0005790572,0.0889659051,-0.0248135354,0.0473002456,0.0575875659,-0.0412452798,0.0187957902,0.0889659051,0.0248135354,0.0473002456,0.0641523696,0.0416656595,0.0224867102
train:2983,0,-4.4270043373,-4.4275833945,0.0005790572,-0.0295568582,-0.1513016250,-0.0608106591,-0.0609351974,-0.1677333694,-0.0893151145,0.0295568582,0.1513016250,0.0608106591,-0.1217447668,-0.0312538009,-0.0904909659
train:2986,0,0.5349033475,0.5343242903,0.0005790572,-0.0278754111,-0.0119228389,-0.1106446721,-0.0592537503,-0.0283545833,-0.1391491275,0.0278754111,0.0119228389,0.1106446721,0.0159525722,-0.0827692609,0.0987218331
train:2988,0,-1.1831798553,-1.1837589126,0.0005790572,-0.1756979700,-0.1663925674,-0.1306978203,-0.2070763092,-0.1828243118,-0.1592022758,0.1756979700,0.1663925674,0.1306978203,0.0093054026,0.0450001497,-0.0356947471
train:2999,0,-1.0226153135,-1.0231943708,0.0005790572,-0.1065011498,0.0426379416,0.0016092323,-0.1378794890,0.0262061972,-0.0268952232,0.1065011498,0.0426379416,0.0016092323,0.0638632082,0.1048919175,-0.0410287093
train:3000,0,-0.7286928892,-0.7292719465,0.0005790572,-0.4020486351,-0.2648323800,-0.1864391901,-0.4334269743,-0.2812641244,-0.2149436455,0.4020486351,0.2648323800,0.1864391901,0.1372162551,0.2156094451,-0.0783931900
train:3012,0,-0.7147161365,-0.7152951937,0.0005790572,0.0283551339,-0.0631219175,0.0001612566,-0.0030232053,-0.0795536618,-0.0283431988,0.0283551339,0.0631219175,0.0001612566,-0.0347667836,0.0281938773,-0.0629606608
train:3019,0,1.3072013855,1.3066223283,0.0005790572,-0.0299143668,0.0543796990,0.1069814228,-0.0612927060,0.0379479546,0.0784769673,0.0299143668,0.0543796990,0.1069814228,-0.0244653322,-0.0770670559,0.0526017238
train:3025,0,-1.9710835218,-1.9716625791,0.0005790572,0.0668532971,-0.0734701183,0.3361625932,0.0354749579,-0.0899018626,0.3076581378,0.0668532971,0.0734701183,0.3361625932,-0.0066168212,-0.2693092961,0.2626924749
train:3031,0,0.1182128116,0.1176337544,0.0005790572,0.0924825158,0.0497392092,0.1665716507,0.0611041766,0.0333074648,0.1380671952,0.0924825158,0.0497392092,0.1665716507,0.0427433066,-0.0740891349,0.1168324415
train:3048,0,-3.1126484871,-3.1132275443,0.0005790572,0.0000754718,-0.1249439742,-0.0176330544,-0.0313028674,-0.1413757186,-0.0461375098,0.0000754718,0.1249439742,0.0176330544,-0.1248685025,-0.0175575826,-0.1073109198
train:3051,0,-2.2059264183,-2.2065054755,0.0005790572,0.0690862063,-0.1943180587,-0.2884629704,0.0377078671,-0.2107498031,-0.3169674258,0.0690862063,0.1943180587,0.2884629704,-0.1252318524,-0.2193767641,0.0941449117
train:3055,0,0.5418507457,0.5412716884,0.0005790572,-0.1023193475,-0.0357435968,-0.1486049034,-0.1336976867,-0.0521753412,-0.1771093588,0.1023193475,0.0357435968,0.1486049034,0.0665757507,-0.0462855559,0.1128613066
train:3063,0,2.3888406754,2.3882616181,0.0005790572,0.0192545775,0.0033247445,0.0477866195,-0.0121237617,-0.0131069999,0.0192821641,0.0192545775,0.0033247445,0.0477866195,0.0159298331,-0.0285320420,0.0444618750
train:3064,0,-0.0696866885,-0.0702657457,0.0005790572,0.1343910444,0.0062523458,0.1082779355,0.1030127052,-0.0101793986,0.0797734801,0.1343910444,0.0062523458,0.1082779355,0.1281386986,0.0261131089,0.1020255897
train:3070,0,1.2924185991,1.2918395419,0.0005790572,0.0190894727,-0.0132898118,0.0147942565,-0.0122888665,-0.0297215562,-0.0137101989,0.0190894727,0.0132898118,0.0147942565,0.0057996608,0.0042952161,0.0015044447
train:3071,-1,-1.9208149910,1.5442245376,-3.4650395286,0.0056104537,0.0096766677,-0.0420377239,-0.0257678855,-0.0067550767,-0.0705421794,0.0056104537,0.0096766677,0.0420377239,-0.0040662140,-0.0364272702,0.0323610563
train:3078,0,1.8604745865,1.8598955292,0.0005790572,0.0673219088,0.1253194783,0.1124103330,0.0359435696,0.1088877339,0.0839058776,0.0673219088,0.1253194783,0.1124103330,-0.0579975694,-0.0450884242,-0.0129091453
train:3083,0,1.9229357243,1.9223566670,0.0005790572,-0.1916752931,-0.1678037670,-0.1324845292,-0.2230536323,-0.1842355113,-0.1609889846,0.1916752931,0.1678037670,0.1324845292,0.0238715261,0.0591907639,-0.0353192378
train:3084,0,2.2982850075,2.2977059502,0.0005790572,-0.0914047834,-0.0613257911,-0.0741671063,-0.1227831226,-0.0777575355,-0.1026715617,0.0914047834,0.0613257911,0.0741671063,0.0300789922,0.0172376771,0.0128413152
train:3088,0,1.4261794090,1.4256003518,0.0005790572,0.2344772939,0.3469517205,0.2789657377,0.2030989547,0.3305199761,0.2504612822,0.2344772939,0.3469517205,0.2789657377,-0.1124744266,-0.0444884438,-0.0679859828
train:3096,0,2.7767784595,2.7761994023,0.0005790572,0.0375343684,0.0459330056,0.0251199268,0.0061560292,0.0295012612,-0.0033845287,0.0375343684,0.0459330056,0.0251199268,-0.0083986372,0.0124144416,-0.0208130788
train:3100,0,-0.1313440204,-0.1319230776,0.0005790572,0.0739849035,0.1543684576,0.1128589325,0.0426065643,0.1379367132,0.0843544770,0.0739849035,0.1543684576,0.1128589325,-0.0803835541,-0.0388740290,-0.0415095251
train:3101,0,-1.8055857420,-1.8061647992,0.0005790572,-0.1560870286,-0.0947011735,-0.0011324622,-0.1874653678,-0.1111329179,-0.0296369176,0.1560870286,0.0947011735,0.0011324622,0.0613858551,0.1549545664,-0.0935687114
train:3105,0,1.5394312143,1.5388521571,0.0005790572,-0.1263464566,-0.1963956382,-0.2040751912,-0.1577247958,-0.2128273826,-0.2325796466,0.1263464566,0.1963956382,0.2040751912,-0.0700491816,-0.0777287345,0.0076795529
train:3112,0,0.9873198271,0.9867407698,0.0005790572,0.0345409635,0.1123418782,0.1545270346,0.0031626243,0.0959101338,0.1260225792,0.0345409635,0.1123418782,0.1545270346,-0.0778009146,-0.1199860711,0.0421851564
train:3113,0,1.6400346756,1.6394556184,0.0005790572,-0.0480093833,-0.0173815515,-0.0608663298,-0.0793877225,-0.0338132959,-0.0893707853,0.0480093833,0.0173815515,0.0608663298,0.0306278318,-0.0128569465,0.0434847783
train:3115,0,1.8209348917,1.8203558345,0.0005790572,-0.1125665780,-0.0868480232,-0.1153547503,-0.1439449172,-0.1032797675,-0.1438592057,0.1125665780,0.0868480232,0.1153547503,0.0257185549,-0.0027881723,0.0285067271
train:3119,0,-0.2135493606,-0.2141284179,0.0005790572,-0.0025737014,0.0606622223,0.0515996478,-0.0339520406,0.0442304779,0.0230951924,0.0025737014,0.0606622223,0.0515996478,-0.0580885209,-0.0490259465,-0.0090625744
train:3121,0,-2.3678584099,-2.3684374671,0.0005790572,-0.0819634076,-0.0291631248,0.0773471855,-0.1133417468,-0.0455948692,0.0488427300,0.0819634076,0.0291631248,0.0773471855,0.0528002828,0.0046162222,0.0481840607
train:3123,-1,-5.7870721817,-2.3220326531,-3.4650395286,0.0486956712,0.0840990272,0.2899638429,0.0173173320,0.0676672828,0.2614593875,0.0486956712,0.0840990272,0.2899638429,-0.0354033560,-0.2412681718,0.2058648158
train:3134,0,1.5207060575,1.5201270003,0.0005790572,0.0278176192,0.0102397177,0.0352876447,-0.0035607200,-0.0061920266,0.0067831893,0.0278176192,0.0102397177,0.0352876447,0.0175779015,-0.0074700255,0.0250479270
train:3137,0,2.1673667431,2.1667876858,0.0005790572,0.1662036303,0.0115570996,0.0710643791,0.1348252911,-0.0048746448,0.0425599236,0.1662036303,0.0115570996,0.0710643791,0.1546465307,0.0951392513,0.0595072795
train:3141,0,1.1002632380,1.0996841807,0.0005790572,-0.1373116847,-0.0921427038,-0.0470365025,-0.1686900239,-0.1085744481,-0.0755409580,0.1373116847,0.0921427038,0.0470365025,0.0451689810,0.0902751822,-0.0451062013
train:3152,0,-2.2704429626,-2.2710220199,0.0005790572,0.0300475482,0.0301415894,-0.0227800347,-0.0013307910,0.0137098450,-0.0512844901,0.0300475482,0.0301415894,0.0227800347,-0.0000940412,0.0072675135,-0.0073615547
train:3158,-1,-2.8050663471,0.6599731815,-3.4650395286,0.0018929716,-0.0904384527,-0.0493385777,-0.0294853676,-0.1068701971,-0.0778430331,0.0018929716,0.0904384527,0.0493385777,-0.0885454811,-0.0474456060,-0.0410998751
train:3161,0,-1.0778692961,-1.0784483533,0.0005790572,-0.4387986537,-0.4226100471,-0.7225742675,-0.4701769929,-0.4390417915,-0.7510787230,0.4387986537,0.4226100471,0.7225742675,0.0161886066,-0.2837756138,0.2999642204
train:3176,0,-1.5037678480,-1.5043469053,0.0005790572,-0.2234593507,-0.2077630784,-0.1543794610,-0.2548376899,-0.2241948228,-0.1828839164,0.2234593507,0.2077630784,0.1543794610,0.0156962723,0.0690798897,-0.0533836175
train:3183,0,1.2726551294,1.2720760722,0.0005790572,0.0526316289,0.0308784220,0.0171901248,0.0212532897,0.0144466777,-0.0113143306,0.0526316289,0.0308784220,0.0171901248,0.0217532068,0.0354415040,-0.0136882972
train:3190,0,3.2106339931,3.2100549359,0.0005790572,-0.1103922006,0.0718002293,-0.0257695653,-0.1417705398,0.0553684850,-0.0542740207,0.1103922006,0.0718002293,0.0257695653,0.0385919713,0.0846226353,-0.0460306641
train:3193,0,1.0569759607,1.0563969035,0.0005790572,0.0704935912,0.0866283748,-0.0049971081,0.0391152520,0.0701966305,-0.0335015636,0.0704935912,0.0866283748,0.0049971081,-0.0161347836,0.0654964831,-0.0816312667
train:3201,0,-1.3355855942,-1.3361646514,0.0005790572,-0.3908333059,-0.4110825684,-0.1692210175,-0.4222116451,-0.4275143128,-0.1977254729,0.3908333059,0.4110825684,0.1692210175,-0.0202492625,0.2216122884,-0.2418615509
train:3202,-1,-1.0002466440,2.4647928846,-3.4650395286,0.0396964427,-0.0191134486,0.0526487842,0.0083181035,-0.0355451930,0.0241443288,0.0396964427,0.0191134486,0.0526487842,0.0205829941,-0.0129523415,0.0335353356
train:3208,0,-0.8411029577,-0.8416820150,0.0005790572,-0.0529012557,0.0943213675,0.0809601210,-0.0842795949,0.0778896231,0.0524556656,0.0529012557,0.0943213675,0.0809601210,-0.0414201118,-0.0280588653,-0.0133612465
train:3210,0,1.4152714014,1.4146923442,0.0005790572,-0.1410482999,-0.1424047973,-0.1112373807,-0.1724266391,-0.1588365417,-0.1397418361,0.1410482999,0.1424047973,0.1112373807,-0.0013564974,0.0298109192,-0.0311674167
train:3214,0,1.0728209019,1.0722418446,0.0005790572,-0.2621829387,-0.1587207344,-0.2368666865,-0.2935612779,-0.1751524787,-0.2653711419,0.2621829387,0.1587207344,0.2368666865,0.1034622043,0.0253162522,0.0781459521
train:3218,0,2.4721543789,2.4715753217,0.0005790572,0.0362409476,0.0797567341,0.0402924083,0.0048626084,0.0633249898,0.0117879529,0.0362409476,0.0797567341,0.0402924083,-0.0435157865,-0.0040514607,-0.0394643258
train:3221,0,-0.1104523018,-0.1110313590,0.0005790572,0.0150246743,0.0788322885,0.1253656782,-0.0163536649,0.0624005441,0.0968612228,0.0150246743,0.0788322885,0.1253656782,-0.0638076141,-0.1103410039,0.0465333898
train:3227,0,-0.3179864883,-0.3185655456,0.0005790572,-0.0138849195,-0.1489435759,-0.1008657999,-0.0452632587,-0.1653753202,-0.1293702554,0.0138849195,0.1489435759,0.1008657999,-0.1350586563,-0.0869808804,-0.0480777759
train:3231,0,3.0757932663,3.0752142091,0.0005790572,0.1078988437,0.1114637826,0.1324566863,0.0765205045,0.0950320382,0.1039522309,0.1078988437,0.1114637826,0.1324566863,-0.0035649389,-0.0245578427,0.0209929038
train:3241,0,0.2247195244,0.2241404671,0.0005790572,0.0355952505,0.0299192939,-0.0376223065,0.0042169113,0.0134875495,-0.0661267619,0.0355952505,0.0299192939,0.0376223065,0.0056759566,-0.0020270560,0.0077030126
train:3242,0,0.3438240588,0.3432450015,0.0005790572,0.0908607665,0.0404511962,-0.0626962818,0.0594824273,0.0240194518,-0.0912007373,0.0908607665,0.0404511962,0.0626962818,0.0504095703,0.0281644847,0.0222450856
train:3248,0,-1.3072378635,-1.3078169208,0.0005790572,-0.0070780393,-0.0207653072,0.0631258748,-0.0384563785,-0.0371970515,0.0346214194,0.0070780393,0.0207653072,0.0631258748,-0.0136872679,-0.0560478356,0.0423605677
train:3250,0,1.5983239412,1.5977448840,0.0005790572,-0.0929621335,-0.0847982194,0.0364266895,-0.1243404727,-0.1012299638,0.0079222340,0.0929621335,0.0847982194,0.0364266895,0.0081639141,0.0565354440,-0.0483715300
train:3260,0,0.8175723553,0.8169932980,0.0005790572,0.0920606974,-0.0256961014,0.0473425649,0.0606823582,-0.0421278458,0.0188381095,0.0920606974,0.0256961014,0.0473425649,0.0663645960,0.0447181325,0.0216464635
train:3262,0,-1.6813085079,-1.6818875652,0.0005790572,-0.0743107673,-0.0388070371,-0.0982272364,-0.1056891065,-0.0552387815,-0.1267316919,0.0743107673,0.0388070371,0.0982272364,0.0355037302,-0.0239164691,0.0594201993
train:3264,0,1.1496260166,1.1490469594,0.0005790572,-0.0615541812,-0.0503499534,-0.0355739333,-0.0929325204,-0.0667816978,-0.0640783887,0.0615541812,0.0503499534,0.0355739333,0.0112042278,0.0259802479,-0.0147760201
train:3270,0,0.1568878889,0.1563088317,0.0005790572,-0.1113264736,-0.1261073973,-0.1824120022,-0.1427048128,-0.1425391417,-0.2109164577,0.1113264736,0.1261073973,0.1824120022,-0.0147809237,-0.0710855286,0.0563046049
train:3275,0,-2.7200117111,-2.7205907684,0.0005790572,-0.2112783071,-0.0758087661,0.0027560256,-0.2426566463,-0.0922405105,-0.0257484298,0.2112783071,0.0758087661,0.0027560256,0.1354695410,0.2085222814,-0.0730527405
train:3277,0,-0.9298897982,-0.9304688554,0.0005790572,-0.0364065047,-0.1228505399,-0.0145754553,-0.0677848439,-0.1392822843,-0.0430799108,0.0364065047,0.1228505399,0.0145754553,-0.0864440352,0.0218310494,-0.1082750846
train:3286,0,1.2951252460,1.2945461888,0.0005790572,0.0941165809,0.0615686152,-0.0234875418,0.0627382417,0.0451368708,-0.0519919973,0.0941165809,0.0615686152,0.0234875418,0.0325479656,0.0706290390,-0.0380810734
train:3290,0,1.5865253210,1.5859462638,0.0005790572,-0.1674957153,-0.1657463338,-0.1205290295,-0.1988740545,-0.1821780782,-0.1490334850,0.1674957153,0.1657463338,0.1205290295,0.0017493814,0.0469666857,-0.0452173043
train:3293,0,1.2917497158,1.2911706586,0.0005790572,0.0076024655,0.0383868191,0.0651010536,-0.0237758737,0.0219550748,0.0365965981,0.0076024655,0.0383868191,0.0651010536,-0.0307843536,-0.0574985880,0.0267142344
train:3296,0,-0.0293102469,-0.0298893042,0.0005790572,0.1459880985,-0.0179639913,0.1508823987,0.1146097593,-0.0343957357,0.1223779433,0.1459880985,0.0179639913,0.1508823987,0.1280241072,-0.0048943002,0.1329184074
train:3297,0,2.1686639786,2.1680849213,0.0005790572,-0.0043161985,-0.0438792732,-0.0259467103,-0.0356945377,-0.0603110175,-0.0544511657,0.0043161985,0.0438792732,0.0259467103,-0.0395630747,-0.0216305118,-0.0179325629
train:3303,0,2.0674903393,2.0669112820,0.0005790572,0.0197063807,0.0074608300,0.0699063800,-0.0116719585,-0.0089709144,0.0414019246,0.0197063807,0.0074608300,0.0699063800,0.0122455508,-0.0501999993,0.0624455500
train:3316,0,0.7261838317,0.7256047745,0.0005790572,-0.0362567183,-0.0457069900,-0.0024298765,-0.0676350575,-0.0621387344,-0.0309343319,0.0362567183,0.0457069900,0.0024298765,-0.0094502717,0.0338268418,-0.0432771135
train:3325,0,-0.3628733158,-0.3634523731,0.0005790572,-0.0309603985,-0.0696788456,-0.0769946910,-0.0623387377,-0.0861105900,-0.1054991465,0.0309603985,0.0696788456,0.0769946910,-0.0387184471,-0.0460342925,0.0073158454
train:3326,0,-0.4779781103,-0.4785571676,0.0005790572,-0.1322610851,-0.1179743137,0.0500539802,-0.1636394243,-0.1344060581,0.0215495248,0.1322610851,0.1179743137,0.0500539802,0.0142867714,0.0822071049,-0.0679203335
train:3328,0,0.7114626765,0.7108836193,0.0005790572,-0.0784854766,-0.1337110426,-0.0544860102,-0.1098638158,-0.1501427870,-0.0829904657,0.0784854766,0.1337110426,0.0544860102,-0.0552255660,0.0239994664,-0.0792250324
train:3333,0,0.9478051066,0.9472260494,0.0005790572,-0.0567560669,-0.0366798069,0.0045978688,-0.0881344061,-0.0531115513,-0.0239065867,0.0567560669,0.0366798069,0.0045978688,0.0200762600,0.0521581981,-0.0320819382
train:3337,0,-1.7582718134,-1.7588508706,0.0005790572,-0.0453998920,-0.0253373411,-0.0859554745,-0.0767782312,-0.0417690854,-0.1144599300,0.0453998920,0.0253373411,0.0859554745,0.0200625509,-0.0405555826,0.0606181335
train:3342,0,2.6279234886,2.6273444314,0.0005790572,0.0023242358,-0.0371224906,-0.0340696312,-0.0290541034,-0.0535542350,-0.0625740867,0.0023242358,0.0371224906,0.0340696312,-0.0347982548,-0.0317453954,-0.0030528594
train:3353,0,0.1930617839,0.1924827267,0.0005790572,-0.0948274758,0.1095822576,0.0672046654,-0.1262058150,0.0931505133,0.0387002100,0.0948274758,0.1095822576,0.0672046654,-0.0147547819,0.0276228104,-0.0423775922
train:3354,0,0.8320009708,0.8314219136,0.0005790572,0.0308499459,0.0262328956,0.0238837264,-0.0005283933,0.0098011513,-0.0046207290,0.0308499459,0.0262328956,0.0238837264,0.0046170503,0.0069662195,-0.0023491692
train:3360,0,1.1352661848,1.1346871276,0.0005790572,0.2227674846,0.1172038291,0.0862471126,0.1913891454,0.1007720847,0.0577426572,0.2227674846,0.1172038291,0.0862471126,0.1055636555,0.1365203720,-0.0309567165
train:3364,0,1.3718310595,1.3712520022,0.0005790572,0.0239155415,0.0257598136,0.0487388633,-0.0074627977,0.0093280692,0.0202344079,0.0239155415,0.0257598136,0.0487388633,-0.0018442720,-0.0248233218,0.0229790498
train:3377,0,-2.6149976254,-2.6155766826,0.0005790572,0.0066331748,-0.0339040782,0.1840735935,-0.0247451644,-0.0503358226,0.1555691380,0.0066331748,0.0339040782,0.1840735935,-0.0272709035,-0.1774404187,0.1501695152
train:3384,0,0.8219535351,0.8213744778,0.0005790572,-0.1620796796,-0.0057162669,-0.1501871087,-0.1934580188,-0.0221480112,-0.1786915641,0.1620796796,0.0057162669,0.1501871087,0.1563634127,0.0118925709,0.1444708418
train:3387,0,0.9869803786,0.9864013214,0.0005790572,-0.0376021143,-0.0966547158,-0.0270098783,-0.0689804535,-0.1130864601,-0.0555143337,0.0376021143,0.0966547158,0.0270098783,-0.0590526015,0.0105922360,-0.0696448375
train:3388,0,0.1825333238,0.1819542665,0.0005790572,0.0918328661,0.1318503071,0.1351251267,0.0604545269,0.1154185627,0.1066206712,0.0918328661,0.1318503071,0.1351251267,-0.0400174409,-0.0432922606,0.0032748196
train:3391,0,0.2622956038,0.2617165465,0.0005790572,-0.0460632321,0.0452582512,0.0254541300,-0.0774415713,0.0288265068,-0.0030503254,0.0460632321,0.0452582512,0.0254541300,0.0008049809,0.0206091020,-0.0198041212
train:3397,0,-1.2443337440,-1.2449128013,0.0005790572,-0.0310513850,-0.0156370428,-0.0529749133,-0.0624297242,-0.0320687871,-0.0814793687,0.0310513850,0.0156370428,0.0529749133,0.0154143423,-0.0219235282,0.0373378705
train:3399,0,-0.0878021717,-0.0883812289,0.0005790572,0.0409134377,-0.0839532267,0.0288982205,0.0095350985,-0.1003849711,0.0003937651,0.0409134377,0.0839532267,0.0288982205,-0.0430397891,0.0120152172,-0.0550550062
train:3402,0,-0.5539179444,-0.5544970017,0.0005790572,0.0214522604,0.0970185373,0.0807610415,-0.0099260788,0.0805867929,0.0522565861,0.0214522604,0.0970185373,0.0807610415,-0.0755662769,-0.0593087811,-0.0162574958
train:3409,0,0.4893972278,0.4888181705,0.0005790572,-0.0073938247,0.2043078814,0.0784191154,-0.0387721639,0.1878761370,0.0499146600,0.0073938247,0.2043078814,0.0784191154,-0.1969140567,-0.0710252907,-0.1258887660
train:3410,0,-3.1874115467,-3.1879906039,0.0005790572,-0.0594917413,-0.1192696121,-0.0252912976,-0.0908700805,-0.1357013564,-0.0537957530,0.0594917413,0.1192696121,0.0252912976,-0.0597778708,0.0342004437,-0.0939783145
train:3429,0,0.7685850859,0.7680060286,0.0005790572,-0.0543976303,-0.1130059388,0.0099590085,-0.0857759695,-0.1294376831,-0.0185454469,0.0543976303,0.1130059388,0.0099590085,-0.0586083084,0.0444386218,-0.1030469302
train:3430,0,1.2304643393,1.2298852820,0.0005790572,-0.0144063111,0.0586961482,0.0941366218,-0.0457846503,0.0422644038,0.0656321664,0.0144063111,0.0586961482,0.0941366218,-0.0442898370,-0.0797303107,0.0354404736
train:3437,0,0.5982795358,0.5977004785,0.0005790572,-0.3891622301,-0.4729327586,-0.6499168016,-0.4205405693,-0.4893645029,-0.6784212570,0.3891622301,0.4729327586,0.6499168016,-0.0837705284,-0.2607545715,0.1769840430
train:3442,0,1.6801514626,1.6795724053,0.0005790572,0.0389549855,0.0540149186,-0.0126874186,0.0075766463,0.0375831742,-0.0411918740,0.0389549855,0.0540149186,0.0126874186,-0.0150599331,0.0262675669,-0.0413275000
train:3448,0,0.4625097811,0.4619307239,0.0005790572,0.0718220595,-0.0434790578,-0.0321806706,0.0404437203,-0.0599108021,-0.0606851261,0.0718220595,0.0434790578,0.0321806706,0.0283430017,0.0396413889,-0.0112983871
train:3451,0,-1.1515449286,-1.1521239858,0.0005790572,-0.0031002637,0.0212286685,0.0714352392,-0.0344786029,0.0047969241,0.0429307837,0.0031002637,0.0212286685,0.0714352392,-0.0181284047,-0.0683349755,0.0502065707
train:3453,0,3.0656716824,3.0650926251,0.0005790572,-0.0465179559,-0.0545134571,-0.0832591988,-0.0778962951,-0.0709452014,-0.1117636543,0.0465179559,0.0545134571,0.0832591988,-0.0079955012,-0.0367412429,0.0287457418
train:3456,0,2.0155718327,2.0149927754,0.0005790572,0.0258783225,0.0598003838,0.0391332172,-0.0055000167,0.0433686394,0.0106287617,0.0258783225,0.0598003838,0.0391332172,-0.0339220613,-0.0132548947,-0.0206671666
train:3457,0,1.5979571342,1.5973780770,0.0005790572,-0.0263773080,-0.0358262088,-0.0569467284,-0.0577556472,-0.0522579532,-0.0854511838,0.0263773080,0.0358262088,0.0569467284,-0.0094489008,-0.0305694204,0.0211205196
train:3487,-2,-5.3939194679,1.5367386465,-6.9306581144,0.0568911661,0.0903489072,0.0210251578,0.0255128269,0.0739171628,-0.0074792977,0.0568911661,0.0903489072,0.0210251578,-0.0334577411,0.0358660083,-0.0693237495
train:3491,0,0.4510067701,0.4504277129,0.0005790572,-0.1549919125,0.0429795358,0.0333981179,-0.1863702517,0.0265477915,0.0048936624,0.1549919125,0.0429795358,0.0333981179,0.1120123767,0.1215937946,-0.0095814180
train:3518,0,-5.1454930305,-5.1460720878,0.0005790572,-0.1637002107,-0.2251150634,-0.1702733971,-0.1950785499,-0.2415468078,-0.1987778526,0.1637002107,0.2251150634,0.1702733971,-0.0614148527,-0.0065731864,-0.0548416663
train:3520,0,0.5167547464,0.5161756892,0.0005790572,-0.1813041445,-0.1043926504,-0.1506074406,-0.2126824837,-0.1208243947,-0.1791118961,0.1813041445,0.1043926504,0.1506074406,0.0769114941,0.0306967039,0.0462147903
train:3536,0,1.4683972597,1.4678182025,0.0005790572,-0.0873892184,-0.2009340551,-0.2224551179,-0.1187675576,-0.2173657994,-0.2509595733,0.0873892184,0.2009340551,0.2224551179,-0.1135448366,-0.1350658994,0.0215210628
train:3539,0,-2.3428900242,-2.3434690814,0.0005790572,-0.0553055879,-0.0711255100,0.0971445106,-0.0866839271,-0.0875572543,0.0686400552,0.0553055879,0.0711255100,0.0971445106,-0.0158199221,-0.0418389227,0.0260190006
train:3545,0,1.5436255932,1.5430465359,0.0005790572,-0.1638505336,-0.2588878896,-0.2656779028,-0.1952288728,-0.2753196340,-0.2941823583,0.1638505336,0.2588878896,0.2656779028,-0.0950373560,-0.1018273692,0.0067900132
train:3546,0,1.4942407608,1.4936617036,0.0005790572,0.0912491206,0.1762509320,0.2393186353,0.0598707814,0.1598191876,0.2108141799,0.0912491206,0.1762509320,0.2393186353,-0.0850018114,-0.1480695147,0.0630677033
train:3548,0,2.0921137333,2.0915346761,0.0005790572,-0.1458459970,-0.0630881813,-0.1199851967,-0.1772243362,-0.0795199256,-0.1484896522,0.1458459970,0.0630881813,0.1199851967,0.0827578157,0.0258608002,0.0568970155
train:3551,0,-1.3417176008,-1.3422966581,0.0005790572,0.0776254062,0.0082905266,0.0699470304,0.0462470670,-0.0081412177,0.0414425750,0.0776254062,0.0082905266,0.0699470304,0.0693348795,0.0076783758,0.0616565038
train:3552,0,0.7936094403,0.7930303831,0.0005790572,-0.2944586750,-0.0892739918,-0.0680949427,-0.3258370142,-0.1057057362,-0.0965993982,0.2944586750,0.0892739918,0.0680949427,0.2051846832,0.2263637323,-0.0211790491
train:3554,0,2.9942553043,2.9936762471,0.0005790572,-0.0116511460,0.0034909222,-0.0511153676,-0.0430294852,-0.0129408221,-0.0796198230,0.0116511460,0.0034909222,0.0511153676,0.0081602238,-0.0394642215,0.0476244453
train:3556,0,-0.0845097974,-0.0850888546,0.0005790572,-0.0839623835,-0.0355385419,0.0088982172,-0.1153407227,-0.0519702863,-0.0196062382,0.0839623835,0.0355385419,0.0088982172,0.0484238416,0.0750641663,-0.0266403247
train:3579,0,-0.2824476361,-0.2830266934,0.0005790572,0.0687586490,0.0022608016,0.0452077650,0.0373803098,-0.0141709428,0.0167033095,0.0687586490,0.0022608016,0.0452077650,0.0664978474,0.0235508840,0.0429469634
train:3592,0,1.9972684383,1.9966893811,0.0005790572,0.0676386479,0.0105097268,0.0328092836,0.0362603087,-0.0059220176,0.0043048281,0.0676386479,0.0105097268,0.0328092836,0.0571289212,0.0348293643,0.0222995568
train:3595,0,-4.9305291176,-4.9311081748,0.0005790572,-0.1710229989,-0.1910002258,-0.1467348076,-0.2024013381,-0.2074319701,-0.1752392631,0.1710229989,0.1910002258,0.1467348076,-0.0199772269,0.0242881913,-0.0442654181
train:3602,0,2.8234801292,2.8229010720,0.0005790572,0.0281697635,0.0235593293,-0.0176633336,-0.0032085757,0.0071275849,-0.0461677890,0.0281697635,0.0235593293,0.0176633336,0.0046104342,0.0105064299,-0.0058959957
train:3604,0,-1.9614962339,-1.9620752912,0.0005790572,0.0296427134,-0.0521774318,0.0369969867,-0.0017356258,-0.0686091762,0.0084925313,0.0296427134,0.0521774318,0.0369969867,-0.0225347184,-0.0073542733,-0.0151804451
train:3609,0,-1.8285784721,-1.8291575294,0.0005790572,0.0624523286,0.0515031788,0.0887826942,0.0310739894,0.0350714345,0.0602782388,0.0624523286,0.0515031788,0.0887826942,0.0109491497,-0.0263303656,0.0372795153
train:3613,0,2.1851847172,2.1846056599,0.0005790572,-0.0052655812,0.0294756863,0.0412696861,-0.0366439204,0.0130439420,0.0127652306,0.0052655812,0.0294756863,0.0412696861,-0.0242101051,-0.0360041048,0.0117939998
train:3619,0,2.1598708630,2.1592918057,0.0005790572,-0.0090113755,-0.0242640998,-0.0676604249,-0.0403897147,-0.0406958442,-0.0961648803,0.0090113755,0.0242640998,0.0676604249,-0.0152527243,-0.0586490493,0.0433963250
train:3621,0,-0.7976928353,-0.7982718926,0.0005790572,0.0937058452,0.0377020214,0.0977412723,0.0623275060,0.0212702770,0.0692368169,0.0937058452,0.0377020214,0.0977412723,0.0560038239,-0.0040354271,0.0600392509
train:3623,0,-2.5140843391,-2.5146633964,0.0005790572,-0.1703680631,0.0174267266,-0.1093984582,-0.2017464023,0.0009949822,-0.1379029136,0.1703680631,0.0174267266,0.1093984582,0.1529413365,0.0609696049,0.0919717316
train:3626,0,-0.9027226567,-0.9033017140,0.0005790572,-0.7339539405,-0.5467575815,-0.5267051198,-0.7653322797,-0.5631893258,-0.5552095752,0.7339539405,0.5467575815,0.5267051198,0.1871963590,0.2072488207,-0.0200524617
train:3637,0,-1.3284760714,-1.3290551286,0.0005790572,0.0001124266,-0.0352476861,0.1216415428,-0.0312659126,-0.0516794305,0.0931370873,0.0001124266,0.0352476861,0.1216415428,-0.0351352595,-0.1215291161,0.0863938566
train:3650,-1,-3.0741813183,0.3908582103,-3.4650395286,0.2491098370,0.2036516395,0.2651555404,0.2177314978,0.1872198951,0.2366510850,0.2491098370,0.2036516395,0.2651555404,0.0454581976,-0.0160457034,0.0615039010
train:3651,0,0.0054300353,0.0048509781,0.0005790572,-0.2653377008,0.0162272278,-0.1090532951,-0.2967160400,-0.0002045166,-0.1375577505,0.2653377008,0.0162272278,0.1090532951,0.2491104730,0.1562844057,0.0928260673
train:3657,0,-4.7881183624,-4.7886974197,0.0005790572,0.0359028701,0.0219185326,0.1522025131,0.0045245309,0.0054867883,0.1236980576,0.0359028701,0.0219185326,0.1522025131,0.0139843374,-0.1162996430,0.1302839805
train:3663,0,-0.1042144895,-0.1047935467,0.0005790572,0.0298526782,-0.1445922729,-0.0019360371,-0.0015256610,-0.1610240172,-0.0304404925,0.0298526782,0.1445922729,0.0019360371,-0.1147395946,0.0279166412,-0.1426562358
train:3677,0,2.1482322216,2.1476531644,0.0005790572,0.2439119939,0.2228441212,0.2547253631,0.2125336547,0.2064123769,0.2262209077,0.2439119939,0.2228441212,0.2547253631,0.0210678726,-0.0108133692,0.0318812419
train:3678,0,1.5961338282,1.5955547709,0.0005790572,-0.0156153318,0.0693392727,-0.0141261555,-0.0469936710,0.0529075284,-0.0426306110,0.0156153318,0.0693392727,0.0141261555,-0.0537239410,0.0014891762,-0.0552131172
train:3687,0,1.1980714798,1.1974924226,0.0005790572,-0.2224886295,0.4454597805,-0.1517756917,-0.2538669687,0.4290280361,-0.1802801471,0.2224886295,0.4454597805,0.1517756917,-0.2229711510,0.0707129378,-0.2936840888
train:3689,0,1.2262468338,1.2256677766,0.0005790572,0.0842981461,0.1855999205,0.0528462194,0.0529198069,0.1691681762,0.0243417640,0.0842981461,0.1855999205,0.0528462194,-0.1013017744,0.0314519267,-0.1327537011
train:3690,0,2.2497954369,2.2492163796,0.0005790572,-0.0811265584,-0.0885064628,-0.0736957528,-0.1125048976,-0.1049382072,-0.1022002082,0.0811265584,0.0885064628,0.0736957528,-0.0073799044,0.0074308056,-0.0148107100
train:3697,0,1.7980066538,1.7974275965,0.0005790572,-0.0086761590,0.0014334891,-0.0593522526,-0.0400544982,-0.0149982553,-0.0878567081,0.0086761590,0.0014334891,0.0593522526,0.0072426699,-0.0506760936,0.0579187635
train:3709,0,1.1944094896,1.1938304324,0.0005790572,0.0374679688,0.0188831065,0.0138520263,0.0060896296,0.0024513621,-0.0146524291,0.0374679688,0.0188831065,0.0138520263,0.0185848624,0.0236159425,-0.0050310802
train:3716,0,1.1983904839,1.1978114266,0.0005790572,0.0707259301,0.0900351975,0.1164294742,0.0393475909,0.0736034531,0.0879250188,0.0707259301,0.0900351975,0.1164294742,-0.0193092674,-0.0457035441,0.0263942767
train:3719,0,0.9474543333,0.9468752761,0.0005790572,-0.0287014123,-0.0540015724,-0.0215279795,-0.0600797515,-0.0704333167,-0.0500324350,0.0287014123,0.0540015724,0.0215279795,-0.0253001601,0.0071734328,-0.0324735928
train:3720,0,3.0562877655,3.0557087083,0.0005790572,0.0118323687,-0.0075740840,-0.0010133721,-0.0195459705,-0.0240058284,-0.0295178275,0.0118323687,0.0075740840,0.0010133721,0.0042582847,0.0108189966,-0.0065607119
train:3725,0,2.1967918873,2.1962128300,0.0005790572,-0.0333257791,-0.0152874019,0.0210601352,-0.0647041183,-0.0317191463,-0.0074443202,0.0333257791,0.0152874019,0.0210601352,0.0180383772,0.0122656439,0.0057727333
train:3732,0,-0.2196315825,-0.2202106397,0.0005790572,0.0078285459,0.0224711869,0.0649601184,-0.0235497933,0.0060394425,0.0364556629,0.0078285459,0.0224711869,0.0649601184,-0.0146426409,-0.0571315724,0.0424889315
train:3733,0,-4.2547774315,-4.2553564887,0.0005790572,-0.0524870034,-0.1387484100,0.1717623733,-0.0838653426,-0.1551801543,0.1432579179,0.0524870034,0.1387484100,0.1717623733,-0.0862614065,-0.1192753699,0.0330139633
train:3735,0,-0.4347185791,-0.4352976363,0.0005790572,0.0040346507,-0.0398790862,0.1255252920,-0.0273436885,-0.0563108306,0.0970208366,0.0040346507,0.0398790862,0.1255252920,-0.0358444356,-0.1214906413,0.0856462058
train:3737,0,-0.9131817222,-0.9137607794,0.0005790572,-0.1478103872,-0.2567898061,-0.3643913008,-0.1791887264,-0.2732215505,-0.3928957563,0.1478103872,0.2567898061,0.3643913008,-0.1089794189,-0.2165809136,0.1076014947
train:3739,0,-1.5413919687,-1.5419710260,0.0005790572,0.1208623771,0.3266020987,0.2831999324,0.0894840379,0.3101703543,0.2546954770,0.1208623771,0.3266020987,0.2831999324,-0.2057397217,-0.1623375554,-0.0434021663
train:3740,0,0.3294491470,0.3288700897,0.0005790572,-0.1881859478,-0.1369103517,-0.0793175735,-0.2195642870,-0.1533420961,-0.1078220289,0.1881859478,0.1369103517,0.0793175735,0.0512755960,0.1088683743,-0.0575927783
train:3745,0,0.0709992722,0.0704202149,0.0005790572,0.0223780025,-0.2211919677,-0.1602865718,-0.0090003367,-0.2376237120,-0.1887910273,0.0223780025,0.2211919677,0.1602865718,-0.1988139652,-0.1379085694,-0.0609053958
train:3752,0,-1.0567471981,-1.0573262553,0.0005790572,-0.1060394522,-0.0480464127,-0.0947112776,-0.1374177914,-0.0644781571,-0.1232157331,0.1060394522,0.0480464127,0.0947112776,0.0579930395,0.0113281746,0.0466648649
train:3754,0,0.6565555334,0.6559764762,0.0005790572,0.1066472057,0.0494616602,0.1077968739,0.0752688665,0.0330299158,0.0792924185,0.1066472057,0.0494616602,0.1077968739,0.0571855456,-0.0011496682,0.0583352137
train:3760,0,1.4974750280,1.4968959708,0.0005790572,0.0763188723,0.0310332749,-0.0251334645,0.0449405331,0.0146015305,-0.0536379199,0.0763188723,0.0310332749,0.0251334645,0.0452855974,0.0511854079,-0.0058998104
train:3765,0,-2.5362112522,-2.5367903095,0.0005790572,0.1405686263,0.1054353688,0.1091705821,0.1091902871,0.0890036244,0.0806661267,0.1405686263,0.1054353688,0.1091705821,0.0351332575,0.0313980441,0.0037352134
train:3768,0,-1.6027376652,-1.6033167224,0.0005790572,-0.0539474364,-0.0611171749,-0.0568701960,-0.0853257756,-0.0775489192,-0.0853746515,0.0539474364,0.0611171749,0.0568701960,-0.0071697384,-0.0029227596,-0.0042469788
train:3773,0,1.4908387661,1.4902597089,0.0005790572,-0.0745888826,0.0767071221,0.0649565719,-0.1059672218,0.0602753777,0.0364521165,0.0745888826,0.0767071221,0.0649565719,-0.0021182395,0.0096323107,-0.0117505502
train:3779,0,-0.7489942312,-0.7495732885,0.0005790572,-0.0321945425,0.0433045003,-0.0394960381,-0.0635728817,0.0268727560,-0.0680004935,0.0321945425,0.0433045003,0.0394960381,-0.0111099578,-0.0073014956,-0.0038084622
train:3784,0,1.5747356415,1.5741565842,0.0005790572,-0.0192623016,0.0057523224,-0.0059957244,-0.0506406408,-0.0106794219,-0.0345001798,0.0192623016,0.0057523224,0.0059957244,0.0135099791,0.0132665772,0.0002434019
train:3785,-2,-6.8392443657,0.0914137487,-6.9306581144,-0.0661913525,0.1380915348,0.0428840883,-0.0975696917,0.1216597904,0.0143796329,0.0661913525,0.1380915348,0.0428840883,-0.0719001823,0.0233072642,-0.0952074464
train:3787,0,3.3207871914,3.3202081342,0.0005790572,0.0321146373,0.0849680874,-0.0112637021,0.0007362981,0.0685363431,-0.0397681575,0.0321146373,0.0849680874,0.0112637021,-0.0528534502,0.0208509352,-0.0737043854
train:3788,0,2.3904542923,2.3898752351,0.0005790572,-0.0668142911,-0.0145461585,-0.1156869866,-0.0981926303,-0.0309779029,-0.1441914420,0.0668142911,0.0145461585,0.1156869866,0.0522681326,-0.0488726955,0.1011408280
train:3789,0,-1.2686464787,-1.2692255359,0.0005790572,0.0902530078,0.0042128537,0.2531780265,0.0588746686,-0.0122188907,0.2246735711,0.0902530078,0.0042128537,0.2531780265,0.0860401541,-0.1629250188,0.2489651729
train:3791,0,-3.1277279854,-3.1283070426,0.0005790572,-0.2460611936,-0.1267180469,-0.0252026059,-0.2774395328,-0.1431497913,-0.0537070613,0.2460611936,0.1267180469,0.0252026059,0.1193431467,0.2208585877,-0.1015154410
train:3793,0,1.5131791830,1.5126001258,0.0005790572,0.0275362853,0.1051568959,0.0746596120,-0.0038420539,0.0887251515,0.0461551566,0.0275362853,0.1051568959,0.0746596120,-0.0776206106,-0.0471233267,-0.0304972839
train:3796,0,0.6174308062,0.6168517489,0.0005790572,-0.0123729583,0.0522690389,0.0106053017,-0.0437512975,0.0358372946,-0.0178991537,0.0123729583,0.0522690389,0.0106053017,-0.0398960806,0.0017676566,-0.0416637372
train:3799,0,0.4424400926,0.4418610353,0.0005790572,-0.1131613132,-0.0815889862,-0.1133743860,-0.1445396524,-0.0980207305,-0.1418788414,0.1131613132,0.0815889862,0.1133743860,0.0315723270,-0.0002130728,0.0317853998
train:3809,0,1.2376453876,1.2370663304,0.0005790572,-0.0994908687,0.0074105237,-0.0672821738,-0.1308692079,-0.0090212207,-0.0957866292,0.0994908687,0.0074105237,0.0672821738,0.0920803450,0.0322086949,0.0598716501
train:3810,-1,-6.2391834259,-2.7741438973,-3.4650395286,-0.1772807959,-0.0540688310,0.0405100599,-0.2086591351,-0.0705005753,0.0120056045,0.1772807959,0.0540688310,0.0405100599,0.1232119650,0.1367707360,-0.0135587711
train:3812,0,-1.5465637445,-1.5471428018,0.0005790572,-0.0358483668,0.0996434662,0.1198963188,-0.0672267061,0.0832117219,0.0913918633,0.0358483668,0.0996434662,0.1198963188,-0.0637950994,-0.0840479519,0.0202528525
train:3817,0,0.3125965297,0.3120174725,0.0005790572,-0.4534315642,-0.3055623498,-0.3597776927,-0.4848099034,-0.3219940942,-0.3882821481,0.4534315642,0.3055623498,0.3597776927,0.1478692144,0.0936538715,0.0542153429
train:3822,0,2.5621869564,2.5616078992,0.0005790572,0.0721317653,0.0418148015,-0.0198348500,0.0407534261,0.0253830571,-0.0483393054,0.0721317653,0.0418148015,0.0198348500,0.0303169638,0.0522969153,-0.0219799515
train:3828,0,-4.4814333916,-4.4820124488,0.0005790572,0.0203641776,0.0496432755,0.1550926231,-0.0110141616,0.0332115311,0.1265881676,0.0203641776,0.0496432755,0.1550926231,-0.0292790979,-0.1347284455,0.1054493476
train:3831,0,0.5611363649,0.5605573077,0.0005790572,-0.0495894428,-0.1599089529,-0.0869093277,-0.0809677820,-0.1763406973,-0.1154137831,0.0495894428,0.1599089529,0.0869093277,-0.1103195101,-0.0373198848,-0.0729996253
train:3832,0,-1.0541095734,-1.0546886306,0.0005790572,-0.0648227211,-0.0386284020,0.0229747556,-0.0962010603,-0.0550601464,-0.0055296998,0.0648227211,0.0386284020,0.0229747556,0.0261943191,0.0418479655,-0.0156536464
train:3838,0,-0.6935943961,-0.6941734534,0.0005790572,0.1289384488,0.0685761545,0.0069485568,0.0975601096,0.0521444101,-0.0215558987,0.1289384488,0.0685761545,0.0069485568,0.0603622943,0.1219898920,-0.0616275977
train:3839,0,-2.2457799911,-2.2463590484,0.0005790572,-0.1546937104,-0.1414818790,-0.0753847100,-0.1860720496,-0.1579136234,-0.1038891654,0.1546937104,0.1414818790,0.0753847100,0.0132118315,0.0793090005,-0.0660971690
train:3852,0,-0.6000962257,-0.6006752830,0.0005790572,-0.0641972896,-0.1615501072,0.0140706562,-0.0955756288,-0.1779818516,-0.0144337993,0.0641972896,0.1615501072,0.0140706562,-0.0973528177,0.0501266334,-0.1474794511
train:3854,0,-3.1657156944,-3.1662947517,0.0005790572,-0.3174828168,-0.2902147796,-0.1738263108,-0.3488611560,-0.3066465240,-0.2023307662,0.3174828168,0.2902147796,0.1738263108,0.0272680372,0.1436565060,-0.1163884688
train:3862,0,-4.2580394745,-4.2586185317,0.0005790572,-0.1434484597,-0.0692651298,0.1107796691,-0.1748267989,-0.0856968742,0.0822752137,0.1434484597,0.0692651298,0.1107796691,0.0741833299,0.0326687906,0.0415145393
train:3866,0,2.3668649197,2.3662858624,0.0005790572,0.0840128783,0.1348338101,0.0431293510,0.0526345391,0.1184020657,0.0146248956,0.0840128783,0.1348338101,0.0431293510,-0.0508209318,0.0408835273,-0.0917044591
train:3867,0,0.6381263733,0.6375473161,0.0005790572,0.0254481558,-0.0524529245,-0.0246923305,-0.0059301834,-0.0688846688,-0.0531967859,0.0254481558,0.0524529245,0.0246923305,-0.0270047687,0.0007558253,-0.0277605940
train:3871,0,0.7199913859,0.7194123287,0.0005790572,-0.0157434817,0.0031586859,-0.0134479739,-0.0471218209,-0.0132730584,-0.0419524293,0.0157434817,0.0031586859,0.0134479739,0.0125847958,0.0022955079,0.0102892879
train:3876,0,1.2247710228,1.2241919656,0.0005790572,0.0177447919,0.1044195864,0.0552803539,-0.0136335473,0.0879878421,0.0267758984,0.0177447919,0.1044195864,0.0552803539,-0.0866747946,-0.0375355620,-0.0491392326
train:3878,0,0.8953915834,0.8948125262,0.0005790572,0.0522922996,0.0298759315,0.0314647220,0.0209139604,0.0134441871,0.0029602666,0.0522922996,0.0298759315,0.0314647220,0.0224163681,0.0208275776,0.0015887905
train:3889,0,1.2491214275,1.2485423703,0.0005790572,0.0621171120,0.0767202351,0.1280031465,0.0307387728,0.0602884907,0.0994986911,0.0621171120,0.0767202351,0.1280031465,-0.0146031231,-0.0658860345,0.0512829114
train:3894,0,-0.1361997277,-0.1367787849,0.0005790572,-0.0262525629,0.0283751313,0.0286072455,-0.0576309021,0.0119433869,0.0001027901,0.0262525629,0.0283751313,0.0286072455,-0.0021225683,-0.0023546826,0.0002321143
train:3895,0,1.1859190464,1.1853399892,0.0005790572,0.0180323247,-0.0271338251,-0.0019651391,-0.0133460145,-0.0435655694,-0.0304695945,0.0180323247,0.0271338251,0.0019651391,-0.0091015004,0.0160671856,-0.0251686860
train:3896,0,-2.3672702312,-2.3678492885,0.0005790572,-0.0821615335,-0.2197604206,-0.1186803319,-0.1135398727,-0.2361921649,-0.1471847873,0.0821615335,0.2197604206,0.1186803319,-0.1375988871,-0.0365187984,-0.1010800887
train:3897,0,-1.7635421753,-1.7641212325,0.0005790572,-0.1848200437,-0.2533488300,-0.1596281268,-0.2161983829,-0.2697805743,-0.1881325822,0.1848200437,0.2533488300,0.1596281268,-0.0685287863,0.0251919169,-0.0937207032
train:3902,0,1.4321004152,1.4315213580,0.0005790572,0.2008521680,0.1404062483,0.2530733608,0.1694738288,0.1239745040,0.2245689053,0.2008521680,0.1404062483,0.2530733608,0.0604459196,-0.0522211928,0.1126671124
train:3904,0,-0.6098167896,-0.6103958469,0.0005790572,-0.0376199957,-0.0188935425,0.0105757974,-0.0689983349,-0.0353252869,-0.0179286580,0.0376199957,0.0188935425,0.0105757974,0.0187264532,0.0270441983,-0.0083177451
train:3909,0,-4.1637611389,-4.1643401962,0.0005790572,0.0661076430,-0.0456874397,0.0138248466,0.0347293038,-0.0621191840,-0.0146796088,0.0661076430,0.0456874397,0.0138248466,0.0204202033,0.0522827964,-0.0318625931
train:3913,0,-0.0858833045,-0.0864623617,0.0005790572,-0.0874421027,-0.0345964979,-0.0094142295,-0.1188204419,-0.0510282423,-0.0379186850,0.0874421027,0.0345964979,0.0094142295,0.0528456047,0.0780278731,-0.0251822684
train:3918,0,1.8080101013,1.8074310441,0.0005790572,0.0396206502,0.1328496907,0.0646596216,0.0082423110,0.1164179463,0.0361551661,0.0396206502,0.1328496907,0.0646596216,-0.0932290405,-0.0250389714,-0.0681900691
train:3922,0,-1.3787426949,-1.3793217521,0.0005790572,-0.0168075439,0.1045767043,0.0936899446,-0.0481858831,0.0881449599,0.0651854892,0.0168075439,0.1045767043,0.0936899446,-0.0877691604,-0.0768824007,-0.0108867597
train:3930,0,1.0547759533,1.0541968961,0.0005790572,-0.0584796544,-0.0461788204,-0.0753370263,-0.0898579936,-0.0626105647,-0.1038414817,0.0584796544,0.0461788204,0.0753370263,0.0123008341,-0.0168573718,0.0291582059
train:3941,0,0.3859606385,0.3853815813,0.0005790572,0.0004673127,-0.0244213071,0.0100645088,-0.0309110265,-0.0408530514,-0.0184399467,0.0004673127,0.0244213071,0.0100645088,-0.0239539944,-0.0095971961,-0.0143567983
train:3942,0,-1.7885413170,-1.7891203742,0.0005790572,-0.0006947395,0.0715265248,0.1753309034,-0.0320730787,0.0550947804,0.1468264479,0.0006947395,0.0715265248,0.1753309034,-0.0708317853,-0.1746361639,0.1038043786
train:3944,0,-1.3872015476,-1.3877806049,0.0005790572,0.3996403340,0.0186767552,-0.1335242726,0.3682619948,0.0022450108,-0.1620287280,0.3996403340,0.0186767552,0.1335242726,0.3809635788,0.2661160614,0.1148475174
train:3951,0,-2.9842798710,-2.9848589282,0.0005790572,-0.1764293786,-0.1273694065,-0.1763471104,-0.2078077178,-0.1438011508,-0.2048515659,0.1764293786,0.1273694065,0.1763471104,0.0490599722,0.0000822682,0.0489777040
train:3969,0,0.4425615370,0.4419824798,0.0005790572,0.1951046709,0.1287607226,0.1713977419,0.1637263317,0.1123289783,0.1428932864,0.1951046709,0.1287607226,0.1713977419,0.0663439482,0.0237069290,0.0426370192
train:3972,0,0.6430480480,0.6424689908,0.0005790572,0.0099284772,0.0230899427,-0.0275852419,-0.0214498620,0.0066581983,-0.0560896974,0.0099284772,0.0230899427,0.0275852419,-0.0131614655,-0.0176567648,0.0044952992
train:3980,0,0.5995450020,0.5989659447,0.0005790572,-0.0118372317,-0.0190072682,-0.0569053628,-0.0432155709,-0.0354390125,-0.0854098182,0.0118372317,0.0190072682,0.0569053628,-0.0071700364,-0.0450681310,0.0378980946
train:3987,0,0.3057295084,0.3051504512,0.0005790572,0.1263889793,0.1106931243,0.1582114659,0.0950106401,0.0942613799,0.1297070105,0.1263889793,0.1106931243,0.1582114659,0.0156958550,-0.0318224866,0.0475183416
train:4008,0,-5.4939169884,-5.4944960456,0.0005790572,-0.2245803949,-0.1932337310,-0.0727907158,-0.2559587341,-0.2096654754,-0.1012951713,0.2245803949,0.1932337310,0.0727907158,0.0313466638,0.1517896790,-0.1204430152
train:4015,0,-0.8154687881,-0.8160478454,0.0005790572,-0.0679500576,-0.1038611557,-0.1866907813,-0.0993283968,-0.1202929001,-0.2151952367,0.0679500576,0.1038611557,0.1866907813,-0.0359110981,-0.1187407236,0.0828296255
train:4016,0,-1.0343492031,-1.0349282603,0.0005790572,-0.3011065003,-0.5338410165,-0.3517245390,-0.3324848395,-0.5502727609,-0.3802289944,0.3011065003,0.5338410165,0.3517245390,-0.2327345163,-0.0506180387,-0.1821164776
train:4048,-1,-3.2590932846,0.2059462440,-3.4650395286,0.0746661749,0.1162649941,0.1461510971,0.0432878357,0.0998332497,0.1176466417,0.0746661749,0.1162649941,0.1461510971,-0.0415988192,-0.0714849223,0.0298861031
train:4054,0,1.9864338636,1.9858548064,0.0005790572,0.0210783604,-0.0585597780,-0.0207402445,-0.0102999788,-0.0749915223,-0.0492447000,0.0210783604,0.0585597780,0.0207402445,-0.0374814175,0.0003381159,-0.0378195334
train:4059,0,1.4124617577,1.4118827004,0.0005790572,0.0378695849,-0.0064010646,-0.0296165682,0.0064912457,-0.0228328090,-0.0581210237,0.0378695849,0.0064010646,0.0296165682,0.0314685203,0.0082530167,0.0232155036
train:4072,0,-1.3278871775,-1.3284662347,0.0005790572,-0.6914671537,-1.2232575368,-0.9226826169,-0.7228454929,-1.2396892812,-0.9511870723,0.6914671537,1.2232575368,0.9226826169,-0.5317903832,-0.2312154632,-0.3005749200
train:4076,0,2.2423887253,2.2418096680,0.0005790572,0.1050819281,0.1301372025,0.0444389842,0.0737035889,0.1137054581,0.0159345288,0.1050819281,0.1301372025,0.0444389842,-0.0250552744,0.0606429439,-0.0856982183
train:4085,0,1.0538914204,1.0533123631,0.0005790572,0.0115561608,-0.0755732086,-0.0476393439,-0.0198221784,-0.0920049529,-0.0761437993,0.0115561608,0.0755732086,0.0476393439,-0.0640170477,-0.0360831831,-0.0279338647
train:4087,0,1.1398569345,1.1392778773,0.0005790572,0.0539298180,0.0150880787,0.0167362951,0.0225514788,-0.0013436656,-0.0117681604,0.0539298180,0.0150880787,0.0167362951,0.0388417393,0.0371935230,0.0016482163
train:4088,0,1.3200390339,1.3194599767,0.0005790572,0.0227887753,0.1214985821,0.0573481582,-0.0085895639,0.1050668378,0.0288437028,0.0227887753,0.1214985821,0.0573481582,-0.0987098068,-0.0345593829,-0.0641504239
train:4089,0,0.3398981094,0.3393190522,0.0005790572,0.1486400191,0.1273883555,0.1970593743,0.1172616799,0.1109566111,0.1685549189,0.1486400191,0.1273883555,0.1970593743,0.0212516636,-0.0484193552,0.0696710188
train:4093,0,-0.5798804164,-0.5804594736,0.0005790572,-0.0138420340,-0.1592817035,0.0086906813,-0.0452203732,-0.1757134478,-0.0198137741,0.0138420340,0.1592817035,0.0086906813,-0.1454396695,0.0051513527,-0.1505910222
train:4100,0,1.3443008661,1.3437218089,0.0005790572,-0.0670175430,-0.0341872003,-0.0527118184,-0.0983958822,-0.0506189447,-0.0812162738,0.0670175430,0.0341872003,0.0527118184,0.0328303427,0.0143057246,0.0185246181
train:4105,0,2.6662807465,2.6657016892,0.0005790572,0.0284592036,0.0138857338,0.0275427364,-0.0029191356,-0.0025460105,-0.0009617191,0.0284592036,0.0138857338,0.0275427364,0.0145734698,0.0009164672,0.0136570025
train:4107,0,-0.0388441645,-0.0394232217,0.0005790572,-0.0436259683,-0.0188467566,-0.0335433036,-0.0750043075,-0.0352785010,-0.0620477590,0.0436259683,0.0188467566,0.0335433036,0.0247792117,0.0100826647,0.0146965470
train:4116,0,0.0297095552,0.0291304980,0.0005790572,0.0154065091,-0.0559955563,-0.0243240409,-0.0159718301,-0.0724273007,-0.0528284963,0.0154065091,0.0559955563,0.0243240409,-0.0405890472,-0.0089175318,-0.0316715155
train:4117,0,0.2983926237,0.2978135664,0.0005790572,-0.0547008094,0.0222328279,0.0421750508,-0.0860791486,0.0058010835,0.0136705954,0.0547008094,0.0222328279,0.0421750508,0.0324679814,0.0125257585,0.0199422229
train:4120,0,-0.7695123553,-0.7700914126,0.0005790572,-0.0723023888,-0.0640656974,-0.1048031785,-0.1036807280,-0.0804974418,-0.1333076339,0.0723023888,0.0640656974,0.1048031785,0.0082366914,-0.0325007897,0.0407374810
train:4121,0,2.2493171692,2.2487381120,0.0005790572,0.0379799727,0.0621850464,0.1394208930,0.0066016335,0.0457533021,0.1109164376,0.0379799727,0.0621850464,0.1394208930,-0.0242050737,-0.1014409203,0.0772358466
train:4123,0,-2.2758419514,-2.2764210086,0.0005790572,0.1439632300,0.0308086846,0.1054786704,0.1125848908,0.0143769402,0.0769742150,0.1439632300,0.0308086846,0.1054786704,0.1131545454,0.0384845596,0.0746699859
train:4127,0,-2.2104473114,-2.2110263686,0.0005790572,-0.2916328784,-0.1279757049,-0.1657072045,-0.3230112176,-0.1444074493,-0.1942116599,0.2916328784,0.1279757049,0.1657072045,0.1636571735,0.1259256739,0.0377314996
train:4129,-1,-0.8299821019,2.6350574267,-3.4650395286,0.0096319195,0.0443662729,0.0380125657,-0.0217464197,0.0279345286,0.0095081102,0.0096319195,0.0443662729,0.0380125657,-0.0347343534,-0.0283806462,-0.0063537072
train:4133,0,-3.5220053196,-3.5225843768,0.0005790572,-0.0758894559,0.1148171399,0.1647414230,-0.1072677951,0.0983853955,0.1362369675,0.0758894559,0.1148171399,0.1647414230,-0.0389276840,-0.0888519671,0.0499242831
train:4136,0,1.6389825344,1.6384034772,0.0005790572,0.2686059598,0.3130559895,0.0402143262,0.2372276206,0.2966242451,0.0117098708,0.2686059598,0.3130559895,0.0402143262,-0.0444500297,0.2283916335,-0.2728416633
train:4137,0,2.4600374699,2.4594584126,0.0005790572,-0.0114949819,-0.0705871608,-0.0906687714,-0.0428733211,-0.0870189052,-0.1191732269,0.0114949819,0.0705871608,0.0906687714,-0.0590921789,-0.0791737895,0.0200816106
train:4139,0,-1.5675128698,-1.5680919271,0.0005790572,0.2950400237,0.1679055665,0.1155878566,0.2636616845,0.1514738221,0.0870834012,0.2950400237,0.1679055665,0.1155878566,0.1271344572,0.1794521671,-0.0523177098
train:4150,0,1.3238315582,1.3232525010,0.0005790572,0.0402592543,-0.0236967828,-0.1607544161,0.0088809151,-0.0401285272,-0.1892588716,0.0402592543,0.0236967828,0.1607544161,0.0165624715,-0.1204951618,0.1370576333
train:4162,0,-1.9271433353,-1.9277223926,0.0005790572,0.1226242904,0.0053281758,0.1115018390,0.0912459512,-0.0111035686,0.0829973836,0.1226242904,0.0053281758,0.1115018390,0.1172961146,0.0111224513,0.1061736632
train:4163,0,0.7461437583,0.7455647011,0.0005790572,-0.2348585602,-0.1547324684,-0.0949036218,-0.2662368994,-0.1711642127,-0.1234080773,0.2348585602,0.1547324684,0.0949036218,0.0801260918,0.1399549384,-0.0598288465
train:4168,0,1.5202628374,1.5196837802,0.0005790572,0.0196565512,-0.0629206922,0.0087772869,-0.0117217880,-0.0793524366,-0.0197271686,0.0196565512,0.0629206922,0.0087772869,-0.0432641410,0.0108792644,-0.0541434053
train:4175,0,-0.8003900647,-0.8009691220,0.0005790572,-0.1227047321,-0.1107064512,-0.1311559416,-0.1540830713,-0.1271381955,-0.1596603971,0.1227047321,0.1107064512,0.1311559416,0.0119982809,-0.0084512096,0.0204494905
train:4183,0,1.6256833076,1.6251042504,0.0005790572,0.0536108140,-0.0051558044,-0.0600309111,0.0222324748,-0.0215875488,-0.0885353666,0.0536108140,0.0051558044,0.0600309111,0.0484550096,-0.0064200971,0.0548751067
train:4184,0,-0.6370117068,-0.6375907641,0.0005790572,0.0415674571,-0.2223531928,-0.2324545719,0.0101891179,-0.2387849372,-0.2609590273,0.0415674571,0.2223531928,0.2324545719,-0.1807857357,-0.1908871148,0.0101013791
train:4185,0,-1.6715767384,-1.6721557956,0.0005790572,0.0285502795,0.1462886307,0.1537835859,-0.0028280597,0.1298568864,0.1252791304,0.0285502795,0.1462886307,0.1537835859,-0.1177383512,-0.1252333064,0.0074949551
train:4195,0,-3.2706620693,-3.2712411266,0.0005790572,-0.1597505685,-0.1886625316,-0.1240313984,-0.1911289077,-0.2050942760,-0.1525358539,0.1597505685,0.1886625316,0.1240313984,-0.0289119631,0.0357191701,-0.0646311332
train:4197,0,-4.5003528595,-4.5009319167,0.0005790572,0.0578655127,-0.1414363410,0.0609969161,0.0264871735,-0.1578680854,0.0324924607,0.0578655127,0.1414363410,0.0609969161,-0.0835708283,-0.0031314034,-0.0804394249
train:4206,0,-0.3758483529,-0.3764274101,0.0005790572,0.1884923104,-0.0595937695,-0.0912704207,0.1571139712,-0.0760255139,-0.1197748761,0.1884923104,0.0595937695,0.0912704207,0.1288985409,0.0972218897,0.0316766512
train:4207,-1,-4.2949299812,-0.8298904527,-3.4650395286,0.2059612151,0.2261364188,0.0751901880,0.1745828759,0.2097046744,0.0466857326,0.2059612151,0.2261364188,0.0751901880,-0.0201752037,0.1307710271,-0.1509462308
train:4218,0,-4.0258879662,-4.0264670234,0.0005790572,-0.1289399739,-0.1673948791,-0.1866069771,-0.1603183131,-0.1838266235,-0.2151114326,0.1289399739,0.1673948791,0.1866069771,-0.0384549052,-0.0576670032,0.0192120980
train:4223,0,1.9078745842,1.9072955270,0.0005790572,-0.1499005433,-0.0404996898,-0.0690945126,-0.1812788825,-0.0569314342,-0.0975989681,0.1499005433,0.0404996898,0.0690945126,0.1094008535,0.0808060307,0.0285948228
train:4224,0,1.9238637686,1.9232847113,0.0005790572,0.0272601966,-0.0307258394,0.0313054584,-0.0041181426,-0.0471575837,0.0028010030,0.0272601966,0.0307258394,0.0313054584,-0.0034656428,-0.0040452618,0.0005796190
train:4226,0,-4.1188387871,-4.1194178443,0.0005790572,-0.2530516263,-0.2806453731,-0.1633831002,-0.2844299655,-0.2970771175,-0.1918875556,0.2530516263,0.2806453731,0.1633831002,-0.0275937468,0.0896685261,-0.1172622729
train:4234,0,-4.4168586731,-4.4174377303,0.0005790572,-0.0541459199,-0.2287671592,-0.0881539322,-0.0855242591,-0.2451989036,-0.1166583877,0.0541459199,0.2287671592,0.0881539322,-0.1746212393,-0.0340080123,-0.1406132270
train:4235,-1,-6.7503275871,-3.2852880586,-3.4650395286,-0.0251232508,-0.0564022336,-0.0738321528,-0.0565015900,-0.0728339780,-0.1023366082,0.0251232508,0.0564022336,0.0738321528,-0.0312789828,-0.0487089019,0.0174299192
train:4236,0,-2.5573425293,-2.5579215865,0.0005790572,-0.3515308973,-0.0305736091,-0.1224189736,-0.3829092365,-0.0470053535,-0.1509234290,0.3515308973,0.0305736091,0.1224189736,0.3209572881,0.2291119237,0.0918453645
train:4245,-1,-1.4318485260,2.0331910026,-3.4650395286,-0.0235318068,-0.0208180223,-0.0750240072,-0.0549101460,-0.0372497666,-0.1035284627,0.0235318068,0.0208180223,0.0750240072,0.0027137846,-0.0514922004,0.0542059850
train:4248,0,-1.0552291870,-1.0558082443,0.0005790572,-0.0169671651,-0.0431482222,0.0693187974,-0.0483455043,-0.0595799666,0.0408143420,0.0169671651,0.0431482222,0.0693187974,-0.0261810571,-0.0523516323,0.0261705752
train:4249,0,1.4600508213,1.4594717641,0.0005790572,-0.0596140500,-0.0643539455,-0.0699131228,-0.0909923892,-0.0807856899,-0.0984175782,0.0596140500,0.0643539455,0.0699131228,-0.0047398955,-0.0102990728,0.0055591773
train:4252,0,1.4927643538,1.4921852965,0.0005790572,-0.0375176545,-0.0126158025,-0.1194808222,-0.0688959937,-0.0290475469,-0.1479852777,0.0375176545,0.0126158025,0.1194808222,0.0249018520,-0.0819631677,0.1068650197
train:4259,0,-2.6569180489,-2.6574971061,0.0005790572,-0.0998998758,-0.0351521995,0.0406340621,-0.1312782150,-0.0515839439,0.0121296067,0.0998998758,0.0351521995,0.0406340621,0.0647476763,0.0592658136,0.0054818626
train:4260,0,0.1855732054,0.1849941481,0.0005790572,-0.0017827775,-0.0280190583,0.0811563693,-0.0331611167,-0.0444508027,0.0526519139,0.0017827775,0.0280190583,0.0811563693,-0.0262362808,-0.0793735918,0.0531373110
train:4261,0,0.0041847564,0.0036056992,0.0005790572,-0.0605600838,0.0280778270,-0.0164629221,-0.0919384230,0.0116460826,-0.0449673775,0.0605600838,0.0280778270,0.0164629221,0.0324822568,0.0440971617,-0.0116149049
train:4274,0,1.3375990391,1.3370199818,0.0005790572,-0.2047495719,-0.1758670833,-0.1964536645,-0.2361279111,-0.1922988277,-0.2249581199,0.2047495719,0.1758670833,0.1964536645,0.0288824886,0.0082959075,0.0205865811
train:4280,0,0.3253087103,0.3247296531,0.0005790572,-0.0016958591,-0.0315755632,-0.0274109282,-0.0330741983,-0.0480073076,-0.0559153836,0.0016958591,0.0315755632,0.0274109282,-0.0298797041,-0.0257150691,-0.0041646350
train:4281,0,1.3836039305,1.3830248732,0.0005790572,0.0325102929,-0.0026884105,-0.0038207509,0.0011319537,-0.0191201549,-0.0323252063,0.0325102929,0.0026884105,0.0038207509,0.0298218824,0.0286895420,0.0011323403
train:4283,0,-1.2977122068,-1.2982912641,0.0005790572,-0.0524681684,-0.1695989397,-0.1741183735,-0.0838465076,-0.1860306840,-0.2026228290,0.0524681684,0.1695989397,0.1741183735,-0.1171307713,-0.1216502052,0.0045194339
train:4296,0,-1.8877122402,-1.8882912975,0.0005790572,0.1028754834,0.0324859593,-0.1239576079,0.0714971442,0.0160542149,-0.1524620633,0.1028754834,0.0324859593,0.1239576079,0.0703895241,-0.0210821245,0.0914716486
train:4301,0,1.4549384117,1.4543593545,0.0005790572,0.0429192904,0.0014002297,-0.0009053685,0.0115409512,-0.0150315147,-0.0294098239,0.0429192904,0.0014002297,0.0009053685,0.0415190607,0.0420139220,-0.0004948612
train:4302,0,-1.7417162657,-1.7422953229,0.0005790572,-0.0439001199,-0.0768628147,-0.0802172162,-0.0752784591,-0.0932945590,-0.1087216716,0.0439001199,0.0768628147,0.0802172162,-0.0329626948,-0.0363170963,0.0033544015
train:4303,0,-1.4449177980,-1.4454968553,0.0005790572,-0.2608046409,-0.1882375505,-0.1857521273,-0.2921829801,-0.2046692949,-0.2142565828,0.2608046409,0.1882375505,0.1857521273,0.0725670904,0.0750525136,-0.0024854232
train:4308,0,0.6144146919,0.6138356347,0.0005790572,0.0850907091,0.0980340216,0.0892992876,0.0537123699,0.0816022773,0.0607948322,0.0850907091,0.0980340216,0.0892992876,-0.0129433125,-0.0042085786,-0.0087347340
train:4311,0,-1.7606923580,-1.7612714153,0.0005790572,0.0368038539,-0.2935607459,-0.1478041150,0.0054255147,-0.3099924903,-0.1763085704,0.0368038539,0.2935607459,0.1478041150,-0.2567568921,-0.1110002611,-0.1457566310
train:4321,0,1.4574344158,1.4568553586,0.0005790572,-0.0854608890,-0.1422562625,-0.1714794375,-0.1168392282,-0.1586880069,-0.1999838929,0.0854608890,0.1422562625,0.1714794375,-0.0567953736,-0.0860185485,0.0292231750
train:4322,0,0.8326658010,0.8320867438,0.0005790572,-0.0104520794,0.0733385656,-0.1118067242,-0.0418304186,0.0569068212,-0.1403111797,0.0104520794,0.0733385656,0.1118067242,-0.0628864862,-0.1013546448,0.0384681586
train:4323,0,0.1103873774,0.1098083202,0.0005790572,0.0609289382,0.1863681648,0.0762974657,0.0295505990,0.1699364204,0.0477930103,0.0609289382,0.1863681648,0.0762974657,-0.1254392266,-0.0153685276,-0.1100706991
train:4329,0,0.5255842805,0.5250052233,0.0005790572,-0.0074077722,-0.0609862831,-0.0154302455,-0.0387861114,-0.0774180274,-0.0439347010,0.0074077722,0.0609862831,0.0154302455,-0.0535785109,-0.0080224734,-0.0455560375
train:4332,0,2.3023343086,2.3017552514,0.0005790572,0.1271029834,0.1963160012,-0.0247632004,0.0957246442,0.1798842568,-0.0532676559,0.1271029834,0.1963160012,0.0247632004,-0.0692130178,0.1023397829,-0.1715528008
train:4336,0,1.8378634453,1.8372843880,0.0005790572,0.0715900782,0.0197999451,0.0567840599,0.0402117390,0.0033682008,0.0282796044,0.0715900782,0.0197999451,0.0567840599,0.0517901331,0.0148060184,0.0369841147
train:4340,0,2.6577596664,2.6571806092,0.0005790572,0.0036045436,0.1295349572,0.0618368648,-0.0277737956,0.1131032128,0.0333324094,0.0036045436,0.1295349572,0.0618368648,-0.1259304136,-0.0582323212,-0.0676980924
train:4342,0,2.4009106159,2.4003315587,0.0005790572,0.0359896544,0.0721635792,0.0311621688,0.0046113152,0.0557318349,0.0026577134,0.0359896544,0.0721635792,0.0311621688,-0.0361739248,0.0048274856,-0.0410014104
train:4345,0,3.1358225346,3.1352434773,0.0005790572,0.1298374060,0.0727190945,0.0636035465,0.0984590668,0.0562873502,0.0350990910,0.1298374060,0.0727190945,0.0636035465,0.0571183115,0.0662338596,-0.0091155481
train:4362,0,-0.1217038259,-0.1222828831,0.0005790572,-0.2541105252,-0.0556740936,-0.1369647868,-0.2854888644,-0.0721058380,-0.1654692422,0.2541105252,0.0556740936,0.1369647868,0.1984364316,0.1171457384,0.0812906932
train:4364,0,1.0064048767,1.0058258195,0.0005790572,-0.1309063312,-0.0101729658,-0.0243981816,-0.1622846704,-0.0266047101,-0.0529026370,0.1309063312,0.0101729658,0.0243981816,0.1207333654,0.1065081496,0.0142252158
train:4366,0,0.1544065326,0.1538274754,0.0005790572,0.1289878834,0.0875614185,0.0998595022,0.0976095442,0.0711296741,0.0713550467,0.1289878834,0.0875614185,0.0998595022,0.0414264649,0.0291283812,0.0122980837
train:4367,0,1.1890933514,1.1885142941,0.0005790572,0.0815649155,0.0834680770,0.0365211032,0.0501865763,0.0670363326,0.0080166478,0.0815649155,0.0834680770,0.0365211032,-0.0019031614,0.0450438123,-0.0469469737
train:4389,0,-3.8305566311,-3.8311356883,0.0005790572,0.1990946654,0.1716561291,0.2776519321,0.1677163262,0.1552243848,0.2491474767,0.1990946654,0.1716561291,0.2776519321,0.0274385363,-0.0785572667,0.1059958030
train:4399,0,-0.1502645612,-0.1508436184,0.0005790572,0.0061825339,-0.0178611677,0.0134203993,-0.0251958053,-0.0342929121,-0.0150840562,0.0061825339,0.0178611677,0.0134203993,-0.0116786339,-0.0072378654,-0.0044407684
train:4400,0,1.3425477743,1.3419687171,0.0005790572,-0.0038426992,-0.0189826515,0.0104789995,-0.0352210384,-0.0354143958,-0.0180254560,0.0038426992,0.0189826515,0.0104789995,-0.0151399523,-0.0066363003,-0.0085036520
train:4404,0,1.0887249708,1.0881459136,0.0005790572,-0.0906163331,-0.1240005519,-0.0121097304,-0.1219946723,-0.1404322963,-0.0406141858,0.0906163331,0.1240005519,0.0121097304,-0.0333842188,0.0785066027,-0.1118908215
train:4406,0,1.7978016138,1.7972225566,0.0005790572,0.0982133273,0.0023912165,0.1372161172,0.0668349881,-0.0140405278,0.1087116618,0.0982133273,0.0023912165,0.1372161172,0.0958221108,-0.0390027899,0.1348249007
train:4419,0,0.7843835950,0.7838045378,0.0005790572,-0.2302530285,-0.1216198232,-0.0732605793,-0.2616313677,-0.1380515676,-0.1017650347,0.2302530285,0.1216198232,0.0732605793,0.1086332053,0.1569924492,-0.0483592440
train:4421,0,0.8448126316,0.8442335744,0.0005790572,0.0264102343,-0.0481629994,0.0626930855,-0.0049681049,-0.0645947438,0.0341886301,0.0264102343,0.0481629994,0.0626930855,-0.0217527650,-0.0362828512,0.0145300861
train:4422,0,2.3495481014,2.3489690442,0.0005790572,-0.0598400708,-0.0615458515,-0.1105013825,-0.0912184100,-0.0779775958,-0.1390058379,0.0598400708,0.0615458515,0.1105013825,-0.0017057806,-0.0506613117,0.0489555310
train:4424,0,-2.7510249615,-2.7516040187,0.0005790572,-0.4878383752,-0.2633619335,-0.4849036671,-0.5192167144,-0.2797936778,-0.5134081226,0.4878383752,0.2633619335,0.4849036671,0.2244764417,0.0029347081,0.2215417337
train:4425,0,0.9348293543,0.9342502970,0.0005790572,-0.1437507745,-0.1425807502,-0.1876680590,-0.1751291137,-0.1590124946,-0.2161725145,0.1437507745,0.1425807502,0.1876680590,0.0011700243,-0.0439172845,0.0450873088
train:4436,0,0.8860288262,0.8854497690,0.0005790572,0.1141207341,0.0573720906,0.0892612599,0.0827423949,0.0409403462,0.0607568044,0.1141207341,0.0573720906,0.0892612599,0.0567486435,0.0248594742,0.0318891693
train:4440,0,-1.4305968285,-1.4311758857,0.0005790572,-0.6017885681,-0.3798872259,-0.1424094178,-0.6331669073,-0.3963189702,-0.1709138732,0.6017885681,0.3798872259,0.1424094178,0.2219013423,0.4593791504,-0.2374778081
train:4449,0,-2.4937176704,-2.4942967277,0.0005790572,-0.1462126847,-0.1182115104,-0.0503729321,-0.1775910239,-0.1346432548,-0.0788773875,0.1462126847,0.1182115104,0.0503729321,0.0280011743,0.0958397526,-0.0678385783
train:4450,0,-0.3312924504,-0.3318715077,0.0005790572,-0.8374544259,-1.0670661952,-1.1173110940,-0.8688327651,-1.0834979396,-1.1458155494,0.8374544259,1.0670661952,1.1173110940,-0.2296117693,-0.2798566680,0.0502448987
train:4464,0,-3.2534456253,-3.2540246825,0.0005790572,-0.0959211465,0.0370790932,-0.0007463433,-0.1272994857,0.0206473489,-0.0292507987,0.0959211465,0.0370790932,0.0007463433,0.0588420533,0.0951748032,-0.0363327499
train:4465,0,-1.5827622414,-1.5833412986,0.0005790572,0.3598101262,0.3375575516,0.4976586364,0.3284317870,0.3211258073,0.4691541810,0.3598101262,0.3375575516,0.4976586364,0.0222525746,-0.1378485102,0.1601010848
train:4473,0,1.4820164442,1.4814373870,0.0005790572,-0.0413979169,-0.0959702756,-0.0518234707,-0.0727762561,-0.1124020200,-0.0803279262,0.0413979169,0.0959702756,0.0518234707,-0.0545723587,-0.0104255538,-0.0441468049
train:4483,0,1.0141335726,1.0135545153,0.0005790572,-0.1639073964,-0.0949395921,-0.1565656401,-0.1952857356,-0.1113713365,-0.1850700956,0.1639073964,0.0949395921,0.1565656401,0.0689678043,0.0073417563,0.0616260480
train:4486,0,1.5080875158,1.5075084586,0.0005790572,-0.0623284455,-0.1011823442,-0.0702234246,-0.0937067847,-0.1176140886,-0.0987278800,0.0623284455,0.1011823442,0.0702234246,-0.0388538986,-0.0078949790,-0.0309589196
train:4490,0,-2.6531958580,-2.6537749152,0.0005790572,-0.4461823579,-0.3304083373,-0.3378401734,-0.4775606971,-0.3468400817,-0.3663446288,0.4461823579,0.3304083373,0.3378401734,0.1157740206,0.1083421845,0.0074318360
train:4492,0,0.8041866422,0.8036075849,0.0005790572,0.0496474627,0.1252250049,0.0443413518,0.0182691235,0.1087932606,0.0158368964,0.0496474627,0.1252250049,0.0443413518,-0.0755775422,0.0053061109,-0.0808836531
train:4493,0,0.9855734110,0.9849943537,0.0005790572,-0.0494507428,-0.0487974908,-0.0493187644,-0.0808290820,-0.0652292352,-0.0778232198,0.0494507428,0.0487974908,0.0493187644,0.0006532520,0.0001319785,0.0005212735
train:4499,0,-0.4616813064,-0.4622603636,0.0005790572,-0.0070996460,0.0455466483,0.0694601201,-0.0384779852,0.0291149039,0.0409556646,0.0070996460,0.0455466483,0.0694601201,-0.0384470023,-0.0623604741,0.0239134718
train:4506,0,2.5824992657,2.5819202084,0.0005790572,-0.0101457711,0.0086150143,-0.0333777405,-0.0415241103,-0.0078167300,-0.0618821960,0.0101457711,0.0086150143,0.0333777405,0.0015307568,-0.0232319694,0.0247627262
train:4513,0,2.0665552616,2.0659762044,0.0005790572,-0.0448719140,-0.0055017497,-0.0137985684,-0.0762502532,-0.0219334941,-0.0423030238,0.0448719140,0.0055017497,0.0137985684,0.0393701643,0.0310733456,0.0082968187
train:4515,0,-0.0600770414,-0.0606560986,0.0005790572,-0.2016510543,-0.1268950652,-0.1188839115,-0.2330293935,-0.1433268096,-0.1473883670,0.2016510543,0.1268950652,0.1188839115,0.0747559890,0.0827671427,-0.0080111537
train:4518,0,-0.0588800237,-0.0594590809,0.0005790572,0.0067083213,0.0280481998,0.0539594777,-0.0246700179,0.0116164554,0.0254550223,0.0067083213,0.0280481998,0.0539594777,-0.0213398784,-0.0472511564,0.0259112779
train:4520,0,2.7707843781,2.7702053208,0.0005790572,-0.0590678331,0.1077973816,0.0117146038,-0.0904461723,0.0913656373,-0.0167898517,0.0590678331,0.1077973816,0.0117146038,-0.0487295486,0.0473532293,-0.0960827779
train:4523,0,0.3886016607,0.3880226035,0.0005790572,-0.0236720618,-0.0320776727,-0.0383375026,-0.0550504010,-0.0485094171,-0.0668419581,0.0236720618,0.0320776727,0.0383375026,-0.0084056109,-0.0146654408,0.0062598299
train:4527,0,1.1902437210,1.1896646638,0.0005790572,-0.0279362079,-0.0136486318,-0.0030748583,-0.0593145471,-0.0300803762,-0.0315793138,0.0279362079,0.0136486318,0.0030748583,0.0142875761,0.0248613495,-0.0105737735
train:4529,0,1.1973942518,1.1968151946,0.0005790572,-0.0279856797,-0.0939270284,-0.0146403052,-0.0593640189,-0.1103587728,-0.0431447606,0.0279856797,0.0939270284,0.0146403052,-0.0659413487,0.0133453745,-0.0792867232
train:4531,0,-3.3752086163,-3.3757876735,0.0005790572,-0.4094854470,-0.1707608726,-0.2647388913,-0.4408637862,-0.1871926170,-0.2932433467,0.4094854470,0.1707608726,0.2647388913,0.2387245744,0.1447465558,0.0939780187
train:4542,0,1.5874226093,1.5868435521,0.0005790572,-0.0524242994,-0.0443589714,-0.0611184575,-0.0838026386,-0.0607907157,-0.0896229129,0.0524242994,0.0443589714,0.0611184575,0.0080653280,-0.0086941581,0.0167594861
train:4550,0,1.3769484758,1.3763694186,0.0005790572,-0.0332593795,0.0370386813,-0.0250863768,-0.0646377187,0.0206069369,-0.0535908323,0.0332593795,0.0370386813,0.0250863768,-0.0037793018,0.0081730027,-0.0119523045
train:4552,0,0.1682440639,0.1676650066,0.0005790572,0.0260562722,-0.0132104781,-0.0432078131,-0.0053220670,-0.0296422224,-0.0717122685,0.0260562722,0.0132104781,0.0432078131,0.0128457941,-0.0171515409,0.0299973350
train:4560,0,1.7818037271,1.7812246699,0.0005790572,0.0343943957,0.0192662451,0.0868218206,0.0030160565,0.0028345008,0.0583173651,0.0343943957,0.0192662451,0.0868218206,0.0151281506,-0.0524274249,0.0675555755
train:4562,0,0.0100447433,0.0094656861,0.0005790572,0.0662056079,0.1763901880,0.0808031270,0.0348272687,0.1599584436,0.0522986716,0.0662056079,0.1763901880,0.0808031270,-0.1101845801,-0.0145975191,-0.0955870610
train:4565,0,-1.9103838205,-1.9109628778,0.0005790572,0.6469824437,0.8795355532,0.8380122446,0.6156041045,0.8631038089,0.8095077891,0.6469824437,0.8795355532,0.8380122446,-0.2325531095,-0.1910298009,-0.0415233087
train:4572,0,0.8782832026,0.8777041454,0.0005790572,0.1172989134,0.0484664414,0.0101855062,0.0859205742,0.0320346970,-0.0183189492,0.1172989134,0.0484664414,0.0101855062,0.0688324720,0.1071134072,-0.0382809352
train:4574,0,1.6103606224,1.6097815652,0.0005790572,0.0423944119,0.0297583315,0.0488271974,0.0110160727,0.0133265872,0.0203227420,0.0423944119,0.0297583315,0.0488271974,0.0126360804,-0.0064327855,0.0190688659
train:4577,0,0.1838597059,0.1832806487,0.0005790572,0.1407079298,0.0371045146,0.0639598779,0.1093295906,0.0206727702,0.0354554225,0.1407079298,0.0371045146,0.0639598779,0.1036034152,0.0767480519,0.0268553633
train:4591,0,-1.1370363235,-1.1376153808,0.0005790572,0.1936882857,0.1647098038,0.2136721872,0.1623099465,0.1482780595,0.1851677317,0.1936882857,0.1647098038,0.2136721872,0.0289784819,-0.0199839015,0.0489623834
train:4597,0,-1.9931787252,-1.9937577825,0.0005790572,0.0151125315,-0.1693410900,-0.0899003483,-0.0162658077,-0.1857728343,-0.1184048038,0.0151125315,0.1693410900,0.0899003483,-0.1542285584,-0.0747878168,-0.0794407416
train:4604,0,1.6855235100,1.6849444527,0.0005790572,-0.0182421085,-0.0684609439,-0.0235178210,-0.0496204477,-0.0848926883,-0.0520222764,0.0182421085,0.0684609439,0.0235178210,-0.0502188355,-0.0052757125,-0.0449431229
train:4612,0,0.3938263953,0.3932473380,0.0005790572,0.1157807533,-0.0148188796,-0.0035365857,0.0844024141,-0.0312506240,-0.0320410412,0.1157807533,0.0148188796,0.0035365857,0.1009618737,0.1122441675,-0.0112822939
train:4625,0,1.7371885777,1.7366095204,0.0005790572,-0.0777329084,-0.0200974967,-0.0604116656,-0.1091112476,-0.0365292411,-0.0889161210,0.0777329084,0.0200974967,0.0604116656,0.0576354116,0.0173212428,0.0403141688
train:4629,0,-0.7353609204,-0.7359399777,0.0005790572,-0.0105481025,-0.0337151315,-0.0808418728,-0.0419264417,-0.0501468759,-0.1093463283,0.0105481025,0.0337151315,0.0808418728,-0.0231670290,-0.0702937703,0.0471267413
train:4632,0,-0.0644057170,-0.0649847742,0.0005790572,0.1493828941,0.1650685567,0.1732110120,0.1180045549,0.1486368124,0.1447065566,0.1493828941,0.1650685567,0.1732110120,-0.0156856626,-0.0238281179,0.0081424553
train:4636,0,-0.7114710808,-0.7120501380,0.0005790572,-0.0294859883,0.0765477989,0.1460967921,-0.0608643275,0.0601160545,0.1175923366,0.0294859883,0.0765477989,0.1460967921,-0.0470618106,-0.1166108038,0.0695489932
train:4647,0,0.4452381134,0.4446590562,0.0005790572,0.0072328869,0.0991940472,0.0446650051,-0.0241454523,0.0827623029,0.0161605496,0.0072328869,0.0991940472,0.0446650051,-0.0919611603,-0.0374321181,-0.0545290422
train:4648,0,1.0610442162,1.0604651589,0.0005790572,0.0221226338,0.0352803443,0.0101819299,-0.0092557054,0.0188485999,-0.0183225255,0.0221226338,0.0352803443,0.0101819299,-0.0131577104,0.0119407039,-0.0250984143
train:4649,0,0.4524759948,0.4518969376,0.0005790572,0.1802899662,0.2381211791,0.1504589878,0.1489116270,0.2216894347,0.1219545324,0.1802899662,0.2381211791,0.1504589878,-0.0578312129,0.0298309784,-0.0876621913
train:4651,0,-1.4599274397,-1.4605064969,0.0005790572,0.0545557860,-0.0224576023,-0.0149138905,0.0231774468,-0.0388893466,-0.0434183460,0.0545557860,0.0224576023,0.0149138905,0.0320981838,0.0396418955,-0.0075437117
train:4658,0,1.0816482306,1.0810691733,0.0005790572,-0.0736220952,-0.0157861736,-0.0407579876,-0.1050004344,-0.0322179179,-0.0692624431,0.0736220952,0.0157861736,0.0407579876,0.0578359216,0.0328641076,0.0249718141
train:4659,0,2.2208032608,2.2202242036,0.0005790572,-0.0191284295,0.0680549119,-0.0153056122,-0.0505067687,0.0516231675,-0.0438100677,0.0191284295,0.0680549119,0.0153056122,-0.0489264823,0.0038228173,-0.0527492996
train:4661,0,0.4531781077,0.4525990505,0.0005790572,0.0635865752,0.0257967386,0.0891008042,0.0322082360,0.0093649943,0.0605963487,0.0635865752,0.0257967386,0.0891008042,0.0377898365,-0.0255142290,0.0633040655
train:4663,-1,-7.3143396378,-3.8493001092,-3.4650395286,-0.5580309752,-0.5690160070,-0.3733001932,-0.5894093144,-0.5854477513,-0.4018046487,0.5580309752,0.5690160070,0.3733001932,-0.0109850317,0.1847307820,-0.1957158137
train:4670,0,-0.0263806786,-0.0269597359,0.0005790572,-0.0066284768,0.0511237673,0.0336679276,-0.0380068160,0.0346920230,0.0051634722,0.0066284768,0.0511237673,0.0336679276,-0.0444952905,-0.0270394508,-0.0174558397
train:4675,0,-6.4934010506,-6.4939801078,0.0005790572,-0.0674730416,-0.0607063796,0.1832775138,-0.0988513808,-0.0771381240,0.1547730584,0.0674730416,0.0607063796,0.1832775138,0.0067666620,-0.1158044722,0.1225711342
train:4682,0,1.8109642267,1.8103851695,0.0005790572,-0.0116690274,0.0633840535,-0.0288961865,-0.0430473666,0.0469523091,-0.0574006419,0.0116690274,0.0633840535,0.0288961865,-0.0517150260,-0.0172271591,-0.0344878670
train:4689,0,1.5826009512,1.5820218940,0.0005790572,-0.0605081197,-0.1031845834,-0.0534562804,-0.0918864589,-0.1196163278,-0.0819607358,0.0605081197,0.1031845834,0.0534562804,-0.0426764637,0.0070518393,-0.0497283030
train:4691,0,0.5491049886,0.5485259313,0.0005790572,-0.1097432252,-0.0587388899,-0.0224829055,-0.1411215644,-0.0751706343,-0.0509873610,0.1097432252,0.0587388899,0.0224829055,0.0510043353,0.0872603197,-0.0362559844
train:4692,0,2.0379259586,2.0373469014,0.0005790572,0.0143178824,-0.0324053791,-0.0272148587,-0.0170604568,-0.0488371234,-0.0557193141,0.0143178824,0.0324053791,0.0272148587,-0.0180874966,-0.0128969763,-0.0051905204
train:4694,0,-0.6569268703,-0.6575059276,0.0005790572,-0.1514188822,-0.1812648203,-0.1716205813,-0.1827972214,-0.1976965647,-0.2001250367,0.1514188822,0.1812648203,0.1716205813,-0.0298459381,-0.0202016991,-0.0096442390
train:4701,0,-1.3269516230,-1.3275306802,0.0005790572,0.2129663352,0.6067631218,0.5413714908,0.1815879960,0.5903313775,0.5128670354,0.2129663352,0.6067631218,0.5413714908,-0.3937967867,-0.3284051556,-0.0653916310
train:4705,0,1.1736794710,1.1731004138,0.0005790572,-0.0001302835,-0.0249322679,0.0126103424,-0.0315086227,-0.0413640123,-0.0158941131,0.0001302835,0.0249322679,0.0126103424,-0.0248019844,-0.0124800589,-0.0123219255
train:4709,0,0.9806673527,0.9800882954,0.0005790572,-0.2098201390,-0.1772427585,-0.2937618233,-0.2411984782,-0.1936745029,-0.3222662788,0.2098201390,0.1772427585,0.2937618233,0.0325773805,-0.0839416843,0.1165190648
train:4711,0,-0.3021233082,-0.3027023654,0.0005790572,-0.1143298622,-0.1819619190,-0.0733520575,-0.1457082014,-0.1983936634,-0.1018565129,0.1143298622,0.1819619190,0.0733520575,-0.0676320568,0.0409778047,-0.1086098615
train:4713,-1,-4.8908276558,-1.4257881272,-3.4650395286,-0.3491335038,-0.1515772615,-0.0874147400,-0.3805118430,-0.1680090058,-0.1159191954,0.3491335038,0.1515772615,0.0874147400,0.1975562423,0.2617187638,-0.0641625214
train:4717,0,1.6830452681,1.6824662108,0.0005790572,-0.0091323730,0.0632159684,0.0475672744,-0.0405107122,0.0467842240,0.0190628190,0.0091323730,0.0632159684,0.0475672744,-0.0540835954,-0.0384349015,-0.0156486940
train:4719,0,1.6356415749,1.6350625176,0.0005790572,-0.0656576034,-0.0274903800,-0.0650015809,-0.0970359426,-0.0439221244,-0.0935060363,0.0656576034,0.0274903800,0.0650015809,0.0381672233,0.0006560225,0.0375112008
train:4727,0,0.7104003429,0.7098212857,0.0005790572,0.6100692276,0.3776233468,0.7623373829,0.5786908884,0.3611916024,0.7338329274,0.6100692276,0.3776233468,0.7623373829,0.2324458808,-0.1522681553,0.3847140361
train:4728,0,-1.1085995436,-1.1091786008,0.0005790572,-0.0436929341,0.0948549483,0.0560773872,-0.0750712733,0.0784232039,0.0275729317,0.0436929341,0.0948549483,0.0560773872,-0.0511620141,-0.0123844530,-0.0387775611
train:4732,0,-1.4882673025,-1.4888463598,0.0005790572,0.3605114344,0.4048851702,0.5629027151,0.3291330952,0.3884534259,0.5343982596,0.3605114344,0.4048851702,0.5629027151,-0.0443737358,-0.2023912806,0.1580175448
train:4739,0,1.8915629387,1.8909838815,0.0005790572,-0.0426424619,-0.0246441390,-0.0543404557,-0.0740208011,-0.0410758834,-0.0828449111,0.0426424619,0.0246441390,0.0543404557,0.0179983228,-0.0116979938,0.0296963166
train:4740,0,1.7239847183,1.7234056611,0.0005790572,0.0408783082,0.0271975968,-0.0361612774,0.0094999690,0.0107658524,-0.0646657329,0.0408783082,0.0271975968,0.0361612774,0.0136807114,0.0047170307,0.0089636806
train:4743,0,-5.4775390625,-5.4781181197,0.0005790572,-0.0234023210,-0.1156518485,-0.0487957932,-0.0547806602,-0.1320835929,-0.0773002486,0.0234023210,0.1156518485,0.0487957932,-0.0922495276,-0.0253934722,-0.0668560553
train:4745,0,0.3981684148,0.3975893576,0.0005790572,-0.0591250237,-0.0149645533,-0.0239526071,-0.0905033629,-0.0313962977,-0.0524570625,0.0591250237,0.0149645533,0.0239526071,0.0441604704,0.0351724167,0.0089880537
train:4750,0,-1.6444584131,-1.6450374704,0.0005790572,-0.0672193643,0.0174815629,0.0660447143,-0.0985977035,0.0010498185,0.0375402589,0.0672193643,0.0174815629,0.0660447143,0.0497378014,0.0011746500,0.0485631514
train:4751,-1,-2.3803451061,1.0846944224,-3.4650395286,0.0333620187,0.0671891894,0.0138969436,0.0019836795,0.0507574451,-0.0146075118,0.0333620187,0.0671891894,0.0138969436,-0.0338271707,0.0194650751,-0.0532922458
train:4756,0,2.4042623043,2.4036832471,0.0005790572,0.0392102126,0.0087633107,-0.0053120591,0.0078318734,-0.0076684337,-0.0338165145,0.0392102126,0.0087633107,0.0053120591,0.0304469019,0.0338981535,-0.0034512516
train:4759,0,1.4029939175,1.4024148602,0.0005790572,0.0218548898,0.0372164223,-0.0175056197,-0.0095234494,0.0207846780,-0.0460100751,0.0218548898,0.0372164223,0.0175056197,-0.0153615326,0.0043492701,-0.0197108027
train:4764,-2,-5.1281995773,1.8024585371,-6.9306581144,0.1045986045,0.1079298932,0.0827867754,0.0732202653,0.0914981489,0.0542823200,0.1045986045,0.1079298932,0.0827867754,-0.0033312887,0.0218118291,-0.0251431178
train:4768,0,1.6061723232,1.6055932660,0.0005790572,0.0445243243,0.0871506903,0.1019782089,0.0131459851,0.0707189460,0.0734737534,0.0445243243,0.0871506903,0.1019782089,-0.0426263660,-0.0574538846,0.0148275185
train:4779,0,-2.1719980240,-2.1725770812,0.0005790572,-0.0521386739,-0.0441813495,0.0719174407,-0.0835170131,-0.0606130939,0.0434129853,0.0521386739,0.0441813495,0.0719174407,0.0079573244,-0.0197787668,0.0277360912
train:4785,0,2.1500751972,2.1494961400,0.0005790572,0.1069153670,0.0465679143,-0.0083101727,0.0755370278,0.0301361699,-0.0368146281,0.1069153670,0.0465679143,0.0083101727,0.0603474528,0.0986051943,-0.0382577415
train:4788,0,2.4258944988,2.4253154416,0.0005790572,-0.0583170530,-0.0355157878,-0.0770178773,-0.0896953922,-0.0519475322,-0.1055223327,0.0583170530,0.0355157878,0.0770178773,0.0228012651,-0.0187008243,0.0415020894
train:4790,0,-0.3773399889,-0.3779190462,0.0005790572,0.0016596142,-0.0046719637,0.0718854629,-0.0297187250,-0.0211037081,0.0433810074,0.0016596142,0.0046719637,0.0718854629,-0.0030123495,-0.0702258486,0.0672134992
train:4801,-1,-1.0614445210,2.4035950076,-3.4650395286,-0.3528400782,-0.4180074010,-0.5947035536,-0.3842184174,-0.4344391454,-0.6232080090,0.3528400782,0.4180074010,0.5947035536,-0.0651673228,-0.2418634754,0.1766961526
train:4803,-1,-2.8978679180,0.5671716106,-3.4650395286,-0.0391548399,-0.0565018330,-0.0091968164,-0.0705331791,-0.0729335773,-0.0377012718,0.0391548399,0.0565018330,0.0091968164,-0.0173469931,0.0299580235,-0.0473050166
train:4814,0,1.5396916866,1.5391126294,0.0005790572,-0.0262584563,-0.0843162563,-0.0871135928,-0.0576367955,-0.1007480006,-0.1156180482,0.0262584563,0.0843162563,0.0871135928,-0.0580577999,-0.0608551364,0.0027973365
train:4826,0,1.4329494238,1.4323703666,0.0005790572,0.0532194499,0.0869370673,0.0787582658,0.0218411107,0.0705053229,0.0502538104,0.0532194499,0.0869370673,0.0787582658,-0.0337176174,-0.0255388159,-0.0081788015
train:4829,0,0.3542538881,0.3536748309,0.0005790572,-0.6075948354,-0.7114503410,-0.6813932396,-0.6389731746,-0.7278820853,-0.7098976951,0.6075948354,0.7114503410,0.6813932396,-0.1038555056,-0.0737984043,-0.0300571013
train:4835,0,-1.9023076296,-1.9028866868,0.0005790572,0.1177152518,0.4176055167,0.3703887723,0.0863369126,0.4011737723,0.3418843169,0.1177152518,0.4176055167,0.3703887723,-0.2998902649,-0.2526735205,-0.0472167443
train:4870,-2,-8.8932781219,-1.9626200076,-6.9306581144,0.2369013656,0.2451588590,0.2414453991,0.2055230264,0.2287271146,0.2129409437,0.2369013656,0.2451588590,0.2414453991,-0.0082574934,-0.0045440335,-0.0037134599
train:4872,0,1.8641006947,1.8635216374,0.0005790572,0.0695023660,0.0340652440,0.0574461482,0.0381240268,0.0176334996,0.0289416928,0.0695023660,0.0340652440,0.0574461482,0.0354371220,0.0120562177,0.0233809043
train:4873,0,-1.7410891056,-1.7416681628,0.0005790572,0.0329110745,0.0134464476,0.0311061405,0.0015327353,-0.0029852967,0.0026016850,0.0329110745,0.0134464476,0.0311061405,0.0194646269,0.0018049341,0.0176596928
train:4876,0,0.9876254797,0.9870464225,0.0005790572,0.0447484378,-0.0098323848,0.0065740608,0.0133700986,-0.0262641292,-0.0219303947,0.0447484378,0.0098323848,0.0065740608,0.0349160530,0.0381743770,-0.0032583241
train:4877,0,1.3040426970,1.3034636397,0.0005790572,-0.0053503390,-0.0273727205,0.0064679645,-0.0367286782,-0.0438044648,-0.0220364909,0.0053503390,0.0273727205,0.0064679645,-0.0220223814,-0.0011176255,-0.0209047560
train:4884,0,-0.4402060509,-0.4407851081,0.0005790572,-0.1242935535,-0.0749169018,-0.0042629577,-0.1556718927,-0.0913486462,-0.0327674132,0.1242935535,0.0749169018,0.0042629577,0.0493766516,0.1200305957,-0.0706539441
train:4885,0,-4.8904747963,-4.8910538535,0.0005790572,-0.1393753167,-0.4875404861,-0.3649126031,-0.1707536559,-0.5039722305,-0.3934170585,0.1393753167,0.4875404861,0.3649126031,-0.3481651694,-0.2255372863,-0.1226278830
train:4887,0,1.1192586422,1.1186795850,0.0005790572,-0.0810531255,0.0033566926,0.0608134530,-0.1124314647,-0.0130750518,0.0323089976,0.0810531255,0.0033566926,0.0608134530,0.0776964329,0.0202396724,0.0574567605
train:4893,0,-0.8107913733,-0.8113704305,0.0005790572,0.0619419340,-0.0452519085,-0.2074715830,0.0305635948,-0.0616836529,-0.2359760385,0.0619419340,0.0452519085,0.2074715830,0.0166900255,-0.1455296490,0.1622196745
train:4895,0,0.0673636496,0.0667845924,0.0005790572,-0.0559981939,0.2177904818,0.1541776322,-0.0873765331,0.2013587374,0.1256731767,0.0559981939,0.2177904818,0.1541776322,-0.1617922880,-0.0981794383,-0.0636128496
train:4899,0,-3.2989761829,-3.2995552402,0.0005790572,-0.0199805375,-0.1926925209,0.0464135669,-0.0513588767,-0.2091242652,0.0179091115,0.0199805375,0.1926925209,0.0464135669,-0.1727119833,-0.0264330294,-0.1462789539
train:4903,0,2.1704695225,2.1698904652,0.0005790572,0.1003278617,0.1620807622,0.1947256587,0.0689495225,0.1456490178,0.1662212033,0.1003278617,0.1620807622,0.1947256587,-0.0617529005,-0.0943977971,0.0326448966
train:4904,0,0.6534153819,0.6528363247,0.0005790572,-0.9334823366,-0.9273478415,-0.9117964841,-0.9648606758,-0.9437795859,-0.9403009396,0.9334823366,0.9273478415,0.9117964841,0.0061344951,0.0216858525,-0.0155513574
train:4908,0,2.2096621990,2.2090831418,0.0005790572,0.0708571795,0.0094439957,0.0468365215,0.0394788403,-0.0069877486,0.0183320660,0.0708571795,0.0094439957,0.0468365215,0.0614131838,0.0240206581,0.0373925258
train:4910,-1,-2.8977565765,0.5672829520,-3.4650395286,0.0076306339,0.0932618704,0.0850876585,-0.0237477053,0.0768301260,0.0565832030,0.0076306339,0.0932618704,0.0850876585,-0.0856312364,-0.0774570245,-0.0081742119
train:4911,0,2.3827457428,2.3821666856,0.0005790572,-0.1055925962,0.1263754342,0.0407790206,-0.1369709354,0.1099436898,0.0122745652,0.1055925962,0.1263754342,0.0407790206,-0.0207828380,0.0648135755,-0.0855964135
train:4917,0,1.0089792013,1.0084001441,0.0005790572,0.0544028405,-0.0068798091,-0.1728437878,0.0230245013,-0.0233115535,-0.2013482433,0.0544028405,0.0068798091,0.1728437878,0.0475230314,-0.1184409473,0.1659639787
train:4927,0,-0.0637743250,-0.0643533822,0.0005790572,0.0055686060,0.0313476894,0.0104739107,-0.0258097332,0.0149159450,-0.0180305447,0.0055686060,0.0313476894,0.0104739107,-0.0257790834,-0.0049053047,-0.0208737787
train:4931,0,-1.2111897469,-1.2117688041,0.0005790572,-0.1535103198,-0.0652651813,0.0263724588,-0.1848886590,-0.0816969257,-0.0021319967,0.1535103198,0.0652651813,0.0263724588,0.0882451385,0.1271378610,-0.0388927225
train:4942,0,0.9625039101,0.9619248528,0.0005790572,-0.1361306783,-0.1802307393,-0.1390238740,-0.1675090175,-0.1966624837,-0.1675283294,0.1361306783,0.1802307393,0.1390238740,-0.0441000611,-0.0028931957,-0.0412068654
train:4945,0,-1.6042349339,-1.6048139911,0.0005790572,0.1207281474,-0.0778396156,0.0484371446,0.0893498082,-0.0942713599,0.0199326892,0.1207281474,0.0778396156,0.0484371446,0.0428885318,0.0722910028,-0.0294024710
train:4952,0,0.1855902225,0.1850111652,0.0005790572,-0.5160811272,-0.2475544091,-0.5753621645,-0.5474594664,-0.2639861535,-0.6038666200,0.5160811272,0.2475544091,0.5753621645,0.2685267180,-0.0592810374,0.3278077554
train:4953,0,1.0670855045,1.0665064473,0.0005790572,0.0390468959,-0.1088871982,-0.0469890572,0.0076685567,-0.1253189426,-0.0754935127,0.0390468959,0.1088871982,0.0469890572,-0.0698403023,-0.0079421613,-0.0618981410
train:4955,0,1.5229765177,1.5223974604,0.0005790572,-0.1714087602,-0.1541285541,-0.2148004510,-0.2027870994,-0.1705602985,-0.2433049064,0.1714087602,0.1541285541,0.2148004510,0.0172802061,-0.0433916908,0.0606718969
train:4956,0,-1.2146282196,-1.2152072768,0.0005790572,-0.0740148898,-0.1114301708,-0.0318361260,-0.1053932290,-0.1278619151,-0.0603405814,0.0740148898,0.1114301708,0.0318361260,-0.0374152809,0.0421787638,-0.0795940448
train:4962,0,2.0076158047,2.0070367474,0.0005790572,-0.0541437741,-0.0487103488,0.0516934656,-0.0855221133,-0.0651420932,0.0231890101,0.0541437741,0.0487103488,0.0516934656,0.0054334253,0.0024503086,0.0029831167
train:4970,0,1.3815845251,1.3810054679,0.0005790572,-0.0107780572,0.0549652550,0.0354318880,-0.0421563964,0.0385335107,0.0069274325,0.0107780572,0.0549652550,0.0354318880,-0.0441871978,-0.0246538307,-0.0195333671
train:4979,-2,-9.9499044418,-3.0192463274,-6.9306581144,0.1235812534,0.3339998205,0.1820124157,0.0922029142,0.3175680761,0.1535079603,0.1235812534,0.3339998205,0.1820124157,-0.2104185671,-0.0584311623,-0.1519874047
train:4984,0,1.1650570631,1.1644780059,0.0005790572,0.0545113210,0.0780281994,0.0698296092,0.0231329818,0.0615964551,0.0413251538,0.0545113210,0.0780281994,0.0698296092,-0.0235168785,-0.0153182883,-0.0081985902
train:4993,0,0.8109536767,0.8103746195,0.0005790572,-0.1895341154,-0.0774842527,-0.0963884927,-0.2209124546,-0.0939159971,-0.1248929482,0.1895341154,0.0774842527,0.0963884927,0.1120498627,0.0931456227,0.0189042400
train:5004,0,0.5491349101,0.5485558529,0.0005790572,0.1961986843,0.1716383073,0.2690426372,0.1648203451,0.1552065630,0.2405381818,0.1961986843,0.1716383073,0.2690426372,0.0245603770,-0.0728439529,0.0974043299
train:5007,0,1.6929090023,1.6923299451,0.0005790572,0.1806171063,0.1744846079,0.1204740070,0.1492387671,0.1580528636,0.0919695515,0.1806171063,0.1744846079,0.1204740070,0.0061324984,0.0601430993,-0.0540106010
train:5008,0,0.4828266799,0.4822476227,0.0005790572,0.4216653082,0.1595200274,-0.0054600276,0.3902869690,0.1430882830,-0.0339644830,0.4216653082,0.1595200274,0.0054600276,0.2621452808,0.4162052806,-0.1540599998
train:5012,0,1.9977947474,1.9972156901,0.0005790572,0.0269994859,-0.0357402589,-0.0527906157,-0.0043788533,-0.0521720033,-0.0812950711,0.0269994859,0.0357402589,0.0527906157,-0.0087407731,-0.0257911299,0.0170503568
train:5017,0,0.6027679443,0.6021888871,0.0005790572,-0.0645477053,-0.0741354253,-0.2679627873,-0.0959260445,-0.0905671697,-0.2964672427,0.0645477053,0.0741354253,0.2679627873,-0.0095877200,-0.2034150820,0.1938273620
train:5020,0,0.6630546451,0.6624755878,0.0005790572,-0.0573990818,0.0177109811,0.0513043664,-0.0887774210,0.0012792368,0.0227999110,0.0573990818,0.0177109811,0.0513043664,0.0396881007,0.0060947154,0.0335933853
train:5025,0,-2.6613247395,-2.6619037967,0.0005790572,-0.0033179399,-0.1213712718,0.0313354991,-0.0346962791,-0.1378030162,0.0028310437,0.0033179399,0.1213712718,0.0313354991,-0.1180533320,-0.0280175593,-0.0900357727
train:5027,0,0.6411041021,0.6405250449,0.0005790572,0.0113467697,-0.1129791167,-0.0318251587,-0.0200315695,-0.1294108610,-0.0603296142,0.0113467697,0.1129791167,0.0318251587,-0.1016323470,-0.0204783890,-0.0811539579
train:5029,0,-2.6518721581,-2.6524512153,0.0005790572,0.1455043677,0.0417864297,0.2008332275,0.1141260285,0.0253546853,0.1723287720,0.1455043677,0.0417864297,0.2008332275,0.1037179381,-0.0553288598,0.1590467978
train:5034,0,-1.4943529367,-1.4949319940,0.0005790572,0.2151099566,0.0407875750,0.0746951364,0.1837316174,0.0243558306,0.0461906810,0.2151099566,0.0407875750,0.0746951364,0.1743223816,0.1404148202,0.0339075614
train:5038,0,-1.1302070618,-1.1307861190,0.0005790572,-0.0437061664,-0.1250484612,-0.0237207152,-0.0750845056,-0.1414802056,-0.0522251706,0.0437061664,0.1250484612,0.0237207152,-0.0813422948,0.0199854512,-0.1013277460
train:5043,0,0.5647066236,0.5641275663,0.0005790572,0.0910553459,0.1155006859,0.0678657554,0.0596770067,0.0990689416,0.0393613000,0.0910553459,0.1155006859,0.0678657554,-0.0244453400,0.0231895905,-0.0476349305
train:5051,0,1.5854066610,1.5848276038,0.0005790572,0.0797029857,0.1377775643,0.1632700227,0.0483246465,0.1213458199,0.1347655673,0.0797029857,0.1377775643,0.1632700227,-0.0580745786,-0.0835670371,0.0254924584
train:5055,0,0.0257279575,0.0251489002,0.0005790572,0.0167390156,-0.1150659051,0.0031808950,-0.0146393236,-0.1314976495,-0.0253235604,0.0167390156,0.1150659051,0.0031808950,-0.0983268894,0.0135581206,-0.1118850101
train:5056,0,-0.4070715308,-0.4076505881,0.0005790572,-0.0473191019,-0.1326303508,-0.1359408684,-0.0786974411,-0.1490620952,-0.1644453238,0.0473191019,0.1326303508,0.1359408684,-0.0853112489,-0.0886217665,0.0033105176
train:5057,0,2.0165534019,2.0159743447,0.0005790572,0.1083964232,0.1402707074,0.1297177337,0.0770180840,0.1238389630,0.1012132783,0.1083964232,0.1402707074,0.1297177337,-0.0318742841,-0.0213213105,-0.0105529737
train:5074,0,1.6628257036,1.6622466464,0.0005790572,0.0401022557,-0.1070307519,0.0035130046,0.0087239165,-0.1234624963,-0.0249914508,0.0401022557,0.1070307519,0.0035130046,-0.0669284962,0.0365892511,-0.1035177473
train:5077,0,-2.3415570259,-2.3421360831,0.0005790572,-0.0291794416,-0.0179975059,0.0142640136,-0.0605577808,-0.0344292503,-0.0142404418,0.0291794416,0.0179975059,0.0142640136,0.0111819357,0.0149154279,-0.0037334923
train:5079,0,1.8390477896,1.8384687323,0.0005790572,0.0121078614,0.0756695244,0.1281411909,-0.0192704778,0.0592377801,0.0996367354,0.0121078614,0.0756695244,0.1281411909,-0.0635616630,-0.1160333295,0.0524716664
train:5086,0,1.0908813477,1.0903022904,0.0005790572,0.3578377489,0.5072889302,0.5001207255,0.3264594097,0.4908571858,0.4716162700,0.3578377489,0.5072889302,0.5001207255,-0.1494511813,-0.1422829766,-0.0071682047
train:5092,0,-0.2595558763,-0.2601349335,0.0005790572,-0.1142556172,-0.0863875177,-0.0920019932,-0.1456339564,-0.1028192621,-0.1205064486,0.1142556172,0.0863875177,0.0920019932,0.0278680995,0.0222536240,0.0056144755
train:5095,0,1.2667766809,1.2661976237,0.0005790572,0.0016075496,0.0548185084,0.0070799850,-0.0297707896,0.0383867640,-0.0214244704,0.0016075496,0.0548185084,0.0070799850,-0.0532109588,-0.0054724354,-0.0477385234
train:5099,0,-0.1054943651,-0.1060734223,0.0005790572,0.0478718627,0.0569110338,-0.0308586992,0.0164935235,0.0404792894,-0.0593631547,0.0478718627,0.0569110338,0.0308586992,-0.0090391710,0.0170131635,-0.0260523345
train:5102,0,1.4492647648,1.4486857075,0.0005790572,0.0325715665,-0.0203299549,-0.1134159304,0.0011932273,-0.0367616992,-0.1419203859,0.0325715665,0.0203299549,0.1134159304,0.0122416116,-0.0808443640,0.0930859756
train:5108,0,1.4131383896,1.4125593323,0.0005790572,0.0850228194,0.1742842171,0.2069604658,0.0536444802,0.1578524728,0.1784560103,0.0850228194,0.1742842171,0.2069604658,-0.0892613977,-0.1219376464,0.0326762486
train:5111,0,-0.1024359837,-0.1030150410,0.0005790572,0.0470401172,0.1614651281,0.0989466943,0.0156617780,0.1450333838,0.0704422388,0.0470401172,0.1614651281,0.0989466943,-0.1144250110,-0.0519065771,-0.0625184338
train:5123,0,0.5267885327,0.5262094755,0.0005790572,0.1969911877,0.0484880183,0.1005998515,0.1656128485,0.0320562739,0.0720953960,0.1969911877,0.0484880183,0.1005998515,0.1485031694,0.0963913362,0.0521118332
train:5125,0,1.4980554581,1.4974764008,0.0005790572,0.0951779012,0.1024923298,0.0737834238,0.0637995620,0.0860605855,0.0452789683,0.0951779012,0.1024923298,0.0737834238,-0.0073144287,0.0213944774,-0.0287089061
train:5127,0,0.6684538126,0.6678747554,0.0005790572,0.0347820643,0.0196207140,0.0330640934,0.0034037251,0.0031889696,0.0045596380,0.0347820643,0.0196207140,0.0330640934,0.0151613504,0.0017179709,0.0134433795
train:5129,0,1.7619395256,1.7613604684,0.0005790572,-0.0483422157,-0.0517665174,0.0339615606,-0.0797205549,-0.0681982618,0.0054571051,0.0483422157,0.0517665174,0.0339615606,-0.0034243017,0.0143806551,-0.0178049568
train:5135,0,-2.2848751545,-2.2854542117,0.0005790572,-0.0467742559,-0.0714349773,-0.1033979394,-0.0781525951,-0.0878667217,-0.1319023948,0.0467742559,0.0714349773,0.1033979394,-0.0246607214,-0.0566236835,0.0319629621
train:5140,0,1.4346628189,1.4340837617,0.0005790572,-0.1075606223,-0.0966310527,-0.0808675028,-0.1389389615,-0.1130627971,-0.1093719583,0.1075606223,0.0966310527,0.0808675028,0.0109295696,0.0266931195,-0.0157635499
train:5145,0,1.8738875389,1.8733084817,0.0005790572,0.0407741193,0.0006082032,0.0249963067,0.0093957801,-0.0158235412,-0.0035081487,0.0407741193,0.0006082032,0.0249963067,0.0401659161,0.0157778125,0.0243881036
train:5147,0,2.1283676624,2.1277886052,0.0005790572,-0.0567055818,-0.0628309276,-0.0825556256,-0.0880839210,-0.0792626720,-0.1110600810,0.0567055818,0.0628309276,0.0825556256,-0.0061253458,-0.0258500438,0.0197246980
train:5148,0,-0.5362696648,-0.5368487220,0.0005790572,-0.4081471365,0.0601698730,-0.1766514517,-0.4395254757,0.0437381286,-0.2051559072,0.4081471365,0.0601698730,0.1766514517,0.3479772635,0.2314956848,0.1164815787
train:5151,0,0.3492484987,0.3486694414,0.0005790572,0.1344830219,0.0106361184,-0.0203678049,0.1031046827,-0.0057956259,-0.0488722604,0.1344830219,0.0106361184,0.0203678049,0.1238469034,0.1141152169,0.0097316865
train:5152,0,0.7105327249,0.7099536676,0.0005790572,-0.0038215991,-0.0832456973,-0.0440924503,-0.0351999383,-0.0996774416,-0.0725969057,0.0038215991,0.0832456973,0.0440924503,-0.0794240981,-0.0402708512,-0.0391532470
train:5168,0,3.1456580162,3.1450789590,0.0005790572,0.0400923613,0.0829098198,0.1024159454,0.0087140221,0.0664780755,0.0739114899,0.0400923613,0.0829098198,0.1024159454,-0.0428174585,-0.0623235840,0.0195061255
train:5175,0,2.4340579510,2.4334788937,0.0005790572,0.1216446284,-0.0067522552,-0.0306762196,0.0902662892,-0.0231839996,-0.0591806751,0.1216446284,0.0067522552,0.0306762196,0.1148923732,0.0909684088,0.0239239644
train:5186,0,2.5619535446,2.5613744874,0.0005790572,-0.0294903394,-0.0588471916,-0.1656075455,-0.0608686786,-0.0752789359,-0.1941120010,0.0294903394,0.0588471916,0.1656075455,-0.0293568522,-0.1361172061,0.1067603540
train:5190,0,-1.7783452272,-1.7789242845,0.0005790572,0.0787662391,0.0832239363,0.1438888572,0.0473878999,0.0667921920,0.1153844018,0.0787662391,0.0832239363,0.1438888572,-0.0044576973,-0.0651226182,0.0606649209
train:5197,0,2.3707313538,2.3701522965,0.0005790572,-0.0197328206,-0.0401783016,-0.0038655736,-0.0511111598,-0.0566100459,-0.0323700290,0.0197328206,0.0401783016,0.0038655736,-0.0204454809,0.0158672471,-0.0363127280
train:5198,0,-1.6996909380,-1.7002699952,0.0005790572,-0.2289366599,-0.3974941995,-0.3462553956,-0.2603149991,-0.4139259439,-0.3747598510,0.2289366599,0.3974941995,0.3462553956,-0.1685575396,-0.1173187356,-0.0512388039
train:5199,0,2.0623767376,2.0617976804,0.0005790572,0.0170897368,0.0487434838,-0.0173924901,-0.0142886024,0.0323117394,-0.0458969455,0.0170897368,0.0487434838,0.0173924901,-0.0316537470,-0.0003027532,-0.0313509937
train:5207,0,1.2315390110,1.2309599538,0.0005790572,-0.2504111406,-0.1758916404,-0.2125165202,-0.2817894798,-0.1923233848,-0.2410209756,0.2504111406,0.1758916404,0.2125165202,0.0745195001,0.0378946204,0.0366248798
train:5211,0,1.3150787354,1.3144996781,0.0005790572,0.1245662097,0.0552976105,0.0244395994,0.0931878705,0.0388658662,-0.0040648561,0.1245662097,0.0552976105,0.0244395994,0.0692685992,0.1001266103,-0.0308580112
train:5217,0,-0.8337205052,-0.8342995625,0.0005790572,-0.1258424994,-0.0686976936,-0.2110132314,-0.1572208386,-0.0851294379,-0.2395176869,0.1258424994,0.0686976936,0.2110132314,0.0571448058,-0.0851707321,0.1423155378
train:5219,0,2.0263910294,2.0258119721,0.0005790572,0.0225278262,0.0392951939,0.0324973129,-0.0088505130,0.0228634496,0.0039928574,0.0225278262,0.0392951939,0.0324973129,-0.0167673677,-0.0099694867,-0.0067978810
train:5220,0,1.8306653500,1.8300862927,0.0005790572,0.0004787568,-0.0008935955,-0.0099252202,-0.0308995824,-0.0173253398,-0.0384296756,0.0004787568,0.0008935955,0.0099252202,-0.0004148387,-0.0094464634,0.0090316247
train:5225,0,0.8447368741,0.8441578169,0.0005790572,-0.0070249911,0.0449110243,0.0145024322,-0.0384033303,0.0284792800,-0.0140020232,0.0070249911,0.0449110243,0.0145024322,-0.0378860332,-0.0074774410,-0.0304085921
train:5227,0,-2.0216212273,-2.0222002845,0.0005790572,0.0294422034,-0.1593760278,0.0770136379,-0.0019361358,-0.1758077722,0.0485091824,0.0294422034,0.1593760278,0.0770136379,-0.1299338244,-0.0475714345,-0.0823623899
train:5230,0,-1.2911121845,-1.2916912418,0.0005790572,-0.3725480910,-0.4299161460,-0.1999704577,-0.4039264302,-0.4463478904,-0.2284749131,0.3725480910,0.4299161460,0.1999704577,-0.0573680550,0.1725776333,-0.2299456883
train:5232,0,0.4035717845,0.4029927273,0.0005790572,-0.2188525077,0.1243652973,-0.0687746741,-0.2502308469,0.1079335530,-0.0972791295,0.2188525077,0.1243652973,0.0687746741,0.0944872104,0.1500778336,-0.0555906232
train:5234,0,-2.5414559841,-2.5420350414,0.0005790572,-0.1671246167,-0.1418845680,-0.0436547734,-0.1985029559,-0.1583163123,-0.0721592288,0.1671246167,0.1418845680,0.0436547734,0.0252400488,0.1234698434,-0.0982297946
train:5246,0,2.2321956158,2.2316165585,0.0005790572,-0.0636020776,0.0319089863,0.0452548526,-0.0949804168,0.0154772420,0.0167503972,0.0636020776,0.0319089863,0.0452548526,0.0316930913,0.0183472250,0.0133458663
train:5250,0,-4.5695834160,-4.5701624732,0.0005790572,0.2191208724,0.1768739197,0.3616408370,0.1877425332,0.1604421754,0.3331363816,0.2191208724,0.1768739197,0.3616408370,0.0422469527,-0.1425199647,0.1847669173
train:5265,0,-3.3617806435,-3.3623597007,0.0005790572,-0.1741455671,-0.3005595233,-0.2294870354,-0.2055239063,-0.3169912677,-0.2579914909,0.1741455671,0.3005595233,0.2294870354,-0.1264139563,-0.0553414684,-0.0710724879
train:5268,0,-3.6945598125,-3.6951388698,0.0005790572,0.1282822017,0.1893401120,0.1189745925,0.0969038625,0.1729083676,0.0904701371,0.1282822017,0.1893401120,0.1189745925,-0.0610579103,0.0093076091,-0.0703655194
train:5271,0,1.2555865049,1.2550074477,0.0005790572,0.0506248597,-0.0019534852,0.0098161958,0.0192465205,-0.0183852296,-0.0186882596,0.0506248597,0.0019534852,0.0098161958,0.0486713745,0.0408086639,0.0078627106
train:5277,0,0.8702620268,0.8696829695,0.0005790572,0.0445668820,0.0638893220,0.0498143695,0.0131885428,0.0474575777,0.0213099141,0.0445668820,0.0638893220,0.0498143695,-0.0193224400,-0.0052474875,-0.0140749525
train:5284,0,-2.8957004547,-2.8962795120,0.0005790572,-0.1551431295,-0.0701241519,-0.0011726357,-0.1865214687,-0.0865558963,-0.0296770911,0.1551431295,0.0701241519,0.0011726357,0.0850189775,0.1539704938,-0.0689515162
train:5287,0,1.7562706470,1.7556915898,0.0005790572,0.1220083360,0.0561672423,0.0637123846,0.0906299968,0.0397354979,0.0352079291,0.1220083360,0.0561672423,0.0637123846,0.0658410937,0.0582959514,0.0075451423
train:5288,0,2.2890179157,2.2884388585,0.0005790572,0.0523978595,-0.0299224880,0.0043279193,0.0210195203,-0.0463542323,-0.0241765361,0.0523978595,0.0299224880,0.0043279193,0.0224753715,0.0480699401,-0.0255945686
train:5298,0,0.4324049056,0.4318258483,0.0005790572,-0.0301962670,-0.1537997451,-0.0664913692,-0.0615746062,-0.1702314894,-0.0949958246,0.0301962670,0.1537997451,0.0664913692,-0.1236034781,-0.0362951022,-0.0873083759
train:5299,0,-3.0713891983,-3.0719682555,0.0005790572,-0.4560288068,-0.1381771591,-0.2344950177,-0.4874071460,-0.1546089034,-0.2629994731,0.4560288068,0.1381771591,0.2344950177,0.3178516477,0.2215337891,0.0963178586
train:5301,0,2.9765250683,2.9759460110,0.0005790572,-0.0214727994,-0.0366554286,-0.1011732556,-0.0528511386,-0.0530871730,-0.1296777110,0.0214727994,0.0366554286,0.1011732556,-0.0151826292,-0.0797004562,0.0645178270
train:5306,0,0.7914967537,0.7909176965,0.0005790572,-0.0287474867,-0.0407736924,-0.1145018674,-0.0601258259,-0.0572054367,-0.1430063229,0.0287474867,0.0407736924,0.1145018674,-0.0120262057,-0.0857543807,0.0737281751
train:5309,0,0.6492789984,0.6486999411,0.0005790572,0.0893778328,-0.0674814012,0.0201809667,0.0579994936,-0.0839131456,-0.0083234887,0.0893778328,0.0674814012,0.0201809667,0.0218964316,0.0691968661,-0.0473004345
train:5310,0,-0.2005959302,-0.2011749875,0.0005790572,-0.3420039442,-0.0280082997,-0.0783335157,-0.3733822834,-0.0444400441,-0.1068379711,0.3420039442,0.0280082997,0.0783335157,0.3139956445,0.2636704285,0.0503252160
train:5315,0,1.3119964600,1.3114174027,0.0005790572,0.0209480647,0.0077550385,-0.0206660964,-0.0104302745,-0.0086767059,-0.0491705518,0.0209480647,0.0077550385,0.0206660964,0.0131930262,0.0002819683,0.0129110579
train:5322,0,0.4328626096,0.4322835524,0.0005790572,0.0096621040,0.0827905212,0.1358719431,-0.0217162352,0.0663587768,0.1073674876,0.0096621040,0.0827905212,0.1358719431,-0.0731284171,-0.1262098391,0.0530814219
train:5338,0,0.2513994873,0.2508204300,0.0005790572,0.0321672384,0.0322953138,0.0292335115,0.0007888992,0.0158635695,0.0007290561,0.0321672384,0.0322953138,0.0292335115,-0.0001280755,0.0029337268,-0.0030618023
train:5339,0,2.5622575283,2.5616784711,0.0005790572,0.1668394927,0.0026760075,0.0387400649,0.1354611535,-0.0137557369,0.0102356095,0.1668394927,0.0026760075,0.0387400649,0.1641634852,0.1280994277,0.0360640574
train:5341,0,0.1590780169,0.1584989596,0.0005790572,0.0641397510,0.0667409647,-0.0669024773,0.0327614118,0.0503092204,-0.0954069327,0.0641397510,0.0667409647,0.0669024773,-0.0026012138,-0.0027627263,0.0001615126
train:5342,0,1.6068360806,1.6062570233,0.0005790572,-0.0070264217,0.1016979191,0.0918333791,-0.0384047609,0.0852661748,0.0633289237,0.0070264217,0.1016979191,0.0918333791,-0.0946714975,-0.0848069575,-0.0098645400
train:5347,0,-3.3232855797,-3.3238646369,0.0005790572,-0.0165558931,-0.1766982105,0.0439547561,-0.0479342323,-0.1931299548,0.0154503007,0.0165558931,0.1766982105,0.0439547561,-0.1601423174,-0.0273988631,-0.1327434544
train:5357,0,2.3148751259,2.3142960686,0.0005790572,0.0159791831,-0.0261890914,-0.0740486123,-0.0153991561,-0.0426208358,-0.1025530677,0.0159791831,0.0261890914,0.0740486123,-0.0102099084,-0.0580694292,0.0478595208
train:5380,0,2.1499879360,2.1494088788,0.0005790572,0.0763477210,0.1300427888,0.1113347076,0.0449693818,0.1136110444,0.0828302521,0.0763477210,0.1300427888,0.1113347076,-0.0536950678,-0.0349869866,-0.0187080812
train:5382,0,1.5513294935,1.5507504363,0.0005790572,0.0359915618,0.0910898421,-0.0464691855,0.0046132226,0.0746580977,-0.0749736409,0.0359915618,0.0910898421,0.0464691855,-0.0550982803,-0.0104776237,-0.0446206566
train:5384,0,-2.2204360962,-2.2210151534,0.0005790572,0.0152160052,-0.0834724929,0.0000242256,-0.0161623340,-0.0999042373,-0.0284802299,0.0152160052,0.0834724929,0.0000242256,-0.0682564877,0.0151917796,-0.0834482674
train:5399,0,1.2281273603,1.2275483031,0.0005790572,-0.0361503240,-0.0401512411,-0.0027872063,-0.0675286632,-0.0565829854,-0.0312916618,0.0361503240,0.0401512411,0.0027872063,-0.0040009171,0.0333631177,-0.0373640347
train:5405,0,-0.7215682268,-0.7221472841,0.0005790572,-0.0669004794,-0.0927163985,-0.0537689663,-0.0982788186,-0.1091481428,-0.0822734218,0.0669004794,0.0927163985,0.0537689663,-0.0258159190,0.0131315131,-0.0389474321
train:5408,0,-2.9437849522,-2.9443640094,0.0005790572,-0.3449631807,-0.3886194255,-0.3511188962,-0.3763415199,-0.4050511699,-0.3796233516,0.3449631807,0.3886194255,0.3511188962,-0.0436562449,-0.0061557155,-0.0375005294
train:5410,0,0.2532998025,0.2527207453,0.0005790572,0.1218358550,0.1111869786,0.0771939270,0.0904575158,0.0947552342,0.0486894716,0.1218358550,0.1111869786,0.0771939270,0.0106488764,0.0446419280,-0.0339930516
train:5413,0,-0.1525100321,-0.1530890893,0.0005790572,0.0212401722,0.1196104411,0.0427139066,-0.0101381670,0.1031786967,0.0142094512,0.0212401722,0.1196104411,0.0427139066,-0.0983702689,-0.0214737345,-0.0768965345
train:5415,0,0.9912883043,0.9907092471,0.0005790572,0.0261466030,0.0084745262,-0.0414901711,-0.0052317362,-0.0079572182,-0.0699946265,0.0261466030,0.0084745262,0.0414901711,0.0176720768,-0.0153435681,0.0330156449
train:5423,0,-0.0020227395,-0.0026017967,0.0005790572,0.0149542551,0.0372427490,-0.0012699068,-0.0164240841,0.0208110046,-0.0297743622,0.0149542551,0.0372427490,0.0012699068,-0.0222884938,0.0136843484,-0.0359728422
train:5425,0,1.0883891582,1.0878101010,0.0005790572,0.6881320897,0.6443058226,0.8195758723,0.6567537505,0.6278740783,0.7910714168,0.6881320897,0.6443058226,0.8195758723,0.0438262671,-0.1314437825,0.1752700497
train:5430,0,0.3832180798,0.3826390226,0.0005790572,0.1206380848,0.0710831258,-0.0431429185,0.0892597456,0.0546513815,-0.0716473739,0.1206380848,0.0710831258,0.0431429185,0.0495549589,0.0774951663,-0.0279402073
train:5435,0,-0.5569466949,-0.5575257521,0.0005790572,-0.0513490614,-0.0973950651,0.0042425059,-0.0827274006,-0.1138268094,-0.0242619496,0.0513490614,0.0973950651,0.0042425059,-0.0460460037,0.0471065555,-0.0931525592
train:5437,0,-1.8275558949,-1.8281349521,0.0005790572,0.0499634866,-0.0857896831,-0.0341433026,0.0185851474,-0.1022214275,-0.0626477580,0.0499634866,0.0857896831,0.0341433026,-0.0358261965,0.0158201840,-0.0516463805
train:5440,0,-2.4041669369,-2.4047459941,0.0005790572,-0.0095893022,-0.0458197620,0.0273567699,-0.0409676414,-0.0622515064,-0.0011476856,0.0095893022,0.0458197620,0.0273567699,-0.0362304598,-0.0177674677,-0.0184629921
train:5444,-1,-1.3572701216,2.1077694070,-3.4650395286,-0.1971957806,-0.1395193610,-0.2023107990,-0.2285741198,-0.1559511054,-0.2308152545,0.1971957806,0.1395193610,0.2023107990,0.0576764196,-0.0051150184,0.0627914380
train:5450,0,-1.6769505739,-1.6775296312,0.0005790572,-0.0826115485,-0.0239039686,0.0201504491,-0.1139898877,-0.0403357129,-0.0083540063,0.0826115485,0.0239039686,0.0201504491,0.0587075800,0.0624610994,-0.0037535194
train:5454,0,1.9973921776,1.9968131203,0.0005790572,-0.0608955499,-0.0219204452,-0.0936783291,-0.0922738891,-0.0383521896,-0.1221827846,0.0608955499,0.0219204452,0.0936783291,0.0389751047,-0.0327827793,0.0717578839
train:5458,0,2.0805423260,2.0799632687,0.0005790572,0.0397561911,0.2007276986,0.0235573314,0.0083778519,0.1842959542,-0.0049471240,0.0397561911,0.2007276986,0.0235573314,-0.1609715074,0.0161988597,-0.1771703672
train:5466,0,-2.1595151424,-2.1600941997,0.0005790572,0.1006244544,0.0113923523,0.0903193019,0.0692461152,-0.0050393920,0.0618148465,0.1006244544,0.0113923523,0.0903193019,0.0892321020,0.0103051525,0.0789269496
train:5468,0,1.8568780422,1.8562989850,0.0005790572,0.1290280942,0.0691742871,0.0126416944,0.0976497550,0.0527425427,-0.0158627610,0.1290280942,0.0691742871,0.0126416944,0.0598538071,0.1163863998,-0.0565325927
train:5474,0,0.8115910888,0.8110120315,0.0005790572,0.0201147918,-0.0363974001,-0.0191080905,-0.0112635474,-0.0528291445,-0.0476125460,0.0201147918,0.0363974001,0.0191080905,-0.0162826084,0.0010067012,-0.0172893096
train:5479,0,2.4728789330,2.4722998757,0.0005790572,-0.1523345586,-0.1310308006,-0.1629343964,-0.1837128978,-0.1474625449,-0.1914388519,0.1523345586,0.1310308006,0.1629343964,0.0213037580,-0.0105998378,0.0319035958
train:5485,0,1.8815201521,1.8809410949,0.0005790572,0.0411837224,0.0040265296,-0.0337276198,0.0098053832,-0.0124052148,-0.0622320752,0.0411837224,0.0040265296,0.0337276198,0.0371571928,0.0074561026,0.0297010902
train:5488,0,1.5484976768,1.5479186196,0.0005790572,0.0539868001,-0.0085308578,0.0702089332,0.0226084609,-0.0249626022,0.0417044778,0.0539868001,0.0085308578,0.0702089332,0.0454559423,-0.0162221331,0.0616780754
train:5490,0,-0.1673613638,-0.1679404210,0.0005790572,-0.0712686729,-0.0336936366,-0.0455432869,-0.1026470121,-0.0501253810,-0.0740477424,0.0712686729,0.0336936366,0.0455432869,0.0375750363,0.0257253859,0.0118496504
train:5502,0,1.6820427179,1.6814636607,0.0005790572,0.0254860047,0.0369198296,0.0548075698,-0.0058923345,0.0204880852,0.0263031144,0.0254860047,0.0369198296,0.0548075698,-0.0114338249,-0.0293215651,0.0178877402
train:5507,0,1.6263787746,1.6257997174,0.0005790572,0.0312545422,-0.0019557502,-0.0325226523,-0.0001237970,-0.0183874946,-0.0610271077,0.0312545422,0.0019557502,0.0325226523,0.0292987920,-0.0012681101,0.0305669021
train:5508,0,0.9496527314,0.9490736742,0.0005790572,-0.0591021057,-0.0318665531,-0.0687609054,-0.0904804449,-0.0482982974,-0.0972653609,0.0591021057,0.0318665531,0.0687609054,0.0272355527,-0.0096587997,0.0368943524
train:5511,0,1.8597835302,1.8592044730,0.0005790572,-0.0575159665,0.0510849927,0.0390701555,-0.0888943057,0.0346532483,0.0105657000,0.0575159665,0.0510849927,0.0390701555,0.0064309739,0.0184458111,-0.0120148372
train:5512,0,-3.8064017296,-3.8069807868,0.0005790572,-0.0376394864,-0.0049102333,0.1344136260,-0.0690178256,-0.0213419776,0.1059091706,0.0376394864,0.0049102333,0.1344136260,0.0327292532,-0.0967741396,0.1295033928
train:5521,0,1.0164231062,1.0158440490,0.0005790572,-0.0307738658,0.0504298780,-0.0760968663,-0.0621522050,0.0339981336,-0.1046013217,0.0307738658,0.0504298780,0.0760968663,-0.0196560122,-0.0453230005,0.0256669883
train:5541,-1,-10.2190876007,-6.7540480721,-3.4650395286,-0.0980821971,-0.2044213090,0.0109213606,-0.1294605363,-0.2208530534,-0.0175830949,0.0980821971,0.2044213090,0.0109213606,-0.1063391119,0.0871608365,-0.1934999484
train:5550,0,-0.5110106468,-0.5115897041,0.0005790572,0.0711217049,0.0665104959,0.0923534892,0.0397433657,0.0500787515,0.0638490338,0.0711217049,0.0665104959,0.0923534892,0.0046112090,-0.0212317843,0.0258429933
train:5551,-1,-3.7219991684,-0.2569596398,-3.4650395286,-0.1121012319,-0.2301728178,-0.0132371023,-0.1434795711,-0.2466045621,-0.0417415578,0.1121012319,0.2301728178,0.0132371023,-0.1180715859,0.0988641296,-0.2169357155
train:5552,0,2.2499105930,2.2493315358,0.0005790572,0.0229917888,0.0349814866,0.0596472286,-0.0083865504,0.0185497422,0.0311427731,0.0229917888,0.0349814866,0.0596472286,-0.0119896978,-0.0366554398,0.0246657420
train:5553,0,1.0064451694,1.0058661122,0.0005790572,-0.0011755105,-0.1543061759,-0.1361525990,-0.0325538497,-0.1707379203,-0.1646570544,0.0011755105,0.1543061759,0.1361525990,-0.1531306654,-0.1349770885,-0.0181535769
train:5561,0,1.7088580132,1.7082789559,0.0005790572,0.0757749204,0.0974273655,0.0516479276,0.0443965812,0.0809956212,0.0231434722,0.0757749204,0.0974273655,0.0516479276,-0.0216524452,0.0241269927,-0.0457794379
train:5562,-1,-4.7047929764,-1.2397534478,-3.4650395286,-0.0846202496,-0.0618143354,-0.0190488085,-0.1159985888,-0.0782460797,-0.0475532639,0.0846202496,0.0618143354,0.0190488085,0.0228059143,0.0655714411,-0.0427655269
train:5573,0,0.0447142944,0.0441352371,0.0005790572,-0.1593651723,-0.1796507638,-0.0680697970,-0.1907435115,-0.1960825082,-0.0965742524,0.1593651723,0.1796507638,0.0680697970,-0.0202855915,0.0912953753,-0.1115809668
train:5574,0,-3.1894378662,-3.1900169235,0.0005790572,0.1638144378,-0.0621161487,0.1341785453,0.1324360986,-0.0785478931,0.1056740899,0.1638144378,0.0621161487,0.1341785453,0.1016982890,0.0296358924,0.0720623966
train:5575,0,-0.3415513039,-0.3421303611,0.0005790572,0.2845440630,0.1846984599,0.0841774009,0.2531657238,0.1682667155,0.0556729455,0.2845440630,0.1846984599,0.0841774009,0.0998456031,0.2003666621,-0.1005210590
train:5577,0,-0.4716855884,-0.4722646456,0.0005790572,0.2898872022,-0.0092191126,0.0079064630,0.2585088629,-0.0256508570,-0.0205979924,0.2898872022,0.0092191126,0.0079064630,0.2806680895,0.2819807392,-0.0013126496
train:5587,0,-2.3730959892,-2.3736750465,0.0005790572,-0.2277134534,-0.1047866371,-0.0642033555,-0.2590917926,-0.1212183814,-0.0927078109,0.2277134534,0.1047866371,0.0642033555,0.1229268163,0.1635100979,-0.0405832816
train:5588,0,-1.3789719343,-1.3795509916,0.0005790572,0.0010854129,-0.1613756444,0.1008752845,-0.0302929263,-0.1778073888,0.0723708291,0.0010854129,0.1613756444,0.1008752845,-0.1602902316,-0.0997898717,-0.0605003599
train:5590,0,1.2065424919,1.2059634347,0.0005790572,0.0933907155,0.1056474421,0.1080258153,0.0620123763,0.0892156977,0.0795213599,0.0933907155,0.1056474421,0.1080258153,-0.0122567266,-0.0146350999,0.0023783732
train:5592,0,-0.2729912102,-0.2735702675,0.0005790572,0.0258287910,0.0706863079,0.1298463903,-0.0055495482,0.0542545635,0.1013419349,0.0258287910,0.0706863079,0.1298463903,-0.0448575169,-0.1040175993,0.0591600824
train:5599,0,-3.5278017521,-3.5283808093,0.0005790572,-0.1449676629,0.0436394188,0.0783804916,-0.1763460021,0.0272076745,0.0498760361,0.1449676629,0.0436394188,0.0783804916,0.1013282441,0.0665871713,0.0347410727
train:5605,0,-5.0400109291,-5.0405899863,0.0005790572,-0.2360669252,-0.2916457679,-0.3420091607,-0.2674452644,-0.3080775123,-0.3705136161,0.2360669252,0.2916457679,0.3420091607,-0.0555788428,-0.1059422355,0.0503633927
train:5610,0,-0.3525685966,-0.3531476538,0.0005790572,-0.0265641388,-0.0199673798,-0.0557777323,-0.0579424780,-0.0363991242,-0.0842821877,0.0265641388,0.0199673798,0.0557777323,0.0065967590,-0.0292135935,0.0358103525
train:5614,-1,-7.8557519913,-4.3907124627,-3.4650395286,-0.1903644923,-0.2136791024,-0.1935797915,-0.2217428315,-0.2301108468,-0.2220842469,0.1903644923,0.2136791024,0.1935797915,-0.0233146101,-0.0032152992,-0.0200993110
train:5618,0,-4.0820384026,-4.0826174598,0.0005790572,0.0016435508,0.2333695862,0.1739839576,-0.0297347884,0.2169378419,0.1454795022,0.0016435508,0.2333695862,0.1739839576,-0.2317260355,-0.1723404069,-0.0593856286
train:5623,0,1.0982698202,1.0976907630,0.0005790572,0.0207513694,-0.0490479495,-0.0471700169,-0.0106269698,-0.0654796939,-0.0756744724,0.0207513694,0.0490479495,0.0471700169,-0.0282965802,-0.0264186476,-0.0018779326
train:5624,0,-2.4632205963,-2.4637996536,0.0005790572,-0.0080977555,-0.0358927276,0.0071963333,-0.0394760947,-0.0523244720,-0.0213081222,0.0080977555,0.0358927276,0.0071963333,-0.0277949721,0.0009014223,-0.0286963943
train:5626,0,0.5863673687,0.5857883115,0.0005790572,0.0377416734,-0.1543549921,0.1845332645,0.0063633342,-0.1707867365,0.1560288090,0.0377416734,0.1543549921,0.1845332645,-0.1166133188,-0.1467915911,0.0301782723
train:5631,0,0.4718386829,0.4712596257,0.0005790572,0.0906420175,0.0592169139,0.0414079390,0.0592636783,0.0427851696,0.0129034836,0.0906420175,0.0592169139,0.0414079390,0.0314251035,0.0492340784,-0.0178089749
train:5646,0,-0.6466065049,-0.6471855622,0.0005790572,-0.0141492959,-0.1230212476,-0.1150262691,-0.0455276351,-0.1394529920,-0.1435307245,0.0141492959,0.1230212476,0.1150262691,-0.1088719517,-0.1008769732,-0.0079949785
train:5660,0,-1.1555750370,-1.1561540942,0.0005790572,-0.0235588428,0.0971410248,0.0978491567,-0.0549371820,0.0807092805,0.0693447013,0.0235588428,0.0971410248,0.0978491567,-0.0735821821,-0.0742903139,0.0007081319
train:5663,0,-0.1140840128,-0.1146630700,0.0005790572,0.0205094788,0.1929997701,0.0183206685,-0.0108688604,0.1765680257,-0.0101837870,0.0205094788,0.1929997701,0.0183206685,-0.1724902913,0.0021888103,-0.1746791016
train:5667,0,-2.3164033890,-2.3169824462,0.0005790572,-0.8193045732,-0.8845899131,-0.9857529141,-0.8506829124,-0.9010216575,-1.0142573695,0.8193045732,0.8845899131,0.9857529141,-0.0652853400,-0.1664483409,0.1011630010
train:5668,0,-0.7353261709,-0.7359052282,0.0005790572,-0.0686352726,-0.0762377407,-0.1601968147,-0.1000136118,-0.0926694851,-0.1887012701,0.0686352726,0.0762377407,0.1601968147,-0.0076024681,-0.0915615421,0.0839590739
train:5689,0,0.3875781000,0.3869990427,0.0005790572,-0.0686277922,0.1609235976,0.0441496335,-0.1000061314,0.1444918532,0.0156451781,0.0686277922,0.1609235976,0.0441496335,-0.0922958053,0.0244781587,-0.1167739641
train:5690,0,-2.2723548412,-2.2729338985,0.0005790572,-0.0321415540,0.0214776967,-0.0834501721,-0.0635198932,0.0050459523,-0.1119546275,0.0321415540,0.0214776967,0.0834501721,0.0106638573,-0.0513086181,0.0619724754
train:5695,0,-2.3771262169,-2.3777052741,0.0005790572,0.0648867015,0.1644878361,0.2881523632,0.0335083623,0.1480560918,0.2596479077,0.0648867015,0.1644878361,0.2881523632,-0.0996011347,-0.2232656617,0.1236645270
train:5701,0,0.4764672816,0.4758882243,0.0005790572,0.0391251568,0.0494153473,0.0664601289,0.0077468176,0.0329836030,0.0379556734,0.0391251568,0.0494153473,0.0664601289,-0.0102901906,-0.0273349721,0.0170447815
train:5718,0,0.9968644381,0.9962853808,0.0005790572,0.0016965989,0.0235648725,0.0368308686,-0.0296817403,0.0071331281,0.0083264131,0.0016965989,0.0235648725,0.0368308686,-0.0218682736,-0.0351342697,0.0132659961
train:5719,0,-0.5584378242,-0.5590168815,0.0005790572,-0.1619209226,-0.1322593715,-0.2560536005,-0.1932992618,-0.1486911159,-0.2845580559,0.1619209226,0.1322593715,0.2560536005,0.0296615511,-0.0941326778,0.1237942289
train:5722,0,0.0599786229,0.0593995657,0.0005790572,0.0500869837,-0.1179448504,0.0320352614,0.0187086445,-0.1343765948,0.0035308060,0.0500869837,0.1179448504,0.0320352614,-0.0678578668,0.0180517223,-0.0859095890
train:5723,0,1.3502631187,1.3496840615,0.0005790572,0.0099549416,0.0618087027,0.0368449949,-0.0214233976,0.0453769583,0.0083405394,0.0099549416,0.0618087027,0.0368449949,-0.0518537611,-0.0268900532,-0.0249637078
train:5724,0,1.7724853754,1.7719063182,0.0005790572,0.0959489468,0.0425239775,0.0944459699,0.0645706076,0.0260922332,0.0659415145,0.0959489468,0.0425239775,0.0944459699,0.0534249693,0.0015029769,0.0519219924
train:5725,-1,-4.8012285233,-1.3361889947,-3.4650395286,0.0290018197,-0.0295791898,0.0717045084,-0.0023765195,-0.0460109342,0.0432000529,0.0290018197,0.0295791898,0.0717045084,-0.0005773701,-0.0427026887,0.0421253186
train:5729,0,0.2540765703,0.2534975130,0.0005790572,-0.0896794971,-0.1371262398,-0.0776306428,-0.1210578363,-0.1535579841,-0.1061350982,0.0896794971,0.1371262398,0.0776306428,-0.0474467427,0.0120488543,-0.0594955970
train:5730,0,0.8820347786,0.8814557214,0.0005790572,0.0683148030,0.0077109907,-0.0217918493,0.0369364638,-0.0087207537,-0.0502963047,0.0683148030,0.0077109907,0.0217918493,0.0606038123,0.0465229537,0.0140808586
train:5731,0,-0.0170430783,-0.0176221356,0.0005790572,0.0517136410,0.0072288915,-0.0017109942,0.0203353018,-0.0092028528,-0.0302154496,0.0517136410,0.0072288915,0.0017109942,0.0444847494,0.0500026468,-0.0055178974
train:5737,0,0.4195653796,0.4189863224,0.0005790572,0.0303580288,-0.0399692085,0.0531137846,-0.0010203104,-0.0564009528,0.0246093292,0.0303580288,0.0399692085,0.0531137846,-0.0096111797,-0.0227557559,0.0131445762
train:5738,0,-2.4476847649,-2.4482638221,0.0005790572,-0.2343560334,-0.0986669090,0.1261827014,-0.2657343726,-0.1150986533,0.0976782460,0.2343560334,0.0986669090,0.1261827014,0.1356891245,0.1081733320,0.0275157925
train:5746,0,-5.1483125687,-5.1488916259,0.0005790572,0.1723069075,0.0693261597,0.1481999420,0.1409285683,0.0528944154,0.1196954865,0.1723069075,0.0693261597,0.1481999420,0.1029807478,0.0241069656,0.0788737822
train:5754,0,1.6695224047,1.6689433474,0.0005790572,0.0838348988,-0.0195997980,0.0933522247,0.0524565596,-0.0360315423,0.0648477692,0.0838348988,0.0195997980,0.0933522247,0.0642351009,-0.0095173258,0.0737524267
train:5763,0,1.3550820351,1.3545029778,0.0005790572,-0.0291635867,-0.0281881120,-0.0501355864,-0.0605419259,-0.0446198564,-0.0786400419,0.0291635867,0.0281881120,0.0501355864,0.0009754747,-0.0209719997,0.0219474744
train:5764,0,2.3122582436,2.3116791863,0.0005790572,0.0634437922,0.0343680356,-0.0800918080,0.0320654530,0.0179362912,-0.1085962634,0.0634437922,0.0343680356,0.0800918080,0.0290757567,-0.0166480158,0.0457237724
train:5781,0,1.4077546597,1.4071756024,0.0005790572,0.0416516188,0.1073024247,0.1056726240,0.0102732796,0.0908706803,0.0771681685,0.0416516188,0.1073024247,0.1056726240,-0.0656508058,-0.0640210051,-0.0016298007
train:5783,0,0.0425143912,0.0419353340,0.0005790572,0.1662453983,0.1230437133,0.1243331917,0.1348670591,0.1066119690,0.0958287362,0.1662453983,0.1230437133,0.1243331917,0.0432016850,0.0419122066,0.0012894783
train:5785,0,1.8224710226,1.8218919654,0.0005790572,0.0147962693,-0.0022841718,-0.0668369271,-0.0165820699,-0.0187159162,-0.0953413825,0.0147962693,0.0022841718,0.0668369271,0.0125120975,-0.0520406578,0.0645527553
train:5792,0,1.6780669689,1.6774879117,0.0005790572,0.1095322493,0.0922065947,0.1041257642,0.0781539101,0.0757748503,0.0756213088,0.1095322493,0.0922065947,0.1041257642,0.0173256546,0.0054064851,0.0119191695
train:5799,0,1.6025809050,1.6020018477,0.0005790572,-0.1485581275,-0.1392396715,0.0325757526,-0.1799364667,-0.1556714158,0.0040712971,0.1485581275,0.1392396715,0.0325757526,0.0093184561,0.1159823749,-0.1066639189
train:5801,0,-0.8450064659,-0.8455855232,0.0005790572,-0.3006619092,0.1313297126,-0.0448192097,-0.3320402484,0.1148979683,-0.0733236652,0.3006619092,0.1313297126,0.0448192097,0.1693321966,0.2558426995,-0.0865105029
train:5809,0,-1.4128721952,-1.4134512525,0.0005790572,-0.0944651242,-0.1012908246,0.0080737136,-0.1258434634,-0.1177225690,-0.0204307418,0.0944651242,0.1012908246,0.0080737136,-0.0068257004,0.0863914106,-0.0932171110
train:5816,0,-5.2877368927,-5.2883159499,0.0005790572,-0.8078447457,-0.7533881690,-0.8003321625,-0.8392230849,-0.7698199134,-0.8288366180,0.8078447457,0.7533881690,0.8003321625,0.0544565767,0.0075125832,0.0469439935
train:5818,0,-1.5078365803,-1.5084156375,0.0005790572,-0.0551499005,-0.1139669444,-0.1483263709,-0.0865282397,-0.1303986888,-0.1768308263,0.0551499005,0.1139669444,0.1483263709,-0.0588170439,-0.0931764703,0.0343594264
train:5830,0,-0.7492036819,-0.7497827392,0.0005790572,-0.0380220290,0.0009965274,-0.0397445299,-0.0694003682,-0.0154352169,-0.0682489853,0.0380220290,0.0009965274,0.0397445299,0.0370255016,-0.0017225008,0.0387480024
train:5836,0,-0.0292008296,-0.0297798868,0.0005790572,-0.0628557604,-0.0741929289,-0.0113977008,-0.0942340996,-0.0906246733,-0.0399021562,0.0628557604,0.0741929289,0.0113977008,-0.0113371685,0.0514580596,-0.0627952281
train:5837,0,-1.2132142782,-1.2137933355,0.0005790572,-0.1926644322,-0.3061053183,-0.1557179429,-0.2240427714,-0.3225370627,-0.1842223983,0.1926644322,0.3061053183,0.1557179429,-0.1134408861,0.0369464893,-0.1503873754
train:5847,-1,-4.8465933800,-1.3815538514,-3.4650395286,-0.4909386758,-0.3905406866,-0.4363865837,-0.5223170150,-0.4069724310,-0.4648910392,0.4909386758,0.3905406866,0.4363865837,0.1003979892,0.0545520920,0.0458458971
train:5850,0,-1.7340505123,-1.7346295696,0.0005790572,-0.1488314744,-0.1534690883,-0.0157180764,-0.1802098136,-0.1699008327,-0.0442225318,0.1488314744,0.1534690883,0.0157180764,-0.0046376139,0.1331133980,-0.1377510119
train:5855,0,-0.3461019993,-0.3466810565,0.0005790572,0.0175905052,-0.0464991357,-0.0970518775,-0.0137878340,-0.0629308801,-0.1255563330,0.0175905052,0.0464991357,0.0970518775,-0.0289086305,-0.0794613723,0.0505527418
train:5856,0,0.0507690273,0.0501899701,0.0005790572,-0.0662991915,-0.0061364014,-0.0441786870,-0.0976775307,-0.0225681457,-0.0726831425,0.0662991915,0.0061364014,0.0441786870,0.0601627901,0.0221205045,0.0380422857
train:5865,0,1.7348935604,1.7343145032,0.0005790572,0.0265982274,-0.0074687030,0.0180989765,-0.0047801118,-0.0239004474,-0.0104054790,0.0265982274,0.0074687030,0.0180989765,0.0191295244,0.0084992509,0.0106302734
train:5871,0,0.4284516573,0.4278726001,0.0005790572,-0.3373063084,-0.3552475002,-0.5111086704,-0.3686846476,-0.3716792445,-0.5396131258,0.3373063084,0.3552475002,0.5111086704,-0.0179411918,-0.1738023620,0.1558611702
train:5872,-1,-2.1487164497,1.3163230788,-3.4650395286,0.0583792802,-0.0065588031,0.0797348038,0.0270009410,-0.0229905475,0.0512303483,0.0583792802,0.0065588031,0.0797348038,0.0518204771,-0.0213555235,0.0731760007
train:5875,0,1.6129781008,1.6123990435,0.0005790572,0.0495308760,0.0505737040,0.0558291934,0.0181525368,0.0341419596,0.0273247380,0.0495308760,0.0505737040,0.0558291934,-0.0010428280,-0.0062983174,0.0052554894
train:5876,0,1.3625351191,1.3619560618,0.0005790572,-0.0399132844,0.0865681145,-0.0696284510,-0.0712916236,0.0701363702,-0.0981329065,0.0399132844,0.0865681145,0.0696284510,-0.0466548301,-0.0297151666,-0.0169396635
train:5879,0,-0.5891460180,-0.5897250753,0.0005790572,-0.0016418573,0.1289452884,0.0239628218,-0.0330201965,0.1125135441,-0.0045416336,0.0016418573,0.1289452884,0.0239628218,-0.1273034312,-0.0223209646,-0.1049824666
train:5880,0,-1.0817006826,-1.0822797399,0.0005790572,-0.4140703555,-0.6655207303,-0.5534322001,-0.4454486947,-0.6819524746,-0.5819366555,0.4140703555,0.6655207303,0.5534322001,-0.2514503747,-0.1393618446,-0.1120885301
train:5882,0,-1.5148485899,-1.5154276471,0.0005790572,-0.1387741443,0.0476839516,-0.0883460976,-0.1701524835,0.0312522073,-0.1168505531,0.1387741443,0.0476839516,0.0883460976,0.0910901927,0.0504280467,0.0406621460
train:5884,0,2.0225658417,2.0219867844,0.0005790572,-0.1541536924,-0.2279720333,-0.2476681210,-0.1855320316,-0.2444037776,-0.2761725764,0.1541536924,0.2279720333,0.2476681210,-0.0738183409,-0.0935144287,0.0196960878
train:5891,0,1.3935099840,1.3929309268,0.0005790572,-0.0707775232,0.0167324517,-0.0308100916,-0.1021558624,0.0003007073,-0.0593145471,0.0707775232,0.0167324517,0.0308100916,0.0540450715,0.0399674315,0.0140776400
train:5892,0,1.5757135153,1.5751344580,0.0005790572,-0.0052580711,0.0393642161,-0.0128667094,-0.0366364103,0.0229324717,-0.0413711648,0.0052580711,0.0393642161,0.0128667094,-0.0341061450,-0.0076086383,-0.0264975067
train:5894,0,-0.6937506795,-0.6943297367,0.0005790572,0.0057191972,0.0373303268,0.0122450255,-0.0256591420,0.0208985824,-0.0162594300,0.0057191972,0.0373303268,0.0122450255,-0.0316111296,-0.0065258283,-0.0250853013
train:5895,0,-3.1392793655,-3.1398584228,0.0005790572,0.0258935813,-0.0730066326,0.0126234554,-0.0054847579,-0.0894383769,-0.0158810001,0.0258935813,0.0730066326,0.0126234554,-0.0471130513,0.0132701259,-0.0603831772
train:5896,0,-1.6019061804,-1.6024852376,0.0005790572,0.0957311515,0.0198353503,0.1604854129,0.0643528123,0.0034036059,0.1319809575,0.0957311515,0.0198353503,0.1604854129,0.0758958012,-0.0647542615,0.1406500626
train:5897,0,1.0382062197,1.0376271624,0.0005790572,0.1642130140,-0.0164473083,-0.0629754998,0.1328346748,-0.0328790527,-0.0914799552,0.1642130140,0.0164473083,0.0629754998,0.1477657057,0.1012375142,0.0465281915
train:5905,0,1.2822592258,1.2816801686,0.0005790572,0.0776802424,-0.1270710256,-0.0896079279,0.0463019032,-0.1435027700,-0.1181123834,0.0776802424,0.1270710256,0.0896079279,-0.0493907832,-0.0119276855,-0.0374630977
train:5907,0,0.8305134773,0.8299344201,0.0005790572,-0.0817941304,0.0530430648,-0.1121760346,-0.1131724696,0.0366113205,-0.1406804900,0.0817941304,0.0530430648,0.1121760346,0.0287510656,-0.0303819042,0.0591329698
train:5920,0,-0.0233523306,-0.0239313878,0.0005790572,-0.1007879682,-0.1316295125,0.0011972245,-0.1321663074,-0.1480612568,-0.0273072310,0.1007879682,0.1316295125,0.0011972245,-0.0308415443,0.0995907437,-0.1304322880
train:5927,0,-1.5742166042,-1.5747956615,0.0005790572,-0.0652387019,-0.1930201080,-0.0286315419,-0.0966170411,-0.2094518523,-0.0571359973,0.0652387019,0.1930201080,0.0286315419,-0.1277814060,0.0366071601,-0.1643885661
train:5928,0,0.2965101004,0.2959310431,0.0005790572,-0.0352231439,-0.0392769005,-0.0335186459,-0.0666014831,-0.0557086449,-0.0620231014,0.0352231439,0.0392769005,0.0335186459,-0.0040537566,0.0017044980,-0.0057582546
train:5935,0,1.5023109913,1.5017319340,0.0005790572,-0.0181928750,-0.0832855728,0.0261433385,-0.0495712142,-0.0997173171,-0.0023611169,0.0181928750,0.0832855728,0.0261433385,-0.0650926977,-0.0079504635,-0.0571422342
train:5936,0,1.9433616400,1.9427825827,0.0005790572,-0.1333861228,-0.0389784601,-0.0059185959,-0.1647644620,-0.0554102044,-0.0344230514,0.1333861228,0.0389784601,0.0059185959,0.0944076627,0.1274675269,-0.0330598641
train:5942,0,-0.5328915119,-0.5334705692,0.0005790572,0.1081739787,-0.0082811739,0.0243547820,0.0767956395,-0.0247129183,-0.0041496735,0.1081739787,0.0082811739,0.0243547820,0.0998928048,0.0838191967,0.0160736080
train:5947,0,2.4857230186,2.4851439614,0.0005790572,0.0236190680,-0.1092381504,-0.0907121636,-0.0077592712,-0.1256698947,-0.1192166190,0.0236190680,0.1092381504,0.0907121636,-0.0856190823,-0.0670930956,-0.0185259868
train:5958,0,1.4247347116,1.4241556544,0.0005790572,0.0320460919,-0.0264161851,-0.0316145159,0.0006677527,-0.0428479295,-0.0601189714,0.0320460919,0.0264161851,0.0316145159,0.0056299068,0.0004315760,0.0051983308
train:5959,0,2.1287784576,2.1281994004,0.0005790572,0.0571555022,0.0800173256,0.0137459300,0.0257771630,0.0635855813,-0.0147585254,0.0571555022,0.0800173256,0.0137459300,-0.0228618234,0.0434095722,-0.0662713956
train:5961,0,-0.6814989448,-0.6820780020,0.0005790572,-0.0778080102,-0.0744733241,0.0310171507,-0.1091863494,-0.0909050684,0.0025126953,0.0778080102,0.0744733241,0.0310171507,0.0033346862,0.0467908595,-0.0434561733
train:5962,0,-0.9989955425,-0.9995745998,0.0005790572,0.1108964804,0.1012155984,0.0341730379,0.0795181412,0.0847838540,0.0056685824,0.1108964804,0.1012155984,0.0341730379,0.0096808821,0.0767234426,-0.0670425605
train:5970,0,-0.3979109228,-0.3984899800,0.0005790572,-0.0081948813,0.2288607035,0.2236158811,-0.0395732205,0.2124289591,0.1951114256,0.0081948813,0.2288607035,0.2236158811,-0.2206658222,-0.2154209997,-0.0052448224
train:5973,0,-0.1625669003,-0.1631459575,0.0005790572,-0.2237111431,-0.1577873033,-0.3171873428,-0.2550894823,-0.1742190476,-0.3456917982,0.2237111431,0.1577873033,0.3171873428,0.0659238398,-0.0934761997,0.1594000395
train:5975,0,-1.7181138992,-1.7186929565,0.0005790572,-0.0574052211,-0.0662459161,-0.1344439723,-0.0887835603,-0.0826776605,-0.1629484277,0.0574052211,0.0662459161,0.1344439723,-0.0088406950,-0.0770387512,0.0681980561
train:5978,0,1.4726771116,1.4720980544,0.0005790572,0.0006268147,-0.0490323331,-0.0648078658,-0.0307515245,-0.0654640775,-0.0933123212,0.0006268147,0.0490323331,0.0648078658,-0.0484055184,-0.0641810510,0.0157755326
train:5979,0,1.0585622787,1.0579832215,0.0005790572,-0.0282982465,0.0250180934,0.0356618427,-0.0596765857,0.0085863490,0.0071573872,0.0282982465,0.0250180934,0.0356618427,0.0032801531,-0.0073635962,0.0106437493
train:5983,0,-2.1209902763,-2.1215693336,0.0005790572,0.1594148997,0.0504846547,-0.1239368655,0.1280365605,0.0340529103,-0.1524413209,0.1594148997,0.0504846547,0.1239368655,0.1089302450,0.0354780342,0.0734522108
train:5984,0,1.3059362173,1.3053571601,0.0005790572,0.0384134177,0.0124653552,-0.0088097788,0.0070350785,-0.0039663892,-0.0373142343,0.0384134177,0.0124653552,0.0088097788,0.0259480625,0.0296036389,-0.0036555763
train:5990,0,0.6789302230,0.6783511657,0.0005790572,-0.0956678268,-0.0843170907,-0.0143795349,-0.1270461660,-0.1007488351,-0.0428839903,0.0956678268,0.0843170907,0.0143795349,0.0113507360,0.0812882919,-0.0699375559
train:5992,0,0.6019248962,0.6013458390,0.0005790572,0.1230026606,0.0088815663,0.1593498848,0.0916243214,-0.0075501781,0.1308454294,0.1230026606,0.0088815663,0.1593498848,0.1141210943,-0.0363472242,0.1504683185
train:5993,0,1.5021170378,1.5015379805,0.0005790572,0.0584414128,-0.0031055238,-0.0529921986,0.0270630736,-0.0195372682,-0.0814966541,0.0584414128,0.0031055238,0.0529921986,0.0553358890,0.0054492142,0.0498866748
train:5996,0,-1.4937083721,-1.4942874294,0.0005790572,-0.0328193780,0.0052895520,0.0291855596,-0.0641977172,-0.0111421924,0.0006811042,0.0328193780,0.0052895520,0.0291855596,0.0275298260,0.0036338184,0.0238960076
train:6004,0,-0.9192211628,-0.9198002200,0.0005790572,-0.0438070174,0.2211576674,0.0787258409,-0.0751853566,0.2047259230,0.0502213855,0.0438070174,0.2211576674,0.0787258409,-0.1773506500,-0.0349188235,-0.1424318265
train:6009,0,1.9682780504,1.9676989932,0.0005790572,0.1522858266,0.0283679936,0.0061451457,0.1209074874,0.0119362492,-0.0223593097,0.1522858266,0.0283679936,0.0061451457,0.1239178330,0.1461406808,-0.0222228479
train:6016,0,-0.1304948628,-0.1310739200,0.0005790572,-0.2143833440,-0.1396491330,-0.1018807851,-0.2457616832,-0.1560808774,-0.1303852405,0.2143833440,0.1396491330,0.1018807851,0.0747342110,0.1125025589,-0.0377683479
train:6018,0,0.5426378846,0.5420588274,0.0005790572,0.0023461107,0.0475293968,-0.0489981510,-0.0290322285,0.0310976524,-0.0775026064,0.0023461107,0.0475293968,0.0489981510,-0.0451832861,-0.0466520403,0.0014687542
train:6026,0,-1.7228832245,-1.7234622817,0.0005790572,0.0015156392,0.0849026415,0.0255694650,-0.0298627000,0.0684708972,-0.0029349904,0.0015156392,0.0849026415,0.0255694650,-0.0833870023,-0.0240538258,-0.0593331765
train:6027,0,-1.2114037275,-1.2119827848,0.0005790572,-0.0312063571,-0.0620449808,-0.0005666949,-0.0625846963,-0.0784767251,-0.0290711503,0.0312063571,0.0620449808,0.0005666949,-0.0308386236,0.0306396622,-0.0614782859
train:6033,0,-3.1320500374,-3.1326290946,0.0005790572,-0.0445552941,-0.1285331275,0.0103632472,-0.0759336333,-0.1449648719,-0.0181412082,0.0445552941,0.1285331275,0.0103632472,-0.0839778334,0.0341920469,-0.1181698803
train:6043,0,0.2401780486,0.2395989914,0.0005790572,0.2245991353,0.0012178991,0.1227771156,0.1932207961,-0.0152138453,0.0942726601,0.2245991353,0.0012178991,0.1227771156,0.2233812362,0.1018220197,0.1215592165
train:6046,0,-0.5154849291,-0.5160639863,0.0005790572,-0.0757578190,-0.0286152389,-0.0449865796,-0.1071361583,-0.0450469833,-0.0734910350,0.0757578190,0.0286152389,0.0449865796,0.0471425802,0.0307712395,0.0163713407
train:6056,0,1.6974474192,1.6968683619,0.0005790572,-0.0430012819,-0.0474548366,-0.0928008296,-0.0743796211,-0.0638865810,-0.1213052850,0.0430012819,0.0474548366,0.0928008296,-0.0044535547,-0.0497995477,0.0453459930
train:6058,0,-3.1794695854,-3.1800486427,0.0005790572,0.0535103206,-0.0414826896,0.0715686344,0.0221319814,-0.0579144340,0.0430641789,0.0535103206,0.0414826896,0.0715686344,0.0120276309,-0.0180583138,0.0300859447
train:6074,0,2.8371834755,2.8366044183,0.0005790572,0.0754662875,0.0719935868,0.0831245445,0.0440879483,0.0555618424,0.0546200890,0.0754662875,0.0719935868,0.0831245445,0.0034727007,-0.0076582570,0.0111309577
train:6083,0,1.4851610661,1.4845820088,0.0005790572,0.0370166425,-0.1100719001,-0.1008398272,0.0056383033,-0.1265036445,-0.1293442826,0.0370166425,0.1100719001,0.1008398272,-0.0730552577,-0.0638231848,-0.0092320729
train:6087,0,1.8341768980,1.8335978408,0.0005790572,0.2058421496,0.0267941926,-0.0415215231,0.1744638104,0.0103624482,-0.0700259786,0.2058421496,0.0267941926,0.0415215231,0.1790479571,0.1643206265,0.0147273306
train:6091,0,2.2045168877,2.2039378304,0.0005790572,-0.0446742650,0.0343177292,-0.0110565163,-0.0760526042,0.0178859849,-0.0395609718,0.0446742650,0.0343177292,0.0110565163,0.0103565358,0.0336177487,-0.0232612129
train:6093,0,2.4458856583,2.4453066010,0.0005790572,-0.0247086164,-0.1517214801,-0.0340248086,-0.0560869556,-0.1681532245,-0.0625292640,0.0247086164,0.1517214801,0.0340248086,-0.1270128638,-0.0093161922,-0.1176966716
train:6096,0,0.3692191541,0.3686400969,0.0005790572,0.0229148988,0.0341580782,0.0573667251,-0.0084634404,0.0177263338,0.0288622696,0.0229148988,0.0341580782,0.0573667251,-0.0112431794,-0.0344518263,0.0232086469
train:6099,0,1.7642107010,1.7636316437,0.0005790572,-0.0300834056,-0.1073898103,0.1999959014,-0.0614617448,-0.1238215547,0.1714914460,0.0300834056,0.1073898103,0.1999959014,-0.0773064047,-0.1699124958,0.0926060911
train:6104,0,2.2086462975,2.2080672402,0.0005790572,0.0060593013,0.0151607964,-0.0217510201,-0.0253190379,-0.0012709480,-0.0502554755,0.0060593013,0.0151607964,0.0217510201,-0.0091014951,-0.0156917188,0.0065902237
train:6112,0,-0.4286110997,-0.4291901570,0.0005790572,-0.0021380361,0.0378637288,0.0990714096,-0.0335163753,0.0214319844,0.0705669541,0.0021380361,0.0378637288,0.0990714096,-0.0357256926,-0.0969333734,0.0612076808
train:6118,0,-1.5907555819,-1.5913346391,0.0005790572,0.0455378417,-0.0071951177,0.0351249240,0.0141595025,-0.0236268621,0.0066204686,0.0455378417,0.0071951177,0.0351249240,0.0383427240,0.0104129177,0.0279298063
train:6120,0,0.5978658199,0.5972867627,0.0005790572,0.0095757369,-0.0463416603,-0.0305993296,-0.0218026023,-0.0627734046,-0.0591037851,0.0095757369,0.0463416603,0.0305993296,-0.0367659234,-0.0210235927,-0.0157423306
train:6122,0,-0.2816489935,-0.2822280507,0.0005790572,0.0680958453,0.0889978085,0.0299408101,0.0367175061,0.0725660641,0.0014363546,0.0680958453,0.0889978085,0.0299408101,-0.0209019631,0.0381550353,-0.0590569984
train:6128,0,0.9033541679,0.9027751107,0.0005790572,0.1706023935,-0.0609938528,0.0314976834,0.1392240543,-0.0774255972,0.0029932279,0.1706023935,0.0609938528,0.0314976834,0.1096085407,0.1391047101,-0.0294961695
train:6131,0,-0.6274905205,-0.6280695777,0.0005790572,0.0954040412,0.0734465692,0.0201007389,0.0640257020,0.0570148248,-0.0084037166,0.0954040412,0.0734465692,0.0201007389,0.0219574720,0.0753033023,-0.0533458304
train:6136,0,0.8677213788,0.8671423216,0.0005790572,0.0316392306,-0.0241311815,0.0122612379,0.0002608914,-0.0405629258,-0.0162432175,0.0316392306,0.0241311815,0.0122612379,0.0075080491,0.0193779927,-0.0118699435
train:6143,0,0.2037574649,0.2031784076,0.0005790572,-0.0256555256,-0.0027449157,0.0266061984,-0.0570338648,-0.0191766601,-0.0018982570,0.0256555256,0.0027449157,0.0266061984,0.0229106098,-0.0009506728,0.0238612827
train:6146,0,-2.2231397629,-2.2237188201,0.0005790572,0.0588437442,-0.0916402366,0.0447610877,0.0274654050,-0.1080719810,0.0162566323,0.0588437442,0.0916402366,0.0447610877,-0.0327964924,0.0140826564,-0.0468791489
train:6151,0,-3.1449210644,-3.1455001216,0.0005790572,0.1995223883,-0.0467467334,-0.1917830445,0.1681440491,-0.0631784778,-0.2202874999,0.1995223883,0.0467467334,0.1917830445,0.1527756549,0.0077393439,0.1450363111
train:6158,0,1.2550292015,1.2544501443,0.0005790572,0.0135997657,-0.0014438655,0.0122058652,-0.0177785735,-0.0178756099,-0.0162985902,0.0135997657,0.0014438655,0.0122058652,0.0121559001,0.0013939004,0.0107619997
train:6163,0,1.1358207464,1.1352416892,0.0005790572,-0.0031249400,0.0231856082,0.1191065572,-0.0345032792,0.0067538638,0.0906021018,0.0031249400,0.0231856082,0.1191065572,-0.0200606681,-0.1159816172,0.0959209491
train:6164,0,2.2641260624,2.2635470052,0.0005790572,0.0746857051,0.0319871876,-0.0195141770,0.0433073659,0.0155554433,-0.0480186324,0.0746857051,0.0319871876,0.0195141770,0.0426985174,0.0551715281,-0.0124730106
train:6168,0,-0.9369063973,-0.9374854546,0.0005790572,0.0829379681,0.1865445945,0.1211168431,0.0515596289,0.1701128502,0.0926123876,0.0829379681,0.1865445945,0.1211168431,-0.1036066264,-0.0381788749,-0.0654277515
train:6175,0,0.6995178461,0.6989387889,0.0005790572,-0.0868494984,-0.0113697674,-0.0316418149,-0.1182278376,-0.0278015118,-0.0601462703,0.0868494984,0.0113697674,0.0316418149,0.0754797310,0.0552076835,0.0202720474
train:6183,0,1.8213592768,1.8207802195,0.0005790572,0.2419153575,0.3864347909,0.2848650478,0.2105370183,0.3700030465,0.2563605923,0.2419153575,0.3864347909,0.2848650478,-0.1445194334,-0.0429496903,-0.1015697431
train:6185,0,0.5968492627,0.5962702055,0.0005790572,0.1095808867,0.0186491582,0.0440503024,0.0782025475,0.0022174139,0.0155458469,0.1095808867,0.0186491582,0.0440503024,0.0909317285,0.0655305844,0.0254011441
train:6186,0,-1.1282236576,-1.1288027148,0.0005790572,0.0650798205,0.1195696566,0.1359102987,0.0337014813,0.1031379123,0.1074058432,0.0650798205,0.1195696566,0.1359102987,-0.0544898361,-0.0708304782,0.0163406421
train:6190,0,0.2712328434,0.2706537862,0.0005790572,0.1162737284,0.0653706763,0.0326876305,0.0848953892,0.0489389319,0.0041831751,0.1162737284,0.0653706763,0.0326876305,0.0509030521,0.0835860979,-0.0326830458
train:6191,0,-0.3833201230,-0.3838991802,0.0005790572,0.1674583379,0.0153079007,0.0770874582,0.1360799987,-0.0011238437,0.0485830028,0.1674583379,0.0153079007,0.0770874582,0.1521504372,0.0903708797,0.0617795575
train:6197,-1,-2.6559059620,0.8091335666,-3.4650395286,-0.0351935152,-0.0193106804,-0.0274219498,-0.0665718544,-0.0357424248,-0.0559264052,0.0351935152,0.0193106804,0.0274219498,0.0158828348,0.0077715654,0.0081112694
train:6198,0,-2.1936597824,-2.1942388396,0.0005790572,-0.1242755529,0.0653684113,-0.0082164742,-0.1556538921,0.0489366669,-0.0367209296,0.1242755529,0.0653684113,0.0082164742,0.0589071416,0.1160590787,-0.0571519371
train:6199,0,0.8046754599,0.8040964026,0.0005790572,0.0519575003,0.0126252744,-0.0517631508,0.0205791611,-0.0038064699,-0.0802676063,0.0519575003,0.0126252744,0.0517631508,0.0393322259,0.0001943495,0.0391378764
train:6205,0,-2.0946311951,-2.0952102523,0.0005790572,0.2378476981,0.3020544026,0.3203701042,0.2064693589,0.2856226582,0.2918656487,0.2378476981,0.3020544026,0.3203701042,-0.0642067045,-0.0825224061,0.0183157016
train:6212,0,0.5233926773,0.5228136201,0.0005790572,0.0266586069,0.0092371080,-0.0037547089,-0.0047197323,-0.0071946364,-0.0322591644,0.0266586069,0.0092371080,0.0037547089,0.0174214989,0.0229038980,-0.0054823991
train:6214,0,-1.3547636271,-1.3553426843,0.0005790572,-0.0202752229,-0.0810269144,0.0366182588,-0.0516535621,-0.0974586587,0.0081138034,0.0202752229,0.0810269144,0.0366182588,-0.0607516915,-0.0163430359,-0.0444086555
train:6216,0,0.8271114230,0.8265323658,0.0005790572,-0.0666774388,-0.1285139348,-0.1688280441,-0.0980557780,-0.1449456792,-0.1973324995,0.0666774388,0.1285139348,0.1688280441,-0.0618364960,-0.1021506052,0.0403141092
train:6220,0,-1.0651264191,-1.0657054763,0.0005790572,-0.2999321099,-0.2373749640,-0.2036875226,-0.3313104491,-0.2538067084,-0.2321919780,0.2999321099,0.2373749640,0.2036875226,0.0625571460,0.0962445874,-0.0336874414
train:6234,0,-1.0691919327,-1.0697709899,0.0005790572,-0.0190964814,0.0034776900,-0.0700546242,-0.0504748206,-0.0129540544,-0.0985590797,0.0190964814,0.0034776900,0.0700546242,0.0156187914,-0.0509581428,0.0665769342
train:6240,0,-1.1993690729,-1.1999481302,0.0005790572,-0.1830710646,-0.1292564895,-0.1161495186,-0.2144494038,-0.1456882339,-0.1446539741,0.1830710646,0.1292564895,0.1161495186,0.0538145751,0.0669215459,-0.0131069709
train:6245,0,-0.7750567794,-0.7756358366,0.0005790572,-0.4380330321,-0.0704511430,-0.5019334443,-0.4694113713,-0.0868828874,-0.5304378997,0.4380330321,0.0704511430,0.5019334443,0.3675818890,-0.0639004122,0.4314823013
train:6259,0,1.3518989086,1.3513198514,0.0005790572,-0.0057748433,-0.0125856426,-0.0528017022,-0.0371531825,-0.0290173869,-0.0813061576,0.0057748433,0.0125856426,0.0528017022,-0.0068107992,-0.0470268588,0.0402160596
train:6270,0,-1.9772602320,-1.9778392892,0.0005790572,0.0256508712,-0.0649745490,-0.0521588065,-0.0057274680,-0.0814062934,-0.0806632619,0.0256508712,0.0649745490,0.0521588065,-0.0393236779,-0.0265079353,-0.0128157426
train:6276,0,1.1744905710,1.1739115138,0.0005790572,0.0362216357,-0.0484361675,-0.0706058480,0.0048432965,-0.0648679118,-0.0991103034,0.0362216357,0.0484361675,0.0706058480,-0.0122145318,-0.0343842123,0.0221696805
train:6279,0,1.0200397968,1.0194607396,0.0005790572,-0.1398787376,-0.0562562969,-0.1661320664,-0.1712570768,-0.0726880412,-0.1946365218,0.1398787376,0.0562562969,0.1661320664,0.0836224407,-0.0262533288,0.1098757695
train:6281,0,0.8852776885,0.8846986313,0.0005790572,-0.0171541449,-0.0425071742,-0.1662557460,-0.0485324841,-0.0589389186,-0.1947602015,0.0171541449,0.0425071742,0.1662557460,-0.0253530294,-0.1491016012,0.1237485718
train:6287,0,-0.4095684588,-0.4101475160,0.0005790572,-0.4352058645,-0.2126695838,-0.1341687329,-0.4665842037,-0.2291013282,-0.1626731884,0.4352058645,0.2126695838,0.1341687329,0.2225362808,0.3010371316,-0.0785008509
train:6290,0,1.7463988066,1.7458197493,0.0005790572,-0.0522458430,-0.0405904081,-0.0726548173,-0.0836241822,-0.0570221524,-0.1011592727,0.0522458430,0.0405904081,0.0726548173,0.0116554350,-0.0204089742,0.0320644092
train:6296,0,3.7620275021,3.7614484448,0.0005790572,-0.0129305001,0.0332145665,0.0549351238,-0.0443088393,0.0167828221,0.0264306683,0.0129305001,0.0332145665,0.0549351238,-0.0202840663,-0.0420046236,0.0217205573
train:6302,0,-0.8868105412,-0.8873895984,0.0005790572,-0.2101334211,0.0319797371,-0.0516485311,-0.2415117603,0.0155479927,-0.0801529865,0.2101334211,0.0319797371,0.0516485311,0.1781536840,0.1584848899,0.0196687941
train:6311,0,-3.4689240456,-3.4695031028,0.0005790572,0.0825349215,0.1102168534,0.0032578968,0.0511565823,0.0937851090,-0.0252465587,0.0825349215,0.1102168534,0.0032578968,-0.0276819319,0.0792770248,-0.1069589566
train:6324,0,1.0774041414,1.0768250842,0.0005790572,0.0386952285,0.0179835532,-0.0210897662,0.0073168893,0.0015518088,-0.0495942216,0.0386952285,0.0179835532,0.0210897662,0.0207116753,0.0176054623,0.0031062130
train:6326,0,-0.1520536095,-0.1526326667,0.0005790572,-0.1349254053,0.0338501457,-0.0032369830,-0.1663037445,0.0174184013,-0.0317414384,0.1349254053,0.0338501457,0.0032369830,0.1010752596,0.1316884223,-0.0306131627
train:6327,0,1.8170790672,1.8165000100,0.0005790572,-0.4936467286,-0.4702975776,-0.4324127175,-0.5250250678,-0.4867293220,-0.4609171729,0.4936467286,0.4702975776,0.4324127175,0.0233491510,0.0612340111,-0.0378848601
train:6350,0,0.6108348966,0.6102558393,0.0005790572,0.0321850303,-0.0374764230,-0.0165530778,0.0008066911,-0.0539081674,-0.0450575333,0.0321850303,0.0374764230,0.0165530778,-0.0052913927,0.0156319525,-0.0209233452
train:6357,0,-2.7115757465,-2.7121548038,0.0005790572,-0.0815988656,-0.2455248859,-0.2052155472,-0.1129772048,-0.2619566303,-0.2337200027,0.0815988656,0.2455248859,0.2052155472,-0.1639260203,-0.1236166816,-0.0403093387
train:6361,0,1.6366803646,1.6361013074,0.0005790572,0.0174983863,0.0848686669,0.0580787919,-0.0138799529,0.0684369225,0.0295743365,0.0174983863,0.0848686669,0.0580787919,-0.0673702806,-0.0405804057,-0.0267898749
train:6362,0,1.6338596344,1.6332805772,0.0005790572,-0.0251259681,-0.0079996612,-0.0220482089,-0.0565043073,-0.0244314056,-0.0505526643,0.0251259681,0.0079996612,0.0220482089,0.0171263069,0.0030777592,0.0140485477
train:6364,0,0.1712423414,0.1706632842,0.0005790572,0.0534890417,0.0826905716,0.1541225724,0.0221107025,0.0662588272,0.1256181170,0.0534890417,0.0826905716,0.1541225724,-0.0292015299,-0.1006335307,0.0714320008
train:6365,0,2.1193959713,2.1188169141,0.0005790572,0.1074503783,0.0224018071,0.0598970912,0.0760720391,0.0059700627,0.0313926358,0.1074503783,0.0224018071,0.0598970912,0.0850485712,0.0475532871,0.0374952842
train:6378,-1,-2.3904967308,1.0745427978,-3.4650395286,0.0279313203,0.1222768154,0.0117427126,-0.0034470189,0.1058450710,-0.0167617429,0.0279313203,0.1222768154,0.0117427126,-0.0943454951,0.0161886077,-0.1105341028
train:6382,0,1.0095955133,1.0090164561,0.0005790572,0.0505914215,0.1097375724,0.1998273395,0.0192130823,0.0933058281,0.1713228841,0.0505914215,0.1097375724,0.1998273395,-0.0591461509,-0.1492359180,0.0900897671
train:6385,-2,-6.8783202171,0.0523378973,-6.9306581144,-0.0792618464,-0.0287205722,-0.2382740013,-0.1106401856,-0.0451523166,-0.2667784567,0.0792618464,0.0287205722,0.2382740013,0.0505412742,-0.1590121549,0.2095534291
train:6393,0,-1.0073156357,-1.0078946929,0.0005790572,-0.0919188734,0.0932934258,0.0757322572,-0.1232972126,0.0768616814,0.0472278018,0.0919188734,0.0932934258,0.0757322572,-0.0013745524,0.0161866162,-0.0175611686
train:6400,0,0.8484351039,0.8478560467,0.0005790572,0.0425110582,0.0579720709,0.0557362102,0.0111327190,0.0415403266,0.0272317548,0.0425110582,0.0579720709,0.0557362102,-0.0154610127,-0.0132251520,-0.0022358607
train:6402,0,-1.5040830374,-1.5046620946,0.0005790572,-0.2290954467,0.0078643534,-0.0523607470,-0.2604737859,-0.0085673909,-0.0808652024,0.2290954467,0.0078643534,0.0523607470,0.2212310933,0.1767346997,0.0444963936
train:6403,0,1.8515099287,1.8509308715,0.0005790572,-0.0633774873,-0.0273455408,-0.1293210723,-0.0947558265,-0.0437772851,-0.1578255277,0.0633774873,0.0273455408,0.1293210723,0.0360319465,-0.0659435850,0.1019755315
train:6404,0,2.2754371166,2.2748580594,0.0005790572,0.0956357840,0.0845723126,0.0954829715,0.0642574448,0.0681405682,0.0669785161,0.0956357840,0.0845723126,0.0954829715,0.0110634714,0.0001528125,0.0109106589
train:6405,0,0.1545907408,0.1540116836,0.0005790572,0.0809542511,0.0740286831,0.1174476109,0.0495759119,0.0575969387,0.0889431555,0.0809542511,0.0740286831,0.1174476109,0.0069255680,-0.0364933599,0.0434189279
train:6412,0,-2.1810247898,-2.1816038470,0.0005790572,-0.0943661805,-0.0374307659,0.0775894187,-0.1257445197,-0.0538625102,0.0490849633,0.0943661805,0.0374307659,0.0775894187,0.0569354147,0.0167767618,0.0401586529
train:6413,0,-0.0616122968,-0.0621913541,0.0005790572,-0.0485811073,0.0632502001,-0.0762549825,-0.0799594465,0.0468184557,-0.1047594379,0.0485811073,0.0632502001,0.0762549825,-0.0146690927,-0.0276738752,0.0130047824
train:6415,0,1.4342411757,1.4336621184,0.0005790572,-0.0193482515,0.0290559504,-0.0211783387,-0.0507265907,0.0126242060,-0.0496827941,0.0193482515,0.0290559504,0.0211783387,-0.0097076990,-0.0018300872,-0.0078776117
train:6418,0,0.3561399877,0.3555609305,0.0005790572,-0.0325292226,-0.0236235585,0.0003693067,-0.0639075618,-0.0400553029,-0.0281351488,0.0325292226,0.0236235585,0.0003693067,0.0089056641,0.0321599159,-0.0232542519
train:6426,0,0.3915614188,0.3909823615,0.0005790572,-0.0699859139,0.1156603966,0.0055640303,-0.1013642531,0.0992286522,-0.0229404252,0.0699859139,0.1156603966,0.0055640303,-0.0456744827,0.0644218836,-0.1100963663
train:6430,0,2.6847105026,2.6841314454,0.0005790572,-0.1115168210,-0.0544831779,-0.1350496747,-0.1428951602,-0.0709149223,-0.1635541301,0.1115168210,0.0544831779,0.1350496747,0.0570336431,-0.0235328536,0.0805664968
train:6434,0,1.0265640020,1.0259849448,0.0005790572,-0.0127001878,0.0464662883,0.0424332879,-0.0440785270,0.0300345440,0.0139288325,0.0127001878,0.0464662883,0.0424332879,-0.0337661005,-0.0297331002,-0.0040330004
train:6435,0,0.8001846671,0.7996056099,0.0005790572,0.0081839684,-0.0910614755,0.0022408031,-0.0231943708,-0.1074932199,-0.0262636523,0.0081839684,0.0910614755,0.0022408031,-0.0828775071,0.0059431653,-0.0888206724
train:6442,0,0.4071526825,0.4065736253,0.0005790572,0.0135797385,0.0484610174,0.0685673915,-0.0177986007,0.0320292730,0.0400629360,0.0135797385,0.0484610174,0.0685673915,-0.0348812789,-0.0549876530,0.0201063741
train:6446,0,1.2306525707,1.2300735135,0.0005790572,0.0091238145,-0.0453567531,-0.0632663704,-0.0222545247,-0.0617884975,-0.0917708259,0.0091238145,0.0453567531,0.0632663704,-0.0362329386,-0.0541425560,0.0179096173
train:6452,0,0.4185971618,0.4180181045,0.0005790572,0.0729178611,0.0540184054,0.0711853169,0.0415395219,0.0375866611,0.0426808615,0.0729178611,0.0540184054,0.0711853169,0.0188994557,0.0017325442,0.0171669114
train:6464,0,0.3904195130,0.3898404557,0.0005790572,-0.0430939075,0.0173556480,0.1689851694,-0.0744722467,0.0009239037,0.1404807139,0.0430939075,0.0173556480,0.1689851694,0.0257382594,-0.1258912619,0.1516295213
train:6465,0,-2.8614757061,-2.8620547633,0.0005790572,-0.1621595498,-0.0580701854,-0.1176758744,-0.1935378890,-0.0745019298,-0.1461803298,0.1621595498,0.0580701854,0.1176758744,0.1040893644,0.0444836754,0.0596056890
train:6468,-1,-3.5924024582,-0.1273629296,-3.4650395286,-0.0693420816,-0.1327974696,-0.0407535568,-0.1007204208,-0.1492292139,-0.0692580122,0.0693420816,0.1327974696,0.0407535568,-0.0634553879,0.0285885248,-0.0920439128
train:6472,0,0.8081297874,0.8075507302,0.0005790572,-0.0350030538,-0.0152452018,-0.0695230104,-0.0663813930,-0.0316769462,-0.0980274658,0.0350030538,0.0152452018,0.0695230104,0.0197578520,-0.0345199566,0.0542778086
train:6473,0,1.1531637907,1.1525847335,0.0005790572,-0.0378584739,-0.0371381071,-0.0347960927,-0.0692368131,-0.0535698514,-0.0633005481,0.0378584739,0.0371381071,0.0347960927,0.0007203668,0.0030623812,-0.0023420144
train:6478,0,1.5546313524,1.5540522952,0.0005790572,0.0761656884,0.1042615149,0.0330690406,0.0447873492,0.0878297705,0.0045645852,0.0761656884,0.1042615149,0.0330690406,-0.0280958265,0.0430966478,-0.0711924743
train:6486,0,-1.3068864346,-1.3074654918,0.0005790572,-0.0700046893,-0.0791288640,-0.0950267054,-0.1013830285,-0.0955606084,-0.1235311609,0.0700046893,0.0791288640,0.0950267054,-0.0091241747,-0.0250220161,0.0158978414
train:6487,0,-0.0189673677,-0.0195464249,0.0005790572,0.1378775287,0.0628641818,0.1652128287,0.1064991895,0.0464324374,0.1367083732,0.1378775287,0.0628641818,0.1652128287,0.0750133470,-0.0273352999,0.1023486469
train:6490,0,-1.7677716017,-1.7683506589,0.0005790572,0.1312829379,0.1295760844,0.2715685628,0.0999045987,0.1131443400,0.2430641074,0.1312829379,0.1295760844,0.2715685628,0.0017068535,-0.1402856249,0.1419924785
train:6502,0,-1.6015113592,-1.6020904165,0.0005790572,0.1640328292,0.0537215445,0.1754682325,0.1326544900,0.0372898001,0.1469637770,0.1640328292,0.0537215445,0.1754682325,0.1103112847,-0.0114354033,0.1217466880
train:6503,0,-5.2433433533,-5.2439224105,0.0005790572,-0.5019799348,-0.1971604850,-0.3637662865,-0.5333582740,-0.2135922294,-0.3922707420,0.5019799348,0.1971604850,0.3637662865,0.3048194498,0.1382136483,0.1666058015
train:6505,0,0.4282028675,0.4276238103,0.0005790572,0.0481215540,-0.0778248932,-0.1416043974,0.0167432148,-0.0942566376,-0.1701088529,0.0481215540,0.0778248932,0.1416043974,-0.0297033392,-0.0934828434,0.0637795042
train:6509,0,0.8543559909,0.8537769336,0.0005790572,0.0491459493,0.1422110174,0.1632545851,0.0177676101,0.1257792730,0.1347501297,0.0491459493,0.1422110174,0.1632545851,-0.0930650681,-0.1141086359,0.0210435677
train:6518,0,-1.2601850033,-1.2607640605,0.0005790572,0.0445244435,0.0518844101,0.1055603288,0.0131461043,0.0354526658,0.0770558734,0.0445244435,0.0518844101,0.1055603288,-0.0073599666,-0.0610358853,0.0536759187
train:6519,0,-1.8222422600,-1.8228213172,0.0005790572,-0.0658945914,0.0262148354,0.0614867471,-0.0972729306,0.0097830910,0.0329822917,0.0658945914,0.0262148354,0.0614867471,0.0396797560,0.0044078443,0.0352719117
train:6523,0,2.4108512402,2.4102721829,0.0005790572,-0.0636490461,-0.0539696243,-0.1100767590,-0.0950273853,-0.0704013686,-0.1385812145,0.0636490461,0.0539696243,0.1100767590,0.0096794218,-0.0464277130,0.0561071347
train:6525,0,-2.5035572052,-2.5041362624,0.0005790572,-0.0081177827,-0.0057756927,0.1275416873,-0.0394961219,-0.0222074371,0.0990372319,0.0081177827,0.0057756927,0.1275416873,0.0023420900,-0.1194239046,0.1217659946
train:6546,0,0.5690422058,0.5684631486,0.0005790572,0.0080133799,0.0183575127,0.1412823461,-0.0233649593,0.0019257684,0.1127778907,0.0080133799,0.0183575127,0.1412823461,-0.0103441328,-0.1332689662,0.1229248334
train:6551,0,1.9877041578,1.9871251006,0.0005790572,-0.0486924525,-0.1342054632,-0.1059221961,-0.0800707917,-0.1506372075,-0.1344266515,0.0486924525,0.1342054632,0.1059221961,-0.0855130106,-0.0572297435,-0.0282832671
train:6557,0,-0.0298898742,-0.0304689314,0.0005790572,0.0193230335,-0.1419517946,-0.0468329228,-0.0120553057,-0.1583835389,-0.0753373783,0.0193230335,0.1419517946,0.0468329228,-0.1226287611,-0.0275098894,-0.0951188717
train:6560,0,0.2535260022,0.2529469449,0.0005790572,0.0652213517,0.0610362265,0.0436117761,0.0338430125,0.0446044822,0.0151073206,0.0652213517,0.0610362265,0.0436117761,0.0041851252,0.0216095757,-0.0174244504
train:6561,0,0.2896509469,0.2890718896,0.0005790572,-0.0666517194,-0.0592845704,-0.1034029759,-0.0980300586,-0.0757163148,-0.1319074314,0.0666517194,0.0592845704,0.1034029759,0.0073671490,-0.0367512565,0.0441184055
train:6570,0,1.5967607498,1.5961816926,0.0005790572,-0.0496871349,-0.0014228847,-0.0010039546,-0.0810654741,-0.0178546291,-0.0295084100,0.0496871349,0.0014228847,0.0010039546,0.0482642502,0.0486831803,-0.0004189301
train:6572,0,-1.9756590128,-1.9762380700,0.0005790572,0.0627389077,-0.0007928636,0.0971107744,0.0313605685,-0.0172246080,0.0686063189,0.0627389077,0.0007928636,0.0971107744,0.0619460441,-0.0343718667,0.0963179108
train:6577,0,0.4661707282,0.4655916710,0.0005790572,0.1056033794,-0.0282728698,0.0589382313,0.0742250402,-0.0447046142,0.0304337759,0.1056033794,0.0282728698,0.0589382313,0.0773305096,0.0466651481,0.0306653615
train:6586,0,-0.3155938387,-0.3161728959,0.0005790572,-0.0138215002,-0.0255145159,-0.0275883414,-0.0451998394,-0.0419462602,-0.0560927968,0.0138215002,0.0255145159,0.0275883414,-0.0116930157,-0.0137668412,0.0020738255
train:6592,0,1.7989774942,1.7983984370,0.0005790572,0.1708313350,0.1677023146,0.1321465038,0.1394529958,0.1512705703,0.1036420483,0.1708313350,0.1677023146,0.1321465038,0.0031290203,0.0386848312,-0.0355558108
train:6596,0,-1.4224370718,-1.4230161290,0.0005790572,0.0272585276,0.0068885062,0.1324162744,-0.0041198116,-0.0095432382,0.1039118190,0.0272585276,0.0068885062,0.1324162744,0.0203700215,-0.1051577468,0.1255277682
train:6597,0,0.9600078464,0.9594287891,0.0005790572,0.1566252831,0.1953628037,0.1147204302,0.1252469439,0.1789310593,0.0862159748,0.1566252831,0.1953628037,0.1147204302,-0.0387375206,0.0419048529,-0.0806423735
train:6600,0,0.6380025744,0.6374235172,0.0005790572,-0.0313930389,-0.0583694603,0.0166598819,-0.0627713781,-0.0748012047,-0.0118445735,0.0313930389,0.0583694603,0.0166598819,-0.0269764215,0.0147331569,-0.0417095784
train:6609,0,0.2248106897,0.2242316324,0.0005790572,0.0140174452,-0.0706629481,-0.0121685006,-0.0173608940,-0.0870946925,-0.0406729560,0.0140174452,0.0706629481,0.0121685006,-0.0566455029,0.0018489446,-0.0584944476
train:6612,0,2.5012083054,2.5006292481,0.0005790572,0.1020990733,0.0746498082,0.0260950588,0.0707207341,0.0582180638,-0.0024093967,0.1020990733,0.0746498082,0.0260950588,0.0274492651,0.0760040145,-0.0485547494
train:6616,0,-1.2640726566,-1.2646517139,0.0005790572,0.0749040965,0.1269676659,0.1578569673,0.0435257573,0.1105359216,0.1293525119,0.0749040965,0.1269676659,0.1578569673,-0.0520635694,-0.0829528708,0.0308893014
train:6619,0,-2.1835577488,-2.1841368060,0.0005790572,-0.1424337503,-0.3517158058,-0.1601121165,-0.1738120895,-0.3681475501,-0.1886165719,0.1424337503,0.3517158058,0.1601121165,-0.2092820555,-0.0176783662,-0.1916036893
train:6620,0,-0.0939783379,-0.0945573952,0.0005790572,0.2518438298,0.0459002677,0.1225022860,0.2204654906,0.0294685234,0.0939978305,0.2518438298,0.0459002677,0.1225022860,0.2059435621,0.1293415438,0.0766020183
train:6625,0,-1.0239437819,-1.0245228391,0.0005790572,-0.1481056687,-0.2589892175,-0.2238220908,-0.1794840079,-0.2754209619,-0.2523265462,0.1481056687,0.2589892175,0.2238220908,-0.1108835489,-0.0757164221,-0.0351671267
train:6627,0,-3.3199911118,-3.3205701690,0.0005790572,0.0281399611,0.0043871377,0.2574545406,-0.0032383781,-0.0120446067,0.2289500851,0.0281399611,0.0043871377,0.2574545406,0.0237528235,-0.2293145795,0.2530674029
train:6628,0,1.6303246021,1.6297455449,0.0005790572,0.0463369016,0.0462458108,-0.0270013548,0.0149585624,0.0298140664,-0.0555058103,0.0463369016,0.0462458108,0.0270013548,0.0000910908,0.0193355467,-0.0192444559
train:6630,0,1.9297591448,1.9291800875,0.0005790572,-0.0004283067,0.0264301274,0.0567466281,-0.0318066459,0.0099983830,0.0282421727,0.0004283067,0.0264301274,0.0567466281,-0.0260018207,-0.0563183214,0.0303165007
train:6634,0,0.6190827489,0.6185036917,0.0005790572,0.0627443317,0.0281821463,0.0388181470,0.0313659925,0.0117504020,0.0103136916,0.0627443317,0.0281821463,0.0388181470,0.0345621854,0.0239261847,0.0106360007
train:6641,0,1.5288664103,1.5282873530,0.0005790572,0.1053940181,0.0406154368,0.0018180870,0.0740156789,0.0241836924,-0.0266863685,0.1053940181,0.0406154368,0.0018180870,0.0647785813,0.1035759311,-0.0387973498
train:6660,0,-1.0202052593,-1.0207843166,0.0005790572,-0.4236931678,-0.2590335634,-0.3368714787,-0.4550715070,-0.2754653077,-0.3653759341,0.4236931678,0.2590335634,0.3368714787,0.1646596044,0.0868216891,0.0778379153
train:6661,0,-1.8221732378,-1.8227522950,0.0005790572,-0.0048446532,0.0692460511,0.1584991477,-0.0362229924,0.0528143067,0.1299946923,0.0048446532,0.0692460511,0.1584991477,-0.0644013978,-0.1536544945,0.0892530967
train:6663,-1,-2.2568359375,1.2082035911,-3.4650395286,0.0075379487,-0.0060347591,-0.0138750061,-0.0238403905,-0.0224665034,-0.0423794616,0.0075379487,0.0060347591,0.0138750061,0.0015031897,-0.0063370574,0.0078402471
train:6668,0,0.2099720687,0.2093930114,0.0005790572,-0.0173396196,-0.0875805196,-0.0350810476,-0.0487179588,-0.1040122639,-0.0635855030,0.0173396196,0.0875805196,0.0350810476,-0.0702408999,-0.0177414279,-0.0524994720
train:6670,0,-0.2218169272,-0.2223959844,0.0005790572,0.0831760887,0.2411283526,0.2726194821,0.0517977495,0.2246966083,0.2441150267,0.0831760887,0.2411283526,0.2726194821,-0.1579522640,-0.1894433934,0.0314911295
train:6673,0,0.7732313871,0.7726523299,0.0005790572,0.0406156901,-0.0116443064,0.0102117322,0.0092373509,-0.0280760508,-0.0182927232,0.0406156901,0.0116443064,0.0102117322,0.0289713837,0.0304039579,-0.0014325742
train:6676,0,-2.0909657478,-2.0915448051,0.0005790572,0.1087671641,-0.0602378871,-0.0250931717,0.0773888249,-0.0766696315,-0.0535976272,0.1087671641,0.0602378871,0.0250931717,0.0485292770,0.0836739924,-0.0351447154
train:6677,0,2.5743162632,2.5737372060,0.0005790572,0.0417422179,-0.0118880298,0.0070718788,0.0103638787,-0.0283197742,-0.0214325767,0.0417422179,0.0118880298,0.0070718788,0.0298541881,0.0346703391,-0.0048161510
train:6688,0,-0.1343784779,-0.1349575352,0.0005790572,0.0446554694,-0.0444343936,0.0081615709,0.0132771302,-0.0608661379,-0.0203428846,0.0446554694,0.0444343936,0.0081615709,0.0002210758,0.0364938985,-0.0362728227
train:6691,0,-5.6822886467,-5.6828677039,0.0005790572,-0.3354626771,-0.0221250083,-0.0944381692,-0.3668410163,-0.0385567527,-0.1229426246,0.3354626771,0.0221250083,0.0944381692,0.3133376688,0.2410245080,0.0723131608
train:6697,0,2.0576739311,2.0570948739,0.0005790572,-0.0995405790,-0.0538895156,-0.1591044404,-0.1309189182,-0.0703212600,-0.1876088958,0.0995405790,0.0538895156,0.1591044404,0.0456510633,-0.0595638614,0.1052149247
train:6699,0,1.2757999897,1.2752209325,0.0005790572,-0.0301234599,0.0548336480,0.0793304704,-0.0615017991,0.0384019036,0.0508260150,0.0301234599,0.0548336480,0.0793304704,-0.0247101880,-0.0492070105,0.0244968224
train:6701,0,-1.9422587156,-1.9428377729,0.0005790572,-0.3367804166,-0.2958303716,-0.3325119950,-0.3681587558,-0.3122621160,-0.3610164504,0.3367804166,0.2958303716,0.3325119950,0.0409500450,0.0042684216,0.0366816234
train:6704,0,-1.2546949387,-1.2552739959,0.0005790572,-0.0162482139,-0.0691481855,-0.0200705267,-0.0476265531,-0.0855799299,-0.0485749822,0.0162482139,0.0691481855,0.0200705267,-0.0528999716,-0.0038223129,-0.0490776587
train:6734,0,0.8790419698,0.8784629125,0.0005790572,-0.0661111351,0.2338411782,0.1681071185,-0.0974894743,0.2174094338,0.1396026630,0.0661111351,0.2338411782,0.1681071185,-0.1677300431,-0.1019959833,-0.0657340597
train:6746,0,0.9494162798,0.9488372226,0.0005790572,0.0957375888,-0.0058414962,0.0368927978,0.0643592496,-0.0222732406,0.0083883424,0.0957375888,0.0058414962,0.0368927978,0.0898960925,0.0588447910,0.0310513016
train:6753,0,2.7310614586,2.7304824013,0.0005790572,0.0540782336,0.1657164071,0.0162440799,0.0226998944,0.1492846627,-0.0122603755,0.0540782336,0.1657164071,0.0162440799,-0.1116381735,0.0378341537,-0.1494723271
train:6754,0,-0.0233717840,-0.0239508413,0.0005790572,-0.1984480776,-0.0762176670,-0.1158846039,-0.2298264168,-0.0926494114,-0.1443890594,0.1984480776,0.0762176670,0.1158846039,0.1222304106,0.0825634737,0.0396669369
train:6755,0,1.0313432217,1.0307641644,0.0005790572,0.3167198423,0.0098754141,-0.1636850573,0.2853415031,-0.0065563302,-0.1921895128,0.3167198423,0.0098754141,0.1636850573,0.3068444282,0.1530347850,0.1538096432
train:6757,0,1.8224724531,1.8218933959,0.0005790572,0.0906580809,0.0067208979,0.1410864852,0.0592797417,-0.0097108464,0.1125820298,0.0906580809,0.0067208979,0.1410864852,0.0839371830,-0.0504284043,0.1343655873
train:6760,0,0.7180290222,0.7174499650,0.0005790572,0.0345316652,0.0183790300,-0.0161434151,0.0031533260,0.0019472856,-0.0446478706,0.0345316652,0.0183790300,0.0161434151,0.0161526352,0.0183882501,-0.0022356149
train:6761,0,0.9727872610,0.9722082038,0.0005790572,0.0158497218,0.0040863726,0.0003915094,-0.0155286174,-0.0123453717,-0.0281129461,0.0158497218,0.0040863726,0.0003915094,0.0117633492,0.0154582124,-0.0036948632
train:6762,0,0.0631811246,0.0626020674,0.0005790572,-0.0642711770,-0.0460895997,-0.0193217658,-0.0956495162,-0.0625213440,-0.0478262212,0.0642711770,0.0460895997,0.0193217658,0.0181815773,0.0449494112,-0.0267678339
train:6763,0,-0.1011343375,-0.1017133947,0.0005790572,-0.0842515405,0.0493458409,0.0887253173,-0.1156298797,0.0329140965,0.0602208618,0.0842515405,0.0493458409,0.0887253173,0.0349056997,-0.0044737767,0.0393794764
train:6774,0,1.3274359703,1.3268569131,0.0005790572,-0.0276658412,-0.0074872997,0.0474785827,-0.0590441804,-0.0239190440,0.0189741273,0.0276658412,0.0074872997,0.0474785827,0.0201785415,-0.0198127415,0.0399912830
train:6785,0,-4.8036637306,-4.8042427879,0.0005790572,-0.0283275720,-0.1335365798,-0.1309619881,-0.0597059112,-0.1499683242,-0.1594664436,0.0283275720,0.1335365798,0.1309619881,-0.1052090079,-0.1026344161,-0.0025745917
train:6787,0,0.3187183738,0.3181393165,0.0005790572,-0.0080239948,0.0356181834,-0.0062311031,-0.0394023340,0.0191864390,-0.0347355585,0.0080239948,0.0356181834,0.0062311031,-0.0275941886,0.0017928917,-0.0293870803
train:6797,0,2.3764543533,2.3758752961,0.0005790572,-0.0514215108,-0.0526871707,-0.1140774228,-0.0827998500,-0.0691189151,-0.1425818782,0.0514215108,0.0526871707,0.1140774228,-0.0012656599,-0.0626559120,0.0613902520
train:6800,0,0.0775257051,0.0769466479,0.0005790572,-0.1780462142,0.0385361288,-0.1994281448,-0.2094245534,0.0221043844,-0.2279326003,0.1780462142,0.0385361288,0.1994281448,0.1395100855,-0.0213819306,0.1608920161
train:6808,0,0.4075135887,0.4069345314,0.0005790572,0.0133168522,-0.1079278316,0.0430746041,-0.0180614870,-0.1243595760,0.0145701487,0.0133168522,0.1079278316,0.0430746041,-0.0946109794,-0.0297577519,-0.0648532275
train:6816,0,0.3210034668,0.3204244096,0.0005790572,0.0515179161,-0.0847491946,0.0304329954,0.0201395769,-0.1011809390,0.0019285400,0.0515179161,0.0847491946,0.0304329954,-0.0332312785,0.0210849207,-0.0543161992
train:6820,-1,-4.3277311325,-0.8626916039,-3.4650395286,0.1470785614,0.0630653229,0.0589500085,0.1157002222,0.0466335785,0.0304455530,0.1470785614,0.0630653229,0.0589500085,0.0840132385,0.0881285530,-0.0041153144
train:6839,0,1.7590680122,1.7584889550,0.0005790572,-0.1051447269,0.0135314438,-0.0327852704,-0.1365230661,-0.0029003005,-0.0612897258,0.1051447269,0.0135314438,0.0327852704,0.0916132830,0.0723594565,0.0192538265
train:6840,0,-0.0713706240,-0.0719496812,0.0005790572,0.1455802817,-0.0876535799,0.2373544015,0.1142019425,-0.1040853243,0.2088499461,0.1455802817,0.0876535799,0.2373544015,0.0579267017,-0.0917741198,0.1497008216
train:6841,0,-0.2476315647,-0.2482106220,0.0005790572,-0.0273781147,-0.0011851963,0.0256050192,-0.0587564539,-0.0176169406,-0.0028994363,0.0273781147,0.0011851963,0.0256050192,0.0261929184,0.0017730955,0.0244198229
train:6847,0,1.0705076456,1.0699285884,0.0005790572,0.0894732598,0.0378903124,0.0049598478,0.0580949206,0.0214585681,-0.0235446077,0.0894732598,0.0378903124,0.0049598478,0.0515829474,0.0845134120,-0.0329304647
train:6848,0,-0.0734408274,-0.0740198847,0.0005790572,-0.6326082599,-0.4271816414,-0.3367461674,-0.6639865991,-0.4436133858,-0.3652506228,0.6326082599,0.4271816414,0.3367461674,0.2054266185,0.2958620925,-0.0904354740
train:6849,0,2.3506140709,2.3500350137,0.0005790572,-0.0012508508,-0.0157935646,-0.0758424737,-0.0326291900,-0.0322253089,-0.1043469291,0.0012508508,0.0157935646,0.0758424737,-0.0145427138,-0.0745916229,0.0600489091
train:6850,0,3.3995974064,3.3990183491,0.0005790572,-0.0228050824,-0.0951261547,-0.0757635571,-0.0541834216,-0.1115578990,-0.1042680125,0.0228050824,0.0951261547,0.0757635571,-0.0723210722,-0.0529584747,-0.0193625975
train:6875,0,-2.6670773029,-2.6676563602,0.0005790572,-0.6068838712,-0.8064472701,-0.8941416480,-0.6382622104,-0.8228790145,-0.9226461034,0.6068838712,0.8064472701,0.8941416480,-0.1995633990,-0.2872577768,0.0876943778
train:6882,0,-0.3611055613,-0.3616846185,0.0005790572,0.0802930418,0.1185277078,0.1044619940,0.0489147026,0.1020959635,0.0759575386,0.0802930418,0.1185277078,0.1044619940,-0.0382346660,-0.0241689522,-0.0140657138
train:6885,0,-2.4319849014,-2.4325639587,0.0005790572,0.1079222087,0.0149619553,0.0226377510,0.0765438695,-0.0014697891,-0.0058667045,0.1079222087,0.0149619553,0.0226377510,0.0929602534,0.0852844577,0.0076757956
train:6886,-1,-1.7066205740,1.7584189546,-3.4650395286,0.0473685142,0.1593236651,0.0733003631,0.0159901750,0.1428919208,0.0447959077,0.0473685142,0.1593236651,0.0733003631,-0.1119551510,-0.0259318490,-0.0860233020
train:6892,0,-1.2217428684,-1.2223219257,0.0005790572,0.1478917722,0.1981539700,0.2230841182,0.1165134330,0.1817222256,0.1945796628,0.1478917722,0.1981539700,0.2230841182,-0.0502621979,-0.0751923461,0.0249301482
train:6893,0,1.0066483021,1.0060692448,0.0005790572,-0.0210111018,-0.0812552001,-0.0679713227,-0.0523894410,-0.0976869445,-0.0964757781,0.0210111018,0.0812552001,0.0679713227,-0.0602440983,-0.0469602209,-0.0132838775
train:6897,0,-0.6475465894,-0.6481256466,0.0005790572,0.0954712752,0.0550813649,0.0674360059,0.0640929360,0.0386496205,0.0389315505,0.0954712752,0.0550813649,0.0674360059,0.0403899103,0.0280352693,0.0123546410
train:6918,0,1.0599052906,1.0593262334,0.0005790572,0.0508388404,0.0207776997,0.1029725932,0.0194605012,0.0043459553,0.0744681377,0.0508388404,0.0207776997,0.1029725932,0.0300611407,-0.0521337528,0.0821948934
train:6926,0,-1.9329349995,-1.9335140567,0.0005790572,-0.0015859481,0.0369019482,-0.0009914376,-0.0329642873,0.0204702039,-0.0294958930,0.0015859481,0.0369019482,0.0009914376,-0.0353160001,0.0005945105,-0.0359105106
train:6931,0,-2.4931437969,-2.4937228542,0.0005790572,0.0174416426,0.2623124096,0.1650001071,-0.0139366966,0.2458806653,0.1364956517,0.0174416426,0.2623124096,0.1650001071,-0.2448707670,-0.1475584645,-0.0973123025
train:6942,0,2.1444032192,2.1438241620,0.0005790572,0.0669502143,-0.0093426731,0.0369409584,0.0355718751,-0.0257744174,0.0084365029,0.0669502143,0.0093426731,0.0369409584,0.0576075412,0.0300092559,0.0275982853
train:6943,0,2.0014808178,2.0009017606,0.0005790572,0.0756015900,-0.0119202163,-0.0415018536,0.0442232508,-0.0283519607,-0.0700063091,0.0756015900,0.0119202163,0.0415018536,0.0636813737,0.0340997364,0.0295816373
train:6949,0,1.2462899685,1.2457109113,0.0005790572,-0.0847062942,-0.0401488569,-0.0984160639,-0.1160846334,-0.0565806012,-0.1269205194,0.0847062942,0.0401488569,0.0984160639,0.0445574373,-0.0137097698,0.0582672071
train:6950,0,-1.7661650181,-1.7667440753,0.0005790572,-0.2062002298,-0.2325357225,-0.1568674780,-0.2375785690,-0.2489674669,-0.1853719335,0.2062002298,0.2325357225,0.1568674780,-0.0263354927,0.0493327517,-0.0756682444
train:6951,0,1.6229617596,1.6223827023,0.0005790572,-0.0904852029,-0.0897955921,-0.1195754744,-0.1218635421,-0.1062273364,-0.1480799299,0.0904852029,0.0897955921,0.1195754744,0.0006896108,-0.0290902715,0.0297798823
train:6952,0,1.0353534222,1.0347743649,0.0005790572,-0.0244421836,-0.0083848264,-0.1119117476,-0.0558205228,-0.0248165708,-0.1404162030,0.0244421836,0.0083848264,0.1119117476,0.0160573572,-0.0874695640,0.1035269212
train:6953,0,-1.4861919880,-1.4867710452,0.0005790572,0.0815760020,0.0169897053,0.0657534860,0.0501976628,0.0005579610,0.0372490306,0.0815760020,0.0169897053,0.0657534860,0.0645862967,0.0158225160,0.0487637807
train:6954,0,-1.4304214716,-1.4310005288,0.0005790572,0.0573500518,0.0755910847,0.0936281942,0.0259717126,0.0591593404,0.0651237387,0.0573500518,0.0755910847,0.0936281942,-0.0182410330,-0.0362781424,0.0180371095
train:6963,0,1.3818815947,1.3813025374,0.0005790572,0.0519684676,-0.0892655876,-0.0585857369,0.0205901284,-0.1056973319,-0.0870901923,0.0519684676,0.0892655876,0.0585857369,-0.0372971200,-0.0066172693,-0.0306798507
train:6966,0,-0.3878713846,-0.3884504419,0.0005790572,-0.1193092045,0.0369085047,0.0571656488,-0.1506875437,0.0204767604,0.0286611933,0.1193092045,0.0369085047,0.0571656488,0.0824006997,0.0621435557,0.0202571441
train:7001,0,2.3427758217,2.3421967644,0.0005790572,-0.4003456708,-0.3293778922,-0.4946170785,-0.4317240100,-0.3458096366,-0.5231215339,0.4003456708,0.3293778922,0.4946170785,0.0709677786,-0.0942714076,0.1652391862
train:7006,0,-1.4633595943,-1.4639386516,0.0005790572,0.1297462109,0.0529398892,0.0628890060,0.0983678717,0.0365081448,0.0343845505,0.1297462109,0.0529398892,0.0628890060,0.0768063217,0.0668572050,0.0099491168
train:7007,0,-1.3454469442,-1.3460260015,0.0005790572,0.0205839995,-0.0458315637,-0.0659171082,-0.0107943397,-0.0622633081,-0.0944215636,0.0205839995,0.0458315637,0.0659171082,-0.0252475642,-0.0453331087,0.0200855445
train:7013,0,1.0908795595,1.0903005023,0.0005790572,-0.0199104425,-0.0715044763,-0.0359083153,-0.0512887817,-0.0879362207,-0.0644127708,0.0199104425,0.0715044763,0.0359083153,-0.0515940338,-0.0159978729,-0.0355961610
train:7014,0,-1.8547650576,-1.8553441148,0.0005790572,0.1598357085,0.2476030562,0.1332868598,0.1284573693,0.2311713118,0.1047824044,0.1598357085,0.2476030562,0.1332868598,-0.0877673477,0.0265488487,-0.1143161964
train:7017,0,0.1579502672,0.1573712100,0.0005790572,0.0223999593,0.2418171663,0.0601921789,-0.0089783799,0.2253854219,0.0316877235,0.0223999593,0.2418171663,0.0601921789,-0.2194172069,-0.0377922196,-0.1816249873
train:7019,0,-3.1195852757,-3.1201643329,0.0005790572,0.0270816211,-0.0222392108,0.0325631164,-0.0042967181,-0.0386709552,0.0040586610,0.0270816211,0.0222392108,0.0325631164,0.0048424102,-0.0054814953,0.0103239056
train:7023,0,2.4404888153,2.4399097581,0.0005790572,0.0607806567,0.0328178380,-0.0073119141,0.0294023175,0.0163860936,-0.0358163696,0.0607806567,0.0328178380,0.0073119141,0.0279628187,0.0534687426,-0.0255059238
train:7025,0,1.4039274454,1.4033483882,0.0005790572,-0.6039979335,-0.5757502344,-0.6621942259,-0.6353762727,-0.5921819787,-0.6906986814,0.6039979335,0.5757502344,0.6621942259,0.0282476991,-0.0581962924,0.0864439916
train:7028,0,2.8830497265,2.8824706692,0.0005790572,0.0857087497,0.0730047200,0.1240324043,0.0543304105,0.0565729756,0.0955279488,0.0857087497,0.0730047200,0.1240324043,0.0127040297,-0.0383236546,0.0510276843
train:7034,0,2.1999738216,2.1993947644,0.0005790572,-0.0122712728,0.0046911213,-0.0600250699,-0.0436496120,-0.0117406230,-0.0885295253,0.0122712728,0.0046911213,0.0600250699,0.0075801514,-0.0477537971,0.0553339485
train:7035,0,-2.8326511383,-2.8332301955,0.0005790572,-0.3742600557,-0.3373653915,-0.4146278836,-0.4056383949,-0.3537971359,-0.4431323390,0.3742600557,0.3373653915,0.4146278836,0.0368946642,-0.0403678279,0.0772624921
train:7037,0,-1.5152460337,-1.5158250909,0.0005790572,-0.0000694867,0.0283349726,0.0491216443,-0.0314478259,0.0119032283,0.0206171889,0.0000694867,0.0283349726,0.0491216443,-0.0282654859,-0.0490521576,0.0207866717
train:7051,0,1.8797440529,1.8791649956,0.0005790572,-0.0188348170,0.0011503670,-0.0136182047,-0.0502131562,-0.0152813773,-0.0421226602,0.0188348170,0.0011503670,0.0136182047,0.0176844500,0.0052166123,0.0124678377
train:7053,0,0.4911555946,0.4905765373,0.0005790572,0.1430372421,0.1376279268,0.0845536552,0.1116589029,0.1211961825,0.0560491998,0.1430372421,0.1376279268,0.0845536552,0.0054093152,0.0584835868,-0.0530742716
train:7058,0,0.0915761665,0.0909971092,0.0005790572,0.0720602844,0.1161861394,0.1881970949,0.0406819452,0.0997543950,0.1596926395,0.0720602844,0.1161861394,0.1881970949,-0.0441258550,-0.1161368106,0.0720109556
train:7061,0,1.4586262703,1.4580472131,0.0005790572,-0.0048313018,0.0151504252,0.0282637142,-0.0362096410,-0.0012813192,-0.0002407413,0.0048313018,0.0151504252,0.0282637142,-0.0103191234,-0.0234324124,0.0131132890
train:7066,0,2.6602127552,2.6596336980,0.0005790572,0.0722969893,0.0371842358,-0.0567124821,0.0409186501,0.0207524915,-0.0852169376,0.0722969893,0.0371842358,0.0567124821,0.0351127535,0.0155845072,0.0195282463
train:7077,0,1.7264229059,1.7258438487,0.0005790572,-0.0420904037,-0.0833114412,-0.0761345364,-0.0734687429,-0.0997431855,-0.1046389919,0.0420904037,0.0833114412,0.0761345364,-0.0412210375,-0.0340441327,-0.0071769048
train:7087,0,2.3939325809,2.3933535237,0.0005790572,0.0705732230,0.0774757836,0.0748666786,0.0391948838,0.0610440392,0.0463622231,0.0705732230,0.0774757836,0.0748666786,-0.0069025606,-0.0042934556,-0.0026091050
train:7093,0,0.5008005500,0.5002214927,0.0005790572,0.1808999304,-0.1074267056,-0.1040549017,0.1495215912,-0.1238584500,-0.1325593572,0.1808999304,0.1074267056,0.1040549017,0.0734732248,0.0768450286,-0.0033718038
train:7094,0,0.4923097193,0.4917306621,0.0005790572,-0.3510046180,-0.3017831173,-0.2661919035,-0.3823829572,-0.3182148617,-0.2946963589,0.3510046180,0.3017831173,0.2661919035,0.0492215008,0.0848127145,-0.0355912138
train:7095,0,-3.9101090431,-3.9106881004,0.0005790572,-0.1015533086,-0.3056957748,-0.1239052750,-0.1329316478,-0.3221275192,-0.1524097305,0.1015533086,0.3056957748,0.1239052750,-0.2041424662,-0.0223519664,-0.1817904998
train:7098,0,0.7247298956,0.7241508384,0.0005790572,0.0594212536,-0.0235840704,-0.0419902541,0.0280429144,-0.0400158148,-0.0704947095,0.0594212536,0.0235840704,0.0419902541,0.0358371831,0.0174309995,0.0184061836
train:7107,0,0.4673103690,0.4667313118,0.0005790572,0.0283559982,-0.0135920968,0.0526284240,-0.0030223410,-0.0300238412,0.0241239686,0.0283559982,0.0135920968,0.0526284240,0.0147639014,-0.0242724259,0.0390363272
train:7128,0,-2.6745333672,-2.6751124244,0.0005790572,0.0222097758,-0.0578565624,0.0926383995,-0.0091685634,-0.0742883067,0.0641339440,0.0222097758,0.0578565624,0.0926383995,-0.0356467866,-0.0704286236,0.0347818371
train:7138,0,2.1026885509,2.1021094937,0.0005790572,0.0708979491,0.0689151261,0.0065018199,0.0395196099,0.0524833817,-0.0220026355,0.0708979491,0.0689151261,0.0065018199,0.0019828230,0.0643961292,-0.0624133062
train:7148,0,1.5004726648,1.4998936076,0.0005790572,0.0140599135,0.0621023152,0.0122477077,-0.0173184257,0.0456705708,-0.0162567477,0.0140599135,0.0621023152,0.0122477077,-0.0480424017,0.0018122058,-0.0498546075
train:7149,0,0.6537525058,0.6531734485,0.0005790572,-0.2437062737,-0.1770201948,-0.0891055800,-0.2750846129,-0.1934519391,-0.1176100354,0.2437062737,0.1770201948,0.0891055800,0.0666860789,0.1546006937,-0.0879146148
train:7151,0,1.3272141218,1.3266350646,0.0005790572,0.0384475116,0.1414283488,-0.0479233004,0.0070691724,0.1249966044,-0.0764277559,0.0384475116,0.1414283488,0.0479233004,-0.1029808372,-0.0094757889,-0.0935050484
train:7155,0,-2.0977234840,-2.0983025413,0.0005790572,-0.1749552365,-0.1051163700,-0.1578240134,-0.2063335757,-0.1215481143,-0.1863284688,0.1749552365,0.1051163700,0.1578240134,0.0698388666,0.0171312232,0.0527076434
train:7162,0,-1.2128373384,-1.2134163957,0.0005790572,-0.3134939548,-0.3012451556,-0.3235396482,-0.3448722940,-0.3176768999,-0.3520441036,0.3134939548,0.3012451556,0.3235396482,0.0122487992,-0.0100456934,0.0222944926
train:7164,0,3.1972842216,3.1967051644,0.0005790572,-0.0365437146,0.0606286500,0.0279821418,-0.0679220538,0.0441969056,-0.0005223136,0.0365437146,0.0606286500,0.0279821418,-0.0240849353,0.0085615728,-0.0326465081
train:7171,0,1.8072290421,1.8066499848,0.0005790572,0.0877088431,0.0250548098,-0.0112380721,0.0563305039,0.0086230654,-0.0397425275,0.0877088431,0.0250548098,0.0112380721,0.0626540333,0.0764707711,-0.0138167377
train:7180,0,0.9146913290,0.9141122718,0.0005790572,-0.0364868518,-0.0302820828,0.0265953802,-0.0678651910,-0.0467138272,-0.0019090753,0.0364868518,0.0302820828,0.0265953802,0.0062047690,0.0098914716,-0.0036867026
train:7186,0,-3.6746175289,-3.6751965862,0.0005790572,0.2011493567,0.2653312657,0.4245616458,0.1697710175,0.2488995213,0.3960571904,0.2011493567,0.2653312657,0.4245616458,-0.0641819090,-0.2234122891,0.1592303801
train:7199,0,0.0038926974,0.0033136402,0.0005790572,0.0212887946,-0.0630924057,0.0059682764,-0.0100895446,-0.0795241501,-0.0225361790,0.0212887946,0.0630924057,0.0059682764,-0.0418036111,0.0153205182,-0.0571241293
train:7200,0,-2.4343278408,-2.4349068980,0.0005790572,0.1033743743,-0.0019993808,0.0250457786,0.0719960351,-0.0184311252,-0.0034586768,0.1033743743,0.0019993808,0.0250457786,0.1013749935,0.0783285957,0.0230463978
train:7206,0,1.7307788134,1.7301997561,0.0005790572,0.0399212960,0.0163415644,0.0515041612,0.0085429568,-0.0000901799,0.0229997058,0.0399212960,0.0163415644,0.0515041612,0.0235797316,-0.0115828652,0.0351625968
train:7211,0,-2.0501320362,-2.0507110934,0.0005790572,-0.1575970527,-0.0429887798,0.0200037025,-0.1889753919,-0.0594205241,-0.0085007529,0.1575970527,0.0429887798,0.0200037025,0.1146082729,0.1375933502,-0.0229850773
train:7214,0,1.2354180813,1.2348390240,0.0005790572,-0.2259237643,-0.4154863384,-0.2450865246,-0.2573021035,-0.4319180827,-0.2735909801,0.2259237643,0.4154863384,0.2450865246,-0.1895625740,-0.0191627603,-0.1703998137
train:7216,0,2.6634242535,2.6628451962,0.0005790572,-0.0705553170,-0.0626416233,-0.1231511571,-0.1019336562,-0.0790733676,-0.1516556125,0.0705553170,0.0626416233,0.1231511571,0.0079136938,-0.0525958400,0.0605095338
train:7222,0,1.3554582596,1.3548792023,0.0005790572,0.0171021346,0.0703098748,0.0024756454,-0.0142762046,0.0538781304,-0.0260288100,0.0171021346,0.0703098748,0.0024756454,-0.0532077402,0.0146264892,-0.0678342294
train:7223,0,-3.0481560230,-3.0487350803,0.0005790572,0.0650285605,-0.0548105266,-0.0004566647,0.0336502213,-0.0712422710,-0.0289611202,0.0650285605,0.0548105266,0.0004566647,0.0102180339,0.0645718958,-0.0543538619
train:7225,0,0.0075033992,0.0069243419,0.0005790572,0.0319109994,-0.0509866935,0.0344871930,0.0005326602,-0.0674184379,0.0059827375,0.0319109994,0.0509866935,0.0344871930,-0.0190756941,-0.0025761936,-0.0164995005
train:7226,0,1.9827470779,1.9821680207,0.0005790572,0.0605185155,0.2223266337,0.0954325460,0.0291401763,0.2058948893,0.0669280905,0.0605185155,0.2223266337,0.0954325460,-0.1618081182,-0.0349140305,-0.1268940877
train:7229,0,-0.0558748245,-0.0564538818,0.0005790572,0.0432278413,0.0483999748,0.0775771402,0.0118495021,0.0319682304,0.0490726847,0.0432278413,0.0483999748,0.0775771402,-0.0051721334,-0.0343492989,0.0291771654
train:7237,0,2.9490060806,2.9484270234,0.0005790572,-0.0903347608,-0.0671699073,-0.0995560624,-0.1217131000,-0.0836016517,-0.1280605178,0.0903347608,0.0671699073,0.0995560624,0.0231648535,-0.0092213016,0.0323861550
train:7238,0,1.1408656836,1.1402866263,0.0005790572,-0.0418814298,0.0329440806,0.0247141384,-0.0732597690,0.0165123362,-0.0037903171,0.0418814298,0.0329440806,0.0247141384,0.0089373492,0.0171672914,-0.0082299422
train:7251,0,0.7385644913,0.7379854340,0.0005790572,-0.0043386098,0.0009939048,-0.0583275296,-0.0357169490,-0.0154378395,-0.0868319850,0.0043386098,0.0009939048,0.0583275296,0.0033447050,-0.0539889198,0.0573336247
train:7257,0,1.9395987988,1.9390197415,0.0005790572,0.0091896180,0.0084178422,0.0083893798,-0.0221887212,-0.0080139022,-0.0201150756,0.0091896180,0.0084178422,0.0083893798,0.0007717758,0.0008002382,-0.0000284623
train:7260,0,1.3727841377,1.3722050805,0.0005790572,-0.1234651681,-0.1353187587,-0.0862951018,-0.1548435073,-0.1517505031,-0.1147995572,0.1234651681,0.1353187587,0.0862951018,-0.0118535906,0.0371700663,-0.0490236569
train:7261,0,2.4132163525,2.4126372952,0.0005790572,0.1496759776,0.0972499821,0.1378585361,0.1182976384,0.0808182378,0.1093540807,0.1496759776,0.0972499821,0.1378585361,0.0524259955,0.0118174415,0.0406085540
train:7263,0,1.4764549732,1.4758759160,0.0005790572,0.0319134120,0.0349554989,0.0018269084,0.0005350728,0.0185237546,-0.0266775470,0.0319134120,0.0349554989,0.0018269084,-0.0030420870,0.0300865035,-0.0331285905
train:7264,0,-0.2557438612,-0.2563229184,0.0005790572,0.0700393442,-0.0358057942,0.0326051377,0.0386610050,-0.0522375386,0.0041006822,0.0700393442,0.0358057942,0.0326051377,0.0342335500,0.0374342065,-0.0032006566
train:7265,0,1.4932826757,1.4927036185,0.0005790572,-0.0087530490,0.0117567751,-0.0357769467,-0.0401313882,-0.0046749692,-0.0642814021,0.0087530490,0.0117567751,0.0357769467,-0.0030037261,-0.0270238977,0.0240201715
train:7268,0,-3.6060476303,-3.6066266875,0.0005790572,-0.2425435659,-0.3991112735,-0.3475728966,-0.2739219051,-0.4155430179,-0.3760773521,0.2425435659,0.3991112735,0.3475728966,-0.1565677077,-0.1050293308,-0.0515383769
train:7277,0,1.0670496225,1.0664705653,0.0005790572,0.0111760024,-0.0680633810,0.0114714168,-0.0202023368,-0.0844951253,-0.0170330386,0.0111760024,0.0680633810,0.0114714168,-0.0568873786,-0.0002954144,-0.0565919641
train:7278,0,2.6061708927,2.6055918355,0.0005790572,0.0926541213,-0.0051829841,-0.0461698510,0.0612757821,-0.0216147285,-0.0746743064,0.0926541213,0.0051829841,0.0461698510,0.0874711372,0.0464842703,0.0409868669
train:7287,0,1.4394575357,1.4388784785,0.0005790572,0.0003429774,-0.0369596507,-0.0758557059,-0.0310353618,-0.0533913951,-0.1043601613,0.0003429774,0.0369596507,0.0758557059,-0.0366166733,-0.0755127285,0.0388960551
train:7288,0,-3.0901627541,-3.0907418113,0.0005790572,0.0851212863,0.2376162980,0.2721170448,0.0537429471,0.2211845536,0.2436125893,0.0851212863,0.2376162980,0.2721170448,-0.1524950117,-0.1869957585,0.0345007468
train:7289,0,-0.0696650520,-0.0702441092,0.0005790572,-0.0140930291,-0.0558692243,-0.0063545816,-0.0454713683,-0.0723009687,-0.0348590370,0.0140930291,0.0558692243,0.0063545816,-0.0417761952,0.0077384476,-0.0495146427
train:7292,0,0.8383908868,0.8378118295,0.0005790572,-0.1033917543,-0.1653282072,-0.2099976875,-0.1347700935,-0.1817599516,-0.2385021429,0.1033917543,0.1653282072,0.2099976875,-0.0619364530,-0.1066059332,0.0446694802
train:7295,0,1.4891320467,1.4885529895,0.0005790572,-0.1776084777,-0.1441185501,-0.1353405453,-0.2089868169,-0.1605502944,-0.1638450008,0.1776084777,0.1441185501,0.1353405453,0.0334899276,0.0422679324,-0.0087780047
train:7297,0,-0.0749069899,-0.0754860472,0.0005790572,-0.0013600539,-0.1090694767,-0.0173696168,-0.0327383932,-0.1255012210,-0.0458740722,0.0013600539,0.1090694767,0.0173696168,-0.1077094227,-0.0160095628,-0.0916998599
train:7298,0,0.0697443634,0.0691653062,0.0005790572,-0.0685326930,-0.1429293629,0.0192452185,-0.0999110322,-0.1593611073,-0.0092592370,0.0685326930,0.1429293629,0.0192452185,-0.0743966699,0.0492874745,-0.1236841444
train:7301,0,-2.2293941975,-2.2299732547,0.0005790572,-0.0269168492,-0.0498800304,0.0115274452,-0.0582951884,-0.0663117748,-0.0169770103,0.0269168492,0.0498800304,0.0115274452,-0.0229631811,0.0153894041,-0.0383525852
train:7308,0,2.2939541340,2.2933750767,0.0005790572,-0.0828081247,-0.0299558666,-0.0542827584,-0.1141864639,-0.0463876109,-0.0827872138,0.0828081247,0.0299558666,0.0542827584,0.0528522581,0.0285253663,0.0243268918
train:7310,0,-2.5270032883,-2.5275823455,0.0005790572,-0.8213275548,-0.7677217748,-0.7362239100,-0.8527058940,-0.7841535192,-0.7647283654,0.8213275548,0.7677217748,0.7362239100,0.0536057800,0.0851036448,-0.0314978648
train:7317,0,2.5352840424,2.5347049851,0.0005790572,0.0272537593,0.0245058510,0.0169703029,-0.0041245799,0.0080741067,-0.0115341525,0.0272537593,0.0245058510,0.0169703029,0.0027479082,0.0102834564,-0.0075355481
train:7318,0,1.9191751480,1.9185960908,0.0005790572,-0.0347657081,0.0179948781,0.0055289529,-0.0661440473,0.0015631337,-0.0229755025,0.0347657081,0.0179948781,0.0055289529,0.0167708300,0.0292367552,-0.0124659251
train:7321,0,2.4276435375,2.4270644803,0.0005790572,0.0572248820,0.0300366852,-0.0047358014,0.0258465428,0.0136049409,-0.0332402568,0.0572248820,0.0300366852,0.0047358014,0.0271881968,0.0524890806,-0.0253008839
train:7335,0,2.3256251812,2.3250461240,0.0005790572,0.0820411567,0.0355913613,-0.0057633854,0.0506628175,0.0191596169,-0.0342678409,0.0820411567,0.0355913613,0.0057633854,0.0464497954,0.0762777712,-0.0298279758
train:7338,0,-3.1689424515,-3.1695215087,0.0005790572,-0.1981493112,-0.1368334320,-0.0696648099,-0.2295276504,-0.1532651763,-0.0981692653,0.1981493112,0.1368334320,0.0696648099,0.0613158792,0.1284845013,-0.0671686221
train:7348,0,0.6191402078,0.6185611505,0.0005790572,-0.2152167436,-0.1478391912,-0.1659464575,-0.2465950828,-0.1642709356,-0.1944509130,0.2152167436,0.1478391912,0.1659464575,0.0673775524,0.0492702860,0.0181072663
train:7357,0,-0.4749772549,-0.4755563121,0.0005790572,-0.0205603417,0.0175964210,-0.0511361100,-0.0519386809,0.0011646766,-0.0796405654,0.0205603417,0.0175964210,0.0511361100,0.0029639207,-0.0305757683,0.0335396890
train:7359,0,1.0584268570,1.0578477998,0.0005790572,-0.0186762687,0.0698190901,-0.0018396117,-0.0500546079,0.0533873458,-0.0303440671,0.0186762687,0.0698190901,0.0018396117,-0.0511428214,0.0168366570,-0.0679794785
train:7369,0,1.5240545273,1.5234754700,0.0005790572,0.0875432614,-0.0023582008,0.0374516509,0.0561649222,-0.0187899451,0.0089471955,0.0875432614,0.0023582008,0.0374516509,0.0851850606,0.0500916105,0.0350934502
train:7370,0,-0.5005428195,-0.5011218767,0.0005790572,0.0084712926,-0.2131928828,-0.1901523806,-0.0229070466,-0.2296246271,-0.2186568361,0.0084712926,0.2131928828,0.1901523806,-0.2047215901,-0.1816810880,-0.0230405022
train:7371,0,2.5861253738,2.5855463166,0.0005790572,-0.0288389798,0.0002787087,-0.0118258931,-0.0602173190,-0.0161530357,-0.0403303485,0.0288389798,0.0002787087,0.0118258931,0.0285602711,0.0170130868,0.0115471844
train:7374,0,-0.7469523549,-0.7475314121,0.0005790572,-0.0952514883,0.0943996880,0.0859353207,-0.1266298275,0.0779679436,0.0574308653,0.0952514883,0.0943996880,0.0859353207,0.0008518003,0.0093161676,-0.0084643673
train:7380,0,2.3259015083,2.3253224511,0.0005790572,0.1048442248,0.0413835023,-0.0907636620,0.0734658856,0.0249517579,-0.1192681175,0.1048442248,0.0413835023,0.0907636620,0.0634607226,0.0140805628,0.0493801598
train:7385,0,-3.2813565731,-3.2819356303,0.0005790572,-0.1138759729,-0.1376488235,-0.0220314004,-0.1452543121,-0.1540805679,-0.0505358558,0.1138759729,0.1376488235,0.0220314004,-0.0237728506,0.0918445725,-0.1156174231
train:7387,0,-3.6574501991,-3.6580292564,0.0005790572,-0.0601471540,-0.0873856571,-0.0901783444,-0.0915254932,-0.1038174014,-0.1186827998,0.0601471540,0.0873856571,0.0901783444,-0.0272385031,-0.0300311904,0.0027926873
train:7390,0,0.6725527048,0.6719736476,0.0005790572,0.0044773344,0.0340550516,0.0109865330,-0.0269010048,0.0176233072,-0.0175179224,0.0044773344,0.0340550516,0.0109865330,-0.0295777172,-0.0065091986,-0.0230685186
train:7396,0,-2.7642943859,-2.7648734431,0.0005790572,-0.1550308343,-0.1254148509,-0.1111415364,-0.1864091735,-0.1418465953,-0.1396459918,0.1550308343,0.1254148509,0.1111415364,0.0296159834,0.0438892979,-0.0142733146
train:7397,0,-2.7507345676,-2.7513136249,0.0005790572,0.0044614199,0.0639729474,0.0380193256,-0.0269169193,0.0475412030,0.0095148701,0.0044614199,0.0639729474,0.0380193256,-0.0595115274,-0.0335579056,-0.0259536218
train:7400,0,0.3026793301,0.3021002729,0.0005790572,-0.0173484262,-0.0237662222,0.0083236061,-0.0487267654,-0.0401979666,-0.0201808493,0.0173484262,0.0237662222,0.0083236061,-0.0064177960,0.0090248201,-0.0154426161
train:7416,0,-0.2983345985,-0.2989136558,0.0005790572,-0.0029781338,-0.0102417495,0.0442027710,-0.0343564730,-0.0266734939,0.0156983156,0.0029781338,0.0102417495,0.0442027710,-0.0072636157,-0.0412246372,0.0339610215
train:7419,0,0.6088717580,0.6082927007,0.0005790572,-0.0064305540,-0.1435287025,0.0627155565,-0.0378088932,-0.1599604469,0.0342111010,0.0064305540,0.1435287025,0.0627155565,-0.1370981485,-0.0562850024,-0.0808131460
train:7420,0,1.1231787205,1.1225996632,0.0005790572,0.0119271401,0.0614019606,0.2252303623,-0.0194511991,0.0449702163,0.1967259068,0.0119271401,0.0614019606,0.2252303623,-0.0494748205,-0.2133032221,0.1638284016
train:7422,0,1.4287732840,1.4281942267,0.0005790572,-0.0268964645,-0.0113842513,0.0102325939,-0.0582748037,-0.0278159957,-0.0182718616,0.0268964645,0.0113842513,0.0102325939,0.0155122131,0.0166638706,-0.0011516575
train:7430,0,-1.4725728035,-1.4731518607,0.0005790572,-0.0997861501,-0.0585765865,0.0085943006,-0.1311644893,-0.0750083308,-0.0199101548,0.0997861501,0.0585765865,0.0085943006,0.0412095636,0.0911918495,-0.0499822859
train:7433,0,-0.6318603158,-0.6324393730,0.0005790572,-0.3899338421,-0.1774187710,-0.1952962019,-0.4213121813,-0.1938505154,-0.2238006573,0.3899338421,0.1774187710,0.1952962019,0.2125150710,0.1946376402,0.0178774308
train:7435,0,-5.9640588760,-5.9646379333,0.0005790572,0.1031402472,-0.4162042167,-0.1514883973,0.0717619080,-0.4326359611,-0.1799928527,0.1031402472,0.4162042167,0.1514883973,-0.3130639695,-0.0483481500,-0.2647158194
train:7441,0,-3.7005293369,-3.7011083942,0.0005790572,-0.2422305223,-0.2029657390,-0.1437715031,-0.2736088615,-0.2193974834,-0.1722759586,0.2422305223,0.2029657390,0.1437715031,0.0392647833,0.0984590191,-0.0591942359
train:7454,0,-2.0166459084,-2.0172249656,0.0005790572,-0.1409394618,-0.1449652936,-0.1085369326,-0.1723178010,-0.1613970380,-0.1370413881,0.1409394618,0.1449652936,0.1085369326,-0.0040258318,0.0324025292,-0.0364283610
train:7459,0,-0.8169662356,-0.8175452929,0.0005790572,0.0661653403,0.2505224321,0.0542336367,0.0347870011,0.2340906877,0.0257291813,0.0661653403,0.2505224321,0.0542336367,-0.1843570918,0.0119317036,-0.1962887954
train:7460,0,-0.2085127681,-0.2090918254,0.0005790572,0.0016714308,-0.0818059694,-0.0564972796,-0.0297069084,-0.0982377138,-0.0850017350,0.0016714308,0.0818059694,0.0564972796,-0.0801345386,-0.0548258487,-0.0253086899
train:7462,0,-0.0515271574,-0.0521062147,0.0005790572,-0.1381035026,-0.2056061354,-0.2063298114,-0.1694818418,-0.2220378797,-0.2348342668,0.1381035026,0.2056061354,0.2063298114,-0.0675026327,-0.0682263087,0.0007236760
train:7465,0,0.1040652990,0.1034862418,0.0005790572,0.0447284702,0.2289692808,0.1711914502,0.0133501310,0.2125375364,0.1426869948,0.0447284702,0.2289692808,0.1711914502,-0.1842408106,-0.1264629800,-0.0577778306
train:7472,0,-0.3911077082,-0.3916867655,0.0005790572,-0.1203706440,-0.1230757561,-0.1874007769,-0.1517489832,-0.1395075004,-0.2159052323,0.1203706440,0.1230757561,0.1874007769,-0.0027051121,-0.0670301329,0.0643250208
train:7475,0,1.7799340487,1.7793549914,0.0005790572,0.0314740065,-0.0078783061,0.0156501792,0.0000956673,-0.0243100505,-0.0128542762,0.0314740065,0.0078783061,0.0156501792,0.0235957004,0.0158238273,0.0077718731
train:7478,0,-2.0762856007,-2.0768646579,0.0005790572,-0.3967351791,-0.1354489353,-0.2723469473,-0.4281135183,-0.1518806796,-0.3008514028,0.3967351791,0.1354489353,0.2723469473,0.2612862438,0.1243882317,0.1368980121
train:7480,0,1.0378490686,1.0372700114,0.0005790572,-0.0941619750,-0.1351993110,-0.1633254029,-0.1255403142,-0.1516310554,-0.1918298583,0.0941619750,0.1351993110,0.1633254029,-0.0410373360,-0.0691634279,0.0281260919
train:7489,0,-0.6678119302,-0.6683909874,0.0005790572,-0.0351090308,-0.0868977334,0.0209253691,-0.0664873700,-0.1033294778,-0.0075790863,0.0351090308,0.0868977334,0.0209253691,-0.0517887026,0.0141836617,-0.0659723643
train:7495,0,1.8119035959,1.8113245387,0.0005790572,0.0363081817,0.0582785580,0.0340028070,0.0049298424,0.0418468137,0.0054983516,0.0363081817,0.0582785580,0.0340028070,-0.0219703764,0.0023053747,-0.0242757510
train:7496,0,2.6213715076,2.6207924504,0.0005790572,-0.0089689370,-0.0320682552,-0.0184277035,-0.0403472762,-0.0484999995,-0.0469321590,0.0089689370,0.0320682552,0.0184277035,-0.0230993181,-0.0094587665,-0.0136405516
train:7519,0,1.1393986940,1.1388196368,0.0005790572,0.0572302464,0.0694363091,0.0670980476,0.0258519072,0.0530045647,0.0385935921,0.0572302464,0.0694363091,0.0670980476,-0.0122060627,-0.0098678012,-0.0023382615
train:7523,0,1.4900132418,1.4894341845,0.0005790572,0.1056590203,-0.0142368104,-0.0178822018,0.0742806811,-0.0306685548,-0.0463866573,0.1056590203,0.0142368104,0.0178822018,0.0914222099,0.0877768185,0.0036453914
train:7527,0,0.6315258145,0.6309467573,0.0005790572,-0.0067537304,-0.0649170306,-0.0484152175,-0.0381320696,-0.0813487749,-0.0769196730,0.0067537304,0.0649170306,0.0484152175,-0.0581633002,-0.0416614871,-0.0165018130
train:7537,0,-2.8885791302,-2.8891581874,0.0005790572,0.0374060992,0.2351736996,0.2283975147,0.0060277600,0.2187419553,0.1998930592,0.0374060992,0.2351736996,0.2283975147,-0.1977676004,-0.1909914155,-0.0067761850
train:7538,0,2.0977902412,2.0972111840,0.0005790572,-0.0393985387,-0.0338108566,-0.0378404595,-0.0707768779,-0.0502426009,-0.0663449149,0.0393985387,0.0338108566,0.0378404595,0.0055876821,0.0015580792,0.0040296029
train:7541,0,-1.0570024252,-1.0575814824,0.0005790572,-0.1936808702,-0.3166195776,-0.1608390547,-0.2250592094,-0.3330513220,-0.1893435102,0.1936808702,0.3166195776,0.1608390547,-0.1229387075,0.0328418154,-0.1557805229
train:7542,0,-2.8141994476,-2.8147785049,0.0005790572,-0.1463237878,-0.1286132362,-0.0590322949,-0.1777021270,-0.1450449805,-0.0875367503,0.1463237878,0.1286132362,0.0590322949,0.0177105516,0.0872914929,-0.0695809413
train:7543,-1,-1.8674798012,1.5975597274,-3.4650395286,-0.0442597989,-0.0160301004,-0.0230365977,-0.0756381381,-0.0324618447,-0.0515410531,0.0442597989,0.0160301004,0.0230365977,0.0282296985,0.0212232012,0.0070064973
train:7551,0,1.7806456089,1.7800665517,0.0005790572,0.2019827489,0.1852409813,0.1065998338,0.1706044097,0.1688092370,0.0780953784,0.2019827489,0.1852409813,0.1065998338,0.0167417675,0.0953829151,-0.0786411475
train:7555,0,-3.9832522869,-3.9838313442,0.0005790572,0.0575629596,0.2085270855,0.3381253742,0.0261846204,0.1920953412,0.3096209187,0.0575629596,0.2085270855,0.3381253742,-0.1509641260,-0.2805624146,0.1295982886
train:7560,0,1.3131433725,1.3125643153,0.0005790572,-0.0756881114,-0.1410447385,-0.0368004777,-0.1070664506,-0.1574764829,-0.0653049331,0.0756881114,0.1410447385,0.0368004777,-0.0653566271,0.0388876338,-0.1042442609
train:7563,0,2.2298645973,2.2292855401,0.0005790572,0.0456894759,0.0619549725,0.0086757205,0.0143111367,0.0455232281,-0.0198287349,0.0456894759,0.0619549725,0.0086757205,-0.0162654966,0.0370137554,-0.0532792520
train:7571,0,1.0158141851,1.0152351279,0.0005790572,-0.0031680938,-0.0358546998,0.0009101890,-0.0345464330,-0.0522864442,-0.0275942664,0.0031680938,0.0358546998,0.0009101890,-0.0326866060,0.0022579048,-0.0349445108
train:7572,0,1.4465832710,1.4460042138,0.0005790572,0.0265954856,0.0354528401,0.0262041353,-0.0047828536,0.0190210957,-0.0023003202,0.0265954856,0.0354528401,0.0262041353,-0.0088573545,0.0003913503,-0.0092487048
train:7574,0,-0.4723317623,-0.4729108196,0.0005790572,-0.0280336317,0.0675988767,0.0097100399,-0.0594119709,0.0511671324,-0.0187944155,0.0280336317,0.0675988767,0.0097100399,-0.0395652450,0.0183235917,-0.0578888368
train:7575,0,-0.0915336981,-0.0921127554,0.0005790572,-0.0889841568,0.0194803897,0.0568017699,-0.1203624960,0.0030486454,0.0282973144,0.0889841568,0.0194803897,0.0568017699,0.0695037671,0.0321823869,0.0373213802
train:7578,0,-0.4319038093,-0.4324828665,0.0005790572,0.0720324639,0.1550402317,0.0985669456,0.0406541247,0.1386084873,0.0700624902,0.0720324639,0.1550402317,0.0985669456,-0.0830077678,-0.0265344817,-0.0564732861
train:7580,0,-0.2628926039,-0.2634716611,0.0005790572,-0.0585474547,-0.0910121527,-0.0144987889,-0.0899257939,-0.1074438970,-0.0430032443,0.0585474547,0.0910121527,0.0144987889,-0.0324646980,0.0440486658,-0.0765133638
train:7586,0,1.1534031630,1.1528241057,0.0005790572,-0.0529831525,0.0111925576,-0.0359772183,-0.0843614917,-0.0052391868,-0.0644816737,0.0529831525,0.0111925576,0.0359772183,0.0417905949,0.0170059342,0.0247846607
train:7592,0,-3.0654745102,-3.0660535674,0.0005790572,-0.1443532582,-0.2394571330,-0.1355377175,-0.1757315974,-0.2558888774,-0.1640421729,0.1443532582,0.2394571330,0.1355377175,-0.0951038748,0.0088155408,-0.1039194156
train:7594,0,0.1199854538,0.1194063965,0.0005790572,-0.0234727960,-0.1845523220,-0.1101771407,-0.0548511352,-0.2009840663,-0.1386815961,0.0234727960,0.1845523220,0.1101771407,-0.1610795259,-0.0867043447,-0.0743751813
train:7598,0,1.7995039225,1.7989248652,0.0005790572,0.0481474522,0.0671316359,0.0235532783,0.0167691130,0.0506998915,-0.0049511771,0.0481474522,0.0671316359,0.0235532783,-0.0189841837,0.0245941739,-0.0435783576
train:7603,0,1.4961177111,1.4955386538,0.0005790572,0.1255742434,0.1246870730,0.0624382757,0.0941959042,0.1082553286,0.0339338202,0.1255742434,0.1246870730,0.0624382757,0.0008871704,0.0631359678,-0.0622487973
train:7604,0,-0.0842133313,-0.0847923886,0.0005790572,-0.0258383107,0.0714872900,0.0885406844,-0.0572166499,0.0550555457,0.0600362290,0.0258383107,0.0714872900,0.0885406844,-0.0456489794,-0.0627023738,0.0170533944
train:7626,0,0.5553946495,0.5548155923,0.0005790572,-0.0200157043,-0.0080214169,-0.0346861817,-0.0513940435,-0.0244531613,-0.0631906371,0.0200157043,0.0080214169,0.0346861817,0.0119942874,-0.0146704774,0.0266647648
train:7635,0,-0.1754247099,-0.1760037672,0.0005790572,0.1233555946,0.0262211684,0.0981553458,0.0919772554,0.0097894240,0.0696508903,0.1233555946,0.0262211684,0.0981553458,0.0971344262,0.0252002489,0.0719341774
train:7636,0,1.5490809679,1.5485019107,0.0005790572,-0.1223448392,-0.1134862926,-0.1152877547,-0.1537231784,-0.1299180370,-0.1437922101,0.1223448392,0.1134862926,0.1152877547,0.0088585466,0.0070570845,0.0018014621
train:7642,0,-0.0105997128,-0.0111787701,0.0005790572,-0.0110169554,0.0098912736,0.0255612368,-0.0423952946,-0.0065404707,-0.0029432187,0.0110169554,0.0098912736,0.0255612368,0.0011256818,-0.0145442814,0.0156699631
train:7645,0,-4.0123553276,-4.0129343848,0.0005790572,0.2734159354,0.0681807969,0.1891006492,0.2420375962,0.0517490525,0.1605961938,0.2734159354,0.0681807969,0.1891006492,0.2052351385,0.0843152862,0.1209198523
train:7646,0,2.9805769920,2.9799979348,0.0005790572,0.0226379756,-0.0101244476,-0.0907991864,-0.0087403636,-0.0265561919,-0.1193036418,0.0226379756,0.0101244476,0.0907991864,0.0125135280,-0.0681612108,0.0806747388
train:7650,0,1.2029917240,1.2024126668,0.0005790572,0.3197141413,0.1268231843,0.0545280240,0.2883358021,0.1103914399,0.0260235686,0.3197141413,0.1268231843,0.0545280240,0.1928909570,0.2651861172,-0.0722951602
train:7654,0,-0.6085443497,-0.6091234069,0.0005790572,-0.5872262817,-0.6304027837,-0.6186877303,-0.6186046209,-0.6468345281,-0.6471921857,0.5872262817,0.6304027837,0.6186877303,-0.0431765020,-0.0314614486,-0.0117150534
train:7657,0,1.2507308722,1.2501518149,0.0005790572,0.0000968102,-0.0166612890,0.0180115961,-0.0312815290,-0.0330930333,-0.0104928594,0.0000968102,0.0166612890,0.0180115961,-0.0165644787,-0.0179147858,0.0013503071
train:7661,0,2.9187417030,2.9181626458,0.0005790572,0.0495606784,0.1225354645,0.0284658931,0.0181823392,0.1061037202,-0.0000385623,0.0495606784,0.1225354645,0.0284658931,-0.0729747862,0.0210947852,-0.0940695714
train:7677,0,-2.8752770424,-2.8758560996,0.0005790572,-0.0863951322,-0.1085991886,-0.0311776139,-0.1177734714,-0.1250309329,-0.0596820693,0.0863951322,0.1085991886,0.0311776139,-0.0222040564,0.0552175183,-0.0774215747
train:7681,0,-4.1631689072,-4.1637479644,0.0005790572,0.3358429793,0.2852394555,0.2408803962,0.3044646401,0.2688077111,0.2123759408,0.3358429793,0.2852394555,0.2408803962,0.0506035239,0.0949625831,-0.0443590593
train:7684,0,-1.1781086922,-1.1786877494,0.0005790572,-0.2210793968,-0.1892022517,-0.0855760314,-0.2524577360,-0.2056339960,-0.1140804868,0.2210793968,0.1892022517,0.0855760314,0.0318771452,0.1355033655,-0.1036262203
train:7687,0,-2.5229210854,-2.5235001426,0.0005790572,-0.4676550504,-0.6058814552,-0.4233451821,-0.4990333896,-0.6223131995,-0.4518496375,0.4676550504,0.6058814552,0.4233451821,-0.1382264048,0.0443098683,-0.1825362731
train:7693,0,0.2538371682,0.2532581110,0.0005790572,0.0553405706,0.0562496457,0.0752461217,0.0239622314,0.0398179014,0.0467416663,0.0553405706,0.0562496457,0.0752461217,-0.0009090751,-0.0199055512,0.0189964760
train:7699,0,0.6046299338,0.6040508766,0.0005790572,-0.0408449050,0.0411740515,0.0290860794,-0.0722232442,0.0247423072,0.0005816240,0.0408449050,0.0411740515,0.0290860794,-0.0003291465,0.0117588256,-0.0120879721
train:7701,-1,-3.2214443684,0.2435951602,-3.4650395286,-0.0715009991,-0.0491469476,-0.0313814267,-0.1028793383,-0.0655786920,-0.0598858822,0.0715009991,0.0491469476,0.0313814267,0.0223540515,0.0401195724,-0.0177655209
train:7707,0,-0.3749599457,-0.3755390029,0.0005790572,-0.0666741904,-0.1612910058,-0.0654242374,-0.0980525296,-0.1777227502,-0.0939286928,0.0666741904,0.1612910058,0.0654242374,-0.0946168154,0.0012499530,-0.0958667684
train:7709,0,0.7016720176,0.7010929603,0.0005790572,0.0952239159,0.0311565373,0.0263216756,0.0638455767,0.0147247929,-0.0021827798,0.0952239159,0.0311565373,0.0263216756,0.0640673786,0.0689022403,-0.0048348617
train:7716,-2,-9.1209335327,-2.1902754183,-6.9306581144,-0.2537649046,-0.1036935370,-0.1546327106,-0.2851432438,-0.1201252814,-0.1831371661,0.2537649046,0.1036935370,0.1546327106,0.1500713676,0.0991321940,0.0509391736
train:7717,0,1.8306076527,1.8300285954,0.0005790572,-0.0325312492,-0.0220668342,-0.1272747256,-0.0639095884,-0.0384985786,-0.1557791810,0.0325312492,0.0220668342,0.1272747256,0.0104644150,-0.0947434764,0.1052078914
train:7722,0,-4.3700108528,-4.3705899101,0.0005790572,-0.0116354104,-0.1514847305,-0.1680160500,-0.0430137496,-0.1679164748,-0.1965205055,0.0116354104,0.1514847305,0.1680160500,-0.1398493201,-0.1563806396,0.0165313195
train:7723,0,2.2636122704,2.2630332131,0.0005790572,-0.0110260125,0.0568711732,-0.0593842007,-0.0424043517,0.0404394288,-0.0878886562,0.0110260125,0.0568711732,0.0593842007,-0.0458451606,-0.0483581882,0.0025130276
train:7726,0,-1.9213585854,-1.9219376426,0.0005790572,-0.2417405721,-0.3415275838,-0.1758594252,-0.2731189113,-0.3579593282,-0.2043638807,0.2417405721,0.3415275838,0.1758594252,-0.0997870117,0.0658811469,-0.1656681586
train:7732,0,0.5475599766,0.5469809193,0.0005790572,0.1244599644,0.1170732949,0.1647715233,0.0930816252,0.1006415505,0.1362670679,0.1244599644,0.1170732949,0.1647715233,0.0073866695,-0.0403115589,0.0476982284
train:7736,0,0.6188682914,0.6182892341,0.0005790572,0.0274120692,-0.0144638445,0.0180953406,-0.0039662700,-0.0308955889,-0.0104091149,0.0274120692,0.0144638445,0.0180953406,0.0129482247,0.0093167286,0.0036314960
train:7743,0,1.8267486095,1.8261695523,0.0005790572,0.0368123177,-0.0069363143,0.0006741546,0.0054339785,-0.0233680587,-0.0278303008,0.0368123177,0.0069363143,0.0006741546,0.0298760034,0.0361381631,-0.0062621597
train:7746,0,1.9797397852,1.9791607280,0.0005790572,-0.0062074538,0.0209852431,0.0104394220,-0.0375857930,0.0045534987,-0.0180650335,0.0062074538,0.0209852431,0.0104394220,-0.0147777892,-0.0042319681,-0.0105458211
train:7750,-2,-7.3372688293,-0.4066107150,-6.9306581144,-0.1015561592,-0.2270181697,-0.0922289125,-0.1329344984,-0.2434499140,-0.1207333680,0.1015561592,0.2270181697,0.0922289125,-0.1254620105,0.0093272466,-0.1347892571
train:7754,0,-3.3213446140,-3.3219236713,0.0005790572,-0.1196819421,-0.1457700756,-0.0713404156,-0.1510602813,-0.1622018199,-0.0998448711,0.1196819421,0.1457700756,0.0713404156,-0.0260881335,0.0483415265,-0.0744296599
train:7761,-1,-4.4466547966,-0.9816152680,-3.4650395286,-0.1069939855,-0.0681669984,-0.0222895130,-0.1383723247,-0.0845987428,-0.0507939685,0.1069939855,0.0681669984,0.0222895130,0.0388269871,0.0847044725,-0.0458774854
train:7765,0,2.2656662464,2.2650871892,0.0005790572,-0.0198534604,-0.0095374610,-0.0579956509,-0.0512317996,-0.0259692054,-0.0865001064,0.0198534604,0.0095374610,0.0579956509,0.0103159994,-0.0381421905,0.0484581899
train:7767,0,1.8225435019,1.8219644446,0.0005790572,-0.0533600923,0.0753592227,-0.0340237357,-0.0847384315,0.0589274783,-0.0625281911,0.0533600923,0.0753592227,0.0340237357,-0.0219991304,0.0193363566,-0.0413354870
train:7774,0,1.6857149601,1.6851359029,0.0005790572,0.0422072533,0.0240327094,0.0295911096,0.0108289141,0.0076009650,0.0010866542,0.0422072533,0.0240327094,0.0295911096,0.0181745440,0.0126161437,0.0055584002
train:7778,0,1.5089678764,1.5083888192,0.0005790572,0.0867012862,0.1767721150,0.0804223083,0.0553229470,0.1603403706,0.0519178529,0.0867012862,0.1767721150,0.0804223083,-0.0900708288,0.0062789779,-0.0963498067
train:7781,0,2.7717618942,2.7711828370,0.0005790572,-0.0964614030,0.0022900078,-0.0846591927,-0.1278397422,-0.0141417365,-0.1131636482,0.0964614030,0.0022900078,0.0846591927,0.0941713952,0.0118022103,0.0823691849
train:7784,0,0.6015874147,0.6010083575,0.0005790572,-0.0192534801,0.0173161600,-0.0100115277,-0.0506318193,0.0008844156,-0.0385159831,0.0192534801,0.0173161600,0.0100115277,0.0019373201,0.0092419524,-0.0073046323
train:7789,0,1.6396515369,1.6390724797,0.0005790572,0.1246587161,0.0360741589,0.1706881784,0.0932803769,0.0196424145,0.1421837230,0.1246587161,0.0360741589,0.1706881784,0.0885845572,-0.0460294623,0.1346140195
train:7790,0,1.0057491064,1.0051700492,0.0005790572,0.1283584360,-0.0205341604,0.0233464502,0.0969800968,-0.0369659047,-0.0051580053,0.1283584360,0.0205341604,0.0233464502,0.1078242756,0.1050119858,0.0028122898
train:7797,0,-0.7395131588,-0.7400922160,0.0005790572,-0.0119911905,0.0426729295,-0.0494142510,-0.0433695297,0.0262411852,-0.0779187064,0.0119911905,0.0426729295,0.0494142510,-0.0306817390,-0.0374230605,0.0067413215
train:7798,0,1.8946779966,1.8940989394,0.0005790572,0.1496168498,0.1300119135,0.0516814254,0.1182385106,0.1135801692,0.0231769700,0.1496168498,0.1300119135,0.0516814254,0.0196049362,0.0979354244,-0.0783304881
train:7800,0,-3.4255568981,-3.4261359554,0.0005790572,0.0340954188,0.2084989522,0.2208625339,0.0027170796,0.1920672078,0.1923580785,0.0340954188,0.2084989522,0.2208625339,-0.1744035333,-0.1867671151,0.0123635817
train:7803,0,-4.1329941750,-4.1335732322,0.0005790572,0.2819599036,0.0478246186,0.2527221702,0.2505815644,0.0313928742,0.2242177148,0.2819599036,0.0478246186,0.2527221702,0.2341352850,0.0292377334,0.2048975516
train:7807,0,1.1086360216,1.1080569644,0.0005790572,0.0696369532,-0.0282771614,0.0001325868,0.0382586140,-0.0447089057,-0.0283718686,0.0696369532,0.0282771614,0.0001325868,0.0413597919,0.0695043664,-0.0281445745
train:7811,0,1.2663044930,1.2657254357,0.0005790572,0.0746042851,0.1321505282,0.1781977676,0.0432259459,0.1157187838,0.1496933121,0.0746042851,0.1321505282,0.1781977676,-0.0575462431,-0.1035934825,0.0460472394
train:7813,0,2.5448665619,2.5442875047,0.0005790572,0.0792077903,0.0736818287,0.1006864570,0.0478294511,0.0572500844,0.0721820016,0.0792077903,0.0736818287,0.1006864570,0.0055259615,-0.0214786667,0.0270046283
train:7814,0,0.6041573286,0.6035782714,0.0005790572,-0.1643380996,0.0603904102,0.0206365250,-0.1957164388,0.0439586658,-0.0078679304,0.1643380996,0.0603904102,0.0206365250,0.1039476894,0.1437015746,-0.0397538852
train:7819,0,1.2308061123,1.2302270551,0.0005790572,0.0254342679,0.0384352181,-0.0201142766,-0.0059440713,0.0220034737,-0.0486187320,0.0254342679,0.0384352181,0.0201142766,-0.0130009502,0.0053199913,-0.0183209415
train:7822,0,0.1695648581,0.1689858008,0.0005790572,0.0245068643,0.1232690114,0.0210248791,-0.0068714749,0.1068372671,-0.0074795764,0.0245068643,0.1232690114,0.0210248791,-0.0987621471,0.0034819852,-0.1022441324
train:7825,0,1.5705227852,1.5699437279,0.0005790572,0.0792815808,-0.0070446756,0.0031105541,0.0479032416,-0.0234764199,-0.0253939014,0.0792815808,0.0070446756,0.0031105541,0.0722369052,0.0761710267,-0.0039341215
train:7826,0,0.0584168956,0.0578378383,0.0005790572,-0.0395147454,-0.1031548780,-0.0735811852,-0.0708930846,-0.1195866223,-0.1020856406,0.0395147454,0.1031548780,0.0735811852,-0.0636401325,-0.0340664398,-0.0295736928
train:7842,0,1.0500453711,1.0494663138,0.0005790572,-0.0002373334,-0.0588175085,-0.0380094983,-0.0316156726,-0.0752492528,-0.0665139537,0.0002373334,0.0588175085,0.0380094983,-0.0585801750,-0.0377721649,-0.0208080102
train:7850,0,1.4177232981,1.4171442408,0.0005790572,-0.1713757392,-0.1482731130,-0.1391948201,-0.2027540784,-0.1647048574,-0.1676992755,0.1713757392,0.1482731130,0.1391948201,0.0231026262,0.0321809191,-0.0090782929
train:7852,0,0.6550160646,0.6544370074,0.0005790572,0.0162865642,-0.0195602801,-0.0291110016,-0.0150917750,-0.0359920244,-0.0576154571,0.0162865642,0.0195602801,0.0291110016,-0.0032737158,-0.0128244374,0.0095507216
train:7854,0,0.8442541957,0.8436751385,0.0005790572,0.0187272552,0.0166763637,-0.0471290685,-0.0126510840,0.0002446193,-0.0756335240,0.0187272552,0.0166763637,0.0471290685,0.0020508915,-0.0284018133,0.0304527048
train:7864,0,-2.8618693352,-2.8624483924,0.0005790572,-0.5872753736,-0.6686179664,-0.7281335331,-0.6186537128,-0.6850497108,-0.7566379886,0.5872753736,0.6686179664,0.7281335331,-0.0813425928,-0.1408581596,0.0595155667
train:7867,0,1.6634086370,1.6628295798,0.0005790572,0.0149235848,0.0619858477,-0.0123934485,-0.0164547544,0.0455541034,-0.0408979039,0.0149235848,0.0619858477,0.0123934485,-0.0470622629,0.0025301363,-0.0495923992
train:7870,0,1.2863876820,1.2858086247,0.0005790572,0.1155511264,-0.0109531906,-0.0079220273,0.0841727872,-0.0273849349,-0.0364264827,0.1155511264,0.0109531906,0.0079220273,0.1045979358,0.1076290991,-0.0030311633
train:7876,0,1.7719360590,1.7713570018,0.0005790572,0.0737445477,0.0825887892,0.0419321321,0.0423662085,0.0661570449,0.0134276767,0.0737445477,0.0825887892,0.0419321321,-0.0088442415,0.0318124156,-0.0406566571
train:7878,0,2.1947367191,2.1941576619,0.0005790572,0.1035446051,-0.0047626522,-0.0663796403,0.0721662659,-0.0211943965,-0.0948840957,0.1035446051,0.0047626522,0.0663796403,0.0987819530,0.0371649649,0.0616169881
train:7881,0,-2.2750058174,-2.2755848747,0.0005790572,-0.0933617231,-0.0084497955,-0.0562497117,-0.1247400623,-0.0248815398,-0.0847541671,0.0933617231,0.0084497955,0.0562497117,0.0849119276,0.0371120114,0.0477999162
train:7883,-1,-8.3016567230,-4.8366171944,-3.4650395286,-0.5198375110,-0.6304028306,-0.4230924830,-0.5512158502,-0.6468345750,-0.4515969384,0.5198375110,0.6304028306,0.4230924830,-0.1105653197,0.0967450280,-0.2073103476
train:7884,0,-1.9646099806,-1.9651890378,0.0005790572,-0.0361796495,-0.0101531770,0.0042501949,-0.0675579887,-0.0265849214,-0.0242542606,0.0361796495,0.0101531770,0.0042501949,0.0260264724,0.0319294546,-0.0059029821
train:7891,0,3.3891158104,3.3885367532,0.0005790572,0.1028758410,0.0118730042,0.0762161277,0.0714975018,-0.0045587402,0.0477116723,0.1028758410,0.0118730042,0.0762161277,0.0910028368,0.0266597133,0.0643431235
train:7900,0,2.3312730789,2.3306940217,0.0005790572,0.1727315310,-0.0103175666,0.0176924728,0.1413531918,-0.0267493110,-0.0108119827,0.1727315310,0.0103175666,0.0176924728,0.1624139644,0.1550390582,0.0073749062
train:7904,0,0.6020059586,0.6014269013,0.0005790572,-0.1420979973,-0.0340526726,-0.0621393062,-0.1734763365,-0.0504844170,-0.0906437617,0.1420979973,0.0340526726,0.0621393062,0.1080453247,0.0799586911,0.0280866336
train:7908,0,2.1170434952,2.1164644379,0.0005790572,-0.0953186628,-0.1287062194,-0.1816764809,-0.1266970020,-0.1451379638,-0.2101809364,0.0953186628,0.1287062194,0.1816764809,-0.0333875567,-0.0863578182,0.0529702615
train:7909,0,-2.6961996555,-2.6967787128,0.0005790572,-0.0186654206,-0.0136508968,0.0496002696,-0.0500437598,-0.0300826411,0.0210958142,0.0186654206,0.0136508968,0.0496002696,0.0050145239,-0.0309348490,0.0359493729
train:7910,0,1.0957263708,1.0951473136,0.0005790572,0.0137027625,-0.0290398624,-0.0774074532,-0.0176755767,-0.0454716068,-0.1059119086,0.0137027625,0.0290398624,0.0774074532,-0.0153370999,-0.0637046907,0.0483675908
train:7921,0,-0.3293123543,-0.3298914116,0.0005790572,0.1011789564,0.0002944741,0.1622343026,0.0698006172,-0.0161372702,0.1337298472,0.1011789564,0.0002944741,0.1622343026,0.1008844823,-0.0610553462,0.1619398285
train:7925,0,2.9736995697,2.9731205125,0.0005790572,0.0197473887,0.0112516854,0.0117563270,-0.0116309505,-0.0051800590,-0.0167481284,0.0197473887,0.0112516854,0.0117563270,0.0084957033,0.0079910617,0.0005046416
train:7927,0,2.6507031918,2.6501241345,0.0005790572,-0.0372465726,-0.0330407646,-0.0577279069,-0.0686249118,-0.0494725089,-0.0862323623,0.0372465726,0.0330407646,0.0577279069,0.0042058080,-0.0204813342,0.0246871423
train:7931,0,2.2024831772,2.2019041199,0.0005790572,0.0007237319,0.0050849888,-0.0150991417,-0.0306546073,-0.0113467555,-0.0436035972,0.0007237319,0.0050849888,0.0150991417,-0.0043612570,-0.0143754099,0.0100141529
train:7932,0,1.3131475449,1.3125684876,0.0005790572,0.0356801871,0.0241092417,-0.0607763268,0.0043018479,0.0076774974,-0.0892807822,0.0356801871,0.0241092417,0.0607763268,0.0115709454,-0.0250961397,0.0366670851
train:7942,0,-0.4932824969,-0.4938615542,0.0005790572,-0.1501210805,-0.0620059099,-0.1344530918,-0.1814994197,-0.0784376543,-0.1629575472,0.1501210805,0.0620059099,0.1344530918,0.0881151706,0.0156679887,0.0724471819
train:7947,0,0.4998117685,0.4992327113,0.0005790572,0.0266502026,-0.0300191071,0.0201546811,-0.0047281366,-0.0464508515,-0.0083497744,0.0266502026,0.0300191071,0.0201546811,-0.0033689045,0.0064955216,-0.0098644260
train:7950,0,-0.1519054025,-0.1524844598,0.0005790572,-0.0100452852,0.0170888130,0.0159709118,-0.0414236244,0.0006570686,-0.0125335436,0.0100452852,0.0170888130,0.0159709118,-0.0070435278,-0.0059256267,-0.0011179011
train:7951,0,-0.7110412717,-0.7116203289,0.0005790572,-0.1589856025,-0.1392295983,-0.1018323041,-0.1903639417,-0.1556613426,-0.1303367596,0.1589856025,0.1392295983,0.1018323041,0.0197560042,0.0571532983,-0.0373972941
train:7954,0,-0.4584853053,-0.4590643625,0.0005790572,0.0839075569,0.1631858323,0.3132842444,0.0525292177,0.1467540879,0.2847797889,0.0839075569,0.1631858323,0.3132842444,-0.0792782754,-0.2293766875,0.1500984121
train:7957,0,0.6054725647,0.6048935075,0.0005790572,-0.0089926001,0.0666386459,0.0401324891,-0.0403709393,0.0502069015,0.0116280336,0.0089926001,0.0666386459,0.0401324891,-0.0576460458,-0.0311398890,-0.0265061568
train:7958,0,-2.4518232346,-2.4524022918,0.0005790572,0.0072502021,0.0311548684,0.1854571365,-0.0241281371,0.0147231240,0.1569526810,0.0072502021,0.0311548684,0.1854571365,-0.0239046663,-0.1782069344,0.1543022681
train:7960,0,-1.8464000225,-1.8469790797,0.0005790572,-0.0271887656,0.2002181981,0.2225362323,-0.0585671048,0.1837864537,0.1940317769,0.0271887656,0.2002181981,0.2225362323,-0.1730294324,-0.1953474667,0.0223180343
train:7962,0,-3.1275627613,-3.1281418185,0.0005790572,0.1646775130,0.1194071744,0.0801407360,0.1332991738,0.1029754300,0.0516362805,0.1646775130,0.1194071744,0.0801407360,0.0452703387,0.0845367771,-0.0392664384
train:7963,0,-6.2729077339,-6.2734867912,0.0005790572,-0.1296087381,-0.0880906608,0.0357812904,-0.1609870773,-0.1045224052,0.0072768349,0.1296087381,0.0880906608,0.0357812904,0.0415180773,0.0938274477,-0.0523093704
train:7971,0,0.0545172170,0.0539381597,0.0005790572,-0.0015147653,0.0771179322,0.0286814757,-0.0328931045,0.0606861878,0.0001770202,0.0015147653,0.0771179322,0.0286814757,-0.0756031670,-0.0271667104,-0.0484364565
train:7977,0,-0.5241755843,-0.5247546416,0.0005790572,0.1335191850,0.1279075716,0.1753189228,0.1021408458,0.1114758272,0.1468144674,0.1335191850,0.1279075716,0.1753189228,0.0056116134,-0.0417997379,0.0474113513
train:7981,-1,-1.0620366335,2.4030028951,-3.4650395286,0.0482213374,0.1036411252,0.0392448917,0.0168429982,0.0872093808,0.0107404363,0.0482213374,0.1036411252,0.0392448917,-0.0554197878,0.0089764457,-0.0643962335
train:7985,0,0.8483170867,0.8477380295,0.0005790572,0.0663259748,0.0169001195,0.0765586756,0.0349476356,0.0004683752,0.0480542202,0.0663259748,0.0169001195,0.0765586756,0.0494258553,-0.0102327008,0.0596585561
train:7991,0,-2.9871246815,-2.9877037387,0.0005790572,-0.2610996839,-0.1608810451,-0.1763437726,-0.2924780231,-0.1773127895,-0.2048482280,0.2610996839,0.1608810451,0.1763437726,0.1002186388,0.0847559113,0.0154627275
train:7993,0,0.8744773865,0.8738983292,0.0005790572,-0.0706646916,-0.0022915032,-0.0421744920,-0.1020430308,-0.0187232476,-0.0706789475,0.0706646916,0.0022915032,0.0421744920,0.0683731884,0.0284901995,0.0398829888
train:7994,0,0.9658470750,0.9652680177,0.0005790572,0.0331769708,-0.0487988617,0.0362675451,0.0017986316,-0.0652306061,0.0077630896,0.0331769708,0.0487988617,0.0362675451,-0.0156218909,-0.0030905742,-0.0125313167
train:7995,0,0.6732975245,0.6727184672,0.0005790572,-0.1965545889,-0.2900403764,-0.1679848172,-0.2279329281,-0.3064721208,-0.1964892726,0.1965545889,0.2900403764,0.1679848172,-0.0934857875,0.0285697717,-0.1220555592
train:7996,0,0.2344732434,0.2338941861,0.0005790572,-0.1329118040,-0.2945361611,-0.2593540736,-0.1642901432,-0.3109679054,-0.2878585290,0.1329118040,0.2945361611,0.2593540736,-0.1616243571,-0.1264422696,-0.0351820875
train:8014,0,0.9267187119,0.9261396546,0.0005790572,-0.0560971376,-0.0319602516,-0.0284637548,-0.0874754768,-0.0483919959,-0.0569682102,0.0560971376,0.0319602516,0.0284637548,0.0241368860,0.0276333828,-0.0034964968
train:8020,0,2.1428217888,2.1422427315,0.0005790572,0.0236934546,0.1041545842,0.0513245128,-0.0076848846,0.0877228398,0.0228200574,0.0236934546,0.1041545842,0.0513245128,-0.0804611295,-0.0276310582,-0.0528300714
train:8021,0,-0.9332187772,-0.9337978344,0.0005790572,0.0361087445,0.0514534686,-0.0192301609,0.0047304053,0.0350217242,-0.0477346163,0.0361087445,0.0514534686,0.0192301609,-0.0153447241,0.0168785836,-0.0322233077
train:8022,0,0.2047442496,0.2041651923,0.0005790572,0.0113611642,-0.0518336620,-0.0669071414,-0.0200171750,-0.0682654064,-0.0954115968,0.0113611642,0.0518336620,0.0669071414,-0.0404724978,-0.0555459771,0.0150734793
train:8036,0,0.5166358948,0.5160568375,0.0005790572,-0.1139615651,-0.0605732825,-0.2324861027,-0.1453399043,-0.0770050268,-0.2609905582,0.1139615651,0.0605732825,0.2324861027,0.0533882827,-0.1185245376,0.1719128203
train:8038,0,-2.0311763287,-2.0317553859,0.0005790572,-0.0078205939,-0.0924547937,-0.0693146922,-0.0391989331,-0.1088865381,-0.0978191476,0.0078205939,0.0924547937,0.0693146922,-0.0846341997,-0.0614940982,-0.0231401015
train:8041,0,0.1498478651,0.1492688079,0.0005790572,0.0901508231,-0.0894101288,-0.0596623607,0.0587724839,-0.1058418732,-0.0881668161,0.0901508231,0.0894101288,0.0596623607,0.0007406942,0.0304884624,-0.0297477681
train:8044,0,2.3101539612,2.3095749039,0.0005790572,0.0088766936,0.0553460095,-0.1063261963,-0.0225016456,0.0389142651,-0.1348306518,0.0088766936,0.0553460095,0.1063261963,-0.0464693159,-0.0974495027,0.0509801868
train:8045,0,0.2014106214,0.2008315642,0.0005790572,-0.0516316470,-0.0412730899,-0.0219020881,-0.0830099862,-0.0577048342,-0.0504065435,0.0516316470,0.0412730899,0.0219020881,0.0103585571,0.0297295589,-0.0193710018
train:8052,0,-5.7422413826,-5.7428204398,0.0005790572,-5.1008845445,-3.3960711982,-5.1468975879,-5.1322628837,-3.4125029426,-5.1754020434,5.1008845445,3.3960711982,5.1468975879,1.7048133463,-0.0460130434,1.7508263897
train:8058,0,1.3057206869,1.3051416297,0.0005790572,-0.0471824285,-0.0284224775,-0.0358013846,-0.0785607677,-0.0448542218,-0.0643058400,0.0471824285,0.0284224775,0.0358013846,0.0187599510,0.0113810439,0.0073789071
train:8059,0,-0.6119492650,-0.6125283222,0.0005790572,-0.4183791753,-0.3857467201,-0.1995093562,-0.4497575145,-0.4021784644,-0.2280138116,0.4183791753,0.3857467201,0.1995093562,0.0326324552,0.2188698191,-0.1862373639
train:8061,0,0.4616421759,0.4610631187,0.0005790572,0.1446134571,-0.0072055783,-0.0125802197,0.1132351179,-0.0236373227,-0.0410846751,0.1446134571,0.0072055783,0.0125802197,0.1374078788,0.1320332374,0.0053746413
train:8062,0,2.8573334217,2.8567543645,0.0005790572,0.0202754859,0.1185762856,0.0735651515,-0.0111028533,0.1021445412,0.0450606961,0.0202754859,0.1185762856,0.0735651515,-0.0983007997,-0.0532896657,-0.0450111341
train:8065,0,2.2201397419,2.2195606847,0.0005790572,0.0768641356,-0.0496523406,-0.0150519349,0.0454857964,-0.0660840850,-0.0435563903,0.0768641356,0.0496523406,0.0150519349,0.0272117950,0.0618122008,-0.0346004058
train:8070,0,-0.6467397213,-0.6473187785,0.0005790572,-0.0730495330,-0.0279343154,-0.0898440816,-0.1044278722,-0.0443660598,-0.1183485370,0.0730495330,0.0279343154,0.0898440816,0.0451152176,-0.0167945485,0.0619097661
train:8074,0,0.5584889650,0.5579099078,0.0005790572,0.0685445193,0.1578912411,0.0875739120,0.0371661801,0.1414594967,0.0590694566,0.0685445193,0.1578912411,0.0875739120,-0.0893467218,-0.0190293927,-0.0703173291
train:8075,0,1.6718988419,1.6713197846,0.0005790572,0.0076584939,-0.0576475885,-0.0735139586,-0.0237198453,-0.0740793329,-0.1020184140,0.0076584939,0.0576475885,0.0735139586,-0.0499890946,-0.0658554647,0.0158663701
train:8079,0,1.9129188061,1.9123397488,0.0005790572,0.0676502112,-0.0799465206,-0.0036470629,0.0362718720,-0.0963782649,-0.0321515184,0.0676502112,0.0799465206,0.0036470629,-0.0122963093,0.0640031483,-0.0762994576
train:8086,0,0.1227901652,0.1222111080,0.0005790572,-0.2527648907,-0.2984688830,-0.3230012916,-0.2841432299,-0.3149006273,-0.3515057470,0.2527648907,0.2984688830,0.3230012916,-0.0457039922,-0.0702364009,0.0245324086
train:8091,0,-0.2012648433,-0.2018439006,0.0005790572,-0.1829753470,-0.1010825437,0.0049959980,-0.2143536862,-0.1175142880,-0.0235084574,0.1829753470,0.1010825437,0.0049959980,0.0818928033,0.1779793490,-0.0960865457
train:8097,0,-1.8304597139,-1.8310387712,0.0005790572,-0.0481824752,0.2241049979,0.1303104423,-0.0795608144,0.2076732535,0.1018059869,0.0481824752,0.2241049979,0.1303104423,-0.1759225227,-0.0821279671,-0.0937945556
train:8098,0,1.0280140638,1.0274350066,0.0005790572,-0.0441827651,-0.1255110528,-0.1983669735,-0.0755611043,-0.1419427972,-0.2268714290,0.0441827651,0.1255110528,0.1983669735,-0.0813282877,-0.1541842084,0.0728559207
train:8104,0,1.2183911800,1.2178121228,0.0005790572,-0.0025337812,0.0586518023,-0.0316551663,-0.0339121204,0.0422200579,-0.0601596217,0.0025337812,0.0586518023,0.0316551663,-0.0561180211,-0.0291213851,-0.0269966360
train:8106,0,3.1872584820,3.1866794247,0.0005790572,-0.1355665799,-0.0840325382,-0.1016455628,-0.1669449191,-0.1004642825,-0.1301500182,0.1355665799,0.0840325382,0.1016455628,0.0515340418,0.0339210171,0.0176130246
train:8107,0,0.1201295927,0.1195505355,0.0005790572,0.1198584858,0.1218917567,0.2337028570,0.0884801466,0.1054600124,0.2051984016,0.1198584858,0.1218917567,0.2337028570,-0.0020332709,-0.1138443712,0.1118111003
train:8115,0,1.2852010727,1.2846220155,0.0005790572,-0.0178499099,-0.0764963653,-0.0472687222,-0.0492282491,-0.0929281097,-0.0757731776,0.0178499099,0.0764963653,0.0472687222,-0.0586464554,-0.0294188123,-0.0292276431
train:8116,0,-1.3126376867,-1.3132167440,0.0005790572,0.2920270089,0.0803264353,0.0840009712,0.2606486697,0.0638946910,0.0554965157,0.2920270089,0.0803264353,0.0840009712,0.2117005736,0.2080260377,0.0036745358
train:8118,0,-1.1891648769,-1.1897439342,0.0005790572,0.0613633517,0.0336437199,0.0622185729,0.0299850125,0.0172119756,0.0337141175,0.0613633517,0.0336437199,0.0622185729,0.0277196318,-0.0008552212,0.0285748530
train:8120,-1,-2.9963324070,0.4687071216,-3.4650395286,-0.0973361257,-0.0377587352,0.0541773454,-0.1287144649,-0.0541904796,0.0256728899,0.0973361257,0.0377587352,0.0541773454,0.0595773906,0.0431587804,0.0164186102
train:8122,0,2.8696990013,2.8691199441,0.0005790572,0.1212870005,0.0791075203,0.0840176605,0.0899086613,0.0626757760,0.0555132050,0.1212870005,0.0791075203,0.0840176605,0.0421794802,0.0372693401,0.0049101401
train:8129,0,0.3536430895,0.3530640323,0.0005790572,-0.0637881037,-0.0454529550,-0.0357893147,-0.0951664429,-0.0618846994,-0.0642937701,0.0637881037,0.0454529550,0.0357893147,0.0183351487,0.0279987890,-0.0096636403
train:8133,0,1.7389595509,1.7383804936,0.0005790572,-0.0852345105,-0.0182225730,-0.0995683409,-0.1166128497,-0.0346543174,-0.1280727964,0.0852345105,0.0182225730,0.0995683409,0.0670119375,-0.0143338304,0.0813457679
train:8148,0,1.6368923187,1.6363132615,0.0005790572,0.1248464707,0.0515537236,-0.0150651671,0.0934681315,0.0351219792,-0.0435696225,0.1248464707,0.0515537236,0.0150651671,0.0732927471,0.1097813036,-0.0364885565
train:8152,0,0.7658362985,0.7652572412,0.0005790572,0.0404864076,0.0860733960,0.0277868174,0.0091080684,0.0696416516,-0.0007176380,0.0404864076,0.0860733960,0.0277868174,-0.0455869883,0.0126995902,-0.0582865786
train:8154,0,1.5032848120,1.5027057547,0.0005790572,0.1282483462,0.0595025990,0.1808103584,0.0968700070,0.0430708546,0.1523059029,0.1282483462,0.0595025990,0.1808103584,0.0687457472,-0.0525620122,0.1213077594
train:8159,0,-0.6276966333,-0.6282756906,0.0005790572,0.0287658099,0.0484918926,-0.0306930281,-0.0026125293,0.0320601482,-0.0591974836,0.0287658099,0.0484918926,0.0306930281,-0.0197260827,-0.0019272182,-0.0177988645
train:8167,0,-2.7152411938,-2.7158202510,0.0005790572,0.0516201381,0.0738353703,0.1280693077,0.0202417989,0.0574036259,0.0995648522,0.0516201381,0.0738353703,0.1280693077,-0.0222152323,-0.0764491696,0.0542339373
train:8169,0,-1.9824959040,-1.9830749612,0.0005790572,0.0398336772,-0.0264958169,0.0479476713,0.0084553380,-0.0429275613,0.0194432158,0.0398336772,0.0264958169,0.0479476713,0.0133378602,-0.0081139941,0.0214518543
train:8173,-1,-2.2757425308,1.1892969977,-3.4650395286,0.1316182491,0.0532812800,0.0567451731,0.1002399099,0.0368495357,0.0282407176,0.1316182491,0.0532812800,0.0567451731,0.0783369690,0.0748730760,0.0034638930
train:8179,0,-0.7390456200,-0.7396246772,0.0005790572,-0.1038190004,-0.1286202099,-0.2054244019,-0.1351973396,-0.1450519543,-0.2339288573,0.1038190004,0.1286202099,0.2054244019,-0.0248012096,-0.1016054016,0.0768041920
train:8181,0,-1.0098617077,-1.0104407649,0.0005790572,0.2805292729,0.0875253651,0.1417926811,0.2491509337,0.0710936208,0.1132882256,0.2805292729,0.0875253651,0.1417926811,0.1930039078,0.1387365919,0.0542673159
train:8185,0,0.4197200835,0.4191410262,0.0005790572,-0.1152682480,-0.0937155809,-0.0050798096,-0.1466465872,-0.1101473253,-0.0335842650,0.1152682480,0.0937155809,0.0050798096,0.0215526670,0.1101884384,-0.0886357714
train:8188,0,-1.5721415281,-1.5727205854,0.0005790572,-0.0584742900,-0.0559066560,-0.0332239605,-0.0898526292,-0.0723384004,-0.0617284160,0.0584742900,0.0559066560,0.0332239605,0.0025676340,0.0252503295,-0.0226826955
train:8192,0,-1.4200595617,-1.4206386190,0.0005790572,0.1310907725,0.2223980401,0.0592981838,0.0997124333,0.2059662957,0.0307937283,0.1310907725,0.2223980401,0.0592981838,-0.0913072675,0.0717925887,-0.1630998563
train:8199,0,3.3178431988,3.3172641415,0.0005790572,0.0636593226,0.0507314179,0.0618151687,0.0322809834,0.0342996735,0.0333107133,0.0636593226,0.0507314179,0.0618151687,0.0129279047,0.0018441539,0.0110837508
train:8209,0,-2.2294998169,-2.2300788741,0.0005790572,-0.2068841335,-0.2114741828,-0.0951007344,-0.2382624727,-0.2279059272,-0.1236051898,0.2068841335,0.2114741828,0.0951007344,-0.0045900494,0.1117833991,-0.1163734485
train:8217,0,0.6622375250,0.6616584677,0.0005790572,0.0540321592,0.0654970977,-0.0374141671,0.0226538200,0.0490653534,-0.0659186225,0.0540321592,0.0654970977,0.0374141671,-0.0114649385,0.0166179921,-0.0280829307
train:8219,0,0.8925327659,0.8919537086,0.0005790572,0.1443760518,0.0812023852,0.1678247713,0.1129977126,0.0647706408,0.1393203158,0.1443760518,0.0812023852,0.1678247713,0.0631736666,-0.0234487195,0.0866223861
train:8221,0,-3.9594962597,-3.9600753169,0.0005790572,-0.1486621972,-0.0578465488,0.1953169368,-0.1800405364,-0.0742782932,0.1668124814,0.1486621972,0.0578465488,0.1953169368,0.0908156484,-0.0466547396,0.1374703880
train:8222,-1,-1.2782683372,2.1867711913,-3.4650395286,-0.0064789180,0.0676004615,0.0136793867,-0.0378572572,0.0511687171,-0.0148250687,0.0064789180,0.0676004615,0.0136793867,-0.0611215435,-0.0072004687,-0.0539210748
train:8223,0,0.3236135244,0.3230344672,0.0005790572,0.1101767544,0.0451055739,0.1085007899,0.0787984152,0.0286738295,0.0799963344,0.1101767544,0.0451055739,0.1085007899,0.0650711805,0.0016759645,0.0633952160
train:8228,0,1.2411880493,1.2406089921,0.0005790572,-0.0659568187,-0.2014383104,-0.0733217932,-0.0973351579,-0.2178700547,-0.1018262487,0.0659568187,0.2014383104,0.0733217932,-0.1354814917,-0.0073649745,-0.1281165171
train:8231,0,-1.9993491173,-1.9999281745,0.0005790572,0.0271923665,-0.0102388885,-0.0764565207,-0.0041859727,-0.0266706329,-0.1049609761,0.0271923665,0.0102388885,0.0764565207,0.0169534780,-0.0492641542,0.0662176322
train:8232,0,-1.1200711727,-1.1206502300,0.0005790572,-0.0376559373,-0.0189368751,-0.0208644606,-0.0690342765,-0.0353686195,-0.0493689161,0.0376559373,0.0189368751,0.0208644606,0.0187190622,0.0167914767,0.0019275855
train:8236,0,2.2618918419,2.2613127846,0.0005790572,-0.0434535619,0.0195963357,-0.0334597565,-0.0748319011,0.0031645913,-0.0619642120,0.0434535619,0.0195963357,0.0334597565,0.0238572262,0.0099938054,0.0138634209
train:8240,0,-0.1212419644,-0.1218210216,0.0005790572,0.3043359566,0.2145075995,0.0726671554,0.2729576174,0.1980758552,0.0441627000,0.3043359566,0.2145075995,0.0726671554,0.0898283571,0.2316688012,-0.1418404441
train:8246,0,-0.3138191104,-0.3143981676,0.0005790572,0.0445070092,0.0939963434,0.0984219573,0.0131286700,0.0775645990,0.0699175019,0.0445070092,0.0939963434,0.0984219573,-0.0494893342,-0.0539149482,0.0044256140
train:8250,0,1.2222406864,1.2216616292,0.0005790572,-0.0589873668,-0.1117525127,-0.0932922103,-0.0903657060,-0.1281842571,-0.1217966657,0.0589873668,0.1117525127,0.0932922103,-0.0527651459,-0.0343048435,-0.0184603024
train:8252,0,0.8287802935,0.8282012362,0.0005790572,-0.0468073960,-0.0363536503,-0.0992445685,-0.0781857352,-0.0527853947,-0.1277490239,0.0468073960,0.0363536503,0.0992445685,0.0104537457,-0.0524371724,0.0628909182
train:8253,0,1.2981874943,1.2976084370,0.0005790572,0.0399302367,-0.0359931018,-0.0114482380,0.0085518975,-0.0524248462,-0.0399526935,0.0399302367,0.0359931018,0.0114482380,0.0039371349,0.0284819987,-0.0245448638
train:8263,0,1.4158008099,1.4152217526,0.0005790572,0.0710388545,0.1203632329,0.1140235923,0.0396605153,0.1039314885,0.0855191369,0.0710388545,0.1203632329,0.1140235923,-0.0493243784,-0.0429847378,-0.0063396405
train:8270,0,0.3827023804,0.3821233232,0.0005790572,-0.0183711525,0.0016846333,-0.0028783120,-0.0497494917,-0.0147471111,-0.0313827675,0.0183711525,0.0016846333,0.0028783120,0.0166865193,0.0154928405,0.0011936788
train:8279,0,0.2011162341,0.2005371768,0.0005790572,0.0546707783,-0.0277416732,0.0395746045,0.0232924391,-0.0441734176,0.0110701490,0.0546707783,0.0277416732,0.0395746045,0.0269291051,0.0150961738,0.0118329313
train:8294,0,-0.2121803015,-0.2127593588,0.0005790572,0.2357165787,0.1118523005,0.0481640957,0.2043382395,0.0954205562,0.0196596403,0.2357165787,0.1118523005,0.0481640957,0.1238642782,0.1875524830,-0.0636882048
train:8298,0,-3.8641026020,-3.8646816592,0.0005790572,-0.1548443910,0.0681652997,0.0851298831,-0.1862227302,0.0517335553,0.0566254277,0.1548443910,0.0681652997,0.0851298831,0.0866790913,0.0697145078,0.0169645835
train:8301,0,-5.6997990608,-5.7003781181,0.0005790572,0.4311498526,-0.0332348373,0.2403310798,0.3997715134,-0.0496665817,0.2118266244,0.4311498526,0.0332348373,0.2403310798,0.3979150154,0.1908187728,0.2070962425
train:8304,0,-2.1915392876,-2.1921183448,0.0005790572,0.0041786555,-0.0172774818,0.0546261333,-0.0271996837,-0.0337092262,0.0261216779,0.0041786555,0.0172774818,0.0546261333,-0.0130988263,-0.0504474778,0.0373486515
train:8308,0,0.0540504716,0.0534714144,0.0005790572,-0.1137207363,0.1120166864,-0.0481711254,-0.1450990755,0.0955849421,-0.0766755808,0.1137207363,0.1120166864,0.0481711254,0.0017040499,0.0655496109,-0.0638455611
train:8312,0,0.2837444842,0.2831654269,0.0005790572,-0.1193291124,-0.2393305030,-0.3956347145,-0.1507074516,-0.2557622473,-0.4241391700,0.1193291124,0.2393305030,0.3956347145,-0.1200013906,-0.2763056021,0.1563042115
train:8314,-1,-2.7071707249,0.7578688037,-3.4650395286,-0.0649841551,0.0177935686,0.0038374677,-0.0963624943,0.0013618242,-0.0246669877,0.0649841551,0.0177935686,0.0038374677,0.0471905865,0.0611466873,-0.0139561009
train:8316,0,0.8470125794,0.8464335222,0.0005790572,0.0234114651,0.0679981682,0.0654787086,-0.0079668741,0.0515664239,0.0369742532,0.0234114651,0.0679981682,0.0654787086,-0.0445867032,-0.0420672435,-0.0025194596
train:8319,0,1.1781729460,1.1775938887,0.0005790572,0.1197354916,0.1622123692,0.1948756240,0.0883571524,0.1457806248,0.1663711686,0.1197354916,0.1622123692,0.1948756240,-0.0424768776,-0.0751401324,0.0326632548
train:8320,-1,-4.6004195213,-1.1353799928,-3.4650395286,-0.0532529477,-0.1548183832,-0.1693520531,-0.0846312869,-0.1712501276,-0.1978565085,0.0532529477,0.1548183832,0.1693520531,-0.1015654355,-0.1160991054,0.0145336699
train:8324,0,0.3333484232,0.3327693660,0.0005790572,0.1186877314,0.1121503983,0.0892281495,0.0873093922,0.0957186539,0.0607236941,0.1186877314,0.1121503983,0.0892281495,0.0065373331,0.0294595819,-0.0229222488
train:8346,0,-2.2802076340,-2.2807866912,0.0005790572,0.2124327544,0.3255412552,0.1919485591,0.1810544152,0.3091095109,0.1634441037,0.2124327544,0.3255412552,0.1919485591,-0.1131085008,0.0204841953,-0.1335926961
train:8350,0,0.3563633561,0.3557842989,0.0005790572,-0.1697184321,-0.0208070304,0.0469879173,-0.2010967713,-0.0372387748,0.0184834618,0.1697184321,0.0208070304,0.0469879173,0.1489114016,0.1227305148,0.0261808868
train:8362,0,-0.3796152174,-0.3801942747,0.0005790572,0.0614557389,-0.0204932716,0.0759953223,0.0300773997,-0.0369250159,0.0474908669,0.0614557389,0.0204932716,0.0759953223,0.0409624673,-0.0145395834,0.0555020507
train:8365,0,1.5101339817,1.5095549245,0.0005790572,0.0704038266,-0.0123168256,-0.1020250060,0.0390254874,-0.0287485700,-0.1305294614,0.0704038266,0.0123168256,0.1020250060,0.0580870010,-0.0316211794,0.0897081803
train:8369,0,0.2093250751,0.2087460179,0.0005790572,0.0344854120,0.0123202477,0.0411948375,0.0031070728,-0.0041114967,0.0126903821,0.0344854120,0.0123202477,0.0411948375,0.0221651644,-0.0067094255,0.0288745899
train:8371,0,1.5031448603,1.5025658030,0.0005790572,0.0298279647,-0.0034334686,-0.0159878470,-0.0015503745,-0.0198652129,-0.0444923024,0.0298279647,0.0034334686,0.0159878470,0.0263944961,0.0138401177,0.0125543784
train:8378,0,2.0485749245,2.0479958672,0.0005790572,-0.0134383317,0.0686333153,-0.0004685856,-0.0448166709,0.0522015710,-0.0289730411,0.0134383317,0.0686333153,0.0004685856,-0.0551949836,0.0129697461,-0.0681647297
train:8379,0,0.4114740491,0.4108949919,0.0005790572,0.0298433725,0.1358810637,-0.0213666894,-0.0015349667,0.1194493193,-0.0498711448,0.0298433725,0.1358810637,0.0213666894,-0.1060376912,0.0084766831,-0.1145143744
train:8380,0,-2.6389262676,-2.6395053249,0.0005790572,-0.1063820001,-0.1757564571,-0.1813665368,-0.1377603393,-0.1921882014,-0.2098709922,0.1063820001,0.1757564571,0.1813665368,-0.0693744570,-0.0749845367,0.0056100797
train:8388,0,0.7487596869,0.7481806297,0.0005790572,0.0412644867,0.0466147635,0.0082299970,0.0098861475,0.0301830191,-0.0202744584,0.0412644867,0.0466147635,0.0082299970,-0.0053502768,0.0330344897,-0.0383847665
train:8390,0,0.4922105670,0.4916315098,0.0005790572,0.0021506075,-0.0881490734,-0.0190023519,-0.0292277317,-0.1045808177,-0.0475068073,0.0021506075,0.0881490734,0.0190023519,-0.0859984659,-0.0168517444,-0.0691467214
train:8397,0,1.5893045664,1.5887255091,0.0005790572,-0.0246125337,-0.0197639491,-0.1284490563,-0.0559908729,-0.0361956935,-0.1569535117,0.0246125337,0.0197639491,0.1284490563,0.0048485845,-0.1038365226,0.1086851071
train:8400,0,2.7778251171,2.7772460599,0.0005790572,0.0773407344,0.0499410603,0.0185302757,0.0459623952,0.0335093159,-0.0099741798,0.0773407344,0.0499410603,0.0185302757,0.0273996741,0.0588104587,-0.0314107846
train:8405,0,-0.5487691164,-0.5493481736,0.0005790572,0.0283965591,0.0696078513,0.0361724161,-0.0029817801,0.0531761069,0.0076679606,0.0283965591,0.0696078513,0.0361724161,-0.0412112921,-0.0077758569,-0.0334354352
train:8407,0,-0.3242076039,-0.3247866612,0.0005790572,-0.0448031005,-0.0487804439,-0.0230806209,-0.0761814397,-0.0652121883,-0.0515850764,0.0448031005,0.0487804439,0.0230806209,-0.0039773434,0.0217224795,-0.0256998230
train:8409,0,1.7773706913,1.7767916341,0.0005790572,0.0727002744,0.0846557591,0.0209231637,0.0413219352,0.0682240147,-0.0075812917,0.0727002744,0.0846557591,0.0209231637,-0.0119554847,0.0517771106,-0.0637325954
train:8410,0,2.1704781055,2.1698990483,0.0005790572,-0.0307899591,0.0022942994,-0.0222133137,-0.0621682983,-0.0141374450,-0.0507177692,0.0307899591,0.0022942994,0.0222133137,0.0284956597,0.0085766453,0.0199190144
train:8418,0,-0.3243603408,-0.3249393981,0.0005790572,0.0808940653,-0.1205185976,-0.0659681149,0.0495157261,-0.1369503420,-0.0944725703,0.0808940653,0.1205185976,0.0659681149,-0.0396245323,0.0149259504,-0.0545504827
train:8422,0,-1.5229382515,-1.5235173087,0.0005790572,0.1619317654,0.1039731476,0.1639399789,0.1305534262,0.0875414033,0.1354355235,0.1619317654,0.1039731476,0.1639399789,0.0579586178,-0.0020082135,0.0599668313
train:8424,0,1.4071609974,1.4065819402,0.0005790572,-0.1199917670,-0.0444797304,-0.0611108281,-0.1513701062,-0.0609114747,-0.0896152835,0.1199917670,0.0444797304,0.0611108281,0.0755120367,0.0588809390,0.0166310977
train:8426,0,-0.8138562441,-0.8144353013,0.0005790572,-0.0464041706,0.0001367900,0.0089506172,-0.0777825098,-0.0162949543,-0.0195538383,0.0464041706,0.0001367900,0.0089506172,0.0462673806,0.0374535535,0.0088138271
train:8427,0,-0.5112834573,-0.5118625145,0.0005790572,-0.1375913199,-0.0127886560,-0.0470085479,-0.1689696591,-0.0292204004,-0.0755130034,0.1375913199,0.0127886560,0.0470085479,0.1248026639,0.0905827720,0.0342198919
train:8428,0,1.5987806320,1.5982015748,0.0005790572,-0.0571575042,-0.0579670694,-0.0071123578,-0.0885358434,-0.0743988137,-0.0356168132,0.0571575042,0.0579670694,0.0071123578,-0.0008095652,0.0500451464,-0.0508547116
train:8429,0,-1.5479981899,-1.5485772472,0.0005790572,0.0354492787,0.0905084584,0.1962046884,0.0040709395,0.0740767140,0.1677002330,0.0354492787,0.0905084584,0.1962046884,-0.0550591797,-0.1607554097,0.1056962300
train:8442,0,0.9212096930,0.9206306357,0.0005790572,-0.0306942936,-0.0079984095,-0.0826414563,-0.0620726328,-0.0244301539,-0.1111459117,0.0306942936,0.0079984095,0.0826414563,0.0226958841,-0.0519471627,0.0746430468
train:8450,0,1.5676305294,1.5670514722,0.0005790572,-0.0044822570,0.0530521843,-0.0019831397,-0.0358605962,0.0366204400,-0.0304875951,0.0044822570,0.0530521843,0.0019831397,-0.0485699273,0.0024991173,-0.0510690447
train:8454,0,-4.2773900032,-4.2779690604,0.0005790572,0.0539525870,0.0381371949,0.1056827568,0.0225742478,0.0217054505,0.0771783013,0.0539525870,0.0381371949,0.1056827568,0.0158153921,-0.0517301697,0.0675455619
train:8462,0,-2.7069926262,-2.7075716834,0.0005790572,0.0538679484,-0.0066955116,0.0851847194,0.0224896092,-0.0231272559,0.0566802640,0.0538679484,0.0066955116,0.0851847194,0.0471724368,-0.0313167710,0.0784892078
train:8472,0,0.2358711362,0.2352920789,0.0005790572,-0.0436141964,-0.0416331913,0.0396655314,-0.0749925356,-0.0580649357,0.0111610759,0.0436141964,0.0416331913,0.0396655314,0.0019810051,0.0039486650,-0.0019676600
train:8484,0,-0.2336705029,-0.2342495601,0.0005790572,-0.4650291082,-0.3424098667,-0.2803411670,-0.4964074474,-0.3588416111,-0.3088456224,0.4650291082,0.3424098667,0.2803411670,0.1226192415,0.1846879412,-0.0620686997
train:8485,0,2.7521865368,2.7516074795,0.0005790572,0.0645107154,-0.0034456279,-0.0714872815,0.0331323762,-0.0198773723,-0.0999917369,0.0645107154,0.0034456279,0.0714872815,0.0610650875,-0.0069765661,0.0680416536
train:8486,0,0.1353021711,0.1347231139,0.0005790572,-0.1903461542,-0.0213466462,-0.1559623964,-0.2217244934,-0.0377783905,-0.1844668519,0.1903461542,0.0213466462,0.1559623964,0.1689995080,0.0343837578,0.1346157502
train:8491,0,0.3337374032,0.3331583459,0.0005790572,-0.0481256720,0.0205390725,-0.0276528038,-0.0795040112,0.0041073282,-0.0561572592,0.0481256720,0.0205390725,0.0276528038,0.0275865995,0.0204728682,0.0071137313
train:8492,-1,-2.7351984978,0.7298410308,-3.4650395286,0.1291093107,0.1201473799,0.1414909378,0.0977309715,0.1037156355,0.1129864823,0.1291093107,0.1201473799,0.1414909378,0.0089619309,-0.0123816270,0.0213435579
train:8494,0,0.0841927156,0.0836136583,0.0005790572,-0.0473963868,0.0094695363,-0.0256074034,-0.0787747260,-0.0069622081,-0.0541118588,0.0473963868,0.0094695363,0.0256074034,0.0379268505,0.0217889834,0.0161378671
train:8499,0,-1.2640520334,-1.2646310907,0.0005790572,-0.0873873111,-0.0277552631,-0.0746229626,-0.1187656503,-0.0441870074,-0.1031274181,0.0873873111,0.0277552631,0.0746229626,0.0596320480,0.0127643485,0.0468676995
train:8501,0,0.4238054752,0.4232264180,0.0005790572,0.0420028690,-0.0233399894,0.0673647784,0.0106245298,-0.0397717338,0.0388603229,0.0420028690,0.0233399894,0.0673647784,0.0186628796,-0.0253619094,0.0440247890
train:8518,0,-0.6875671744,-0.6881462317,0.0005790572,-0.1669795092,-0.1065514114,-0.0365780927,-0.1983578484,-0.1229831557,-0.0650825482,0.1669795092,0.1065514114,0.0365780927,0.0604280978,0.1304014165,-0.0699733187
train:8533,0,2.4438138008,2.4432347436,0.0005790572,-0.0031989690,-0.0566487338,-0.0784126259,-0.0345773082,-0.0730804782,-0.1069170814,0.0031989690,0.0566487338,0.0784126259,-0.0534497648,-0.0752136569,0.0217638921
train:8536,0,-0.2469432652,-0.2475223224,0.0005790572,0.0980347518,0.0070780490,-0.0350619443,0.0666564126,-0.0093536954,-0.0635663997,0.0980347518,0.0070780490,0.0350619443,0.0909567028,0.0629728075,0.0279838953
train:8538,0,-2.8974213600,-2.8980004173,0.0005790572,0.1546069506,-0.0107326534,0.0027474426,0.1232286114,-0.0271643977,-0.0257570129,0.1546069506,0.0107326534,0.0027474426,0.1438742973,0.1518595081,-0.0079852108
train:8544,0,-2.4373784065,-2.4379574638,0.0005790572,-0.0517161962,-0.0700025585,-0.0333739258,-0.0830945354,-0.0864343028,-0.0618783813,0.0517161962,0.0700025585,0.0333739258,-0.0182863623,0.0183422703,-0.0366286326
train:8547,0,1.6429587603,1.6423797030,0.0005790572,0.0379887942,0.0017005179,-0.0415414311,0.0066104550,-0.0147312265,-0.0700458865,0.0379887942,0.0017005179,0.0415414311,0.0362882763,-0.0035526369,0.0398409132
train:8556,0,1.6062690020,1.6056899447,0.0005790572,-0.0325711843,-0.0729123380,-0.0316182114,-0.0639495235,-0.0893440824,-0.0601226669,0.0325711843,0.0729123380,0.0316182114,-0.0403411537,0.0009529729,-0.0412941266
train:8557,0,2.1813592911,2.1807802338,0.0005790572,0.0182432059,0.0034878228,-0.0399256684,-0.0131351333,-0.0129439216,-0.0684301238,0.0182432059,0.0034878228,0.0399256684,0.0147553831,-0.0216824625,0.0364378456
train:8571,0,-2.7945241928,-2.7951032500,0.0005790572,0.0320435885,-0.0408310916,-0.0894347169,0.0006652493,-0.0572628360,-0.1179391723,0.0320435885,0.0408310916,0.0894347169,-0.0087875031,-0.0573911283,0.0486036252
train:8572,0,0.9674190879,0.9668400306,0.0005790572,0.0318818215,0.0325149272,0.0633554123,0.0005034823,0.0160831828,0.0348509569,0.0318818215,0.0325149272,0.0633554123,-0.0006331056,-0.0314735908,0.0308404852
train:8574,0,-1.3671400547,-1.3677191119,0.0005790572,0.0514737490,0.2420828316,0.1909494661,0.0200954098,0.2256510873,0.1624450106,0.0514737490,0.2420828316,0.1909494661,-0.1906090826,-0.1394757170,-0.0511333655
train:8576,0,-0.4364465475,-0.4370256047,0.0005790572,-0.1238606747,-0.0560969737,-0.1803820319,-0.1552390139,-0.0725287180,-0.2088864874,0.1238606747,0.0560969737,0.1803820319,0.0677637011,-0.0565213572,0.1242850583
train:8577,0,1.5612369776,1.5606579203,0.0005790572,0.0541242484,-0.0422745969,0.0510823987,0.0227459092,-0.0587063413,0.0225779433,0.0541242484,0.0422745969,0.0510823987,0.0118496515,0.0030418496,0.0088078018
train:8580,0,0.1870279908,0.1864489336,0.0005790572,0.1351518679,0.1259855229,0.1752917729,0.1037735287,0.1095537786,0.1467873175,0.1351518679,0.1259855229,0.1752917729,0.0091663450,-0.0401399050,0.0493062500
train:8581,0,0.5959739089,0.5953948517,0.0005790572,-0.1441431519,-0.1380720165,-0.0995362736,-0.1755214911,-0.1545037608,-0.1280407291,0.1441431519,0.1380720165,0.0995362736,0.0060711354,0.0446068782,-0.0385357428
train:8594,0,-0.8711398840,-0.8717189412,0.0005790572,-0.0392610308,-0.0814701941,0.0359037779,-0.0706393700,-0.0979019385,0.0073993225,0.0392610308,0.0814701941,0.0359037779,-0.0422091633,0.0033572529,-0.0455664162
train:8608,0,-1.5645856857,-1.5651647430,0.0005790572,-0.1083873388,-0.1130905178,-0.0780226924,-0.1397656780,-0.1295222621,-0.1065271478,0.1083873388,0.1130905178,0.0780226924,-0.0047031790,0.0303646464,-0.0350678254
train:8610,0,0.4452983141,0.4447192569,0.0005790572,-0.1256891962,-0.0799000885,-0.1586077549,-0.1570675354,-0.0963318329,-0.1871122103,0.1256891962,0.0799000885,0.1586077549,0.0457891077,-0.0329185586,0.0787076663
train:8618,0,-3.9817152023,-3.9822942596,0.0005790572,0.1308063392,0.0674960587,0.2802766822,0.0994280000,0.0510643143,0.2517722268,0.1308063392,0.0674960587,0.2802766822,0.0633102804,-0.1494703431,0.2127806235
train:8623,0,1.2275667191,1.2269876618,0.0005790572,0.0303378228,0.0916668150,0.0050732158,-0.0010405164,0.0752350707,-0.0234312396,0.0303378228,0.0916668150,0.0050732158,-0.0613289922,0.0252646070,-0.0865935992
train:8625,0,2.5258040428,2.5252249856,0.0005790572,0.0337208632,0.1353151772,0.0612193607,0.0023425240,0.1188834328,0.0327149052,0.0337208632,0.1353151772,0.0612193607,-0.1015943140,-0.0274984974,-0.0740958165
train:8629,0,-2.1639704704,-2.1645495277,0.0005790572,0.0855149154,0.1280343506,0.3490909599,0.0541365762,0.1116026063,0.3205865044,0.0855149154,0.1280343506,0.3490909599,-0.0425194353,-0.2635760445,0.2210566092
train:8641,0,1.9654064178,1.9648273606,0.0005790572,-0.0838295098,-0.0091351297,-0.0629967190,-0.1152078490,-0.0255668740,-0.0915011745,0.0838295098,0.0091351297,0.0629967190,0.0746943802,0.0208327908,0.0538615893
train:8642,0,1.1933909655,1.1928119082,0.0005790572,0.1072358016,-0.0382652309,0.1518476270,0.0758574624,-0.0546969753,0.1233431716,0.1072358016,0.0382652309,0.1518476270,0.0689705707,-0.0446118254,0.1135823961
train:8643,0,-0.7195154428,-0.7200945001,0.0005790572,-0.1065029975,-0.1172437098,-0.0995921828,-0.1378813367,-0.1336754542,-0.1280966382,0.1065029975,0.1172437098,0.0995921828,-0.0107407123,0.0069108147,-0.0176515270
train:8646,0,2.2278625965,2.2272835393,0.0005790572,0.0250014190,0.0158126328,-0.0136586167,-0.0063769202,-0.0006191116,-0.0421630721,0.0250014190,0.0158126328,0.0136586167,0.0091887861,0.0113428023,-0.0021540161
train:8659,0,-0.0662478730,-0.0668269302,0.0005790572,0.0273190264,-0.0167047631,0.0563001968,-0.0040593128,-0.0331365075,0.0277957414,0.0273190264,0.0167047631,0.0563001968,0.0106142632,-0.0289811704,0.0395954337
train:8660,0,1.1638059616,1.1632269044,0.0005790572,-0.0465854284,-0.0921500947,-0.0358825661,-0.0779637676,-0.1085818391,-0.0643870216,0.0465854284,0.0921500947,0.0358825661,-0.0455646664,0.0107028622,-0.0562675286
train:8664,0,-1.9192906618,-1.9198697191,0.0005790572,0.2992351178,0.0714532111,0.3886511587,0.2678567786,0.0550214667,0.3601467032,0.2992351178,0.0714532111,0.3886511587,0.2277819067,-0.0894160409,0.3171979476
train:8682,0,0.3841816187,0.3836025615,0.0005790572,0.0177119795,-0.0570246603,-0.0504482724,-0.0136663597,-0.0734564047,-0.0789527278,0.0177119795,0.0570246603,0.0504482724,-0.0393126808,-0.0327362929,-0.0065763880
train:8685,0,0.8876843452,0.8871052880,0.0005790572,0.1184117321,-0.0372601178,0.0076687597,0.0870333929,-0.0536918621,-0.0208356958,0.1184117321,0.0372601178,0.0076687597,0.0811516143,0.1107429724,-0.0295913581
train:8686,0,0.7350888848,0.7345098276,0.0005790572,-0.0263770696,0.1149788473,0.1963128112,-0.0577554088,0.0985471029,0.1678083558,0.0263770696,0.1149788473,0.1963128112,-0.0886017777,-0.1699357416,0.0813339640
train:8687,0,-1.5374708176,-1.5380498748,0.0005790572,0.0053013686,-0.0100414779,-0.1076600291,-0.0260769706,-0.0264732223,-0.1361644845,0.0053013686,0.0100414779,0.1076600291,-0.0047401093,-0.1023586605,0.0976185512
train:8694,0,-1.9354325533,-1.9360116105,0.0005790572,-0.2362699386,-0.1011190441,-0.0405534245,-0.2676482778,-0.1175507884,-0.0690578799,0.2362699386,0.1011190441,0.0405534245,0.1351508945,0.1957165141,-0.0605656196
train:8704,0,0.3760131001,0.3754340429,0.0005790572,-0.2196701046,-0.1504616764,-0.2107994296,-0.2510484438,-0.1668934207,-0.2393038850,0.2196701046,0.1504616764,0.2107994296,0.0692084283,0.0088706751,0.0603377532
train:8707,0,0.1894660741,0.1888870169,0.0005790572,0.1167153392,0.1784580845,0.0790954940,0.0853370000,0.1620263402,0.0505910386,0.1167153392,0.1784580845,0.0790954940,-0.0617427453,0.0376198452,-0.0993625905
train:8709,0,2.6980676651,2.6974886079,0.0005790572,0.0125981692,0.0617291901,-0.0344801880,-0.0187801700,0.0452974458,-0.0629846435,0.0125981692,0.0617291901,0.0344801880,-0.0491310209,-0.0218820188,-0.0272490021
train:8718,0,0.9477515221,0.9471724648,0.0005790572,0.1595707659,0.0770052049,0.0627185367,0.1281924267,0.0605734606,0.0342140813,0.1595707659,0.0770052049,0.0627185367,0.0825655609,0.0968522292,-0.0142866682
train:8724,-1,-5.9559063911,-2.4908668626,-3.4650395286,-0.2978822116,-0.0266428266,-0.0544177279,-0.3292605508,-0.0430745709,-0.0829221833,0.2978822116,0.0266428266,0.0544177279,0.2712393850,0.2434644837,0.0277749013
train:8740,0,-4.1404662132,-4.1410452705,0.0005790572,-0.4578617688,-0.2118258502,-0.2720068432,-0.4892401080,-0.2282575946,-0.3005112987,0.4578617688,0.2118258502,0.2720068432,0.2460359186,0.1858549256,0.0601809930
train:8746,0,2.2212224007,2.2206433434,0.0005790572,0.1559332732,0.0921518776,0.1597596668,0.1245549340,0.0757201333,0.1312552113,0.1559332732,0.0921518776,0.1597596668,0.0637813956,-0.0038263936,0.0676077891
train:8752,0,-0.5254822373,-0.5260612946,0.0005790572,0.1107865695,0.0170870993,0.0775507949,0.0794082303,0.0006553550,0.0490463395,0.1107865695,0.0170870993,0.0775507949,0.0936994702,0.0332357746,0.0604636956
train:8753,0,-1.6004251242,-1.6010041814,0.0005790572,0.1206331376,0.1551977370,0.1135399602,0.0892547984,0.1387659926,0.0850355048,0.1206331376,0.1551977370,0.1135399602,-0.0345645994,0.0070931774,-0.0416577767
train:8755,0,1.0396978855,1.0391188283,0.0005790572,-0.0123566266,0.0296440098,0.0502132438,-0.0437349658,0.0132122655,0.0217087884,0.0123566266,0.0296440098,0.0502132438,-0.0172873832,-0.0378566172,0.0205692340
train:8758,0,-1.2298629284,-1.2304419856,0.0005790572,0.0441950682,0.2455724452,0.1663443111,0.0128167290,0.2291407008,0.1378398556,0.0441950682,0.2455724452,0.1663443111,-0.2013773769,-0.1221492428,-0.0792281341
train:8763,0,-2.2414135933,-2.2419926505,0.0005790572,-0.1363865014,-0.2090802219,-0.2390796877,-0.1677648406,-0.2255119663,-0.2675841432,0.1363865014,0.2090802219,0.2390796877,-0.0726937205,-0.1026931863,0.0299994659
train:8771,0,0.3096055686,0.3090265114,0.0005790572,0.0144268993,0.0329647336,-0.0034452118,-0.0169514399,0.0165329892,-0.0319496672,0.0144268993,0.0329647336,0.0034452118,-0.0185378343,0.0109816875,-0.0295195218
train:8779,0,-3.0302546024,-3.0308336597,0.0005790572,0.0057448272,-0.0907886054,0.0319386981,-0.0256335120,-0.1072203498,0.0034342427,0.0057448272,0.0907886054,0.0319386981,-0.0850437783,-0.0261938710,-0.0588499073
train:8785,0,1.1492315531,1.1486524958,0.0005790572,0.1573661689,0.0720902655,-0.0146367289,0.1259878297,0.0556585212,-0.0431411844,0.1573661689,0.0720902655,0.0146367289,0.0852759033,0.1427294400,-0.0574535366
train:8787,0,0.6770294309,0.6764503736,0.0005790572,0.0328899149,0.0920096610,0.0399864577,0.0015115757,0.0755779166,0.0114820022,0.0328899149,0.0920096610,0.0399864577,-0.0591197461,-0.0070965428,-0.0520232033
train:8798,0,0.0486727767,0.0480937194,0.0005790572,0.0584270593,0.0306663822,0.0195527598,0.0270487201,0.0142346379,-0.0089516956,0.0584270593,0.0306663822,0.0195527598,0.0277606770,0.0388742994,-0.0111136224
train:8801,0,0.6765009165,0.6759218592,0.0005790572,-0.0894145247,0.0110420559,-0.0508852936,-0.1207928639,-0.0053896885,-0.0793897491,0.0894145247,0.0110420559,0.0508852936,0.0783724688,0.0385292310,0.0398432378
train:8802,0,-1.0503478050,-1.0509268623,0.0005790572,-0.0549573179,-0.0263729122,0.1549277566,-0.0863356571,-0.0428046565,0.1264233012,0.0549573179,0.0263729122,0.1549277566,0.0285844058,-0.0999704387,0.1285548445
train:8804,0,-0.8021281958,-0.8027072530,0.0005790572,-0.0277034517,0.0839623783,0.1377729438,-0.0590817909,0.0675306339,0.1092684884,0.0277034517,0.0839623783,0.1377729438,-0.0562589265,-0.1100694921,0.0538105656
train:8805,0,-1.0214664936,-1.0220455508,0.0005790572,-0.2087722298,-0.2678011086,-0.2623975016,-0.2401505690,-0.2842328530,-0.2909019571,0.2087722298,0.2678011086,0.2623975016,-0.0590288788,-0.0536252718,-0.0054036070
train:8813,0,1.2875607014,1.2869816441,0.0005790572,-0.0443874475,-0.0047959115,0.0206674598,-0.0757657867,-0.0212276559,-0.0078369956,0.0443874475,0.0047959115,0.0206674598,0.0395915359,0.0237199877,0.0158715483
train:8814,0,-0.0498378240,-0.0504168812,0.0005790572,-0.1184058476,-0.1724422265,-0.0748406500,-0.1497841868,-0.1888739709,-0.1033451054,0.1184058476,0.1724422265,0.0748406500,-0.0540363789,0.0435651977,-0.0976015765
train:8826,0,1.0032078028,1.0026287455,0.0005790572,-0.0045803662,-0.1303788450,0.0471837781,-0.0359587054,-0.1468105893,0.0186793227,0.0045803662,0.1303788450,0.0471837781,-0.1257984787,-0.0426034119,-0.0831950668
train:8837,0,0.3992515802,0.3986725230,0.0005790572,0.0423727754,-0.0323113229,-0.1581086256,0.0109944362,-0.0487430673,-0.1866130810,0.0423727754,0.0323113229,0.1581086256,0.0100614525,-0.1157358501,0.1257973026
train:8844,0,0.9360692501,0.9354901929,0.0005790572,0.0658196334,0.0661819551,0.0190668367,0.0344412942,0.0497502107,-0.0094376188,0.0658196334,0.0661819551,0.0190668367,-0.0003623217,0.0467527967,-0.0471151184
train:8845,0,0.5985906124,0.5980115552,0.0005790572,0.0902103905,-0.0494060543,0.0105220340,0.0588320513,-0.0658377986,-0.0179824214,0.0902103905,0.0494060543,0.0105220340,0.0408043362,0.0796883564,-0.0388840202
train:8849,0,2.2366595268,2.2360804696,0.0005790572,-0.0782021161,-0.0029304054,-0.0584567524,-0.1095804553,-0.0193621497,-0.0869612079,0.0782021161,0.0029304054,0.0584567524,0.0752717108,0.0197453637,0.0555263471
train:8862,0,0.5363419056,0.5357628484,0.0005790572,0.0513599638,-0.0058164027,0.0103075169,0.0199816246,-0.0222481470,-0.0181969385,0.0513599638,0.0058164027,0.0103075169,0.0455435611,0.0410524469,0.0044911142
train:8866,0,1.9844902754,1.9839112181,0.0005790572,0.1038938884,0.0739507649,0.0558804534,0.0725155492,0.0575190205,0.0273759980,0.1038938884,0.0739507649,0.0558804534,0.0299431235,0.0480134349,-0.0180703115
train:8867,0,-3.0131635666,-3.0137426238,0.0005790572,0.0264331225,0.2315454457,0.2571937107,-0.0049452167,0.2151137013,0.2286892552,0.0264331225,0.2315454457,0.2571937107,-0.2051123232,-0.2307605881,0.0256482650
train:8885,0,0.1156431362,0.1150640790,0.0005790572,0.1458524737,-0.0532476407,0.1046839841,0.1144741345,-0.0696793850,0.0761795286,0.1458524737,0.0532476407,0.1046839841,0.0926048331,0.0411684897,0.0514363434
train:8889,0,-3.6155455112,-3.6161245685,0.0005790572,-0.1566485044,-0.1620144870,0.1743484996,-0.1880268436,-0.1784462314,0.1458440442,0.1566485044,0.1620144870,0.1743484996,-0.0053659827,-0.0176999953,0.0123340126
train:8894,0,0.4549124539,0.4543333967,0.0005790572,0.1552303258,0.0884352896,0.0983163081,0.1238519866,0.0720035453,0.0698118527,0.1552303258,0.0884352896,0.0983163081,0.0667950362,0.0569140177,0.0098810185
train:8902,0,1.1998848915,1.1993058343,0.0005790572,0.1114709500,0.0384931538,0.0954472087,0.0800926108,0.0220614095,0.0669427533,0.1114709500,0.0384931538,0.0954472087,0.0729777962,0.0160237413,0.0569540549
train:8905,0,-1.9447222948,-1.9453013520,0.0005790572,0.0071526889,-0.1738933351,0.1244747899,-0.0242256503,-0.1903250795,0.0959703345,0.0071526889,0.1738933351,0.1244747899,-0.1667406462,-0.1173221011,-0.0494185452
train:8913,0,-0.9865452647,-0.9871243220,0.0005790572,-0.0771987315,-0.0422134426,-0.0287107565,-0.1085770707,-0.0586451869,-0.0572152119,0.0771987315,0.0422134426,0.0287107565,0.0349852890,0.0484879751,-0.0135026861
train:8917,0,-0.0942997932,-0.0948788505,0.0005790572,-0.0655383419,-0.0151449990,0.0309983306,-0.0969166811,-0.0315767433,0.0024938751,0.0655383419,0.0151449990,0.0309983306,0.0503933430,0.0345400114,0.0158533316
train:8918,0,0.5176545382,0.5170754809,0.0005790572,-0.0698406573,-0.0775185254,-0.0234022476,-0.1012189965,-0.0939502697,-0.0519067030,0.0698406573,0.0775185254,0.0234022476,-0.0076778680,0.0464384098,-0.0541162778
train:8920,0,1.3806740046,1.3800949473,0.0005790572,-0.0065843936,-0.0421676662,-0.0515198447,-0.0379627328,-0.0585994106,-0.0800243001,0.0065843936,0.0421676662,0.0515198447,-0.0355832726,-0.0449354511,0.0093521785
train:8934,0,1.7904583216,1.7898792643,0.0005790572,-0.0230860587,-0.0964421060,-0.1156638600,-0.0544643979,-0.1128738504,-0.1441683154,0.0230860587,0.0964421060,0.1156638600,-0.0733560473,-0.0925778013,0.0192217540
train:8935,0,1.4944144487,1.4938353915,0.0005790572,0.0217545155,0.0796908114,0.0545665286,-0.0096238237,0.0632590670,0.0260620732,0.0217545155,0.0796908114,0.0545665286,-0.0579362959,-0.0328120131,-0.0251242828
train:8937,0,2.4576387405,2.4570596833,0.0005790572,0.0126115207,0.0352630589,0.0127090476,-0.0187668185,0.0188313145,-0.0157954078,0.0126115207,0.0352630589,0.0127090476,-0.0226515383,-0.0000975270,-0.0225540113
train:8938,0,-0.1026195437,-0.1031986009,0.0005790572,-0.2092992988,0.0266366649,0.0518757962,-0.2406776380,0.0102049206,0.0233713407,0.2092992988,0.0266366649,0.0518757962,0.1826626338,0.1574235026,0.0252391312
train:8942,-1,-5.0726208687,-1.6075813401,-3.4650395286,-0.3402296428,-0.0925483975,-0.0285615906,-0.3716079820,-0.1089801419,-0.0570660460,0.3402296428,0.0925483975,0.0285615906,0.2476812452,0.3116680522,-0.0639868070
train:8944,0,-2.4347255230,-2.4353045802,0.0005790572,0.0611111049,0.0737934086,0.1882380508,0.0297327657,0.0573616643,0.1597335953,0.0611111049,0.0737934086,0.1882380508,-0.0126823038,-0.1271269459,0.1144446421
train:8949,0,-0.3770338893,-0.3776129465,0.0005790572,-0.0812939283,-0.0937720563,-0.0520874001,-0.1126722675,-0.1102038007,-0.0805918555,0.0812939283,0.0937720563,0.0520874001,-0.0124781281,0.0292065282,-0.0416846562
train:8968,0,-2.6552288532,-2.6558079105,0.0005790572,0.0600170020,0.1087424729,0.1103037857,0.0286386628,0.0923107285,0.0817993302,0.0600170020,0.1087424729,0.1103037857,-0.0487254709,-0.0502867837,0.0015613128
train:8971,0,-0.7967318296,-0.7973108869,0.0005790572,-0.1681781288,-0.1208583143,-0.1289573051,-0.1995564680,-0.1372900586,-0.1574617605,0.1681781288,0.1208583143,0.1289573051,0.0473198146,0.0392208237,0.0080989908
train:8983,0,2.0652081966,2.0646291394,0.0005790572,0.0268169764,0.0070650551,-0.0258801915,-0.0045613628,-0.0093666892,-0.0543846469,0.0268169764,0.0070650551,0.0258801915,0.0197519213,0.0009367850,0.0188151363
train:8984,-1,-1.2480189800,2.2170205485,-3.4650395286,0.0303197976,-0.0332885060,-0.1516216978,-0.0010585416,-0.0497202504,-0.1801261533,0.0303197976,0.0332885060,0.1516216978,-0.0029687084,-0.1213019002,0.1183331918
train:8991,0,1.0539993048,1.0534202475,0.0005790572,-0.0063960429,0.0015305255,0.0053847097,-0.0377743821,-0.0149012189,-0.0231197458,0.0063960429,0.0015305255,0.0053847097,0.0048655175,0.0010113333,0.0038541842
train:8998,0,2.0312366486,2.0306575913,0.0005790572,0.0083748225,-0.0151410129,-0.0725658871,-0.0230035167,-0.0315727573,-0.1010703426,0.0083748225,0.0151410129,0.0725658871,-0.0067661904,-0.0641910646,0.0574248742
train:9003,0,2.2203607559,2.2197816987,0.0005790572,0.0935973052,0.0295040581,0.0532609485,0.0622189660,0.0130723138,0.0247564931,0.0935973052,0.0295040581,0.0532609485,0.0640932471,0.0403363567,0.0237568904
train:9005,0,-1.7951518297,-1.7957308870,0.0005790572,-0.0229226228,0.0814319823,0.1296235584,-0.0543009620,0.0650002379,0.1011191029,0.0229226228,0.0814319823,0.1296235584,-0.0585093595,-0.1067009356,0.0481915761
train:9006,0,-2.4383902550,-2.4389693122,0.0005790572,0.0419963721,-0.1733703639,-0.0494352318,0.0106180329,-0.1898021083,-0.0779396873,0.0419963721,0.1733703639,0.0494352318,-0.1313739918,-0.0074388597,-0.1239351321
train:9015,0,1.3220628500,1.3214837928,0.0005790572,-0.0112324830,-0.0092566039,-0.0005627610,-0.0426108222,-0.0256883483,-0.0290672164,0.0112324830,0.0092566039,0.0005627610,0.0019758791,0.0106697220,-0.0086938430
train:9026,0,-1.7569996119,-1.7575786691,0.0005790572,-0.0052529451,0.0097104285,-0.0826078393,-0.0366312843,-0.0067213159,-0.1111122947,0.0052529451,0.0097104285,0.0826078393,-0.0044574834,-0.0773548942,0.0728974108
train:9035,0,-1.3916940689,-1.3922731261,0.0005790572,0.0058995608,0.0700380776,0.1434717439,-0.0254787784,0.0536063332,0.1149672885,0.0058995608,0.0700380776,0.1434717439,-0.0641385168,-0.1375721831,0.0734336663
train:9038,0,0.9006689787,0.9000899215,0.0005790572,-0.0471759316,0.0482204530,-0.0447300412,-0.0785542708,0.0317887087,-0.0732344966,0.0471759316,0.0482204530,0.0447300412,-0.0010445215,0.0024458904,-0.0034904119
train:9046,0,1.1637327671,1.1631537099,0.0005790572,0.0284659985,0.0530078385,0.0404920839,-0.0029123407,0.0365760941,0.0119876284,0.0284659985,0.0530078385,0.0404920839,-0.0245418400,-0.0120260853,-0.0125157546
train:9053,0,2.8878974915,2.8873184342,0.0005790572,-0.0703028318,-0.0759453800,-0.0921755768,-0.1016811710,-0.0923771243,-0.1206800323,0.0703028318,0.0759453800,0.0921755768,-0.0056425482,-0.0218727451,0.0162301969
train:9054,0,1.0735020638,1.0729230065,0.0005790572,0.0074900512,-0.1559295680,-0.1606884934,-0.0238882880,-0.1723613124,-0.1891929488,0.0074900512,0.1559295680,0.1606884934,-0.1484395169,-0.1531984422,0.0047589254
train:9056,0,0.1249756366,0.1243965794,0.0005790572,0.2305287171,0.3107528511,0.3236297630,0.1991503779,0.2943211068,0.2951253075,0.2305287171,0.3107528511,0.3236297630,-0.0802241340,-0.0931010459,0.0128769118
train:9062,0,-2.3508718014,-2.3514508586,0.0005790572,0.0202263717,0.1737289403,0.1872784160,-0.0111519675,0.1572971959,0.1587739606,0.0202263717,0.1737289403,0.1872784160,-0.1535025686,-0.1670520444,0.0135494758
train:9068,0,1.2360177040,1.2354386468,0.0005790572,-0.0769553062,0.0841430399,0.1557897590,-0.1083336454,0.0677112956,0.1272853036,0.0769553062,0.0841430399,0.1557897590,-0.0071877338,-0.0788344528,0.0716467191
train:9076,0,-1.1860135794,-1.1865926366,0.0005790572,-0.0470130321,-0.0372644689,-0.0808847882,-0.0783913713,-0.0536962133,-0.1093892436,0.0470130321,0.0372644689,0.0808847882,0.0097485632,-0.0338717561,0.0436203193
train:9083,0,-0.3749683797,-0.3755474370,0.0005790572,-0.0484869953,-0.1418791141,-0.0570283569,-0.0798653345,-0.1583108585,-0.0855328124,0.0484869953,0.1418791141,0.0570283569,-0.0933921188,-0.0085413616,-0.0848507572
train:9095,0,-2.2101206779,-2.2106997352,0.0005790572,-0.2572281238,-0.3533781793,-0.1971301772,-0.2886064630,-0.3698099237,-0.2256346326,0.2572281238,0.3533781793,0.1971301772,-0.0961500555,0.0600979466,-0.1562480021
train:9098,0,1.4827790260,1.4821999688,0.0005790572,0.0441402320,0.0574552987,-0.0098938681,0.0127618928,0.0410235543,-0.0383983236,0.0441402320,0.0574552987,0.0098938681,-0.0133150667,0.0342463639,-0.0475614306
train:9103,0,1.2153823376,1.2148032803,0.0005790572,0.0603333834,0.0152664158,0.0644369386,0.0289550442,-0.0011653285,0.0359324832,0.0603333834,0.0152664158,0.0644369386,0.0450669676,-0.0041035552,0.0491705228
train:9107,0,1.8455616236,1.8449825663,0.0005790572,0.0232774142,-0.0045903947,0.0531559251,-0.0081009250,-0.0210221391,0.0246514697,0.0232774142,0.0045903947,0.0531559251,0.0186870195,-0.0298785109,0.0485655304
train:9112,0,0.6433901787,0.6428111214,0.0005790572,0.0514220122,0.0624603007,0.0352877639,0.0200436730,0.0460285563,0.0067833085,0.0514220122,0.0624603007,0.0352877639,-0.0110382885,0.0161342483,-0.0271725368
train:9118,0,1.2140029669,1.2134239096,0.0005790572,-0.0668123838,-0.0501782920,-0.0474863984,-0.0981907230,-0.0666100364,-0.0759908538,0.0668123838,0.0501782920,0.0474863984,0.0166340917,0.0193259854,-0.0026918937
train:9122,0,2.5002064705,2.4996274133,0.0005790572,0.0975004557,0.0761885617,-0.0771742798,0.0661221165,0.0597568173,-0.1056787353,0.0975004557,0.0761885617,0.0771742798,0.0213118941,0.0203261759,0.0009857182
train:9132,0,-1.9638551474,-1.9644342046,0.0005790572,-0.7088585969,-0.5259270694,-0.6230047680,-0.7402369361,-0.5423588138,-0.6515092235,0.7088585969,0.5259270694,0.6230047680,0.1829315275,0.0858538289,0.0970776986
train:9136,0,1.4223718643,1.4217928071,0.0005790572,-0.0147933837,0.0327820752,0.0179763101,-0.0461717229,0.0163503308,-0.0105281453,0.0147933837,0.0327820752,0.0179763101,-0.0179886915,-0.0031829264,-0.0148057651
train:9141,0,0.5080849528,0.5075058956,0.0005790572,0.1449358586,0.1105082307,0.2625544332,0.1135575194,0.0940764863,0.2340499778,0.1449358586,0.1105082307,0.2625544332,0.0344276279,-0.1176185746,0.1520462025
train:9146,0,1.3941367865,1.3935577292,0.0005790572,-0.0328606244,0.0351396773,0.0296615623,-0.0642389636,0.0187079329,0.0011571069,0.0328606244,0.0351396773,0.0296615623,-0.0022790529,0.0031990621,-0.0054781150
train:9157,0,-2.1847121716,-2.1852912288,0.0005790572,-0.2064726230,-0.1612212684,-0.1691763140,-0.2378509622,-0.1776530128,-0.1976807695,0.2064726230,0.1612212684,0.1691763140,0.0452513546,0.0372963090,0.0079550456
train:9158,0,0.4466719627,0.4460929055,0.0005790572,-0.0083398696,0.0884403560,0.1007434987,-0.0397182088,0.0720086117,0.0722390432,0.0083398696,0.0884403560,0.1007434987,-0.0801004864,-0.0924036290,0.0123031426
train:9159,-2,-7.3146982193,-0.3840401049,-6.9306581144,-0.7201237153,-0.5080870609,-0.7023294799,-0.7515020545,-0.5245188053,-0.7308339353,0.7201237153,0.5080870609,0.7023294799,0.2120366544,0.0177942354,0.1942424189
train:9169,0,-2.2668998241,-2.2674788814,0.0005790572,-3.0321013805,-2.3470204424,-2.8780296780,-3.0634797197,-2.3634521868,-2.9065341335,3.0321013805,2.3470204424,2.8780296780,0.6850809380,0.1540717024,0.5310092356
train:9181,0,1.7815219164,1.7809428592,0.0005790572,0.0619905118,0.0370241377,-0.0511765219,0.0306121726,0.0205923934,-0.0796809774,0.0619905118,0.0370241377,0.0511765219,0.0249663740,0.0108139899,0.0141523842
train:9183,0,-1.7915824652,-1.7921615224,0.0005790572,-0.8685038563,-0.3811675336,-0.6694142558,-0.8998821955,-0.3975992780,-0.6979187112,0.8685038563,0.3811675336,0.6694142558,0.4873363227,0.1990896005,0.2882467221
train:9189,0,2.0039482117,2.0033691544,0.0005790572,-0.0770467397,-0.0675818946,-0.0569804646,-0.1084250789,-0.0840136390,-0.0854849200,0.0770467397,0.0675818946,0.0569804646,0.0094648451,0.0200662751,-0.0106014300
train:9192,0,2.5854003429,2.5848212857,0.0005790572,0.0451122645,-0.0136637714,-0.0597256161,0.0137339253,-0.0300955158,-0.0882300716,0.0451122645,0.0136637714,0.0597256161,0.0314484931,-0.0146133516,0.0460618447
train:9200,0,0.5578545332,0.5572754760,0.0005790572,0.3962888990,0.4008950565,0.3838177435,0.3649105598,0.3844633121,0.3553132881,0.3962888990,0.4008950565,0.3838177435,-0.0046061575,0.0124711554,-0.0170773130
train:9201,0,-1.1464402676,-1.1470193248,0.0005790572,-0.0989886399,-0.1511909392,0.0186765455,-0.1303669791,-0.1676226835,-0.0098279100,0.0989886399,0.1511909392,0.0186765455,-0.0522022992,0.0803120945,-0.1325143937
train:9217,0,1.2932052612,1.2926262040,0.0005790572,-0.0352436181,-0.0772343900,-0.1406888701,-0.0666219573,-0.0936661344,-0.1691933255,0.0352436181,0.0772343900,0.1406888701,-0.0419907719,-0.1054452520,0.0634544801
train:9228,0,0.7976016998,0.7970226426,0.0005790572,-0.0872402664,-0.0701093104,-0.0688658096,-0.1186186056,-0.0865410547,-0.0973702650,0.0872402664,0.0701093104,0.0688658096,0.0171309561,0.0183744568,-0.0012435008
train:9231,0,-0.3631184101,-0.3636974673,0.0005790572,-0.0290271815,0.0272352669,0.0297538303,-0.0604055207,0.0108035226,0.0012493748,0.0290271815,0.0272352669,0.0297538303,0.0017919146,-0.0007266488,0.0025185634
train:9233,0,-0.1986960769,-0.1992751341,0.0005790572,0.0538821343,0.1390341792,0.1152599715,0.0225037951,0.1226024349,0.0867555160,0.0538821343,0.1390341792,0.1152599715,-0.0851520449,-0.0613778371,-0.0237742077
train:9234,0,-1.5631440878,-1.5637231450,0.0005790572,-0.2239091273,-0.2423616674,-0.3280247189,-0.2552874665,-0.2587934118,-0.3565291744,0.2239091273,0.2423616674,0.3280247189,-0.0184525400,-0.1041155916,0.0856630515
train:9246,0,2.2152414322,2.2146623750,0.0005790572,0.0395723704,0.0425684426,-0.0482276417,0.0081940312,0.0261366982,-0.0767320972,0.0395723704,0.0425684426,0.0482276417,-0.0029960722,-0.0086552713,0.0056591991
train:9260,0,2.3720033169,2.3714242596,0.0005790572,0.0139349822,-0.0656693008,-0.0796860196,-0.0174433570,-0.0821010452,-0.1081904750,0.0139349822,0.0656693008,0.0796860196,-0.0517343186,-0.0657510374,0.0140167188
train:9265,0,1.7153897285,1.7148106713,0.0005790572,-0.0240183946,-0.0044956233,-0.0371466614,-0.0553967338,-0.0209273677,-0.0656511169,0.0240183946,0.0044956233,0.0371466614,0.0195227712,-0.0131282668,0.0326510381
train:9290,-1,-4.3448696136,-0.8798300851,-3.4650395286,-0.1097623829,-0.1468428049,-0.1576169714,-0.1411407221,-0.1632745493,-0.1861214269,0.1097623829,0.1468428049,0.1576169714,-0.0370804220,-0.0478545885,0.0107741665
train:9291,0,-2.6178708076,-2.6184498649,0.0005790572,-0.0192171212,-0.1832444694,0.0807961486,-0.0505954604,-0.1996762138,0.0522916932,0.0192171212,0.1832444694,0.0807961486,-0.1640273482,-0.0615790274,-0.1024483208
train:9296,0,-0.5860454440,-0.5866245013,0.0005790572,-0.0048521038,0.0895918582,-0.0117392279,-0.0362304430,0.0731601138,-0.0402436834,0.0048521038,0.0895918582,0.0117392279,-0.0847397543,-0.0068871241,-0.0778526302
train:9297,0,-2.0981063843,-2.0986854415,0.0005790572,-0.1234977122,-0.2315305498,-0.1493301131,-0.1548760514,-0.2479622941,-0.1778345685,0.1234977122,0.2315305498,0.1493301131,-0.1080328375,-0.0258324008,-0.0822004367
train:9303,0,-2.9990220070,-2.9996010642,0.0005790572,-0.1672998544,-0.0475246932,-0.0985642411,-0.1986781936,-0.0639564376,-0.1270686965,0.1672998544,0.0475246932,0.0985642411,0.1197751611,0.0687356133,0.0510395478
train:9306,0,-3.2297828197,-3.2303618770,0.0005790572,-0.0245500680,-0.2499241855,-0.1499713399,-0.0559284072,-0.2663559299,-0.1784757953,0.0245500680,0.2499241855,0.1499713399,-0.2253741175,-0.1254212718,-0.0999528457
train:9310,0,0.0945397690,0.0939607118,0.0005790572,0.0683243249,0.0911759261,0.1318738349,0.0369459857,0.0747441817,0.1033693794,0.0683243249,0.0911759261,0.1318738349,-0.0228516012,-0.0635495100,0.0406979088
train:9323,0,-0.6021967530,-0.6027758103,0.0005790572,-0.1754435476,-0.1649504628,-0.0606702901,-0.2068218868,-0.1813822072,-0.0891747456,0.1754435476,0.1649504628,0.0606702901,0.0104930848,0.1147732575,-0.1042801727
train:9327,0,1.2409352064,1.2403561492,0.0005790572,-0.1102180358,-0.0432266023,-0.0001402833,-0.1415963750,-0.0596583467,-0.0286447387,0.1102180358,0.0432266023,0.0001402833,0.0669914335,0.1100777526,-0.0430863191
train:9350,0,2.5877962112,2.5872171540,0.0005790572,-0.0846828099,0.0340311501,-0.0497890450,-0.1160611491,0.0175994057,-0.0782935004,0.0846828099,0.0340311501,0.0497890450,0.0506516598,0.0348937649,0.0157578949
train:9354,0,-1.5394876003,-1.5400666576,0.0005790572,0.0375548724,0.0565617058,0.1489031576,0.0061765332,0.0401299615,0.1203987021,0.0375548724,0.0565617058,0.1489031576,-0.0190068334,-0.1113482852,0.0923414517
train:9360,0,-2.0534722805,-2.0540513377,0.0005790572,0.0999461535,-0.0592324760,0.0140391849,0.0685678143,-0.0756642204,-0.0144652705,0.0999461535,0.0592324760,0.0140391849,0.0407136775,0.0859069686,-0.0451932911
train:9364,0,-0.8501363993,-0.8507154565,0.0005790572,0.0506654505,-0.1674511459,-0.0743190981,0.0192871113,-0.1838828902,-0.1028235536,0.0506654505,0.1674511459,0.0743190981,-0.1167856954,-0.0236536477,-0.0931320477
train:9366,0,2.0030393600,2.0024603028,0.0005790572,-0.0855797406,-0.1492059257,-0.0475808121,-0.1169580798,-0.1656376701,-0.0760852676,0.0855797406,0.1492059257,0.0475808121,-0.0636261851,0.0379989285,-0.1016251136
train:9372,0,1.5878819227,1.5873028655,0.0005790572,0.0715019826,-0.0027556446,0.0536121391,0.0401236434,-0.0191873889,0.0251076836,0.0715019826,0.0027556446,0.0536121391,0.0687463380,0.0178898435,0.0508564945
train:9378,0,0.9460737109,0.9454946537,0.0005790572,-0.0179850336,-0.0142266776,-0.0121643879,-0.0493633728,-0.0306584220,-0.0406688433,0.0179850336,0.0142266776,0.0121643879,0.0037583560,0.0058206458,-0.0020622898
train:9379,0,-0.1905502826,-0.1911293398,0.0005790572,0.0928419206,0.1156360034,0.1189855449,0.0614635814,0.0992042590,0.0904810895,0.0928419206,0.1156360034,0.1189855449,-0.0227940828,-0.0261436243,0.0033495415
train:9382,0,1.1245943308,1.1240152735,0.0005790572,0.0580674533,-0.0119279649,0.0305649303,0.0266891141,-0.0283597093,0.0020604749,0.0580674533,0.0119279649,0.0305649303,0.0461394884,0.0275025230,0.0186369654
train:9383,0,1.9850831032,1.9845040459,0.0005790572,0.0511703614,0.0607253287,0.0346958898,0.0197920222,0.0442935843,0.0061914344,0.0511703614,0.0607253287,0.0346958898,-0.0095549673,0.0164744716,-0.0260294389
train:9399,0,0.9953767061,0.9947976489,0.0005790572,0.0145352010,-0.0180101421,0.0156079791,-0.0168431382,-0.0344418864,-0.0128964763,0.0145352010,0.0180101421,0.0156079791,-0.0034749411,-0.0010727782,-0.0024021629
train:9408,0,0.4308848679,0.4303058107,0.0005790572,0.0410395387,-0.0288446274,-0.1084000506,0.0096611995,-0.0452763717,-0.1369045060,0.0410395387,0.0288446274,0.1084000506,0.0121949114,-0.0673605118,0.0795554232
train:9411,0,-0.2546634972,-0.2552425544,0.0005790572,0.0425025944,-0.0315183427,0.2171250544,0.0111242552,-0.0479500871,0.1886205990,0.0425025944,0.0315183427,0.2171250544,0.0109842516,-0.1746224601,0.1856067117
train:9412,0,0.3429609239,0.3423818667,0.0005790572,0.0451560739,0.1127590809,0.0094435178,0.0137777347,0.0963273365,-0.0190609377,0.0451560739,0.1127590809,0.0094435178,-0.0676030070,0.0357125562,-0.1033155631
train:9426,0,1.1467462778,1.1461672206,0.0005790572,0.0462722901,0.2046703670,0.0944379829,0.0148939509,0.1882386226,0.0659335274,0.0462722901,0.2046703670,0.0944379829,-0.1583980769,-0.0481656928,-0.1102323841
train:9429,0,-1.5114110708,-1.5119901281,0.0005790572,0.0279785518,0.1007598612,0.0415905975,-0.0033997874,0.0843281169,0.0130861420,0.0279785518,0.1007598612,0.0415905975,-0.0727813095,-0.0136120457,-0.0591692638
train:9432,0,-1.0638586283,-1.0644376855,0.0005790572,0.1061673287,0.0549901698,0.1561662219,0.0747889895,0.0385584254,0.1276617665,0.1061673287,0.0549901698,0.1561662219,0.0511771590,-0.0499988932,0.1011760522
train:9434,0,-0.4297539890,-0.4303330462,0.0005790572,0.0541899923,0.2580297265,0.1262140237,0.0228116531,0.2415979821,0.0977095682,0.0541899923,0.2580297265,0.1262140237,-0.2038397342,-0.0720240314,-0.1318157028
train:9438,0,-0.8467282057,-0.8473072629,0.0005790572,-0.0038201090,-0.0093303945,0.1224314235,-0.0351984482,-0.0257621389,0.0939269681,0.0038201090,0.0093303945,0.1224314235,-0.0055102855,-0.1186113145,0.1131010290
train:9449,0,0.2543359399,0.2537568826,0.0005790572,0.2416842591,0.1504477832,0.1488463096,0.2103059199,0.1340160389,0.1203418542,0.2416842591,0.1504477832,0.1488463096,0.0912364759,0.0928379495,-0.0016014736
train:9454,0,2.5843894482,2.5838103909,0.0005790572,-0.1119171258,0.0916004155,-0.0391577221,-0.1432954650,0.0751686711,-0.0676621776,0.1119171258,0.0916004155,0.0391577221,0.0203167103,0.0727594037,-0.0524426933
train:9457,0,-0.3894456625,-0.3900247197,0.0005790572,-0.0229567167,0.1044613097,0.0897212289,-0.0543350559,0.0880295653,0.0612167735,0.0229567167,0.1044613097,0.0897212289,-0.0815045930,-0.0667645123,-0.0147400808
train:9461,0,2.6269383430,2.6263592858,0.0005790572,-0.0739017602,-0.0745191600,-0.0918389298,-0.1052800994,-0.0909509044,-0.1203433852,0.0739017602,0.0745191600,0.0918389298,-0.0006173998,-0.0179371696,0.0173197698
train:9462,0,0.1106187031,0.1100396458,0.0005790572,-0.1929840397,-0.2154981297,-0.1512555890,-0.2243623789,-0.2319298740,-0.1797600444,0.1929840397,0.2154981297,0.1512555890,-0.0225140899,0.0417284507,-0.0642425407
train:9488,0,1.5564951897,1.5559161324,0.0005790572,-0.0082657214,-0.0311499860,-0.0541963317,-0.0396440606,-0.0475817304,-0.0827007871,0.0082657214,0.0311499860,0.0541963317,-0.0228842646,-0.0459306102,0.0230463456
train:9491,0,-1.0755224228,-1.0761014800,0.0005790572,0.0045967225,0.0600252125,0.2095189355,-0.0267816167,0.0435934682,0.1810144801,0.0045967225,0.0600252125,0.2095189355,-0.0554284900,-0.2049222130,0.1494937230
train:9492,-1,-5.3200936317,-1.8550541032,-3.4650395286,0.0912866470,0.0304001298,0.1676652447,0.0599083078,0.0139683854,0.1391607892,0.0912866470,0.0304001298,0.1676652447,0.0608865172,-0.0763785977,0.1372651149
train:9499,-1,-2.7427680492,0.7222714793,-3.4650395286,0.1334182497,0.1302258100,0.0977482215,0.1020399105,0.1137940657,0.0692437660,0.1334182497,0.1302258100,0.0977482215,0.0031924397,0.0356700282,-0.0324775886
train:9508,0,-0.8881314397,-0.8887104969,0.0005790572,0.1052898291,0.1830059860,0.3287869357,0.0739114899,0.1665742416,0.3002824802,0.1052898291,0.1830059860,0.3287869357,-0.0777161568,-0.2234971065,0.1457809497
train:9509,0,-4.0533304214,-4.0539094787,0.0005790572,-0.0932329770,-0.0884978797,0.0606116317,-0.1246113162,-0.1049296241,0.0321071763,0.0932329770,0.0884978797,0.0606116317,0.0047350973,0.0326213453,-0.0278862480
train:9514,0,0.9489477873,0.9483687300,0.0005790572,0.0502811197,0.0599620316,0.0936866067,0.0189027805,0.0435302872,0.0651821513,0.0502811197,0.0599620316,0.0936866067,-0.0096809119,-0.0434054870,0.0337245751
train:9516,0,-4.6299619675,-4.6305410247,0.0005790572,0.1722763900,0.1489646409,-0.0824585892,0.1408980508,0.1325328965,-0.1109630447,0.1722763900,0.1489646409,0.0824585892,0.0233117491,0.0898178007,-0.0665060516
train:9518,0,-3.8953709602,-3.8959500175,0.0005790572,-0.0372484800,-0.0612795379,0.0801471733,-0.0686268192,-0.0777112823,0.0516427178,0.0372484800,0.0612795379,0.0801471733,-0.0240310580,-0.0428986933,0.0188676353
train:9523,0,0.0807523131,0.0801732559,0.0005790572,-0.0160780724,0.0920926306,0.0449959747,-0.0474564116,0.0756608863,0.0164915193,0.0160780724,0.0920926306,0.0449959747,-0.0760145582,-0.0289179023,-0.0470966559
train:9525,0,0.8129082322,0.8123291750,0.0005790572,0.0128382567,0.0274975274,0.0303792618,-0.0185400825,0.0110657830,0.0018748064,0.0128382567,0.0274975274,0.0303792618,-0.0146592706,-0.0175410051,0.0028817345
train:9527,0,1.0447030067,1.0441239495,0.0005790572,0.0037531976,-0.0370523956,-0.0590308644,-0.0276251416,-0.0534841399,-0.0875353198,0.0037531976,0.0370523956,0.0590308644,-0.0332991980,-0.0552776668,0.0219784688
train:9532,0,0.5596047044,0.5590256471,0.0005790572,-0.0017696496,-0.0175842073,0.0168058537,-0.0331479888,-0.0340159517,-0.0116986017,0.0017696496,0.0175842073,0.0168058537,-0.0158145577,-0.0150362041,-0.0007783536
train:9537,0,2.3029663563,2.3023872990,0.0005790572,-0.1440201875,-0.1187753704,-0.2173477150,-0.1753985267,-0.1352071147,-0.2458521705,0.1440201875,0.1187753704,0.2173477150,0.0252448171,-0.0733275276,0.0985723447
train:9539,0,-1.3966231346,-1.3972021919,0.0005790572,-0.1045175668,-0.0559911754,-0.1252563931,-0.1358959060,-0.0724229198,-0.1537608485,0.1045175668,0.0559911754,0.1252563931,0.0485263914,-0.0207388263,0.0692652177
train:9541,0,0.7693321109,0.7687530536,0.0005790572,0.1952822331,0.1632249925,0.0865810774,0.1639038939,0.1467932482,0.0580766220,0.1952822331,0.1632249925,0.0865810774,0.0320572406,0.1087011557,-0.0766439151
train:9549,0,0.4772676528,0.4766885955,0.0005790572,-0.0701590356,-0.0440300431,0.0090969764,-0.1015373748,-0.0604617875,-0.0194074791,0.0701590356,0.0440300431,0.0090969764,0.0261289924,0.0610620592,-0.0349330667
train:9553,0,0.9629833102,0.9624042530,0.0005790572,-0.1102773424,-0.1537790921,-0.0400593616,-0.1416556816,-0.1702108364,-0.0685638170,0.1102773424,0.1537790921,0.0400593616,-0.0435017496,0.0702179808,-0.1137197305
train:9561,0,1.4968374968,1.4962584395,0.0005790572,-0.0099245187,0.0763131354,0.0360874198,-0.0413028579,0.0598813910,0.0075829644,0.0099245187,0.0763131354,0.0360874198,-0.0663886167,-0.0261629011,-0.0402257156
train:9563,0,0.0847484618,0.0841694046,0.0005790572,0.0661321331,0.0028853763,0.0885274075,0.0347537939,-0.0135463681,0.0600229521,0.0661321331,0.0028853763,0.0885274075,0.0632467568,-0.0223952744,0.0856420312
train:9566,0,1.6113351583,1.6107561011,0.0005790572,0.0708965186,0.0435157988,0.1025507711,0.0395181794,0.0270840544,0.0740463156,0.0708965186,0.0435157988,0.1025507711,0.0273807198,-0.0316542525,0.0590349723
train:9572,0,0.7275204062,0.7269413490,0.0005790572,0.0262345198,0.0088253591,0.0062554143,-0.0051438194,-0.0076063853,-0.0222490411,0.0262345198,0.0088253591,0.0062554143,0.0174091607,0.0199791055,-0.0025699448
train:9574,0,1.2996109724,1.2990319152,0.0005790572,-0.0086413499,0.0779806349,0.1329088472,-0.0400196891,0.0615488906,0.1044043917,0.0086413499,0.0779806349,0.1329088472,-0.0693392850,-0.1242674973,0.0549282122
train:9575,0,-1.1490825415,-1.1496615987,0.0005790572,-0.1237129446,-0.1179448392,-0.0512671210,-0.1550912838,-0.1343765836,-0.0797715764,0.1237129446,0.1179448392,0.0512671210,0.0057681054,0.0724458236,-0.0666777182
train:9577,0,0.5017180443,0.5011389870,0.0005790572,-0.0551361319,0.0721473072,0.0484471582,-0.0865144711,0.0557155628,0.0199427027,0.0551361319,0.0721473072,0.0484471582,-0.0170111753,0.0066889737,-0.0237001490
train:9582,0,-0.4525308907,-0.4531099479,0.0005790572,0.0203452233,-0.0020158615,0.0030596219,-0.0110331159,-0.0184476059,-0.0254448335,0.0203452233,0.0020158615,0.0030596219,0.0183293618,0.0172856014,0.0010437604
train:9600,0,-0.0568177961,-0.0573968533,0.0005790572,-0.0502779249,0.1367878031,-0.0374334902,-0.0816562641,0.1203560587,-0.0659379456,0.0502779249,0.1367878031,0.0374334902,-0.0865098782,0.0128444348,-0.0993543129
train:9608,0,-1.4413405657,-1.4419196229,0.0005790572,-0.1990104791,-0.1051244762,-0.0964520909,-0.2303888183,-0.1215562206,-0.1249565463,0.1990104791,0.1051244762,0.0964520909,0.0938860029,0.1025583882,-0.0086723853
train:9609,0,2.2502865791,2.2497075219,0.0005790572,0.0141416911,-0.0264587429,-0.1109138466,-0.0172366481,-0.0428904872,-0.1394183021,0.0141416911,0.0264587429,0.1109138466,-0.0123170518,-0.0967721555,0.0844551038
train:9623,0,0.3304377496,0.3298586924,0.0005790572,0.0693158630,0.0808600459,0.1228192858,0.0379375238,0.0644283016,0.0943148304,0.0693158630,0.0808600459,0.1228192858,-0.0115441829,-0.0535034228,0.0419592399
train:9626,0,0.4791749120,0.4785958547,0.0005790572,-0.0299538251,-0.1426781442,-0.0402858593,-0.0613321643,-0.1591098886,-0.0687903147,0.0299538251,0.1426781442,0.0402858593,-0.1127243191,-0.0103320341,-0.1023922850
train:9639,0,1.1486120224,1.1480329652,0.0005790572,-0.0033693191,-0.0139457014,0.0169486068,-0.0347476583,-0.0303774457,-0.0115558486,0.0033693191,0.0139457014,0.0169486068,-0.0105763823,-0.0135792877,0.0030029055
train:9641,0,-1.0492080450,-1.0497871022,0.0005790572,0.0423636559,0.0876351569,0.0463960432,0.0109853167,0.0712034125,0.0178915877,0.0423636559,0.0876351569,0.0463960432,-0.0452715009,-0.0040323872,-0.0412391137
train:9642,0,-0.1310068369,-0.1315858941,0.0005790572,0.0707894687,0.1392445538,0.0310012512,0.0394111295,0.1228128094,0.0024967958,0.0707894687,0.1392445538,0.0310012512,-0.0684550852,0.0397882175,-0.1082433026
train:9644,0,-1.2121342421,-1.2127132993,0.0005790572,0.0349575404,-0.0357058074,0.0537587665,0.0035792012,-0.0521375518,0.0252543111,0.0349575404,0.0357058074,0.0537587665,-0.0007482670,-0.0188012261,0.0180529591
train:9651,0,3.4816744328,3.4810953755,0.0005790572,-0.0281907197,-0.0403227832,-0.0688804127,-0.0595690589,-0.0567545276,-0.0973848682,0.0281907197,0.0403227832,0.0688804127,-0.0121320635,-0.0406896930,0.0285576295
train:9659,0,2.0860912800,2.0855122227,0.0005790572,-0.0694111463,-0.0136809375,-0.0434726216,-0.1007894855,-0.0301126819,-0.0719770770,0.0694111463,0.0136809375,0.0434726216,0.0557302088,0.0259385247,0.0297916841
train:9673,0,-3.2799503803,-3.2805294376,0.0005790572,-0.0107732888,-0.0717074897,0.0423442386,-0.0421516280,-0.0881392341,0.0138397832,0.0107732888,0.0717074897,0.0423442386,-0.0609342009,-0.0315709498,-0.0293632511
train:9674,0,2.2219290733,2.2213500161,0.0005790572,0.0378519419,0.1758954499,0.0425104164,0.0064736027,0.1594637055,0.0140059609,0.0378519419,0.1758954499,0.0425104164,-0.1380435079,-0.0046584744,-0.1333850335
train:9684,0,0.5034523606,0.5028733034,0.0005790572,-0.3239758488,-0.1770775344,-0.1720742323,-0.3553541880,-0.1935092788,-0.2005786877,0.3239758488,0.1770775344,0.1720742323,0.1468983144,0.1519016165,-0.0050033022
train:9689,0,0.4286552072,0.4280761499,0.0005790572,-0.0197096642,-0.0684244063,0.0081474446,-0.0510880034,-0.0848561506,-0.0203570109,0.0197096642,0.0684244063,0.0081474446,-0.0487147421,0.0115622196,-0.0602769617
train:9690,0,-0.2459726036,-0.2465516608,0.0005790572,-0.0380045649,-0.0687937167,0.0033627562,-0.0693829041,-0.0852254610,-0.0251416992,0.0380045649,0.0687937167,0.0033627562,-0.0307891518,0.0346418087,-0.0654309604
train:9693,0,-0.8708052039,-0.8713842612,0.0005790572,-0.0581776973,-0.0428133037,-0.1367212273,-0.0895560365,-0.0592450481,-0.1652256828,0.0581776973,0.0428133037,0.1367212273,0.0153643936,-0.0785435300,0.0939079236
train:9695,0,0.9451634884,0.9445844311,0.0005790572,-0.0268378135,0.0294091079,0.0202299617,-0.0582161527,0.0129773636,-0.0082744937,0.0268378135,0.0294091079,0.0202299617,-0.0025712944,0.0066078518,-0.0091791462
train:9696,0,1.4130263329,1.4124472756,0.0005790572,-0.1946683999,-0.1431733396,-0.1065226533,-0.2260467391,-0.1596050840,-0.1350271087,0.1946683999,0.1431733396,0.1065226533,0.0514950603,0.0881457467,-0.0366506863
train:9698,0,-2.0755472183,-2.0761262756,0.0005790572,-0.0987369891,-0.0382459190,0.0503877662,-0.1301153283,-0.0546776633,0.0218833108,0.0987369891,0.0382459190,0.0503877662,0.0604910702,0.0483492229,0.0121418472
train:9706,-1,-2.6642444134,0.8007951152,-3.4650395286,-0.0693315390,0.0052333202,-0.0740807637,-0.1007098782,-0.0111984241,-0.1025852192,0.0693315390,0.0052333202,0.0740807637,0.0640982188,-0.0047492247,0.0688474435
train:9711,0,1.3091067076,1.3085276503,0.0005790572,0.1073397521,0.0912718747,0.0638165735,0.0759614129,0.0748401303,0.0353121180,0.1073397521,0.0912718747,0.0638165735,0.0160678774,0.0435231786,-0.0274553012
train:9712,0,2.0114266872,2.0108476300,0.0005790572,0.1729055766,0.0829398606,0.0481510423,0.1415272374,0.0665081162,0.0196465869,0.1729055766,0.0829398606,0.0481510423,0.0899657160,0.1247545343,-0.0347888183
train:9726,0,-2.5547034740,-2.5552825313,0.0005790572,-0.1439343568,-0.1346063640,0.0013834499,-0.1753126960,-0.1510381084,-0.0271210056,0.1439343568,0.1346063640,0.0013834499,0.0093279928,0.1425509069,-0.1332229141
train:9729,0,-0.2880100906,-0.2885891478,0.0005790572,-0.0992686328,-0.1206865635,-0.1381567307,-0.1306469720,-0.1371183079,-0.1666611861,0.0992686328,0.1206865635,0.1381567307,-0.0214179307,-0.0388880979,0.0174701672
train:9734,0,-0.0656223297,-0.0662013870,0.0005790572,-0.0841794264,0.0047686148,-0.0414936878,-0.1155577656,-0.0116631295,-0.0699981432,0.0841794264,0.0047686148,0.0414936878,0.0794108115,0.0426857386,0.0367250729
train:9752,0,1.8201886415,1.8196095843,0.0005790572,0.0092959527,-0.0481312301,-0.0430258252,-0.0220823865,-0.0645629745,-0.0715302806,0.0092959527,0.0481312301,0.0430258252,-0.0388352774,-0.0337298725,-0.0051054049
train:9761,0,1.9605805874,1.9600015301,0.0005790572,0.0568241004,0.0862815354,0.0267169736,0.0254457612,0.0698497910,-0.0017874818,0.0568241004,0.0862815354,0.0267169736,-0.0294574350,0.0301071267,-0.0595645618
train:9768,0,0.1543786228,0.1537995655,0.0005790572,-0.1291610178,-0.0084670808,0.0150360875,-0.1605393570,-0.0248988252,-0.0134683680,0.1291610178,0.0084670808,0.0150360875,0.1206939369,0.1141249303,0.0065690067
train:9780,0,0.6165284514,0.6159493942,0.0005790572,0.0484534625,0.0405938599,0.0038213991,0.0170751233,0.0241621156,-0.0246830564,0.0484534625,0.0405938599,0.0038213991,0.0078596026,0.0446320634,-0.0367724609
train:9782,0,0.1635247171,0.1629456599,0.0005790572,-0.0522026297,-0.0324940112,-0.0325927921,-0.0835809689,-0.0489257555,-0.0610972475,0.0522026297,0.0324940112,0.0325927921,0.0197086185,0.0196098376,0.0000987809
train:9784,0,-3.6303486824,-3.6309277396,0.0005790572,-0.2263063070,-0.3045704391,-0.3075395562,-0.2576846462,-0.3210021835,-0.3360440116,0.2263063070,0.3045704391,0.3075395562,-0.0782641321,-0.0812332492,0.0029691171
train:9786,0,3.1760163307,3.1754372735,0.0005790572,0.0520531062,-0.0191285636,0.0422691368,0.0206747670,-0.0355603080,0.0137646813,0.0520531062,0.0191285636,0.0422691368,0.0329245426,0.0097839694,0.0231405731
train:9787,0,0.2646335065,0.2640544493,0.0005790572,-0.0137475308,0.0110452149,0.1329555772,-0.0451258700,-0.0053865295,0.1044511218,0.0137475308,0.0110452149,0.1329555772,0.0027023159,-0.1192080464,0.1219103623
train:9790,0,-0.2515832186,-0.2521622758,0.0005790572,0.0302307729,0.0688872609,0.0203097574,-0.0011475663,0.0524555166,-0.0081946980,0.0302307729,0.0688872609,0.0203097574,-0.0386564881,0.0099210154,-0.0485775035
train:9791,0,0.1535585374,0.1529794801,0.0005790572,-0.0224785831,-0.0249600586,0.0362966172,-0.0538569223,-0.0413918029,0.0077921618,0.0224785831,0.0249600586,0.0362966172,-0.0024814755,-0.0138180341,0.0113365587
train:9794,0,1.1453042030,1.1447251458,0.0005790572,-0.1865453597,-0.2430335309,-0.1361504532,-0.2179236989,-0.2594652753,-0.1646549087,0.1865453597,0.2430335309,0.1361504532,-0.0564881712,0.0503949065,-0.1068830777
train:9804,0,-0.6564572453,-0.6570363026,0.0005790572,0.0362556700,0.1685482833,0.1861545108,0.0048773308,0.1521165390,0.1576500554,0.0362556700,0.1685482833,0.1861545108,-0.1322926134,-0.1498988409,0.0176062275
train:9810,-1,-2.3953437805,1.0696957481,-3.4650395286,0.0499088641,0.1383866396,0.2283965364,0.0185305249,0.1219548952,0.1998920810,0.0499088641,0.1383866396,0.2283965364,-0.0884777755,-0.1784876723,0.0900098968
train:9813,0,0.1363180280,0.1357389707,0.0005790572,0.0149721328,-0.0062419649,0.0993996076,-0.0164062064,-0.0226737093,0.0708951522,0.0149721328,0.0062419649,0.0993996076,0.0087301679,-0.0844274748,0.0931576427
train:9827,0,-3.6127917767,-3.6133708339,0.0005790572,-0.1010357019,-0.4672155406,-0.2758501507,-0.1324140411,-0.4836472850,-0.3043546062,0.1010357019,0.4672155406,0.2758501507,-0.3661798388,-0.1748144489,-0.1913653899
train:9828,0,-0.0146498336,-0.0152288908,0.0005790572,-0.1278816292,-0.1453179697,-0.1798956683,-0.1592599684,-0.1617497140,-0.2084001237,0.1278816292,0.1453179697,0.1798956683,-0.0174363405,-0.0520140391,0.0345776986
train:9831,0,1.5464805365,1.5459014792,0.0005790572,-0.0055858966,-0.0955451753,-0.1131138541,-0.0369642358,-0.1119769197,-0.1416183095,0.0055858966,0.0955451753,0.1131138541,-0.0899592787,-0.1075279575,0.0175686788
train:9836,0,-0.2580847740,-0.2586638313,0.0005790572,-0.0983025607,-0.0233902659,-0.0509271510,-0.1296808999,-0.0398220103,-0.0794316064,0.0983025607,0.0233902659,0.0509271510,0.0749122947,0.0473754097,0.0275368851
train:9846,0,1.1426855326,1.1421064753,0.0005790572,0.0105399016,0.0209671233,0.0308543704,-0.0208384376,0.0045353789,0.0023499150,0.0105399016,0.0209671233,0.0308543704,-0.0104272217,-0.0203144688,0.0098872472
train:9847,0,0.1608011127,0.1602220554,0.0005790572,-0.0607513663,-0.0325744178,-0.0217298903,-0.0921297055,-0.0490061622,-0.0502343457,0.0607513663,0.0325744178,0.0217298903,0.0281769484,0.0390214760,-0.0108445276
train:9849,0,2.9434659481,2.9428868909,0.0005790572,0.0034984473,0.0741722558,0.0424138568,-0.0278798919,0.0577405114,0.0139094014,0.0034984473,0.0741722558,0.0424138568,-0.0706738085,-0.0389154095,-0.0317583989
train:9852,0,0.7428947687,0.7423157115,0.0005790572,0.1513055686,-0.0291982319,-0.0124945380,0.1199272294,-0.0456299763,-0.0409989934,0.1513055686,0.0291982319,0.0124945380,0.1221073367,0.1388110306,-0.0167036939
train:9863,0,1.5830752850,1.5824962277,0.0005790572,0.0947671059,0.0150291894,0.0431834720,0.0633887667,-0.0014025550,0.0146790166,0.0947671059,0.0150291894,0.0431834720,0.0797379166,0.0515836339,0.0281542827
train:9864,-1,-7.6093773842,-4.1443378556,-3.4650395286,0.0595058080,-0.0990102563,0.0565751806,0.0281274688,-0.1154420007,0.0280707252,0.0595058080,0.0990102563,0.0565751806,-0.0395044483,0.0029306274,-0.0424350757
train:9866,0,2.0886418819,2.0880628247,0.0005790572,0.0732263449,-0.0097136524,0.0216790698,0.0418480057,-0.0261453967,-0.0068253856,0.0732263449,0.0097136524,0.0216790698,0.0635126926,0.0515472751,0.0119654175
train:9867,0,-4.5383529663,-4.5389320235,0.0005790572,-0.1368285295,-0.3523237731,-0.0830789544,-0.1682068687,-0.3687555175,-0.1115834098,0.1368285295,0.3523237731,0.0830789544,-0.2154952437,0.0537495751,-0.2692448188
train:9874,0,2.3722393513,2.3716602940,0.0005790572,-0.0902863618,0.1377143834,-0.0554245450,-0.1216647010,0.1212826390,-0.0839290004,0.0902863618,0.1377143834,0.0554245450,-0.0474280216,0.0348618168,-0.0822898384
train:9878,0,2.3562381268,2.3556590695,0.0005790572,-0.0264695760,0.1225676510,-0.0174680687,-0.0578479152,0.1061359067,-0.0459725242,0.0264695760,0.1225676510,0.0174680687,-0.0960980750,0.0090015072,-0.1050995823
train:9880,0,-2.4085783958,-2.4091574531,0.0005790572,0.0725184802,0.2733869526,0.3913330100,0.0411401410,0.2569552083,0.3628285546,0.0725184802,0.2733869526,0.3913330100,-0.2008684725,-0.3188145299,0.1179460574
train:9882,0,-2.3879783154,-2.3885573726,0.0005790572,-0.2144533273,-0.2613432434,-0.2653447129,-0.2458316665,-0.2777749877,-0.2938491683,0.2144533273,0.2613432434,0.2653447129,-0.0468899161,-0.0508913856,0.0040014695
train:9890,0,-0.0584461465,-0.0590252038,0.0005790572,0.0052507643,0.0639996800,-0.0000796132,-0.0261275749,0.0475679357,-0.0285840686,0.0052507643,0.0639996800,0.0000796132,-0.0587489158,0.0051711511,-0.0639200669
train:9893,0,0.6970900297,0.6965109725,0.0005790572,-0.0445773479,-0.0562618997,-0.0717161633,-0.0759556871,-0.0726936441,-0.1002206187,0.0445773479,0.0562618997,0.0717161633,-0.0116845518,-0.0271388154,0.0154542636
train:9896,0,1.2916694880,1.2910904307,0.0005790572,-0.0669907209,0.0200291846,0.0350878499,-0.0983690601,0.0035974402,0.0065833945,0.0669907209,0.0200291846,0.0350878499,0.0469615363,0.0319028709,0.0150586654
train:9907,0,3.0086040497,3.0080249924,0.0005790572,-0.0549992200,-0.0321347740,-0.1078911759,-0.0863775592,-0.0485665183,-0.1363956313,0.0549992200,0.0321347740,0.1078911759,0.0228644460,-0.0528919559,0.0757564019
train:9909,0,1.5104098320,1.5098307748,0.0005790572,0.0425410394,0.0203788254,-0.0301800705,0.0111627002,0.0039470811,-0.0586845260,0.0425410394,0.0203788254,0.0301800705,0.0221622139,0.0123609688,0.0098012451
train:9915,0,-4.2874855995,-4.2880646568,0.0005790572,-0.2437587854,-0.0460917976,0.0859092735,-0.2751371246,-0.0625235419,0.0574048180,0.2437587854,0.0460917976,0.0859092735,0.1976669878,0.1578495119,0.0398174759
train:9919,0,-1.3064395189,-1.3070185762,0.0005790572,-0.0443214055,-0.1164830949,-0.0296171643,-0.0756997447,-0.1329148393,-0.0581216197,0.0443214055,0.1164830949,0.0296171643,-0.0721616894,0.0147042412,-0.0868659306
train:9931,0,1.0829885006,1.0824094434,0.0005790572,-0.0134497758,-0.0213397767,-0.1331857182,-0.0448281150,-0.0377715211,-0.1616901736,0.0134497758,0.0213397767,0.1331857182,-0.0078900009,-0.1197359424,0.1118459415
train:9941,0,1.4783904552,1.4778113980,0.0005790572,-0.0439660426,0.0038021777,0.0331790708,-0.0753443818,-0.0126295667,0.0046746154,0.0439660426,0.0038021777,0.0331790708,0.0401638650,0.0107869718,0.0293768931
train:9942,0,2.2027730942,2.2021940369,0.0005790572,0.0285476569,0.0646717522,0.0162252448,-0.0028306823,0.0482400079,-0.0122792106,0.0285476569,0.0646717522,0.0162252448,-0.0361240953,0.0123224121,-0.0484465074
train:9951,0,1.5700703859,1.5694913287,0.0005790572,-0.0235229608,-0.0498815801,-0.0482285954,-0.0549013000,-0.0663133245,-0.0767330508,0.0235229608,0.0498815801,0.0482285954,-0.0263586193,-0.0247056346,-0.0016529847
train:9959,0,1.4551194906,1.4545404334,0.0005790572,-0.0356325980,-0.0496939447,-0.0779262520,-0.0670109372,-0.0661256891,-0.1064307075,0.0356325980,0.0496939447,0.0779262520,-0.0140613467,-0.0422936540,0.0282323074
train:9965,0,1.7701039314,1.7695248742,0.0005790572,0.0544433717,-0.0341627624,-0.0260007121,0.0230650325,-0.0505945068,-0.0545051675,0.0544433717,0.0341627624,0.0260007121,0.0202806093,0.0284426596,-0.0081620503
train:9973,0,-0.8719095588,-0.8724886160,0.0005790572,-0.2046624895,-0.2093594696,-0.2155052759,-0.2360408287,-0.2257912140,-0.2440097313,0.2046624895,0.2093594696,0.2155052759,-0.0046969801,-0.0108427863,0.0061458062
train:9978,0,1.1173470020,1.1167679448,0.0005790572,-0.0550956603,-0.0097624090,-0.0944878794,-0.0864739995,-0.0261941533,-0.1229923349,0.0550956603,0.0097624090,0.0944878794,0.0453332514,-0.0393922191,0.0847254705
train:9986,0,2.8684887886,2.8679097314,0.0005790572,0.0167490367,-0.0125510719,-0.0088778473,-0.0146293025,-0.0289828162,-0.0373823028,0.0167490367,0.0125510719,0.0088778473,0.0041979648,0.0078711893,-0.0036732245
train:9988,0,1.0221160650,1.0215370078,0.0005790572,0.0392114047,0.0267052624,-0.0337438323,0.0078330655,0.0102735181,-0.0622482877,0.0392114047,0.0267052624,0.0337438323,0.0125061423,0.0054675724,0.0070385698
train:9991,0,1.0600777864,1.0594987292,0.0005790572,-0.0456670400,0.0572439406,0.0057177804,-0.0770453792,0.0408121962,-0.0227866750,0.0456670400,0.0572439406,0.0057177804,-0.0115769006,0.0399492595,-0.0515261602
train:9997,0,-0.1921847016,-0.1927637588,0.0005790572,-0.1597323220,0.0843905035,0.0101493858,-0.1911106612,0.0679587592,-0.0183550697,0.1597323220,0.0843905035,0.0101493858,0.0753418185,0.1495829363,-0.0742411178
