fit_position,train_row,gid,k,g,B_raw,B_cal,M_raw,M_cal
0,0,0,0,0.8349889607160752,0.8319448828697205,0.8090254158704941,0.8003931045532227,0.8143366827447656
1,2,2,0,1.842183718177623,1.8331924676895142,1.8102730006902878,1.8171125650405884,1.8310561432321313
2,3,3,0,-0.7115796118051345,-0.6667746901512146,-0.6896941571504409,-0.5966862440109253,-0.5827426658193824
3,4,4,0,0.24630040833646702,0.3073078393936157,0.2843883723943894,0.15873411297798157,0.17267769116952447
4,5,5,0,0.5229243130415147,0.5450867414474487,0.5221672744482224,0.47852930426597595,0.49247288245751886
5,6,6,0,-1.717296591308766,-1.6598714590072632,-1.6827909260064895,-1.634091854095459,-1.620148275903916
6,8,8,0,0.9019470305174058,0.9475905299186707,0.9246710629194443,0.8820632696151733,0.8960068478067162
7,9,9,0,1.1187312693327134,1.2402182817459106,1.2172988147466843,1.172080636024475,1.186024214216018
8,10,10,0,1.6768411488264268,1.7536282539367676,1.7307087869375413,1.638401985168457,1.65234556336
9,12,12,0,-0.34512417605226586,-0.26594313979148865,-0.28886260679071496,-0.3577333986759186,-0.3437898204843757
10,13,13,0,1.4855111927717393,1.4827903509140015,1.4598708839147752,1.4593915939331055,1.4733351721246484
11,14,14,0,0.8305223674505418,0.942111074924469,0.9191916079252427,0.8213222026824951,0.835265780874038
12,16,16,0,0.4611251742571061,0.5017683506011963,0.47884888360197,0.48051807284355164,0.49446165103509454
13,17,17,0,0.1110998258917992,0.06785563379526138,0.04493616679603504,0.07803568989038467,0.09197926808192758
14,18,18,0,0.6841643542974656,0.7035146951675415,0.6805952281683152,0.6710237264633179,0.6849673046548608
15,20,20,0,1.9809358210294907,2.0032107830047607,1.9802913160055344,1.932246446609497,1.94619002480104
16,21,21,0,1.0669064612119858,1.0958764553070068,1.0729569883077805,1.0668845176696777,1.0808280958612206
17,22,22,0,1.660061726066417,1.7050988674163818,1.6821794004171555,1.6343516111373901,1.648295189328933
18,23,23,0,2.8327671379774277,2.9001362323760986,2.8772167653768723,2.8108863830566406,2.8248299612481835
19,25,25,0,-0.058235490974837066,0.0016353800892829895,-0.02128408690994335,-0.025581561028957367,-0.011637982837414462
20,26,26,0,0.747070798370189,0.7178260087966919,0.6949065417974656,0.7035924196243286,0.7175359978158715
21,28,28,0,0.9658683628767197,0.9803603887557983,0.957440921756572,0.9713500738143921,0.985293652005935
22,29,29,0,1.7419830651014512,1.7992241382598877,1.7763046712606614,1.6868172883987427,1.7007608665902856
23,30,30,0,1.9063763708799546,1.9705075025558472,1.9475880355566209,1.9407397508621216,1.9546833290536645
24,32,32,0,-1.3486609368593032,-1.3008782863616943,-1.3237977533609206,-1.3275490999221802,-1.3136055217306373
25,33,33,0,1.1792388052671616,1.2188103199005127,1.1958908529012864,1.1669234037399292,1.180866981931472
26,34,34,0,2.2293232769697373,2.2269928455352783,2.204073378536052,2.1906142234802246,2.2045578016717675
27,35,35,0,0.6046293468206589,0.6407908797264099,0.6178714127271836,0.5691636800765991,0.583107258268142
28,36,36,0,-0.40454818895166467,-0.3815397024154663,-0.4044591694146926,-0.388578861951828,-0.3746352837602851
29,37,37,0,1.2718565554350083,1.3435344696044922,1.3206150026052659,1.2997173070907593,1.3136608852823022
30,38,38,0,-1.5158114342958267,-1.5665311813354492,-1.5894506483346755,-1.543715238571167,-1.529771660379624
31,40,40,0,2.0674847454755967,2.120558977127075,2.097639510127849,2.0708327293395996,2.0847763075311425
32,41,41,0,1.9594976992338364,2.016683340072632,1.9937638730734055,1.9137266874313354,1.9276702656228784
33,42,42,0,1.000851282569713,1.0987095832824707,1.0757901162832444,0.995297908782959,1.009241486974502
34,43,43,0,-0.74449734976595,-0.7122988700866699,-0.7352183370858962,-0.7396190166473389,-0.725675438455796
35,44,44,0,-1.8665531783372695,-1.845373511314392,-1.8682929783136184,-1.8575302362442017,-1.8435866580526588
36,45,45,0,1.506889471504039,1.517090916633606,1.4941714496343796,1.4610477685928345,1.4749913467843774
37,46,46,0,1.7545338959425156,1.6825916767120361,1.6596722097128098,1.7340577840805054,1.7480013622720483
38,47,47,0,-2.2389618068010146,-2.257963180541992,-2.2808826475412185,-2.2607979774475098,-2.246854399255967
39,48,48,0,1.0445381493299668,1.0918760299682617,1.0689565629690354,1.0261080265045166,1.0400516046960595
40,49,49,0,2.4421199650495713,2.40706467628479,2.3841452092855637,2.4071905612945557,2.4211341394860986
41,50,50,0,2.2457133621900742,2.2557525634765625,2.232833096477336,2.251979112625122,2.265922690816665
42,51,51,0,-0.38151758005922387,-0.41708293557167053,-0.44000240257089684,-0.44992998242378235,-0.43598640423223944
43,52,52,0,-2.420720687416249,-2.3961021900177,-2.4190216570169265,-2.416609048843384,-2.402665470651841
44,53,53,0,-2.0617996363908584,-2.0708799362182617,-2.093799403217488,-2.0365278720855713,-2.0225842938940284
45,55,55,-1,0.5181742426583589,0.6066902279853821,0.5837707609861558,0.5917676687240601,0.605711246915603
46,56,56,0,-1.3108183055192764,-1.3014724254608154,-1.3243918924600417,-1.3045121431350708,-1.290568564943528
47,57,57,0,2.9128772110670273,2.984682083129883,2.9617626161306565,2.8868606090545654,2.9008041872461083
48,58,58,0,0.4221997351377671,0.4219185411930084,0.3989990741937821,0.38025033473968506,0.39419391293122796
49,59,59,0,-2.9340747504503066,-2.9216182231903076,-2.944537690189534,-2.9584243297576904,-2.9444807515661475
50,62,62,0,1.3576380104749863,1.3345975875854492,1.311678120586223,1.3763831853866577,1.3903267635782006
51,63,63,0,-3.544793239143544,-3.5578773021698,-3.580796769169026,-3.4913079738616943,-3.4773643956701514
52,64,64,0,3.1437481732099717,3.1581907272338867,3.1352712602346604,3.0949819087982178,3.1089254869897607
53,65,65,0,1.2627388329237168,1.2948259115219116,1.2719064445226853,1.257406234741211,1.2713498129327538
54,66,66,0,2.844373592826671,2.8525588512420654,2.829639384242839,2.8105666637420654,2.8245102419336083
55,67,67,0,2.8814414829939072,2.9252989292144775,2.9023794622152512,2.86177659034729,2.875720168538833
56,68,68,0,1.1153690905302232,1.125932216644287,1.1030127496450608,1.0854040384292603,1.0993476166208032
57,69,69,0,-2.399407973793202,-2.43400239944458,-2.4569218664438064,-2.3904531002044678,-2.376509522012925
58,72,72,0,2.2993022293775742,2.381727457046509,2.3588079900472825,2.2640888690948486,2.2780324472863915
59,74,74,0,0.6632608861654465,0.7119047045707703,0.688985237571544,0.6856268644332886,0.6995704426248315
60,75,75,0,-0.858535697963887,-0.8623627424240112,-0.8852822094232375,-0.828693151473999,-0.8147495732824561
61,76,76,0,0.14030765900308537,0.12983247637748718,0.10691300937826084,0.07248175144195557,0.08642532963349847
62,77,77,0,2.6778143734663193,2.734955310821533,2.712035843822307,2.6469292640686035,2.6608728422601464
63,78,78,0,2.131116756889171,2.1336982250213623,2.110778758022136,2.1262614727020264,2.1402050508935693
64,79,79,0,-1.9900686650544936,-1.905797004699707,-1.9287164716989333,-1.9646929502487183,-1.9507493720571754
65,80,80,0,0.1421420217483704,0.188218891620636,0.16529942462140965,0.18571150302886963,0.19965508122041253
66,81,81,0,-1.9893120436937148,-2.015348196029663,-2.0382676630288894,-2.024115800857544,-2.010172222666001
67,84,84,0,0.6147484869688218,0.649225652217865,0.6263061852186387,0.6267563104629517,0.6406998886544946
68,85,85,-1,-3.060471701936978,-3.1183955669403076,-3.141315033939534,-3.0966126918792725,-3.0826691136877296
69,86,86,0,-0.2132230310708816,-0.14822712540626526,-0.1711465924054916,-0.17262020707130432,-0.15867662887976142
70,87,87,0,0.9651441664426987,1.010406732559204,0.9874872655599778,0.9831142425537109,0.9970578207452538
71,88,88,0,1.4587901921003525,1.505391240119934,1.4824717731207078,1.4223421812057495,1.4362857593972924
72,89,89,0,1.1028814406126206,1.1494643688201904,1.1265449018209641,1.0936235189437866,1.1075670971353295
73,90,90,0,-0.3662858813077743,-0.3499332070350647,-0.372852674034291,-0.3436904847621918,-0.32974690657064887
74,93,93,0,1.5876271815031235,1.6303669214248657,1.6074474544256394,1.566996693611145,1.580940271802688
75,94,94,0,1.3047307820051377,1.2838013172149658,1.2608818502157395,1.2703677415847778,1.2843113197763207
76,95,95,0,1.6804430575102036,1.7042230367660522,1.681303569766826,1.6173592805862427,1.6313028587777856
77,96,96,0,-0.6514872222215469,-0.6793378591537476,-0.7022573261529739,-0.6535543203353882,-0.6396107421438453
78,97,97,0,0.664603003951854,0.6669438481330872,0.6440243811338608,0.5551266670227051,0.569070245214248
79,100,100,0,-0.5156204610139663,-0.4533626139163971,-0.4762820809156234,-0.5028926134109497,-0.4889490352194068
80,101,101,-1,0.022966694516879382,0.06924273073673248,0.04632326373750614,-0.009174607694149017,0.004768970497393887
81,102,102,0,1.8999599308698838,1.9207618236541748,1.8978423566549485,1.8750673532485962,1.889010931440139
82,103,103,0,2.279460558387584,2.2818620204925537,2.2589425534933274,2.2580530643463135,2.2719966425378564
83,104,104,0,-1.1194666533738906,-1.1371216773986816,-1.160041144397908,-1.0786634683609009,-1.064719890169358
84,105,105,0,0.14899967024022984,0.21179154515266418,0.18887207815343784,0.1457364559173584,0.1596800341089013
85,107,107,0,0.7410960287779038,0.7661119103431702,0.7431924433439439,0.7130624055862427,0.7270059837777856
86,108,108,0,1.1105913014143174,1.1504981517791748,1.1275786847799485,1.0752087831497192,1.0891523613412621
87,109,109,0,2.086899408790416,2.1432368755340576,2.1203174085348313,2.087534189224243,2.101477767415786
88,110,110,0,-1.315317502525502,-1.3896400928497314,-1.4125595598489578,-1.3305765390396118,-1.316632960848069
89,112,112,0,-0.15546559384172512,-0.22743430733680725,-0.25035377433603356,-0.2247721254825592,-0.2108285472910163
90,113,113,0,2.429658302757091,2.4520697593688965,2.42915029236967,2.4139816761016846,2.4279252542932275
91,114,114,0,2.5221093983381455,2.576587200164795,2.5536677331655686,2.5268239974975586,2.5407675756891015
92,116,116,0,1.549506911727733,1.624741792678833,1.6018223256796067,1.5294606685638428,1.5434042467553857
93,118,118,0,0.5302811951368516,0.5797120928764343,0.556792625877208,0.5229793787002563,0.5369229568917993
94,120,120,0,0.23479715892965244,0.2449081838130951,0.22198871681386875,0.17827355861663818,0.1922171368081811
95,121,121,0,-0.7698135881692703,-0.7854800224304199,-0.8083994894296462,-0.7750097513198853,-0.7610661731283423
96,123,123,0,3.0778654904096787,3.126551866531372,3.1036323995321458,3.082273244857788,3.096216823049331
97,124,124,0,-1.2845660357744033,-1.2436251640319824,-1.2665446310312087,-1.2913529872894287,-1.2774094090978858
98,125,125,0,1.2076850027769273,1.223292589187622,1.2003731221883958,1.1575748920440674,1.1715184702356103
99,126,126,0,-2.967586389091664,-3.0023715496063232,-3.0252910166055496,-2.9675209522247314,-2.9535773740331885
100,128,128,0,-1.356919041183644,-1.375607967376709,-1.3985274343759353,-1.3816683292388916,-1.3677247510473487
101,129,129,0,-0.25153621127908776,-0.275089293718338,-0.2980087607175643,-0.39942821860313416,-0.38548464041159125
102,130,130,0,0.7294311613767808,0.7470236420631409,0.7241041750639146,0.7253607511520386,0.7393043293435815
103,131,131,0,2.2672880978315537,2.3229222297668457,2.3000027627676194,2.2330729961395264,2.2470165743310693
104,132,132,0,0.6375637740820115,0.6897237300872803,0.666804263088054,0.6432538032531738,0.6571973814447167
105,133,133,0,0.6704425902097886,0.7444040179252625,0.7214845509260361,0.6555262804031372,0.6694698585946801
106,134,134,0,-0.26208322336977075,-0.22803589701652527,-0.2509553640157516,-0.2973387539386749,-0.283395175747132
107,137,137,0,-1.8380044608384902,-1.8347508907318115,-1.8576703577310378,-1.8628171682357788,-1.848873590044236
108,138,138,0,1.2539373726576035,1.3048558235168457,1.2819363565176194,1.2133697271347046,1.2273133053262475
109,139,139,0,-3.6782504229814346,-3.7152838706970215,-3.738203337696248,-3.756943941116333,-3.74300036292479
110,140,140,0,2.79983414122755,2.8542511463165283,2.831331679317302,2.7441699504852295,2.7581135286767724
111,141,141,0,2.4830333084791367,2.537020444869995,2.514100977870769,2.4663312435150146,2.4802748217065576
112,142,142,0,-0.54538207342928,-0.5656145215034485,-0.5885339885026748,-0.6969708204269409,-0.683027242235398
113,143,143,0,2.321382412406749,2.312169313430786,2.28924984643156,2.2616028785705566,2.2755464567620995
114,145,145,0,0.8687241167753403,0.8560462594032288,0.8331267924040024,0.8257249593734741,0.839668537565017
115,146,146,0,1.2219332546919053,1.2528479099273682,1.2299284429281419,1.212062120437622,1.226005698629165
116,148,148,0,0.9358180851667588,0.9508494734764099,0.9279300064771836,0.8988704681396484,0.9128140463311913
117,149,149,0,-3.5773728995591934,-3.6367077827453613,-3.6596272497445876,-3.5716192722320557,-3.5576756940405128
118,150,150,0,3.2301694245069688,3.2281582355499268,3.2052387685507004,3.171903371810913,3.185846950002456
119,151,151,0,-3.5833212046891982,-3.671840190887451,-3.6947596578866775,-3.528106212615967,-3.514162634424424
120,153,153,0,0.8231764526098435,0.855979323387146,0.8330598563879197,0.8156894445419312,0.8296330227334741
121,154,154,0,1.734376558753795,1.7585405111312866,1.7356210441320603,1.7249444723129272,1.7388880505044702
122,155,155,0,1.5733414978712266,1.6003177165985107,1.5773982495992844,1.5242550373077393,1.5381986154992822
123,157,157,0,-0.3815940826207931,-0.38270479440689087,-0.4056242614061172,-0.36165812611579895,-0.34771454792425605
124,158,158,0,0.005549289937264202,0.014404304325580597,-0.008515162673645743,0.03814688324928284,0.05209046144082574
125,159,159,0,1.0519352049558823,1.0882083177566528,1.0652888507574265,1.0264167785644531,1.040360356755996
126,160,160,0,-0.09679844817226482,-0.07143131643533707,-0.0943507834345634,-0.09210750460624695,-0.07816392641470404
127,161,161,0,-0.6617540626794631,-0.6506035923957825,-0.6735230593950088,-0.6415795087814331,-0.6276359305898902
128,162,162,0,-2.770745625999623,-2.7715141773223877,-2.794433644321614,-2.7596139907836914,-2.7456704125921485
129,163,163,0,2.3888086170881455,2.472334146499634,2.4494146795004075,2.3436472415924072,2.35759081978395
130,168,168,0,1.4450709910124009,1.473239541053772,1.4503200740545457,1.4139729738235474,1.4279165520150903
131,170,170,0,0.4396545977323716,0.5386545062065125,0.5157350392072861,0.4548628628253937,0.4688064410169366
132,171,171,0,2.236266264411754,2.234206438064575,2.211286971065349,2.2513177394866943,2.2652613176782372
133,172,172,0,-2.7527459769517715,-2.77124285697937,-2.7941623239785964,-2.7720890045166016,-2.7581454263250587
134,175,175,0,-0.35744728734796594,-0.3542220890522003,-0.37714155605142663,-0.3466237783432007,-0.3326802001516578
135,176,176,0,-0.5521739034921462,-0.5271219611167908,-0.5500414281160171,-0.5485304594039917,-0.5345868812124488
136,177,177,0,2.5282226891248887,2.6222076416015625,2.599288174602336,2.5185961723327637,2.5325397505243066
137,178,178,0,1.1220212073057358,1.1409701108932495,1.1180506438940232,1.0340802669525146,1.0480238451440576
138,179,179,0,1.4720780939787095,1.498020052909851,1.4751005859106248,1.459915280342102,1.473858858533645
139,180,180,0,0.7437242955892747,0.8035497069358826,0.7806302399366563,0.771660327911377,0.7856039061029199
140,181,181,0,1.4309740156858628,1.4738125801086426,1.4508931131094163,1.4257265329360962,1.439670111127639
141,182,182,0,2.1861299366682236,2.239414930343628,2.2164954633444016,2.1647098064422607,2.1786533846338036
142,183,183,0,1.0727678627699082,1.0987310409545898,1.0758115739553635,1.0880399942398071,1.10198357243135
143,184,184,0,1.5890039295881455,1.6555346250534058,1.6326151580541794,1.6001628637313843,1.6141064419229272
144,185,185,0,-1.3292339949876602,-1.2912487983703613,-1.3141682653695876,-1.3225926160812378,-1.3086490378896949
145,186,186,0,1.045759329292125,1.099746823310852,1.0768273563116257,1.0359573364257812,1.0499009146173242
146,187,187,0,-0.03101387834256244,-0.03701838105916977,-0.05993784805839611,-0.028614655137062073,-0.014671076945519168
147,188,188,0,-2.8439465670854385,-2.837369680404663,-2.8602891474038894,-2.8400251865386963,-2.8260816083471534
148,190,190,0,1.1435933203428452,1.1683505773544312,1.1454311103552048,1.1395586729049683,1.1535022510965112
149,191,191,0,0.7836847991674607,0.8317145109176636,0.8087950439184373,0.831760048866272,0.8457036270578149
150,192,192,0,0.6028508038252061,0.6213966012001038,0.5984771342008774,0.6088697910308838,0.6228133692224267
151,193,193,0,0.7589168638914292,0.7286845445632935,0.7057650775640671,0.7129038572311401,0.726847435422683
152,194,194,0,1.0257937998502915,1.009831428527832,0.9869119615286057,0.9931484460830688,1.0070920242746118
153,195,195,0,1.5843955368726914,1.6080268621444702,1.585107395145244,1.5348150730133057,1.5487586512048486
154,196,196,0,2.525652775260753,2.5943987369537354,2.571479269954509,2.4799344539642334,2.4938780321557763
155,197,197,0,2.513798365089244,2.5465710163116455,2.523651549312419,2.5394794940948486,2.5534230722863915
156,198,198,0,-0.3769470958978469,-0.41246503591537476,-0.43538450291460107,-0.3574380874633789,-0.343494509271836
157,200,200,0,1.0507569403379624,1.1125273704528809,1.0896079034536545,1.041968822479248,1.055912400670791
158,201,201,0,2.5797692627638047,2.6063942909240723,2.583474823924846,2.5621519088745117,2.5760954870660546
159,202,202,0,3.4689358563154404,3.468811273574829,3.445891806575603,3.4272913932800293,3.441234971471572
160,203,203,0,-2.0329936652452285,-2.078505516052246,-2.1014249830514724,-2.021322011947632,-2.007378433756089
161,204,204,0,-2.65164028694933,-2.6180062294006348,-2.640925696399861,-2.6783409118652344,-2.6643973336736915
162,206,206,0,1.7327596039503281,1.8080458641052246,1.7851263971059983,1.7009577751159668,1.7149013533075097
163,207,207,-1,-3.0993544343283355,-3.130831480026245,-3.1537509470254714,-3.1337063312530518,-3.119762753061509
164,208,208,0,-1.8009003310472305,-1.8512165546417236,-1.87413602164095,-1.822885274887085,-1.808941696695542
165,209,209,0,0.2706738502710526,0.27867093682289124,0.2557514698236649,0.27771979570388794,0.29166337389543084
166,210,210,0,1.195380935165233,1.1852333545684814,1.1623138875692551,1.1409622430801392,1.154905821271682
167,211,211,0,-0.9227750211030776,-0.9490769505500793,-0.9719964175493057,-0.8966245651245117,-0.8826809869329688
168,212,212,0,1.5807014794080918,1.7873260974884033,1.764406630489177,1.6357895135879517,1.6497330917794946
169,214,214,0,1.0384636015623276,1.042415976524353,1.0194965095251267,0.9500049352645874,0.9639485134561303
170,215,215,0,0.799997040721721,0.8123101592063904,0.7893906922071641,0.72785484790802,0.7417984260995629
171,218,218,0,1.872995624038524,1.9123516082763672,1.8894321412771409,1.8834117650985718,1.8973553432901147
172,219,219,0,0.2940542490213578,0.33538076281547546,0.31246129581624915,0.3096188008785248,0.3235623790700677
173,220,220,0,-1.225364914444142,-1.2530580759048462,-1.2759775429040725,-1.257951021194458,-1.244007443002915
174,221,221,0,-0.4932910709649856,-0.47576913237571716,-0.4986885993749435,-0.571134090423584,-0.5571905122320411
175,222,222,0,0.6696490735738938,0.6782874464988708,0.6553679794996445,0.6715971231460571,0.6855407013376
176,223,223,0,0.6698591203420823,0.7188580632209778,0.6959385962217515,0.6473982334136963,0.6613418116052392
177,224,224,0,-1.9685931115419204,-2.004725217819214,-2.02764468481844,-1.9846447706222534,-1.9707011924307105
178,226,226,0,-2.394965997245961,-2.430816650390625,-2.4537361173898513,-2.3927791118621826,-2.3788355336706397
179,227,227,0,-0.23726010909383846,-0.19176191091537476,-0.2146813779146011,-0.20965078473091125,-0.19570720653936835
180,229,229,0,1.4254998059004014,1.4426181316375732,1.419698664638347,1.426055908203125,1.439999486394668
181,230,230,0,2.1150425762861436,2.229365348815918,2.2064458818166917,2.175004005432129,2.188947583623672
182,231,231,0,-0.1606182812721069,-0.1533915400505066,-0.17631100704973293,-0.18626660108566284,-0.17232302289411994
183,232,232,0,-0.19093561759298397,-0.16933667659759521,-0.19225614359682155,-0.23765698075294495,-0.22371340256140204
184,233,233,0,0.48340747663671424,0.5243569016456604,0.5014374346464341,0.4639868438243866,0.4779304220159295
185,234,234,0,-0.664205840137654,-0.6705528497695923,-0.6934723167688186,-0.7189350128173828,-0.7049914346258399
186,235,235,0,-3.4711111693651016,-3.498157024383545,-3.5210764913827712,-3.3956620693206787,-3.381718491129136
187,236,236,0,0.8517661781042283,0.8583225011825562,0.8354030341833298,0.7745630741119385,0.7885066523034814
188,237,237,0,0.1791908533304398,0.23299098014831543,0.2100715131490891,0.19953082501888275,0.21347440321042566
189,238,238,0,-2.324660888221913,-2.3790853023529053,-2.4020047693521316,-2.3048532009124756,-2.2909096227209327
190,239,239,0,-2.1078103690416152,-2.071315288543701,-2.0942347555429275,-2.1107470989227295,-2.0968035207311866
191,240,240,0,-0.37598692467516015,-0.378133088350296,-0.40105255534952233,-0.35309138894081116,-0.33914781074926825
192,242,242,0,0.9875069350927537,0.9377349019050598,0.9148154349058335,0.8700071573257446,0.8839507355172875
193,243,243,-1,1.518533777875644,1.5519752502441406,1.5290557832449143,1.493367314338684,1.507310892530227
194,244,244,0,0.9599180311887925,0.9986985325813293,0.975779065582103,0.9641051292419434,0.9780487074334863
195,245,245,0,1.672303804847545,1.7169508934020996,1.6940314264028733,1.646093726158142,1.660037304349685
196,247,247,0,-0.6604069381028945,-0.680088222026825,-0.7030076890260513,-0.6459686756134033,-0.6320250974218604
197,249,249,0,0.9176310391157334,0.9510526061058044,0.9281331391065781,0.9314125776290894,0.9453561558206323
198,250,250,0,1.7499328942030137,1.7889716625213623,1.766052195522136,1.725582242012024,1.7395258202035668
199,252,252,0,-0.14756526639764858,-0.12410058826208115,-0.1470200552613075,-0.1661761850118637,-0.1522326068203208
200,253,253,0,0.5599885077207749,0.6219612956047058,0.5990418286054795,0.5513719320297241,0.565315510221267
201,255,255,0,-2.6616228728563125,-2.7179651260375977,-2.740884593036824,-2.7548696994781494,-2.7409261212866065
202,256,256,0,1.3397969097822373,1.3539083003997803,1.330988833400554,1.2996622323989868,1.3136058105905297
203,257,257,0,-0.7404974608690078,-0.7286948561668396,-0.7516143231660659,-0.7162163257598877,-0.7022727475683448
204,258,258,0,2.697943338844127,2.7219207286834717,2.6990012616842454,2.6345126628875732,2.648456241079116
205,259,259,0,-2.8606327681810195,-2.8228142261505127,-2.845733693149739,-2.8116581439971924,-2.7977145658056495
206,261,261,0,0.4491051227777665,0.48325154185295105,0.46033207485372474,0.44211000204086304,0.45605358023240594
207,262,262,0,0.6897298783987229,0.7168741822242737,0.6939547152250474,0.6337385177612305,0.6476820959527734
208,263,263,0,0.8488761872976487,0.8623554706573486,0.8394360036581223,0.786424994468689,0.8003685726602319
209,267,267,0,-0.6701813249856765,-0.5955070853233337,-0.61842655232256,-0.6891144514083862,-0.6751708732168433
210,268,268,0,-0.9119255452424819,-0.8501226305961609,-0.8730420975953872,-0.8964121341705322,-0.8824685559789893
211,270,270,0,-1.6135101228029067,-1.5893332958221436,-1.6122527628213699,-1.601537823677063,-1.58759424548552
212,271,271,0,0.3477998466222947,0.4052882194519043,0.382368752452678,0.3085727095603943,0.3225162877519372
213,272,272,0,-0.36327876737421105,-0.3228034973144531,-0.34572296431367944,-0.40018752217292786,-0.38624394398138495
214,274,274,0,-2.062627425697499,-2.0839040279388428,-2.106823494938069,-2.065094470977783,-2.0511508927862403
215,276,276,0,0.7909629435270493,0.8435974717140198,0.8206780047147935,0.7445828914642334,0.7585264696557763
216,277,277,0,0.8111898989408677,0.8398017883300781,0.8168823213308518,0.751787543296814,0.7657311214883569
217,278,278,0,-0.0998815058738525,-0.18154942989349365,-0.20446889689272,-0.09510472416877747,-0.08116114597723456
218,279,279,0,-0.436250826624089,-0.4814055860042572,-0.5043250530034835,-0.4536817967891693,-0.4397382185976264
219,280,280,0,1.445158013793773,1.5018030405044556,1.4788835735052293,1.4148499965667725,1.4287935747583154
220,281,281,0,0.20195692190820622,0.21909067034721375,0.1961712033479874,0.19706261157989502,0.21100618977143792
221,282,282,0,0.02285674372608113,0.039765216410160065,0.016845749410933725,0.015037626028060913,0.028981204219603818
222,283,283,0,-1.0176557212144668,-1.0426357984542847,-1.065555265453511,-0.9998568296432495,-0.9859132514517066
223,284,284,0,1.1706148476331895,1.1617673635482788,1.1388478965490525,1.153368592262268,1.167312170453811
224,286,286,0,0.188320466968364,0.25199079513549805,0.2290713281362717,0.15951085090637207,0.17345442909791497
225,287,287,0,2.057421574088878,2.1015217304229736,2.0786022634237473,2.0667495727539062,2.080693150945449
226,288,288,0,-0.44179954221551965,-0.41507193446159363,-0.43799140146081994,-0.4205857813358307,-0.4066422031442878
227,289,289,0,-2.772741189506703,-2.816528558731079,-2.8394480257303054,-2.748636484146118,-2.7346929059545753
228,290,290,0,1.4158440918653672,1.446942687034607,1.4240232200353806,1.3376575708389282,1.3516011490304711
229,291,291,0,1.3127912373274033,1.316514492034912,1.2935950250356858,1.3032392263412476,1.3171828045327905
230,292,292,0,-2.416922202614003,-2.398453950881958,-2.4213734178811843,-2.3433406352996826,-2.3293970571081397
231,293,293,0,0.21137581178838658,0.21392902731895447,0.19100956031972813,0.1709599494934082,0.1849035276849511
232,294,294,0,0.6155975551336472,0.7000390291213989,0.6771195621221726,0.6092288494110107,0.6231724276025536
233,295,295,0,1.4014202446668809,1.410780668258667,1.3878612012594407,1.3391172885894775,1.3530608667810204
234,297,297,0,0.6743373961179917,0.7070462107658386,0.6841267437666123,0.6872763633728027,0.7012199415643456
235,299,299,0,-1.2088613419801528,-1.2601840496063232,-1.2831035166055496,-1.2019470930099487,-1.1880035148184058
236,300,300,0,1.9988547653883164,2.0223307609558105,1.9994112939565842,1.9642459154129028,1.9781894936044457
237,301,301,0,0.9316237659185593,0.998426616191864,0.9755071491926377,0.8946194648742676,0.9085630430658105
238,302,302,0,-1.8080888896257217,-1.8327348232269287,-1.855654290226155,-1.7780096530914307,-1.7640660748998878
239,303,303,0,0.5554536671369736,0.569771409034729,0.5468519420355027,0.5287255048751831,0.542669083066726
240,304,304,0,-7.480033746269399,-7.436268329620361,-7.459187796619588,-7.369567394256592,-7.355623816065049
241,305,305,0,-0.08824236532753063,-0.1344052255153656,-0.15732469251459194,-0.07058031857013702,-0.05663674037859412
242,306,306,0,-1.2578537373811538,-1.174321174621582,-1.1972406416208083,-1.2731307744979858,-1.259187196306443
243,307,307,0,-2.2268274932176406,-2.2685086727142334,-2.2914281397134597,-2.194716691970825,-2.1807731137792823
244,308,308,0,-2.99732219269579,-2.97419810295105,-2.997117569950276,-2.9627280235290527,-2.94878444533751
245,309,309,0,0.6100677342146104,0.672107458114624,0.6491879911153977,0.592179536819458,0.6061231150110009
246,310,310,0,-0.7623245625764663,-0.736505925655365,-0.7594253926545913,-0.7783938646316528,-0.7644502864401099
247,311,311,0,0.8258040637701218,0.8764790892601013,0.853559622260875,0.8897268772125244,0.9036704554040673
248,313,313,0,1.426009425613231,1.4731141328811646,1.4501946658819382,1.362927794456482,1.3768713726480248
249,314,314,-1,-0.8700310471823394,-0.8171733617782593,-0.8400928287774856,-0.8432767391204834,-0.8293331609289405
250,315,315,0,-0.633736839798146,-0.6680430769920349,-0.6909625439912612,-0.688800573348999,-0.6748569951574561
251,316,316,0,-1.399202099350148,-1.4069628715515137,-1.42988233855074,-1.4263452291488647,-1.4124016509573218
252,318,318,0,1.004375347587413,1.0482068061828613,1.025287339183635,1.00227952003479,1.016223098226333
253,319,319,0,-0.8301986961633498,-0.8258348107337952,-0.8487542777330215,-0.7775630950927734,-0.7636195169012305
254,320,320,0,1.3208983034818833,1.3261938095092773,1.303274342510051,1.2642463445663452,1.2781899227578881
255,321,321,0,-0.8433266191751296,-0.8060734272003174,-0.8289928941995437,-0.8709098100662231,-0.8569662318746802
256,322,322,0,-0.20649016490285946,-0.18370994925498962,-0.20662941625421596,-0.16546492278575897,-0.15152134459421607
257,323,323,0,1.161009916755504,1.1605597734451294,1.137640306445903,1.0922260284423828,1.1061696066339257
258,324,324,0,-5.582692971733266,-5.573782920837402,-5.596702387836629,-5.450623035430908,-5.436679457239365
259,325,325,0,0.9532160849302476,1.0098909139633179,0.9869714469640916,0.9944972991943359,1.0084408773858788
260,326,326,-1,-4.436550307588833,-4.397960662841797,-4.420880129841024,-4.3936991691589355,-4.379755590967393
261,328,328,0,0.7642227501600449,0.8356757760047913,0.812756309005565,0.8193202018737793,0.8332637800653222
262,329,329,0,-0.1600401013166244,-0.19123879075050354,-0.21415825774972988,-0.17323154211044312,-0.1592879639189002
263,330,330,0,-2.670356622245961,-2.6895761489868164,-2.7124956159860427,-2.617205858230591,-2.603262280039048
264,331,331,-1,-1.6089531663229644,-1.6194660663604736,-1.6423855333597,-1.6274536848068237,-1.6135101066152808
265,332,332,0,1.7874904961317246,1.808936357498169,1.7860168904989426,1.785953402519226,1.799896980710769
266,333,333,0,1.8695643038480942,1.97173273563385,1.9488132686346238,1.82696533203125,1.840908910222793
267,334,334,0,-0.7786935477525527,-0.7418599724769592,-0.7647794394761855,-0.7338042259216309,-0.719860647730088
268,335,335,0,2.3324033112257188,2.3761179447174072,2.353198477718181,2.305577516555786,2.319521094747329
269,337,337,0,-3.1004890113145644,-3.051142930984497,-3.0740623979837234,-3.180309772491455,-3.166366194299912
270,338,338,0,-2.4199308066636855,-2.4103517532348633,-2.4332712202340896,-2.368328809738159,-2.3543852315466163
271,339,339,0,0.2511538059442704,0.2321765422821045,0.20925707528287815,0.24474923312664032,0.2586928113181832
272,340,340,0,1.0253903956144517,1.0924670696258545,1.0695476026266282,0.986475944519043,1.0004195227105859
273,341,341,0,2.1230326981275742,2.170332193374634,2.1474127263754075,2.0517125129699707,2.0656560911615136
274,342,342,0,2.604064115974254,2.6568405628204346,2.6339210958212083,2.591979503631592,2.6059230818231347
275,344,344,0,0.17675628671342777,0.22420039772987366,0.20128093073064732,0.12253934144973755,0.13648291964128045
276,345,345,0,-2.294138541725331,-2.2941904067993164,-2.3171098737985427,-2.307175874710083,-2.29323229651854
277,346,346,0,1.5150930971830552,1.5556044578552246,1.5326849908559983,1.4711132049560547,1.4850567831475976
278,347,347,0,0.018156354966706513,0.06311959773302078,0.04020013073379444,-0.027603335678577423,-0.013659757487034518
279,348,348,0,0.7195264787405198,0.7575134634971619,0.7345939964979356,0.6950170993804932,0.7089606775720361
280,349,349,0,-0.5943218379289443,-0.6033049821853638,-0.6262244491845901,-0.6496449708938599,-0.635701392702317
281,350,350,0,1.4524111838072007,1.504561185836792,1.4816417188375657,1.4166544675827026,1.4305980457742455
282,351,351,0,0.9721666068762009,1.017762541770935,0.9948430747717087,0.950019121170044,0.9639626993615868
283,352,352,0,-2.7570778041154678,-2.6800742149353027,-2.702993681934529,-2.734372854232788,-2.720429276041245
284,353,353,0,-3.9324995188981826,-3.9347565174102783,-3.9576759844095046,-3.913602590560913,-3.89965901236937
285,354,354,-1,2.129826855344516,2.232149124145508,2.2092296571462815,2.09780216217041,2.111745740361953
286,355,355,0,-2.3003858237535293,-2.3421788215637207,-2.365098288562947,-2.3066699504852295,-2.2927263722936866
287,356,356,0,0.08513356158430027,0.12409835308790207,0.10117888608867573,0.08635374903678894,0.10029732722833185
288,357,357,0,2.9388808102338975,2.9688405990600586,2.9459211320608323,2.90854811668396,2.922491694875503
289,358,358,0,0.9309447498052781,0.9401793479919434,0.917259880992717,0.8676820993423462,0.8816256775338891
290,359,359,0,-2.005686154869252,-2.024780511856079,-2.0476999788553054,-2.0359365940093994,-2.0219930158178565
291,360,360,0,-0.5076343326837356,-0.5127518773078918,-0.5356713443071182,-0.5173722505569458,-0.5034286723654029
292,361,361,0,-0.8718522100717361,-0.8489550948143005,-0.8718745618135268,-0.82881760597229,-0.8148740277807471
293,363,363,0,-4.152386537101918,-4.162996292114258,-4.185915759113485,-4.0895161628723145,-4.0755725846807715
294,364,364,0,-1.1779154448777969,-1.178290843963623,-1.2012103109628494,-1.2001904249191284,-1.1862468467275855
295,365,365,0,1.5824618429868882,1.6460635662078857,1.6231440992086594,1.5413693189620972,1.55531289715364
296,367,367,0,0.7148929924696152,0.7675538659095764,0.7446343989103501,0.7141083478927612,0.7280519260843041
297,368,368,0,1.5339434237211411,1.5362976789474487,1.5133782119482224,1.4883989095687866,1.5023424877603295
298,370,370,0,0.08184129903013157,0.1389142870903015,0.11599482009107517,0.049967437982559204,0.06391101617410211
299,371,371,0,2.517297634574718,2.5468332767486572,2.523913809749431,2.4195001125335693,2.4334436907251122
300,373,373,0,0.5946754307478135,0.5980156064033508,0.5750961394041245,0.4862978458404541,0.500241424031997
301,375,375,0,0.9419217796056931,0.9945247769355774,0.9716053099363511,0.9271038770675659,0.9410474552591088
302,377,377,0,2.4610833019941514,2.539918899536133,2.5169994325369065,2.4063572883605957,2.4203008665521386
303,378,378,0,2.3931299538343613,2.448014736175537,2.425095269176311,2.3811795711517334,2.3951231493432763
304,379,379,0,0.7512143940656846,0.8089183568954468,0.7859988898962205,0.8124644756317139,0.8264080538232568
305,380,380,0,0.36856684992010047,0.35779818892478943,0.3348787219255631,0.37480464577674866,0.38874822396829156
306,382,382,0,-0.2337112783462341,-0.21182593703269958,-0.23474540403192592,-0.2840457260608673,-0.2701021478693244
307,384,384,0,1.658365497085399,1.7447489500045776,1.7218294830053513,1.6640102863311768,1.6779538645227197
308,385,385,0,-0.6512426643640334,-0.6672107577323914,-0.6901302247316177,-0.6745578050613403,-0.6606142268697974
309,387,387,0,1.7225517124860947,1.7548110485076904,1.7318915815084641,1.7307556867599487,1.7446992649514916
310,388,388,0,1.828779587241954,1.8819770812988281,1.8590576142996018,1.7466005086898804,1.7605440868814233
311,389,389,-1,2.119250249547702,2.1605613231658936,2.1376418561666672,2.087210178375244,2.101153756566787
312,390,390,0,2.681473383399791,2.7038326263427734,2.680913159343547,2.6848690509796143,2.698812629171157
313,391,391,0,1.8060582966535752,1.852689504623413,1.8297700376241868,1.7464040517807007,1.7603476299722436
314,392,392,0,-2.908410659340077,-2.8796277046203613,-2.9025471716195876,-2.880951404571533,-2.8670078263799903
315,393,393,0,0.7568148464887803,0.7707692980766296,0.7478498310774033,0.7286303043365479,0.7425738825280908
316,394,394,-1,-0.3102945569327056,-0.2543792724609375,-0.2772987394601638,-0.313346266746521,-0.2994026885549781
317,395,395,0,0.7785586209028428,0.863974392414093,0.8410549254148667,0.7368571758270264,0.7508007540185693
318,396,396,0,0.35020379135305335,0.39157167077064514,0.36865220377141883,0.3553505837917328,0.3692941619832757
319,398,398,0,-0.32502936413591454,-0.2800885736942291,-0.30300804069345544,-0.32144859433174133,-0.30750501614019843
320,399,399,0,1.7091194481580918,1.7385097742080688,1.7155903072088425,1.659649133682251,1.6735927118737939
321,400,400,0,2.2259484619825547,2.2720894813537598,2.2491700143545335,2.262355089187622,2.276298667379165
322,401,401,0,2.3600372166364854,2.3392670154571533,2.316347548457927,2.30078387260437,2.314727450795913
323,403,403,0,0.9591688604086106,1.0150526762008667,0.9921332092016404,0.9502506256103516,0.9641942038018945
324,405,405,0,0.32855642745191505,0.331912636756897,0.30899316975767066,0.2860585153102875,0.3000020935018304
325,408,408,0,-1.0837379603654678,-1.1333515644073486,-1.156271031406575,-1.1055727005004883,-1.0916291223089454
326,410,410,0,-2.143982759025746,-2.155237913131714,-2.17815738013094,-2.159134864807129,-2.145191286615586
327,411,411,0,0.3530245513647263,0.3813544511795044,0.3584349841802781,0.33686012029647827,0.3508036984880212
328,412,412,0,-0.41457154443567346,-0.3986912965774536,-0.4216107635766799,-0.3946252167224884,-0.3806816385309455
329,413,413,0,-1.3766093163759048,-1.3642243146896362,-1.3871437816888625,-1.375836730003357,-1.361893151811814
330,414,414,0,0.312863239738292,0.293940931558609,0.2710214645593827,0.3071174621582031,0.32106104034974603
331,415,415,0,1.8413555712431138,1.926267385482788,1.9033479184835618,1.8917710781097412,1.9057146563012841
332,416,416,0,2.0175672859876816,2.0579330921173096,2.0350136251180833,2.035496711730957,2.0494402899225
333,417,417,0,2.2977510781019395,2.33357310295105,2.3106536359518235,2.2482833862304688,2.2622269644220117
334,418,418,0,-0.13730052700346065,-0.04007037729024887,-0.06298984428947521,-0.12129634618759155,-0.10735276799604865
335,419,419,0,1.9772112459867661,2.0110795497894287,1.9881600827902024,1.9707540273666382,1.984697605558181
336,420,420,0,-3.0326911120683486,-2.999199867248535,-3.0221193342477615,-3.0184309482574463,-3.0044873700659034
337,421,421,-1,-3.7098514321615874,-3.8337063789367676,-3.856625845935994,-3.7281570434570312,-3.7142134652654883
338,422,422,0,-0.47054561069315026,-0.49172040820121765,-0.514639875200444,-0.462927907705307,-0.4489843295137641
339,424,424,0,-1.7166590600282485,-1.7443957328796387,-1.767315199878865,-1.7131469249725342,-1.6992033467809913
340,425,425,0,1.2541849703520005,1.2447147369384766,1.2217952699392503,1.235526204109192,1.2494697823007348
341,426,426,0,1.1054204792707627,1.1543362140655518,1.1314167470663254,1.0964949131011963,1.1104384912927392
342,427,427,0,0.7989034146993821,0.7887300848960876,0.7658106178968613,0.7687535285949707,0.7826971067865136
343,429,429,0,-0.8245624809533889,-0.89301598072052,-0.9159354477197463,-0.7905603647232056,-0.7766167865316627
344,430,430,0,-1.0976315646440322,-1.045719861984253,-1.0686393289834792,-1.0667263269424438,-1.052782748750901
345,431,431,0,1.5967605204313462,1.61875581741333,1.5958363504141038,1.606833577156067,1.6207771553476098
346,432,432,0,-0.23652351489370418,-0.2263387143611908,-0.24925818136041714,-0.2728595733642578,-0.2589159951727149
347,433,433,0,2.6375550121992295,2.649932861328125,2.6270133943288987,2.6704089641571045,2.6843525423486474
348,434,434,-1,1.4879194018075288,1.5358645915985107,1.5129451245992844,1.4355767965316772,1.4495203747232202
349,435,435,0,-1.7407851128846938,-1.7743180990219116,-1.797237566021138,-1.7356982231140137,-1.7217546449224708
350,436,436,0,-0.058332281467371704,-0.06692513078451157,-0.0898445977837379,-0.03921561688184738,-0.025272038690304477
351,437,437,0,-1.3572708277971084,-1.3693238496780396,-1.3922433166772659,-1.3159769773483276,-1.3020333991567847
352,438,438,0,-2.839984765556508,-2.8227107524871826,-2.845630219486409,-2.820549249649048,-2.806605671457505
353,439,439,0,-0.3864274828702743,-0.4425612986087799,-0.4654807656080062,-0.371616929769516,-0.3576733515779731
354,442,442,0,1.6503801436155503,1.6857733726501465,1.6628539056509202,1.620240569114685,1.634184147306228
355,443,443,0,0.77116085002119,0.8340989947319031,0.8111795277326768,0.7837775945663452,0.7977211727578881
356,444,444,0,1.5893805117338364,1.5750436782836914,1.552124211284465,1.4694792032241821,1.483422781415725
357,445,445,0,2.1002484650343125,2.1327619552612305,2.109842488262004,2.047919511795044,2.061863089986587
358,446,446,0,-0.506433418300801,-0.4915775954723358,-0.5144970624715621,-0.5174826383590698,-0.5035390601675269
359,447,447,0,0.41103980848485877,0.388807475566864,0.3658880085676377,0.3494153320789337,0.3633589102704766
360,448,448,0,1.6943919748991196,1.7048635482788086,1.6819440812795823,1.6509383916854858,1.6648819698770287
361,449,449,0,2.1592081875532334,2.2297139167785645,2.206794449779338,2.120399236679077,2.13434281487062
362,450,450,0,0.5662433595388596,0.5969722270965576,0.5740527600973313,0.5481065511703491,0.562050129361892
363,451,451,0,1.3897225947111314,1.4615724086761475,1.4386529416769211,1.2729214429855347,1.2868650211770776
364,452,452,0,-1.050071945694142,-1.0683493614196777,-1.091268828418904,-0.9853445291519165,-0.9714009509603736
365,453,453,0,0.17824617931539463,0.1773318648338318,0.15441239783460545,0.16632899641990662,0.18027257461144952
366,455,455,0,1.2620194048612778,1.2968016862869263,1.2738822192877,1.2865736484527588,1.3005172266443017
367,456,456,-1,0.42440373866055614,0.7886005640029907,0.7656810970037644,0.4054671823978424,0.4194107605893853
368,457,457,0,-1.8107321172029311,-1.799705147743225,-1.8226246147424514,-1.756235957145691,-1.742292378954148
369,458,458,0,0.32588610956365516,0.37511005997657776,0.35219059297735145,0.2949904799461365,0.3089340581376794
370,459,459,0,2.564403423759288,2.5277297496795654,2.504810282680339,2.489891767501831,2.503835345693374
371,460,460,0,1.3902890772550767,1.4006712436676025,1.3777517766683762,1.3646482229232788,1.3785918011148217
372,461,461,0,0.05648576999003339,0.02063567191362381,-0.00228379508560253,0.04648879915475845,0.06043237734630136
373,462,462,0,-2.0784078746110732,-2.0809264183044434,-2.1038458853036697,-2.0715415477752686,-2.0575979695837257
374,463,463,0,1.2039115519254868,1.2630066871643066,1.2400872201650803,1.207653522491455,1.221597100682998
375,464,464,0,0.7099581451147263,0.7380589246749878,0.7151394576757615,0.7212191820144653,0.7351627602060082
376,465,465,0,0.8176559300153916,0.8623519539833069,0.8394324869840806,0.7938064336776733,0.8077500118692162
377,466,466,0,-1.4114867358476455,-1.4032361507415771,-1.4261556177408035,-1.4017633199691772,-1.3878197417776343
378,467,467,0,0.846933850738353,0.8965511918067932,0.8736317248075669,0.8238496780395508,0.8377932562310937
379,468,468,0,0.774522015544719,0.8637433648109436,0.8408238978117173,0.7710767984390259,0.7850203766305688
380,469,469,0,1.6855450958936875,1.7047157287597656,1.6817962617605393,1.663090705871582,1.677034284063125
381,470,470,0,0.2145837337701981,0.22018685936927795,0.19726739237005161,0.17735670506954193,0.19130028326108484
382,471,471,0,1.027800688239879,1.0984938144683838,1.0755743474691575,1.0049103498458862,1.0188539280374291
383,472,472,0,-1.2108846812516982,-1.1927886009216309,-1.2157080679208572,-1.202248454093933,-1.1883048759023902
384,473,473,0,1.1035999150007432,1.1109884977340698,1.0880690307348435,1.0758553743362427,1.0897989525277856
385,476,476,-1,1.6305406805703462,1.6945712566375732,1.671651789638347,1.6154981851577759,1.6294417633493188
386,477,477,0,1.0166601032942002,1.0597305297851562,1.03681106278593,1.0496289730072021,1.063572551198745
387,478,478,0,-1.5472329764634902,-1.603482961654663,-1.6264024286538894,-1.5432208776474,-1.529277299455857
388,480,480,0,1.1840572447508042,1.1957037448883057,1.1727842778890794,1.177858829498291,1.191802407689834
389,481,481,0,-1.7635449080735977,-1.7988169193267822,-1.8217363863260085,-1.7369499206542969,-1.723006342462754
390,482,482,0,1.7522548527448838,1.7824279069900513,1.759508439990825,1.7516268491744995,1.7655704273660424
391,483,483,0,0.7695096225469773,0.7637134790420532,0.7407940120428269,0.7883826494216919,0.8023262276132348
392,484,484,0,-0.5177453069955642,-0.5279626250267029,-0.5508820920259292,-0.5386102199554443,-0.5246666417639014
393,485,485,0,1.3854829163282578,1.420845627784729,1.3979261607855027,1.3853377103805542,1.399281288572097
394,487,487,0,-0.9616569190294082,-0.9632036089897156,-0.9861230759889419,-0.9731817245483398,-0.9592381463567969
395,488,488,0,-1.945081940200978,-1.9645872116088867,-1.987506678608113,-1.9793297052383423,-1.9653861270467994
396,490,490,0,-0.15696746697729183,-0.22090929746627808,-0.24382876446550442,-0.24084511399269104,-0.22690153580114814
397,491,491,0,0.00785728143448281,0.07098544389009476,0.04806597689086842,0.015431180596351624,0.029374758787894528
398,492,492,0,2.528711208793468,2.5292861461639404,2.506366679164714,2.4873178005218506,2.5012613787133935
399,493,493,0,-0.2366155444652374,-0.2348124086856842,-0.2577318756849105,-0.22192901372909546,-0.20798543553755255
400,495,495,0,-0.5446438699037368,-0.505492091178894,-0.5284115581781204,-0.5670678615570068,-0.5531242833654639
401,496,496,0,1.7103561253278916,1.6893010139465332,1.666381546947307,1.7070163488388062,1.720959927030349
402,498,498,0,0.941461393329448,0.964897096157074,0.9419776291578477,0.9243882894515991,0.938331867643142
403,499,499,0,-0.853694012668782,-0.7582524418830872,-0.7811719088823135,-0.8992528915405273,-0.8853093133489844
404,501,501,0,0.2399971426456635,0.23065006732940674,0.2077306003301804,0.18576480448246002,0.19970838267400293
405,502,502,0,2.312058100196666,2.330493688583374,2.3075742215841477,2.2692978382110596,2.2832414164026025
406,503,503,0,0.7249245137899583,0.7644972205162048,0.7415777535169785,0.6886752843856812,0.7026188625772241
407,505,505,0,-2.385136714485341,-2.439087152481079,-2.4620066194803054,-2.404756546020508,-2.390812967828965
408,506,506,0,-3.528072228935414,-3.5614094734191895,-3.5843289404184158,-3.48555588722229,-3.471612309030747
409,507,507,0,0.6219746560781663,0.5738986134529114,0.5509791464536851,0.5457490682601929,0.5596926464517358
410,508,508,0,-1.2623152642518813,-1.3217408657073975,-1.3446603327066238,-1.233283281326294,-1.219339703134751
411,509,509,0,2.7354649395673936,2.780824899673462,2.7579054326742356,2.7155163288116455,2.7294599070031884
412,510,510,0,1.175198444816417,1.1469976902008057,1.1240782232015794,1.1049915552139282,1.1189351334054711
413,513,513,0,0.06460808375770496,0.10297105461359024,0.0800515876143639,0.07663390040397644,0.09057747859551935
414,514,514,0,-4.950625291374379,-5.033726692199707,-5.056646159198934,-4.868271350860596,-4.854327772669053
415,515,515,0,-0.6242287664682205,-0.5799270272254944,-0.6028464942247207,-0.5776852369308472,-0.5637416587393043
416,516,516,0,0.2913583011358445,0.3469885289669037,0.3240690619676774,0.27924844622612,0.2931920244176629
417,517,517,0,-0.29318421175783227,-0.2740781605243683,-0.2969976275235946,-0.33703771233558655,-0.32309413414404364
418,518,518,0,-0.5148702173501785,-0.4759533703327179,-0.4988728373319442,-0.5429441928863525,-0.5290006146948096
419,519,519,0,-0.5164235739976699,-0.5198041796684265,-0.5427236466676528,-0.5116655826568604,-0.49772200446531745
420,520,520,0,-2.6715508609086807,-2.664379835128784,-2.6872993021280105,-2.6444993019104004,-2.6305557237188575
421,521,521,0,1.532186159583873,1.5027186870574951,1.4797992200582688,1.505903720855713,1.5198472990472558
422,523,523,0,1.1751226277082627,1.3341975212097168,1.3112780542104905,1.127579689025879,1.1415232672174218
423,524,524,0,0.6877656073301499,0.7534671425819397,0.7305476755827134,0.6713898181915283,0.6853333963830712
424,525,525,-1,0.7730618235299409,0.7819613814353943,0.759041914436168,0.7589573860168457,0.7729009642083886
425,526,526,0,1.3024771303861802,1.3226096630096436,1.2996901960104172,1.3155728578567505,1.3295164360482934
426,527,527,0,0.22456116387540745,0.2782118022441864,0.2552923352449601,0.23705337941646576,0.25099695760800866
427,530,530,0,1.9785075278013413,2.0182583332061768,1.9953388662069504,1.960303783416748,1.974247361608291
428,531,531,0,-1.918452015426808,-1.9110560417175293,-1.9339755087167556,-1.977598786354065,-1.963655208162522
429,532,532,0,0.8798639864652817,0.871486485004425,0.8485670180051987,0.849280834197998,0.863224412389541
430,533,533,0,-1.2426459698945815,-1.1906105279922485,-1.2135299949914748,-1.1847401857376099,-1.170796607546067
431,534,534,0,1.0352585406034653,1.062113881111145,1.0391944141119187,1.0164365768432617,1.0303801550348046
432,536,536,0,-0.8376108317643935,-0.81956547498703,-0.8424849419862563,-0.8867529630661011,-0.8728093848745582
433,537,537,0,2.308435806724376,2.3095414638519287,2.2866219968527024,2.2525899410247803,2.266533519216323
434,538,538,0,0.6620037646024888,0.6810107827186584,0.6580913157194321,0.6470463275909424,0.6609899057824853
435,540,540,0,-0.47603928139513085,-0.4299224317073822,-0.4528418987066085,-0.449754923582077,-0.4358113453905341
436,541,541,0,-1.5655978827745254,-1.552583932876587,-1.5755033998758132,-1.5432215929031372,-1.5292780147115943
437,542,542,0,-1.8859814315110977,-1.92372727394104,-1.9466467409402664,-1.8477743864059448,-1.833830808214402
438,543,543,0,0.45752034494573524,0.4570540487766266,0.4341345817774003,0.43186500668525696,0.44580858487679986
439,544,544,0,2.0161274761884873,2.149725914001465,2.1268064470022385,1.9685043096542358,1.9824478878457787
440,545,545,-1,0.7413841005990327,0.731788158416748,0.7088686914175217,0.759069561958313,0.7730131401498559
441,546,546,0,-2.143092980888539,-2.081731081008911,-2.1046505480081374,-2.108520746231079,-2.094577168039536
442,547,547,0,1.0561968178480332,1.1090991497039795,1.0861796827047532,1.0207353830337524,1.0346789612252953
443,548,548,0,1.7247629255979722,1.6974287033081055,1.6745092363088792,1.6406506299972534,1.6545942081887963
444,550,550,0,0.7921304197042649,0.846515953540802,0.8235964865415757,0.827810525894165,0.8417541040857079
445,551,551,0,0.7806128949850266,0.8453490138053894,0.8224295468061631,0.7933282852172852,0.8072718634088281
446,552,552,0,-0.08410114636724544,-0.048899851739406586,-0.07181931873863293,-0.09979772567749023,-0.08585414748594733
447,553,553,0,0.5191491932600205,0.5893544554710388,0.5664349884718125,0.5330897569656372,0.5470333351571801
448,554,554,0,-0.5338886885911758,-0.5198782086372375,-0.5427976756364639,-0.5200326442718506,-0.5060890660803077
449,555,555,0,1.2997943253248398,1.3398488759994507,1.3169294090002244,1.2150774002075195,1.2290209783990624
450,557,557,0,0.8053191990583604,0.8262209296226501,0.8033014626234238,0.8057214021682739,0.8196649803598168
451,559,559,0,-2.4503544478685195,-2.4182984828948975,-2.4412179498941238,-2.4337146282196045,-2.4197710500280616
452,562,562,0,-1.714536777046376,-1.7488179206848145,-1.7717373876840408,-1.7369223833084106,-1.7229788051168677
453,563,563,0,0.060531435254163025,0.09349793195724487,0.07057846495801853,0.07492192089557648,0.08886549908711938
454,564,564,0,3.3202966541975205,3.3288767337799072,3.305957266780681,3.2382898330688477,3.2522334112603906
455,565,565,0,1.1122732252805894,1.1773130893707275,1.1543936223715012,1.1372523307800293,1.1511959089715722
456,566,566,0,-0.33353837421243737,-0.34155669808387756,-0.3644761650831039,-0.4183870851993561,-0.4044435070078132
457,567,567,0,-1.06337021878069,-0.9667922854423523,-0.9897117524415786,-1.0583850145339966,-1.0444414363424537
458,569,569,0,-2.602166286018544,-2.5987555980682373,-2.6216750650674636,-2.5511276721954346,-2.5371840940038917
459,570,570,0,2.2845774979322617,2.368811845779419,2.3458923787801926,2.2075088024139404,2.2214523806054833
460,572,572,0,-1.0791976361543472,-1.1115344762802124,-1.1344539432794387,-1.1256972551345825,-1.1117536769430396
461,574,574,0,0.5389614195554917,0.5188352465629578,0.49591577956373145,0.4477190375328064,0.4616626157243493
462,575,575,0,1.2258497566908066,1.2666279077529907,1.2437084407537644,1.2401520013809204,1.2540955795724633
463,577,577,0,0.4080127269952958,0.42911577224731445,0.40619630524808814,0.38052529096603394,0.39446886915757684
464,578,578,0,2.5099519581525986,2.5726215839385986,2.5497021169393723,2.427119016647339,2.4410625948388818
465,579,579,0,0.7714346141546433,0.7812322974205017,0.7583128304212754,0.7588193416595459,0.7727629198510888
466,580,580,0,0.7568407745092576,0.787356972694397,0.7644375056951707,0.6911454200744629,0.7050889982660058
467,581,581,0,0.31658841082746436,0.31327590346336365,0.29035643646413734,0.2550278902053833,0.2689714683969262
468,582,582,0,0.11450756499463963,0.0830695703625679,0.06015010336334156,0.11862928420305252,0.13257286239459543
469,583,583,0,2.57834018180067,2.5841879844665527,2.5612685174673264,2.5060856342315674,2.5200292124231103
470,585,585,0,0.8186518044202988,0.8366510272026062,0.8137315602033799,0.7899743318557739,0.8039179100473168
471,586,586,0,0.6550920099943345,0.6768626570701599,0.6539431900709336,0.6489503383636475,0.6628939165551904
472,587,587,0,-3.0976604132921035,-3.0405662059783936,-3.06348567297762,-3.0363619327545166,-3.0224183545629737
473,588,588,0,1.8062962383955186,1.8045721054077148,1.7816526384084885,1.7052794694900513,1.7192230476815942
474,589,589,0,1.4628334135740464,1.4917588233947754,1.468839356395549,1.4122475385665894,1.4261911167581323
475,591,591,0,-1.9338529019624526,-1.8840750455856323,-1.9069945125848586,-1.9367719888687134,-1.9228284106771705
476,592,592,0,1.1808985562055772,1.235077142715454,1.2121576757162278,1.1471742391586304,1.1611178173501733
477,593,593,-5,1.7871399740804463,1.8622585535049438,1.8393390865057175,1.797894835472107,1.8118384136636498
478,595,595,0,2.4578634590833848,2.532073974609375,2.5091545076101487,2.457873582839966,2.4718171610315087
479,596,596,0,0.9378388614385789,0.9394192099571228,0.9164997429578965,0.8933302164077759,0.9072737945993188
480,597,597,0,0.7006601185529893,0.70303875207901,0.6801192850797837,0.7105287313461304,0.7244723095376733
481,599,599,-1,-3.5007974389364898,-3.5442955493927,-3.5672150163919265,-3.505460500717163,-3.49151692252562
482,600,600,0,-0.05138294613068652,-0.07322058826684952,-0.09614005526607586,-0.10001057386398315,-0.08606699567244025
483,601,601,0,0.4098998696535294,0.4690777063369751,0.4461582393377488,0.3979701101779938,0.4119136883695367
484,602,602,0,1.9406737179487412,1.916785478591919,1.8938660115926926,1.8857595920562744,1.8997031702478173
485,604,604,0,1.3700662941663926,1.3666844367980957,1.3437649697988694,1.3412668704986572,1.3552104486902001
486,607,607,0,-0.45660032918756555,-0.4421634376049042,-0.4650829046041305,-0.475313276052475,-0.46136969786093207
487,608,608,0,-1.1245543866426284,-1.0973401069641113,-1.1202595739633376,-1.109582781791687,-1.095639203600144
488,609,609,0,1.504535684081859,1.5359946489334106,1.5130751819341843,1.4973758459091187,1.5113194241006616
489,612,612,0,1.152398356887645,1.1894515752792358,1.1665321082800095,1.0847772359848022,1.0987208141763452
490,613,613,0,2.4462779850691025,2.487581729888916,2.4646622628896897,2.416937828063965,2.4308814062555077
491,614,614,0,0.43296767184431006,0.5289596319198608,0.5060401649206345,0.3869372010231018,0.4008807792146447
492,615,615,0,-0.7367619185716445,-0.726212203502655,-0.7491316705018813,-0.765653133392334,-0.7517095552007911
493,616,616,0,1.0693430990904038,1.0663505792617798,1.0434311122625535,1.0087088346481323,1.0226524128396752
494,617,617,-2,1.501379980914729,1.5197315216064453,1.496812054607219,1.4932878017425537,1.5072313799340966
495,618,618,0,0.04490883806640553,0.11224231868982315,0.08932285169059681,0.028385505080223083,0.04232908327176599
496,619,619,0,1.9188969225614732,1.9879558086395264,1.9650363416403,1.926506519317627,1.9404500975091699
497,620,620,0,-2.519407620933705,-2.4480011463165283,-2.4709206133157546,-2.473576307296753,-2.45963272910521
498,621,621,0,1.3183043093412583,1.3450756072998047,1.3221561403005784,1.3038337230682373,1.3177773012597802
499,622,622,0,0.35678739258939673,0.33110734820365906,0.30818788120443275,0.2808002829551697,0.2947438611467126
500,623,623,0,-1.1580220370561416,-1.1691458225250244,-1.1920652895242507,-1.2010396718978882,-1.1870960937063453
501,624,624,0,1.9047671646803086,1.9084417819976807,1.8855223149984544,1.8443362712860107,1.8582798494775536
502,625,625,0,-0.3056745736867721,-0.32410088181495667,-0.347020348814183,-0.37606337666511536,-0.36211979847357245
503,626,626,0,-1.7125595717698867,-1.785959005355835,-1.8088784723550613,-1.7425607442855835,-1.7286171660940406
504,627,627,0,0.2573982269495194,0.3023734986782074,0.2794540316789811,0.24065518379211426,0.25459876198365716
505,628,628,0,0.030257459449714898,0.049334146082401276,0.026414679083174936,-0.03466874361038208,-0.020725165418839175
506,629,629,0,0.7861880750387376,0.8115715980529785,0.7886521310537522,0.7630370855331421,0.776980663724685
507,631,631,0,-1.142557492759877,-1.1961103677749634,-1.2190298347741897,-1.1154576539993286,-1.1015140758077857
508,632,632,0,-3.8348704486162,-3.9390194416046143,-3.9619389086038406,-3.7777140140533447,-3.763770435861802
509,633,633,0,-2.190578332451039,-2.156649112701416,-2.1795685797006423,-2.1731321811676025,-2.1591886029760596
510,634,634,0,2.559811243507213,2.5913655757904053,2.568446108791179,2.5522472858428955,2.5661908640344384
511,635,635,0,0.5983151287763779,0.6097531914710999,0.5868337244718735,0.6827510595321655,0.6966946377237084
512,636,636,0,-4.157306542900258,-4.223724842071533,-4.24664430907076,-4.107859134674072,-4.093915556482529
513,639,639,0,1.3629444927900498,1.4488686323165894,1.425949165317363,1.3653173446655273,1.3792609228570702
514,640,640,0,0.24493631133729862,0.24099665880203247,0.21807719180280613,0.26254740357398987,0.2764909817655328
515,641,641,0,0.9837657303541367,1.022610068321228,0.9996906013220017,0.9733320474624634,0.9872756256540063
516,642,642,0,2.2999032826154893,2.390491247177124,2.3675717801778977,2.1722586154937744,2.1862021936853173
517,643,643,0,0.34912575194532325,0.3806263208389282,0.3577068538397019,0.3333435654640198,0.3472871436555627
518,644,644,0,2.1520067543714707,2.15970778465271,2.1367883176534836,2.1057116985321045,2.1196552767236474
519,646,646,0,-2.699923387077504,-2.731397867202759,-2.754317334201985,-2.717759609222412,-2.703816031030869
520,648,648,0,1.4179488510816758,1.4931024312973022,1.470182964298076,1.2931374311447144,1.3070810093362573
521,650,650,0,2.19547189185316,2.2329306602478027,2.2100111932485764,2.1586856842041016,2.1726292623956445
522,652,652,0,0.4506462008684342,0.4697944223880768,0.44687495538885047,0.4020337164402008,0.4159772946317437
523,653,653,0,0.08495132038289951,0.039777256548404694,0.016857789549178354,-0.01253865659236908,0.001404921599173825
524,654,654,0,-0.6027692466050918,-0.6220097541809082,-0.6449292211801345,-0.6796873807907104,-0.6657438025991675
525,655,655,0,-0.07859079381530834,-0.07915084809064865,-0.10207031508987499,-0.08274170756340027,-0.06879812937185736
526,656,656,0,1.4166436285703843,1.4306461811065674,1.407726714107341,1.397735357284546,1.4116789354760888
527,657,657,0,-1.4755327611238296,-1.4906049966812134,-1.5135244636804397,-1.5029873847961426,-1.4890438066045997
528,658,658,0,0.9801578016012376,1.0184341669082642,0.9955146999090378,0.990959644317627,1.0049032225091699
529,659,659,0,-0.11558636864727093,-0.1251443326473236,-0.14806379964654995,-0.09633596241474152,-0.08239238422319861
530,660,660,0,0.5122013182371323,0.5700641870498657,0.5471447200506394,0.5175002813339233,0.5314438595254662
531,661,661,0,-2.447707286384755,-2.429368734359741,-2.4522882013589675,-2.405761957168579,-2.391818378977036
532,663,663,0,-0.7765388398439224,-0.7641797661781311,-0.7870992331773574,-0.7572786808013916,-0.7433351026098487
533,664,664,0,-0.7498022823602493,-0.8042563796043396,-0.8271758466035659,-0.7425533533096313,-0.7286097751180884
534,665,665,0,-1.976360312011891,-1.9610440731048584,-1.9839635401040847,-2.0077505111694336,-1.9938069329778907
535,666,666,0,-2.303514113929921,-2.283524751663208,-2.3064442186624343,-2.261735439300537,-2.247791861108994
536,668,668,0,0.6217140049665635,0.6528863310813904,0.6299668640821641,0.6147994995117188,0.6287430777032617
537,669,669,0,0.2783655316560929,0.2973006069660187,0.27438113996679236,0.2579931914806366,0.2719367696721795
538,670,670,0,1.6960918993681138,1.7445746660232544,1.721655199024028,1.686357855796814,1.7003014339883569
539,672,672,0,0.0007959738249358811,-0.014937050640583038,-0.03785651763980938,-0.005570352077484131,0.008373226114058774
540,674,674,0,0.9265874118536179,0.9662148356437683,0.943295368644542,0.896456241607666,0.9103998197992089
541,675,675,0,2.2823025078504746,2.3367292881011963,2.31380982110197,2.2655575275421143,2.279501105733657
542,676,676,0,0.6741470784872239,0.7714704275131226,0.7485509605138962,0.6125526428222656,0.6264962210138085
543,677,677,0,1.8426511378019517,1.9144924879074097,1.8915730209081834,1.8539268970489502,1.867870475240493
544,679,679,0,-1.2434514670640762,-1.2293815612792969,-1.2523010282785232,-1.3109978437423706,-1.2970542655508277
545,682,682,0,0.7416048140257065,0.7760877013206482,0.7531682343214219,0.7290124893188477,0.7429560675103906
546,683,683,0,0.2297868371933167,0.23031622171401978,0.20739675471479344,0.22840897738933563,0.24235255558087854
547,684,684,0,-1.5538482575685317,-1.5006306171417236,-1.52355008414095,-1.5642064809799194,-1.5502629027883765
548,686,686,0,0.6752197832792466,0.7159550786018372,0.6930356116026108,0.6363325119018555,0.6502760900933984
549,687,687,0,0.6893234343259995,0.7363106608390808,0.7133911938398545,0.6582295894622803,0.6721731676538232
550,688,688,0,1.0624742598264878,1.085558533668518,1.0626390666692918,1.0578712224960327,1.0718148006875756
551,689,689,0,0.3547945708959763,0.37129056453704834,0.348371097537822,0.3306351602077484,0.3445787383992913
552,690,690,0,1.9413253159254258,1.9915485382080078,1.9686290712087815,1.8915044069290161,1.905447985120559
553,691,691,0,1.5844860167234605,1.5611004829406738,1.5381810159414475,1.55213463306427,1.566078211255813
554,693,693,0,0.8192881436079209,0.8827416300773621,0.8598221630781357,0.8021396398544312,0.8160832180459741
555,694,694,0,1.7973766417234605,1.7954246997833252,1.7725052327840989,1.744009017944336,1.7579525961358788
556,695,695,0,-0.025764189940744163,-0.027971558272838593,-0.05089102527206493,-0.04063178598880768,-0.026688207797264774
557,696,696,0,-2.4461055903703506,-2.4554855823516846,-2.478405049350911,-2.436202049255371,-2.422258471063828
558,697,697,0,-2.394879689720326,-2.3358747959136963,-2.3587942629129226,-2.3528969287872314,-2.3389533505956885
559,699,699,0,-0.8707303910524185,-0.8770890831947327,-0.900008550193959,-0.8692305088043213,-0.8552869306127784
560,700,700,0,0.8332125038831895,0.8463621139526367,0.8234426469534104,0.8204221725463867,0.8343657507379296
561,701,701,0,3.141624102088756,3.1646735668182373,3.141754099819011,3.074723720550537,3.08866729874208
562,702,702,0,-1.3737826257020767,-1.4255813360214233,-1.4485008030206497,-1.364695429801941,-1.350751851610398
563,703,703,0,0.4732619316309159,0.49907809495925903,0.4761586279600327,0.4732590615749359,0.4872026397664788
564,704,704,0,-2.892109027412587,-2.871068239212036,-2.8939877062112624,-2.8274800777435303,-2.8135364995519874
565,705,705,0,-0.5328220634729202,-0.5295566320419312,-0.5524760990411575,-0.4897070825099945,-0.4757635043184516
566,707,707,0,-1.3520357518464858,-1.3606488704681396,-1.383568337467366,-1.4057596921920776,-1.3918161140005347
567,708,708,0,0.6826216668813889,0.7881695032119751,0.7652500362127488,0.5969372987747192,0.6108808769662621
568,709,709,0,2.412988790962047,2.4086215496063232,2.385702082607097,2.359295129776001,2.373238707967544
569,710,710,0,-0.7953496485025222,-0.7685709595680237,-0.79149042656725,-0.7711226940155029,-0.75717911582396
570,711,711,0,-2.2351423411638076,-2.200439453125,-2.2233589201242263,-2.198615074157715,-2.184671495966172
571,712,712,0,-0.798025420215779,-0.7831256985664368,-0.8060451655656631,-0.7834982872009277,-0.7695547090093848
572,713,713,0,0.6411563844412034,0.6485638618469238,0.6256443948476975,0.6159842014312744,0.6299277796228173
573,715,715,0,-2.82642637780016,-2.8385009765625,-2.8614204435617263,-2.884897470474243,-2.8709538922827003
574,716,716,0,-0.3529188840658004,-0.4114428460597992,-0.4343623130590255,-0.3561324179172516,-0.3421888397257087
575,717,717,0,-4.247325292137319,-4.201111793518066,-4.224031260517293,-4.250403881072998,-4.236460302881455
576,718,718,0,0.34547887155706336,0.3665449619293213,0.343625494930095,0.3409911096096039,0.3549346878011468
577,719,719,0,1.4716588349073594,1.5169730186462402,1.494053551647014,1.428356409072876,1.4422999872644189
578,720,720,0,1.5173977703779404,1.5731346607208252,1.5502151937215989,1.5182427167892456,1.5321862949807885
579,721,721,0,0.7604611606329148,0.7935845851898193,0.770665118190593,0.7553999423980713,0.7693435205896142
580,722,722,0,-0.8980096488267715,-0.9715221524238586,-0.994441619423085,-0.8646858930587769,-0.850742314867234
581,724,724,0,-2.6553200392991836,-2.614020586013794,-2.6369400530130203,-2.574495553970337,-2.560551975778794
582,725,725,0,-0.27160032680337975,-0.32777318358421326,-0.35069265058343957,-0.37190887331962585,-0.35796529512808295
583,726,726,0,1.839488634559459,1.8414061069488525,1.8184866399496262,1.733609914779663,1.747553492971206
584,727,727,0,2.529005417320079,2.589308023452759,2.5663885564535325,2.460282564163208,2.474226142354751
585,729,729,0,1.93532682368452,1.9483659267425537,1.9254464597433274,1.8920921087265015,1.9060356869180444
586,730,730,0,0.7883399815290635,0.810942530632019,0.7880230636327927,0.7990179061889648,0.8129614843805077
587,731,731,0,0.04686387786561894,0.05979525297880173,0.03687578597957539,0.025928474962711334,0.03987205315425424
588,733,733,0,0.6990892977445786,0.7304284572601318,0.7075089902609055,0.7031155824661255,0.7170591606576684
589,734,734,0,0.8480766505926316,0.8934894800186157,0.8705700130193894,0.8539619445800781,0.867905522771621
590,735,735,0,0.3766350836485093,0.48667460680007935,0.46375513980085303,0.3477749526500702,0.3617185308416131
591,736,736,0,0.788525590392894,0.8101316094398499,0.7872121424406235,0.7505731582641602,0.7645167364557031
592,738,738,-1,2.088182043714267,2.154780387878418,2.1318609208791917,2.0558855533599854,2.0698291315515283
593,739,739,0,1.491448411437816,1.4948664903640747,1.4719470233648484,1.4340027570724487,1.4479463352639916
594,740,740,0,-2.426528802421742,-2.4166176319122314,-2.4395370989114578,-2.412348985671997,-2.398405407480454
595,741,741,0,-4.600693097618276,-4.601851463317871,-4.624770930317098,-4.416141986846924,-4.402198408655381
596,742,742,0,1.0950933785169785,1.0876693725585938,1.0647499055593674,1.0815082788467407,1.0954518570382836
597,744,744,0,1.64254916617567,1.700232744216919,1.6773132772176926,1.5761948823928833,1.5901384605844262
598,745,745,0,1.545686611625499,1.5980939865112305,1.5751745195120042,1.500515341758728,1.514458919950271
599,746,746,0,0.09021375486547398,0.1859951615333557,0.16307569453412937,0.054585523903369904,0.06852910209491281
600,747,747,0,-0.312129458692723,-0.19530588388442993,-0.21822535088365627,-0.2558671832084656,-0.24192360501692267
601,749,749,0,0.4584143550127213,0.5098814964294434,0.48696202943021705,0.47041013836860657,0.48435371656014947
602,750,750,0,1.4273891539304917,1.3850553035736084,1.362135836574382,1.375794768333435,1.389738346524978
603,751,751,0,1.8091542811124985,1.8432435989379883,1.820324131938762,1.7748807668685913,1.7888243450601342
604,752,752,0,2.0447954029768174,2.1118733882904053,2.088953921291179,2.0389599800109863,2.0529035582025292
605,753,753,0,2.771084198448009,2.774611711502075,2.751692244502849,2.703697681427002,2.717641259618545
606,754,754,0,-2.579325070884877,-2.6059000492095947,-2.628819516208821,-2.662872076034546,-2.648928497843003
607,755,755,-2,-0.49890755189166747,-0.4937150180339813,-0.5166344850332076,-0.357148677110672,-0.3432050989191291
608,756,756,0,1.3191242308347886,1.3461549282073975,1.3232354612081711,1.339202642440796,1.3531462206323388
609,757,757,0,2.906284937354869,2.9213476181030273,2.898428151103801,2.861356019973755,2.875299598165298
610,758,758,0,1.427324304076976,1.4606819152832031,1.4377624482839768,1.414199948310852,1.428143526502395
611,760,760,0,0.4959716589182084,0.5293028354644775,0.5063833684652512,0.504371166229248,0.518314744420791
612,761,761,0,2.878196367713756,2.8650078773498535,2.842088410350627,2.864333152770996,2.878276730962539
613,762,762,0,0.7498530239790147,0.7860665321350098,0.7631470651357835,0.7805962562561035,0.7945398344476464
614,763,763,-1,-2.952556777315396,-3.007124662399292,-3.0300441293985183,-2.9269092082977295,-2.9129656301061866
615,764,764,0,1.2497018665998643,1.2497596740722656,1.2268402070730393,1.2068085670471191,1.220752145238662
616,765,765,0,1.1200859636991685,1.1549407243728638,1.1320212573736375,1.098476767539978,1.112420345731521
617,766,766,0,-2.131383529213124,-2.1564104557037354,-2.1793299227029617,-2.1060221195220947,-2.092078541330552
618,767,767,0,2.751455196830577,2.853510618209839,2.8305911512106126,2.718796491622925,2.7327400698144677
619,768,768,0,-0.469000032451802,-0.46582719683647156,-0.48874666383569787,-0.5237469673156738,-0.5098033891241309
620,769,769,0,-1.5351173787385757,-1.5407841205596924,-1.5637035875589187,-1.5478609800338745,-1.5339174018423316
621,770,770,0,-3.743652692344838,-3.75812029838562,-3.7810397653848464,-3.685999631881714,-3.672056053690171
622,771,771,0,-1.673586955574208,-1.6647971868515015,-1.6877166538507278,-1.5600628852844238,-1.546119307092881
623,772,772,0,-0.11936425259416653,-0.17046022415161133,-0.19337969115083767,-0.13061100244522095,-0.11666742425367804
624,773,773,0,2.3346656651228135,2.3928382396698,2.3699187726705735,2.3127288818359375,2.3266724600274804
625,774,774,0,0.22244801530534672,0.2398056983947754,0.21688623139554905,0.24535222351551056,0.25929580170705346
626,775,775,0,-2.011154046562367,-2.0126118659973145,-2.0355313329965408,-1.9890729188919067,-1.9751293407003638
627,776,776,0,1.4553738922804063,1.5193700790405273,1.496450612041301,1.4353283643722534,1.4492719425637963
628,778,778,0,-0.4234259038240249,-0.41646113991737366,-0.43938060691659997,-0.39723441004753113,-0.3832908318559882
629,779,779,0,1.3799464792936509,1.4102460145950317,1.3873265475958054,1.3736811876296997,1.3876247658212426
630,784,784,0,3.31607736060316,3.342890501022339,3.3199710340231126,3.281769275665283,3.295712853856826
631,785,785,0,-3.107080092933827,-3.089998722076416,-3.1129181890756423,-3.082036256790161,-3.0680926785986182
632,786,786,0,-1.9732417969972427,-1.9154078960418701,-1.9383273630410964,-1.9588738679885864,-1.9449302897970435
633,787,787,0,0.3756267220705216,0.40330055356025696,0.38038108656103065,0.33985403180122375,0.35379760999276666
634,788,788,0,-2.428939452675038,-2.470937728881836,-2.4938571958810622,-2.373615026473999,-2.359671448282456
635,789,789,0,0.7042989225118821,0.7198168039321899,0.6968973369329636,0.6640408039093018,0.6779843821008447
636,791,791,0,2.24893868872816,2.2680435180664062,2.24512405106718,2.2189462184906006,2.2328897966821435
637,793,793,0,0.3097308368414109,0.35240399837493896,0.32948453137571265,0.2678879499435425,0.2818315281350854
638,794,794,0,1.0406950802534287,1.110496163368225,1.0875766963689988,1.0181972980499268,1.0321408762414697
639,795,795,0,1.3202492089002793,1.2934179306030273,1.270498463603801,1.2494219541549683,1.2633655323465112
640,796,796,0,1.7547419161527817,1.820940375328064,1.7980209083288377,1.7398594617843628,1.7538030399759057
641,797,797,0,1.7208501190870469,1.7934848070144653,1.770565340015239,1.6985284090042114,1.7124719871957543
642,798,798,0,0.14278353163892674,0.16897496581077576,0.14605549881154942,0.1301429271697998,0.1440865053613427
643,799,799,0,2.350165256950206,2.375274896621704,2.352355429622478,2.3754284381866455,2.3893720163781884
644,800,800,0,0.7871749491422837,0.8532590866088867,0.8303396196096604,0.732642412185669,0.7465859903772118
645,801,801,0,-0.8533818035394485,-0.8680412173271179,-0.8909606843263442,-0.8670426607131958,-0.8530990825216529
646,802,802,0,-1.9526377826005752,-1.9715020656585693,-1.9944215326577956,-1.902636170387268,-1.8886925921957252
647,803,803,0,2.3684698433607285,2.4304163455963135,2.407496878597087,2.326652765274048,2.3405963434655908
648,804,804,0,0.1382459790437882,0.07888888567686081,0.05596941867763447,0.07974621653556824,0.09368979472711114
649,806,806,0,2.464488872978038,2.49650502204895,2.473585555049724,2.3701024055480957,2.3840459837396386
650,807,807,0,-0.4347528128892715,-0.43031415343284607,-0.4532336204320724,-0.44556543231010437,-0.43162185411856147
651,808,808,0,0.6171613425939744,0.6629015803337097,0.6399821133344834,0.5838775634765625,0.5978211416681054
652,811,811,0,3.164622911903209,3.1928000450134277,3.1698805780142014,3.0988643169403076,3.1128078951318505
653,812,812,0,-0.30759992292230676,-0.23626211285591125,-0.25918157985513757,-0.3235812187194824,-0.3096376405279395
654,814,814,0,2.554423698875255,2.60183048248291,2.578911015483684,2.497342824935913,2.511286403127456
655,815,815,0,-2.223544230964833,-2.2052314281463623,-2.2281508951455886,-2.195574998855591,-2.181631420664048
656,816,816,0,-1.8385174184114272,-1.8618535995483398,-1.8847730665475662,-1.8154793977737427,-1.8015358195821998
657,817,817,0,0.8561162442892258,0.8148871064186096,0.7919676394193833,0.781059980392456,0.795003558583999
658,818,818,0,1.2181080670087998,1.2283704280853271,1.2054509610861008,1.1606485843658447,1.1745921625573876
659,820,820,0,0.6240335197179978,0.6838616728782654,0.6609422058790391,0.6103440523147583,0.6242876305063012
660,822,822,0,1.7329030127256577,1.6974949836730957,1.6745755166738694,1.7061346769332886,1.7200782551248315
661,823,823,0,2.6503259033888047,2.6921916007995605,2.6692721338003342,2.5927600860595703,2.606703664251113
662,824,824,0,2.040995726081676,2.0694046020507812,2.046485135051555,2.002431631088257,2.0163752092797997
663,826,826,0,0.26418108651334693,0.30432775616645813,0.2814082891672318,0.2202766239643097,0.2342202021558526
664,827,827,0,-1.0204381852418716,-1.0055638551712036,-1.02848332217043,-0.9403706789016724,-0.9264271007101295
665,828,828,0,2.1798194737165635,2.2134788036346436,2.1905593366354172,2.133777141571045,2.147720719762588
666,830,830,0,-1.5921882300645644,-1.619192123413086,-1.6421115904123122,-1.5769164562225342,-1.5629728780309913
667,831,831,0,-2.4413136153489883,-2.4453742504119873,-2.4682937174112136,-2.396301746368408,-2.3823581681768653
668,833,833,0,2.4409142822950547,2.495603561401367,2.472684094402141,2.4103856086730957,2.4243291868646386
669,834,834,0,0.10491331824953007,0.12611186504364014,0.1031923980444138,0.07385831326246262,0.08780189145400552
670,835,835,0,0.5722054929464524,0.5967767834663391,0.5738573164671128,0.5054680109024048,0.5194115890939477
671,836,836,0,1.3303186983793442,1.33420729637146,1.3112878293722336,1.2964013814926147,1.3103449596841577
672,838,838,0,1.296182045432872,1.4280891418457031,1.4051696748464768,1.2685920000076294,1.2825355781991723
673,839,839,0,1.0420094818800156,1.07743501663208,1.0545155496328538,1.052127718925476,1.066071297117019
674,842,842,0,0.9526012034147446,1.037005066871643,1.0140855998724168,0.9340603351593018,0.9480039133508447
675,843,843,0,-0.22940613916223598,-0.21572387218475342,-0.23864333918397976,-0.20344534516334534,-0.18950176697180243
676,844,844,0,1.658273109885997,1.7108697891235352,1.6879503221243088,1.603088140487671,1.6170317186792138
677,845,845,0,-1.9512448220521743,-1.9206721782684326,-1.943591645267659,-1.934926152229309,-1.9209825740377662
678,846,846,0,-0.04166690474455905,-0.014530472457408905,-0.037449939456635245,-0.1021375060081482,-0.08819392781660529
679,848,848,0,2.3646744580000107,2.4145565032958984,2.391637036296672,2.3454086780548096,2.3593522562463525
680,849,849,0,-7.7422164588243305,-7.6673359870910645,-7.690255454090291,-7.603985786437988,-7.590042208246445
681,850,850,0,1.635323652717418,1.6480447053909302,1.6251252383917039,1.6470478773117065,1.6609914555032494
682,851,851,0,0.13911698171789097,0.17230281233787537,0.14938334533864903,0.09431290626525879,0.1082564844568017
683,852,852,0,1.0272170395582383,1.0643950700759888,1.0414756030767625,1.0114827156066895,1.0254262937982324
684,855,855,0,-4.754783978965932,-4.725874900817871,-4.748794367817098,-4.758116245269775,-4.7441726670782325
685,856,856,0,-0.014240230713837865,0.013978950679302216,-0.008940516319924124,-0.04224717617034912,-0.028303597978806216
686,858,858,0,-3.3388448863298232,-3.323382616043091,-3.346302083042317,-3.325671911239624,-3.311728333048081
687,859,859,0,2.189034828635997,2.1904661655426025,2.1675466985433762,2.1456570625305176,2.1596006407220605
688,861,861,0,1.896050700637645,1.9470274448394775,1.9241079778402512,1.886151671409607,1.9000952496011498
689,862,862,0,0.9442879051893418,0.9745660424232483,0.951646575424022,0.8597147464752197,0.8736583246667626
690,864,864,0,0.42171491095716407,0.4194401502609253,0.396520683261699,0.2667762041091919,0.2807197823007348
691,865,865,0,1.405567655059642,1.469334602355957,1.4464151353567307,1.4042296409606934,1.4181732191522363
692,866,866,0,-0.7210398226053054,-0.726821780204773,-0.7497412472039993,-0.7566236257553101,-0.7426800475637672
693,867,867,0,2.0490068287580674,2.1032934188842773,2.080373951885051,2.00365948677063,2.017603064962173
694,868,868,0,2.725233444663829,2.727367401123047,2.7044479341238206,2.6489744186401367,2.6629179968316796
695,869,869,0,-0.9245709090501602,-0.8986517786979675,-0.9215712456971938,-1.0005608797073364,-0.9866173015157935
696,870,870,-1,0.8219426390359224,0.8504430651664734,0.8275235981672471,0.813023567199707,0.8269671453912499
697,871,871,0,0.43717641541654517,0.5273900628089905,0.5044705958097642,0.4510848820209503,0.4650284602124932
698,872,872,0,-1.4985940366060073,-1.5372045040130615,-1.5601239710122878,-1.4949910640716553,-1.4810474858801124
699,873,873,0,1.6158113569944565,1.6118500232696533,1.588930556270427,1.5793248414993286,1.5932684196908715
700,874,874,0,-2.6983331351548965,-2.7317657470703125,-2.754685214069539,-2.6423425674438477,-2.6283989892523048
701,875,875,0,2.385257610771007,2.4012532234191895,2.378333756419963,2.394040822982788,2.407984401174331
702,877,877,0,-4.232356420067006,-4.28112268447876,-4.3040421514779865,-4.249171733856201,-4.235228155664658
703,878,878,0,0.5646930427282517,0.6257737874984741,0.6028543204992478,0.5508297681808472,0.5647733463723901
704,879,879,0,-0.42870919993227075,-0.3878042697906494,-0.4107237367898757,-0.39480677247047424,-0.38086319427893134
705,881,881,0,0.6075924725263779,0.5931718945503235,0.5702524275510972,0.6401612758636475,0.6541048540551904
706,882,882,0,2.234399685355968,2.2740366458892822,2.251117178890056,2.213543653488159,2.227487231679702
707,885,885,0,-3.520125976112538,-3.5677688121795654,-3.5906882791787917,-3.4082043170928955,-3.3942607389013526
708,886,886,0,0.6036731095045273,0.6099894642829895,0.5870699972837632,0.5747908353805542,0.5887344135720971
709,888,888,0,0.9408506245344346,0.9906312227249146,0.9677117557256882,0.9139487743377686,0.9278923525293115
710,889,889,0,-3.8326593547136123,-3.8258001804351807,-3.848719647434407,-3.834909200668335,-3.820965622476792
711,890,890,0,0.301175931188411,0.2877352237701416,0.2648157567709153,0.30668336153030396,0.32062693972184686
712,891,891,0,2.033479818794078,2.1093528270721436,2.0864333600729172,2.0848050117492676,2.0987485899408105
713,892,892,0,-0.2913601606160934,-0.2952475845813751,-0.31816705158060143,-0.3235085606575012,-0.3095649824659583
714,893,893,0,0.6083754391401475,0.6531363129615784,0.6302168459623521,0.6100313663482666,0.6239749445398095
715,894,894,0,0.932212182971782,0.9565438032150269,0.9336243362158005,0.8677717447280884,0.8817153229196313
716,896,896,0,0.9820489973753159,0.9957838654518127,0.9728643984525864,1.0114585161209106,1.0254020943124535
717,897,897,0,-0.9037045746118362,-0.8626771569252014,-0.8855966239244277,-0.8692467212677002,-0.8553031430761573
718,898,898,0,0.016722069773024796,0.05888361483812332,0.03596414783889698,-0.010491251945495605,0.003452326246047299
719,899,899,0,-0.30540611436670373,-0.31242701411247253,-0.33534648111169885,-0.3526530861854553,-0.3387095079939124
720,900,900,0,1.4976503939359849,1.558192491531372,1.5352730245321458,1.4467943906784058,1.4607379688699487
721,901,901,0,-1.632384768036061,-1.6868654489517212,-1.7097849159509475,-1.6571272611618042,-1.6431836829702613
722,902,902,-2,0.3553023480106763,0.35792550444602966,0.33500603744680335,0.3688347637653351,0.382778341956878
723,903,903,0,-1.5976169019014175,-1.5137007236480713,-1.5366201906472976,-1.5506385564804077,-1.5366949782888648
724,904,904,0,0.6361996025770371,0.6010265350341797,0.5781070680349534,0.5437126159667969,0.5576561941583398
725,905,905,0,-1.9388087897569473,-1.9152398109436035,-1.9381592779428298,-1.9872382879257202,-1.9732947097341773
726,906,906,0,1.5044832319944565,1.482795238494873,1.4598757714956467,1.4380557537078857,1.4519993318994286
727,907,907,0,-2.5033372550279434,-2.6162922382354736,-2.6392117052347,-2.455655097961426,-2.441711519769883
728,908,908,0,-4.6053804068834125,-4.646201133728027,-4.669120600727254,-4.542440891265869,-4.528497313074326
729,909,909,-1,-1.8796426537802398,-1.836724042892456,-1.8596435098916824,-1.980228304862976,-1.9662847266714332
730,910,910,0,2.3511127323835557,2.4422709941864014,2.419351527187175,2.3588125705718994,2.3727561487634423
731,911,911,0,0.8535807819097703,0.9219241142272949,0.8990046472280686,0.8186357021331787,0.8325792803247216
732,912,912,0,-0.61551146796053,-0.5589504837989807,-0.581869950798207,-0.6455644369125366,-0.6316208587209937
733,913,913,0,-2.6780208258897598,-2.5515363216400146,-2.574455788639241,-2.7236430644989014,-2.7096994863073585
734,914,914,0,-0.21563676586454464,-0.14236801862716675,-0.1652874856263931,-0.17393913865089417,-0.15999556045935126
735,915,915,0,-0.3724554388791854,-0.3249622583389282,-0.34788172533815453,-0.36980822682380676,-0.35586464863226386
736,916,916,0,-0.6318529157907302,-0.593492865562439,-0.6164123325616653,-0.6315121650695801,-0.6175685868780372
737,917,917,0,0.9445523709982102,0.9505448341369629,0.9276253671377366,0.9493169784545898,0.9632605566461327
738,918,918,0,-5.152007928398305,-5.206537246704102,-5.229456713703328,-5.157841205596924,-5.143897627405381
739,919,919,0,-2.9953883796006973,-2.9559147357940674,-2.9788342027932937,-2.9825127124786377,-2.968569134287095
740,920,920,0,0.6194564790456956,0.6435672640800476,0.6206477970808213,0.6991931200027466,0.7131366981942895
741,921,921,0,1.5576279253690903,1.6433587074279785,1.6204392404287522,1.5752601623535156,1.5892037405450585
742,922,922,0,-1.1292078404695327,-1.1634571552276611,-1.1863766222268874,-1.1884713172912598,-1.1745277390997169
743,923,923,0,-2.0375686793596084,-2.0346450805664062,-2.0575645475656326,-2.0637691020965576,-2.0498255239050147
744,925,925,0,-2.907849660423451,-2.8547070026397705,-2.877626469638997,-2.8824708461761475,-2.8685272679846046
745,927,927,0,-1.1235345511705215,-1.0367660522460938,-1.05968551924532,-1.093335509300232,-1.079391931108689
746,928,928,0,2.2513476700514023,2.323316812515259,2.3003973455160325,2.242203712463379,2.256147290654922
747,929,929,0,0.13756058523351597,0.1280883550643921,0.10516888806516575,0.12423668801784515,0.13818026620938806
748,930,930,0,0.8085913748472398,0.8077957630157471,0.7848762960165208,0.7559562921524048,0.7698998703439477
749,931,931,0,1.0124627442091172,1.064666986465454,1.0417475194662278,1.052762746810913,1.066706325002456
750,932,932,0,-0.6387867837220962,-0.5720399618148804,-0.5949594288141067,-0.6215633153915405,-0.6076197371999976
751,933,933,0,2.291434893104381,2.313075065612793,2.2901555986135667,2.278007745742798,2.2919513239343408
752,934,934,0,-0.05989216854875636,-0.09954573959112167,-0.12246520659034801,-0.010107994079589844,0.003835584111953061
753,935,935,0,0.16346689471895146,0.25087934732437134,0.227959880325145,0.1674962043762207,0.1814397825677636
754,936,936,0,1.7908551783292954,1.7628047466278076,1.7398852796285813,1.7882267236709595,1.8021703018625024
755,939,939,0,-0.00514624388968301,0.004486836493015289,-0.01843263050621105,-0.058967143297195435,-0.04502356510565253
756,940,940,0,1.8828885645597642,1.9102174043655396,1.8872979373663132,1.897445559501648,1.9113891376931909
757,941,941,-1,-0.32076065571810597,-0.2535150647163391,-0.2764345317155654,-0.2953815162181854,-0.2814379380266425
758,942,942,-1,-0.2755865338614165,-0.2672053873538971,-0.2901248543531234,-0.3169759213924408,-0.3030323432008979
759,944,944,-1,-1.7789017442038237,-1.783707857131958,-1.8066273241311843,-1.7720098495483398,-1.758066271356797
760,945,945,0,2.3407007546156113,2.3744773864746094,2.351557919475383,2.2802836894989014,2.2942272676904443
761,946,946,0,-1.9672198205262954,-1.9258480072021484,-1.9487674742013747,-1.933435320854187,-1.919491742662644
762,947,947,0,0.1761361748903458,0.18685007095336914,0.1639306039541428,0.07780152559280396,0.09174510378434686
763,949,949,0,0.8377475828855698,0.8376231789588928,0.8147037119596665,0.8087440729141235,0.8226876511056664
764,950,950,0,1.0976599545210068,1.0632625818252563,1.04034311482603,1.068777084350586,1.0827206625421288
765,951,951,0,-0.972028961685353,-0.969251811504364,-0.9921712785035903,-0.9648271799087524,-0.9508836017172095
766,952,952,0,0.865484842750377,0.9185070395469666,0.8955875725477402,0.8146244287490845,0.8285680069406274
767,953,953,0,1.8478612990110581,1.8808190822601318,1.8578996152609055,1.8554719686508179,1.8694155468423608
768,954,954,0,-1.2235188393861587,-1.1990214586257935,-1.2219409256250198,-1.2223964929580688,-1.208452914766526
769,955,955,0,0.2748313636511033,0.2986525595188141,0.2757330925195878,0.27652761340141296,0.29047119159295587
770,956,956,0,1.0372139305799668,1.0743061304092407,1.0513866634100144,1.0390863418579102,1.053029920049453
771,957,957,0,-0.6932461767465408,-0.7276734113693237,-0.75059287836855,-0.7409601211547852,-0.7270165429632423
772,958,958,0,-3.444462886360341,-3.4708449840545654,-3.4937644510537917,-3.420111894607544,-3.406168316416001
773,959,959,0,-0.091798959580117,-0.007912121713161469,-0.03083158871238781,-0.08159689605236053,-0.06765331786081763
774,960,960,0,-1.527280917671376,-1.541978359222412,-1.5648978262216384,-1.506780743598938,-1.492837165407395
775,961,961,0,1.8719961733549302,1.9299209117889404,1.9070014447897141,1.8768434524536133,1.8907870306451562
776,962,962,0,2.3943106026380723,2.3820793628692627,2.3591598958700364,2.3679428100585938,2.3818863882501367
777,963,963,0,1.3756953568189805,1.434494972229004,1.4115755052297776,1.328453540802002,1.3423971189935449
778,964,964,0,-2.6071303992540176,-2.665264368057251,-2.6881838350564773,-2.5681498050689697,-2.554206226877427
779,965,965,0,0.8174964875906174,0.8340715169906616,0.8111520499914353,0.8156133890151978,0.8295569672067407
780,967,967,0,0.6089608759611314,0.6734192967414856,0.6504998297422593,0.6008865833282471,0.61483016151979
781,968,968,0,-0.5911983161241348,-0.5770612955093384,-0.5999807625085647,-0.5689241886138916,-0.5549806104223487
782,969,969,0,-0.5068712144166763,-0.46066126227378845,-0.48358072927301476,-0.5808794498443604,-0.5669358716528174
783,970,970,0,2.0216914505689805,2.105078935623169,2.0821594686239426,2.017066717147827,2.03101029533937
784,972,972,0,-0.9488987236291702,-0.9087414145469666,-0.9316608815461929,-0.9284743070602417,-0.9145307288686988
785,973,973,0,-1.0661468415529067,-1.0327043533325195,-1.0556238203317458,-1.017379879951477,-1.0034363017599341
786,974,974,0,-0.09784640958612514,-0.12299763411283493,-0.14591710111206127,-0.10621842741966248,-0.09227484922811957
787,976,976,0,2.85133183905775,2.924947500228882,2.9020280332296555,2.8701517581939697,2.8840953363855126
788,977,977,0,0.3540447444647019,0.3334669768810272,0.3105475098818009,0.3286433517932892,0.3425869299848321
789,980,980,0,0.5788823456495469,0.6507937908172607,0.6278743238180344,0.5454490184783936,0.5593925966699365
790,981,981,0,-1.0475932269365127,-1.0254125595092773,-1.0483320265085037,-1.0533963441848755,-1.0394527659933326
791,982,982,0,1.2747813553541367,1.3163983821868896,1.2934789151876633,1.267432451248169,1.2813760294397118
792,983,983,0,-0.31432711174791406,-0.33242812752723694,-0.35534759452646325,-0.3379993140697479,-0.324055735878205
793,984,984,0,1.24777639815504,1.2456605434417725,1.2227410764425461,1.2105563879013062,1.224499966092849
794,985,985,0,2.578567871543712,2.6063764095306396,2.5834569425314133,2.538203716278076,2.552147294469619
795,986,986,0,1.9174943060606187,1.9495197534561157,1.9266002864568894,1.9066444635391235,1.9205880417306664
796,987,987,0,0.1623594106167023,0.24039533734321594,0.2174758703439896,0.17869842052459717,0.19264199871614007
797,988,988,0,-4.409944882896596,-4.409297466278076,-4.432216933277303,-4.243418216705322,-4.229474638513779
798,989,989,0,1.6167906613081162,1.702023983001709,1.6791045160024827,1.6148803234100342,1.628823901601577
799,991,991,0,-0.6679670124322707,-0.6445087790489197,-0.667428246048146,-0.7095729112625122,-0.6956293330709693
800,992,992,0,-0.7708838491708572,-0.7640764117240906,-0.7869958787233169,-0.8169796466827393,-0.8030360684911964
801,993,993,0,0.8875401110380357,0.9399689435958862,0.9170494765966599,0.8730190992355347,0.8869626774270776
802,996,996,0,-1.3508288769990737,-1.2956783771514893,-1.3185978441507156,-1.3690208196640015,-1.3550772414724586
803,998,998,0,0.44235233375722816,0.4471568763256073,0.424237409326381,0.4535864293575287,0.4675300075490716
804,999,999,0,2.9533912033765977,2.9919893741607666,2.9690699071615403,2.9153881072998047,2.9293316854913476
805,1000,1000,0,2.4211191029279893,2.4797258377075195,2.456806370708293,2.3481147289276123,2.362058307119155
806,1001,1001,0,-0.47370248129671166,-0.4303356111049652,-0.4532550781041915,-0.43249115347862244,-0.41854757528707953
807,1002,1002,0,1.2738633246153062,1.2926208972930908,1.2697014302938645,1.2089403867721558,1.2228839649636987
808,1003,1003,0,0.9325944275587266,0.9414832592010498,0.9185637922018235,0.91814124584198,0.9320848240335229
809,1004,1004,0,0.7114494533270066,0.8003210425376892,0.7774015755384629,0.7357163429260254,0.7496599211175683
810,1005,1005,0,-2.1454371123582656,-2.167454719543457,-2.1903741865426833,-2.208484411239624,-2.194540833048081
811,1006,1006,0,1.6643548102110093,1.6863679885864258,1.6634485215871995,1.6117172241210938,1.6256608023126367
812,1007,1007,0,2.8432628006666367,2.8460705280303955,2.823151061031169,2.8030612468719482,2.817004825063491
813,1010,1010,0,0.6233117670744126,0.6667611002922058,0.6438416332929795,0.6200714111328125,0.6340149893243554
814,1011,1011,0,-0.008026201558166269,0.048053450882434845,0.025133983883208505,-0.04797463119029999,-0.03403105299875708
815,1012,1012,0,1.4234365315168565,1.4764820337295532,1.453562566730327,1.4113973379135132,1.425340916105056
816,1013,1013,0,1.6154246420591538,1.6233294010162354,1.600409934017009,1.589242935180664,1.603186513372207
817,1014,1014,0,1.1292864174574082,1.2100096940994263,1.1870902271002,1.0523481369018555,1.0662917150933984
818,1015,1015,0,0.6959166617124741,0.7291951179504395,0.7062756509512131,0.6853995323181152,0.6993431105096581
819,1016,1016,0,-0.20777898123567654,-0.16376245021820068,-0.18668191721742702,-0.23611363768577576,-0.22217005949423285
820,1019,1019,0,1.448079714271373,1.4316120147705078,1.4086925477712815,1.4355000257492065,1.4494436039407494
821,1021,1021,0,-4.646885266807729,-4.67201566696167,-4.694935133960897,-4.563204288482666,-4.549260710291123
822,1022,1022,0,1.72328008124525,1.7668453454971313,1.743925878497905,1.7439616918563843,1.7579052700479272
823,1023,1023,0,-1.8019140868455703,-1.8404302597045898,-1.8633497267038162,-1.82430100440979,-1.8103574262182471
824,1024,1024,0,0.8757996053426926,0.8641022443771362,0.8411827773779099,0.8165922164916992,0.8305357946832421
825,1025,1025,0,-0.0796679689556892,-0.08741392940282822,-0.11033339640205456,-0.06512501835823059,-0.051181440166687686
826,1026,1026,0,0.3369159192770188,0.3537546694278717,0.3308352024286454,0.31564509868621826,0.32958867687776117
827,1027,1027,0,-1.0451630263597305,-1.0484083890914917,-1.071327856090718,-1.1108335256576538,-1.096889947466111
828,1030,1030,0,2.2891355843275254,2.33221697807312,2.309297511073894,2.240724802017212,2.254668380208755
829,1031,1031,0,-0.51637577107256,-0.5151441097259521,-0.5380635767251785,-0.5310945510864258,-0.5171509728948829
830,1032,1032,0,-0.978885343578511,-0.9988202452659607,-1.021739712265187,-0.9963966608047485,-0.9824530826132056
831,1033,1033,0,0.44133994886571815,0.4876822531223297,0.4647627861231034,0.43755725026130676,0.45150082845284967
832,1035,1035,0,-0.09196638902729107,-0.07347004860639572,-0.09638951560562206,-0.04330305755138397,-0.029359479359841067
833,1036,1036,0,-0.14820665707891537,-0.15093305706977844,-0.17385252406900478,-0.15299981832504272,-0.13905624013349982
834,1037,1037,0,-2.2606269030839736,-2.2620017528533936,-2.28492121985262,-2.2449138164520264,-2.2309702382604835
835,1038,1038,0,2.15113914916212,2.17734432220459,2.1544248552053635,2.136155605316162,2.150099183507705
836,1039,1039,0,1.1610257715910142,1.148763656616211,1.1258441896169846,1.1420445442199707,1.1559881224115136
837,1040,1040,0,0.9979791135519211,1.0288869142532349,1.0059674472540086,0.9928305149078369,1.0067740930993798
838,1043,1043,0,2.1213177532880967,2.1063716411590576,2.0834521741598313,2.1011803150177,2.115123893209243
839,1045,1045,0,-0.01816551787858558,0.007110290229320526,-0.015809176769905814,-0.020755812525749207,-0.006812234334206302
840,1046,1046,0,1.0741145701139634,1.1912771463394165,1.1683576793401902,1.096418857574463,1.1103624357660058
841,1048,1048,0,-0.3808486073285873,-0.3680570423603058,-0.3909765093595321,-0.457601398229599,-0.4436578200380561
842,1049,1049,0,-2.436991086509877,-2.4309990406036377,-2.453918507602864,-2.4611849784851074,-2.4472414002935645
843,1053,1053,0,0.4262718350618546,0.4393232464790344,0.4164037794798081,0.391558974981308,0.4055025531728509
844,1054,1054,0,-3.667389503029042,-3.6623952388763428,-3.685314705875569,-3.6328372955322266,-3.6188937173406837
845,1055,1055,0,1.7075908274381821,1.7632989883422852,1.7403795213430588,1.7142096757888794,1.7281532539804223
846,1057,1057,0,-0.087064853218251,-0.09034772962331772,-0.11326719662254406,-0.12242752313613892,-0.10848394494459601
847,1058,1058,0,-1.644372334983998,-1.671649694442749,-1.6945691614419753,-1.6668819189071655,-1.6529383407156226
848,1059,1059,0,-2.7212210803300674,-2.7169888019561768,-2.739908268955403,-2.799499750137329,-2.785556171945786
849,1062,1062,0,0.3316174537866776,0.4342580735683441,0.4113386065691178,0.39122942090034485,0.40517299909188775
850,1063,1063,0,-0.2650711744100387,-0.26908358931541443,-0.29200305631464074,-0.26187607645988464,-0.24793249826834174
851,1064,1064,0,1.3642642588346665,1.3982504606246948,1.3753309936254685,1.3534051179885864,1.3673486961801293
852,1066,1066,0,-1.3694208770067031,-1.3464184999465942,-1.3693379669458206,-1.3701826333999634,-1.3562390552084205
853,1067,1067,0,1.7016092629163926,1.7536194324493408,1.7306999654501145,1.6895029544830322,1.7034465326745751
854,1068,1068,0,-0.055449871626549484,-0.02540547400712967,-0.04832494100635601,-0.11561194062232971,-0.10166836243078681
855,1069,1069,0,-0.7954888253480727,-0.7651188969612122,-0.7880383639604385,-0.8089239597320557,-0.7949803815405128
856,1070,1070,-1,-0.9602205041220366,-0.9409188628196716,-0.9638383298188979,-1.0313166379928589,-1.017373059801316
857,1071,1071,0,0.34949610540563514,0.3524307608604431,0.3295112938612168,0.3335241675376892,0.3474677457292321
858,1072,1072,0,1.173084506484813,1.2141602039337158,1.1912407369344895,1.2260076999664307,1.2399512781579736
859,1073,1073,0,1.9742243380277817,2.0737626552581787,2.0508431882589524,1.9480687379837036,1.9620123161752465
860,1075,1075,0,-1.6707320122987563,-1.6375815868377686,-1.6605010538369949,-1.6953414678573608,-1.681397889665818
861,1076,1076,0,-5.9020088820726215,-5.92253303527832,-5.945452502277547,-5.789720058441162,-5.775776480249619
862,1077,1077,-2,0.39906074034466066,0.37346386909484863,0.3505444020956223,0.37745511531829834,0.39139869350984124
863,1078,1078,0,1.19739056536848,1.1753205060958862,1.15240103909666,1.1336244344711304,1.1475680126626733
864,1079,1079,0,2.0639675945966904,2.0705037117004395,2.047584244701213,2.05810809135437,2.072051669545913
865,1080,1080,0,-1.7869921832353408,-1.8467111587524414,-1.8696306257516677,-1.7890701293945312,-1.7751265512029883
866,1081,1081,0,0.5556143612592881,0.5723450779914856,0.5494256109922593,0.5390219688415527,0.5529655470330956
867,1082,1082,0,-0.43098904779260705,-0.4142036736011505,-0.4371231406003768,-0.37279632687568665,-0.35885274868414374
868,1083,1083,0,0.4469102115362351,0.5313729643821716,0.5084534973829453,0.4956543743610382,0.5095979525525811
869,1084,1084,0,1.091387638542003,1.1174657344818115,1.0945462674825852,1.0502512454986572,1.0641948236902001
870,1085,1085,0,2.4417287201612656,2.4722797870635986,2.4493603200643723,2.3714334964752197,2.3853770746667626
871,1086,1086,0,0.40536693641836097,0.3463006019592285,0.3233811349600022,0.3950691521167755,0.4090127303083184
872,1087,1087,0,-0.8437302022249038,-0.8362711668014526,-0.859190633800679,-0.8448374271392822,-0.8308938489477393
873,1088,1088,-1,-1.196239638643521,-1.192257285118103,-1.2151767521173293,-1.171155571937561,-1.1572119937460181
874,1089,1089,0,-3.863372912910634,-3.9028425216674805,-3.925761988666707,-3.9262707233428955,-3.9123271451513526
875,1090,1090,0,-2.363500228431874,-2.4000864028930664,-2.4230058698922927,-2.3167009353637695,-2.3027573571722266
876,1091,1091,0,1.234498867484874,1.2778129577636719,1.2548934907644456,1.220001459121704,1.233945037313247
877,1092,1092,0,-0.14271884253328396,-0.142894446849823,-0.16581391384904934,-0.19774708151817322,-0.1838035033266303
878,1093,1093,0,0.592583128902263,0.6035534143447876,0.5806339473455613,0.6142445802688599,0.6281881584604028
879,1094,1094,0,2.3932710976331895,2.4409141540527344,2.417994687053508,2.337141990661621,2.351085568853164
880,1095,1095,0,-2.085662951973134,-2.083778142929077,-2.1066976099283035,-2.035215139389038,-2.021271561197495
881,1096,1096,0,2.0895761341779893,2.145352840423584,2.1224333734243577,2.0430173873901367,2.0569609655816796
882,1097,1097,0,2.4404941887586777,2.4300949573516846,2.4071754903524583,2.382782220840454,2.396725799031997
883,1098,1098,0,-0.43304847767656396,-0.43798211216926575,-0.46090157916849206,-0.4175666868686676,-0.4036231086771247
884,1099,1099,0,-3.0228553920060928,-3.1119542121887207,-3.134873679187947,-3.05096173286438,-3.037018154672837
885,1101,1101,0,-1.177175035980397,-1.1431185007095337,-1.16603796770876,-1.22405207157135,-1.2101084933798072
886,1102,1102,0,-2.435988536384755,-2.520811080932617,-2.5437305479318435,-2.383007287979126,-2.369063709787583
887,1103,1103,0,0.9731548518865769,1.0182228088378906,0.9953033418386643,0.9857004880905151,0.999644066282058
888,1104,1104,0,0.6809244246214097,0.739678144454956,0.7167586774557297,0.6798213720321655,0.6937649502237084
889,1105,1105,0,2.929919609519786,3.0033657550811768,2.9804462880819504,2.9137794971466064,2.9277230753381493
890,1106,1106,0,1.6083735317915147,1.6195220947265625,1.5966026277273362,1.5718823671340942,1.5858259453256371
891,1107,1107,0,0.821656534168071,0.8268385529518127,0.8039190859525864,0.7896860837936401,0.803629661985183
892,1108,1108,0,-0.34460132410829614,-0.34764108061790466,-0.370560547617131,-0.3819170296192169,-0.367973451427674
893,1109,1109,0,-1.4796143679887588,-1.4489290714263916,-1.471848538425618,-1.4933078289031982,-1.4793642507116553
894,1110,1110,0,1.0663783640592759,1.1332916021347046,1.1103721351354783,1.1311460733413696,1.1450896515329125
895,1111,1111,0,1.1736402601926987,1.2201684713363647,1.1972490043371384,1.159970760345459,1.173914338537002
896,1112,1112,0,0.6703469843595689,0.7370259761810303,0.714106509181804,0.6413024663925171,0.65524604458406
897,1113,1113,-2,1.7809910916019849,1.820044755935669,1.7971252889364426,1.7137521505355835,1.7276957287271264
898,1114,1114,0,0.5030540318220322,0.5078591704368591,0.4849397034376328,0.4740736186504364,0.4880171968419793
899,1116,1116,0,0.6256594748228257,0.6767094135284424,0.6537899465292161,0.5949430465698242,0.6088866247613671
900,1117,1117,0,0.4949197859495347,0.5057372450828552,0.4828177780836289,0.49202966690063477,0.5059732450921777
901,1118,1118,0,0.24759613880807804,0.327549546957016,0.3046300799577897,0.23631392419338226,0.25025750238492517
902,1121,1121,0,0.9615537614553635,0.9928259253501892,0.9699064583509629,0.9490295648574829,0.9629731430490258
903,1122,1122,0,-1.339828124550038,-1.30806303024292,-1.3309824972421462,-1.3766727447509766,-1.3627291665594337
904,1123,1123,0,-4.504026284721547,-4.511298179626465,-4.534217646625692,-4.443710803985596,-4.429767225794053
905,1125,1125,0,1.8813692421644395,1.9091567993164062,1.88623733231718,1.802780270576477,1.81672384876802
906,1128,1128,0,0.26488007018262794,0.25265997648239136,0.22974050948316502,0.17810454964637756,0.19204812783792047
907,1129,1129,0,-1.4907435088426406,-1.4663509130477905,-1.4892703800470168,-1.4737615585327148,-1.459817980341172
908,1130,1130,0,1.2167486042707627,1.1865310668945312,1.163611599895305,1.1344019174575806,1.1483454956491235
909,1131,1131,0,1.6131601423948472,1.602284550666809,1.5793650836675828,1.6188268661499023,1.6327704443414452
910,1132,1132,0,1.4526919216840928,1.5173810720443726,1.4944616050451462,1.45783531665802,1.471778894849563
911,1133,1133,0,-0.13693674495523525,-0.14648249745368958,-0.16940196445291592,-0.14340327680110931,-0.1294596986095664
912,1134,1134,0,-2.4637418895036514,-2.4322519302368164,-2.4551713972360427,-2.435786724090576,-2.4218431458990333
913,1135,1135,0,2.327441105338878,2.416372537612915,2.3934530706136887,2.2711880207061768,2.2851315988977197
914,1136,1136,0,-0.5823962598115737,-0.5973028540611267,-0.620222321060353,-0.6162396669387817,-0.6022960887472388
915,1137,1137,0,1.1240905613630479,1.0825573205947876,1.0596378535955613,1.1029771566390991,1.116920734830642
916,1139,1139,0,-3.7254446654588516,-3.691448450088501,-3.7143679170877273,-3.7458925247192383,-3.7319489465276954
917,1140,1140,0,1.0396458000868027,1.062351107597351,1.0394316405981248,0.9593321084976196,0.9732756866891625
918,1141,1141,0,-0.4185769467622573,-0.419063538312912,-0.4419830053121383,-0.3748091161251068,-0.3608655379335639
919,1142,1142,0,2.855977663490123,2.890247106552124,2.8673276395528977,2.834092855453491,2.848036433645034
920,1145,1145,0,1.0596518606870835,1.136030912399292,1.1131114454000657,1.0081980228424072,1.0221416010339501
921,1146,1146,0,-1.6224107651979263,-1.6493374109268188,-1.6722568779260452,-1.6908665895462036,-1.6769230113546607
922,1147,1147,-1,1.11142237154935,1.0548272132873535,1.0319077462881272,1.2628366947174072,1.2767802729089501
923,1149,1149,0,2.041862139198131,2.0786430835723877,2.0557236165731614,2.026671886444092,2.0406154646356347
924,1150,1150,0,-1.4151605277330215,-1.4690130949020386,-1.4919325619012649,-1.3556545972824097,-1.3417110190908668
925,1151,1151,0,0.589326748344249,0.6278555989265442,0.6049361319273179,0.5831474661827087,0.5970910443742516
926,1152,1152,0,-1.1441789775163467,-1.2008942365646362,-1.2238137035638625,-1.1550594568252563,-1.1411158786337134
927,1153,1153,0,0.18490599999124455,0.24917533993721008,0.22625587293798374,0.1778230518102646,0.1917666300018075
928,1154,1154,0,0.08023772546941685,0.13190793991088867,0.10898847291166233,0.07147971540689468,0.08542329359843759
929,1155,1155,0,1.3225183577268784,1.3407187461853027,1.3177992791860764,1.277091145515442,1.2910347237069848
930,1157,1157,0,1.0703678221433823,1.0711631774902344,1.048243710491008,1.0921217203140259,1.1060652985055688
931,1158,1158,0,2.562048801872081,2.879040241241455,2.8561207742422288,2.7417943477630615,2.7557379259546044
932,1159,1159,0,-3.7863367705613906,-3.8172342777252197,-3.840153744724446,-3.7960803508758545,-3.7821367726843116
933,1160,1160,0,0.14251584717924046,0.1624090075492859,0.13948954055005955,0.15728403627872467,0.17122761447026758
934,1161,1161,0,-2.3256355433732803,-2.3053526878356934,-2.3282721548349197,-2.355466604232788,-2.341523026041245
935,1162,1162,0,-3.4061182647020156,-3.3153023719787598,-3.338221838977986,-3.4094598293304443,-3.3955162511389014
936,1164,1164,0,2.8004244656294053,2.837193012237549,2.8142735452383225,2.749769926071167,2.76371350426271
937,1165,1165,0,1.6146507353513901,1.6756736040115356,1.6527541370123093,1.6075047254562378,1.6214483036477807
938,1166,1166,0,1.75614882418806,1.7536449432373047,1.7307254762380784,1.7107224464416504,1.7246660246331933
939,1168,1168,0,0.92541790911848,0.9522134065628052,0.9292939395635789,0.9222065210342407,0.9361500992257836
940,1169,1169,0,0.38030798146421363,0.45526427030563354,0.43234480330640723,0.4120641052722931,0.426007683463836
941,1170,1170,0,0.7789826483457749,0.834347128868103,0.8114276618688767,0.7987507581710815,0.8126943363626244
942,1171,1171,-1,2.330207180661899,2.4079911708831787,2.3850717038839524,2.267504930496216,2.2814485086877587
943,1172,1172,0,-1.4942077307969863,-1.4681326150894165,-1.4910520820886428,-1.5019522905349731,-1.4880087123434302
944,1174,1174,0,-3.209462037590199,-3.209747314453125,-3.2326667814523513,-3.2161705493927,-3.2022269712011573
945,1175,1175,0,1.8822269530027573,1.8855772018432617,1.8626577348440354,1.8293429613113403,1.8432865395028832
946,1176,1176,0,-1.2743493228227432,-1.2294707298278809,-1.2523901968271072,-1.268619418144226,-1.2546758399526832
947,1177,1177,0,1.594569930526561,1.6115117073059082,1.588592240306682,1.5768572092056274,1.5908007873971703
948,1179,1179,0,0.2595730514257615,0.2645043730735779,0.24158490607435154,0.22705751657485962,0.24100109476640252
949,1181,1181,0,1.120710739585704,1.1922513246536255,1.1693318576543992,1.04853093624115,1.0624745144326928
950,1182,1182,0,1.9431964249342148,1.9144766330718994,1.891557166072673,1.89275324344635,1.906696821637893
951,1183,1183,0,1.833859571906871,1.861677885055542,1.8387584180563157,1.7652301788330078,1.7791737570245507
952,1186,1186,0,1.7455993981092637,1.8009926080703735,1.7780731410711472,1.7221509218215942,1.7360945000131371
953,1188,1188,0,0.5469155997961228,0.618009626865387,0.5950901598661607,0.5463281869888306,0.5602717651803735
954,1189,1189,0,-0.4298210351735885,-0.455553263425827,-0.47847273042505334,-0.40449896454811096,-0.39055538635656806
955,1190,1190,0,0.8529162497251694,0.8917695879936218,0.8688501209943955,0.8278812170028687,0.8418247951944116
956,1191,1191,0,1.9829723925321763,1.9835258722305298,1.9606064052313035,1.941668152809143,1.955611731000686
957,1192,1192,0,0.7798276633947556,0.8832356333732605,0.8603161663740342,0.7743042707443237,0.7882478489358666
958,1193,1193,0,0.2885576278894608,0.2974400818347931,0.2745206148355668,0.30149784684181213,0.31544142503335504
959,1195,1195,0,2.471625456306285,2.573369026184082,2.5504495591848557,2.4145281314849854,2.4284717096765283
960,1196,1196,0,1.1582889647215073,1.200077772140503,1.1771583051412766,1.1700242757797241,1.183967853971267
961,1197,1197,0,0.22156822094613957,0.24705681204795837,0.22413734504873203,0.21527861058712006,0.22922218877866296
962,1199,1199,0,1.2202667088239854,1.246806263923645,1.2238867969244187,1.118739128112793,1.1326827063043359
963,1200,1200,0,-1.1170209555894668,-1.1648871898651123,-1.1878066568643386,-1.2185479402542114,-1.2046043620626685
964,1201,1201,0,0.12575226435357975,0.16179925203323364,0.1388797850340073,0.1036142036318779,0.1175577818234208
965,1202,1202,0,2.261983046027965,2.3139612674713135,2.291041800472087,2.2206737995147705,2.2346173777063134
966,1203,1203,0,1.8574056715696519,1.8825325965881348,1.8596131295889085,1.8580816984176636,1.8720252766092065
967,1204,1204,0,-0.3362878172666366,-0.3411872386932373,-0.3641067056924636,-0.3344821631908417,-0.32053858499929877
968,1205,1205,0,-1.2122911124498184,-1.253648042678833,-1.2765675096780593,-1.2601553201675415,-1.2462117419759986
969,1206,1206,0,-2.6570216326982314,-2.665099620819092,-2.688019087818318,-2.745563268661499,-2.731619690469956
970,1207,1207,0,1.817189583274669,1.8646578788757324,1.841738411876506,1.7906025648117065,1.8045461430032494
971,1208,1208,-1,-2.093665290193814,-2.0806519985198975,-2.1035714655191238,-2.0651304721832275,-2.0511868939916846
972,1209,1209,0,-3.8434671073228652,-3.797558069229126,-3.8204775362283523,-3.8298802375793457,-3.815936659387803
973,1210,1210,0,1.302601108047313,1.3530884981155396,1.3301690311163132,1.2787245512008667,1.2926681293924096
974,1211,1211,0,-1.6437365918428237,-1.634619951248169,-1.6575394182473953,-1.6127070188522339,-1.598763440660691
975,1212,1212,0,0.3820300490587418,0.3988124430179596,0.3758929760187333,0.40576279163360596,0.41970636982514886
976,1216,1216,0,2.5541733593671982,2.605670690536499,2.5827512235372727,2.499283790588379,2.513227368779922
977,1217,1217,0,-1.3443988471299941,-1.332208514213562,-1.3551279812127883,-1.3493719100952148,-1.335428331903672
978,1218,1218,0,1.7043919653623765,1.722488522529602,1.6995690555303757,1.6811379194259644,1.6950814976175073
979,1219,1219,0,-2.5729898124009902,-2.575180768966675,-2.598100235965901,-2.5377557277679443,-2.5238121495764014
980,1220,1220,0,1.1485815138548081,1.2102004289627075,1.1872809619634812,1.1440602540969849,1.1580038322885278
981,1221,1221,0,2.152577766868419,2.167503595352173,2.1445841283529465,2.1196682453155518,2.1336118235070947
982,1222,1222,0,-2.498819461372548,-2.5589945316314697,-2.581913998630696,-2.5082664489746094,-2.4943228707830665
983,1223,1223,0,0.48801876017743995,0.509520947933197,0.4866014809339707,0.46932753920555115,0.48327111739709405
984,1224,1224,0,-5.305315843132192,-5.2950215339660645,-5.317941000965291,-5.244917869567871,-5.230974291376328
985,1226,1226,0,-0.6982529073030288,-0.6485074162483215,-0.6714268832475478,-0.7640160322189331,-0.7500724540273902
986,1227,1227,0,0.5244661659925645,0.5915512442588806,0.5686317772596543,0.5628736615180969,0.5768172397096398
987,1228,1228,0,2.342589983436412,2.3291518688201904,2.306232401820964,2.2864460945129395,2.3003896727044824
988,1229,1229,0,-1.0114239363939102,-1.0415263175964355,-1.0644457845956619,-0.9695945978164673,-0.9556510196249244
989,1231,1231,0,2.309297451469249,2.318556070327759,2.2956366033285325,2.301926374435425,2.3158699526269677
990,1232,1232,0,1.9924267620771592,2.0559802055358887,2.0330607385366624,1.962386131286621,1.976329709478164
991,1234,1234,0,0.2510486037462418,0.2638522684574127,0.24093280145818638,0.2460935264825821,0.260037104674125
992,1235,1235,0,0.5225649566381638,0.5163893699645996,0.4934699029653733,0.5110485553741455,0.5249921335656884
993,1236,1236,0,1.9877177567213242,1.988276720046997,1.9653572530477708,1.9920483827590942,2.005991960950637
994,1237,1237,0,1.1279759497373765,1.1724705696105957,1.1495511026113694,1.1253329515457153,1.1392765297372582
995,1238,1238,-2,1.4895215176273755,1.4899088144302368,1.4669893474310105,1.351906180381775,1.3658497585733178
996,1239,1239,0,-2.062261691597157,-2.106983184814453,-2.1299026518136794,-2.071749448776245,-2.057805870584702
997,1240,1240,0,-1.1425428300172622,-1.1241679191589355,-1.1470873861581619,-1.1102575063705444,-1.0963139281790015
998,1242,1242,0,1.2762534708707993,1.338517189025879,1.3155977220266526,1.275151252746582,1.289094830938125
999,1244,1244,0,0.5224785299032395,0.5515962243080139,0.5286767573087876,0.5013871788978577,0.5153307570894006
1000,1245,1245,0,-0.16268072119062496,-0.08123309165239334,-0.10415255865161968,-0.18704554438591003,-0.17310196619436713
1001,1246,1246,0,1.4195952505796616,1.4377892017364502,1.4148697347372239,1.4165741205215454,1.4305176987130883
1002,1247,1247,0,-2.396881690529042,-2.3872270584106445,-2.410146525409871,-2.3777120113372803,-2.3637684331457374
1003,1248,1248,0,1.405762443038768,1.4004626274108887,1.3775431604116624,1.3807615041732788,1.3947050823648217
1004,1250,1250,0,0.6578792423933213,0.6488032341003418,0.6258837671011155,0.6016858816146851,0.615629459806228
1005,1251,1251,0,2.7529541344373887,2.846064805984497,2.8231453389852708,2.6910383701324463,2.704981948323989
1006,1252,1252,0,1.1225639672010606,1.1452348232269287,1.1223153562277024,1.0727242231369019,1.0866678013284448
1007,1253,1253,0,0.6738398165434067,0.6706416010856628,0.6477221340864365,0.6798301935195923,0.6937737717111352
1008,1254,1254,0,0.2646495790212815,0.27724209427833557,0.25432262727910926,0.2613738179206848,0.2753173961122277
1009,1255,1255,0,1.9216617436140244,1.9229919910430908,1.9000725240438645,1.834293246269226,1.848236824460769
1010,1256,1256,0,-1.6527385621339614,-1.6697132587432861,-1.6926327257425124,-1.6610037088394165,-1.6470601306478736
1011,1257,1257,0,0.2339820058077042,0.2811160385608673,0.258196571561641,0.22215917706489563,0.23610275525643853
1012,1258,1258,0,0.9766052455633347,0.9956937432289124,0.972774276229686,0.9715973138809204,0.9855408920724633
1013,1261,1261,0,1.328932175132579,1.6740930080413818,1.6511735410421555,1.3279091119766235,1.3418526901681664
1014,1262,1262,0,-0.7408611684114272,-0.724984347820282,-0.7479038148195083,-0.7509499788284302,-0.7370064006368873
1015,1264,1264,0,0.6231586427419846,0.6591617465019226,0.6362422795026963,0.6168162822723389,0.6307598604638818
1016,1265,1265,0,-0.14479871681039883,-0.11105110496282578,-0.13397057196205212,-0.19148343801498413,-0.17753985982344123
1017,1266,1266,0,0.6909297795026963,0.7658168077468872,0.7428973407476609,0.7453687191009521,0.759312297292495
1018,1267,1267,0,0.7775992841451829,0.8036335706710815,0.7807141036718552,0.7631480693817139,0.7770916475732568
1019,1268,1268,0,1.2542488665311997,1.2714474201202393,1.248527953121013,1.254454255104065,1.2683978332956078
1020,1270,1270,0,-0.2880622952253158,-0.27775439620018005,-0.30067386319940637,-0.35529711842536926,-0.34135354023382636
1021,1271,1271,0,-2.512794127968007,-2.5478532314300537,-2.57077269842928,-2.523907423019409,-2.5099638448278663
1022,1272,1272,0,3.1057604641645615,3.130918502807617,3.107999035808391,3.0099613666534424,3.0239049448449853
1023,1273,1273,0,-3.915872922447377,-3.926835298538208,-3.9497547655374343,-3.905686378479004,-3.891742800287461
1024,1275,1275,0,1.8285273403852647,1.8243330717086792,1.8014136047094529,1.8317729234695435,1.8457165016610864
1025,1276,1276,0,-1.0661319403917129,-1.0653704404830933,-1.0882899074823196,-1.1137855052947998,-1.099841927103257
1026,1277,1277,0,0.7058226556509202,0.7390079498291016,0.7160884828298753,0.7468253374099731,0.760768915601516
1027,1279,1279,0,1.5540862173765366,1.574759602546692,1.5518401355474656,1.5298161506652832,1.543759728856826
1028,1280,1280,0,-0.22328644087617947,-0.25783035159111023,-0.28074981859033654,-0.21804457902908325,-0.20410100083754035
1029,1281,1281,0,2.4859196037977402,2.4800374507904053,2.457117983791179,2.464754819869995,2.478698398061538
1030,1282,1282,0,0.20913470694715428,0.21360963582992554,0.1906901688306992,0.16760344803333282,0.18154702622487573
1031,1283,1283,0,1.047844895812816,1.1311464309692383,1.108226963970012,1.0233176946640015,1.0372612728555444
1032,1284,1284,0,0.36009267875844886,0.31809869408607483,0.2951792270868485,0.3392901122570038,0.3532336904485467
1033,1285,1285,0,0.24613998243505406,0.22881346940994263,0.2058940024107163,0.2966419458389282,0.3105855240304711
1034,1286,1286,0,-0.6554244070321853,-0.6640378832817078,-0.6869573502809341,-0.6776639223098755,-0.6637203441183326
1035,1287,1287,0,-0.6646495967180068,-0.6095390915870667,-0.632458558586293,-0.74129319190979,-0.7273496137182471
1036,1288,1288,0,-2.294222465065175,-2.3242833614349365,-2.347202828434163,-2.2781379222869873,-2.2641943440954444
1037,1289,1289,0,-1.834841838386708,-1.8130862712860107,-1.836005738285237,-1.8168085813522339,-1.802865003160691
1038,1290,1290,0,0.9272620172231858,1.0245325565338135,1.0016130895345872,0.9767870903015137,0.9907306684930566
1039,1291,1291,0,-0.6262503176004226,-0.5947418808937073,-0.6176613478929336,-0.5861848592758179,-0.572241281084275
1040,1292,1292,0,0.19818266639406132,0.21482214331626892,0.19190267631704258,0.18097004294395447,0.19491362113549737
1041,1293,1293,0,1.6530258745878403,1.6685214042663574,1.645601937267131,1.5802204608917236,1.5941640390832665
1042,1294,1294,0,0.7041326851576035,0.6910570859909058,0.6681376189916794,0.7269114255905151,0.740855003782058
1043,1295,1295,0,1.8876178354948228,1.9716731309890747,1.9487536639898484,1.856532096862793,1.8704756750543359
1044,1297,1297,0,-1.4061262517244155,-1.3773818016052246,-1.400301268604451,-1.4171305894851685,-1.4031870112936256
1045,1298,1298,0,2.3347216934889023,2.3922665119171143,2.369347044917888,2.3279869556427,2.341930533834243
1046,1299,1299,0,1.612356671783275,1.6461496353149414,1.623230168315715,1.5699055194854736,1.5838490976770165
1047,1300,1300,0,-0.006251390372269871,0.03086797147989273,0.00794850448066639,-0.02603369951248169,-0.012090121320938785
1048,1301,1301,0,1.6030768246381943,1.6322119235992432,1.6092924566000169,1.5968259572982788,1.6107695354898217
1049,1302,1302,0,-0.7950990109712417,-0.8368511199951172,-0.8597705869943435,-0.7785964012145996,-0.7646528230230567
1050,1303,1303,0,0.9822785944669907,0.9544714093208313,0.931551942321605,0.903425931930542,0.9173695101220849
1051,1304,1304,0,-4.153583398369008,-4.126107215881348,-4.149026682880574,-4.094476699829102,-4.080533121637559
1052,1306,1306,0,3.1775900215833848,3.191505193710327,3.168585726711101,3.102285623550415,3.116229201741958
1053,1307,1307,0,1.2867602200239365,1.3084592819213867,1.2855398149221604,1.27501380443573,1.2889573826272729
1054,1308,1308,0,-1.2646697669297988,-1.2041172981262207,-1.227036765125447,-1.1773896217346191,-1.1634460435430762
1055,1309,1309,-1,-2.558187175112027,-2.491107940673828,-2.5140274076730544,-2.503887176513672,-2.489943598322129
1056,1310,1310,0,-5.485281339195424,-5.473876953125,-5.496796420124227,-5.369364261627197,-5.355420683435654
1057,1311,1311,0,1.864171275588817,1.9130759239196777,1.8901564569204514,1.8699134588241577,1.8838570370157006
1058,1312,1312,0,0.5669984311788743,0.5418194532394409,0.5188999862402146,0.5628564953804016,0.5768000735719445
1059,1313,1313,0,2.641171106788463,2.6792590618133545,2.656339594814128,2.5616302490234375,2.5755738272149804
1060,1314,1314,0,2.578777203056163,2.545325517654419,2.5224060506551926,2.5583906173706055,2.5723341955621484
1061,1315,1315,0,0.4638358742922013,0.4680669903755188,0.4451475233762925,0.4034616947174072,0.41740527290895013
1062,1317,1317,0,-1.6049784331590469,-1.7171927690505981,-1.7401122360498245,-1.670615792274475,-1.6566722140829322
1063,1318,1318,0,3.1179248184889023,3.13458514213562,3.111665675136394,3.057044267654419,3.070987845845962
1064,1319,1319,0,0.344837436172313,0.3606126308441162,0.3376931638448899,0.2874605655670166,0.3014041437585595
1065,1320,1320,0,-0.2699291913778121,-0.2932780683040619,-0.3161975353032882,-0.2975938320159912,-0.2836502538244483
1066,1321,1321,0,-1.4096060900956924,-1.4239561557769775,-1.4468756227762039,-1.4250694513320923,-1.4111258731405494
1067,1322,1322,0,-0.8327906041414077,-0.7978808283805847,-0.820800295379811,-0.8303866386413574,-0.8164430604498145
1068,1323,1323,0,0.9535035581319993,1.0108575820922852,0.9879381150930588,0.9951235055923462,1.009067083783889
1069,1325,1325,0,0.4832550079553788,0.5144457221031189,0.4915262551038926,0.466643363237381,0.4805869414289239
1070,1326,1326,0,-1.35957645466631,-1.3328087329864502,-1.3557281999856765,-1.3398433923721313,-1.3258998141805884
1071,1327,1327,0,-2.0705612807542617,-2.0670716762542725,-2.0899911432534988,-2.116922378540039,-2.102978800348496
1072,1328,1328,0,2.4356464237898057,2.532921075820923,2.5100016088216965,2.3680074214935303,2.381950999685073
1073,1329,1329,0,-0.07882757326667858,-0.07940766960382462,-0.10232713660305096,-0.08350691199302673,-0.06956333380148383
1074,1330,1330,0,0.8372992963522141,0.8991172313690186,0.8761977643697922,0.8837326765060425,0.8976762546975854
1075,1331,1331,0,-3.041143050697499,-3.038055419921875,-3.0609748869211013,-3.035759210586548,-3.021815632395005
1076,1333,1333,0,1.1220154852598374,1.165663480758667,1.1427440137594407,1.1131361722946167,1.1270797504861596
1077,1334,1334,0,0.8166159481733506,0.8837008476257324,0.8607813806265061,0.8009394407272339,0.8148830189187768
1078,1335,1335,0,-2.4006439357072646,-2.3646275997161865,-2.387547066715413,-2.3892364501953125,-2.3752928720037696
1079,1337,1337,0,0.24361037621194767,0.2633322775363922,0.24041281053716587,0.2939201593399048,0.3078637375314477
1080,1338,1338,0,-2.5583444743425185,-2.5192015171051025,-2.542120984104329,-2.563429832458496,-2.549486254266953
1081,1339,1339,0,1.0797177643507188,1.0981531143188477,1.0752336473196213,1.0419083833694458,1.0558519615609887
1082,1340,1340,0,1.716211685630626,1.7552917003631592,1.7323722333639329,1.6742373704910278,1.6881809486825707
1083,1341,1341,0,1.349243888351268,1.384053349494934,1.3611338824957078,1.3312036991119385,1.3451472773034814
1084,1342,1342,0,-3.1024237780839736,-3.1431446075439453,-3.1660640745431716,-3.0693600177764893,-3.0554164395849464
1085,1343,1343,0,-0.4843932895929153,-0.4803943932056427,-0.503313860204869,-0.48214849829673767,-0.46820492010519477
1086,1344,1344,0,0.5107009501188462,0.4525974988937378,0.4296780318945115,0.4855725169181824,0.4995160951097253
1087,1345,1345,0,0.05726451957518506,0.12498398870229721,0.10206452170307087,0.09088489413261414,0.10482847232415704
1088,1346,1346,0,-0.06628678580825878,-0.050729505717754364,-0.0736489727169807,-0.06668229401111603,-0.05273871581957312
1089,1347,1347,0,0.9340523571699326,0.95695960521698,0.9340401382177537,0.9228078126907349,0.9367513908822778
1090,1348,1348,0,-0.8126910834581191,-0.7358529567718506,-0.7587724237710769,-0.8477845191955566,-0.8338409410040137
1091,1349,1349,0,2.469833979102916,2.527446985244751,2.5045275182455247,2.472604274749756,2.4865478529412988
1092,1350,1350,0,-0.010364637059026483,-0.01441403478384018,-0.03733350178306652,-0.0720805823802948,-0.058137004188751895
1093,1351,1351,-1,1.3825042959878266,1.4125549793243408,1.3896355123251145,1.2483760118484497,1.2623195900399926
1094,1352,1352,-2,-0.1991386271785327,-0.10223951190710068,-0.12515897890632702,-0.20448371767997742,-0.1905401394884345
1095,1353,1353,0,-0.09209126820867611,-0.06390256434679031,-0.08682203134601665,-0.0692913681268692,-0.0553477899353263
1096,1354,1354,0,1.1138534636228745,1.1277903318405151,1.1048708648412888,1.0716121196746826,1.0855556978662255
1097,1355,1355,0,1.528307804557628,1.5687675476074219,1.5458480806081956,1.4914182424545288,1.5053618206460717
1098,1357,1357,0,2.586307415458507,2.6551260948181152,2.632206627818889,2.5650594234466553,2.579003001638198
1099,1358,1358,0,-4.539066663292104,-4.611456871032715,-4.634376338031942,-4.549271583557129,-4.535328005365586
1100,1359,1359,0,1.6523534149854844,1.7164134979248047,1.6934940309255784,1.6588431596755981,1.672786737867141
1101,1361,1361,0,2.166778454276866,2.2048847675323486,2.1819653005331223,2.1311287879943848,2.1450723661859277
1102,1362,1362,0,1.7459877819746201,1.785825252532959,1.7629057855337327,1.7055803537368774,1.7195239319284203
1103,1363,1363,0,1.4194429011076157,1.4698128700256348,1.4468934030264085,1.363013505935669,1.3769570841272118
1104,1364,1364,0,-2.4167028575212295,-2.368542194366455,-2.3914616613656814,-2.38334059715271,-2.369397018961167
1105,1365,1365,0,1.5762596220701401,1.638415813446045,1.6154963464468186,1.5790473222732544,1.5929909004647973
1106,1366,1366,0,1.6128785700529282,1.662661075592041,1.6397416085928147,1.5914219617843628,1.6053655399759057
1107,1367,1367,0,-3.5273286013871963,-3.5274555683135986,-3.550375035312825,-3.5090975761413574,-3.4951539979498145
1108,1368,1368,0,2.215953716728038,2.2846720218658447,2.2617525548666184,2.2687697410583496,2.2827133192498925
1109,1370,1370,0,-2.0050042777330215,-1.9644277095794678,-1.987347176578694,-1.953179955482483,-1.93923637729094
1110,1372,1372,0,1.5350715012281602,1.5402593612670898,1.5173398942678635,1.5350748300552368,1.5490184082467797
1111,1373,1373,0,-1.2571015267640884,-1.2273880243301392,-1.2503074913293655,-1.283337950706482,-1.269394372514939
1112,1377,1377,0,-2.5951181559831435,-2.6148486137390137,-2.63776808073824,-2.6213982105255127,-2.60745463233397
1113,1378,1378,0,1.1247607559889023,1.1072584390640259,1.0843389720647996,1.0862863063812256,1.1002298845727685
1114,1379,1379,0,0.10061916867191242,0.11357121914625168,0.09065175214702534,0.08719626069068909,0.10113983888223199
1115,1380,1380,0,-0.7814980058938796,-0.7933505177497864,-0.8162699847490127,-0.7885626554489136,-0.7746190772573707
1116,1381,1381,0,-5.43075691750353,-5.459880352020264,-5.48279981901949,-5.331325054168701,-5.317381475977158
1117,1382,1382,0,1.7470023722379868,1.8019566535949707,1.7790371865957444,1.7210360765457153,1.7349796547372582
1118,1383,1383,0,1.5540881247251694,1.5402181148529053,1.517298647853679,1.464664101600647,1.4786076797921899
1119,1384,1384,0,-2.011698356178456,-2.0217201709747314,-2.0446396379739578,-1.9911643266677856,-1.9772207484762427
1120,1385,1385,0,0.48910696217710425,0.7608278393745422,0.7379083723753159,0.6255877017974854,0.6395312799890283
1121,1386,1386,0,-0.4146169631749923,-0.3783312141895294,-0.40125068118875573,-0.3555689752101898,-0.3416253970186469
1122,1387,1387,0,-0.7896113901407058,-0.7196821570396423,-0.7426016240388686,-0.7634232044219971,-0.7494796262304542
1123,1389,1389,0,-2.911147704628163,-2.8613293170928955,-2.884248784092122,-2.837620496749878,-2.823676918558335
1124,1390,1390,0,-1.720422139671498,-1.7286992073059082,-1.7516186743051345,-1.7429076433181763,-1.7289640651266334
1125,1391,1391,0,-0.06400460591619564,-0.055533356964588165,-0.0784528239638145,-0.08347174525260925,-0.06952816706106635
1126,1392,1392,0,0.8898530096738999,0.869711697101593,0.8467922301023667,0.8138338327407837,0.8277774109323266
1127,1393,1393,0,0.27418402740652015,0.280472069978714,0.2575526029794877,0.2547149360179901,0.268658514209533
1128,1394,1394,0,0.947451064082927,0.9598886370658875,0.9369691700666611,0.913740873336792,0.9276844515283349
1129,1396,1396,0,0.825190493556804,0.8085209727287292,0.7856015057295029,0.8108799457550049,0.8248235239465478
1130,1397,1397,0,0.06292919227773594,0.10540934652090073,0.08248987952167439,0.04290895164012909,0.056852529831671994
1131,1398,1398,0,-0.7566602735788162,-0.7775754332542419,-0.8004949002534683,-0.777409553527832,-0.7634659753362891
1132,1399,1399,0,0.414809861871547,0.4054143726825714,0.3824949056833451,0.37870079278945923,0.39264437098100213
1133,1400,1400,0,0.2462806195944016,0.2752951979637146,0.2523757309644883,0.2424064725637436,0.2563500507552865
1134,1401,1401,0,0.3030675143926804,0.34770846366882324,0.32478899666959693,0.28275156021118164,0.29669513840272455
1135,1402,1402,0,0.4115202517240708,0.4212554693222046,0.3983360023229783,0.39958372712135315,0.41352730531289605
1136,1403,1403,0,1.4663610548704331,1.5030548572540283,1.480135390254802,1.4578627347946167,1.4718063129861596
1137,1404,1404,0,0.7980716914861863,0.7834673523902893,0.760547885391063,0.8576691150665283,0.8716126932580712
1138,1405,1405,0,-0.2885822861463363,-0.2837965786457062,-0.3067160456449325,-0.3084477484226227,-0.2945041702310798
1139,1406,1406,0,0.6390333265989487,0.675835907459259,0.6529164404600327,0.629936933517456,0.643880511708999
1140,1407,1407,0,2.8815308899610703,2.942248582839966,2.9193291158407395,2.835526704788208,2.849470282979751
1141,1408,1408,0,-0.3046110480100448,-0.2526508569717407,-0.27557032397096703,-0.33301493525505066,-0.31907135706350775
1142,1409,1409,0,1.4244346708982651,1.452554702758789,1.4296352357595628,1.431370496749878,1.4453140749414208
1143,1410,1410,0,2.3240007252424424,2.3550784587860107,2.3321589917867844,2.3111684322357178,2.3251120104272607
1144,1411,1411,0,0.0466232352882092,-0.01054999977350235,-0.03346946677272869,0.015496566891670227,0.02944014508321313
1145,1413,1413,0,2.654446253272838,2.6689491271972656,2.6460296601980393,2.631908655166626,2.645852233358169
1146,1414,1414,0,0.2595214636057084,0.3025422990322113,0.279622832032985,0.227944016456604,0.2418875946481469
1147,1415,1415,0,-0.5861295371324355,-0.5496165156364441,-0.5725359826356704,-0.594833254814148,-0.580889676622605
1148,1416,1416,0,-0.9927439003259475,-1.0025352239608765,-1.0254546909601028,-0.9869989156723022,-0.9730553374807593
1149,1419,1419,0,0.0037951454977904536,0.02816198021173477,0.005242513212508432,0.00957544893026352,0.023519027121806424
1150,1420,1420,0,0.3907884151666825,0.41432803869247437,0.39140857169324805,0.4114522635936737,0.4253958417852166
1151,1421,1421,-1,-1.9547836068442046,-1.915370225906372,-1.9382896929055984,-2.041865587234497,-2.027922009042954
1152,1422,1422,0,-0.19808726599519802,-0.16746696829795837,-0.19038643529718471,-0.1841648519039154,-0.1702212737123725
1153,1423,1423,0,1.7915490956037705,1.8379836082458496,1.8150641412466233,1.7098697423934937,1.7238133205850366
1154,1425,1425,0,-1.2927291302949722,-1.3181387186050415,-1.3410581856042678,-1.2868980169296265,-1.2729544387380836
1155,1426,1426,0,-2.9215310721666152,-3.0179784297943115,-3.040897896793538,-2.9000275135040283,-2.8860839353124854
1156,1427,1427,0,0.49095887849027564,0.5284547805786133,0.505535313579387,0.5020013451576233,0.5159449233491662
1157,1429,1429,0,2.235886225196666,2.2910006046295166,2.2680811376302903,2.1894447803497314,2.2033883585412743
1158,1431,1431,0,0.37314645359212806,0.3962132930755615,0.3732938260763352,0.31679531931877136,0.33073889751031427
1159,1433,1433,0,0.07590446034366535,0.13069641590118408,0.10777694890195774,0.06116213649511337,0.07510571468665628
1160,1434,1434,0,1.128814110252208,1.192091464996338,1.1691719979971116,1.1039912700653076,1.1179348482568505
1161,1435,1435,0,-0.5593759327203567,-0.501863420009613,-0.5247828870088393,-0.6040380001068115,-0.5900944219152686
1162,1436,1436,0,0.854955741855449,0.8568126559257507,0.8338931889265244,0.8135219812393188,0.8274655594308618
1163,1437,1437,0,2.354275116416759,2.419914960861206,2.3969954938619797,2.362278699874878,2.376222278066421
1164,1438,1438,0,-0.18939833929842068,-0.25298357009887695,-0.27590303709810327,-0.1676790416240692,-0.1537354634325263
1165,1439,1439,0,2.0092171520918076,2.068141460418701,2.045221993419475,1.99613356590271,2.010077144094253
1166,1440,1440,0,0.1386697978704636,0.12956367433071136,0.10664420733148502,0.0724569633603096,0.0864005415518525
1167,1441,1441,0,-2.4678462653428848,-2.5173375606536865,-2.540257027652913,-2.481910228729248,-2.467966650537705
1168,1442,1442,0,1.0604726166456406,1.0880707502365112,1.065151283237285,1.000643253326416,1.014586831517959
1169,1443,1443,0,0.6980105728834336,0.779297411441803,0.7563779444425767,0.7158610820770264,0.7298046602685693
1170,1444,1444,0,-0.1064960642725761,-0.04589476436376572,-0.06881423136299206,-0.11423076689243317,-0.10028718870089026
1171,1446,1446,0,-0.7302345543176467,-0.7004066705703735,-0.7233261375695998,-0.7044395208358765,-0.6904959426443336
1172,1447,1447,0,0.4168632418840592,0.40489137172698975,0.38197190472776343,0.34865936636924744,0.36260294456079034
1173,1448,1448,0,1.49289096305067,1.5254430770874023,1.502523610088176,1.4934695959091187,1.5074131741006616
1174,1450,1450,0,-0.8062623648912246,-0.774455726146698,-0.7973751931459243,-0.7932915687561035,-0.7793479905645606
1175,1452,1452,0,1.8032184929578965,1.835932970046997,1.8130135030477708,1.7652238607406616,1.7791674389322045
1176,1454,1454,0,0.554082402679271,0.6011179089546204,0.578198441955394,0.5636520385742188,0.5775956167657617
1177,1457,1457,0,-1.3462380080491836,-1.3541557788848877,-1.377075245884114,-1.2996677160263062,-1.2857241378347632
1178,1458,1458,0,0.5082321853368943,0.5628876686096191,0.5399682016103928,0.5806717276573181,0.594615305848861
1179,1459,1459,0,-2.471903195884877,-2.531334161758423,-2.554253628757649,-2.5636770725250244,-2.5497334943334815
1180,1460,1460,0,0.37709949323827674,0.4022171199321747,0.37929765293294837,0.41387224197387695,0.42781582016541986
1181,1461,1461,0,-0.016078317818098785,-0.005274824798107147,-0.028194291797333487,-0.007496990263462067,0.006446587928080838
1182,1462,1462,0,0.16272581526929783,0.13147181272506714,0.1085523457258408,0.17396022379398346,0.18790380198552636
1183,1464,1464,0,0.3404758662908738,0.331241250038147,0.30832178303892066,0.3228294849395752,0.3367730631311181
1184,1465,1465,0,0.2579982371061509,0.3661448359489441,0.3432253689497178,0.21089114248752594,0.22483472067906884
1185,1466,1466,0,0.44072035858327796,0.4888409972190857,0.4659215302198594,0.4549397826194763,0.4688833608110192
1186,1467,1467,0,1.9093766302793687,1.907127857208252,1.8842083902090256,1.7856223583221436,1.7995659365136865
1187,1468,1468,0,2.369149097892589,2.438152313232422,2.4152328462331956,2.336397886276245,2.350341464467788
1188,1470,1470,0,2.3656076283186143,2.460894823074341,2.4379753560751145,2.36596417427063,2.379907752462173
1189,1471,1471,0,0.33854339430028846,0.32994887232780457,0.30702940532857825,0.34852656722068787,0.36247014541223077
1190,1472,1472,0,0.7392968029707139,0.7628363370895386,0.7399168700903123,0.6982946395874023,0.7122382177789452
1191,1474,1474,0,3.309858927223033,3.4054853916168213,3.382565924617595,3.2892839908599854,3.3032275690515283
1192,1475,1475,0,0.27236945340330054,0.3099188208580017,0.2869993538587754,0.20911934971809387,0.22306292790963678
1193,1476,1476,0,1.9372822136610215,1.9879573583602905,1.9650378913610642,1.88279390335083,1.896737481542373
1194,1477,1477,0,1.9055454821317857,1.9510471820831299,1.9281277150839036,1.934893012046814,1.9488365902383569
1195,1478,1478,0,2.6308392376630967,2.6726534366607666,2.6497339696615403,2.577669858932495,2.591613437124038
1196,1479,1479,0,0.7509408683508103,0.7443029880523682,0.7213835210531419,0.7108316421508789,0.7247752203424218
1197,1480,1480,0,1.9661604256361191,2.030111312866211,2.0071918458669846,1.902377963066101,1.916321541257644
1198,1483,1483,0,2.5281795353620713,2.5608294010162354,2.537909934017009,2.471721649169922,2.485665227361465
1199,1484,1484,0,-2.086423984077626,-2.039759397506714,-2.06267886450594,-2.089421510696411,-2.0754779325048682
1200,1485,1485,0,0.7355061263769334,0.7415314316749573,0.718611964675731,0.6843880414962769,0.6983316196878198
1201,1486,1486,0,-3.033478131797963,-3.0553014278411865,-3.078220894840413,-2.9164202213287354,-2.9024766431371924
1202,1488,1488,0,-1.3691875844270522,-1.372028112411499,-1.3949475794107253,-1.3792818784713745,-1.3653383002798316
1203,1489,1489,0,-1.8931753545076186,-1.8851370811462402,-1.9080565481454665,-1.880960464477539,-1.8670168862859962
1204,1490,1490,0,0.7232188672750657,0.7156878113746643,0.692768344375438,0.7268478870391846,0.7407914652307275
1205,1491,1491,0,0.6505364865987961,0.6906958818435669,0.6677764148443406,0.6619001626968384,0.6758437408883813
1206,1492,1492,0,0.7736447543829148,0.7957715392112732,0.7728520722120469,0.7291903495788574,0.7431339277704003
1207,1493,1493,0,1.7782580942838853,1.8372366428375244,1.814317175838298,1.7522931098937988,1.7662366880853417
1208,1494,1494,0,0.8591007680624192,0.8896182179450989,0.8666987509458726,0.8460659980773926,0.8600095762689355
1209,1495,1495,0,3.804792770835704,3.8922810554504395,3.869361588451213,3.7510440349578857,3.7649876131494286
1210,1496,1496,0,-2.656515708473378,-2.645551919937134,-2.66847138693636,-2.5699217319488525,-2.5559781537573096
1211,1497,1497,0,0.7134514541357224,0.7190540432929993,0.696134576293773,0.724442720413208,0.7383862986047509
1212,1502,1502,0,3.1649245114057725,3.209157705307007,3.1862382383077805,3.10990571975708,3.123849297948623
1213,1503,1503,0,1.323423633071727,1.3519415855407715,1.3290221185415452,1.3796178102493286,1.3935613884408715
1214,1504,1504,0,0.8280149788587754,0.8495807647705078,0.8266612977712815,0.8139604330062866,0.8279040111978295
1215,1505,1505,0,-0.4129135816366012,-0.36445048451423645,-0.38736995151346276,-0.3941701054573059,-0.380226527265763
1216,1506,1506,0,2.1390410752027695,2.1803371906280518,2.1574177236288254,2.1151416301727295,2.1290852083642724
1217,1507,1507,0,1.048211106750316,1.0996743440628052,1.0767548770635789,1.0416295528411865,1.0555731310327294
1218,1508,1508,0,1.3060364813535874,1.3118985891342163,1.28897912213499,1.262184739112854,1.276128317304397
1219,1510,1510,0,0.44228021213704993,0.5423660278320312,0.5194465608328049,0.45838961005210876,0.47233318824365167
1220,1511,1511,0,0.09403636464769291,0.09077490121126175,0.06785543421203541,0.09098181873559952,0.10492539692714242
1221,1512,1512,0,1.2700170368879502,1.3430349826812744,1.320115515682048,1.248711347579956,1.262654925771499
1222,1513,1513,0,1.2468317837446397,1.2903589010238647,1.2674394340246384,1.2448228597640991,1.258766437955642
1223,1514,1514,0,2.2994443268507188,2.337951898574829,2.315032431575603,2.2907826900482178,2.3047262682397607
1224,1517,1517,0,3.1304091305463975,3.1526615619659424,3.129742094966716,3.0855801105499268,3.0995236887414697
1225,1518,1518,0,-1.4995032458574111,-1.4667167663574219,-1.4896362333566482,-1.5120501518249512,-1.4981065736334083
1226,1519,1519,0,-0.6755252390176589,-0.5927004218101501,-0.6156198888093765,-0.7454322576522827,-0.7314886794607398
1227,1520,1520,0,0.1267194838255112,0.22843310236930847,0.20551363537008213,0.09017407894134521,0.10411765713288812
1228,1521,1521,0,1.1066117377012437,1.1622745990753174,1.139355132076091,1.1017918586730957,1.1157354368646386
1229,1522,1522,0,1.8465280623167222,1.8852596282958984,1.8623401612966721,1.831267237663269,1.845210815854812
1230,1525,1525,0,-0.24748209705656124,-0.21077680587768555,-0.2336962728769119,-0.2081904411315918,-0.1942468629400489
1231,1526,1526,0,1.1697242350309556,1.2101181745529175,1.1871987075536912,1.1452049016952515,1.1591484798867944
1232,1527,1527,0,2.320396551582164,2.3277390003204346,2.3048195333212083,2.3044536113739014,2.3183971895654443
1233,1528,1528,0,-1.7144148259431655,-1.7158303260803223,-1.7387497930795486,-1.73534095287323,-1.721397374681687
1234,1530,1530,0,1.505626568290538,1.5495084524154663,1.52658898541624,1.56826913356781,1.582212711759353
1235,1531,1531,0,2.023190626594371,2.0134470462799072,1.990527579280681,1.9542397260665894,1.9681833042581323
1236,1532,1532,-1,-0.9221951249411284,-0.9778674244880676,-1.000786891487294,-0.9484304189682007,-0.9344868407766578
1237,1533,1533,0,-2.019627681282216,-1.9670617580413818,-1.9899812250406081,-2.0199406147003174,-2.0059970365087745
1238,1535,1535,0,0.5757826657026475,0.5878354907035828,0.5649160237043565,0.6138929128646851,0.627836491056228
1239,1536,1536,0,3.4067484230726426,3.493812322616577,3.470892855617351,3.332531213760376,3.346474791951919
1240,1537,1537,0,-2.4553640990526016,-2.498988151550293,-2.5219076185495193,-2.4772748947143555,-2.4633313165228126
1241,1538,1538,0,2.051836857292003,2.113168478012085,2.0902490110128586,2.007847785949707,2.02179136414125
1242,1539,1539,0,-0.8564542441636855,-0.8039107918739319,-0.8268302588731582,-0.8289233446121216,-0.8149797664205787
1243,1540,1540,0,0.46537596890623023,0.4524783492088318,0.4295588822096055,0.39432916045188904,0.40827273864343194
1244,1543,1543,0,0.18328831503087925,0.22360238432884216,0.20068291732961582,0.1691613644361496,0.1831049426276925
1245,1544,1544,0,1.5151436419218247,1.564969778060913,1.5420503110616868,1.478785514831543,1.4927290930230859
1246,1546,1546,0,-0.8034546880990798,-0.8473131060600281,-0.8702325730592544,-0.7952603101730347,-0.7813167319814918
1247,1547,1547,0,2.475939402076549,2.529130697250366,2.50621123025114,2.421846866607666,2.435790444799209
1248,1548,1548,0,-3.439648738411122,-3.402362108230591,-3.425281575229817,-3.370471715927124,-3.356528137735581
1249,1549,1549,0,2.90363634535963,2.8965837955474854,2.873664328548259,2.812615156173706,2.826558734365249
1250,1550,1550,0,-0.7209951787263686,-0.681974470615387,-0.7048939376146133,-0.673042893409729,-0.6590993152181861
1251,1551,1551,0,2.287672171089,2.3604485988616943,2.337529131862468,2.2870163917541504,2.3009599699456933
1252,1552,1552,0,2.334551701042003,2.3279099464416504,2.304990479442424,2.3084628582000732,2.322406436391616
1253,1554,1554,0,-0.4978359847337539,-0.495798796415329,-0.5187182634145553,-0.5591412782669067,-0.5451977000753638
1254,1555,1555,0,1.8927728028028672,1.9600248336791992,1.937105366679973,1.897727370262146,1.911670948453689
1255,1556,1556,0,-2.1227553992540176,-2.0812017917633057,-2.104121258762532,-2.143913984298706,-2.129970406107163
1256,1557,1557,0,2.41179645964796,2.463902473449707,2.4409830064504807,2.375365972518921,2.389309550710464
1257,1558,1558,0,-0.7828576474458511,-0.793804943561554,-0.8167244105607803,-0.7631018161773682,-0.7491582379858253
1258,1559,1559,0,-0.1896988361150558,-0.24354422092437744,-0.26646368792360375,-0.17902258038520813,-0.16507900219366523
1259,1560,1560,0,0.8346929640501206,0.8741949796676636,0.8512755126684373,0.7790185213088989,0.7929620995004418
1260,1561,1561,0,1.3255156368940537,1.3441431522369385,1.3212236852377122,1.285048007965088,1.2989915861566308
1261,1562,1562,0,-0.4553591220647628,-0.38531574606895447,-0.4082352130681808,-0.49491944909095764,-0.48097587089941474
1262,1563,1563,-1,1.2493720766732515,1.3409080505371094,1.317988583537883,1.2074739933013916,1.2214175714929345
1263,1564,1564,0,-0.4133182971746261,-0.37734848260879517,-0.4002679496080215,-0.37831181287765503,-0.3643682346861121
1264,1565,1565,0,0.9735084266393845,0.9334366917610168,0.9105172247617905,0.9137505292892456,0.9276941074807885
1265,1566,1566,0,1.890054950210399,1.9335002899169922,1.9105808229177659,1.8635096549987793,1.8774532331903222
1266,1567,1567,0,1.3183432907789414,1.3515605926513672,1.3286411256521409,1.3745813369750977,1.3885249151666406
1267,1568,1568,0,0.06807068893606114,0.08194337040185928,0.05902390340263294,0.06529346108436584,0.07923703927590875
1268,1569,1569,0,2.3801320881574815,2.3518590927124023,2.328939625713176,2.3065271377563477,2.3204707159478906
1269,1570,1570,0,-1.7167631297380264,-1.706103801727295,-1.7290232687265212,-1.717506766319275,-1.703563188127732
1270,1571,1571,0,2.758814463111705,2.773822546005249,2.7509030790060227,2.7354209423065186,2.7493645204980615
1271,1573,1573,0,2.3049205631941025,2.3602466583251953,2.337327191325969,2.2675907611846924,2.2815343393762353
1272,1574,1574,0,2.3241013378828232,2.3891990184783936,2.3662795514791672,2.304593801498413,2.318537379689956
1273,1575,1575,0,0.001012660864873705,-0.028029032051563263,-0.0509484990507896,-0.031924836337566376,-0.01798125814602347
1274,1576,1576,0,2.446442970725841,2.4872138500213623,2.464294383022136,2.3940694332122803,2.408013011403823
1275,1577,1577,0,1.1170032114713853,1.1535955667495728,1.1306760997503464,1.1187427043914795,1.1326862825830224
1276,1578,1578,-1,-2.336876559572476,-2.3977575302124023,-2.4206769972116287,-2.348785161972046,-2.334841583780503
1277,1579,1579,0,-2.3807624488145644,-2.404491662979126,-2.4274111299783523,-2.2985780239105225,-2.2846344457189796
1278,1580,1580,0,2.7239905686109727,2.782453775405884,2.7595343084066575,2.667494535446167,2.68143811363771
1279,1581,1581,0,1.736032733413524,1.791968822479248,1.7690493554800217,1.7177766561508179,1.7317202343423608
1280,1582,1582,0,0.9734368414610093,0.9839619398117065,0.9610424728124802,0.9356945753097534,0.9496381535012963
1281,1583,1583,0,-0.19874881794756008,-0.15292257070541382,-0.17584203770464016,-0.29876890778541565,-0.28482532959387274
1282,1584,1584,-1,-1.405538726167935,-1.3698663711547852,-1.3927858381540115,-1.381714940071106,-1.367771361879563
1283,1587,1587,0,-2.378052344825917,-2.4083123207092285,-2.431231787708455,-2.3687527179718018,-2.354809139780259
1284,1588,1588,0,1.0482484192579453,1.1064873933792114,1.0835679263799851,1.0422890186309814,1.0562325968225243
1285,1589,1589,0,0.38757208892995765,0.4357665181159973,0.412847051116771,0.32597440481185913,0.33991798300340204
1286,1590,1590,0,2.355254539939708,2.4642295837402344,2.441310116741008,2.3031771183013916,2.3171206964929345
1287,1592,1592,0,2.9218305439680283,2.953871011734009,2.9309515447347825,2.892442464828491,2.906386043020034
1288,1593,1593,0,1.0429439635008042,1.0803476572036743,1.057428190204448,1.0300532579421997,1.0439968361337426
1289,1594,1594,0,0.08344276407653736,0.15124952793121338,0.12833006093198704,0.0673205554485321,0.08126413364007501
1290,1595,1595,0,0.32690460393125464,0.43494513630867004,0.41202566930944373,0.36690816283226013,0.38085174102380304
1291,1596,1596,0,-2.6813703685075576,-2.6858112812042236,-2.70873074820345,-2.6701438426971436,-2.6562002645056007
1292,1598,1598,0,0.3991431684225266,0.41422757506370544,0.39130810806447913,0.38061147928237915,0.39455505747392206
1293,1599,1599,0,0.8489706010549729,0.8418645858764648,0.8189451188772385,0.7704558372497559,0.7843994154412988
1294,1600,1600,0,1.5326582283704941,1.558139681816101,1.5352202148168748,1.4993277788162231,1.513271357007766
1295,1601,1601,0,-3.756859889534169,-3.8198928833007812,-3.8428123503000076,-3.7046680450439453,-3.6907244668524024
1296,1602,1602,0,-0.7282881050378616,-0.6712378859519958,-0.6941573529512222,-0.7455909252166748,-0.7316473470251319
1297,1603,1603,0,-1.2557027249604995,-1.2132720947265625,-1.2361915617257888,-1.2199674844741821,-1.2060239062826392
1298,1604,1604,0,0.21859683999711918,0.1841801106929779,0.16126064369375157,0.13323360681533813,0.14717718500688104
1299,1606,1606,0,-0.7008348613054092,-0.7573118805885315,-0.7802313475877578,-0.6788984537124634,-0.6649548755209205
1300,1607,1607,0,1.9621378273695176,2.0357837677001953,2.012864300700969,1.9218915700912476,1.9358351482827905
1301,1608,1608,0,1.7520744890897935,1.7579426765441895,1.7350232095449631,1.7414460182189941,1.755389596410537
1302,1609,1609,0,-1.7995356231004531,-1.7753238677978516,-1.7982433347970779,-1.7575510740280151,-1.7436074958364722
1303,1610,1610,0,1.1934900374143784,1.309086561203003,1.2861670942037766,1.1996151208877563,1.2135586990792993
1304,1611,1611,0,0.4372194797723954,0.4199017584323883,0.396982291433162,0.3808206617832184,0.3947642399747613
1305,1613,1613,0,0.03587905103260922,0.06979996711015701,0.04688050011093067,0.050750426948070526,0.06469400513961343
1306,1614,1614,0,-0.6215256362230117,-0.5327011942863464,-0.5556206612855727,-0.6041710376739502,-0.5902274594824073
1307,1615,1615,0,-0.6361675768167312,-0.5965479612350464,-0.6194674282342727,-0.6013273000717163,-0.5873837218801734
1308,1616,1616,0,2.458479055854625,2.4941935539245605,2.4712740869253342,2.3614442348480225,2.3753878130395654
1309,1617,1617,0,0.1468169928520386,0.16733437776565552,0.14441491076642918,0.08392782509326935,0.09787140328481225
1310,1618,1618,0,0.628340432140178,0.6443421244621277,0.6214226574629014,0.6501270532608032,0.6640706314523461
1311,1619,1619,0,-2.225222936180287,-2.2731101512908936,-2.29602961829012,-2.224461078643799,-2.210517500452256
1312,1621,1621,0,0.2040694446294968,0.22014960646629333,0.197230139467067,0.22965651750564575,0.24360009569718866
1313,1622,1622,0,-2.751886001136952,-2.759509801864624,-2.7824292688638503,-2.752436637878418,-2.738493059686875
1314,1623,1623,0,0.7489988298147385,0.7800800204277039,0.7571605534284775,0.7801462411880493,0.7940898193795922
1315,1624,1624,0,0.22496352502996372,0.2014119029045105,0.17849243590528416,0.15157775580883026,0.16552133400037317
1316,1625,1625,0,1.1390707583158677,1.1823666095733643,1.159447142574138,1.1206568479537964,1.1346004261453393
1317,1626,1626,0,1.5100536436765855,1.5063250064849854,1.483405539485759,1.4273748397827148,1.4413184179742577
1318,1627,1627,0,2.3991938919752305,2.45027232170105,2.4273528547018235,2.387892007827759,2.4018355860193017
1319,1628,1628,0,2.639671453925914,2.6685898303985596,2.6456703633993333,2.5966203212738037,2.6105638994653466
1320,1629,1629,0,-5.2503245978624165,-5.218199729919434,-5.24111919691866,-5.155782222747803,-5.14183864455626
1321,1630,1630,0,1.5375920624464219,1.5790956020355225,1.5561761350362961,1.5351487398147583,1.5490923180063012
1322,1631,1631,0,-6.298633447197133,-6.188344955444336,-6.211264422443563,-6.238668918609619,-6.224725340418076
1323,1632,1632,0,0.9576669425695603,0.9845560193061829,0.9616365523069565,0.9357810020446777,0.9497245802362206
1324,1633,1633,0,2.309882292243785,2.3320603370666504,2.309140870067424,2.2893407344818115,2.3032843126733544
1325,1634,1634,0,-0.40697800209825585,-0.3693443238735199,-0.3922637908727462,-0.4023860692977905,-0.3884424911062476
1326,1635,1635,0,1.5320724339216416,1.5879180431365967,1.5649985761373704,1.5246262550354004,1.5385698332269433
1327,1636,1636,0,1.5953205914228623,1.631076693534851,1.6081572265356248,1.5960009098052979,1.6099444879968408
1328,1637,1637,0,0.7898677081793015,0.7950543761253357,0.7721349091261094,0.8071898221969604,0.8211334003885034
1329,1638,1638,0,1.2336058706968491,1.2877832651138306,1.2648637981146043,1.2053240537643433,1.2192676319558862
1330,1639,1639,0,-0.8196511178285415,-0.8243341445922852,-0.8472536115915115,-0.7943111658096313,-0.7803675876180884
1331,1640,1640,0,1.438549766036815,1.4863965511322021,1.4634770841329758,1.402524471282959,1.416468049474502
1332,1641,1641,-1,-4.182740855531948,-4.175265312194824,-4.198184779194051,-4.1333842277526855,-4.119440649561143
1333,1642,1642,0,2.2156895489423936,2.2854361534118652,2.262516686412639,2.1433069705963135,2.1572505487878564
1334,1643,1643,0,1.6040817589491074,1.6335101127624512,1.6105906457632249,1.604832410812378,1.6187759890039208
1335,1644,1644,0,1.2279300780027573,1.2519757747650146,1.2290563077657883,1.1917469501495361,1.205690528341079
1336,1645,1645,0,1.2697306961744492,1.331812858581543,1.3088933915823167,1.2826597690582275,1.2966033472497704
1337,1646,1646,0,1.7578744978635972,1.7782065868377686,1.7552871198385422,1.7211793661117554,1.7351229443032983
1338,1648,1648,0,1.288925537559337,1.3051018714904785,1.2821824044912522,1.2251687049865723,1.2391122831781152
1339,1651,1651,0,-0.4511416762143905,-0.39765191078186035,-0.42057137778108666,-0.47112181782722473,-0.4571782396356818
1340,1652,1652,0,-0.515040448215657,-0.48852452635765076,-0.5114439933568771,-0.48363634943962097,-0.46969277124807807
1341,1653,1653,0,1.1804527134626572,1.173035979270935,1.1501165122717087,1.1279441118240356,1.1418876900155785
1342,1654,1654,0,-0.9832250385553176,-0.9125623106956482,-0.9354817776948745,-1.0179682970046997,-1.0040247188131568
1343,1655,1655,0,0.6310152501791184,0.6474599242210388,0.6245404572218125,0.6280887126922607,0.6420322908838036
1344,1656,1656,0,1.970121392700023,1.9849815368652344,1.962062069866008,1.8701430559158325,1.8840866341073754
1345,1657,1657,0,-4.775153031852895,-4.715036392211914,-4.737955859211141,-4.68136739730835,-4.667423819116807
1346,1658,1658,0,-1.8411416917115981,-1.8272227048873901,-1.8501421718866164,-1.7759984731674194,-1.7620548949758765
1347,1659,1659,0,1.430704364272899,1.4875853061676025,1.4646658391683762,1.3725355863571167,1.3864791645486596
1348,1661,1661,0,-3.6893285422593887,-3.6370022296905518,-3.659921696689778,-3.621001958847046,-3.607058380655503
1349,1663,1663,-1,0.8703542467782319,0.8879627585411072,0.8650432915418809,0.8562434911727905,0.8701870693643334
1350,1664,1664,0,-3.022601953056508,-3.0290045738220215,-3.051924040821248,-3.0774219036102295,-3.0634783254186866
1351,1665,1665,0,1.9997328610151475,2.0590078830718994,2.036088416072673,1.9617687463760376,1.9757123245675805
1352,1667,1667,0,0.9391910524099534,0.9865562915802002,0.9636368245809739,0.9028650522232056,0.9168086304147485
1353,1668,1668,0,0.1722820193498795,0.2220274806022644,0.19910801360303806,0.16230148077011108,0.176245058961654
1354,1672,1672,0,0.6696861476629441,0.712895929813385,0.6899764628141587,0.6614753007888794,0.6754188789804223
1355,1673,1673,0,1.5985256523817246,1.6282050609588623,1.605285593959636,1.5451219081878662,1.5590654863794091
1356,1674,1674,0,0.7777568192213242,0.8167576193809509,0.7938381523817246,0.774227499961853,0.7881710781533959
1357,1675,1675,0,-0.06450676759784771,-0.029001988470554352,-0.05192145546978069,-0.0719461441040039,-0.058002565912461
1358,1678,1678,0,1.6520433516233628,1.7003395557403564,1.6774200887411301,1.6423487663269043,1.6562923445184472
1359,1680,1680,0,0.8175473899572556,0.8062310814857483,0.783311614486522,0.8194408416748047,0.8333844198663476
1360,1681,1681,0,1.1276893706052964,1.1366682052612305,1.1137487382620042,1.107635736465454,1.121579314656997
1361,1682,1682,0,-3.9377127795488174,-4.025571346282959,-4.048490813282186,-3.953313112258911,-3.9393695340673682
1362,1683,1683,0,2.2572895378797715,2.2959465980529785,2.273027131053752,2.2149009704589844,2.2288445486505273
1363,1684,1684,0,1.4955759138792222,1.5286753177642822,1.505755850765056,1.4700833559036255,1.4840269340951684
1364,1685,1685,0,0.8067988843649094,0.8595135807991028,0.8365941137998765,0.812404990196228,0.8263485683877709
1365,1686,1686,0,-0.05337226977651668,-0.04288654029369354,-0.06580600729291988,-0.03586236387491226,-0.021918785683369357
1366,1688,1688,0,-3.817608943489247,-3.823408842086792,-3.8463283090860183,-3.7781834602355957,-3.764239882044053
1367,1689,1689,0,0.9750033111303513,0.9723441004753113,0.949424633476085,0.9916843175888062,1.005627895780349
1368,1690,1690,0,1.545049199554271,1.5657083988189697,1.5427889318197434,1.4960920810699463,1.5100356592614892
1369,1691,1691,0,-0.5347671418458755,-0.5825158357620239,-0.6054353027612502,-0.5538642406463623,-0.5399206624548194
1370,1694,1694,0,-0.5327485709459121,-0.5673566460609436,-0.5902761130601699,-0.5863490104675293,-0.5724054322759864
1371,1696,1696,0,1.7460997194975083,1.8065298795700073,1.783610412570781,1.7115589380264282,1.7255025162179711
1372,1697,1697,0,1.2575764746397202,1.248156189918518,1.2252367229192918,1.1938362121582031,1.207779790349746
1373,1699,1699,0,-0.09032824477260662,-0.08294346183538437,-0.10586292883461071,-0.07803361117839813,-0.06409003298685523
1374,1700,1700,0,-1.546584477928334,-1.508418321609497,-1.5313377886087234,-1.5725408792495728,-1.5585973010580298
1375,1702,1702,0,0.14491050848657536,0.11265108734369278,0.08973162034446644,0.09415675699710846,0.10810033518865136
1376,1703,1703,0,0.7080264777868455,0.6886487603187561,0.6657292933195298,0.5813374519348145,0.5952810301263574
1377,1704,1704,0,-0.1822734235793884,-0.14863765239715576,-0.1715571193963821,-0.18765324354171753,-0.17370966535017462
1378,1705,1705,0,-2.0862988143235977,-2.101853847503662,-2.1247733145028884,-2.098519802093506,-2.084576223901963
1379,1706,1706,0,-1.6380969195634658,-1.6551601886749268,-1.678079655674153,-1.6642476320266724,-1.6503040538351295
1380,1707,1707,0,2.389159569236583,2.434770345687866,2.41185087868864,2.3100316524505615,2.3239752306421044
1381,1708,1708,0,1.676372417899913,1.7228432893753052,1.6999238223760789,1.6140791177749634,1.6280226959665063
1382,1709,1709,0,0.5563895792692368,0.5954540967941284,0.5725346297949021,0.558778703212738,0.5727222814042809
1383,1710,1710,0,0.17818772206003117,0.1730843484401703,0.15016488144094395,0.06069604307413101,0.07463962126567392
1384,1711,1711,0,-6.189640870598012,-6.241447448730469,-6.2643669157296955,-6.210451602935791,-6.196508024744248
1385,1713,1713,0,0.7188127131193345,0.6812414526939392,0.6583219856947129,0.6537984609603882,0.6677420391519311
1386,1714,1714,0,1.8909785837858384,1.9889150857925415,1.9659956187933152,1.871493935585022,1.8854375137765649
1387,1715,1715,0,-0.428715905454808,-0.2925078570842743,-0.3154273240835006,-0.4466969668865204,-0.4327533886949775
1388,1716,1716,0,-0.6616865306169326,-0.5759007930755615,-0.5988202600747878,-0.6834725141525269,-0.669528935960984
1389,1718,1718,0,0.6922299356191819,0.7429630756378174,0.7200436086385911,0.6805236339569092,0.6944672121484521
1390,1719,1719,0,-1.1636192708284194,-1.1261341571807861,-1.1490536241800124,-1.1283003091812134,-1.1143567309896705
1391,1720,1720,0,2.354719767066783,2.381584644317627,2.3586651773184006,2.3280184268951416,2.3419620050866845
1392,1721,1721,0,-0.24536496987646175,-0.2265705168247223,-0.24948998382394863,-0.2100938856601715,-0.1961503074686286
1393,1722,1722,0,-2.455790391472035,-2.423297643661499,-2.4462171106607253,-2.4223458766937256,-2.4084022985021827
1394,1723,1723,0,-0.22914608409708095,-0.2410367727279663,-0.2639562397271926,-0.2672189176082611,-0.2532753394167182
1395,1725,1725,-1,-0.2427918198874175,-0.21653887629508972,-0.23945834329431606,-0.22248372435569763,-0.20854014616415473
1396,1727,1727,0,-0.18477854719465328,-0.16805920004844666,-0.190978667047673,-0.24667680263519287,-0.23273322444364997
1397,1729,1729,0,2.42355502555067,2.433302402496338,2.4103829354971116,2.3885116577148438,2.4024552359063867
1398,1730,1730,-2,2.4805355213810376,2.519826650619507,2.4969071836202805,2.4097282886505127,2.4236718668420556
1399,1731,1731,0,-1.845274081733876,-1.8267874717712402,-1.8497069387704665,-1.8884304761886597,-1.8744868979971168
1400,1732,1732,0,0.010559026803023097,0.053219087421894073,0.030299620422667733,-0.03917519003152847,-0.025231611839985568
1401,1733,1733,0,-2.363537898567372,-2.3756535053253174,-2.3985729723245437,-2.3375751972198486,-2.3236316190283057
1402,1735,1735,0,0.30404252717191627,0.38178083300590515,0.35886136600667884,0.3621204197406769,0.3760639979322198
1403,1737,1737,0,-1.1693698077470596,-1.0935533046722412,-1.1164727716714675,-1.1636844873428345,-1.1497409091512916
1404,1738,1738,0,-0.023075618130021812,-0.051978372037410736,-0.07489783903663708,-0.0764690637588501,-0.06252548556730719
1405,1740,1740,0,0.023556830081290482,0.002636231482028961,-0.02028323551719738,-0.004449054598808289,0.009494523592734616
1406,1742,1742,0,0.6916030735700791,0.6997171640396118,0.6767976970403855,0.675932765007019,0.689876343198562
1407,1743,1743,0,2.060858616325206,2.1043243408203125,2.081404873821086,2.0332581996917725,2.0472017778833154
1408,1745,1745,0,2.7808963150709336,2.7762222290039062,2.75330276200468,2.726799249649048,2.7407428278405908
1409,1748,1748,0,-3.338581195381337,-3.3459560871124268,-3.368875554111653,-3.3680050373077393,-3.3540614591161964
1410,1749,1749,0,0.6385762185781663,0.6013211607933044,0.5784016937940781,0.6570457220077515,0.6709893001992944
1411,1750,1750,0,-0.5706446080476577,-0.5613280534744263,-0.5842475204736526,-0.5672265291213989,-0.553282950929856
1412,1751,1751,0,-0.5506145863801772,-0.520043671131134,-0.5429631381303603,-0.561724066734314,-0.5477804885427711
1413,1755,1755,0,-0.7118559389383132,-0.6610228419303894,-0.6839423089296157,-0.6819392442703247,-0.6679956660787818
1414,1756,1756,0,0.9648761839597886,0.9853779673576355,0.9624585003584092,0.9331700801849365,0.9471136583764794
1415,1757,1757,0,0.12582161435777592,0.17492100596427917,0.15200153896505283,0.11180530488491058,0.1257488830764535
1416,1758,1758,0,3.2563198895185654,3.1674880981445312,3.144568631145305,3.171099901199341,3.1850434793908837
1417,1759,1759,0,0.5217803806989854,0.5664485096931458,0.5435290426939194,0.5560344457626343,0.5699780239541772
1418,1760,1760,-5,-4.579391397989866,-4.639251708984375,-4.662171175983602,-4.548905849456787,-4.534962271265244
1419,1762,1762,0,1.0900555939405625,1.0787104368209839,1.0557909698217576,1.0299137830734253,1.0438573612649682
1420,1763,1763,0,0.3365647585123246,0.40165218710899353,0.3787327201097672,0.3323185443878174,0.3462621225793603
1421,1765,1765,0,2.1327127308576768,2.151854991912842,2.1289355249136155,2.050633430480957,2.0645770086725
1422,1766,1766,0,2.1830023617475693,2.1822259426116943,2.159306475612468,2.1717567443847656,2.1857003225763085
1423,1767,1767,0,1.4884535164564316,1.5233430862426758,1.5004236192434495,1.440287470817566,1.4542310490091088
1424,1768,1768,-1,2.6117731448838533,2.6724517345428467,2.6495322675436204,2.6014552116394043,2.615398789830947
1425,1769,1769,0,1.5848991961210435,1.6129839420318604,1.590064475032634,1.589614748954773,1.6035583271463159
1426,1770,1770,0,1.0145269722669785,1.100050926208496,1.0771314592092698,0.9857114553451538,0.9996550335366967
1427,1771,1771,0,0.05410868832761693,0.08474089205265045,0.06182142505342411,-0.051981404423713684,-0.03803782623217078
1428,1773,1773,0,2.773230442497081,2.8108201026916504,2.787900635692424,2.7435994148254395,2.7575429930169824
1429,1774,1774,0,0.5937023849218552,0.6070932149887085,0.5841737479894822,0.5582528114318848,0.5721963896234277
1430,1775,1775,0,0.07403677860195088,0.09367350488901138,0.07075403788978504,0.08280418813228607,0.09674776632382898
1431,1776,1776,0,1.3891060442655747,1.4252891540527344,1.402369687053508,1.3128241300582886,1.3267677082498315
1432,1777,1777,0,-2.165999999550038,-2.2272286415100098,-2.250148108509236,-2.167135000228882,-2.153191422037339
1433,1778,1778,0,-1.431222429779225,-1.4541319608688354,-1.4770514278680618,-1.407415747642517,-1.3934721694509742
1434,1779,1779,0,0.43038366148168494,0.43035992980003357,0.40744046280080726,0.41193199157714844,0.42587556976869134
1435,1780,1780,0,0.680302032920665,0.7438569664955139,0.7209374994962876,0.6977376937866211,0.711681271978164
1436,1781,1781,0,2.5946546883314316,2.6482017040252686,2.6252822370260422,2.557785987854004,2.571729566045547
1437,1782,1782,0,-0.3367995529443557,-0.3667948246002197,-0.38971429159944604,-0.40254640579223633,-0.3886028276006934
1438,1783,1783,0,2.0848602146833604,2.078723430633545,2.0558039636343186,2.0386269092559814,2.0525704874475243
1439,1785,1785,-1,-3.8655387643149077,-3.8343546390533447,-3.857274106052571,-3.8538239002227783,-3.8398803220312354
1440,1786,1786,0,-2.9532812743455703,-2.969038486480713,-2.991957953479939,-2.962646484375,-2.948702906183457
1441,1787,1787,0,-3.313981643226796,-3.327305316925049,-3.350224783924275,-3.2668185234069824,-3.2528749452154395
1442,1788,1788,0,-0.5130738525659377,-0.4965193569660187,-0.519438823965245,-0.46061989665031433,-0.4466763184587714
1443,1789,1789,0,0.13016683766538548,0.16780248284339905,0.1448830158441727,0.11921711266040802,0.13316069085195092
1444,1790,1790,0,-1.4124393372804458,-1.4890246391296387,-1.511944106128865,-1.4406334161758423,-1.4266898379842994
1445,1791,1791,0,1.6223278135984605,1.684272050857544,1.6613525838583176,1.6248106956481934,1.6387542738397363
1446,1792,1792,0,-1.2845588832170303,-1.3498505353927612,-1.3727700023919875,-1.3079179525375366,-1.2939743743459937
1447,1794,1794,0,0.5154354066580003,0.5066497325897217,0.48373026559049537,0.49416419863700867,0.5081077768285516
1448,1795,1795,0,0.12858758279973911,0.24120110273361206,0.21828163573438572,0.12961021065711975,0.14355378884866266
1449,1796,1796,0,-2.8072835116655166,-2.7925150394439697,-2.815434506443196,-2.804699659347534,-2.7907560811559913
1450,1797,1797,0,-1.0091243891984756,-1.0240598917007446,-1.046979358699971,-1.0116347074508667,-0.9976911292593238
1451,1798,1798,0,0.9264137835233872,0.9672963619232178,0.9443768949239915,0.949193000793457,0.9631365789849999
1452,1799,1799,0,-2.4904218821794326,-2.530028820037842,-2.552948287037068,-2.413191556930542,-2.399247978738999
1453,1800,1800,0,-1.7689212470323379,-1.7795836925506592,-1.8025031595498855,-1.772042155265808,-1.7580985770742652
1454,1802,1802,0,-1.5474233536989028,-1.5732386112213135,-1.5961580782205398,-1.5300707817077637,-1.5161272035162208
1455,1803,1803,0,1.9859314055174058,1.9844415187835693,1.961522051784343,1.949456810951233,1.9634003891427758
1456,1804,1804,0,0.5746566743581956,0.6459758877754211,0.6230564207761948,0.5404651165008545,0.5544086946923974
1457,1806,1806,0,-2.408649316337758,-2.3678267002105713,-2.3907461672097976,-2.3812296390533447,-2.367286060861802
1458,1807,1807,0,0.558308431598491,0.5961878299713135,0.5732683629720872,0.5437350273132324,0.5576786055047753
1459,1808,1808,0,-1.5452761559755142,-1.5583608150482178,-1.581280282047444,-1.4993730783462524,-1.4854295001547095
1460,1809,1809,0,-2.1038457064897353,-2.075575113296509,-2.098494580295735,-2.077501058578491,-2.0635574803869483
1461,1810,1810,0,1.5362260431974595,1.6021201610565186,1.5792006940572922,1.4977911710739136,1.5117347492654565
1462,1811,1811,0,1.4113919825285142,1.445158839225769,1.4222393722265427,1.428723931312561,1.442667509504104
1463,1812,1812,0,0.6022110671728318,0.6036261916160583,0.580706724616832,0.5767096877098083,0.5906532659013513
1464,1813,1813,0,-1.4779994397432143,-1.5543098449707031,-1.5772293119699294,-1.440848469734192,-1.426904891542649
1465,1814,1814,0,-0.9928302078515823,-0.9753645062446594,-0.9982839732438857,-0.9854884147644043,-0.9715448365728614
1466,1815,1815,0,-0.22218548348253322,-0.191782146692276,-0.21470161369150234,-0.263040691614151,-0.2490971134226081
1467,1816,1816,0,1.3072342962949937,1.300743818283081,1.2778243512838547,1.2237366437911987,1.2376802219827416
1468,1817,1817,0,-0.7464306860238845,-0.7269719243049622,-0.7498913913041885,-0.7385880947113037,-0.7246445165197608
1469,1818,1818,0,1.073259362670726,1.1002252101898193,1.077305743190593,1.075282335281372,1.089225913472915
1470,1820,1820,0,2.6882332653730576,2.7036664485931396,2.6807469815939133,2.64090895652771,2.654852534719253
1471,1821,1821,0,1.293795594665355,1.3730961084365845,1.3501766414373582,1.2859243154525757,1.2998678936441186
1472,1822,1822,-1,-2.8117410424521148,-2.807635545730591,-2.830555012729817,-2.798151731491089,-2.784208153299546
1473,1823,1823,0,1.783944258186168,1.815725326538086,1.7928058595388596,1.7526626586914062,1.7666062368829492
1474,1824,1824,0,0.09414042690689015,0.08191550523042679,0.05899603823120045,0.11070389300584793,0.12464747119739084
1475,1826,1826,0,1.228516349288768,1.2884708642959595,1.2655513972967332,1.1865342855453491,1.200477863736892
1476,1827,1827,0,2.4985188336103623,2.5390584468841553,2.516138979884929,2.482816457748413,2.496760035939956
1477,1828,1828,0,0.5242673248975938,0.5644492506980896,0.5415297836988633,0.5238679051399231,0.537811483331466
1478,1829,1829,0,0.17476570019418644,0.2347668707370758,0.21184740373784947,0.18844258785247803,0.20238616604402093
1479,1830,1830,0,-1.6244152694017227,-1.6521620750427246,-1.675081542041951,-1.6136841773986816,-1.5997405992071387
1480,1831,1831,0,-1.5241969733506973,-1.5441045761108398,-1.5670240431100662,-1.5368252992630005,-1.5228817210714576
1481,1832,1832,0,-2.7524784713060195,-2.6688358783721924,-2.6917553453714187,-2.766664981842041,-2.752721403650498
1482,1833,1833,0,-2.4698389678270156,-2.5768697261810303,-2.5997891931802566,-2.432180881500244,-2.4182373033087012
1483,1834,1834,0,0.5495624632566636,0.5837545990943909,0.5608351320951646,0.5328644514083862,0.5468080295999291
1484,1836,1836,0,1.067211040946788,1.1004798412322998,1.0775603742330735,1.0510143041610718,1.0649578823526147
1485,1837,1837,0,-2.181284299400502,-2.201220750808716,-2.224140217807942,-2.176398992538452,-2.1624554143469092
1486,1838,1838,0,1.459204563590831,1.5332794189453125,1.5103599519460862,1.4726159572601318,1.4865595354516747
1487,1841,1841,0,-0.2724110691816146,-0.28458371758461,-0.3075031845838363,-0.31306323409080505,-0.29911965589926215
1488,1844,1844,0,-0.14021640112703396,-0.1392209231853485,-0.16214039018457485,-0.23355570435523987,-0.21961212616369696
1489,1847,1847,0,-3.8692098765641982,-4.026904106140137,-4.0498235731393635,-3.8309011459350586,-3.8169575677435157
1490,1849,1849,0,1.238880643340892,1.3307127952575684,1.307793328258342,1.2308017015457153,1.2447452797372582
1491,1850,1850,0,-4.059348931816274,-3.9960596561431885,-4.018979123142415,-4.026708602905273,-4.0127650247137305
1492,1851,1851,0,-0.4865689485341842,-0.4728487432003021,-0.49576821019952844,-0.4650058448314667,-0.45106226663992377
1493,1852,1852,0,2.0835083813398545,2.122474431991577,2.099554964992351,2.0865371227264404,2.1004807009179833
1494,1853,1853,0,-0.06650577327316357,-0.07632876187562943,-0.09924822887485577,-0.06281116604804993,-0.04886758785650702
1495,1855,1855,0,-0.8385649233133132,-0.8356025815010071,-0.8585220485002334,-0.8565763235092163,-0.8426327453176734
1496,1856,1856,0,0.7504718990057175,0.7413250803947449,0.7184056133955186,0.7267105579376221,0.740654136129165
1497,1857,1857,0,0.3175357670515244,0.3570166826248169,0.3340972156255906,0.2789843678474426,0.29292794603898553
1498,1858,1858,0,-0.24735643556421352,-0.2244364619255066,-0.24735592892473293,-0.3215561509132385,-0.3076125727216956
1499,1859,1859,0,0.14391824016267704,0.21211305260658264,0.1891935856073563,0.13597318530082703,0.14991676349236993
1500,1860,1860,0,-0.7278270035058791,-0.7713238000869751,-0.7942432670862014,-0.7466368675231934,-0.7326932893316505
1501,1861,1861,0,-0.9346124439508254,-0.9515663981437683,-0.9744858651429946,-0.9342970848083496,-0.9203535066168067
1502,1863,1863,0,-1.8581873088151748,-1.8541271686553955,-1.8770466356546218,-1.8458207845687866,-1.8318772063772437
1503,1864,1864,0,-4.873879781273061,-4.8747878074646,-4.897707274463826,-4.771777629852295,-4.757834051660752
1504,1865,1865,0,0.2264521361320679,0.20365163683891296,0.18073216983968662,0.2082803100347519,0.2222238882262948
1505,1866,1866,0,-0.06606111517255855,-0.06658505648374557,-0.08950452348297191,-0.045350462198257446,-0.03140688400671454
1506,1867,1867,0,-0.95704298308199,-0.9948319792747498,-1.017751446273976,-0.9612859487533569,-0.947342370561814
1507,1868,1868,0,0.4827236325472062,0.522922158241272,0.5000026912420457,0.434039831161499,0.44798340935304193
1508,1869,1869,0,1.3097553343504136,1.3999013900756836,1.3769819230764573,1.324735164642334,1.338678742833877
1509,1870,1870,0,0.3049309045999711,0.3332422971725464,0.3103228301733201,0.2966119945049286,0.3105555726964715
1510,1871,1871,0,-0.6194309501916702,-0.585451066493988,-0.6083705334932143,-0.6108766794204712,-0.5969331012289283
1511,1872,1872,0,1.1273661942213242,1.154355764389038,1.1314362973898118,1.1312087774276733,1.1451523556192162
1512,1873,1873,0,1.2347258419721787,1.2573649883270264,1.2344455213278,1.2134381532669067,1.2273817314584496
1513,1874,1874,0,-2.125716796425038,-2.1518375873565674,-2.1747570543557937,-2.1062071323394775,-2.0922635541479346
1514,1875,1875,0,0.9380565376012986,0.9187206625938416,0.8958011955946152,0.9188022613525391,0.932745839544082
1515,1876,1876,0,-2.8346899657518203,-2.8468778133392334,-2.8697972803384597,-2.809624671936035,-2.7956810937444923
1516,1878,1878,0,-0.4077785818845565,-0.35220274329185486,-0.37512221029108117,-0.4135037362575531,-0.3995601580660102
1517,1881,1881,0,-1.4231656699449355,-1.3288941383361816,-1.351813605335408,-1.350667953491211,-1.336724375299668
1518,1882,1882,0,0.4355954916208451,0.46422094106674194,0.44130147406751563,0.3510957658290863,0.3650393440206292
1519,1883,1883,-1,-4.721301722841519,-4.687558650970459,-4.710478117969686,-4.7374091148376465,-4.723465536646104
1520,1884,1884,0,-0.9703388719827468,-0.9598597884178162,-0.9827792554170425,-0.9930576086044312,-0.9791140304128882
1521,1886,1886,0,3.226104149314708,3.3053956031799316,3.2824761361807053,3.2767841815948486,3.2907277597863915
1522,1889,1889,0,1.4816207976072495,1.5046594142913818,1.4817399472921555,1.430484652519226,1.444428230710769
1523,1890,1890,0,0.18246694812471317,0.20686662197113037,0.18394715497190403,0.18018120527267456,0.19412478346421747
1524,1891,1891,0,-2.5304397254258926,-2.5324246883392334,-2.5553441553384597,-2.5511248111724854,-2.5371812329809424
1525,1892,1892,0,-0.6153514294893081,-0.6515793800354004,-0.6744988470346267,-0.6738189458847046,-0.6598753676931617
1526,1893,1893,0,1.296556481811351,1.3204295635223389,1.2975100965231126,1.266849398612976,1.280792976804519
1527,1895,1895,0,1.4378018469541733,1.461823582649231,1.4389041156500046,1.4553972482681274,1.4693408264596703
1528,1896,1896,0,0.3673943371504014,0.4042660593986511,0.3813465923994248,0.361316442489624,0.37526002068116693
1529,1897,1897,0,1.6510359139173691,1.7004995346069336,1.6775800676077073,1.6129100322723389,1.6268536104638818
1530,1898,1898,0,-2.902039161232167,-2.885493278503418,-2.9084127455026443,-2.889310598373413,-2.87536702018187
1531,1901,1901,0,1.8186843485563462,1.8296575546264648,1.8067380876272385,1.7878680229187012,1.801811601110244
1532,1902,1902,0,-2.649499288108998,-2.6304781436920166,-2.653397610691243,-2.621487855911255,-2.607544277719712
1533,1903,1903,0,1.5433182806699937,1.6053457260131836,1.5824262590139573,1.5037646293640137,1.5177082075555566
1534,1904,1904,0,1.7265466541975205,1.7952187061309814,1.7722992391317551,1.643151879310608,1.6570954575021508
1535,1905,1905,0,0.820476183387584,0.8134881258010864,0.7905686588018601,0.8062092065811157,0.8201527847726586
1536,1908,1908,0,-2.3108822016984756,-2.3345463275909424,-2.3574657945901687,-2.3118364810943604,-2.2978929029028174
1537,1909,1909,-1,-1.9228517297079741,-1.8546671867370605,-1.8775866537362869,-1.9092708826065063,-1.8953273044149634
1538,1910,1910,0,1.2535438627927964,1.2973222732543945,1.2744028062551682,1.2412792444229126,1.2552228226144555
1539,1911,1911,0,1.0325142235487168,1.0288703441619873,1.005950877162761,0.9659490585327148,0.9798926367242577
1540,1912,1912,0,2.0984665245741074,2.0810129642486572,2.058093497249431,2.064868450164795,2.078812028356338
1541,1913,1913,0,0.8055047483175461,0.8552783131599426,0.8323588461607163,0.7847156524658203,0.7986592306573632
1542,1915,1915,0,0.49659488508397986,0.5326041579246521,0.5096846909254258,0.48446598649024963,0.49840956468179254
1543,1916,1916,0,-1.0283530860215957,-0.9483247399330139,-0.9712442069322402,-0.9716683626174927,-0.9577247844259498
1544,1917,1917,0,-1.0660309701234634,-1.0424894094467163,-1.0654088764459426,-0.9949489831924438,-0.9810054050009009
1545,1918,1918,0,0.7564606160848801,0.754896342754364,0.7319768757551377,0.7231247425079346,0.7370683206994775
1546,1919,1919,0,2.3644317478864854,2.3807480335235596,2.3578285665243333,2.4049978256225586,2.4189414038141015
1547,1920,1920,0,-0.4561007230550582,-0.4846057593822479,-0.5075252263814742,-0.4851853549480438,-0.4712417767565009
1548,1922,1922,0,-1.485212317016774,-1.4036012887954712,-1.4265207557946975,-1.4824128150939941,-1.4684692369024512
1549,1924,1924,0,-0.519289544132405,-0.5159786343574524,-0.5388981013566787,-0.5409243106842041,-0.5269807324926612
1550,1926,1926,0,1.9569424481123154,1.9916383028030396,1.9687188358038132,1.9275883436203003,1.9415319218118432
1551,1927,1927,0,-0.37167449882333825,-0.3531699478626251,-0.37608941486185143,-0.36608681082725525,-0.35214323263571234
1552,1928,1928,0,0.7423517794340317,0.8029842972755432,0.7800648302763169,0.6488445997238159,0.6627881779153588
1553,1929,1929,0,-1.4845900445253188,-1.4610085487365723,-1.4839280157357986,-1.4919987916946411,-1.4780552135030982
1554,1930,1930,0,0.31312326500112464,0.3032635748386383,0.280344107839412,0.3477150797843933,0.3616586579759362
1555,1931,1931,0,0.20484697231943058,0.2827470302581787,0.2598275632589524,0.2018512785434723,0.2157948567350152
1556,1932,1932,0,1.8755060524671738,1.8848447799682617,1.8619253129690354,1.8139495849609375,1.8278931631524804
1557,1933,1933,0,-2.7858174948961074,-2.758218765258789,-2.7811382322580154,-2.733858108520508,-2.719914530328965
1558,1934,1934,0,0.7746843189924424,0.8156760334968567,0.7927565664976304,0.7682312726974487,0.7821748508889916
1559,1936,1936,0,-1.4775801806718643,-1.4811036586761475,-1.5040231256753738,-1.4634426832199097,-1.4494991050283668
1560,1937,1937,0,1.3830769152372544,1.410234808921814,1.3873153419225877,1.3589822053909302,1.372925783582473
1561,1939,1939,0,0.6928818316190903,0.7265455722808838,0.7036261052816575,0.6871907711029053,0.7011343492944482
1562,1941,1941,0,-1.4325510173112685,-1.4498116970062256,-1.472731164005452,-1.4498790502548218,-1.4359354720632789
1563,1942,1942,0,1.0111984104841416,1.0856118202209473,1.062692353221721,1.019911289215088,1.0338548674066308
1564,1945,1945,0,0.22863329360181736,0.22780030965805054,0.2048808426588242,0.14647525548934937,0.16041883368089227
1565,1946,1946,0,0.26162526914770057,0.23136970400810242,0.20845023700887608,0.24684596061706543,0.26078953880860833
1566,1947,1947,0,0.15261425981218266,0.1551363468170166,0.13221687981779026,0.14442577958106995,0.15836935777261285
1567,1949,1949,0,-0.21498162141149593,-0.21772661805152893,-0.24064608505075527,-0.22031429409980774,-0.20637071590826483
1568,1950,1950,0,-1.6674833207399185,-1.6226139068603516,-1.6455333738595779,-1.6633703708648682,-1.6494267926733253
1569,1951,1951,0,-2.4437345176011855,-2.416069269180298,-2.438988736179524,-2.4702038764953613,-2.4562602983038184
1570,1952,1952,0,0.7219794482916062,0.8484894037246704,0.8255699367254441,0.7188154458999634,0.7327590240915063
1571,1953,1953,-1,-3.315929103212613,-3.337427854537964,-3.36034732153719,-3.2880663871765137,-3.2741228089849708
1572,1954,1954,0,-0.0723328649074371,-0.029927067458629608,-0.05284653445785595,-0.09244704246520996,-0.07850346427366706
1573,1956,1956,0,1.8560717196195786,1.8338956832885742,1.810976216289348,1.8320938348770142,1.846037413068557
1574,1957,1957,0,1.1813316435545151,1.2629245519638062,1.2400050849645798,1.1642584800720215,1.1782020582635644
1575,1958,1958,0,0.8338276834219163,0.8354269862174988,0.8125075192182725,0.8070724010467529,0.8210159792382958
1576,1960,1960,0,1.6122591585844224,1.6424325704574585,1.6195131034582322,1.5477595329284668,1.5617031111200097
1577,1961,1961,0,1.9183324665754502,1.9343448877334595,1.9114254207342332,1.8665133714675903,1.8804569496591332
1578,1962,1962,0,1.6598829121320908,1.6876877546310425,1.6647682876318162,1.650758147239685,1.664701725431228
1579,1963,1963,0,-2.149438014534169,-2.1472997665405273,-2.1702192335397537,-2.1426961421966553,-2.1287525640051124
1580,1964,1964,0,0.7726888150900071,0.8181750178337097,0.7952555508344834,0.77732253074646,0.7912661089380029
1581,1965,1965,0,0.3726905674665635,0.40936097502708435,0.38644150802785804,0.3746839463710785,0.3886275245626214
1582,1966,1966,0,1.8154876322477524,1.8702425956726074,1.847323128673381,1.7594265937805176,1.7733701719720605
1583,1967,1967,0,1.6334173769682114,1.7075448036193848,1.6846253366201585,1.5116373300552368,1.5255809082467797
1584,1969,1969,0,0.38370967814618995,0.41372165083885193,0.3908021838396256,0.3948182165622711,0.408761794753814
1585,1970,1970,0,2.7357815594404404,2.7728776931762695,2.749958226177043,2.65242600440979,2.666369582601333
1586,1971,1971,0,1.0483524889677232,1.0963420867919922,1.0734226197927659,0.9805450439453125,0.9944886221368554
1587,1972,1972,0,0.13869010815317082,0.1734359860420227,0.15051651904279637,0.11622604727745056,0.13016962546899347
1588,1973,1973,0,1.6371388525694077,1.7142972946166992,1.691377827617473,1.579710602760315,1.5936541809518578
1589,1974,1974,0,0.3220873267381852,0.3659127652645111,0.3429932982652848,0.2839841842651367,0.2979277624566796
1590,1975,1975,0,-0.12289617797439648,-0.10695011168718338,-0.12986957868640972,-0.14415305852890015,-0.13020948033735724
1591,1977,1977,0,-0.8081648855478103,-0.7664573788642883,-0.7893768458635146,-0.8248059749603271,-0.8108623967687842
1592,1978,1978,0,0.6750092596738999,0.6939806938171387,0.6710612268179124,0.6695448160171509,0.6834883942086938
1593,1979,1979,0,1.421927222701854,1.4807629585266113,1.457843491527385,1.4059780836105347,1.4199216618020776
1594,1981,1981,0,-0.3822194545537765,-0.3174239695072174,-0.3403434365064437,-0.3914572298526764,-0.3775136516611335
1595,1983,1983,0,-1.6494351535112197,-1.6730495691299438,-1.6959690361291702,-1.6396994590759277,-1.6257558808843848
1596,1984,1984,0,2.316342005225963,2.3417675495147705,2.318848082515544,2.2801051139831543,2.294048692174697
1597,1985,1985,0,-1.6457751899034316,-1.6848722696304321,-1.7077917366296584,-1.6566299200057983,-1.6426863418142554
1598,1986,1986,0,-2.4291680960923965,-2.409189224243164,-2.4321086912423904,-2.4702794551849365,-2.4563358769933936
1599,1987,1987,0,0.9175481886594956,0.9752331972122192,0.9523137302129929,0.9128578901290894,0.9268014683206323
1600,1988,1988,0,1.5215724796980088,1.5280132293701172,1.5050937623708909,1.471098780632019,1.485042358823562
1601,1989,1989,0,0.13609878132039951,0.14323481917381287,0.12031535217458653,0.0711790919303894,0.08512267012193231
1602,1990,1990,0,-1.3888007312089736,-1.3839119672775269,-1.4068314342767532,-1.377532958984375,-1.363589380792832
1603,1992,1992,0,-1.0425642638475234,-1.0497865676879883,-1.0727060346872146,-1.0508294105529785,-1.0368858323614356
1604,1993,1993,0,-1.1522743611604507,-1.1049045324325562,-1.1278239994317825,-1.0892672538757324,-1.0753236756841895
1605,1994,1994,0,-1.3428664117128188,-1.3245792388916016,-1.3474987058908279,-1.3030403852462769,-1.289096807054734
1606,1995,1995,0,1.1551578135221665,1.2399743795394897,1.2170549125402634,1.1361006498336792,1.150044228025222
1607,1996,1996,0,1.1423795313566392,1.1964240074157715,1.1735045404165452,1.1531277894973755,1.1670713676889184
1608,1998,1998,0,0.771791347953624,0.8128679394721985,0.7899484724729722,0.7452703714370728,0.7592139496286157
1609,1999,1999,0,0.5268107742994492,0.5510715842247009,0.5281521172254746,0.4648403227329254,0.4787839009244683
1610,2000,2000,0,1.452938684913463,1.46346116065979,1.4405416936605637,1.4095197916030884,1.4234633697946313
1611,2001,2001,0,0.7818852753370469,0.7974106669425964,0.7744911999433701,0.7115925550460815,0.7255361332376244
1612,2003,2003,0,0.9533702225416367,0.9455642104148865,0.9226447434156602,0.9148421287536621,0.928785706945205
1613,2004,2004,0,-0.38244911125009606,-0.40813881158828735,-0.43105827858751367,-0.406026691198349,-0.3920831130068061
1614,2006,2006,0,-2.394219985511952,-2.3323071002960205,-2.355226567295247,-2.377065420150757,-2.363121841959214
1615,2007,2007,0,2.216023573371715,2.2465267181396484,2.223607251140422,2.1625723838806152,2.176515962072158
1616,2008,2008,0,-1.4011088519365127,-1.3705103397369385,-1.3934298067361648,-1.424209713935852,-1.4102661357443091
1617,2009,2009,0,1.3388295263975327,1.3919280767440796,1.3690086097448533,1.307802677154541,1.321746255346084
1618,2011,2011,0,-1.6428941397935684,-1.675110936164856,-1.6980304031640823,-1.5733364820480347,-1.5593929038564918
1619,2013,2013,0,0.828707167598552,0.8270643353462219,0.8041448683469956,0.8133156299591064,0.8272592081506493
1620,2014,2014,0,0.37235758611852576,0.3775833547115326,0.3546638877123063,0.3564758002758026,0.3704193784673455
1621,2015,2015,0,0.7369447440832322,0.8210937976837158,0.7981743306844895,0.743621826171875,0.7575654043634179
1622,2017,2017,0,1.4735655874937241,1.497999906539917,1.4750804395406907,1.4185564517974854,1.4325000299890283
1623,2018,2018,0,1.5555105299680894,1.6075797080993652,1.584660241100139,1.5812277793884277,1.5951713575799706
1624,2020,2020,0,0.12667267927820133,0.14086374640464783,0.11794427940542149,0.10395495593547821,0.11789853412702112
1625,2021,2021,0,0.5961905212133591,0.6039189696311951,0.5809995026319688,0.5455145835876465,0.5594581617791894
1626,2022,2022,0,0.9372918696134751,0.9895636439323425,0.9666441769331162,0.8656870126724243,0.8796305908639672
1627,2023,2023,0,-1.036840072181874,-0.9776847958564758,-1.0006042628557021,-1.0292028188705444,-1.0152592406790015
1628,2028,2028,0,-2.2947236209184463,-2.3180429935455322,-2.3409624605447585,-2.2986249923706055,-2.2846814141790626
1629,2029,2029,0,0.6377105207174485,0.6452932953834534,0.6223738283842271,0.6480473279953003,0.6619909061868432
1630,2030,2030,0,-2.071038356331044,-2.1000349521636963,-2.1229544191629226,-2.075514554977417,-2.061570976785874
1631,2031,2031,0,0.7153774590223496,0.7541527152061462,0.7312332482069199,0.7011028528213501,0.715046431012893
1632,2032,2032,0,0.9470273346632188,0.9355635046958923,0.912644037696666,0.9502394199371338,0.9641829981286767
1633,2033,2033,0,0.8249279350965684,0.8652080297470093,0.842288562747783,0.8144539594650269,0.8283975376565698
1634,2034,2034,0,1.2284822554319565,1.2519503831863403,1.229030916187114,1.1938163042068481,1.207759882398391
1635,2036,2036,0,1.1745548338621323,1.190108060836792,1.1671885938375657,1.1847658157348633,1.1987093939264062
1636,2037,2037,0,-1.3924944310457046,-1.5088367462158203,-1.5317562132150466,-1.369918704032898,-1.355975125841355
1637,2040,2040,0,-0.9616718797952468,-0.9312172532081604,-0.9541367202073867,-0.9463244676589966,-0.9323808894674537
1638,2042,2042,0,2.772664913627452,2.814566135406494,2.791646668407268,2.7268855571746826,2.7408291353662255
1639,2043,2043,0,1.098202595207042,1.1045417785644531,1.0816223115652268,1.0839437246322632,1.097887302823806
1640,2045,2045,0,-4.044618478325063,-3.9885828495025635,-4.01150231650179,-3.939084768295288,-3.925141190103745
1641,2046,2046,0,2.08326805541212,2.1256887912750244,2.102769324275798,2.089264154434204,2.103207732625747
1642,2048,2048,0,2.0611275524824326,2.043668031692505,2.0207485646932786,2.018364191055298,2.0323077692468408
1643,2049,2049,0,-1.8430396228105361,-1.835639238357544,-1.8585587053567703,-1.8896350860595703,-1.8756915078680274
1644,2050,2050,0,-1.0322067647249038,-1.0088026523590088,-1.031722119358235,-1.0267839431762695,-1.0128403649847266
1645,2051,2051,0,1.4688452572553818,1.5108394622802734,1.4879199952810471,1.4214097261428833,1.4353533043344262
1646,2052,2052,-2,-0.9993252612422534,-1.0335185527801514,-1.0564380197793777,-0.9975863695144653,-0.9836427913229224
1647,2053,2053,0,0.7266880960195725,0.7865517735481262,0.7636323065488999,0.7573673725128174,0.7713109507043603
1648,2054,2054,0,-2.808659663704091,-2.7524895668029785,-2.775409033802205,-2.8556954860687256,-2.8417519078771827
1649,2055,2055,0,-1.0288123994142349,-1.0233956575393677,-1.046315124538594,-1.0299978256225586,-1.0160542474310157
1650,2056,2056,0,2.8074108452528184,2.831469774246216,2.8085503072469895,2.76564621925354,2.779589797445083
1651,2058,2058,0,2.587592014762706,2.6272077560424805,2.604288289043254,2.5839169025421143,2.597860480733657
1652,2061,2061,0,-3.0828589110643203,-3.1291425228118896,-3.152061989811116,-3.0725581645965576,-3.0586145864050147
1653,2062,2062,0,-0.29865049412553857,-0.2983933985233307,-0.321312865522557,-0.23401525616645813,-0.22007167797491523
1654,2063,2063,0,0.5625270695417588,0.6009818911552429,0.5780624241560166,0.5101855993270874,0.5241291775186303
1655,2064,2064,0,-0.35880093863313745,-0.34958478808403015,-0.37250425508325646,-0.3254491984844208,-0.31150562029287787
1656,2066,2066,0,3.1297711224287217,3.157060384750366,3.13414091775114,3.0729615688323975,3.0869051470239404
1657,2067,2067,0,1.129611024352855,1.3376034498214722,1.3146839828222459,1.2712839841842651,1.285227562375808
1658,2068,2068,0,-0.1620078145534332,-0.1354312300682068,-0.15835069706743313,-0.17682567238807678,-0.16288209419653388
1659,2071,2071,0,1.0152286381452744,1.1113895177841187,1.0884700507848923,0.9999092817306519,1.0138528599221948
1660,2072,2072,0,1.37345839450056,1.4024733304977417,1.3795538634985154,1.3892101049423218,1.4031536831338647
1661,2076,2076,0,-0.2456874459058578,-0.25610560178756714,-0.27902506878679345,-0.23273685574531555,-0.21879327755377265
1662,2077,2077,0,2.660030731651134,2.676701784133911,2.653782317134685,2.60749888420105,2.6214424623925927
1663,2079,2079,0,0.6673439235418503,0.6784271597862244,0.655507692786998,0.5692265033721924,0.5831700815637353
1664,2080,2080,0,-1.3127113490373428,-1.3148722648620605,-1.3377917318612869,-1.3510322570800781,-1.3370886788885352
1665,2081,2081,0,1.2745226711958115,1.3295891284942627,1.3066696614950364,1.211344599723816,1.2252881779153588
1666,2082,2082,0,1.097846755477733,1.0986326932907104,1.0757132262914841,1.038515329360962,1.0524589075525048
1667,2083,2083,0,2.4193073601453965,2.47277569770813,2.4498562307089036,2.3558270931243896,2.3697706713159326
1668,2084,2084,0,0.6031127066343491,0.6400517821311951,0.6171323151319688,0.5843534469604492,0.5982970251519921
1669,2085,2085,0,-1.2160034089357192,-1.181337594985962,-1.2042570619851882,-1.232995867729187,-1.219052289537644
1670,2086,2086,0,1.24550748774702,1.2791163921356201,1.2561969251363938,1.2215828895568848,1.2355264677484277
1671,2087,2087,0,-2.03969918778246,-2.0484559535980225,-2.0713754205972488,-1.9319010972976685,-1.9179575191061256
1672,2088,2088,0,1.890967258903331,1.9254865646362305,1.9025670976370042,1.8764870166778564,1.8904305948693993
1673,2089,2089,0,1.1515338511198228,1.2091193199157715,1.1861998529165452,1.1184123754501343,1.1323559536416772
1674,2090,2090,0,0.9871718973844712,1.0354199409484863,1.01250047394926,1.0353893041610718,1.0493328823526147
1675,2091,2091,0,0.6653792948454087,0.7126800417900085,0.6897605747907822,0.6391795873641968,0.6531231655557397
1676,2092,2092,0,0.6227765769689744,0.6805381178855896,0.6576186508863633,0.5691491365432739,0.5830927147348168
1677,2093,2093,0,0.9282752365797227,0.9741176962852478,0.9511982292860215,0.8741024732589722,0.8880460514505151
1678,2094,2094,0,0.9845960826605027,0.9942291378974915,0.9713096708982651,0.9678236246109009,0.9817672028024438
1679,2096,2096,0,2.0355752796858018,2.090243339538574,2.067323872539348,2.0256495475769043,2.039593125768447
1680,2097,2097,0,0.8623001069753831,0.863472044467926,0.8405525774686997,0.8028073310852051,0.816750909276748
1681,2099,2099,0,-0.02718563964670253,-0.025715045630931854,-0.048634512630158194,-0.08253331482410431,-0.0685897366325614
1682,2100,2100,0,2.266690620872325,2.3291921615600586,2.3062726945608323,2.1821529865264893,2.196096564718032
1683,2101,2101,0,1.155152925941295,1.1700453758239746,1.1471259088247483,1.1379514932632446,1.1518950714547875
1684,2102,2102,0,0.46854344913656165,0.48500123620033264,0.46208176920110633,0.5594578385353088,0.5734014167268517
1685,2103,2103,0,0.41722212145025184,0.4569076597690582,0.4339881927698319,0.42937666177749634,0.44332023996903924
1686,2104,2104,0,-1.013091555145436,-0.9978775382041931,-1.0207970052034194,-0.9891139268875122,-0.9751703486959693
1687,2105,2105,0,2.056132921668834,2.104884386062622,2.0819649190633958,2.0236520767211914,2.0375956549127343
1688,2106,2106,0,0.6148671002119248,0.6434008479118347,0.6204813809126084,0.6066557168960571,0.6205992950876
1689,2107,2107,0,0.5417021603315537,0.5450370907783508,0.5221176237791245,0.5183760523796082,0.5323196305711511
1690,2108,2108,0,1.5630667299955552,1.5762035846710205,1.5532841176717942,1.5264192819595337,1.5403628601510766
1691,2109,2109,0,0.5701122374265855,0.6449070572853088,0.6219875902860825,0.5540206432342529,0.5679642214257958
1692,2111,2111,0,0.08746817866260456,0.11490193754434586,0.09198247054511952,0.09435296058654785,0.10829653877809076
1693,2112,2112,0,-1.8974181323320205,-1.8819339275360107,-1.904853394535237,-1.882865309715271,-1.868921731523728
1694,2113,2113,0,-0.7604465990335281,-0.7837997078895569,-0.8067191748887832,-0.7172141075134277,-0.7032705293218848
1695,2114,2114,0,-0.4300234525472457,-0.3797135055065155,-0.4026329725057418,-0.4889090955257416,-0.4749655173341987
1696,2115,2115,0,0.16194134363824772,0.18853840231895447,0.16561893531972813,0.14193673431873322,0.15588031251027612
1697,2116,2116,0,0.047277411165780305,0.07402428239583969,0.05110481539661335,0.06467203795909882,0.07861561615064172
1698,2117,2117,0,-1.0752667098314102,-1.0519803762435913,-1.0748998432428176,-1.0881747007369995,-1.0742311225454566
1699,2118,2118,0,1.8027283043592637,1.804591417312622,1.7816719503133958,1.760330319404602,1.774273897596145
1700,2119,2119,0,0.11287127593452381,0.14112654328346252,0.11820707628423618,0.10319213569164276,0.11713571388318567
1701,2121,2121,0,0.9773607344358628,0.905235767364502,0.8823163003652756,0.9966825246810913,1.0106261028726342
1702,2123,2123,0,1.0758214087217515,0.8022766709327698,0.7793572039335435,0.9031903743743896,0.9171339525659326
1703,2124,2124,0,0.551517853233165,0.5699465274810791,0.5470270604818528,0.531206488609314,0.5451500668008569
1704,2126,2126,0,-0.7228666453630264,-0.6803136467933655,-0.7032331137925918,-0.707382082939148,-0.693438504747605
1705,2127,2127,0,1.4660807938306992,1.4792330265045166,1.4563135595052903,1.4384467601776123,1.4523903383691552
1706,2128,2128,0,-0.04041830292051387,-0.010720737278461456,-0.033640204277687796,-0.0683973878622055,-0.0544538096706626
1707,2129,2129,0,-0.20534022739236904,-0.24489840865135193,-0.26781787565057824,-0.24169185757637024,-0.22774827938482733
1708,2130,2130,0,-0.3022657542497451,-0.3510605990886688,-0.37398006608789514,-0.3587370812892914,-0.3447935030977485
1709,2132,2132,0,0.9023758859365647,0.938197672367096,0.9152782053678696,0.9111195802688599,0.9250631584604028
1710,2133,2133,0,0.5739184708326523,0.5848287343978882,0.5619092673986619,0.5706725716590881,0.584616149850631
1711,2134,2134,-1,0.635486435575229,0.6922237277030945,0.6693042607038682,0.6221644878387451,0.636108066030288
1712,2135,2135,0,-1.8319419532090957,-1.8362436294555664,-1.8591630964547927,-1.8227543830871582,-1.8088108048956153
1713,2136,2136,0,-0.47561617782419274,-0.4878997504711151,-0.5108192174703414,-0.4296484887599945,-0.4157049105684516
1714,2137,2137,0,-1.441873899009877,-1.2894842624664307,-1.312403729465657,-1.3857954740524292,-1.3718518958608863
1715,2139,2139,0,2.6767188400953477,2.698566436767578,2.675646969768352,2.6552369594573975,2.6691805376489404
1716,2140,2140,0,0.22237838217908787,0.22196272015571594,0.1990432531564896,0.1991077959537506,0.21305137414529352
1717,2141,2141,0,1.4612904877393906,1.535083532333374,1.5121640653341477,1.4667413234710693,1.4806849016626122
1718,2142,2142,0,0.8644993991583054,0.8685802221298218,0.8456607551305955,0.8459188938140869,0.8598624720056298
1719,2143,2143,0,2.202988514396495,2.2230288982391357,2.2001094312399094,2.149637222290039,2.163580800481582
1720,2144,2144,0,0.18649726519281315,0.17621302604675293,0.1532935590475266,0.19633807241916656,0.21028165061070947
1721,2145,2145,0,1.9322494358747666,1.970106601715088,1.9471871347158616,1.8787815570831299,1.8927251352746728
1722,2147,2147,0,1.8401975722044175,1.8692184686660767,1.8462990016668503,1.749505639076233,1.7634492172677758
1723,2150,2150,0,-0.08110657921140743,-0.0688185915350914,-0.09173805853431774,-0.0949167013168335,-0.08097312312529059
1724,2151,2151,0,1.9637500138014023,2.009824275970459,1.9869048089712327,1.9523974657058716,1.9663410438974145
1725,2153,2153,0,1.8234930128782456,1.8897674083709717,1.8668479413717454,1.8162044286727905,1.8301480068643334
1726,2154,2154,0,-0.44377087643449853,-0.48774024844169617,-0.5106597154409225,-0.42082902789115906,-0.40688544969961615
1727,2155,2155,0,-0.02668040087526393,0.028138361871242523,0.005218894872016183,0.05131605267524719,0.0652596308667901
1728,2157,2157,0,0.4845776350229447,0.5047350525856018,0.4818155855863755,0.49432578682899475,0.5082693650205377
1729,2158,2158,0,-2.445369353798085,-2.483647584915161,-2.5065670519143874,-2.429332733154297,-2.415389154962754
1730,2159,2159,0,1.6026853413313096,1.6150600910186768,1.5921406240194504,1.5931190252304077,1.6070626034219506
1731,2160,2160,0,-3.9982272296220596,-4.084009170532227,-4.106928637531453,-3.9178578853607178,-3.903914307169175
1732,2161,2161,0,0.7564230055540269,0.798551619052887,0.7756321520536607,0.778618335723877,0.7925619139154199
1733,2162,2162,0,1.1552316040723984,1.1424407958984375,1.1195213288992112,1.0704772472381592,1.084420825429702
1734,2164,2164,0,1.4326733441084092,1.4937052726745605,1.4707858056753342,1.4352773427963257,1.4492209209878686
1735,2165,2165,0,1.6863870711057847,1.7189987897872925,1.6960793227880662,1.6634238958358765,1.6773674740274194
1736,2167,2167,0,-2.238790860679799,-2.218641996383667,-2.2415614633828933,-2.2559287548065186,-2.2419851766149757
1737,2169,2169,0,2.287164577934093,2.2834627628326416,2.2605432958334153,2.223172903060913,2.237116481252456
1738,2170,2170,0,2.8504690022199815,2.8966434001922607,2.8737239331930344,2.7936065196990967,2.8075500978906396
1739,2171,2171,0,-3.1361895709306533,-3.169377326965332,-3.1922967939645583,-3.104064464569092,-3.090120886377549
1740,2172,2172,0,-1.9248796611100967,-1.9127253293991089,-1.9356447963983352,-1.894395351409912,-1.8804517732183692
1741,2173,2173,0,1.286380061599559,1.3108973503112793,1.287977883312053,1.281082034111023,1.2950256123025659
1742,2176,2176,0,0.015825904625601052,0.05412901192903519,0.031209544929808847,0.06749016791582108,0.08143374610736398
1743,2177,2177,0,-4.435601106193715,-4.4290995597839355,-4.452019026783162,-4.4244914054870605,-4.410547827295518
1744,2178,2178,0,-2.173302999046498,-2.181490659713745,-2.2044101267129714,-2.165062189102173,-2.15111861091063
1745,2179,2179,0,0.8524926991193955,0.830892026424408,0.8079725594251816,0.8170565366744995,0.8310001148660424
1746,2180,2180,0,2.1193245739668076,2.1481118202209473,2.125192353221721,2.0707364082336426,2.0846799864251855
1747,2181,2181,0,-1.4297966866761977,-1.42985200881958,-1.4527714758188064,-1.4601486921310425,-1.4462051139394996
1748,2182,2182,0,0.9760913939207261,1.0276570320129395,1.0047375650137131,0.9416602849960327,0.9556038631875756
1749,2183,2183,0,1.04252315470869,1.0341330766677856,1.0112136096685593,0.9900925159454346,1.0040360941369775
1750,2184,2184,0,-0.9822298198015029,-0.954173743724823,-0.9770932107240493,-0.9952462911605835,-0.9813027129690406
1751,2185,2185,0,0.7820620627134507,0.7895912528038025,0.7666717858045762,0.7678385972976685,0.7817821754892114
1752,2187,2187,0,0.13507787296468662,0.15953800082206726,0.13661853382284092,0.16728302836418152,0.18122660655572442
1753,2188,2188,0,-0.0765023811728294,-0.08457138389348984,-0.10749085089271618,-0.07531607151031494,-0.06137249331877204
1754,2189,2189,0,1.1919699997633164,1.205350637435913,1.1824311704366868,1.1638895273208618,1.1778331055124047
1755,2191,2191,0,-0.941585948970967,-0.873112142086029,-0.8960316090852554,-0.9605975151062012,-0.9466539369146583
1756,2192,2192,0,-0.5811446218759353,-0.6257901787757874,-0.6487096457750137,-0.5740797519683838,-0.5601361737768409
1757,2193,2193,0,-2.751052251365834,-2.777707815170288,-2.8006272821695144,-2.747786283493042,-2.733842705301499
1758,2194,2194,0,1.5369625181883042,1.6083269119262695,1.5854074449270432,1.5154880285263062,1.529431606717849
1759,2195,2195,0,-2.802802911308461,-2.7823634147644043,-2.8052828817636306,-2.811002254486084,-2.797058676294541
1760,2196,2196,0,0.9385396332472031,0.9943532943725586,0.9714338273733323,0.9136644601821899,0.9276080383737328
1761,2199,2199,0,1.6994549126356309,1.7354542016983032,1.712534734699077,1.65705406665802,1.670997644849563
1762,2201,2201,0,-2.1729642062455947,-2.1693661212921143,-2.1922855882913406,-2.160930633544922,-2.146987055353379
1763,2203,2203,0,0.8331526012151902,0.820543110370636,0.7976236433714097,0.8071929216384888,0.8211364998300317
1764,2204,2204,0,2.393792995902843,2.453770875930786,2.43085140893156,2.3413515090942383,2.355295087285781
1765,2205,2205,0,0.6607639283865159,0.6372826099395752,0.6143631429403489,0.5969047546386719,0.6108483328302148
1766,2206,2206,0,-1.6354581027299697,-1.588785171508789,-1.6117046385080154,-1.5634421110153198,-1.549498532823777
1767,2207,2207,0,0.3730403275221055,0.49158549308776855,0.46866602608854224,0.41849827766418457,0.4324418558557275
1768,2208,2208,0,-2.5318907408983047,-2.619316816329956,-2.6422362833291824,-2.5693204402923584,-2.5553768621008155
1769,2210,2210,-12,-0.4501062232525257,-0.37459495663642883,-0.39751442363565515,-0.49449774622917175,-0.48055416803762885
1770,2211,2211,0,1.4308012814253037,1.5000066757202148,1.4770872087209885,1.3966809511184692,1.4106245293100121
1771,2212,2212,-1,0.3500698324868501,0.6357592940330505,0.6128398270338242,0.46530699729919434,0.47925057549073724
1772,2213,2213,0,1.3592014403074448,1.3353952169418335,1.3124757499426072,1.2913000583648682,1.305243636556411
1773,2215,2215,0,-0.3492691724569137,-0.30507147312164307,-0.3279909401208694,-0.3362831473350525,-0.3223395691435096
1774,2216,2216,0,1.4594663471906846,1.489023208618164,1.4661037416189378,1.4164232015609741,1.430366779752517
1775,2217,2217,0,-2.01200782349413,-1.9958932399749756,-2.018812706974202,-2.038978338241577,-2.0250347600500342
1776,2218,2218,0,-3.370958438423329,-3.3484537601470947,-3.371373227146321,-3.3547422885894775,-3.3407987103979346
1777,2219,2219,0,0.4196743161409562,0.45020321011543274,0.4272837431162064,0.41833293437957764,0.43227651257112054
1778,2220,2220,-1,-4.248858619051235,-4.158607482910156,-4.181526949909383,-4.202615261077881,-4.188671682886338
1779,2221,2221,0,1.1608574480741685,1.1778652667999268,1.1549457998007004,1.1623399257659912,1.1762835039575341
1780,2223,2223,0,0.10983061203653263,0.1435263752937317,0.12060690829450535,0.08176538348197937,0.09570896167352227
1781,2224,2224,0,-2.9981635718614394,-3.0784003734588623,-3.1013198404580886,-3.0028388500213623,-2.9888952718298194
1782,2225,2225,0,1.49694312522108,1.5274659395217896,1.5045464725225632,1.4880188703536987,1.5019624485452416
1783,2226,2226,0,-2.5171297698289687,-2.5373857021331787,-2.560305169132405,-2.532266616821289,-2.518323038629746
1784,2228,2228,-1,0.07065851656888134,0.1281304657459259,0.10521099874669956,0.09100647270679474,0.10495005089833764
1785,2229,2229,0,1.0836615652769273,1.113515019416809,1.0905955524175828,1.0636570453643799,1.0776006235559228
1786,2230,2230,0,1.7155176491468613,1.7365312576293945,1.7136117906301682,1.67349374294281,1.687437321134353
1787,2231,2231,0,-1.9437994866639907,-1.954408884048462,-1.9773283510476882,-1.9348551034927368,-1.920911525301194
1788,2232,2232,-2,-1.0535383082698413,-1.0497339963912964,-1.0726534633905227,-1.020330786705017,-1.0063872085134742
1789,2233,2233,0,1.260851988288707,1.3325258493423462,1.3096063823431199,1.2668079137802124,1.2807514919717553
1790,2235,2235,0,1.0227739901273911,1.0509837865829468,1.0280643195837205,0.9732815027236938,0.9872250809152368
1791,2236,2236,0,-0.13147234013383938,-0.15624916553497314,-0.17916863253419948,-0.14620216190814972,-0.13225858371660681
1792,2237,2237,0,-1.3661444096834,-1.461441159248352,-1.4843606262475784,-1.3537664413452148,-1.339822863153672
1793,2238,2238,0,0.019281794968194245,0.01957414299249649,-0.0033453240067298495,0.0160292387008667,0.029972816892409604
1794,2239,2239,0,-1.1966061501771743,-1.1383984088897705,-1.1613178758889968,-1.1896618604660034,-1.1757182822744605
1795,2241,2241,0,1.8987716526716416,1.8899502754211426,1.8670308084219163,1.8540749549865723,1.8680185331781152
1796,2244,2244,0,1.1832560391157334,1.2408256530761719,1.2179061860769456,1.1561402082443237,1.1700837864358666
1797,2245,2245,0,2.1884468884199326,2.25785493850708,2.2349354715078538,2.179002046585083,2.192945624776626
1798,2248,2248,0,-0.41570793679063867,-0.33875328302383423,-0.36167275002306054,-0.4107082486152649,-0.396764670423722
1799,2249,2249,0,3.51657260367567,3.6180431842803955,3.595123717281169,3.4890239238739014,3.5029675020654443
1800,2250,2250,0,2.5652517170637315,2.557551622390747,2.5346321553915208,2.517876386642456,2.531819964833999
1801,2253,2253,0,-3.308037629631215,-3.3262360095977783,-3.3491554765970046,-3.319913148880005,-3.305969570688462
1802,2254,2254,0,-0.6103528051645095,-0.5770390033721924,-0.5999584703714187,-0.5927356481552124,-0.5787920699636695
1803,2255,2255,0,1.4297224373548691,1.4509631395339966,1.4280436725347703,1.3869115114212036,1.4008550896127465
1804,2256,2256,0,-1.0685410409242446,-1.0342907905578613,-1.0572102575570876,-1.038873553276062,-1.024929975084519
1805,2257,2257,0,-0.19493206432169033,-0.21145328879356384,-0.23437275579279018,-0.16586552560329437,-0.15192194741175147
1806,2258,2258,0,1.4198750347822373,1.433081030845642,1.4101615638464158,1.3828015327453613,1.3967451109369042
1807,2259,2259,0,-0.7517384200364883,-0.7397578358650208,-0.7626773028642471,-0.694938063621521,-0.6809944854299781
1808,2260,2260,0,0.4687089414327805,0.5460802316665649,0.5231607646673386,0.49502459168434143,0.5089681698758843
1809,2261,2261,0,-2.8298915534288223,-2.8774216175079346,-2.900341084507161,-2.8109629154205322,-2.7970193372289893
1810,2262,2262,0,0.7264106363981431,0.8385471701622009,0.8156277031629746,0.7217069864273071,0.73565056461885
1811,2263,2263,0,-0.6469383149415786,-0.619095504283905,-0.6420149712831313,-0.6227301359176636,-0.6087865577261207
1812,2264,2264,-1,-0.34049932988192433,-0.26720690727233887,-0.2901263742715652,-0.3186676800251007,-0.3047241018335578
1813,2265,2265,0,-3.3120676188737685,-3.257072687149048,-3.279992154148274,-3.3168928623199463,-3.3029492841284034
1814,2267,2267,0,-2.081595531013661,-2.101151704788208,-2.1240711717874343,-2.013511896133423,-1.99956831794188
1815,2268,2268,0,-1.2928579955369766,-1.2751972675323486,-1.298116734531575,-1.2259248495101929,-1.21198127131865
1816,2269,2269,0,-2.5875383525163467,-2.5482819080352783,-2.5712013750345046,-2.4966235160827637,-2.4826799378912208
1817,2271,2271,0,1.932470092269725,1.9826987981796265,1.9597793311804002,1.8562501668930054,1.8701937450845483
1818,2272,2272,0,-0.44006248405283044,-0.36635687947273254,-0.38927634647195886,-0.48459097743034363,-0.4706473992388007
1819,2273,2273,0,1.3631308169096177,1.429376244544983,1.4064567775457566,1.366794228553772,1.3807378067453149
1820,2274,2274,0,0.011315846535510298,0.044881053268909454,0.021961586269683114,0.03805018961429596,0.051993767805838864
1821,2275,2275,0,1.1652951330869858,1.1698359251022339,1.1469164581030076,1.16280996799469,1.1767535461862328
1822,2276,2276,0,0.7824004978864854,0.7966151833534241,0.7736957163541978,0.758036732673645,0.7719803108651879
1823,2277,2277,0,0.9673572272985642,1.002116084098816,0.9791966170995896,0.9349052906036377,0.9488488687951806
1824,2278,2278,0,-5.086460938957387,-5.163325786590576,-5.186245253589803,-5.0068769454956055,-4.992933367304063
1825,2279,2279,0,1.1115113587110703,1.147109031677246,1.1241895646780198,1.1444250345230103,1.1583686127145532
1826,2280,2280,0,-2.8368176131517227,-2.870060682296753,-2.8929801492959792,-2.8477675914764404,-2.8338240132848975
1827,2281,2281,0,2.8386095852583115,2.875746488571167,2.8528270215719407,2.794330596923828,2.808274175115371
1828,2282,2282,0,-1.9406686930925185,-1.9525649547576904,-1.9754844217569167,-1.931686520576477,-1.9177429423849341
1829,2283,2283,0,0.6421655506818955,0.6940791606903076,0.6711596936910813,0.5812638998031616,0.5952074779947045
1830,2286,2286,0,-1.0719969182283218,-1.0599853992462158,-1.0829048662454421,-1.1227705478668213,-1.1088269696752784
1831,2287,2287,0,-2.7043846755296523,-2.7065722942352295,-2.729491761234456,-2.695101737976074,-2.6811581597845313
1832,2288,2288,0,0.8540536255567734,0.8594841361045837,0.8365646691053574,0.8390254974365234,0.8529690756280663
1833,2289,2289,0,1.550023564788646,1.6538119316101074,1.630892464610881,1.5677638053894043,1.5817073835809472
1834,2290,2290,0,1.4454490036695664,1.4684033393859863,1.44548387238676,1.3890100717544556,1.4029536499459985
1835,2291,2291,0,1.099352964851207,1.106751561164856,1.0838320941656296,1.0536998510360718,1.0676434292276147
1836,2292,2292,0,1.8348699898451035,1.8939799070358276,1.8710604400366013,1.8043928146362305,1.8183363928277734
1837,2293,2293,0,0.7781316728323167,0.8362395167350769,0.8133200497358506,0.8154633045196533,0.8294068827111962
1838,2294,2294,0,-0.11274116328065945,-0.08829817920923233,-0.11121764620845867,-0.15366792678833008,-0.13972434859678717
1839,2295,2295,0,1.424823770019359,1.480904221534729,1.4579847545355027,1.3932503461837769,1.4071939243753198
1840,2296,2296,0,1.8167926163404648,1.8417649269104004,1.818845459911174,1.7511235475540161,1.765067125745559
1841,2297,2297,0,-4.4170716910631,-4.415837287902832,-4.438756754902059,-4.340503215789795,-4.326559637598252
1842,2298,2298,0,2.5688902229994004,2.6190454959869385,2.596126028987712,2.4837124347686768,2.4976560129602197
1843,2299,2299,0,-3.012970319297963,-3.0284993648529053,-3.0514188318521316,-2.9347336292266846,-2.9207900510351417
1844,2300,2300,0,1.3275793881147568,1.3361784219741821,1.3132589549749558,1.2838611602783203,1.2978047384698632
1845,2303,2303,0,-2.364218822029286,-2.4092390537261963,-2.4321585207254226,-2.3318088054656982,-2.3178652272741553
1846,2304,2304,0,1.104590305778331,1.1059904098510742,1.083070942851848,1.0398534536361694,1.0537970318277123
1847,2305,2305,0,-0.8679392247468765,-0.8084248304367065,-0.8313442974359329,-0.8806191682815552,-0.8666755900900123
1848,2308,2308,0,-0.6825520901948745,-0.6476600170135498,-0.6705794840127761,-0.665992259979248,-0.6520486817877051
1849,2309,2309,0,-1.2326681523591811,-1.2661330699920654,-1.2890525369912917,-1.2794994115829468,-1.2655558333914039
1850,2310,2310,0,3.033218988868541,3.0871102809906006,3.0641908139913743,2.970249891281128,2.984193469472671
1851,2311,2311,0,-1.7596152930528457,-1.7704925537109375,-1.7934120207101638,-1.7176755666732788,-1.703731988481736
1852,2312,2312,0,0.7621649594038193,0.8035529255867004,0.7806334585874741,0.764431357383728,0.7783749355752709
1853,2313,2313,0,1.9381502957075303,1.9663718938827515,1.9434524268835252,1.9053486585617065,1.9192922367532494
1854,2314,2314,0,3.2312883228986924,3.2439582347869873,3.221038767787761,3.1729860305786133,3.186929608770156
1855,2315,2315,0,0.24340237090284275,0.21711856126785278,0.19419909426862644,0.24049875140190125,0.25444232959344415
1856,2316,2316,0,1.7545027823179429,1.8123929500579834,1.789473483058757,1.7743765115737915,1.7883200897653344
1857,2317,2317,0,-2.2937284617692764,-2.310343027114868,-2.3332624941140945,-2.238105535507202,-2.2241619573156592
1858,2319,2319,0,-0.6931793599397476,-0.7132686972618103,-0.7361881642610366,-0.7009676694869995,-0.6870240912954566
1859,2320,2320,0,0.26757524320775916,0.28489693999290466,0.26197747299367835,0.275493323802948,0.2894369019944909
1860,2321,2321,0,1.3397599549024766,1.3664867877960205,1.3435673207967942,1.3128598928451538,1.3268034710366967
1861,2323,2323,0,-0.16627891948526455,-0.1743924915790558,-0.19731195857828213,-0.18704786896705627,-0.17310429077551337
1862,2324,2324,0,-1.5509607701570327,-1.4495222568511963,-1.4724417238504226,-1.4904446601867676,-1.4765010819952247
1863,2326,2326,0,-1.911742439773732,-1.9496269226074219,-1.9725463896066482,-1.9033108949661255,-1.8893673167745826
1864,2327,2327,0,0.09291738429958271,0.1026512011885643,0.07973173418933796,0.13302139937877655,0.14696497757031945
1865,2328,2328,0,2.139591345283336,2.1289315223693848,2.1060120553701585,2.1003994941711426,2.1143430723626855
1866,2329,2329,0,2.479371437522716,2.5505590438842773,2.527639576885051,2.463369846343994,2.477313424535537
1867,2330,2330,0,1.6931328863828843,1.7342262268066406,1.7113067598074143,1.6948176622390747,1.7087612404306176
1868,2331,2331,0,1.9611275286405747,1.9100093841552734,1.8870899171560471,1.910265564918518,1.924209143110061
1869,2332,2332,0,0.14602675447160648,0.12366028875112534,0.100740821751899,0.14773446321487427,0.16167804140641717
1870,2333,2333,0,2.727049955818004,2.7564690113067627,2.7335495443075364,2.68373441696167,2.697677995153213
1871,2334,2334,-1,-0.350043464021939,-0.29780399799346924,-0.32072346499269555,-0.35255423188209534,-0.33861065369055243
1872,2337,2337,0,-0.7647671609193618,-0.6339658498764038,-0.6568853168756301,-0.7406576871871948,-0.7267141089956519
1873,2338,2338,0,0.9252462477415269,0.9144741892814636,0.8915547222822373,0.8483377695083618,0.8622813476999047
1874,2339,2339,0,2.510974297019786,2.5374979972839355,2.5145785302847092,2.458807945251465,2.4727515234430077
1875,2340,2340,0,1.27793837496931,1.2829631567001343,1.260043689700908,1.2181521654129028,1.2320957436044457
1876,2341,2341,0,-0.4570823817521865,-0.38818010687828064,-0.41109957387750695,-0.4964999854564667,-0.48255640726492377
1877,2342,2342,0,0.6662923783987229,0.6385014653205872,0.6155819983213608,0.6053503751754761,0.619293953367019
1878,2343,2343,0,-1.8415045647889907,-1.7377996444702148,-1.7607191114694412,-1.7882112264633179,-1.774267648271775
1879,2344,2344,0,1.0404827685087388,1.0909676551818848,1.0680481881826585,0.9902570247650146,1.0042006029565576
1880,2345,2345,0,1.6035955042570298,1.6169674396514893,1.594047972652263,1.5609707832336426,1.5749143614251855
1881,2346,2346,0,-1.5865880160600478,-1.6183035373687744,-1.6412230043680007,-1.5661346912384033,-1.5521911130468604
1882,2347,2347,-4,2.2962473824152614,2.4062812328338623,2.383361765834636,2.255185842514038,2.269129420705581
1883,2348,2348,0,1.6132004351347153,1.6161577701568604,1.593238303157634,1.5507818460464478,1.5647254242379907
1884,2349,2349,-1,2.1812340733239473,2.3029417991638184,2.280022332164592,2.1897711753845215,2.2037147535760644
1885,2350,2350,0,2.288392910453624,2.2655370235443115,2.242617556545085,2.252236843109131,2.2661804213006738
1886,2351,2351,0,2.9868549198835557,3.0081045627593994,2.985185095760173,2.9399983882904053,2.953941966481948
1887,2352,2352,0,-0.4768585174352462,-0.422247976064682,-0.4451674430639083,-0.48930808901786804,-0.47536451082632514
1888,2353,2353,0,-4.652592530754262,-4.652190685272217,-4.6751101522714436,-4.621081829071045,-4.607138250879502
1889,2354,2354,0,-0.3568789272577102,-0.3348017632961273,-0.35772123029535363,-0.3395926058292389,-0.325649027637696
1890,2355,2355,-1,0.6722408053109468,0.832581102848053,0.8096616358488267,0.6963629722595215,0.7103065504510644
1891,2356,2356,0,-4.138036599662954,-4.103384017944336,-4.126303484943563,-4.096502780914307,-4.082559202722764
1892,2357,2357,0,1.1968065590589707,1.1850366592407227,1.1621171922414963,1.1620914936065674,1.1760350717981103
1893,2358,2358,0,-2.092438331154042,-2.089237928390503,-2.1121573953897292,-2.1536200046539307,-2.1396764264623878
1894,2359,2359,0,3.270612844917125,3.2924787998199463,3.26955933282072,3.218899965286255,3.232843543477798
1895,2360,2360,0,-1.4872218280107314,-1.4395949840545654,-1.4625144510537917,-1.519018530845642,-1.5050749526540992
1896,2361,2361,0,0.8781373591154282,0.9237282276153564,0.9008087606161301,0.8720357418060303,0.8859793199975732
1897,2362,2362,0,1.793877849075145,1.8221948146820068,1.7992753476827805,1.7949622869491577,1.8089058651407006
1898,2363,2363,0,1.6289371342390244,1.662156105041504,1.6392366380422776,1.6022907495498657,1.6162343277414086
1899,2364,2364,0,-2.7980393080980117,-2.788961887359619,-2.8118813543588455,-2.718858242034912,-2.704914663843369
1900,2365,2365,0,-0.4787544815809066,-0.4553808271884918,-0.47830029418771813,-0.4837508499622345,-0.4698072717706916
1901,2366,2366,0,-4.124341359642202,-4.133671760559082,-4.156591227558309,-4.04401159286499,-4.030068014673447
1902,2367,2367,0,1.3810387940138047,1.343859076499939,1.3209396095007127,1.3591634035110474,1.3731069817025903
1903,2369,2369,0,3.401934275123424,3.4170210361480713,3.394101569148845,3.3273324966430664,3.3412760748346093
1904,2370,2370,0,1.0482483000486558,1.0203602313995361,0.9974407644003098,1.0343451499938965,1.0482887281854394
1905,2371,2371,0,1.0868988127439683,1.1066678762435913,1.083748409244365,1.0616943836212158,1.0756379618127587
1906,2372,2372,0,1.0685387940138047,1.0991356372833252,1.0762161702840989,1.032091736793518,1.046035314985061
1907,2374,2374,0,0.7965220303266709,0.7944769859313965,0.7715575189321702,0.7196910381317139,0.7336346163232568
1908,2375,2375,0,0.29552094051534583,0.27725961804389954,0.2543401510446732,0.2882438898086548,0.3021874680001977
1909,2376,2376,0,-1.0685726313859756,-1.1044703722000122,-1.1273898391992385,-1.0541915893554688,-1.0402480111639258
1910,2377,2377,0,1.1529969067304795,1.2391843795776367,1.2162649125784104,1.0881693363189697,1.1021129145105126
1911,2380,2380,0,-2.6124540477067764,-2.615222215652466,-2.638141682651692,-2.5763723850250244,-2.5624288068334815
1912,2382,2382,0,1.3890603871076768,1.4525346755981445,1.4296152085989182,1.3948806524276733,1.4088242306192162
1913,2383,2383,0,-1.4216824679643447,-1.3951492309570312,-1.4180686979562576,-1.4324653148651123,-1.4185217366735694
1914,2384,2384,0,-0.299393555429631,-0.27653735876083374,-0.29945682576006005,-0.3370634615421295,-0.3231198833505866
1915,2385,2385,0,-0.6888238101274307,-0.6927722692489624,-0.7156917362481887,-0.7576977014541626,-0.7437541232626197
1916,2386,2386,0,-0.3318276315004165,-0.29459425806999207,-0.3175137250692184,-0.4198339879512787,-0.4058904097597358
1917,2387,2387,0,3.1761106343000596,3.2260031700134277,3.2030837030142014,3.12402606010437,3.137969638295913
1918,2389,2389,0,-4.092366090324575,-4.131717681884766,-4.154637148883992,-4.038506984710693,-4.0245634065191505
1919,2390,2390,0,-0.46606366923158715,-0.3817662298679352,-0.4046856968671615,-0.4570281207561493,-0.4430845425646064
1920,2391,2391,0,-0.08152289530342174,-0.07834819704294205,-0.10126766404216839,-0.10492980480194092,-0.09098622661039801
1921,2392,2392,0,-0.5505850224763686,-0.5507465600967407,-0.573666027095967,-0.5608505010604858,-0.5469069228689429
1922,2393,2393,0,-2.0070887713701064,-1.9989433288574219,-2.021862795856648,-1.9723957777023315,-1.9584521995107886
1923,2395,2395,0,-1.4883690982133682,-1.4773461818695068,-1.5002656488687331,-1.4906078577041626,-1.4766642795126197
1924,2396,2396,0,0.04977203691298413,0.05162519961595535,0.028705732616729013,0.04129968583583832,0.05524326402738122
1925,2397,2397,0,0.07733109751636433,0.05544436722993851,0.03252490023071217,0.07320988178253174,0.08715345997407464
1926,2398,2398,0,0.8760895819395249,0.8851097822189331,0.8621903152197068,0.8406146764755249,0.8545582546670678
1927,2399,2399,0,-1.0901932626039321,-1.0627907514572144,-1.0857102184564407,-1.0438657999038696,-1.0299222217123267
1928,2400,2400,0,-0.2567878275186355,-0.27306756377220154,-0.29598703077142785,-0.2474876046180725,-0.2335440264265296
1929,2401,2401,0,1.239811310264415,1.248530626296997,1.2256111592977708,1.2051806449890137,1.2191242231805566
1930,2402,2402,0,0.8623662681310837,0.8715692758560181,0.8486498088567918,0.857887864112854,0.8718314423043969
1931,2403,2403,0,0.8322002978056138,0.8587702512741089,0.8358507842748826,0.8192559480667114,0.8331995262582543
1932,2404,2404,0,1.4377253145902817,1.5087687969207764,1.48584932992155,1.465933084487915,1.479876662679458
1933,2405,2405,0,0.5405370087354844,0.5529049634933472,0.5299854964941209,0.5330695509910583,0.5470131291826013
1934,2406,2406,0,0.6424425930708115,0.6595465540885925,0.6366270870893662,0.5935361385345459,0.6074797167260888
1935,2407,2407,0,-0.7090995221406753,-0.6886336803436279,-0.7115531473428542,-0.6469862461090088,-0.6330426679174659
1936,2408,2408,0,-2.1203864722520644,-2.229952096939087,-2.2528715639383132,-2.092183828353882,-2.078240250162339
1937,2409,2409,0,1.777222165557689,1.821929693222046,1.7990102262228196,1.7377601861953735,1.7517037643869164
1938,2410,2410,0,-3.1471131949693496,-3.1238508224487305,-3.146770289447957,-3.204396963119507,-3.190453384927964
1939,2411,2411,0,-0.3353121786386306,-0.3468141257762909,-0.3697335927755172,-0.395527184009552,-0.3815836058180091
1940,2413,2413,0,1.775481590720958,1.794184923171997,1.7712654561727708,1.7585766315460205,1.7725202097375634
1941,2415,2415,0,0.809403070899791,0.8349799513816833,0.812060484382457,0.8028444051742554,0.8167879833657983
1942,2417,2417,0,-0.022260930669360877,-0.011326439678668976,-0.034245906677895316,-0.02634277194738388,-0.012399193755840976
1943,2418,2418,-1,1.4927011248299897,1.5808022022247314,1.5578827352255051,1.5062828063964844,1.5202263845880273
1944,2419,2419,0,-1.584237566497975,-1.6130340099334717,-1.635953476932698,-1.6128549575805664,-1.5989113793890235
1945,2420,2420,0,2.0549911350935166,2.1175925731658936,2.0946731061666672,2.0542891025543213,2.068232680745864
1946,2421,2421,0,1.9004423708646958,1.9614830017089844,1.938563534709758,1.8101814985275269,1.8241250767190698
1947,2422,2422,0,1.3487463087766831,1.4019262790679932,1.3790068120687669,1.322226881980896,1.336170460172439
1948,2423,2423,0,2.1192799896925156,2.1747634410858154,2.151843974086589,2.090104579925537,2.10404815811708
1949,2424,2424,0,2.0728668064802354,2.117633581161499,2.0947141141622727,2.0716657638549805,2.0856093420465234
1950,2425,2425,0,-0.7237825899392898,-0.6956707835197449,-0.7185902505189712,-0.6766030788421631,-0.6626595006506202
1951,2426,2426,0,1.758528122398204,1.8238861560821533,1.800966689082927,1.7582194805145264,1.7721630587060693
1952,2427,2427,0,0.5119371504514878,0.5327867865562439,0.5098673195570176,0.47225919365882874,0.48620277185037164
1953,2428,2428,0,0.4509545953005021,0.4936099350452423,0.470690468046016,0.40814024209976196,0.42208382029130487
1954,2429,2429,0,-0.5145795254976089,-0.4701189696788788,-0.4930384366781051,-0.47329893708229065,-0.45935535889074774
1955,2430,2430,0,0.1555392236440842,0.15306079387664795,0.1301413268774216,0.12915700674057007,0.14310058493211297
1956,2431,2431,0,2.451866039726085,2.441804885864258,2.4188854188650315,2.4669973850250244,2.4809409632165673
1957,2432,2432,0,1.228934058639354,1.2430485486984253,1.220129081699199,1.2260693311691284,1.2400129093606713
1958,2433,2433,0,1.8294125885694688,1.8197864294052124,1.796866962405986,1.7604092359542847,1.7743528141458276
1959,2434,2434,0,0.5969358176916306,0.623123049736023,0.6002035827367966,0.5803753733634949,0.5943189515550378
1960,2435,2435,0,0.23506093928510594,0.27930837869644165,0.25638891169721534,0.26839351654052734,0.28233709473207025
1961,2437,2437,0,0.12024070480758595,0.151253342628479,0.12833387562925266,0.09898032993078232,0.11292390812232522
1962,2438,2438,-1,-4.41709153683688,-4.442218780517578,-4.465138247516805,-4.394795894622803,-4.38085231643126
1963,2439,2439,0,0.2715598733156388,0.25156018137931824,0.2286407143800919,0.19280031323432922,0.20674389142587213
1964,2440,2440,0,2.058789858314342,2.0894343852996826,2.0665149183004563,2.0854287147521973,2.09937229294374
1965,2441,2441,0,0.3432296306818192,0.3731561005115509,0.3502366335123246,0.3333202302455902,0.3472638084371331
1966,2442,2442,0,1.417905816528148,1.4516236782073975,1.4287042112081711,1.4079545736312866,1.4218981518228295
1967,2443,2443,0,1.8284902662962144,1.9021142721176147,1.8791948051183884,1.783354640007019,1.797298218198562
1968,2444,2444,0,-0.2410068719655807,-0.2873181104660034,-0.31023757746522973,-0.27272287011146545,-0.25877929191992255
1969,2445,2445,-1,1.7845042463967622,1.846982717514038,1.8240632505148118,1.8106003999710083,1.8245439781625512
1970,2446,2446,0,0.15950780520135807,0.1355592906475067,0.11263982364828037,0.1873384416103363,0.2012820198018792
1971,2448,2448,0,-0.39708473375146935,-0.37368571758270264,-0.39660518458192895,-0.40312638878822327,-0.38918281059668036
1972,2449,2449,0,0.7473185152738755,0.7654813528060913,0.742561885806865,0.7160935401916504,0.7300371183831933
1973,2450,2450,0,1.038190731498546,1.0571928024291992,1.034273335429973,1.0038931369781494,1.0178367151696923
1974,2451,2451,0,-0.4562357275754745,-0.47730162739753723,-0.5002210943967635,-0.5004585981369019,-0.48651501994535895
1975,2452,2452,0,1.0265965552061265,1.049785852432251,1.0268663854330247,1.040971040725708,1.054914618917251
1976,2453,2453,0,0.32211191365415504,0.31477656960487366,0.29185710260564734,0.20843376219272614,0.22237734038426904
1977,2454,2454,0,0.26770682046110084,0.25495463609695435,0.232035169097728,0.22015245258808136,0.23409603077962426
1978,2456,2456,0,-1.6982271580964858,-1.7001371383666992,-1.7230566053659255,-1.7113255262374878,-1.6973819480459449
1979,2458,2458,0,2.354294189903087,2.38539719581604,2.3624777288168137,2.3277084827423096,2.3416520609338525
1980,2459,2459,0,-4.071214547661,-4.10323429107666,-4.126153758075887,-4.055671215057373,-4.04172763686583
1981,2460,2460,0,1.9218083710401719,1.9783954620361328,1.9554759950369065,1.8872709274291992,1.9012145056207421
1982,2462,2462,0,0.2839473278253739,0.34386587142944336,0.32094640443021705,0.26266443729400635,0.27660801548554925
1983,2463,2463,0,-0.001744177938305857,-0.01092066615819931,-0.03384013315742565,-0.028076380491256714,-0.01413280229971381
1984,2465,2465,0,1.8564998001783555,1.8402502536773682,1.8173307866781419,1.845816731452942,1.8597603096444848
1985,2466,2466,0,-0.6065328626901443,-0.5808720588684082,-0.6037915258676345,-0.5767598152160645,-0.5628162370245215
1986,2467,2467,0,2.554216989967174,2.612192392349243,2.589272925350017,2.5003421306610107,2.5142857088525536
1987,2468,2468,0,1.5843854040830796,1.6318731307983398,1.6089536637991135,1.5762779712677002,1.590221549459243
1988,2470,2470,0,1.2685520739286607,1.3475873470306396,1.3246678800314133,1.3114149570465088,1.3253585352380517
1989,2472,2472,0,-1.5218833594590957,-1.538591742515564,-1.5615112095147903,-1.5049923658370972,-1.4910487876455543
1990,2473,2473,0,-1.1128164439470107,-1.1388485431671143,-1.1617680101663406,-1.0960808992385864,-1.0821373210470435
1991,2474,2474,0,0.9569572300642197,0.9258527159690857,0.9029332489698594,0.9254685640335083,0.9394121422250512
1992,2475,2475,0,1.082205304595775,1.1567871570587158,1.1338676900594895,1.1176196336746216,1.1315632118661645
1993,2479,2479,0,-0.4602792172700698,-0.4172742962837219,-0.44019376328294824,-0.5654881000518799,-0.551544521860337
1994,2481,2481,0,1.3714931101530259,1.4186885356903076,1.3957690686910813,1.3293254375457764,1.3432690157373193
1995,2484,2484,0,0.4863564462392991,0.511304497718811,0.4883850307195847,0.49105900526046753,0.5050025834520104
1996,2485,2485,0,2.1506089062421982,2.2227728366851807,2.1998533696859544,2.1021370887756348,2.1160806669671777
1997,2486,2486,-1,-1.604050803499478,-1.5794813632965088,-1.602400830295735,-1.5936912298202515,-1.5797476516287086
1998,2487,2487,0,0.9209117979734605,1.0177233219146729,0.9948038549154465,0.9222942590713501,0.936237837262893
1999,2489,2489,0,-2.0884393363267715,-2.0296874046325684,-2.0526068716317947,-2.0236318111419678,-2.009688232950425
2000,2490,2490,0,2.050285467597789,2.147446870803833,2.1245274038046067,2.063918113708496,2.077861691900039
2001,2491,2491,0,1.9736495108335679,2.004690408706665,1.9817709417074387,1.9332423210144043,1.9471858992059472
2002,2492,2492,0,-1.0432605653077895,-0.9768254160881042,-0.9997448830873306,-1.037717580795288,-1.0237740026037452
2003,2493,2493,0,2.213558802100963,2.261910915374756,2.2389914483755295,2.2243010997772217,2.2382446779687646
2004,2494,2494,0,0.3005283863275712,0.2560408115386963,0.23312134453946995,0.27794891595840454,0.29189249414994745
2005,2495,2495,0,1.3159958214491074,1.3101521730422974,1.287232706043071,1.2747446298599243,1.2886882080514672
2006,2496,2496,0,0.5141589731901353,0.5123310089111328,0.4894115419119065,0.48022398352622986,0.49416756171777276
2007,2498,2498,0,0.7928505034177964,0.7677941918373108,0.7448747248380845,0.7521036863327026,0.7660472645242455
2008,2499,2499,0,1.8379063696592515,1.8491004705429077,1.8261810035436814,1.773538589477539,1.787482167669082
2009,2500,2500,0,1.498395809623546,1.5302907228469849,1.5073712558477586,1.4686472415924072,1.4825908197839501
2010,2501,2501,0,1.9203667731016343,1.9516386985778809,1.9287192315786545,1.9065649509429932,1.920508529134536
2011,2502,2502,0,-1.230205288437062,-1.2870665788650513,-1.3099860458642776,-1.1859679222106934,-1.1720243440191505
2012,2503,2503,0,0.35100136110479285,0.3304256498813629,0.3075061828821366,0.27433547377586365,0.28827905196740655
2013,2504,2504,0,0.9225159973829453,0.9631559252738953,0.940236458274669,0.9113852977752686,0.9253288759668115
2014,2506,2506,0,-3.1055124907762344,-3.117213726043701,-3.1401331930429275,-3.0337281227111816,-3.0197845445196387
2015,2507,2507,0,0.5900994629591172,0.5685968995094299,0.5456774325102036,0.5021154880523682,0.5160590662439111
2016,2508,2508,0,0.7403276653021043,0.7734548449516296,0.7505353779524033,0.709447979927063,0.7233915581186059
2017,2509,2509,0,-0.8001935987741287,-0.767943799495697,-0.7908632664949233,-0.8190069198608398,-0.8050633416692969
2018,2510,2510,0,-1.504270902183705,-1.5018757581710815,-1.5247952251703079,-1.4712249040603638,-1.4572813258688209
2019,2511,2511,0,0.47144911596471717,0.44935137033462524,0.42643190333539893,0.45992356538772583,0.47386714357926873
2020,2512,2512,0,1.3466445297926133,1.3870697021484375,1.3641502351492112,1.3140987157821655,1.3280422939737084
2021,2513,2513,0,0.6899513096540635,0.7173864841461182,0.6944670171468919,0.6674884557723999,0.6814320339639428
2022,2514,2514,0,1.0795962900846665,1.110216736793518,1.0872972697942918,1.0396599769592285,1.0536035551507714
2023,2516,2516,0,1.9068753809660142,1.9314792156219482,1.908559748622722,1.8726248741149902,1.8865684523065331
2024,2518,2518,0,0.6801720351904099,0.8202943205833435,0.7973748535841172,0.6962608098983765,0.7102043880899194
2025,2519,2519,0,0.8733397216528123,0.8536503911018372,0.8307309241026108,0.8455510139465332,0.8594945921380761
2026,2520,2520,0,2.2263025135725205,2.2001945972442627,2.1772751302450364,2.2001001834869385,2.2140437616784814
2027,2521,2521,0,0.10117659876043247,0.11550431698560715,0.09258484998638081,0.06039814651012421,0.07434172470166711
2028,2523,2523,0,-0.12102441331451488,-0.0177542045712471,-0.04067367157047344,-0.1950218379497528,-0.1810782597582099
2029,2524,2524,0,-1.7432716994554336,-1.727494478225708,-1.7504139452249343,-1.709057092666626,-1.695113514475083
2030,2527,2527,0,1.3838640541761582,1.4386296272277832,1.415710160228557,1.3684360980987549,1.3823796762902978
2031,2528,2528,0,-0.2629332452089126,-0.20917636156082153,-0.23209582856004787,-0.2592070400714874,-0.24526346187994452
2032,2529,2529,0,-1.530761232879811,-1.5775704383850098,-1.600489905384236,-1.572799563407898,-1.558855985216355
2033,2530,2530,0,1.7679113239973252,1.73650062084198,1.7135811538427537,1.754974365234375,1.768917943425918
2034,2531,2531,0,-0.08522405317133022,-0.08025830239057541,-0.10317776938980175,-0.13418374955654144,-0.12024017136499854
2035,2533,2533,0,0.39973143646413734,0.42430898547172546,0.40138951847249915,0.37437233328819275,0.38831591147973565
2036,2534,2534,0,1.9922809691160386,2.0265681743621826,2.0036487073629563,2.0027589797973633,2.016702557988906
2037,2535,2535,0,-1.0065885691911514,-1.0820262432098389,-1.1049457102090652,-1.0386168956756592,-1.0246733174841163
2038,2536,2536,0,1.219580301734752,1.2859187126159668,1.2629992456167405,1.2293500900268555,1.2432936682183984
2039,2538,2538,0,-0.08701292267149044,-0.09893251210451126,-0.1218519791037376,-0.1257280558347702,-0.1117844776432273
2040,2539,2539,-1,1.4976754900643647,1.5156930685043335,1.4927736015051072,1.496681809425354,1.510625387616897
2041,2540,2540,0,1.2551682085722153,1.3587595224380493,1.335840055438823,1.2523508071899414,1.2662943853814843
2042,2541,2541,0,1.932325252982921,1.9826747179031372,1.959755250903911,1.9150394201278687,1.9289829983194116
2043,2544,2544,-1,-0.8640209916403472,-0.8380045294761658,-0.8609239964753921,-0.9042890071868896,-0.8903454289953467
2044,2545,2545,0,0.8408438057630723,0.8769401907920837,0.8540207237928574,0.8401510715484619,0.8540946497400048
2045,2546,2546,0,-3.046527972725087,-3.068159818649292,-3.0910792856485183,-3.0187695026397705,-3.0048259244482276
2046,2547,2547,0,1.4892941803663438,1.5252758264541626,1.5023563594549363,1.4608854055404663,1.4748289837320092
2047,2548,2548,0,2.420803913566417,2.4464380741119385,2.423518607112712,2.3929102420806885,2.4068538202722314
2048,2549,2549,0,1.1734640688627427,1.2365151643753052,1.2135956973760789,1.1417351961135864,1.1556787743051293
2049,2550,2550,0,-1.8994933276445205,-1.8764911890029907,-1.899410656002217,-1.9372838735580444,-1.9233402953665015
2050,2551,2551,0,-3.4679371028215225,-3.4525949954986572,-3.4755144624978835,-3.4180796146392822,-3.4041360364477393
2051,2552,2552,0,-2.809253802803212,-2.8329460620880127,-2.855865529087239,-2.848292112350464,-2.834348534158921
2052,2553,2553,0,1.5601042599409287,1.6429722309112549,1.6200527639120286,1.5785574913024902,1.5925010694940331
2053,2554,2554,0,1.730549344512767,1.7771434783935547,1.7542240113943284,1.725669503211975,1.739613081403518
2054,2555,2555,0,-2.8133488803178603,-2.8231394290924072,-2.8460588960916335,-2.8716347217559814,-2.8576911435644385
2055,2556,2556,0,1.0660609097212022,1.0853112936019897,1.0623918266027634,1.0769414901733398,1.0908850683648827
2056,2557,2557,0,2.0115310044019883,2.0191991329193115,1.9962796659200852,1.9528003931045532,1.9667439712960961
2057,2558,2558,0,-0.7443362384111221,-0.7074964642524719,-0.7304159312516982,-0.7137852907180786,-0.6998417125265357
2058,2561,2561,0,1.805675396415538,1.8283195495605469,1.8054000825613206,1.7595216035842896,1.7734651817758325
2059,2562,2562,0,-0.230215048697644,-0.29033586382865906,-0.31325533082788537,-0.1967390477657318,-0.1827954695741889
2060,2563,2563,0,-0.011665448826604608,0.03246385604143143,0.009544389042205087,-0.04115162789821625,-0.027208049706673343
2061,2564,2564,0,-2.8695248275071914,-2.8613040447235107,-2.884223511722737,-2.9166817665100098,-2.902738188318467
2062,2566,2566,-1,1.5185434338280976,1.5368015766143799,1.5138821096151536,1.470863938331604,1.484807516523147
2063,2567,2567,0,2.148990997764415,2.1838912963867188,2.1609718293874924,2.0583033561706543,2.072246934362197
2064,2568,2568,0,-0.7057962923318679,-0.732607364654541,-0.7555268316537673,-0.7090164422988892,-0.6950728641073463
2065,2569,2569,0,0.42554680416280677,0.4150296151638031,0.3921101481645768,0.3579605519771576,0.3719041301687005
2066,2570,2570,0,2.0782500595777695,2.15856671333313,2.1356472463339036,2.091820001602173,2.1057635797937158
2067,2573,2573,0,-0.10550080826585842,-0.0698753371834755,-0.09279480418270183,-0.09245717525482178,-0.07851359706327887
2068,2574,2574,0,-1.1902936606675918,-1.1947057247161865,-1.2176251917154128,-1.660607099533081,-1.6466635213415382
2069,2575,2575,0,-1.7440066247255142,-1.5871224403381348,-1.610041907337361,-1.7996200323104858,-1.785676454118943
2070,2578,2578,0,1.0170449108808701,1.022084355354309,0.9991648883550828,0.9577577114105225,0.9717012896020654
2071,2579,2579,0,1.3825494141309922,1.4225646257400513,1.399645158740825,1.331358790397644,1.345302368589187
2072,2580,2580,0,0.2750095815389817,0.30398067831993103,0.2810612113207047,0.255527526140213,0.2694711043317559
2073,2581,2581,0,0.95133263775999,1.013546347618103,0.9906268806188767,0.9173520803451538,0.9312956585366967
2074,2583,2583,0,1.1375299782484238,1.148067831993103,1.1251483649938767,1.0922938585281372,1.1062374367196801
2075,2585,2585,0,-2.445749631431752,-2.3719348907470703,-2.3948543577462966,-2.366318702697754,-2.352375124506211
2076,2586,2586,0,0.59265024373228,0.6338291168212891,0.6109096498220628,0.5577294826507568,0.5716730608422997
2077,2587,2587,0,-4.902814260032827,-4.902183532714844,-4.9251029997140705,-4.932382106781006,-4.918438528589463
2078,2588,2588,0,0.3447254986494248,0.35443904995918274,0.3315195829599564,0.36252376437187195,0.37646734256341485
2079,2590,2590,0,0.6340609879224961,0.644055962562561,0.6211364955633347,0.6435590982437134,0.6575026764352563
2080,2591,2591,0,2.137267002555675,2.176255941390991,2.153336474391765,2.0399625301361084,2.0539061083276513
2081,2592,2592,0,1.066933760139293,1.1481260061264038,1.1252065391271775,1.0735034942626953,1.0874470724542382
2082,2593,2593,0,1.963749060127086,2.0134458541870117,1.9905263871877854,1.9395917654037476,1.9535353435952905
2083,2594,2594,0,-2.6592336802751357,-2.7605533599853516,-2.783472826984578,-2.7001187801361084,-2.6861752019445655
2084,2595,2595,0,-1.9602475075990493,-1.9230010509490967,-1.945920517948323,-2.042227029800415,-2.028283451608872
2085,2599,2599,0,-1.626524320152455,-1.5764193534851074,-1.5993388204843337,-1.6193445920944214,-1.6054010139028785
2086,2600,2600,0,-0.5540296345025832,-0.5589966177940369,-0.5819160847932632,-0.5525944232940674,-0.5386508451025245
2087,2601,2601,0,-1.4624173550874526,-1.381089210510254,-1.4040086775094802,-1.4653820991516113,-1.4514385209600684
2088,2604,2604,0,-0.5040829091340835,-0.47123464941978455,-0.49415411641901086,-0.5244418382644653,-0.5104982600729224
2089,2605,2605,0,0.7599283547132676,0.8119186162948608,0.7889991492956345,0.7643647193908691,0.778308297582412
2090,2606,2606,0,-1.6973873286516006,-1.734050989151001,-1.7569704561502273,-1.6459730863571167,-1.6320295081655738
2091,2607,2607,0,0.4993456990450089,0.5713868141174316,0.5484673471182053,0.5067673921585083,0.5207109703500512
2092,2609,2609,0,0.9162266344755357,0.9618859887123108,0.9389665217130845,0.9052175283432007,0.9191611065347436
2093,2610,2610,0,-4.876865735557729,-4.8982954025268555,-4.921214869526082,-4.872893810272217,-4.858950232080674
2094,2611,2611,0,-1.5827083497316177,-1.658564567565918,-1.6814840345651443,-1.5730339288711548,-1.5590903506796119
2095,2612,2612,0,-1.0747293143541152,-1.046984314918518,-1.0699037819177444,-1.0434706211090088,-1.0295270429174659
2096,2614,2614,0,1.8212938399046128,1.8290109634399414,1.806091496440715,1.7800294160842896,1.7939729942758325
2097,2616,2616,0,0.9227920264929002,0.9500893950462341,0.9271699280470078,0.8919963836669922,0.9059399618585351
2098,2617,2617,0,0.2377930522888367,0.23697856068611145,0.2140590936868851,0.08020676672458649,0.09415034491612939
2099,2618,2618,0,1.2744550795286362,1.357706904411316,1.3347874374120896,1.247912883758545,1.2618564619500878
2100,2620,2620,0,-2.8423477320939834,-2.857940912246704,-2.8808603792459304,-2.818443536758423,-2.80449995856688
2101,2621,2621,0,-0.8549543528825576,-0.8514291644096375,-0.8743486314088638,-0.8561123609542847,-0.8421687827627418
2102,2622,2622,0,-0.9142532258302505,-0.8773813843727112,-0.9003008513719375,-0.9028449058532715,-0.8889013276617286
2103,2623,2623,0,-0.2307123004466827,-0.2750729024410248,-0.2979923694402511,-0.24085289239883423,-0.22690931420729132
2104,2624,2624,0,-0.846740236786061,-0.8359487652778625,-0.8588682322770889,-0.8705176115036011,-0.8565740333120582
2105,2625,2625,0,0.9555262417524522,0.9266299605369568,0.9037104935377305,0.9449975490570068,0.9589411272485497
2106,2628,2628,0,0.32790631959134986,0.3813764750957489,0.3584570080965226,0.3176098167896271,0.33155339498117
2107,2630,2630,0,-1.1454955249101455,-1.1376643180847168,-1.160583785083943,-1.1688920259475708,-1.154948447756028
2108,2632,2632,0,3.5570653767317,3.5633485317230225,3.540429064723796,3.532029390335083,3.545972968526626
2109,2634,2634,0,-1.097369184997731,-1.1155418157577515,-1.1384612827569778,-1.1073468923568726,-1.0934033141653297
2110,2635,2635,0,0.2889449388712113,0.40069761872291565,0.37777815172368934,0.24153544008731842,0.2554790182788613
2111,2636,2636,0,-0.34444024255579064,-0.27657008171081543,-0.29948954871004174,-0.30685320496559143,-0.2929096267740485
2112,2637,2637,0,-2.5880824237138564,-2.638526678085327,-2.6614461450845535,-2.6108767986297607,-2.596933220438218
2113,2638,2638,0,0.5149247140615647,0.5244743824005127,0.5015549154012864,0.47077852487564087,0.4847221030671838
2114,2639,2639,0,1.7530304283827012,1.7809110879898071,1.7579916209905808,1.7300139665603638,1.7439575447519067
2115,2640,2640,0,-1.9493738322526748,-1.9003255367279053,-1.9232450037271316,-1.949668288230896,-1.935724710039353
2116,2641,2641,0,0.4990460962980454,0.47022250294685364,0.4473030359476273,0.4321348965167999,0.44607847470834283
2117,2642,2642,0,-1.4544711022645767,-1.4063057899475098,-1.429225256946736,-1.4600545167922974,-1.4461109386007545
2118,2643,2643,0,1.4000140518873398,1.4152367115020752,1.3923172445028489,1.3872514963150024,1.4011950745065453
2119,2645,2645,0,0.5938160509794419,0.6655247807502747,0.6426053137510483,0.5851222276687622,0.5990658058603051
2120,2647,2647,0,0.09447819152767109,0.09020043164491653,0.0672809646456902,0.02904261276125908,0.042986190952801984
2121,2648,2648,0,1.2191081137388413,1.267661213874817,1.2447417468755906,1.1736345291137695,1.1875781073053124
2122,2650,2650,0,1.1819999308317368,1.237614631652832,1.2146951646536057,1.2153371572494507,1.2292807354409936
2123,2651,2651,0,0.9174504966467087,0.9329662322998047,0.9100467653005784,0.8966131210327148,0.9105566992242577
2124,2652,2652,0,1.1282320112913315,1.1424787044525146,1.1195592374532883,1.1040492057800293,1.1179927839715722
2125,2654,2654,0,0.8111748785703843,0.7860844135284424,0.7631649465292161,0.7696954011917114,0.7836389793832543
2126,2655,2655,0,0.8485123605459397,0.8790764212608337,0.8561569542616074,0.8303548097610474,0.8442983879525903
2127,2657,2657,0,-4.5243748336107075,-4.6344380378723145,-4.657357504871541,-4.52654504776001,-4.512601469568467
2128,2660,2660,0,1.6730798573225205,1.747758388519287,1.7248389215200608,1.6520626544952393,1.6660062326867822
2129,2661,2661,0,0.4997627527445023,0.5241908431053162,0.5012713761060898,0.4765598475933075,0.4905034257848504
2130,2662,2662,0,0.06246272632772374,0.09666255861520767,0.07374309161598133,0.1074281707406044,0.1213717489321473
2131,2663,2663,0,-2.399529567268544,-2.412127733230591,-2.435047200229817,-2.3516294956207275,-2.3376859174291846
2132,2664,2664,0,0.2663245887487595,0.25618019700050354,0.2332607300012772,0.24513256549835205,0.25907614368989496
2133,2665,2665,0,-3.1162742285997207,-3.1246860027313232,-3.1476054697305496,-3.0706965923309326,-3.0567530141393897
2134,2667,2667,0,0.33018697211439063,0.3446197211742401,0.3217002541750138,0.3251597285270691,0.339103306718612
2135,2668,2668,0,3.361299404594249,3.356539011001587,3.3336195440023606,3.330597400665283,3.344540978856826
2136,2669,2669,0,1.166444668266124,1.2164897918701172,1.1935703248708909,1.1256933212280273,1.1396368994195702
2137,2670,2670,0,-0.014234978054517034,-0.016083143651485443,-0.03900261065071178,-0.025269880890846252,-0.011326302699303348
2138,2671,2671,0,0.7226558418005173,0.7208545804023743,0.697935113403148,0.6121976375579834,0.6261412157495263
2139,2673,2673,0,0.4553895384996598,0.46216991543769836,0.43925044843847205,0.3788383901119232,0.3927819683034661
2140,2674,2674,0,2.064593681785411,2.0955631732940674,2.072643706294841,2.021836519241333,2.035780097432876
2141,2676,2676,0,-0.5934293179780776,-0.6341478824615479,-0.6570673494607742,-1.057008147239685,-1.0430645690481422
2142,2677,2677,0,-2.7802849917680557,-2.776904344558716,-2.799823811557942,-2.827158212661743,-2.8132146344702003
2143,2678,2678,0,1.7053825945585435,1.7527556419372559,1.7298361749380295,1.7365154027938843,1.7504589809854272
2144,2679,2679,0,1.3358684868543809,1.3517041206359863,1.32878465363676,1.3069343566894531,1.320877934880996
2145,2680,2680,0,-2.2241369395524795,-2.2246944904327393,-2.2476139574319656,-2.2728869915008545,-2.2589434133093116
2146,2682,2682,0,1.4830758661955064,1.5594744682312012,1.5365550012319749,1.4624987840652466,1.4764423622567895
2147,2683,2683,0,1.2387838453977769,1.242825984954834,1.2199065179556077,1.1879026889801025,1.2018462671716454
2148,2684,2684,0,1.4692431778639023,1.4940516948699951,1.4711322278707688,1.448467493057251,1.4624110712487939
2149,2686,2686,0,-2.2848056464464004,-2.3285460472106934,-2.3514655142099197,-2.3394806385040283,-2.3255370603124854
2150,2687,2687,0,2.3232971520155137,2.3915412425994873,2.368621775600261,2.287679433822632,2.3016230120141747
2151,2688,2688,0,-1.9523126988679702,-1.9239537715911865,-1.9468732385904128,-1.9147127866744995,-1.9007692084829566
2152,2689,2689,0,0.4264733881681626,0.43210890889167786,0.40918944189245154,0.3960534334182739,0.40999701160981683
2153,2690,2690,0,1.2284642548292344,1.2327440977096558,1.2098246307104294,1.2203974723815918,1.2343410505731347
2154,2691,2691,0,0.7810007424085801,0.8354496359825134,0.8125301689832871,0.7505506277084351,0.764494205899978
2155,2692,2692,0,-3.7694910674363906,-3.819518804550171,-3.842438271549397,-3.7617075443267822,-3.7477639661352393
2156,2694,2694,0,0.9419484824865525,0.9373180270195007,0.9143985600202744,0.9429703950881958,0.9569139732797387
2157,2696,2696,0,-1.0282196908265884,-1.010026216506958,-1.0329456835061843,-1.000754475593567,-0.986810897402024
2158,2697,2697,0,1.4183169693678086,1.4592914581298828,1.4363719911306565,1.396863579750061,1.410807157941604
2159,2698,2698,0,0.6526844591825669,0.6690534353256226,0.6461339683263962,0.5484411716461182,0.5623847498376611
2160,2699,2699,0,0.17060616025621342,0.14081206917762756,0.11789260217840122,0.13970984518527985,0.15365342337682275
2161,2702,2702,0,-0.30529343178575585,-0.23007330298423767,-0.252992769983464,-0.3175460398197174,-0.3036024616281745
2162,2703,2703,0,1.21001423308546,1.2180445194244385,1.1951250524252122,1.2101051807403564,1.2240487589318993
2163,2705,2705,0,1.7013206572263901,1.727896809577942,1.7049773425787156,1.6485795974731445,1.6625231756646874
2164,2707,2707,0,-0.2850330679685409,-0.22969985008239746,-0.2526193170816238,-0.3341679871082306,-0.3202244089166877
2165,2708,2708,0,-0.5938277154237563,-0.5613922476768494,-0.5843117146760757,-0.6629699468612671,-0.6490263686697242
2166,2709,2709,0,1.6597346157758897,1.6804530620574951,1.6575335950582688,1.6376646757125854,1.6516082539041284
2167,2710,2710,-2,-3.1105761386226245,-3.1371212005615234,-3.1600406675607497,-3.2562360763549805,-3.2422924981634376
2168,2711,2711,0,0.5765004248350327,0.6488978266716003,0.625978359672374,0.5878255367279053,0.6017691149194482
2169,2712,2712,0,1.9135233254163926,1.911191701889038,1.8882722348898118,1.8554604053497314,1.8694039835412743
2170,2713,2713,0,1.7689474911421006,1.795401930809021,1.7724824638097947,1.723164677619934,1.737108255811477
2171,2714,2714,0,1.2394640536039536,1.2420319318771362,1.21911246487791,1.1781307458877563,1.1920743240792993
2172,2715,2715,0,-1.9294503836900527,-1.9339840412139893,-1.9569035082132156,-1.955222487449646,-1.941278909258103
2173,2716,2716,0,-2.3655244021684463,-2.2218129634857178,-2.244732430484944,-2.4239346981048584,-2.4099911199133155
2174,2717,2717,0,-0.20573820760553432,-0.24820509552955627,-0.2711245625287826,-0.19600516557693481,-0.1820615873853919
2175,2719,2719,0,1.6379770130842393,1.7387361526489258,1.7158166856496995,1.6256550550460815,1.6395986332376244
2176,2720,2720,0,-2.589685073402577,-2.563763380050659,-2.5866828470498855,-2.611668825149536,-2.5977252469579932
2177,2721,2721,0,2.969561466667003,3.0091331005096436,2.9862136335104172,2.9337503910064697,2.9476939691980126
2178,2722,2722,0,-0.08152013858860088,-0.08358820527791977,-0.10650767227714611,-0.05169476568698883,-0.037751187495445926
2179,2724,2724,0,0.9152379722326462,0.8918860554695129,0.8689665884702866,0.8632516860961914,0.8771952642877343
2180,2725,2725,0,-2.059211602714711,-2.0670955181121826,-2.090014985111409,-2.0104100704193115,-1.9964664922277686
2181,2726,2726,0,-0.33239658763712,-0.3019311726093292,-0.32485063960855554,-0.34009215235710144,-0.32614857416555854
2182,2727,2727,0,1.513485798332042,1.5231151580810547,1.5001956910818284,1.4661824703216553,1.4801260485131982
2183,2728,2728,0,-2.307495227363759,-2.347062349319458,-2.3699818163186843,-2.3209781646728516,-2.3070345864813087
2184,2729,2729,0,-2.5024789481431777,-2.5406954288482666,-2.563614895847493,-2.4754483699798584,-2.4615047917883155
2185,2734,2734,0,0.5993211955755418,0.6210240721702576,0.5981046051710313,0.5913747549057007,0.6053183330972436
2186,2735,2735,-1,1.2534523722359956,1.1596524715423584,1.136733004543132,1.2212835550308228,1.2352271332223657
2187,2736,2736,0,-0.45963658979242394,-0.4237208068370819,-0.4466402738363082,-0.4681219160556793,-0.4541783378641364
2188,2737,2737,0,1.529025086852855,1.504258155822754,1.4813386888235276,1.4833308458328247,1.4972744240243676
2189,2739,2739,0,1.37436331221754,1.3845908641815186,1.3616713971822922,1.3176218271255493,1.3315654053170922
2190,2740,2740,0,0.9984420628278916,1.0384960174560547,1.0155765504568284,0.9769822359085083,0.9909258141000512
2191,2742,2742,0,0.125236713978595,0.13466474413871765,0.11174527713949131,0.07761250436306,0.0915560825546029
2192,2743,2743,0,1.2789126724928086,1.131415843963623,1.1084963769643967,1.209359049797058,1.223302627988601
2193,2744,2744,0,-1.361284127739125,-1.3980083465576172,-1.4209278135568435,-1.3365575075149536,-1.3226139293234107
2194,2745,2745,0,-1.1459478049547012,-1.1973074674606323,-1.2202269344598586,-1.1815905570983887,-1.1676469789068458
2195,2746,2746,0,1.8784947485655015,1.928391933441162,1.9054724664419358,1.8632786273956299,1.8772222055871728
2196,2747,2747,0,2.0425347180097764,2.0371506214141846,2.0142311544149583,2.0089757442474365,2.0229193224389794
2197,2748,2748,0,2.0769122929304307,2.0997748374938965,2.07685537049467,2.047393798828125,2.061337377019668
2198,2749,2749,0,-0.0497093855411346,-0.06356886774301529,-0.08648833474224163,-0.1003299206495285,-0.0863863424579856
2199,2750,2750,0,1.7767131418913071,1.838723063468933,1.8158035964697068,1.7378346920013428,1.7517782701928857
2200,2751,2751,0,-1.2404343991548354,-1.1861828565597534,-1.2091023235589797,-1.2070988416671753,-1.1931552634756324
2201,2752,2752,0,1.717675218078441,1.7413153648376465,1.7183958978384202,1.6430917978286743,1.6570353760202172
2202,2753,2753,0,2.6770607323377793,2.6768009662628174,2.653881499263591,2.6638622283935547,2.6778058065850976
2203,2754,2754,0,0.879345128032512,0.8608118891716003,0.837892422172374,0.837486982345581,0.851430560537124
2204,2755,2755,0,2.261112102958507,2.335537910461426,2.3126184434621995,2.1603214740753174,2.1742650522668603
2205,2756,2756,0,-0.7568269281656081,-0.7363731861114502,-0.7592926531106765,-0.7404255867004395,-0.7264820085088965
2206,2757,2757,0,-0.5228426962167556,-0.4954819977283478,-0.5184014647275741,-0.5161139965057373,-0.5021704183141944
2207,2758,2758,0,-1.7075232177049453,-1.7200250625610352,-1.7429445295602615,-1.6128848791122437,-1.5989413009207007
2208,2759,2759,0,1.924896964523143,1.9366655349731445,1.9137460679739182,1.8718262910842896,1.8857698692758325
2209,2760,2760,0,0.6017714829176133,0.6290983557701111,0.6061788887708848,0.6064286231994629,0.6203722013910058
2210,2761,2761,0,0.6208435983389085,0.6759822964668274,0.6530628294676011,0.6366559267044067,0.6505995048959496
2211,2762,2762,0,-0.9171781449586685,-0.9815303683280945,-1.0044498353273208,-0.8949985504150391,-0.8810549722234962
2212,2763,2763,0,-2.3140374331743057,-2.348362445831299,-2.371281912830525,-2.3281333446502686,-2.3141897664587257
2213,2764,2764,0,1.0710963101118272,1.1375837326049805,1.1146642656057542,1.092954158782959,1.106897736974502
2214,2765,2765,-1,1.9715512510964692,2.021432876586914,1.9985134095876878,1.9480136632919312,1.961957241483474
2215,2767,2767,0,1.8124330134123032,1.871232032775879,1.8483125657766526,1.7810181379318237,1.7949617161233666
2216,2768,2768,0,-2.618930211570912,-2.6168549060821533,-2.6397743730813796,-2.5989458560943604,-2.5850022779028174
2217,2769,2769,-1,-1.2216130975058257,-1.186947226524353,-1.2098666935235793,-1.307132601737976,-1.2931890235464332
2218,2771,2771,0,0.6421940417020982,0.6095845103263855,0.5866650433271592,0.6032532453536987,0.6171968235452416
2219,2772,2772,0,0.592655548545665,0.600121259689331,0.5772017926901047,0.6257447004318237,0.6396882786233666
2220,2773,2773,0,2.2363029808729356,2.31215763092041,2.289238163921184,2.2317707538604736,2.2457143320520165
2221,2775,2775,0,1.591894993278331,1.5993671417236328,1.5764476747244065,1.5470963716506958,1.5610399498422387
2222,2776,2776,0,-0.8082560806543166,-0.797090470790863,-0.8200099377900893,-0.8311907052993774,-0.8172471271078345
2223,2779,2779,0,0.2602294177740281,0.2311202585697174,0.20820079157049107,0.21107789874076843,0.22502147693231134
2224,2780,2780,0,-2.444658389595204,-2.340054750442505,-2.362974217441731,-2.5677716732025146,-2.5538280950109717
2225,2781,2781,0,-2.8996113448411758,-3.103069305419922,-3.125988772419148,-2.9529411792755127,-2.93899760108397
2226,2784,2784,0,1.5151060909956162,1.5027410984039307,1.4798216314047044,1.4247994422912598,1.4387430204828027
2227,2785,2785,0,-0.024470748660021545,-0.004632003605365753,-0.027551470604592093,-0.030643433332443237,-0.016699855140900333
2228,2787,2787,0,1.6830989212721055,1.7899373769760132,1.7670179099767869,1.7100361585617065,1.7239797367532494
2229,2788,2788,0,0.09868455836469578,0.09053219109773636,0.06761272409851002,0.06706985831260681,0.08101343650414972
2230,2789,2789,0,1.8848688692777817,1.9309875965118408,1.9080681295126145,1.874362587928772,1.8883061661203149
2231,2790,2790,0,1.544919976684398,1.592536211013794,1.5696167440145676,1.5059493780136108,1.5198929562051537
2232,2791,2791,0,2.7705367893903916,2.8166401386260986,2.7937206716268723,2.7003729343414307,2.7143165125329736
2233,2792,2792,0,0.30905182072812964,0.35724809765815735,0.33432863065893104,0.2970436215400696,0.3109871997316125
2234,2793,2793,0,0.939264664146251,0.9806951880455017,0.9577757210462754,0.900551438331604,0.9144950165231469
2235,2794,2794,0,-0.46492122700517724,-0.41588833928108215,-0.43880780628030847,-0.4699511229991913,-0.4560075448076484
2236,2795,2795,0,2.4857224316328232,2.505340576171875,2.4824211091726487,2.4556963443756104,2.4696399225671533
2237,2796,2796,0,0.6940385789602463,0.7464237809181213,0.723504313918895,0.6953010559082031,0.709244634099746
2238,2798,2798,0,1.031745681258983,1.0119636058807373,0.989044138881511,0.9794173240661621,0.993360902257705
2239,2800,2800,0,0.4846270770757859,0.5359243750572205,0.5130049080579941,0.4844631850719452,0.4984067632634881
2240,2801,2801,0,0.015479927602357146,0.032932721078395844,0.010013254079169503,0.06655117869377136,0.08049475688531427
2241,2802,2802,0,1.6715139240949815,1.6358089447021484,1.6128894777029221,1.6597987413406372,1.6737423195321801
2242,2804,2804,0,-0.4438143282205398,-0.4163798391819,-0.43929930618112634,-0.47431179881095886,-0.46036822061941596
2243,2805,2805,0,-2.2307683139116103,-2.3023808002471924,-2.3253002672464187,-2.263700246810913,-2.24975666861937
2244,2806,2806,0,-0.02900240412061763,-0.08833705633878708,-0.11125652333801342,-0.057266563177108765,-0.04332298498556586
2245,2807,2807,0,1.6466897816389268,1.7249650955200195,1.7020456285207932,1.6105847358703613,1.6245283140619042
2246,2808,2808,0,0.9370742530554002,0.9222279191017151,0.8993084521024888,0.893975019454956,0.907918597646499
2247,2810,2810,0,-1.6828462987214858,-1.6749684810638428,-1.697887948063069,-1.6595344543457031,-1.6455908761541602
2248,2811,2811,0,0.45666391560728004,0.5625306367874146,0.5396111697881882,0.4708023965358734,0.4847459747274163
2249,2813,2813,0,0.3711200744836991,0.40857166051864624,0.38565219351941993,0.33074235916137695,0.34468593735291986
2250,2814,2814,0,1.4640899986952012,1.5220762491226196,1.4991567821233933,1.4753673076629639,1.4893108858545068
2251,2816,2816,0,1.278527268859691,1.346034288406372,1.3231148214071458,1.2637256383895874,1.2776692165811303
2252,2817,2817,0,1.0344896406858628,1.0417389869689941,1.0188195199697678,1.0117363929748535,1.0256799711663964
2253,2818,2818,0,-1.0917272477418716,-1.0969606637954712,-1.1198801307946975,-1.0857325792312622,-1.0717890010397193
2254,2820,2820,0,-1.5206347613603408,-1.3937923908233643,-1.4167118578225906,-1.5183624029159546,-1.5044188247244117
2255,2821,2821,0,2.1760543675153916,2.1874849796295166,2.1645655126302903,2.14328670501709,2.1572302832086327
2256,2823,2823,-1,1.143005442304355,1.1846568584442139,1.1617373914449876,1.141815185546875,1.155758763738418
2257,2824,2824,0,1.1281192393034165,1.126171350479126,1.1032518834798997,1.086378812789917,1.10032239098146
2258,2825,2825,0,1.8058834166258042,1.8357124328613281,1.8127929658621018,1.7602394819259644,1.7741830601175073
2259,2826,2826,0,0.25418219873601844,0.2551192343235016,0.23219976732427525,0.23081296682357788,0.24475654501512079
2260,2827,2827,0,-0.27945595076387475,-0.26680901646614075,-0.28972848346536706,-0.3170570433139801,-0.3031134651224372
2261,2828,2828,0,2.1716410011976426,2.2058591842651367,2.1829397172659104,2.1301658153533936,2.1441093935449365
2262,2829,2829,0,0.6246578187673753,0.5890811085700989,0.5661616415708726,0.5737625360488892,0.5877061142404321
2263,2830,2830,0,0.9821289868086045,0.9596007466316223,0.936681279632396,0.9688824415206909,0.9828260197122338
2264,2832,2832,0,-1.63470970681017,-1.5959126949310303,-1.6188321619302566,-1.6582146883010864,-1.6442711101095435
2265,2834,2834,0,1.3327883572309678,1.3657491207122803,1.342829653713054,1.2832040786743164,1.2971476568658593
2266,2839,2839,0,-0.20335765769785,-0.23325470089912415,-0.25617416789835046,-0.2639501690864563,-0.2500065908949134
2267,2840,2840,0,1.3262132496565049,1.3321354389190674,1.309215971919841,1.306348204612732,1.3202917828042748
2268,2841,2841,0,-0.4842609672815139,-0.4786284863948822,-0.5015479533941085,-0.5627528429031372,-0.5488092647115943
2269,2842,2842,0,1.7452515454023545,1.7619556188583374,1.739036151859111,1.6809768676757812,1.6949204458673242
2270,2843,2843,0,1.012604484054393,1.0683425664901733,1.045423099490947,1.0077571868896484,1.0217007650811913
2271,2844,2844,0,-0.7129225640565688,-0.7168124318122864,-0.7397318988115127,-0.7231763601303101,-0.7092327819387672
2272,2845,2845,0,1.6536581606596177,1.733834981918335,1.7109155149191086,1.5672074556350708,1.5811510338266137
2273,2846,2846,0,-3.084632506874257,-3.0879476070404053,-3.1108670740396316,-3.0125949382781982,-2.9986513600866553
2274,2847,2847,0,2.1332918495863145,2.116898775100708,2.0939793081014817,2.126720666885376,2.140664245076919
2275,2848,2848,0,0.4389190168111985,0.5042043924331665,0.4812849254339402,0.43843647837638855,0.45238005656793145
2276,2849,2849,0,-1.5538556485444839,-1.536075234413147,-1.5589947014123733,-1.5905427932739258,-1.5765992150823829
2277,2850,2850,0,0.8714532346456711,0.8526646494865417,0.8297451824873154,0.8220126628875732,0.8359562410791161
2278,2851,2851,0,-0.06939308187072826,-0.08929523080587387,-0.11221469780510021,-0.12575729191303253,-0.11181371372148963
2279,2852,2852,0,0.9339281410902207,1.0178108215332031,0.9948913545339768,0.8699014186859131,0.883844996877456
2280,2853,2853,0,2.3026145786970322,2.314892053604126,2.2919725866048997,2.2514030933380127,2.2653466715295556
2281,2855,2855,0,-2.778452506569081,-2.739942789077759,-2.762862256076985,-2.787400722503662,-2.773457144312119
2282,2856,2856,0,2.91458548018629,2.946596622467041,2.9236771554678147,2.8430073261260986,2.8569509043176415
2283,2857,2857,0,-0.15253587653940273,-0.12272294610738754,-0.14564241310661388,-0.18273702263832092,-0.16879344444677802
2284,2858,2858,0,1.4123761744230454,1.4365006685256958,1.4135812015264695,1.4261428117752075,1.4400863899667504
2285,2859,2859,0,0.5010731906622117,0.533353328704834,0.5104338617056077,0.4804936647415161,0.494437242933059
2286,2860,2860,0,-0.40156545331781457,-0.3020232319831848,-0.3249426989824111,-0.45030221343040466,-0.43635863523886176
2287,2861,2861,0,-0.4894876985818679,-0.4057122766971588,-0.4286317436963851,-0.4834922254085541,-0.4695486472170112
2288,2862,2862,0,1.0964173168867295,1.1303277015686035,1.1074082345693772,1.0424773693084717,1.0564209475000146
2289,2863,2863,0,1.941619286033458,1.9084935188293457,1.8855740518301194,1.8775452375411987,1.8914888157327416
2290,2864,2864,0,-0.1465327053338821,-0.18207666277885437,-0.2049961297780807,-0.16677913069725037,-0.15283555250570746
2291,2865,2865,-1,-2.9404165032675444,-2.9488329887390137,-2.97175245573824,-2.9462668895721436,-2.9323233113806007
2292,2866,2866,0,-3.594414821174794,-3.598630666732788,-3.6215501337320144,-3.524256706237793,-3.51031312804625
2293,2867,2867,0,0.39192540356809547,0.4512563645839691,0.4283368975847428,0.3786490261554718,0.3925926043470147
2294,2868,2868,0,-0.48371951868837426,-0.3860495388507843,-0.4089690058500106,-0.5095071792602539,-0.495563601068711
2295,2869,2869,0,1.6065603584974473,1.6400535106658936,1.6171340436666672,1.5914605855941772,1.6054041637857202
2296,2870,2870,0,-0.9099352865487869,-0.9103649854660034,-0.9332844524652297,-0.8728280067443848,-0.8588844285528419
2297,2871,2871,0,1.0000398249357407,1.0169230699539185,0.9940036029546921,0.9890780448913574,1.0030216230829003
2298,2872,2872,-1,-2.821537661867398,-2.8356947898864746,-2.858614256885701,-2.8094546794891357,-2.795511101297593
2299,2873,2873,0,-1.2628053336412246,-1.2399874925613403,-1.2629069595605666,-1.2674177885055542,-1.2534742103140113
2300,2875,2875,0,2.164712557288951,2.165966510772705,2.1430470437734788,2.1627860069274902,2.176729585119033
2301,2876,2876,0,-0.6920657663614089,-0.7605780959129333,-0.7834975629121597,-0.6833850145339966,-0.6694414363424537
2302,2880,2880,0,-1.4208938985139663,-1.4364607334136963,-1.4593802004129226,-1.3937164545059204,-1.3797728763143775
2303,2881,2881,0,2.2214764446943467,2.2289469242095947,2.2060274572103684,2.2195446491241455,2.2334882273156884
2304,2882,2882,0,2.242424377891368,2.3185431957244873,2.295623728725261,2.215886116027832,2.229829694219375
2305,2883,2883,-1,1.6064815041253389,1.66448974609375,1.6415702790945237,1.5793288946151733,1.5932724728067162
2306,2884,2884,0,1.5217915863722031,1.5276260375976562,1.50470657059843,1.4738589525222778,1.4878025307138207
2307,2885,2885,0,0.23887173244649815,0.26096734404563904,0.2380478770464127,0.20887623727321625,0.22281981546475915
2308,2886,2886,0,-2.222894301918202,-2.280775785446167,-2.3036952524453933,-2.202638626098633,-2.18869504790709
2309,2887,2887,-1,0.6923964735696138,0.7513403296470642,0.7284208626478379,0.6795971393585205,0.6935407175500634
2310,2888,2888,0,2.9404677242963975,2.974165201187134,2.9512457341879075,2.8564937114715576,2.8704372896631005
2311,2890,2890,0,0.2806357235639756,0.32942482829093933,0.306505361291713,0.21814598143100739,0.2320895596225503
2312,2891,2891,0,-0.12475958308284832,-0.061726443469524384,-0.08464591046875072,-0.13740907609462738,-0.12346549790308448
2313,2892,2892,0,1.7566882462232773,1.7802019119262695,1.7572824449270432,1.756890892982483,1.7708344711740258
2314,2893,2893,-1,0.8838740107247651,0.9235922694206238,0.9006728024213975,0.8720674514770508,0.8860110296685937
2315,2894,2894,0,2.3815361351698106,2.410517930984497,2.3875984639852708,2.3141865730285645,2.3281301512201074
2316,2896,2896,0,-0.5849466829568679,-0.573543131351471,-0.5964625983506973,-0.5719224214553833,-0.5579788432638404
2317,2897,2897,0,1.1199199051588242,1.1374907493591309,1.1145712823599045,1.0649609565734863,1.0789045347650292
2318,2899,2899,0,2.9253915638654893,2.9043192863464355,2.8813998193472092,2.8216969966888428,2.8356405748803857
2319,2900,2900,0,-1.4262336402208144,-1.4593825340270996,-1.482302001026326,-1.391493558883667,-1.377549980692124
2320,2901,2901,0,1.3898729176252549,1.4695347547531128,1.4466152877538865,1.4429994821548462,1.456943060346389
2321,2903,2903,0,1.6514226288526719,1.6646755933761597,1.6417561263769334,1.6278718709945679,1.6418154491861108
2322,2904,2904,0,1.4836766810148423,1.5344898700714111,1.5115704030721848,1.4612083435058594,1.4751519216974023
2323,2905,2905,0,-2.2768222003251846,-2.277466058731079,-2.3003855257303054,-2.298631429672241,-2.2846878514806983
2324,2906,2906,0,-1.1121534018785293,-1.134083867073059,-1.1570033340722854,-1.0895198583602905,-1.0755762801687476
2325,2907,2907,0,2.1606973499983018,2.2282931804656982,2.205373713466472,2.108968496322632,2.1229120745141747
2326,2908,2908,0,-2.5604761748582656,-2.5740644931793213,-2.5969839601785476,-2.5937907695770264,-2.5798471913854835
2327,2910,2910,0,1.550043472740001,1.572506308555603,1.5495868415563767,1.543819785118103,1.557763363309646
2328,2911,2911,0,0.9510688276022141,0.9552569389343262,0.9323374719350999,0.9011925458908081,0.915136124082351
2329,2912,2912,0,0.16347875604326176,0.18635806441307068,0.16343859741384434,0.17026346921920776,0.18420704741075067
2330,2913,2913,0,-0.14193484773939205,-0.11650852113962173,-0.13942798813884807,-0.20039254426956177,-0.18644896607801886
2331,2915,2915,0,1.834033975097484,1.872016191482544,1.8490967244833176,1.8001500368118286,1.8140936150033715
2332,2916,2916,0,0.10179262766534733,0.15182176232337952,0.12890229532415318,0.08368870615959167,0.09763228435113458
2333,2918,2918,0,1.5693161577909653,1.6159346103668213,1.593015143367595,1.5192526578903198,1.5331962360818627
2334,2919,2919,0,0.0840745882123177,0.11071906238794327,0.08779959538871693,0.11299408972263336,0.12693766791417627
2335,2920,2920,0,1.9478195996015732,2.008073091506958,1.9851536245077317,1.911537528038025,1.9254811062295678
2336,2921,2921,0,0.48990554520780494,0.5031293630599976,0.48020989606077125,0.44453054666519165,0.45847412485673456
2337,2922,2922,0,-0.6720387249261672,-0.5931758284568787,-0.616095295456105,-0.6330100297927856,-0.6190664516012427
2338,2923,2923,0,2.8123945088117783,2.7984683513641357,2.7755488843649094,2.7787201404571533,2.7926637186486962
2339,2924,2924,0,1.3435354323118394,1.2688255310058594,1.245906064006633,1.2321680784225464,1.2461116566140893
2340,2925,2925,0,0.5216195673673814,0.6012037396430969,0.5782842726438706,0.5240995287895203,0.5380431069810632
2341,2928,2928,0,2.3381310791700547,2.335578203201294,2.3126587362020676,2.2994296550750732,2.313373233266616
2342,2929,2929,0,-1.952168932464772,-1.956054925918579,-1.9789743929178054,-1.9938715696334839,-1.979927991441941
2343,2930,2930,0,1.8601303190916245,1.93070387840271,1.9077844114034836,1.8225646018981934,1.8365081800897363
2344,2931,2931,-1,-2.9219886544516265,-2.9613616466522217,-2.984281113651448,-3.057992458343506,-3.044048880151963
2345,2932,2932,0,0.3756134898393815,0.3932383060455322,0.3703188390463059,0.3152562081813812,0.32919978637292413
2346,2936,2936,0,-0.815177908447438,-0.8786131739616394,-0.9015326409608657,-0.8365211486816406,-0.8225775704900977
2347,2937,2937,0,1.8836338610380357,1.9240431785583496,1.9011237115591233,1.8591690063476562,1.8731125845391992
2348,2939,2939,0,-1.2206067948610122,-1.231773018836975,-1.2546924858362014,-1.2201844453811646,-1.2062408671896216
2349,2940,2940,0,-2.47919212868517,-2.488027334213257,-2.510946801212483,-2.502310037612915,-2.488366459421372
2350,2941,2941,0,2.49584711501295,2.516472816467285,2.493553349468059,2.495433807373047,2.50937738556459
2351,2943,2943,0,0.24740377971822666,0.24989834427833557,0.22697887727910923,0.2652709484100342,0.2792145266015771
2352,2944,2944,0,-1.5306169896394546,-1.5444012880325317,-1.567320755031758,-1.5644704103469849,-1.550526832155442
2353,2945,2945,0,0.9553698987692063,1.0159107446670532,0.9929912776678269,0.911069393157959,0.9250129713495019
2354,2946,2946,0,-0.06658811708992077,-0.04653871804475784,-0.06945818504398418,-0.12479734420776367,-0.11085376601622077
2355,2947,2947,0,-0.44479804327791284,-0.5163343548774719,-0.5392538218766982,-0.4144592583179474,-0.4005156801264045
2356,2948,2948,0,2.845254549476451,2.8818037509918213,2.858884283992595,2.8236842155456543,2.837627793737197
2357,2950,2950,0,-1.990153780487233,-1.9859442710876465,-2.008863738086873,-1.9350003004074097,-1.9210567222158668
2358,2951,2951,0,-0.9112440257341201,-1.0039799213409424,-1.0268993883401687,-0.9115862846374512,-0.8976427064459083
2359,2952,2952,0,1.1708674521177476,1.1661686897277832,1.143249222728557,1.1849713325500488,1.1989149107415917
2360,2953,2953,0,1.674952158424205,1.7353705167770386,1.7124510497778123,1.6795263290405273,1.6934699072320702
2361,2954,2954,0,1.1448783964842026,1.1893486976623535,1.1664292306631272,1.135443925857544,1.1493875040490868
2362,2955,2955,0,-2.1816404967576797,-2.198906183242798,-2.221825650242024,-2.2019927501678467,-2.1880491719763038
2363,2956,2956,0,0.3904140085905259,0.4288097321987152,0.4058902651994889,0.4057382643222809,0.4196818425138238
2364,2957,2957,0,0.8394342751234238,0.8550357222557068,0.8321162552564805,0.8070996999740601,0.821043278165603
2365,2958,2958,0,-0.4865663259298141,-0.49231746792793274,-0.515236934927159,-0.5233943462371826,-0.5094507680456397
2366,2960,2960,0,-0.772229841259175,-0.7485539317131042,-0.7714733987123306,-0.7827919721603394,-0.7688483939687965
2367,2961,2961,0,-1.2800714879304702,-1.3524221181869507,-1.375341585186177,-1.197076678276062,-1.183133100084519
2368,2962,2962,0,1.759233245345897,1.7639715671539307,1.7410521001547044,1.7156052589416504,1.7295488371331933
2369,2967,2967,0,-0.10449503948991848,-0.12026097625494003,-0.14318044325416637,-0.10494819283485413,-0.09100461464331122
2370,2969,2969,0,1.6323596329420273,1.6810427904129028,1.6581233234136765,1.6078604459762573,1.6218040241678002
2371,2970,2970,0,1.540541061851329,1.594029188156128,1.5711097211569016,1.5441354513168335,1.5580790295083764
2372,2971,2971,0,-0.32011895468538354,-0.32954856753349304,-0.35246803453271935,-0.3076583743095398,-0.2937147961179969
2373,2972,2972,0,0.019261454883164643,0.04224280267953873,0.019323335680312387,0.02077489346265793,0.03471847165420083
2374,2973,2973,0,-0.03715336537068439,-0.017987988889217377,-0.04090745588844372,-0.0015325620770454407,0.012411016114497464
2375,2974,2974,0,1.4196616501539414,1.450587511062622,1.4276680440633958,1.4163984060287476,1.4303419842202905
2376,2975,2975,0,-0.9256163745195205,-0.8853396773338318,-0.9082591443330581,-0.8846081495285034,-0.8706645713369605
2377,2976,2976,0,0.5889368147581284,0.5871415734291077,0.5642221064298814,0.5344705581665039,0.5484141363580468
2378,2977,2977,-1,-0.4152905228903472,-0.416031152009964,-0.4389506190091903,-0.44480082392692566,-0.43085724573538275
2379,2981,2981,0,-4.3461335807115375,-4.364836692810059,-4.387756159809285,-4.366560935974121,-4.352617357782578
2380,2982,2982,0,0.8236545414655869,0.8174751400947571,0.7945556730955308,0.7844160795211792,0.7983596577127221
2381,2983,2983,0,-4.427050939109975,-4.366635799407959,-4.389555266407186,-4.362590312957764,-4.348646734766221
2382,2984,2984,0,-0.9931021838456924,-1.0627734661102295,-1.0856929331094558,-0.9995489120483398,-0.9856053338567969
2383,2985,2985,0,-0.1305191873580749,-0.08738093823194504,-0.11030040523117138,-0.051893800497055054,-0.03795022230551215
2384,2986,2986,0,0.5348567456930344,0.533469557762146,0.5105500907629197,0.4825409948825836,0.4964845730741265
2385,2987,2987,0,-2.3599678187639053,-2.3930861949920654,-2.4160056619912917,-2.334803342819214,-2.320859764627671
2386,2988,2988,0,-1.1832264571458633,-1.2271499633789062,-1.2500694303781326,-1.2388995885849,-1.224956010393357
2387,2990,2990,0,1.2916890473097031,1.3421498537063599,1.3192303867071336,1.292268991470337,1.3062125696618798
2388,2991,2991,0,0.32386300871068885,0.3781696856021881,0.3552502186029618,0.3645469844341278,0.3784905626256707
2389,2993,2993,0,-3.1086653380662734,-3.06557297706604,-3.0884924440652664,-3.094813585281372,-3.080870007089829
2390,2994,2994,0,0.7114656657903855,0.7584924101829529,0.7355729431837266,0.6862304210662842,0.7001739992578271
2391,2995,2995,-1,1.1283071753213227,1.1301618814468384,1.107242414447612,1.1073013544082642,1.121244932599807
2392,2996,2996,0,-0.8334481625825698,-0.7476781010627747,-0.770597568062001,-0.7985744476318359,-0.784630869440293
2393,2997,2997,0,-0.5140925555497939,-0.4396303594112396,-0.46254982641046594,-0.5165071487426758,-0.5025635705511329
2394,2998,2998,0,0.36438311049634864,0.42882177233695984,0.4059023053377335,0.30491888523101807,0.31886246342256097
2395,2999,2999,0,-1.0226619153291518,-0.9726206660270691,-0.9955401330262954,-1.0217236280441284,-1.0077800498525855
2396,3000,3000,0,-0.7287394910127456,-0.777985692024231,-0.8009051590234573,-0.7975640296936035,-0.7836204515020606
2397,3002,3002,0,1.6359495014875596,1.6601030826568604,1.637183615657634,1.6239041090011597,1.6378476871927026
2398,3003,3003,0,2.343941816779918,2.367656946182251,2.3447374791830247,2.2970492839813232,2.310992862172866
2399,3004,3004,0,1.0720447392194932,1.0998669862747192,1.076947519275493,1.0624377727508545,1.0763813509423974
2400,3005,3005,0,1.873184809181041,1.9392127990722656,1.9162933320730393,1.8481978178024292,1.862141395993972
2401,3006,3006,0,-0.44154476216142724,-0.4217435419559479,-0.4446630089551742,-0.4609852731227875,-0.44704169493124457
2402,3007,3007,0,1.1255343050687974,1.1574740409851074,1.134554573985881,1.0680278539657593,1.0819714321573022
2403,3008,3008,0,-0.23762100031679226,-0.285784512758255,-0.3087039797574813,-0.24602451920509338,-0.23208094101355048
2404,3010,3010,0,2.386720070335216,2.455214262008667,2.4322947950094407,2.367938995361328,2.381882573552871
2405,3011,3011,0,0.3227933139532273,0.315315842628479,0.2923963756292527,0.28384318947792053,0.29778676766946344
2406,3012,3012,0,-0.7147627382547195,-0.6845294833183289,-0.7074489503175552,-0.6915227174758911,-0.6775791392843482
2407,3016,3016,0,1.3685362429350083,1.4080547094345093,1.385135242435283,1.386026382446289,1.399969960637832
2408,3017,3017,0,-3.51978050759142,-3.5703060626983643,-3.5932255296975906,-3.4480245113372803,-3.4340809331457374
2409,3018,3018,-1,-0.764441657381314,-0.7640426754951477,-0.786962142494374,-0.7960652112960815,-0.7821216331045386
2410,3019,3019,0,1.3071547836988633,1.306129813194275,1.2832103461950486,1.2759461402893066,1.2898897184808495
2411,3022,3022,0,0.11663435557777332,0.1445935070514679,0.12167404005224156,0.12535202503204346,0.13929560322358636
2412,3023,3023,0,1.4544975847929185,1.5069308280944824,1.484011361095256,1.4755703210830688,1.4895138992746118
2413,3024,3024,0,-1.7903498320848281,-1.7942392826080322,-1.8171587496072585,-1.7394574880599976,-1.7255139098684547
2414,3025,3025,0,-1.9711301236421401,-2.0248513221740723,-2.0477707891732986,-1.9836033582687378,-1.9696597800771949
2415,3026,3026,0,-0.7129822879106338,-0.7088973522186279,-0.7318168192178542,-0.7025610208511353,-0.6886174426595923
2416,3028,3028,0,1.0095896811216538,1.0228607654571533,0.999941298457927,0.985431432723999,0.9993750109155419
2417,3029,3029,0,0.3692570121019547,0.4123782515525818,0.3894587845533555,0.38563743233680725,0.39958101052835016
2418,3031,3031,0,0.11816620984966206,0.036934055387973785,0.014014588388747445,0.09683551639318466,0.11077909458472757
2419,3033,3033,0,1.0771869511335557,1.0930957794189453,1.070176312419719,1.058416485786438,1.072360063977981
2420,3034,3034,0,-1.4026594071656997,-1.4116690158843994,-1.4345884828836257,-1.4039673805236816,-1.3900238023321387
2421,3035,3035,0,1.4332922787397568,1.4613432884216309,1.4384238214224045,1.4169718027114868,1.4309153809030297
2422,3036,3036,0,-2.0266128688127334,-2.0095510482788086,-2.032470515278035,-1.9884666204452515,-1.9745230422537086
2423,3037,3037,0,1.3119553417890732,1.34515380859375,1.3222343415945237,1.2971153259277344,1.3110589041192773
2424,3039,3039,0,1.8620711655348008,1.9089399576187134,1.886020490619487,1.8344765901565552,1.848420168348098
2425,3040,3040,0,0.6926779837339585,0.7198902368545532,0.6969707698553269,0.6819227933883667,0.6958663715799096
2426,3041,3041,0,1.0818792671888535,1.1042542457580566,1.0813347787588303,1.0404390096664429,1.0543825878579858
2427,3042,3042,0,2.4591559262006943,2.5252201557159424,2.502300688716716,2.403266429901123,2.417210008092666
2428,3043,3043,0,0.27752090403730323,0.30474787950515747,0.28182841250593116,0.2411775439977646,0.2551211221893075
2429,3044,3044,0,1.7507100195615952,1.766966700553894,1.7440472335546677,1.7163046598434448,1.7302482380349877
2430,3045,3045,0,-0.48190759709184716,-0.47948822379112244,-0.5024076907903487,-0.4068973660469055,-0.3929537878553626
2431,3047,3047,0,0.9254830569952195,0.8820182681083679,0.8590988011091416,0.8503590822219849,0.8643026604135278
2432,3048,3048,0,-3.112695088890248,-3.1272857189178467,-3.150205185917073,-3.070223569869995,-3.056279991678452
2433,3049,3049,0,0.38754034945661475,0.4225127696990967,0.39959330269987037,0.4073936641216278,0.4213372423131707
2434,3050,3050,0,1.057810315582103,1.1171112060546875,1.0941917390554612,1.0258227586746216,1.0397663368661645
2435,3051,3051,0,-2.205973020103627,-2.1643834114074707,-2.187302878406697,-2.2071845531463623,-2.1932409749548194
2436,3054,3054,0,2.003952393028087,2.053647994995117,2.030728527995891,1.97821843624115,1.9921620144326928
2437,3055,3055,0,0.5418041438787644,0.5653052926063538,0.5423858256071274,0.4753986895084381,0.489342267699981
2438,3056,3056,0,0.5455604881971543,0.5758402347564697,0.5529207677572434,0.5848164558410645,0.5987600340326074
2439,3057,3057,0,1.0423884482114976,1.0410891771316528,1.0181697101324265,1.0741475820541382,1.088091160245681
2440,3060,3060,0,2.445863851997203,2.4812510013580322,2.458331534358806,2.360165596008301,2.3741091741998437
2441,3061,3061,0,1.2778458685606187,1.2640875577926636,1.2411680907934373,1.211093783378601,1.225037361570144
2442,3062,3062,0,-4.725406518486196,-4.770244598388672,-4.793164065387899,-4.670572280883789,-4.656628702692246
2443,3063,3063,0,2.3887940735548203,2.3878796100616455,2.364960143062419,2.3628695011138916,2.3768130793054345
2444,3064,3064,0,-0.069733290281945,-0.09796061366796494,-0.12088008066719128,-0.052357643842697144,-0.03841406565115424
2445,3066,3066,0,-1.7473862080842788,-1.7660343647003174,-1.7889538316995437,-1.6867753267288208,-1.672831748537278
2446,3067,3067,0,0.21303101787263798,0.28621751070022583,0.2632980437009995,0.23397976160049438,0.2479233397920373
2447,3068,3068,0,0.5129379720419114,0.48643016815185547,0.46351070115262916,0.5151563882827759,0.5290999664743188
2448,3069,3069,0,-0.28183000376527856,-0.29872429370880127,-0.3216437607080276,-0.32706180214881897,-0.31311822395727607
2449,3070,3070,0,1.2923719973295396,1.3591668605804443,1.336247393581218,1.2505813837051392,1.264524961896682
2450,3071,3071,-1,1.544680428189975,1.5625927448272705,1.5396732778280442,1.5168567895889282,1.5308003677804711
2451,3072,3072,0,-1.0194280057222183,-0.9511645436286926,-0.9740840106279189,-1.070431113243103,-1.0564875350515601
2452,3073,3073,0,2.6751571984022324,2.664240598678589,2.6413211316793626,2.6247293949127197,2.6386729731042626
2453,3074,3074,0,-0.2016801743776138,-0.1997431218624115,-0.22266258886163784,-0.24127379059791565,-0.22733021240637274
2454,3075,3075,-1,0.553304981870395,0.5748516321182251,0.5519321651189988,0.5541518926620483,0.5680954708535912
2455,3077,3077,0,-1.134025564697438,-1.151355504989624,-1.1742749719888503,-1.110536813735962,-1.096593235544419
2456,3078,3078,0,1.8604279846876328,1.8557088375091553,1.832789370509929,1.8174742460250854,1.8314178242166284
2457,3080,3080,0,1.4662474484174912,1.5236605405807495,1.5007410735815232,1.4466079473495483,1.4605515255410912
2458,3081,3081,0,0.16627941438848423,0.16967827081680298,0.14675880381757664,0.164777010679245,0.1787205888707879
2459,3082,3082,0,-0.3248096018106277,-0.2736751139163971,-0.2965945809156234,-0.356884628534317,-0.3429410503427741
2460,3083,3083,0,1.9228891224592393,2.0013375282287598,1.9784180612295335,1.8767778873443604,1.8907214655359033
2461,3084,3084,0,2.298238405677623,2.3123574256896973,2.289437958690471,2.255796432495117,2.26974001068666
2462,3085,3085,0,-1.5727913289338882,-1.5655148029327393,-1.5884342699319656,-1.605108618736267,-1.5911650405447242
2463,3086,3086,0,-2.0909014849931533,-2.0818727016448975,-2.1047921686441238,-2.1243622303009033,-2.1104186521093604
2464,3087,3087,0,1.8576387257307236,2.017179489135742,1.9942600221365159,1.8173061609268188,1.8312497391183618
2465,3088,3088,0,1.426132807227916,1.3878569602966309,1.3649374932974045,1.3484151363372803,1.3623587145288232
2466,3089,3089,0,-2.0905562548906143,-2.1045751571655273,-2.1274946241647537,-2.150566339492798,-2.136622761301255
2467,3091,3091,0,1.3789070934980576,1.4525996446609497,1.4296801776617234,1.3510736227035522,1.3650172008950952
2468,3092,3092,0,-0.6639636664659316,-0.6280785202980042,-0.6509979872972305,-0.6861504316329956,-0.6722068534414527
2469,3093,3093,0,0.22893364140684055,0.24644684791564941,0.22352738091642307,0.15448026359081268,0.1684238417823556
2470,3094,3094,0,2.131302008125133,2.1655662059783936,2.1426467389791672,2.1019833087921143,2.115926886983657
2471,3095,3095,0,-2.3268264441758926,-2.294301986694336,-2.3172214536935622,-2.252652406692505,-2.238708828500962
2472,3096,3096,0,2.7767318577497666,2.8015730381011963,2.77865357110197,2.7357921600341797,2.7497357382257226
2473,3097,3097,0,1.3999129624098008,1.4449632167816162,1.42204374978239,1.379348874092102,1.393292452283645
2474,3099,3099,0,1.9141804070203965,2.0169012546539307,1.9939817876547044,1.9287185668945312,1.9426621450860742
2475,3100,3100,0,-0.13139062216585232,-0.05268528312444687,-0.07560475012367321,-0.10491938889026642,-0.09097581069872351
2476,3101,3101,0,-1.8056323437959487,-1.794899344444275,-1.8178188114435012,-1.799866795539856,-1.785923217348313
2477,3102,3102,0,2.094404348823375,2.136967420578003,2.1140479535787766,2.1105451583862305,2.1244887365777734
2478,3103,3103,0,1.6628967613905137,1.673609972000122,1.6506905050008958,1.6532925367355347,1.6672361149270776
2479,3104,3104,0,1.4657189936369126,1.4864193201065063,1.46349985310728,1.4517337083816528,1.4656772865731957
2480,3105,3105,0,1.539384612533397,1.596943736076355,1.5740242690771287,1.5003851652145386,1.5143287434060815
2481,3106,3106,0,0.7873783201902573,0.8503149151802063,0.82739544818098,0.7487726211547852,0.7627161993463281
2482,3107,3107,0,1.7558291048734849,1.7732309103012085,1.7503114433019822,1.7594456672668457,1.7733892454583886
2483,3108,3108,-1,0.6138804670998872,0.6344543099403381,0.6115348429411118,0.5634453296661377,0.5773889078576806
2484,3109,3109,0,1.9046595186918442,1.9320688247680664,1.90914935776884,1.8847346305847168,1.8986782087762597
2485,3110,3110,-1,-4.0860053780844385,-4.164456844329834,-4.187376311329061,-4.142642498016357,-4.1286989198248145
2486,3112,3112,0,0.9872732252805894,0.9944906234741211,0.9715711564748948,0.9279344081878662,0.9418779863794091
2487,3113,3113,0,1.639988073798961,1.7050851583480835,1.6821656913488572,1.640256643295288,1.654200221486831
2488,3114,3114,0,-1.2644772439271743,-1.1954675912857056,-1.2183870582849319,-1.2798593044281006,-1.2659157262365577
2489,3115,3115,0,1.820888289901561,1.8523695468902588,1.8294500798910325,1.8200184106826782,1.8339619888742211
2490,3117,3117,0,-3.199329724815541,-3.2140614986419678,-3.236980965641194,-3.1159322261810303,-3.1019886479894874
2491,3119,3119,0,-0.21359596243208004,-0.18514269590377808,-0.20806216290300442,-0.2226148545742035,-0.2086712763826606
2492,3120,3120,0,0.6831622810095017,0.6786544322967529,0.6557349652975266,0.6521350145339966,0.6660785927255395
2493,3121,3121,0,-2.3679050116807754,-2.339397668838501,-2.3623171358377273,-2.346468687057495,-2.332525108865952
2494,3122,3122,0,1.4842931122511094,1.5352790355682373,1.512359568569011,1.4781016111373901,1.492045189328933
2495,3123,3123,-1,-2.3215767625143706,-2.402428388595581,-2.4253478555948074,-2.3159477710723877,-2.302004192880845
2496,3124,3124,0,-0.6791255979806716,-0.7032182812690735,-0.7261377482682998,-0.6188557147979736,-0.6049121366064307
2497,3125,3125,0,2.108132729026622,2.159201145172119,2.136281678172893,2.0708200931549072,2.08476367134645
2498,3126,3126,0,2.1496728749006455,2.1395516395568848,2.1166321725576585,2.164687156677246,2.178630734868789
2499,3127,3127,0,2.306294569465465,2.352463483810425,2.3295440168111985,2.3035972118377686,2.3175407900293115
2500,3128,3128,0,0.7645126671522324,0.7317164540290833,0.7087969870298569,0.6866910457611084,0.7006346239526513
2501,3130,3130,0,1.4288507790296738,1.4472227096557617,1.4243032426565354,1.3792692422866821,1.393212820478225
2502,3131,3131,0,-0.12246443918054653,-0.11499845236539841,-0.13791791936462475,-0.10872252285480499,-0.09477894466326209
2503,3133,3133,0,1.8454763979643052,1.9116531610488892,1.8887336940496628,1.8216346502304077,1.8355782284219506
2504,3134,3134,0,1.5206594557493394,1.536541223526001,1.5136217565267747,1.4913080930709839,1.5052516712625268
2505,3135,3135,0,1.0766599268644517,1.117221713066101,1.0943022460668748,1.0706504583358765,1.0845940365274194
2506,3136,3136,0,1.4858324618070786,1.5627492666244507,1.5398297996252244,1.3521090745925903,1.3660526527841332
2507,3137,3137,0,2.167320141288585,2.207868814468384,2.1849493474691575,2.116558074951172,2.130501653142715
2508,3138,3138,0,-0.8582414894372756,-0.8776192665100098,-0.9005387335092361,-0.8851091861724854,-0.8711656079809424
2509,3139,3139,0,-0.6759078412324722,-0.6908004879951477,-0.713719954994374,-0.6479862928390503,-0.6340427146475074
2510,3140,3140,0,2.3164533467024033,2.293170213699341,2.2702507467001145,2.273540735244751,2.287484313436294
2511,3141,3141,0,1.1002166361540024,1.136507272720337,1.1135878057211106,1.0595067739486694,1.0734503521402123
2512,3142,3142,0,-2.726488223579579,-2.7188587188720703,-2.7417781858712966,-2.712186813354492,-2.6982432351629493
2513,3143,3143,0,0.903146454784221,0.9060828685760498,0.8831634015768235,0.8198610544204712,0.8338046326120141
2514,3144,3144,0,-0.872427812126332,-0.8308261632919312,-0.8537456302911575,-0.9323147535324097,-0.9183711753408668
2515,3145,3145,0,2.6074007839887803,2.6362006664276123,2.613281199428386,2.552499532699585,2.566443110891128
2516,3147,3147,0,-1.9053938298494155,-1.9193952083587646,-1.942314675357991,-1.8302842378616333,-1.8163406596700904
2517,3148,3148,0,-0.8243688254625137,-0.7613692283630371,-0.7842886953622634,-0.7963335514068604,-0.7823899732153174
2518,3149,3149,0,1.5916043610304063,1.6128513813018799,1.5899319143026536,1.5887573957443237,1.6027009739358666
2519,3150,3150,0,-1.572563400772267,-1.5555716753005981,-1.5784911422998245,-1.576529860496521,-1.562586282304978
2520,3151,3151,-1,0.9282887694070161,0.9616910815238953,0.938771614524669,0.8613498210906982,0.8752933992822411
2521,3152,3152,0,-2.270489564445668,-2.252729654312134,-2.27564912131136,-2.2089731693267822,-2.1950295911352393
2522,3153,3153,0,-1.6205096154481704,-1.612396478652954,-1.6353159456521804,-1.5688966512680054,-1.5549530730764625
2523,3154,3154,0,0.5614921540945237,0.6745908260345459,0.6516713590353196,0.5361334085464478,0.5500769867379907
2524,3156,3156,0,0.850111672374553,0.8651780486106873,0.8422585816114609,0.8261193037033081,0.840062881894851
2525,3158,3158,-1,0.6604290720650972,0.6916665434837341,0.6687470764845078,0.6487113237380981,0.662654901929641
2526,3161,3161,0,-1.0779158978730972,-1.0382940769195557,-1.061213543918782,-1.0646857023239136,-1.0507421241323707
2527,3162,3162,0,-0.7249161510736282,-0.7379263639450073,-0.7608458309442336,-0.7679769992828369,-0.754033421091294
2528,3166,3166,0,0.5454856843679612,0.5840666890144348,0.5611472220152085,0.5394558906555176,0.5533994688470605
2529,3168,3168,0,2.3100210518568223,2.345750570297241,2.322831103298015,2.2402279376983643,2.254171515889907
2530,3169,3169,0,1.8263378233640855,1.8115897178649902,1.788670250865764,1.7515896558761597,1.7655332340677026
2531,3170,3170,0,-1.7077412514955337,-1.7632677555084229,-1.7861872225076492,-1.7367125749588013,-1.7227689967672584
2532,3174,3174,0,2.281462797614879,2.3430237770080566,2.3201043100088303,2.2955050468444824,2.3094486250360253
2533,3175,3175,0,0.4973453969686692,0.489867627620697,0.4669481606214707,0.3910891115665436,0.4050326897580865
2534,3176,3176,0,-1.5038144498140151,-1.4674351215362549,-1.4903545885354812,-1.48011314868927,-1.4661695704977271
2535,3177,3177,0,0.5469276995390122,0.5851561427116394,0.5622366757124131,0.5433619022369385,0.5573054804284814
2536,3178,3178,0,1.280349263641185,1.2901149988174438,1.2671955318182175,1.3076505661010742,1.3215941442926171
2537,3179,3179,0,1.078649291488475,1.1508989334106445,1.1279794664114182,1.0620557069778442,1.0759992851693871
2538,3181,3181,0,1.6201610655515855,1.6495566368103027,1.6266371698110764,1.6055824756622314,1.6195260538537743
2539,3183,3183,0,1.2726085276334946,1.3019981384277344,1.279078671428508,1.2289626598358154,1.2429062380273583
2540,3185,3185,0,-0.4418730943471725,-0.37608271837234497,-0.3990021853715713,-0.4321956932544708,-0.4182521150629279
2541,3188,3188,0,-1.8234907298356826,-1.8367488384246826,-1.859668305423909,-1.8247541189193726,-1.8108105407278297
2542,3189,3189,0,-0.7290369181901748,-0.6821114420890808,-0.7050309090883071,-0.7407234907150269,-0.726779912523484
2543,3190,3190,0,3.21058739134962,3.2609751224517822,3.238055655452556,3.1496963500976562,3.163639928289199
2544,3191,3191,0,-1.7402495055467422,-1.6897897720336914,-1.7127092390329177,-1.7545424699783325,-1.7405988917867896
2545,3192,3192,0,-1.5422478823930557,-1.5249091386795044,-1.5478286056787307,-1.5361248254776,-1.5221812472860572
2546,3193,3193,0,1.0569293589323228,1.0988942384719849,1.0759747714727586,1.0811948776245117,1.0951384558160546
2547,3194,3194,0,1.3776874632566636,1.4481353759765625,1.4252159089773362,1.3464152812957764,1.3603588594873193
2548,3196,3196,0,-2.4115661292344863,-2.3719840049743652,-2.3949034719735915,-2.3581173419952393,-2.3441737638036964
2549,3197,3197,0,-2.1555408149034316,-2.2245333194732666,-2.247452786472493,-2.1921606063842773,-2.1782170281927344
2550,3199,3199,0,1.5186416001051133,1.5970457792282104,1.5741263122289841,1.4740108251571655,1.4879544033487084
2551,3200,3200,0,1.1883357853620713,1.2134642601013184,1.190544793102092,1.1866765022277832,1.200620080419326
2552,3201,3201,0,-1.3356321959764297,-1.3350529670715332,-1.3579724340707595,-1.3833338022232056,-1.3693902240316627
2553,3202,3202,-1,2.465248775167209,2.5304927825927734,2.507573315593547,2.45558762550354,2.469531203695083
2554,3203,3203,0,1.8268562645643418,1.8228294849395752,1.7999100179403489,1.7618569135665894,1.7758004917581323
2555,3204,3204,0,2.103881487342662,2.124666929244995,2.101747462245769,2.102090358734131,2.1160339369256738
2556,3206,3206,-1,1.8157740351388276,1.8508753776550293,1.827955910655803,1.7995857000350952,1.8135292782266381
2557,3207,3207,0,0.9642963499754136,1.0174744129180908,0.9945549459188645,1.0708949565887451,1.084838534780288
2558,3208,3208,0,-0.8411495595247085,-0.8787724375724792,-0.9016919045717056,-0.8279330730438232,-0.8139894948522803
2559,3209,3209,0,-0.5459179787904556,-0.533697783946991,-0.5566172509462173,-0.5646252632141113,-0.5506816850225684
2560,3210,3210,0,1.4152247996061509,1.4482539892196655,1.4253345222204392,1.4055861234664917,1.4195297016580346
2561,3211,3211,0,0.12391484687024998,0.16154292225837708,0.13862345525915074,0.06404797732830048,0.07799155551984338
2562,3213,3213,0,-0.4461847155362899,-0.4492887556552887,-0.472208222654515,-0.4192286431789398,-0.4052850649873969
2563,3214,3214,0,1.072774300071544,1.1064562797546387,1.0835368127554124,1.0339367389678955,1.0478803171594384
2564,3215,3215,0,-1.9654948621064956,-1.9381904602050781,-1.9611099272043044,-1.9210134744644165,-1.9070698962728736
2565,3217,3217,0,-1.3793095259935195,-1.4000017642974854,-1.4229212312967117,-1.3925482034683228,-1.3786046252767798
2566,3218,3218,0,2.4721077770918076,2.490161657333374,2.4672421903341477,2.405569314956665,2.419512893148208
2567,3219,3219,0,1.5147466749876206,1.5147936344146729,1.4918741674154465,1.444688081741333,1.458631659932876
2568,3220,3220,0,1.6565551848142808,1.6717121601104736,1.6487926931112473,1.6861881017684937,1.7001316799600366
2569,3221,3221,0,-0.11049890359943462,-0.07895075529813766,-0.101870222297364,-0.1517610400915146,-0.13781746189997168
2570,3222,3222,0,1.1700754255979722,1.2090712785720825,1.1861518115728562,1.1743751764297485,1.1883187546212914
2571,3223,3223,0,-2.3136302142412,-2.379084348678589,-2.402003815677815,-2.3206262588500977,-2.3066826806585548
2572,3224,3224,0,1.561217436286754,1.6142499446868896,1.5913304776876633,1.5167630910873413,1.5307066692788842
2573,3225,3225,0,-2.689054360893422,-2.7678134441375732,-2.7907329111367996,-2.7026898860931396,-2.6887463079015967
2574,3226,3226,0,1.1201695294111436,1.2080851793289185,1.1851657123296921,1.1032524108886719,1.1171959890802148
2575,3227,3227,0,-0.31803309014146874,-0.24952277541160583,-0.27244224241083215,-0.3528965413570404,-0.3389529631654975
2576,3228,3228,0,-0.02309815054839206,0.012668050825595856,-0.010251416173630484,-0.005381941795349121,0.008561636396193784
2577,3230,3230,0,-0.8453472166330154,-0.8933239579200745,-0.9162434249193008,-0.8408041000366211,-0.8268605218450782
2578,3231,3231,0,3.075746664497203,3.0960185527801514,3.073099085780925,2.988778829574585,3.002722407766128
2579,3232,3232,0,0.2290081472128098,0.2925860583782196,0.2696665913789933,0.1936054825782776,0.2075490607698205
2580,3233,3233,0,-3.010747542884999,-2.9797115325927734,-3.0026309995919997,-2.9981086254119873,-2.9841650472204444
2581,3234,3234,0,1.725172409507579,1.7655017375946045,1.7425822705953782,1.701197862625122,1.715141440816665
2582,3236,3236,0,-4.07641588738268,-4.088514804840088,-4.111434271839315,-4.049214839935303,-4.03527126174376
2583,3237,3237,0,1.9475127548902695,2.032196044921875,2.0092765779226487,1.9821587800979614,1.9961023582895043
2584,3238,3238,0,-2.060827365425282,-2.0483016967773438,-2.07122116377657,-2.050706148147583,-2.03676256995604
2585,3239,3239,0,-3.916591754463368,-3.8612124919891357,-3.884131958988362,-3.873079538345337,-3.859135960153794
2586,3240,3240,0,0.6963376493185227,0.7182807326316833,0.695361265632457,0.6844476461410522,0.6983912243325952
2587,3241,3241,0,0.2246729225843613,0.29211318492889404,0.26919371792966773,0.18472759425640106,0.19867117244794397
2588,3242,3242,0,0.34377745697194984,0.3653983473777771,0.3424788803785508,0.25583961606025696,0.26978319425179986
2589,3243,3243,0,-1.1631325392991836,-1.2067461013793945,-1.2296655683786208,-1.1768661737442017,-1.1629225955526588
2590,3244,3244,0,-1.4679766803056533,-1.4824388027191162,-1.5053582697183425,-1.3951762914657593,-1.3812327132742164
2591,3245,3245,0,-2.0495597033769424,-2.087749719619751,-2.1106691866189773,-2.037733793258667,-2.023790215067124
2592,3246,3246,0,2.033270964118785,2.0847949981689453,2.061875531169719,1.9695100784301758,1.9834536566217187
2593,3248,3248,0,-1.307284465339833,-1.2578580379486084,-1.2807775049478347,-1.3977493047714233,-1.3838057265798804
2594,3249,3249,0,-0.9101117759019668,-0.9235417246818542,-0.9464611916810806,-0.8765155076980591,-0.8625719295065162
2595,3250,3250,0,1.5982773394315903,1.6149301528930664,1.59201068589384,1.546460509300232,1.5604040874917748
2596,3252,3252,0,-0.9739788680345352,-0.9470333456993103,-0.9699528126985366,-0.9511516094207764,-0.9372080312292335
2597,3254,3254,0,1.7851966709821885,1.872849464416504,1.8499299974172776,1.7611453533172607,1.7750889315088036
2598,3259,3259,0,0.2187571317880814,0.20550745725631714,0.1825879902570908,0.18887829780578613,0.20282187599732904
2599,3260,3260,0,0.8175257534712022,0.8549309372901917,0.8320114702909653,0.7992143630981445,0.8131579412896874
2600,3262,3262,0,-1.6813551097184951,-1.7060554027557373,-1.7289748697549636,-1.6505542993545532,-1.6366107211630103
2601,3263,3263,0,-0.6001901536256606,-0.5892183780670166,-0.6121378450662429,-0.5864059925079346,-0.5724624143163917
2602,3264,3264,0,1.1495794148176377,1.20919930934906,1.1862798423498337,1.1284056901931763,1.1423492683847192
2603,3265,3265,0,0.2952092380254929,0.32429254055023193,0.3013730735510056,0.30934610962867737,0.3232896878202203
2604,3266,3266,0,1.4332994312971299,1.4955768585205078,1.4726573915212815,1.44180428981781,1.455747868009353
2605,3268,3268,0,-0.07840581080024792,0.00740746408700943,-0.01551200291221691,-0.04860427975654602,-0.034660701565003116
2606,3269,3269,0,0.06423127064401554,0.09201226383447647,0.06909279683525013,0.04451639950275421,0.058459977694297116
2607,3270,3270,0,0.15684128710920262,0.15713435411453247,0.13421488711530613,0.13464607298374176,0.14858965117528466
2608,3271,3271,0,-1.3810601144105727,-1.334482192993164,-1.3574016599923904,-1.3742223978042603,-1.3602788196127173
2609,3272,3272,0,-2.6675571112901504,-2.6170973777770996,-2.640016844776326,-2.6122028827667236,-2.5982593045751807
2610,3273,3273,0,2.1741854042738145,2.1856908798217773,2.162771412822551,2.1359944343566895,2.1499380125482324
2611,3274,3274,0,1.735513934585399,1.8986040353775024,1.8756845683782761,1.685408592224121,1.699352170415664
2612,3275,3275,0,-2.720058312919789,-2.6896941661834717,-2.712613633182698,-2.6748416423797607,-2.660898064188218
2613,3276,3276,0,1.383328566047496,1.3754777908325195,1.3525583238332932,1.3444619178771973,1.3584054960687402
2614,3277,3277,0,-0.9299363999635513,-0.8961864113807678,-0.9191058783799941,-0.9555357694625854,-0.9415921912710425
2615,3279,3279,0,2.6245030255048936,2.6457154750823975,2.622796008083171,2.583047866821289,2.596991445012832
2616,3280,3280,0,0.6558370680540269,0.7489109039306641,0.7259914369314378,0.6079113483428955,0.6218549265344384
2617,3282,3282,0,-0.10672450652425838,-0.08956343680620193,-0.11248290380542827,-0.14828723669052124,-0.13434365849897834
2618,3283,3283,0,0.42700273701841285,0.46703335642814636,0.44411388942892005,0.4339514374732971,0.44789501566484
2619,3284,3284,0,1.0653501839369004,1.109271764755249,1.0863522977560227,1.06938898563385,1.083332563825393
2620,3286,3286,0,1.29507864424879,1.3004989624023438,1.2775794954031174,1.251463770866394,1.265407349057937
2621,3287,3287,0,0.7920488805502122,0.803706705570221,0.7807872385709946,0.803025484085083,0.8169690622766259
2622,3288,3288,0,0.053474316093272446,0.09893981367349625,0.0760203466742699,0.09042938798666,0.10437296617820291
2623,3289,3289,0,-0.7624381690294082,-0.77586430311203,-0.7987837701112563,-0.7935671806335449,-0.779623602442002
2624,3290,3290,0,1.5864787192075913,1.6413367986679077,1.6184173316686814,1.6003865003585815,1.6143300785501244
2625,3291,3291,0,1.2421393484800523,1.263283371925354,1.2403639049261277,1.224371075630188,1.238314653821731
2626,3292,3292,-1,-0.6420327904989898,-0.6675710082054138,-0.6904904752046401,-0.6432487964630127,-0.6293052182714698
2627,3293,3293,0,1.2917031140058701,1.2910622358322144,1.268142768832988,1.3000112771987915,1.3139548553903344
2628,3294,3294,0,0.710090646240062,0.730393648147583,0.7074741811483567,0.6793798208236694,0.6933233990152123
2629,3296,3296,0,-0.029356848728709938,-0.024309508502483368,-0.04722897550170971,-0.10568760335445404,-0.09174402516291114
2630,3297,3297,0,2.1686173767774766,2.2264745235443115,2.203555056545085,2.1510584354400635,2.1650020136316064
2631,3299,3299,0,-1.0952004103929336,-1.0732250213623047,-1.096144488361531,-1.110843300819397,-1.096899722627854
2632,3301,3301,0,1.6130353302686875,1.662427544593811,1.6395080775945847,1.6187554597854614,1.6326990379770043
2633,3302,3302,0,1.6437097878187363,1.6981995105743408,1.6752800435751145,1.6113868951797485,1.6253304733712914
2634,3303,3303,0,2.067443737479991,2.0980453491210938,2.0751258821218674,2.0034284591674805,2.0173720373590234
2635,3304,3304,0,0.7346268386572068,0.7697963714599609,0.7468769044607346,0.6519466638565063,0.6658902420480493
2636,3306,3306,0,0.953320512267894,1.019257664680481,0.9963381976812546,0.8899818658828735,0.9039254440744164
2637,3310,3310,0,-0.7551022081643874,-0.7666454911231995,-0.7895649581224258,-0.7816892862319946,-0.7677457080404517
2638,3311,3311,0,0.3565842897623246,0.36473485827445984,0.3418153912752335,0.33043843507766724,0.34438201326921014
2639,3313,3313,0,-2.4611524253160293,-2.567866563796997,-2.5907860307962234,-2.4664714336395264,-2.4525278554479835
2640,3314,3314,0,2.1401542515485947,2.175776481628418,2.1528570146291917,2.1211183071136475,2.1350618853051904
2641,3315,3315,0,-0.10044942637985302,-0.07562170177698135,-0.0985411687762077,-0.06631699204444885,-0.05237341385290595
2642,3316,3316,0,0.7261372298925584,0.7369009852409363,0.71398151824171,0.6703107357025146,0.6842543138940576
2643,3317,3317,0,2.1466451973646348,2.4842140674591064,2.46129460045988,2.458317279815674,2.4722608580072167
2644,3318,3318,0,1.7445963711469834,1.7377030849456787,1.7147836179464524,1.717429280281067,1.7313728584726098
2645,3319,3319,0,-0.6903412847787673,-0.6759257912635803,-0.6988452582628066,-0.7174886465072632,-0.7035450683157203
2646,3321,3321,0,0.6902849168508713,0.6761171817779541,0.6531977147787278,0.5880345106124878,0.6019780888040307
2647,3322,3322,0,-0.22271244814699245,-0.17299768328666687,-0.1959171502858932,-0.21048685908317566,-0.19654328089163275
2648,3323,3323,0,0.8634518475263779,0.8696203231811523,0.846700856181926,0.8387314081192017,0.8526749863107446
2649,3324,3324,0,-0.5233471899301345,-0.5565372109413147,-0.579456677940541,-0.5551002025604248,-0.5411566243688819
2650,3325,3325,0,-0.3629199176103408,-0.37678465247154236,-0.39970411947076867,-0.3815382719039917,-0.3675946937124488
2651,3326,3326,0,-0.4780247121125991,-0.4047809839248657,-0.42770045092409203,-0.5540796518325806,-0.5401360736410377
2652,3327,3327,0,0.6572143525808518,0.6911301016807556,0.6682106346815293,0.6315329074859619,0.6454764856775048
2653,3328,3328,0,0.7114160747259324,0.7570620179176331,0.7341425509184067,0.6922739744186401,0.706217552610183
2654,3330,3330,0,-1.6292296557695205,-1.578318476676941,-1.6012379436761672,-1.6179684400558472,-1.6040248618643043
2655,3332,3332,0,0.3589079172342484,0.38536328077316284,0.36244381377393653,0.32108378410339355,0.33502736229493646
2656,3333,3333,0,0.9477585048406785,0.9505806565284729,0.9276611895292466,0.9137614965438843,0.9277050747354272
2657,3335,3335,0,0.06154626021081853,0.08076024800539017,0.05784078100616383,0.0380253866314888,0.051968964823031705
2658,3336,3336,0,0.04582985276276517,0.05915651470422745,0.03623704770500111,0.031169652938842773,0.04511323113038568
2659,3337,3337,0,-1.7583184151918227,-1.8017494678497314,-1.8246689348489578,-1.7363704442977905,-1.7224268661062476
2660,3338,3338,0,1.313696751090831,1.3457012176513672,1.3227817506521409,1.2972593307495117,1.3112029089410546
2661,3339,3339,0,2.124311813804454,2.2097208499908447,2.1868013829916184,2.088893175125122,2.102836753316665
2662,3340,3340,0,0.16905332514936375,0.22098398208618164,0.1980645150869553,0.2141788750886917,0.22812245328023462
2663,3341,3341,0,2.7183801026075547,2.7386109828948975,2.715691515895671,2.688931703567505,2.702875281759048
2664,3342,3342,0,2.6278768868177598,2.6497108936309814,2.626791426631755,2.6053383350372314,2.6192819132287743
2665,3343,3343,0,0.9590414852827256,0.9600695371627808,0.9371500701635544,0.9225389957427979,0.9364825739343408
2666,3345,3345,0,1.1955490202634995,1.2149381637573242,1.192018696758098,1.1788183450698853,1.1927619232614282
2667,3346,3346,0,1.2185256571500962,1.2232308387756348,1.2003113717764085,1.1374934911727905,1.1514370693643334
2668,3348,3348,0,-1.2155169158250625,-1.1105259656906128,-1.133445432689839,-1.2247103452682495,-1.2107667670767066
2669,3349,3349,0,-6.005177846458608,-5.96781063079834,-5.990730097797567,-5.891122341156006,-5.877178762964463
2670,3350,3350,0,1.1770471424787705,1.1879609823226929,1.1650415153234666,1.1822757720947266,1.1962193502862695
2671,3351,3351,0,1.9704632849424546,2.013988971710205,1.9910695047109788,1.9496763944625854,1.9636199726541284
2672,3352,3352,0,0.6699691505163377,0.6955550312995911,0.6726355643003648,0.6284646987915039,0.6424082769830468
2673,3353,3353,0,0.19301518211061405,0.2726742923259735,0.24975482532674717,0.2262425422668457,0.2401861204583886
2674,3354,3354,0,0.8319543690412705,0.8917264342308044,0.8688069672315781,0.8246958255767822,0.8386394037683251
2675,3360,3360,0,1.1352195830076401,1.212816596031189,1.1898971290319627,1.0968025922775269,1.1107461704690698
2676,3361,3361,0,2.027951130363292,2.0219438076019287,1.9990243406027024,2.033281087875366,2.047224666066909
2677,3363,3363,0,2.3184818119733994,2.360166072845459,2.3372466058462327,2.349236249923706,2.363179828115249
2678,3364,3364,0,1.371784457656688,1.4110469818115234,1.3881275148122971,1.3551034927368164,1.3690470709283593
2679,3365,3365,0,0.06586387166673588,0.03671110421419144,0.013791637214965097,0.004139348864555359,0.018082927056098264
2680,3368,3368,0,0.5913576574056809,0.6424036622047424,0.6194841952055161,0.6257247924804688,0.6396683706720117
2681,3370,3370,0,-6.234586110618764,-6.1873369216918945,-6.210256388691121,-6.09559965133667,-6.081656073145127
2682,3371,3371,0,1.599810490104503,1.6622812747955322,1.639361807796306,1.5917640924453735,1.6057076706369164
2683,3372,3372,0,2.3206681103437607,2.3488147258758545,2.325895258876628,2.2931060791015625,2.3070496572931054
2684,3373,3373,0,0.06549681881362843,0.10566087812185287,0.08274141112262653,0.04102850705385208,0.054972085245394986
2685,3374,3374,0,1.0678013653486436,1.0587011575698853,1.035781690570659,1.0507385730743408,1.0646821512658837
2686,3376,3376,0,1.38840938517744,1.3644216060638428,1.3415021390646165,1.3544918298721313,1.3684354080636743
2687,3377,3377,0,-2.6150442271501357,-2.662045955657959,-2.6849654226571853,-2.580202341079712,-2.566258762888169
2688,3378,3378,0,0.6458987087934678,0.6083847880363464,0.5854653210371201,0.6118723154067993,0.6258158935983422
2689,3379,3379,-1,1.1607392546365083,1.183061957359314,1.1601424903600877,1.140566110610962,1.1545096888025048
2690,3380,3380,0,0.07804431924516606,0.1160896047949791,0.09317013779575276,0.09970378130674362,0.11364735949828653
2691,3381,3381,-1,-4.905149150209683,-5.000362396240234,-5.023281863239461,-4.970898151397705,-4.956954573206162
2692,3382,3382,0,0.8259750098913377,0.859278678894043,0.8363592118948167,0.8372904062271118,0.8512339844186547
2693,3383,3383,0,-0.9581638484269912,-0.8734337091445923,-0.8963531761438186,-0.9811002016067505,-0.9671566234152076
2694,3384,3384,0,0.8219069332807725,0.9225581288337708,0.8996386618345444,0.8435773849487305,0.8575209631402734
2695,3385,3385,0,-2.63096534302538,-2.662651300430298,-2.685570767429524,-2.550283193588257,-2.536339615396714
2696,3387,3387,0,0.9869337768285935,1.0378347635269165,1.0149152965276902,1.0131686925888062,1.027112270780349
2697,3388,3388,0,0.1824867219656174,0.19077903032302856,0.16785956332380222,0.13670620322227478,0.15064978141381768
2698,3389,3389,0,-0.9595398216516311,-0.9329634308815002,-0.9558828978807266,-0.9880117177963257,-0.9740681396047828
2699,3390,3390,0,2.0169965119093125,2.0410616397857666,2.0181421727865403,2.008765935897827,2.02270951408937
2700,3391,3391,0,0.26224900195295264,0.26645272970199585,0.2435332627027695,0.241973876953125,0.2559174551446679
2701,3397,3397,0,-1.2443803458482559,-1.23990797996521,-1.2628274469644363,-1.2222660779953003,-1.2083224998037574
2702,3398,3398,-1,-3.835172343569058,-3.898813009262085,-3.9217324762613113,-3.8382070064544678,-3.824263428262925
2703,3399,3399,0,-0.08784877350633694,-0.06172686070203781,-0.08464632770126415,-0.0978594720363617,-0.08391589384481879
2704,3401,3401,0,-2.172593703773671,-2.1744418144226074,-2.1973612814218337,-2.1750521659851074,-2.1611085877935645
2705,3402,3402,0,-0.5539645462304885,-0.5358415842056274,-0.5587610512048538,-0.5505114793777466,-0.5365679011862037
2706,3403,3403,0,1.877065071555919,1.9220210313796997,1.8991015643804734,1.8603442907333374,1.8742878689248803
2707,3405,3405,0,0.8941091985433762,0.9163128733634949,0.8933934063642686,0.9384559392929077,0.9523995174844506
2708,3406,3406,0,1.089301833602733,1.0866875648498535,1.0637680978506272,0.9969432353973389,1.0108868135888818
2709,3408,3408,0,-1.7876104026109512,-1.7949317693710327,-1.817851236370259,-1.80717933177948,-1.793235753587937
2710,3409,3409,0,0.48935062596494605,0.4991600811481476,0.47624061414892127,0.4535759687423706,0.4675195469339135
2711,3410,3410,0,-3.187458148506337,-3.2526819705963135,-3.27560143759554,-3.186612844467163,-3.17266926627562
2712,3411,3411,0,1.3451801628797715,1.4376933574676514,1.414773890468425,1.3104304075241089,1.3243739857156518
2713,3412,3412,0,-2.291696658638173,-2.3776462078094482,-2.4005656748086746,-2.229271411895752,-2.215327833704209
2714,3413,3413,0,-0.18864712705915523,-0.17302072048187256,-0.1959401874810989,-0.22253552079200745,-0.20859194260046454
2715,3414,3414,0,0.054627014043874024,0.14163687825202942,0.11871741125280308,0.06596937775611877,0.07991295594766168
2716,3415,3415,0,-1.2303184180528457,-1.2518033981323242,-1.2747228651315505,-1.2590079307556152,-1.2450643525640723
2717,3416,3416,0,-1.0761260895997817,-1.071004033088684,-1.0939235000879104,-1.0381754636764526,-1.0242318854849097
2718,3417,3417,0,-0.17719370713537289,-0.18809929490089417,-0.2110187619001205,-0.2234199047088623,-0.2094763265173194
2719,3418,3418,0,1.3672688097685044,1.3867236375808716,1.3638041705816453,1.3513414859771729,1.3652850641687158
2720,3419,3419,0,0.2749908656805222,0.33383870124816895,0.31091923424894263,0.2992711663246155,0.3132147445161584
2721,3421,3421,0,2.6289609760969346,2.6675446033477783,2.644625136348552,2.7345683574676514,2.7485119356591943
2722,3422,3422,0,-1.9998199849397476,-1.9498183727264404,-1.9727378397256667,-1.9728845357894897,-1.9589409575979468
2723,3424,3424,0,1.270730385276622,1.3879951238632202,1.365075656863994,1.2949479818344116,1.3088915600259545
2724,3426,3426,0,1.5108583063810532,1.540074110031128,1.5171546430319016,1.5322028398513794,1.5461464180429223
2725,3427,3427,0,0.39277286240751197,0.4143946170806885,0.39147515008146216,0.3848001956939697,0.39874377388551263
2726,3428,3428,0,-3.2801695971757705,-3.317514657974243,-3.3404341249734695,-3.2587242126464844,-3.2447806344549415
2727,3429,3429,0,0.7685384840696519,0.8201169371604919,0.7971974701612656,0.7782561779022217,0.7921997560937646
2728,3430,3430,0,1.230417737457103,1.2329837083816528,1.2100642413824265,1.1379090547561646,1.1518526329477075
2729,3431,3431,0,1.057059058639354,1.1165943145751953,1.093674847575969,0.9646991491317749,0.9786427273233178
2730,3432,3432,0,0.8336556644170945,0.838254988193512,0.8153355211942857,0.8110073804855347,0.8249509586770776
2731,3433,3433,0,-0.5339592008859451,-0.5471703410148621,-0.5700898080140884,-0.5411382913589478,-0.5271947131674048
2732,3437,3437,0,0.5982329339712327,0.5728996992111206,0.5499802322118943,0.5557394623756409,0.5696830405671838
2733,3438,3438,0,-2.1979178099901016,-2.177201509475708,-2.2001209764749343,-2.165170907974243,-2.1512273297827003
2734,3439,3439,0,-1.0062971024781997,-0.9960837960243225,-1.0190032630235488,-1.0367934703826904,-1.0228498921911475
2735,3440,3440,0,-1.8176563887864883,-1.7950553894042969,-1.8179748564035232,-1.8325588703155518,-1.8186152921240089
2736,3442,3442,0,1.680104860755748,1.740642786026001,1.7177233190267747,1.6823259592056274,1.6962695373971703
2737,3443,3443,0,-0.6319956689149673,-0.6424979567527771,-0.6654174237520034,-0.6486979722976685,-0.6347543941061256
2738,3444,3444,0,0.8048467726438706,0.7995786070823669,0.7766591400831406,0.7770980596542358,0.7910416378457787
2739,3445,3445,0,2.1143919319837754,2.079210042953491,2.056290575954265,2.0772128105163574,2.0911563887079003
2740,3446,3446,0,-0.24644911876028133,-0.19943127036094666,-0.222350737360173,-0.1925775110721588,-0.1786339328806159
2741,3448,3448,0,0.46246317932302405,0.5069686770439148,0.4840492100446885,0.4595474302768707,0.47349100846841363
2742,3451,3451,0,-1.1515915303499038,-1.1101312637329102,-1.1330507307321365,-1.174418568611145,-1.1604749904196021
2743,3452,3452,0,0.14194566914731907,0.19510456919670105,0.1721851021974747,0.1346047818660736,0.1485483600576165
2744,3453,3453,0,3.0656250805586045,3.0778143405914307,3.0548948735922044,3.004337787628174,3.0182813658197167
2745,3454,3454,0,-1.6431701092988784,-1.6780197620391846,-1.7009392290384109,-1.6406188011169434,-1.6266752229254005
2746,3455,3455,-2,-0.0870933390925952,-0.004940114915370941,-0.02785958191459728,-0.07693381607532501,-0.06299023788378211
2747,3456,3456,0,2.0155252308576768,2.0405611991882324,2.017641732189006,1.9819090366363525,1.9958526148278954
2748,3457,3457,0,1.5979105324476426,1.6043683290481567,1.5814488620489304,1.5550694465637207,1.5690130247552636
2749,3458,3458,0,-2.9500676303178603,-2.9524929523468018,-2.975412419346028,-2.886995553970337,-2.873051975778794
2750,3461,3461,0,1.718203792068309,1.781686782836914,1.7587673158376878,1.7039867639541626,1.7179303421457055
2751,3462,3462,0,-1.0883088021547134,-1.0850269794464111,-1.1079464464456374,-1.1136234998703003,-1.0996799216787574
2752,3464,3464,0,-0.8213914542466934,-0.7971792221069336,-0.8200986891061599,-0.8260178565979004,-0.8120742784063575
2753,3468,3468,0,0.7828476519315903,0.8299572467803955,0.8070377797811692,0.7223129272460938,0.7362565054376367
2754,3469,3469,0,-4.936036458519155,-5.016473770141602,-5.039393237140828,-4.88615608215332,-4.872212503961777
2755,3470,3470,0,-2.9231697230607803,-2.959596872329712,-2.9825163393289382,-2.905818462371826,-2.8918748841802833
2756,3471,3471,0,-2.501831880119496,-2.472923517227173,-2.495842984226399,-2.479138135910034,-2.4651945577184913
2757,3472,3472,0,0.6871745676725571,0.7200503945350647,0.6971309275358384,0.6744606494903564,0.6884042276818993
2758,3475,3475,0,-0.7991068868905837,-0.7889944314956665,-0.8119138984948928,-0.8346608877182007,-0.8207173095266578
2759,3478,3478,0,0.01558450022632527,0.03874284774065018,0.015823380741423837,0.021661169826984406,0.03560474801852731
2760,3479,3479,0,1.3759073109358018,1.4017784595489502,1.3788589925497239,1.3568520545959473,1.3707956327874902
2761,3484,3484,0,2.325513967964,2.3248960971832275,2.3019766301840012,2.2839462757110596,2.2978898539026025
2762,3486,3486,0,-0.2799012868673141,-0.24185383319854736,-0.2647733001977737,-0.31112590432167053,-0.2971823261301276
2763,3487,3487,-2,1.5371179722477368,1.546095371246338,1.5231759042471116,1.4688193798065186,1.4827629579980615
2764,3488,3488,0,1.2906701655119126,1.3305286169052124,1.307609149905986,1.2620347738265991,1.275978352018142
2765,3490,3490,0,1.0510026306837266,1.1157728433609009,1.0928533763616746,1.0809096097946167,1.0948531879861596
2766,3491,3491,0,0.4509601683347886,0.5059095025062561,0.4829900355070298,0.42545369267463684,0.43939727086617975
2767,3492,3492,0,0.6203199119299119,0.6394317150115967,0.6165122480123704,0.6060764789581299,0.6200200571496728
2768,3495,3495,0,2.2641629070966904,2.3262293338775635,2.303309866878337,2.266117572784424,2.2800611509759667
2769,3498,3498,0,-0.8919761090547378,-0.8404410481452942,-0.8633605151445205,-0.8490813970565796,-0.8351378188650367
2770,3499,3499,0,-2.673157325294667,-2.671823740005493,-2.6947432070047195,-2.6856000423431396,-2.6716564641515967
2771,3500,3500,0,1.631462225410289,1.6718401908874512,1.6489207238882249,1.5780280828475952,1.5919716610391381
2772,3501,3501,0,-0.724527946022206,-0.7653022408485413,-0.7882217078477676,-0.73138427734375,-0.7174406991522071
2773,3503,3503,0,2.025877842399425,1.995294213294983,1.9723747462957566,2.019771099090576,2.033714677282119
2774,3505,3505,0,0.5250722856252854,0.5582857131958008,0.5353662461965745,0.5183992385864258,0.5323428167779687
2775,3506,3506,0,-0.512582591083699,-0.47847482562065125,-0.5013942926198776,-0.5815639495849609,-0.567620371393418
2776,3507,3507,0,-0.8339396028787429,-0.8190590143203735,-0.8419784813195998,-0.8443776369094849,-0.830434058717942
2777,3509,3509,0,1.5138241142957871,1.5498638153076172,1.5269443483083909,1.5073357820510864,1.5212793602426293
2778,3510,3510,0,-0.3123271374971206,-0.2201051414012909,-0.24302460840051723,-0.2988179922103882,-0.2848744140188453
2779,3511,3511,0,-3.21600853493517,-3.2248475551605225,-3.2477670221597488,-3.1801185607910156,-3.1661749825994727
2780,3514,3514,0,0.9287296623914902,0.9794119000434875,0.9564924330442612,0.8715146780014038,0.8854582561929467
2781,3517,3517,0,-1.1193714051515395,-1.0617527961730957,-1.084672263172322,-1.0916727781295776,-1.0777291999380347
2782,3518,3518,0,-5.14553963234728,-5.162398815155029,-5.185318282154256,-4.99870491027832,-4.984761332086777
2783,3519,3519,0,1.536642798873729,1.5809707641601562,1.55805129716093,1.5034881830215454,1.5174317612130883
2784,3520,3520,0,0.5167081446378892,0.562480092048645,0.5395606250494187,0.5495550036430359,0.5634985818345788
2785,3521,3521,0,-0.6844656377107436,-0.6948461532592773,-0.7177656202585037,-0.6658283472061157,-0.6518847690145728
2786,3523,3523,0,-0.38933809688394616,-0.3397217094898224,-0.3626411764890487,-0.4445779621601105,-0.43063438396856757
2787,3524,3524,0,-1.412343731430226,-1.3855977058410645,-1.4085171728402908,-1.4169806241989136,-1.4030370460073707
2788,3525,3525,0,-1.9736945538789565,-2.0945956707000732,-2.1175151376992996,-1.9948982000350952,-1.9809546218435523
2789,3526,3526,0,-6.568336358574086,-6.589104652404785,-6.612024119404012,-6.515964031219482,-6.5020204530279395
2790,3528,3528,0,-1.1266806035310561,-1.0960015058517456,-1.118920972850972,-1.0946260690689087,-1.0806824908773658
2791,3529,3529,0,2.1951204628675645,2.2403852939605713,2.217465826961345,2.178025484085083,2.191969062276626
2792,3530,3530,0,-2.8512214331895644,-2.888270378112793,-2.9111898451120193,-2.830759286880493,-2.8168157086889503
2793,3531,3531,0,-2.467675319221669,-2.4989936351776123,-2.5219131021768386,-2.4976680278778076,-2.4837244496862647
2794,3532,3532,0,1.2794281334608262,1.3094916343688965,1.2865721673696702,1.2546162605285645,1.2685598387201074
2795,3533,3533,0,2.808457264396495,2.8398818969726562,2.81696242997343,2.7816452980041504,2.7955888761956933
2796,3534,3534,0,-0.3878508119851882,-0.343121737241745,-0.3660412042409713,-0.3851027190685272,-0.3711591408769843
2797,3536,3536,0,1.4683506579130357,1.5730884075164795,1.5501689405172532,1.4123854637145996,1.4263290419061425
2798,3537,3537,0,-0.4851953594953353,-0.45679572224617004,-0.47971518924539636,-0.4323441684246063,-0.4184005902330634
2799,3538,3538,0,2.5967487187116807,2.61222243309021,2.5893029660909836,2.5737781524658203,2.587721730657363
2800,3539,3539,0,-2.3429366259843643,-2.312805414199829,-2.3357248811990554,-2.259910821914673,-2.24596724372313
2801,3541,3541,0,2.255389580222911,2.267432451248169,2.2445129842489426,2.257040023803711,2.270983601995254
2802,3543,3543,0,0.4315036625593369,0.4763072431087494,0.4533877761095231,0.4376765191555023,0.4516200973470452
2803,3544,3544,0,2.4681588501661484,2.5167510509490967,2.4938315839498704,2.422459840774536,2.436403418966079
2804,3545,3545,0,1.5435789913862412,1.6024986505508423,1.579579183551616,1.449122667312622,1.463066245504165
2805,3546,3546,0,1.494194159004039,1.5185046195983887,1.4955851525991624,1.4561444520950317,1.4700880302865746
2806,3547,3547,0,1.8692994208067124,1.876539707183838,1.8536202401846116,1.8180919885635376,1.8320355667550805
2807,3548,3548,0,2.0920671314924424,2.1193764209747314,2.096456953975505,2.085747718811035,2.099691297002578
2808,3549,3549,0,2.06749714324171,2.0984058380126953,2.075486371013469,2.061734437942505,2.075678016134048
2809,3550,3550,0,-0.0890351741582687,-0.09033171087503433,-0.11325117787426067,-0.1261899471282959,-0.112246368936753
2810,3551,3551,0,-1.3417642026216323,-1.355292558670044,-1.3782120256692703,-1.2934781312942505,-1.2795345531027076
2811,3552,3552,0,0.7935628385275071,0.839745044708252,0.8168255777090256,0.780287504196167,0.7942310823877099
2812,3553,3553,0,1.1387589068144028,1.1354098320007324,1.112490365001506,1.1013463735580444,1.1152899517495873
2813,3554,3554,0,2.9942087025373643,3.057015895843506,3.0340964288442795,2.9306252002716064,2.9445687784631493
2814,3556,3556,0,-0.08455639919345928,-0.07007958739995956,-0.0929990543991859,-0.09442138671875,-0.0804778085272071
2815,3557,3557,0,-1.6141885428697402,-1.639097809791565,-1.6620172767907913,-1.594356894493103,-1.5804133163015601
2816,3558,3558,0,1.3913247675626939,1.419900894165039,1.3969814271658128,1.3777735233306885,1.3917171015222314
2817,3559,3559,0,1.7925092072218125,1.8046607971191406,1.7817413301199143,1.7698591947555542,1.783802772947097
2818,3560,3560,0,-0.2548060922891433,-0.188569575548172,-0.21148904254739834,-0.22914007306098938,-0.21519649486944648
2819,3562,3562,0,1.7533525318830674,1.7999879121780396,1.7770684451788132,1.7222405672073364,1.7361841453988793
2820,3563,3563,0,1.373036989661998,1.402943730354309,1.3800242633550828,1.3497600555419922,1.363703633733535
2821,3564,3564,0,2.127691874000377,2.198491334915161,2.175571867915935,2.109860420227051,2.1238039984185937
2822,3565,3565,0,1.2092903942793076,1.3050918579101562,1.28217239091093,1.1177905797958374,1.1317341579873803
2823,3566,3566,0,1.8794856161802476,1.9174801111221313,1.894560644122905,1.840976357460022,1.8549199356515649
2824,3568,3568,0,2.5472530216901963,2.5823426246643066,2.5594231576650803,2.536970376968384,2.5509139551599267
2825,3569,3569,0,1.9000490994184678,1.9506189823150635,1.9276995153158372,1.8894504308700562,1.903394009061599
2826,3572,3572,0,0.15970160970384525,0.20343667268753052,0.18051720568830418,0.15260207653045654,0.16654565472199945
2827,3573,3573,0,1.771522292587108,1.7952446937561035,1.7723252267568772,1.749938726425171,1.7638823046167138
2828,3574,3574,0,0.6678240389555161,0.6856743097305298,0.6627548427313035,0.6458678245544434,0.6598114027459863
2829,3575,3575,0,1.1244810909956162,1.148927927017212,1.1260084600179856,1.1118544340133667,1.1257980122049096
2830,3576,3576,0,-0.1505147873431976,-0.14769524335861206,-0.1706147103578384,-0.17928621172904968,-0.16534263353750678
2831,3577,3577,0,1.4100999922483628,1.5125365257263184,1.489617058727092,1.3960094451904297,1.4099530233819726
2832,3578,3578,0,1.55331839034254,1.5856362581253052,1.5627167911260789,1.5413079261779785,1.5552515043695214
2833,3579,3579,0,-0.2824942379266555,-0.27629324793815613,-0.29921271493738244,-0.3004404604434967,-0.2864968822519538
2834,3581,3581,0,-0.5592140465051467,-0.6470062136650085,-0.6699256806642349,-0.43149152398109436,-0.41754794578955146
2835,3582,3582,0,0.5832098216741746,0.6132893562316895,0.5903698892324631,0.5884714126586914,0.6024149908502343
2836,3583,3583,0,0.6854171247213547,0.7104222178459167,0.6875027508466904,0.6729317903518677,0.6868753685434106
2837,3584,3584,0,-2.1991785674363906,-2.198544502258301,-2.221463969257527,-2.2024505138397217,-2.1885069356481788
2838,3585,3585,0,0.6596328110426133,0.7187499403953552,0.6958304733961289,0.6362018585205078,0.6501454367120507
2839,3587,3587,0,-0.37370874574487756,-0.3385240137577057,-0.361443480756932,-0.37904834747314453,-0.3651047692816016
2840,3589,3589,0,1.7646461815565293,1.8361374139785767,1.8132179469793503,1.7551780939102173,1.7691216721017602
2841,3591,3591,0,1.7970818371504014,1.8659992218017578,1.8430797548025315,1.7908977270126343,1.8048413052041772
2842,3592,3592,0,1.9972218365400498,2.059373378753662,2.036453911754436,1.9397374391555786,1.9536810173471215
2843,3593,3593,0,0.16843239376241612,0.24619299173355103,0.22327352473432469,0.19265316426753998,0.20659674245908288
2844,3594,3594,0,-0.915927579906636,-0.8847247958183289,-0.9076442628175552,-1.023349404335022,-1.009405826143479
2845,3595,3595,0,-4.9305757193834125,-4.891841888427734,-4.914761355426961,-4.805051326751709,-4.791107748560166
2846,3596,3596,0,0.5334776134222214,0.5330193638801575,0.5100998968809312,0.5041307210922241,0.518074299283767
2847,3599,3599,0,1.6686778158872788,1.6747748851776123,1.651855418178386,1.6008992195129395,1.6148427977044824
2848,3600,3600,0,1.2794267029493516,1.339187502861023,1.3162680358617966,1.2891548871994019,1.3030984653909448
2849,3602,3602,0,2.8234335274427598,2.9075679779052734,2.884648510906047,2.7776153087615967,2.7915588869531396
2850,3604,3604,0,-1.961542835739308,-2.007415294647217,-2.030334761646443,-1.8734475374221802,-1.8595039592306373
2851,3605,3605,0,1.144811162444896,1.164661169052124,1.1417417020528977,1.075289249420166,1.089232827611709
2852,3608,3608,0,2.4133495182722275,2.4430696964263916,2.4201502294271653,2.3751046657562256,2.3890482439477685
2853,3609,3609,0,-1.8286250739366348,-1.8686959743499756,-1.891615441349202,-1.7942973375320435,-1.7803537593405006
2854,3611,3611,0,2.3342436642378037,2.3926613330841064,2.36974186608488,2.291609048843384,2.3055526270349267
2855,3612,3612,0,1.405308970901317,1.5018815994262695,1.4789621324270432,1.4096503257751465,1.4235939039666894
2856,3613,3613,0,2.185138115379161,2.2092058658599854,2.186286398860759,2.148775577545166,2.162719155736709
2857,3615,3615,0,2.763140329810924,2.8648102283477783,2.841890761348552,2.7538869380950928,2.7678305162866357
2858,3618,3618,0,0.06542988279754566,0.012110061943531036,-0.010809405055695304,0.00414421409368515,0.018087792285228055
2859,3619,3619,0,2.159824261161632,2.2206969261169434,2.197777459117717,2.088747024536133,2.1026906027276757
2860,3620,3620,0,1.013464817497081,1.035107970237732,1.0121885032385056,0.9370507001876831,0.950994278379226
2861,3621,3621,0,-0.7977394371301467,-0.7742453217506409,-0.7971647887498672,-0.8366658687591553,-0.8227222905676124
2862,3622,3622,0,-1.2944667248994643,-1.3073903322219849,-1.3303097992212112,-1.3037841320037842,-1.2898405538122413
2863,3623,3623,0,-2.5141309409410293,-2.5156829357147217,-2.538602402713948,-2.4440548419952393,-2.4301112638036964
2864,3624,3624,0,0.8225404114454453,0.8073275685310364,0.7844081015318101,0.7831089496612549,0.7970525278527978
2865,3625,3625,0,0.9229392499654954,0.9498364329338074,0.9269169659345811,0.9180461168289185,0.9319896950204614
2866,3626,3626,0,-0.9027692585260207,-0.879553496837616,-0.9024729638368423,-0.9418004751205444,-0.9278568969290015
2867,3627,3627,0,1.7755606264799302,1.7837646007537842,1.7608451337545579,1.7938495874404907,1.8077931656320336
2868,3628,3628,-1,-1.2090908768942534,-1.2784667015075684,-1.3013861685067947,-1.2266466617584229,-1.21270308356688
2869,3629,3629,0,2.371027359458751,2.3938071727752686,2.3708877057760422,2.343961715698242,2.357905293889785
2870,3630,3630,0,-0.11888719191854549,-0.12753921747207642,-0.15045868447130276,-0.12034855782985687,-0.10640497963831397
2871,3631,3631,0,0.9990397782056992,1.0155600309371948,0.9926405639379685,0.9967601299285889,1.0107037081201318
2872,3633,3633,0,0.8923507423132127,0.8757237195968628,0.8528042525976365,0.8481777906417847,0.8621213688333276
2873,3634,3634,0,1.0283415407865708,1.0902409553527832,1.067321488353557,0.9912065267562866,1.0051501049478295
2874,3635,3635,0,-0.8256515174180801,-0.7945582270622253,-0.8174776940614517,-0.8705728054046631,-0.8566292272131202
2875,3636,3636,0,1.4136189312666123,1.4503976106643677,1.4274781436651414,1.3944367170333862,1.4083802952249291
2876,3637,3637,0,-1.3285226731569106,-1.3141719102859497,-1.337091377285176,-1.333222508430481,-1.319278930238938
2877,3638,3638,0,1.6587243170469468,1.720167636871338,1.6972481698721116,1.6749926805496216,1.6889362587411645
2878,3639,3639,0,-0.22100836625402523,-0.23437759280204773,-0.25729705980127404,-0.2603888213634491,-0.2464452431719062
2879,3640,3640,0,2.1712862343519395,2.233464479446411,2.210545012447185,2.192387342453003,2.206330920644546
2880,3642,3642,0,0.4892972500055497,0.4823262393474579,0.4594067723482316,0.461993545293808,0.4759371234853509
2881,3643,3643,0,2.015483030769176,2.005845308303833,1.9829258413046067,1.9247069358825684,1.9386505140741113
2882,3644,3644,0,-3.8376887946397598,-3.825455904006958,-3.8483753710061843,-3.8193962574005127,-3.80545267920897
2883,3649,3648,0,-1.0067387728959853,-1.0224303007125854,-1.0453497677118118,-1.0030559301376343,-0.9891123519460914
2884,3650,3649,-1,0.3913141009042085,0.4655362665653229,0.44261679956609656,0.3543766438961029,0.3683202220876458
2885,3651,3650,0,0.005383433493918655,0.03506962209939957,0.012150155100173227,0.011838749051094055,0.02578232724263696
2886,3652,3651,0,2.2439388127058213,2.279541254043579,2.256621787044353,2.2417306900024414,2.2556742681939843
2887,3653,3652,0,1.0850889773100083,1.1290526390075684,1.106133172008342,1.079742670059204,1.093686248250747
2888,3654,3653,0,0.41803182074720313,0.4512728750705719,0.4283534080713456,0.40990808606147766,0.42385166425302057
2889,3656,3655,0,0.411307105514354,0.4200418293476105,0.39712236234838416,0.39174798130989075,0.40569155950143365
2890,3657,3656,0,-4.788164964225942,-4.812005996704102,-4.834925463703328,-4.754754543304443,-4.7408109651129005
2891,3658,3657,0,0.3942840785711472,0.442099392414093,0.4191799254148667,0.38021036982536316,0.39415394801690606
2892,3659,3658,0,2.391537556144542,2.480069160461426,2.4571496934621995,2.353332281112671,2.367275859304214
2893,3660,3659,0,2.376037249061412,2.3639581203460693,2.341038653346843,2.3270063400268555,2.3409499182183984
2894,3661,3660,0,-1.8772139458925063,-1.8267371654510498,-1.8496566324502761,-1.849888801574707,-1.8359452233831641
2895,3662,3661,-1,1.3071370836922944,1.3948752880096436,1.3719558210104172,1.254551887512207,1.26849546570375
2896,3663,3662,0,-0.10426109125917507,-0.11553599685430527,-0.1384554638535316,-0.1357799917459488,-0.12183641355440589
2897,3664,3663,0,0.47420755932027747,0.5460895895957947,0.5231701225965684,0.46926411986351013,0.48320769805505304
2898,3666,3665,0,0.906425902339763,0.8887353539466858,0.8658158869474595,0.8996579647064209,0.9136015428979638
2899,3669,3668,0,0.8283913225858872,0.8982089161872864,0.8752894491880601,0.8214290142059326,0.8353725923974755
2900,3671,3670,0,-1.5800729899675185,-1.5334675312042236,-1.55638699820345,-1.5638104677200317,-1.5498668895284888
2901,3672,3671,0,0.9549479574888413,0.9419828653335571,0.9190633983343308,0.9748646020889282,0.9888081802804711
2902,3673,3672,0,2.706368336173839,2.7179713249206543,2.695051857921428,2.6813995838165283,2.6953431620080712
2903,3674,3673,0,0.5472060532301133,0.538276195526123,0.5153567285268967,0.5138061046600342,0.5277496828515771
2904,3675,3674,0,0.49705702969724586,0.5148950815200806,0.49197561452085425,0.44579002261161804,0.45973360080316095
2905,3676,3675,0,1.792457351180858,1.774337887763977,1.7514184207647507,1.8012996912002563,1.8152432693917993
2906,3677,3676,0,2.14818561980421,2.2363240718841553,2.213404604884929,2.106956720352173,2.1209002985437158
2907,3678,3677,0,1.5960872263639634,1.6039727926254272,1.581053325626201,1.553632140159607,1.5675757183511498
2908,3679,3678,0,1.0923426241605942,1.1213170289993286,1.0983975620001023,1.0951461791992188,1.1090897573907617
2909,3682,3681,0,1.051486024352855,1.0730916261672974,1.050172159168071,0.9945389032363892,1.008482481427932
2910,3684,3683,0,-4.4247115760118305,-4.422313690185547,-4.445233157184774,-4.41254186630249,-4.398598288110947
2911,3685,3684,0,3.0543776840894883,3.0638463497161865,3.04092688271696,2.9676051139831543,2.981548692174697
2912,3686,3685,0,0.4422948152750199,0.39474987983703613,0.3718304128378098,0.4381850063800812,0.4521285845716241
2913,3687,3686,0,1.1980248779981797,1.1759761571884155,1.1530566901891892,1.2220169305801392,1.235960508771682
2914,3689,3688,0,1.226200232002086,1.2363747358322144,1.213455268832988,1.1131004095077515,1.1270439876992944
2915,3690,3689,0,2.2497488350599473,2.3115997314453125,2.288680264446086,2.2224605083465576,2.2364040865381005
2916,3693,3692,0,1.1585466952055161,1.1528782844543457,1.1299588174551194,1.1831645965576172,1.19710817474916
2917,3694,3693,0,-0.8667665629655654,-0.7960799336433411,-0.8189994006425674,-0.8700149059295654,-0.8560713277380225
2918,3697,3696,0,1.797960051986522,1.8664073944091797,1.8434879274099534,1.7680917978286743,1.7820353760202172
2919,3698,3697,0,2.109365353080577,2.082974433898926,2.0600549668996995,2.081228494644165,2.095172072835708
2920,3701,3700,0,-2.380803933647328,-2.439716100692749,-2.4626355676919753,-2.3935112953186035,-2.3795677171270606
2921,3703,3702,-1,-2.4611212495138823,-2.456010341644287,-2.4789298086435134,-2.4895591735839844,-2.4756155953924415
2922,3705,3704,0,1.4564122051923936,1.4311999082565308,1.4082804412573044,1.3696662187576294,1.3836097969491723
2923,3707,3706,0,1.0055551619260972,1.0378851890563965,1.0149657220571702,0.9345883131027222,0.9485318912942651
2924,3708,3707,0,1.4595130772321885,1.4717891216278076,1.4488696546285813,1.4773792028427124,1.4913227810342553
2925,3709,3708,0,1.1943628878324692,1.2410657405853271,1.2181462735861008,1.1539143323898315,1.1678579105813744
2926,3710,3709,0,0.666896590682811,0.6926892399787903,0.669769772979564,0.6198992729187012,0.6338428511102441
2927,3712,3711,0,-0.7639339475900466,-0.7720898985862732,-0.7950093655854995,-0.7673207521438599,-0.753377173952317
2928,3713,3712,0,-0.010664867517405275,-0.002471230924129486,-0.025390697923355826,0.05872122943401337,0.07266480762555627
2929,3714,3713,0,0.7231717200010483,0.7091089487075806,0.6861894817083543,0.7185760736465454,0.7325196518380883
2930,3716,3715,0,1.1983438820570176,1.1712491512298584,1.148329684230632,1.1270993947982788,1.1410429729898217
2931,3718,3717,0,1.9129833073347275,2.005103349685669,1.9821838826864426,1.9063727855682373,1.9203163637597802
2932,3719,3718,0,0.9474077315061753,0.9978660941123962,0.9749466271131699,0.9032132625579834,0.9171568407495263
2933,3720,3719,0,3.056241163703746,3.0473058223724365,3.02438635537321,3.0431649684906006,3.0571085466821435
2934,3721,3720,0,-0.6433001666337783,-0.6576105356216431,-0.6805300026208694,-0.6961550712585449,-0.682211493067002
2935,3722,3721,0,1.47272015521223,1.242128849029541,1.2192093820303147,1.1598299741744995,1.1737735523660424
2936,3723,3722,0,-0.22180753043001247,-0.167623370885849,-0.19054283788507534,-0.21740713715553284,-0.20346355896398993
2937,3724,3723,0,0.8017036409109299,0.8378632068634033,0.814943739864177,0.8134058713912964,0.8273494495828393
2938,3725,3724,0,2.1967452854841416,2.1831467151641846,2.1602272481649583,2.199204206466675,2.2131477846582177
2939,3726,3725,0,-2.928934207466298,-2.926529884338379,-2.949449351337605,-2.9836690425872803,-2.9697254643957374
2940,3727,3726,0,-0.37794058611696313,-0.3970124125480652,-0.4199318795472915,-0.35868385434150696,-0.34474027614996405
2941,3728,3727,0,0.9587721318929856,0.9871075749397278,0.9641881079405015,0.9421980381011963,0.9561416162927392
2942,3730,3729,0,0.8307749123304551,0.896029531955719,0.8731100649564927,0.8228539228439331,0.836797501035476
2943,3731,3730,0,-0.3922364025384719,-0.42131903767585754,-0.44423850467508386,-0.33628585934638977,-0.32234228115484687
2944,3732,3731,0,-0.21967818429773403,-0.1849789321422577,-0.20789839914148403,-0.23703622817993164,-0.22309264998838874
2945,3733,3732,0,-4.254824033287221,-4.265994548797607,-4.288914015796834,-4.238398551940918,-4.224454973749375
2946,3734,3733,0,0.4390556306570237,0.4668937921524048,0.4439743251531785,0.45332393050193787,0.46726750869348077
2947,3735,3734,0,-0.43476518085306237,-0.435226172208786,-0.4581456392080123,-0.4177646338939667,-0.40382105570242377
2948,3737,3736,0,-0.9132283239633376,-0.7958150506019592,-0.8187345176011855,-0.8319292068481445,-0.8179856286566016
2949,3738,3737,0,-0.009693016578310254,0.0248454287648201,0.0019259617655937589,-0.06282028555870056,-0.04887670736715766
2950,3739,3738,0,-1.5414385705262954,-1.5196881294250488,-1.5426075964242751,-1.5432384014129639,-1.529294823221421
2951,3740,3739,0,0.3294025451868241,0.39948680996894836,0.37656734296972205,0.3520562946796417,0.36599987287118463
2952,3741,3740,-1,-0.022838282900112805,-0.0002859756350517273,-0.023205442634278067,-0.04039999842643738,-0.026456420234894473
2953,3742,3741,0,-2.580597749260121,-2.543109655380249,-2.5660291223794753,-2.6192190647125244,-2.6052754865209815
2954,3743,3742,0,1.3137666077345078,1.3551995754241943,1.332280108424968,1.2733696699142456,1.2873132481057885
2955,3744,3743,0,-1.138341298607045,-1.1349049806594849,-1.1578244476587112,-1.1353553533554077,-1.1214117751638648
2956,3745,3744,0,0.07095267036849903,0.0944521427154541,0.07153267571622776,0.022522583603858948,0.03646616179540185
2957,3746,3745,0,1.4141022057264512,1.4238038063049316,1.4008843393057053,1.36561918258667,1.3795627607782128
2958,3748,3747,0,2.447659143897838,2.5443358421325684,2.521416375133342,2.4442694187164307,2.4582129969079736
2959,3749,3748,0,-1.4190068154603774,-1.44999098777771,-1.4729104547769363,-1.383975863456726,-1.3700322852651832
2960,3750,3749,0,1.0299192757337754,0.9857163429260254,0.9627968759267991,0.9829410314559937,0.9968846096475366
2961,3751,3750,0,-2.1267338900834853,-2.0679588317871094,-2.0908782987863357,-2.186725378036499,-2.172781799844956
2962,3752,3751,0,-1.056793799904042,-1.1030759811401367,-1.125995448139363,-0.9968793392181396,-0.9829357610265967
2963,3753,3752,0,1.9147584528654282,1.9519100189208984,1.9289905519216721,1.8517206907272339,1.8656642689187768
2964,3754,3753,0,0.6565089316099351,0.6949408054351807,0.6720213384359544,0.6445820331573486,0.6585256113488915
2965,3755,3754,0,0.8150790424078171,0.8411577343940735,0.8182382673948472,0.7729520797729492,0.7868956579644921
2966,3756,3755,0,-0.026961569023185493,-0.015572212636470795,-0.038491679635697135,-0.015450075268745422,-0.0015064970772025177
2967,3757,3756,0,0.24426999101335453,0.23534345626831055,0.2124239892690842,0.24468757212162018,0.2586311503131631
2968,3758,3757,0,2.350559362861461,2.3977363109588623,2.374816843959636,2.308696985244751,2.322640563436294
2969,3759,3758,0,-1.6780018716127212,-1.6552157402038574,-1.6781352072030837,-1.621702790260315,-1.607759212068772
2970,3760,3759,0,1.4974284262388413,1.5647883415222168,1.5418688745229905,1.5113794803619385,1.5253230585534814
2971,3761,3760,0,2.9132033676832383,2.975262403488159,2.952342936488933,2.862287759780884,2.8762313379724267
2972,3763,3762,0,1.4441466421812241,1.5405139923095703,1.517594525310344,1.404056429862976,1.418000008054519
2973,3765,3764,0,-2.536257854011708,-2.540107488632202,-2.5630269556314285,-2.5425641536712646,-2.5286205754797217
2974,3767,3766,0,1.4211036057203477,1.4139037132263184,1.390984246227092,1.364012598991394,1.377956177182937
2975,3768,3767,0,-1.6027842669755752,-1.6142609119415283,-1.6371803789407546,-1.6143323183059692,-1.6003887401144263
2976,3770,3769,0,-0.8225846796304519,-0.7669578194618225,-0.7898772864610488,-0.7989872694015503,-0.7850436912100074
2977,3772,3771,0,0.5380669922559922,0.5860246419906616,0.5631051749914353,0.5263723134994507,0.5403158916909936
2978,3773,3772,0,1.4907921642988389,1.5357401371002197,1.5128206701009934,1.4384703636169434,1.4524139418084863
2979,3774,3773,0,2.5887545437544053,2.6326472759246826,2.6097278089254563,2.5828099250793457,2.5967535032708886
2980,3775,3774,0,0.43891311595136573,0.46795639395713806,0.44503692695791175,0.3444620966911316,0.3584056748826745
2981,3776,3775,-6,0.5326540714829342,0.5875677466392517,0.5646482796400254,0.4820254147052765,0.4959689928968194
2982,3778,3777,0,1.8041629881590073,1.8309578895568848,1.8080384225576585,1.7608778476715088,1.7748214258630517
2983,3779,3778,0,-0.7490408330232436,-0.7089102268218994,-0.7318296938211257,-0.7335611581802368,-0.7196175799886939
2984,3780,3779,0,1.396725782844371,1.4522075653076172,1.4292880983083909,1.3783828020095825,1.3923263802011254
2985,3782,3781,0,-1.4134932666093643,-1.4413504600524902,-1.4642699270517165,-1.3839304447174072,-1.3699868665258643
2986,3784,3783,0,1.5746890396803086,1.6428050994873047,1.6198856324880784,1.544122576713562,1.558066154905105
2987,3785,3784,-2,0.09179307448162355,0.1114388182759285,0.08851935127670216,0.06958723068237305,0.08353080887391595
2988,3786,3785,0,0.26379183838064124,0.3105061948299408,0.2875867278307145,0.20177045464515686,0.21571403283669977
2989,3787,3786,0,3.3207405895918076,3.378852128982544,3.3559326619833176,3.252544403076172,3.266487981267715
2990,3788,3787,0,2.3904076904981797,2.4174554347991943,2.394535967799968,2.393110990524292,2.407054568715835
2991,3789,3788,0,-1.2686930804521377,-1.2054657936096191,-1.2283852606088455,-1.2512880563735962,-1.2373444781820533
2992,3790,3789,0,-1.3206856160432632,-1.3744471073150635,-1.3973665743142898,-1.3420602083206177,-1.3281166301290748
2993,3791,3790,0,-3.1277745871812637,-3.087718963623047,-3.110638430622273,-3.1155946254730225,-3.1016510472814796
2994,3792,3791,0,-0.06368084093635631,-0.04211821407079697,-0.0650376810700233,-0.006526075303554535,0.00741750288798837
2995,3793,3792,0,1.513132581207103,1.4951210021972656,1.4722015351980393,1.4466711282730103,1.4606147064645532
2996,3794,3793,0,0.9474822969167893,1.0109039545059204,0.9879844875066941,0.914074182510376,0.9280177607019189
2997,3795,3794,0,-0.12801671614950252,-0.13224148750305176,-0.1551609545022781,-0.16393090784549713,-0.14998732965395423
2998,3796,3795,0,0.6173842043607896,0.6425767540931702,0.6196572870939439,0.618838906288147,0.6327824844796899
2999,3797,3796,0,1.3870213122099107,1.3695157766342163,1.34659630963499,1.329465389251709,1.343408967443252
3000,3798,3797,0,2.1117302269666856,2.15218186378479,2.1292623967855637,2.0578198432922363,2.0717634214837792
3001,3799,3798,0,0.44239349076444556,0.49960288405418396,0.47668341705495765,0.5008668899536133,0.5148104681451562
3002,3800,3799,0,1.5967266649931138,1.636844277381897,1.6139248103826707,1.6002912521362305,1.6142348303277734
3003,3801,3800,0,2.1812540383070176,2.208519458770752,2.1855999917715256,2.1747238636016846,2.1886674417932275
3004,3802,3801,0,2.5319663376539414,2.562732696533203,2.539813229533977,2.515018939971924,2.5289625181634667
3005,3803,3802,0,1.0114055962293809,1.0071595907211304,0.9842401237219041,0.9364497661590576,0.9503933443506005
3006,3805,3804,0,0.966794440242595,0.9959841370582581,0.9730646700590317,0.9127335548400879,0.9266771330316308
3007,3806,3805,0,-0.3803982346326644,-0.3257414996623993,-0.3486609666616256,-0.3593426048755646,-0.34539902668402167
3008,3807,3806,0,0.25224355766469886,0.18698307871818542,0.16406361171895908,0.23588132858276367,0.24982490677430658
3009,3808,3807,0,2.238504061195201,2.267338514328003,2.2444190473287766,2.1665868759155273,2.1805304541070702
3010,3809,3808,0,1.2375987858503525,1.2531981468200684,1.230278679820842,1.1951700448989868,1.2091136230905297
3011,3810,3809,-1,-2.7736880067160308,-2.731703996658325,-2.7546234636575515,-2.9082601070404053,-2.8943165288488624
3012,3812,3811,0,-1.5466103463441665,-1.5772747993469238,-1.6001942663461501,-1.5786142349243164,-1.5646706567327735
3013,3813,3812,0,1.4174577088087266,1.3812217712402344,1.358302304241008,1.3737958669662476,1.3877394451577905
3014,3814,3813,0,2.2259036392896836,2.2545864582061768,2.2316669912069504,2.2212026119232178,2.2351461901147607
3015,3815,3814,0,-0.47546794107263635,-0.4262884557247162,-0.4492079227239425,-0.4555686414241791,-0.4416250632326362
3016,3816,3815,0,-5.703183522728139,-5.6684675216674805,-5.691386988666707,-5.59459114074707,-5.580647562555527
3017,3817,3816,0,0.31254992792303016,0.3808996081352234,0.3579801411359971,0.32730579376220703,0.34124937195374994
3018,3818,3817,0,1.794854411575145,1.8678025007247925,1.8448830337255662,1.7935200929641724,1.8074636711557153
3019,3819,3818,0,2.0080834717481797,2.0725724697113037,2.0496530027120774,2.005760669708252,2.019704247899795
3020,3821,3820,0,-1.2616574673921401,-1.1195738315582275,-1.1424932985574539,-1.2845135927200317,-1.2705700145284888
3021,3822,3821,0,2.562140354606456,2.5741302967071533,2.551210829707927,2.534158945083618,2.548102523275161
3022,3823,3822,0,2.032979855033702,2.059736728668213,2.0368172616689866,1.9891831874847412,2.003126765676284
3023,3824,3823,0,-1.33400272419756,-1.313934326171875,-1.3368537931711013,-1.3460220098495483,-1.3320784316580054
3024,3825,3824,0,-4.021819463279897,-4.099260330200195,-4.122179797199422,-3.868295192718506,-3.854351614526963
3025,3826,3825,0,1.010750898811168,1.0494509935379028,1.0265315265386765,1.0023397207260132,1.016283298917556
3026,3828,3827,0,-4.481479993370229,-4.454773426055908,-4.477692893055135,-4.463354587554932,-4.449411009363389
3027,3831,3830,0,0.561089763137645,0.6250768303871155,0.6021573633878892,0.5550474524497986,0.5689910306413415
3028,3832,3831,0,-1.0541561751634414,-1.0314226150512695,-1.0543420820504958,-1.0544008016586304,-1.0404572234670875
3029,3833,3832,0,-0.22208425989454342,-0.2305714190006256,-0.2534908859998519,-0.2223217785358429,-0.2083782003443
3030,3834,3833,-1,0.2902582403847993,0.30756083130836487,0.28464136430913856,0.26693403720855713,0.28087761540010003
3031,3835,3834,0,0.8125760049551194,0.8154609799385071,0.7925415129392808,0.7490222454071045,0.7629658235986474
3032,3837,3836,0,0.3770543427198594,0.4445388913154602,0.4216194243162339,0.32206061482429504,0.33600419301583795
3033,3838,3837,0,-0.693640997913533,-0.7062329649925232,-0.7291524319917495,-0.6635838747024536,-0.6496402965109107
3034,3839,3838,0,-2.245826592949086,-2.269341230392456,-2.2922606973916824,-2.190757989883423,-2.17681441169188
3035,3840,3839,0,1.4209003538816636,1.4011017084121704,1.378182241412944,1.3658897876739502,1.379833365865493
3036,3841,3840,0,-0.5568469076425369,-0.4911533296108246,-0.5140727966100509,-0.5831948518753052,-0.5692512736837623
3037,3842,3841,0,-0.11441332688634945,-0.05282912403345108,-0.07574859103267742,-0.09938082098960876,-0.08543724279806586
3038,3843,3842,-1,0.17705018488858348,0.15219828486442566,0.12927881786519932,0.10955743491649628,0.12350101310803918
3039,3845,3844,0,2.7119127602308457,2.7391700744628906,2.7162506074636643,2.6629951000213623,2.676938678212905
3040,3846,3845,0,0.32024521538907935,0.35070186853408813,0.3277824015348618,0.296383261680603,0.31032683987214593
3041,3847,3846,0,0.35342369386846473,0.3832928538322449,0.36037338683301856,0.36856064200401306,0.38250422019555597
3042,3848,3847,0,-1.0195219426423843,-0.9775466322898865,-1.0004660992891128,-1.0557786226272583,-1.0418350444357154
3043,3850,3849,0,2.333929666969127,2.3698365688323975,2.346917101833171,2.2707486152648926,2.2846921934564355
3044,3851,3850,0,-2.4156838565141494,-2.4098668098449707,-2.432786276844197,-2.4230151176452637,-2.4090715394537208
3045,3852,3851,0,-0.600142827537709,-0.5615059733390808,-0.5844254403383071,-0.5865598917007446,-0.5726163135092017
3046,3853,3852,0,1.2566776365965073,1.268925428390503,1.2460059613912766,1.2714195251464844,1.2853631033380273
3047,3854,3853,0,-3.165762296226674,-3.1841800212860107,-3.207099488285237,-3.137488603591919,-3.123545025400376
3048,3855,3854,0,-0.4328965454370315,-0.4362804591655731,-0.45919992616479943,-0.415058434009552,-0.4011148558180091
3049,3857,3856,0,-1.6702034383088882,-1.651836633682251,-1.6747561006814773,-1.6829725503921509,-1.669028972200608
3050,3859,3858,0,2.1801570744245713,2.1806187629699707,2.1576992959707444,2.1199393272399902,2.133882905431533
3051,3860,3859,0,-0.33782812049692224,-0.32863953709602356,-0.35155900409524987,-0.29984524846076965,-0.28590167026922675
3052,3861,3860,0,-4.520273557213002,-4.496915817260742,-4.519835284259969,-4.355772495269775,-4.3418289170782325
3053,3862,3861,0,-4.258086076286489,-4.2415289878845215,-4.264448454883748,-4.273777008056641,-4.259833429865098
3054,3863,3862,0,-0.03325376128857684,-0.0317058339715004,-0.05462530097072674,-0.061237335205078125,-0.04729375701353522
3055,3864,3863,0,2.114672312232799,2.1464436054229736,2.1235241384237473,2.0979583263397217,2.1119019045312646
3056,3866,3865,0,2.366818317863292,2.38689923286438,2.3639797658651536,2.2776782512664795,2.2916218294580224
3057,3867,3866,0,0.638079771491832,0.6746925115585327,0.6517730445593064,0.6547201871871948,0.6686637653787377
3058,3868,3867,0,1.0364461035459702,1.0715832710266113,1.048663804027385,1.046573281288147,1.0605168594796899
3059,3869,3868,0,1.2016313166349595,1.2826504707336426,1.2597310037344163,1.2415090799331665,1.2554526581247094
3060,3870,3869,0,1.4834539980619614,1.534712553024292,1.5117930860250657,1.497677206993103,1.511620785184646
3061,3871,3870,0,0.7199447841375535,0.7344043850898743,0.711484918090648,0.7344269752502441,0.748370553441787
3062,3872,3871,0,-0.4954061417848403,-0.46790382266044617,-0.4908232896596725,-0.46014830470085144,-0.44620472650930854
3063,3873,3872,0,-1.9265409617692764,-1.896970510482788,-1.9198899774820144,-1.9312437772750854,-1.9173001990835425
3064,3874,3873,0,2.265606054755992,2.326153039932251,2.3032335729330247,2.2199344635009766,2.2338780416925195
3065,3875,3874,0,-0.0963535889059837,-0.02533727139234543,-0.04825673839157177,-0.07576733827590942,-0.06182376008436652
3066,3876,3875,0,1.2247244209974473,1.2376177310943604,1.214698264095134,1.2071746587753296,1.2211182369668725
3067,3877,3876,0,-2.223581424263173,-2.230609178543091,-2.253528645542317,-2.2241296768188477,-2.2101860986273048
3068,3878,3877,0,0.8953449816435044,0.9353924989700317,0.9124730319708054,0.917233943939209,0.9311775221307519
3069,3880,3879,0,0.06439131656581806,0.08432472497224808,0.06140525797302174,0.05469844490289688,0.06864202309443979
3070,3881,3880,0,-2.823113790062123,-2.813678503036499,-2.8365979700357253,-2.765744924545288,-2.751801346353745
3071,3882,3881,0,0.8030947537153428,0.8268821239471436,0.8039626569479172,0.7757889032363892,0.7897324814279321
3072,3883,3882,0,-2.0061005263597305,-2.0038952827453613,-2.0268147497445876,-2.0017197132110596,-1.9877761350195167
3073,3884,3883,0,0.5196968407362168,0.5536919832229614,0.5307725162237351,0.482683926820755,0.4966275050122979
3074,3885,3884,0,-0.40981691172426293,-0.36502695083618164,-0.38794641783540795,-0.3959517776966095,-0.3820081995050666
3075,3887,3886,-1,0.6480859038064302,0.6793919205665588,0.6564724535673325,0.6241071224212646,0.6380507006128076
3076,3888,3887,0,1.7608246893614,1.824383020401001,1.8014635534017747,1.7288180589675903,1.7427616371591332
3077,3889,3888,0,1.2490748257368272,1.2953554391860962,1.2724359721868699,1.2236719131469727,1.2376154913385156
3078,3890,3889,0,-0.6492141394883926,-0.6318479180335999,-0.6547673850328262,-0.6429401636123657,-0.6289965854208228
3079,3891,3890,0,-3.2317479758531387,-3.1431539058685303,-3.1660733728677566,-3.1695196628570557,-3.1555760846655128
3080,3892,3891,0,2.0381821484296982,2.034440040588379,2.0115205735891526,1.9922884702682495,2.0062320484597924
3081,3893,3892,0,0.8629573673933213,0.8949469923973083,0.872027525398082,0.8796049356460571,0.8935485138376
3082,3894,3893,0,-0.1362463294536407,-0.0625818595290184,-0.08550132652824474,-0.15622901916503906,-0.14228544097349616
3083,3895,3894,0,1.185872444602794,1.1791391372680664,1.15621967026884,1.1310774087905884,1.1450209869821313
3084,3896,3895,0,-2.367316833046132,-2.2993810176849365,-2.322300484684163,-2.33260440826416,-2.3186608300726173
3085,3897,3896,0,-1.7635887770921523,-1.6763771772384644,-1.6992966442376907,-1.7088526487350464,-1.6949090705435035
3086,3898,3897,0,-2.1844104438096816,-2.2011196613311768,-2.224039128330403,-2.2048046588897705,-2.1908610806982276
3087,3900,3899,0,0.13596403011972355,0.08865786343812943,0.06573839643890309,0.1367315649986267,0.1506751431901696
3088,3901,3900,0,1.8796687216489976,1.900211215019226,1.8772917480199998,1.8652843236923218,1.8792279018838647
3089,3902,3901,0,1.4320538134306138,1.5132684707641602,1.4903490037649338,1.4055558443069458,1.4194994224984887
3090,3903,3902,0,2.541974911186046,2.587423801422119,2.564504334422893,2.498695135116577,2.51263871330812
3091,3904,3903,0,-0.6098633914262588,-0.5509856939315796,-0.5739051609308059,-0.6214748620986938,-0.6075312839071509
3092,3905,3904,0,1.9612734408109849,1.9536621570587158,1.9307426900594895,1.9037843942642212,1.917727972455764
3093,3906,3905,0,1.9565072149961655,2.0003466606140137,1.9774271936147874,1.9583202600479126,1.9722638382394555
3094,3907,3906,0,-5.727544656303579,-5.784034729003906,-5.806954196003133,-5.632368564605713,-5.61842498641417
3095,3908,3907,0,1.6068909258573716,1.640343427658081,1.6174239606588547,1.6270276308059692,1.6409712089975121
3096,3909,3908,0,-4.1638077407152,-4.218527317047119,-4.241446784046346,-4.066561222076416,-4.052617643884873
3097,3910,3909,0,-1.260222664383107,-1.23586106300354,-1.2587805300027664,-1.2141425609588623,-1.2001989827673194
3098,3913,3912,0,-0.08592990627592159,-0.08531301468610764,-0.10823248168533398,-0.10070054233074188,-0.08675696413919898
3099,3915,3914,0,0.4727922768324082,0.48862913250923157,0.46570966551000526,0.49878618121147156,0.5127297594030145
3100,3916,3915,0,-0.6831841378480727,-0.6778389811515808,-0.7007584481508071,-0.718651533126831,-0.7047079549352882
3101,3918,3917,0,1.8079634995191758,1.8258682489395142,1.8029487819402878,1.7697657346725464,1.7837093128640893
3102,3920,3919,0,1.674056300613231,1.7077367305755615,1.6848172635763352,1.6526285409927368,1.6665721191842797
3103,3921,3920,0,-0.9545146136552627,-1.0093635320663452,-1.0322829990655715,-0.9895216226577759,-0.975578044466233
3104,3922,3921,0,-1.37878929665392,-1.393270492553711,-1.4161899595529372,-1.3612033128738403,-1.3472597346822974
3105,3923,3922,0,-0.1619879066020782,-0.19639214873313904,-0.21931161573236538,-0.17659056186676025,-0.16264698367521735
3106,3924,3923,0,1.6429369539945786,1.6350585222244263,1.6121390552252,1.6032861471176147,1.6172297253091577
3107,3926,3925,0,0.06373398909265446,0.07798231393098831,0.05506284693176197,0.04511860013008118,0.05906217832162408
3108,3927,3926,0,-1.8614535241395767,-1.853212833404541,-1.8761323004037673,-1.8830138444900513,-1.8690702662985084
3109,3929,3928,0,0.9506035537450974,0.9964156746864319,0.9734962076872056,0.9766331911087036,0.9905767693002465
3110,3930,3929,0,1.054729351493663,1.153720736503601,1.1308012695043748,1.0992658138275146,1.1132093920190576
3111,3932,3931,0,-2.3369129805833633,-2.2967746257781982,-2.3196940927774246,-2.3264753818511963,-2.3125318036596534
3112,3933,3932,0,-6.808722844627553,-6.872644901275635,-6.8955643682748615,-6.704639911651611,-6.690696333460068
3113,3934,3933,0,1.4239287466734116,1.4300251007080078,1.4071056337087815,1.3680620193481445,1.3820055975396874
3114,3935,3934,0,1.1286170572965806,1.1574710607528687,1.1345515937536423,1.128469705581665,1.142413283773208
3115,3939,3938,0,-0.039094237890892745,-0.04363609105348587,-0.06655555805271221,-0.07278794050216675,-0.05884436231062384
3116,3940,3939,0,-2.731746783760243,-2.639378070831299,-2.662297537830525,-2.761646032333374,-2.747702454141831
3117,3941,3940,0,0.3859140367239182,0.42015403509140015,0.39723456809217383,0.3804934322834015,0.3944370104749444
3118,3942,3941,0,-1.7885879187852676,-1.8168418407440186,-1.8397613077432449,-1.8052798509597778,-1.791336272768235
3119,3943,3942,0,0.18943963358098911,0.1931232213973999,0.17020375439817356,0.12228161096572876,0.13622518915727166
3120,3944,3943,0,-1.3872481494218643,-1.3694446086883545,-1.3923640756875808,-1.2915947437286377,-1.2776511655370948
3121,3946,3945,0,0.4068846792905991,0.4735364615917206,0.45061699459249427,0.4378342926502228,0.4517778708417657
3122,3947,3946,0,0.2685485274522965,0.23776885867118835,0.21484939167196201,0.27520424127578735,0.28914781946733026
3123,3948,3947,0,0.5749013514249985,0.6343483328819275,0.6114288658827012,0.5468615293502808,0.5608051075418237
3124,3949,3948,0,-2.4507421164781387,-2.4707798957824707,-2.493699362781697,-2.491572618484497,-2.477629040292954
3125,3951,3950,0,-2.984326472786122,-2.9636147022247314,-2.9865341692239578,-2.9393160343170166,-2.9253724561254737
3126,3952,3951,0,-2.516028991249257,-2.528958320617676,-2.551877787616902,-2.5411875247955322,-2.5272439466039893
3127,3954,3953,0,-0.12997726192777706,-0.08790230005979538,-0.11082176705902172,-0.11908891797065735,-0.10514533977911444
3128,3955,3954,0,0.5369719953268235,0.5793532133102417,0.5564337463110154,0.4930897653102875,0.5070333435018304
3129,3957,3956,0,-0.2960095017225082,-0.2667030990123749,-0.2896225660116012,-0.32974711060523987,-0.31580353241369696
3130,3958,3957,0,0.9626379103391831,1.0109344720840454,0.9880150050848191,0.9919470548629761,1.005890633054519
3131,3959,3958,0,0.14239397058183598,0.21599245071411133,0.193072983714885,0.15144142508506775,0.16538500327661065
3132,3961,3960,0,-2.7777722983629043,-2.8410189151763916,-2.863938382175618,-2.7903707027435303,-2.7764271245519874
3133,3962,3961,0,1.9814130158155625,1.9917848110198975,1.9688653440206711,1.9744207859039307,1.9883643640954736
3134,3963,3962,0,1.617255935165233,1.7134003639221191,1.6904808969228928,1.596842646598816,1.6107862247903588
3135,3964,3963,0,2.2157017082899277,2.262387990951538,2.2394685239523118,2.16607666015625,2.180020238347793
3136,3965,3964,0,1.8387016148298447,1.8716776371002197,1.8487581701009934,1.8228815793991089,1.8368251575906518
3137,3966,3965,0,0.8360543937414353,0.8993291258811951,0.8764096588819688,0.7606453895568848,0.7745889677484277
3138,3967,3966,0,0.723600396606273,0.7902256846427917,0.7673062176435654,0.7278597354888916,0.7418033136804345
3139,3968,3967,0,1.2900766224592393,1.331939935684204,1.3090204686849778,1.2418444156646729,1.2557879938562158
3140,3969,3968,0,0.4425149352281754,0.4412649869918823,0.418345519992656,0.40765026211738586,0.42159384030892877
3141,3972,3971,0,0.6430014462202256,0.656151294708252,0.6332318277090256,0.6168621778488159,0.6308057560403588
3142,3974,3973,0,1.232734689208812,1.2372138500213623,1.214294383022136,1.1829783916473389,1.1969219698388818
3143,3976,3975,0,-1.5733468442231948,-1.5364725589752197,-1.559392025974446,-1.5613081455230713,-1.5473645673315284
3144,3978,3977,0,1.868993291351146,1.924605369567871,1.9016859025686448,1.807798981666565,1.8217425598581078
3145,3980,3979,0,0.599498400184459,0.6745123267173767,0.6515928597181504,0.6241480112075806,0.6380915893991235
3146,3981,3980,0,1.0986961216657822,1.1188055276870728,1.0958860606878464,1.0891832113265991,1.103126789518142
3147,3982,3981,0,2.744128355476207,2.7291319370269775,2.7062124700277512,2.712355375289917,2.72629895348146
3148,3983,3982,0,1.4065935702055161,1.4496283531188965,1.4267088861196702,1.4173182249069214,1.4312618030984643
3149,3984,3983,0,0.7679060191839402,0.800937294960022,0.7780178279607957,0.7790849208831787,0.7930284990747216
3150,3986,3985,0,-0.9495010881692703,-0.9814683794975281,-1.0043878464967544,-0.9489482641220093,-0.9350046859304664
3151,3987,3986,0,0.3056829066007798,0.31905683875083923,0.2961373717516129,0.2341340333223343,0.2480776115138772
3152,3988,3987,0,0.822375425788707,0.8276659846305847,0.8047465176313584,0.748225212097168,0.7621687902887109
3153,3989,3988,0,-0.0828887804419334,-0.10932505875825882,-0.13224452575748516,-0.13946130871772766,-0.12551773052618476
3154,3990,3989,0,1.5578911394804185,1.5771318674087524,1.5542124004095261,1.461117148399353,1.475060726590896
3155,3991,3990,0,-2.2548445372850234,-2.263158082962036,-2.2860775499612624,-2.2343921661376953,-2.2204485879461524
3156,3992,3991,0,2.4863897652357285,2.5312864780426025,2.5083670110433762,2.4222898483276367,2.4362334265191796
3157,3996,3995,0,1.8773284048765366,1.8929851055145264,1.8700656385153,1.8368953466415405,1.8508389248330834
3158,3997,3996,0,-3.0005561023027236,-3.00189471244812,-3.0248141794473464,-2.955037832260132,-2.941094254068589
3159,3998,3997,0,1.1520333380430405,1.2357769012451172,1.2128574342458909,1.1951295137405396,1.2090730919320825
3160,3999,3998,0,0.7678337783544724,0.8071275949478149,0.7842081279485886,0.7393794059753418,0.7533229841668847
3161,4000,3999,0,2.2368520588606065,2.238077402114868,2.215157935115642,2.1635265350341797,2.1774701132257226
3162,4001,4000,0,-3.4843042998582656,-3.5677297115325928,-3.590649178531819,-3.436030149459839,-3.422086571268296
3163,4002,4001,0,-1.6455666928560073,-1.654104471206665,-1.6770239382058914,-1.6168752908706665,-1.6029317126791236
3164,4003,4002,0,0.9364181847303574,0.9866533875465393,0.963733920547313,0.9433193206787109,0.9572628988702538
3165,4004,4003,0,1.1840962261884873,1.195095419883728,1.1721759528845017,1.1562749147415161,1.170218492933059
3166,4005,4004,0,1.9837131590574448,2.0295238494873047,2.0066043824880784,1.9355528354644775,1.9494964136560204
3167,4006,4005,0,0.6193534822195237,0.6593013405799866,0.6363818735807603,0.515726625919342,0.529670204110885
3168,4007,4006,0,-0.12877531936472011,-0.1133858785033226,-0.13630534550254894,-0.08294637501239777,-0.06900279682085486
3169,4008,4007,0,-5.493963590171987,-5.513404846191406,-5.536324313190633,-5.437346935272217,-5.423403357080674
3170,4009,4008,-1,2.1090005156228364,2.1548850536346436,2.1319655866354172,2.0749166011810303,2.088860179372573
3171,4010,4009,0,1.1322270722120469,1.1565483808517456,1.1336289138525193,1.0747812986373901,1.088724876828933
3172,4011,4010,0,-0.03731836965387416,-0.017338387668132782,-0.04025785466735912,-0.015577919781208038,-0.0016343415896651337
3173,4013,4012,0,1.9881574005811875,2.028026819229126,2.0051073522298997,1.9819077253341675,1.9958513035257104
3174,4014,4013,0,0.9914611668317979,1.0272029638290405,1.0042834968298142,0.9830018281936646,0.9969454063852075
3175,4015,4014,0,-0.8155153899461562,-0.7893245816230774,-0.8122440486223037,-0.8947328329086304,-0.8807892547170875
3176,4016,4015,0,-1.0343958049089248,-1.0937061309814453,-1.1166255979806716,-1.0354609489440918,-1.021517370752549
3177,4017,4016,0,-1.8114905267030532,-1.8310590982437134,-1.8539785652429397,-1.7954024076461792,-1.7814588294546363
3178,4018,4017,0,1.6247472853391831,1.6527485847473145,1.6298291177480881,1.6374768018722534,1.6514203800637963
3179,4019,4018,0,0.24167949864561009,0.26964041590690613,0.2467209489076798,0.2135920375585556,0.2275356157500985
3180,4020,4019,0,0.8504212588995164,0.8142423629760742,0.7913228959768479,0.7814600467681885,0.7954036249597314
3181,4021,4020,0,2.248863110038585,2.227067708969116,2.20414824196989,2.212923288345337,2.22686686653688
3182,4023,4022,0,-1.9676891474992568,-2.0054428577423096,-2.028362324741536,-1.9291154146194458,-1.915171836427903
3183,4024,4023,0,-0.9648061900407607,-1.0050203800201416,-1.027939847019368,-0.942602276802063,-0.9286586986105201
3184,4025,4024,0,0.47405988881284644,0.49022477865219116,0.46730531165296485,0.4886166751384735,0.5025602533300164
3185,4026,4025,0,2.279455551597423,2.3320388793945312,2.309119412395305,2.301936149597168,2.315879727788711
3186,4027,4026,0,-0.32289700796907495,-0.2757325768470764,-0.29865204384630273,-0.3248453140258789,-0.310901735834336
3187,4029,4028,0,-1.9588849454194839,-1.9784018993377686,-2.001321366336995,-1.9746049642562866,-1.9606613860647437
3188,4030,4029,0,0.8443737716406052,0.9151310324668884,0.8922115654676621,0.8149166107177734,0.8288601889093163
3189,4031,4030,0,0.7641433567732041,0.7431572079658508,0.7202377409666245,0.7652060985565186,0.7791496767480615
3190,4032,4031,0,0.7884094209402268,0.8041126132011414,0.781193146201915,0.745362401008606,0.7593059792001489
3191,4034,4033,-1,-1.8554555657675444,-1.8456294536590576,-1.868548920658284,-1.9017349481582642,-1.8877913699667213
3192,4035,4034,0,-0.14236310711210323,-0.12824776768684387,-0.1511672346860702,-0.20018312335014343,-0.18623954515860053
3193,4036,4035,0,1.9518890471189683,1.97163987159729,1.9487204045980637,1.919045090675354,1.932988668866897
3194,4037,4036,0,1.766239532920665,1.8047664165496826,1.7818469495504563,1.700196385383606,1.7141399635751489
3195,4038,4037,0,0.5304786653249924,0.5526213049888611,0.5297018379896348,0.4800938069820404,0.4940373851735833
3196,4039,4038,0,1.4203895420759385,1.427900791168213,1.4049813241689866,1.400350570678711,1.4142941488702538
3197,4040,4039,0,1.4853781552046006,1.505989670753479,1.4830702037542527,1.4135980606079102,1.427541638799453
3198,4041,4040,-1,-2.229637313204068,-2.2539656162261963,-2.2768850832254226,-2.2543022632598877,-2.240358685068345
3199,4042,4041,0,-0.9836792259485061,-0.9522563815116882,-0.9751758485109145,-0.9897221326828003,-0.9757785544912574
3200,4043,4042,0,0.025920845287985085,-0.0004677996039390564,-0.023387266603165396,-0.02465580403804779,-0.010712225846504886
3201,4044,4043,-1,2.102339338941318,2.083435297012329,2.060515830013103,2.076951265335083,2.090894843526626
3202,4046,4045,0,-1.5869249015123184,-1.5947027206420898,-1.6176221876413162,-1.6313222646713257,-1.6173786864797828
3203,4048,4047,-1,0.20640213458035594,0.22015127539634705,0.1972318083971207,0.17107635736465454,0.18501993555619745
3204,4050,4049,0,2.8912497849195664,2.85172438621521,2.8288049192159836,2.8323442935943604,2.8462878717859033
3205,4051,4050,0,-2.0153597502977187,-1.9245874881744385,-1.9475069551736648,-1.967718243598938,-1.953774665407395
3206,4052,4051,0,-0.629172196891957,-0.6191567182540894,-0.6420761852533157,-0.6488850116729736,-0.6349414334814307
3207,4053,4052,0,-2.4800125270158584,-2.4788105487823486,-2.501730015781575,-2.4842073917388916,-2.4702638135473487
3208,4054,4053,0,1.986387261840648,2.0076582431793213,1.984738776180095,1.989315152168274,2.003258730359817
3209,4057,4056,0,-2.361638894584828,-2.3768014907836914,-2.3997209577829177,-2.411616086959839,-2.397672508768296
3210,4058,4057,0,1.459541329833812,1.510948896408081,1.4880294294088547,1.4212623834609985,1.4352059616525414
3211,4059,4058,0,1.4124151558607285,1.4477698802947998,1.4248504132955735,1.370937705039978,1.384881283231521
3212,4061,4060,0,1.0809149832456773,1.1096556186676025,1.0867361516683762,1.071903109550476,1.085846687742019
3213,4062,4061,0,0.6838259191244309,0.7695316672325134,0.7466122002332871,0.7237638235092163,0.7377074017007592
3214,4063,4062,0,0.5619831771581834,0.589755654335022,0.5668361873357957,0.5479520559310913,0.5618956341226342
3215,4066,4065,0,-1.6702423005372817,-1.6642664670944214,-1.6871859340936477,-1.711410403251648,-1.697466825060105
3216,4067,4066,0,-2.245359769371205,-2.3071401119232178,-2.330059578922444,-2.233402967453003,-2.21945938926146
3217,4068,4067,0,0.23802999565298008,0.1771239936351776,0.15420452663595127,0.2415325939655304,0.2554761721570733
3218,4069,4068,0,-4.198058000114614,-4.212441444396973,-4.235360911396199,-4.195445537567139,-4.181501959375596
3219,4070,4069,0,2.13744867751295,2.120123863220215,2.0972043962209885,2.0948548316955566,2.1087984098870995
3220,4071,4070,0,1.5723620743482773,1.595505952835083,1.5725864858358567,1.6096593141555786,1.6236028923471215
3221,4072,4071,0,-1.3279337792665298,-1.340423345565796,-1.3633428125650222,-1.2837995290756226,-1.2698559508840797
3222,4074,4073,0,0.5649052352636521,0.551322877407074,0.5284034104078477,0.5544941425323486,0.5684377207238915
3223,4075,4074,0,-0.1321633069783981,-0.07805592566728592,-0.10097539266651226,-0.1407494992017746,-0.1268059210102317
3224,4076,4075,0,2.242342123481578,2.2321436405181885,2.209224173518962,2.2682576179504395,2.2822011961419824
3225,4077,4076,-1,-0.3387996438315093,-0.34205129742622375,-0.36497076442545007,-0.3540586531162262,-0.3401150749246833
3226,4078,4077,0,-0.5050526170999343,-0.49924710392951965,-0.522166570928746,-0.5367962121963501,-0.5228526340048072
3227,4079,4078,0,-1.5567926078111465,-1.5248892307281494,-1.5478086977273757,-1.5757917165756226,-1.5618481383840797
3228,4081,4080,0,0.656304070445842,0.6863763928413391,0.6634569258421128,0.6271002292633057,0.6410438074548486
3229,4082,4081,0,-3.396850696113759,-3.4300544261932373,-3.4529738931924636,-3.387237310409546,-3.373293732218003
3230,4083,4082,0,2.3938177914350693,2.428571939468384,2.4056524724691575,2.3859786987304688,2.3999222769220117
3231,4084,4083,0,1.5678136439054673,1.5921025276184082,1.569183060619182,1.5114989280700684,1.5254425062616113
3232,4085,4084,0,1.0538448185651963,1.0775940418243408,1.0546745748251145,1.022959589958191,1.0369031681497338
3233,4086,4085,0,0.6335640043943589,0.6650261878967285,0.6421067208975022,0.6238638162612915,0.6378073944528344
3234,4087,4086,0,1.1398103327482407,1.173994779586792,1.1510753125875657,1.1524959802627563,1.1664395584542993
3235,4088,4087,0,1.319992432090587,1.2787331342697144,1.255813667270488,1.283143401145935,1.297086979337478
3236,4089,4088,0,0.33985150763685157,0.2961643934249878,0.2732449264257615,0.28368663787841797,0.2976302160699609
3237,4090,4089,0,-0.06632134905164791,-0.049481309950351715,-0.07240077694957806,-0.1041087806224823,-0.0901652024309394
3238,4091,4090,0,0.14368643769914555,0.14297586679458618,0.12005639979535984,0.07130781561136246,0.08525139380290536
3239,4092,4091,0,-0.06382092675273968,-0.02028205245733261,-0.04320151945655895,-0.08861035108566284,-0.07466677289411994
3240,4093,4092,0,-0.5799270181924636,-0.5358387231826782,-0.5587581901819045,-0.5442777872085571,-0.5303342090170142
3241,4094,4093,0,0.24070865819150852,0.2669977843761444,0.24407831737691807,0.2140488475561142,0.2279924257476571
3242,4096,4095,0,0.053555166068619965,0.13030308485031128,0.10738361785108494,0.09033820033073425,0.10428177852227716
3243,4097,4096,0,1.7726688475340073,1.826010823249817,1.8030913562505906,1.7664324045181274,1.7803759827096703
3244,4098,4097,0,1.3570318312376206,1.3743594884872437,1.3514400214880173,1.3335996866226196,1.3475432648141625
3245,4100,4099,0,1.3442542643278306,1.38162362575531,1.3587041587560837,1.3396204710006714,1.3535640491922143
3246,4101,4100,0,-0.6067998318940933,-0.5882961750030518,-0.6112156420022781,-0.6182218790054321,-0.6042783008138892
3247,4102,4101,-1,-0.49070875676180714,-0.4391900599002838,-0.4621095268995101,-0.49641379714012146,-0.48247021894857856
3248,4103,4102,0,2.3702701420515244,2.4408931732177734,2.417973706218547,2.353867769241333,2.367811347432876
3249,4104,4103,0,-0.3925256340772445,-0.3772035539150238,-0.4001230209142501,-0.4053705632686615,-0.3914269850771186
3250,4105,4104,0,2.6662341446607773,2.6977035999298096,2.6747841329305833,2.606841564178467,2.6207851423700097
3251,4106,4105,0,-1.1994147210389907,-1.1984585523605347,-1.221378019359761,-1.1999789476394653,-1.1860353694479224
3252,4107,4106,0,-0.038890766260081054,0.015962116420269012,-0.0069573505789573276,-0.09453931450843811,-0.0805957363168952
3253,4108,4107,0,0.1858477831810181,0.2009141445159912,0.17799467751676487,0.19399411976337433,0.20793769795491723
3254,4109,4108,0,0.9122839064329331,0.9518911242485046,0.9289716572492783,0.9398889541625977,0.9538325323541406
3255,4110,4109,0,-1.5360414891511733,-1.5267844200134277,-1.549703887012654,-1.60020911693573,-1.586265538744187
3256,4112,4111,0,0.8047651142805283,0.8261551260948181,0.8032356590955918,0.8394100666046143,0.8533536447961572
3257,4114,4113,0,1.139572510215587,1.1271559000015259,1.1042364330022996,1.1251236200332642,1.139067198224807
3258,4115,4114,-1,-2.3726164582541167,-2.401221990585327,-2.4241414575845535,-2.351046323776245,-2.337102745584702
3259,4116,4115,0,0.029662953409499405,0.06485062092542648,0.04193115392620014,-0.0036667436361312866,0.010276834555411618
3260,4117,4116,0,0.298346021863765,0.3189021944999695,0.29598272750074317,0.2814072370529175,0.2953508152444604
3261,4119,4118,-1,-2.110778975801724,-2.1555497646331787,-2.178469231632405,-2.134328842163086,-2.120385263971543
3262,4120,4119,0,-0.7695589571267898,-0.732778012752533,-0.7556974797517593,-0.7535107135772705,-0.7395671353857276
3263,4121,4120,0,2.2492705673902695,2.3095085620880127,2.2865890950887864,2.2016592025756836,2.2156027807672265
3264,4122,4121,0,0.9183721632688706,0.9568611979484558,0.9339417309492295,0.9358446598052979,0.9497882379968408
3265,4123,4122,0,-2.275888553169423,-2.2785229682922363,-2.3014424352914626,-2.2112882137298584,-2.1973446355383155
3266,4124,4123,0,1.757340082618541,1.7822415828704834,1.759322115871257,1.7646431922912598,1.7785867704828027
3267,4125,4124,0,-0.9223486094743545,-0.9007684588432312,-0.9236879258424575,-0.9186191558837891,-0.9046755776922462
3268,4127,4126,0,-2.2104939132005508,-2.227281332015991,-2.2502007990152175,-2.177652597427368,-2.1637090192358253
3269,4129,4128,-1,2.6355133172700227,2.6603171825408936,2.6373977155416672,2.527984380722046,2.541927958913589
3270,4130,4129,0,-5.138706555870229,-5.151182174682617,-5.174101641681844,-5.1249799728393555,-5.111036394647813
3271,4131,4130,0,-0.0020269328270639203,0.03559238463640213,0.01267291763717579,0.01976907253265381,0.03371265072419671
3272,4132,4131,0,3.3675326199262803,3.3228089809417725,3.299889513942546,3.372276544570923,3.3862201227624658
3273,4133,4132,0,-3.5220519213945205,-3.550122022628784,-3.5730414896280105,-3.510565996170044,-3.496622417978501
3274,4134,4133,0,1.7928313107221787,1.8188912868499756,1.7959718198507493,1.7867780923843384,1.8007216705758813
3275,4135,4134,0,-0.3882956116468246,-0.445644348859787,-0.4685638158590133,-0.43297556042671204,-0.41903198223516913
3276,4136,4135,0,1.6389359326093857,1.5572569370269775,1.5343374700277512,1.4935318231582642,1.507475401349807
3277,4137,4136,0,2.459990868064708,2.4780657291412354,2.455146262142009,2.429821729660034,2.443765307851577
3278,4138,4137,0,-0.5974479227334792,-0.5665983557701111,-0.5895178227693374,-0.6095877885818481,-0.5956442103903052
3279,4139,4138,0,-1.5675594716340835,-1.5840269327163696,-1.606946399715596,-1.6207178831100464,-1.6067743049185035
3280,4140,4139,0,1.7935217709272568,1.815017819404602,1.7920983524053757,1.7885886430740356,1.8025322212655785
3281,4141,4140,0,-0.8607128768235977,-0.8549308180809021,-0.8778502850801284,-0.8484385013580322,-0.8344949231664893
3282,4142,4141,0,-1.7374817042619521,-1.6382651329040527,-1.661184599903279,-1.6574279069900513,-1.6434843287985084
3283,4143,4142,0,-1.4687112479478652,-1.4946718215942383,-1.5175912885934646,-1.4759271144866943,-1.4619835362951514
3284,4144,4143,0,0.0847658232777779,0.1421322524547577,0.11921278545553135,0.07365088909864426,0.08759446729018716
3285,4148,4147,0,1.8811454863279526,1.898187518119812,1.8752680511205857,1.8673945665359497,1.8813381447274926
3286,4149,4148,0,-0.5842494874269302,-0.5755020976066589,-0.5984215646058852,-0.5374586582183838,-0.5235150800268409
3287,4150,4149,0,1.3237849564283555,1.4175965785980225,1.3946771115987961,1.3064318895339966,1.3203754677255395
3288,4152,4151,0,1.6282887549131577,1.6869845390319824,1.664065072032756,1.5888456106185913,1.6027891888101342
3289,4153,4152,0,-0.29119702270334313,-0.2943751811981201,-0.31729464819734643,-0.27681222558021545,-0.26286864738867255
3290,4154,4153,0,-1.9584915547639663,-1.9438908100128174,-1.9668102770120437,-1.908225655555725,-1.8942820773641822
3291,4155,4154,0,-0.39688517740076135,-0.41444331407546997,-0.4373627810746963,-0.4067419767379761,-0.39279839854643317
3292,4157,4156,0,-1.981903663185292,-1.9548053741455078,-1.9777248411447341,-1.9521592855453491,-1.9382157073538062
3293,4158,4157,0,1.8724551291197007,1.891087532043457,1.8681680650442307,1.8567531108856201,1.870696689077163
3294,4159,4158,0,3.052353748771495,3.107795000076294,3.0848755330770676,2.9588065147399902,2.972750092931533
3295,4160,4159,0,1.7370743841856187,1.7457489967346191,1.7228295297353928,1.7313839197158813,1.7453274979074243
3296,4161,4160,0,1.433161148521251,1.4504565000534058,1.4275370330541794,1.4099737405776978,1.4239173187692407
3297,4162,4161,0,-1.9271899371415908,-1.9684722423553467,-1.991391709354573,-1.9856826066970825,-1.9717390285055396
3298,4163,4162,0,0.746097156497783,0.727179765701294,0.7042602987020676,0.7084842920303345,0.7224278702218774
3299,4164,4163,0,-0.14231801619833065,-0.11094915121793747,-0.1338686182171638,-0.16644611954689026,-0.15250254135534735
3300,4167,4166,0,1.6289116234510606,1.6926674842834473,1.669748017284221,1.6088072061538696,1.6227507843454125
3301,4168,4167,0,1.5202162356107896,1.5704424381256104,1.547522971126384,1.4623533487319946,1.4762969269235375
3302,4169,4168,0,-0.26849942496126245,-0.24626067280769348,-0.2691801398069198,-0.31311315298080444,-0.29916957478926154
3303,4170,4169,0,3.0427512020796006,3.1661508083343506,3.1432313413351243,3.0008106231689453,3.014754201360488
3304,4173,4172,0,-1.1405590682298477,-1.1108698844909668,-1.133789351490193,-1.1493068933486938,-1.135363315157151
3305,4175,4174,0,-0.8004366665155227,-0.7479950785636902,-0.7709145455629165,-0.8041317462921143,-0.7901881681005714
3306,4176,4175,0,-1.475507727173024,-1.4575324058532715,-1.4804518728524978,-1.5084556341171265,-1.4945120559255836
3307,4177,4176,0,0.40018046805555274,0.43944182991981506,0.41652236292058875,0.4164161682128906,0.43035974640443353
3308,4178,4177,0,2.1251090855329697,2.1582138538360596,2.1352943868368333,2.0615999698638916,2.0755435480554345
3309,4180,4179,0,0.12514702388936924,0.12814867496490479,0.10522920796567845,0.13341403007507324,0.14735760826661615
3310,4181,4180,0,0.8167922587125962,0.8220812082290649,0.7991617412298386,0.781334400177002,0.7952779783685449
3311,4182,4181,0,0.7605623693197434,0.7537427544593811,0.7308232874601548,0.7146344184875488,0.7285779966790917
3312,4183,4182,0,1.6256367058485215,1.6426782608032227,1.6197587938039963,1.5921210050582886,1.6060645832498315
3313,4184,4183,0,-0.6370583086282546,-0.559800386428833,-0.5827198534280593,-0.6833071708679199,-0.669363592676377
3314,4185,4184,0,-1.6716233401567275,-1.648386001586914,-1.6713054685861404,-1.7065379619598389,-1.692594383768296
3315,4186,4185,0,0.9628166646688645,0.9918599724769592,0.9689405054777329,0.9599555730819702,0.9738991512735131
3316,4187,4186,0,2.333903917762584,2.424788475036621,2.401869008037395,2.291498899459839,2.3054424776513818
3317,4191,4190,0,0.9493342132299607,0.984481930732727,0.9615624637335007,0.8848333358764648,0.8987769140680077
3318,4192,4191,0,-1.1087822823793227,-1.0835150480270386,-1.1064345150262649,-1.091475248336792,-1.077531670145249
3319,4194,4193,0,-1.3533993869096572,-1.311246395111084,-1.3341658621103103,-1.3188954591751099,-1.304951880983567
3320,4195,4194,0,-3.2707086711198623,-3.290670156478882,-3.313589623478108,-3.259312868118286,-3.2453692899267432
3321,4196,4195,0,1.1635578961103623,1.1657562255859375,1.1428367585867112,1.0978200435638428,1.1117636217553857
3322,4197,4196,0,-4.500399461296254,-4.563045501708984,-4.585964968708211,-4.484699726104736,-4.470756147913193
3323,4198,4197,0,0.09764392087156223,0.09934297949075699,0.07642351249153065,0.08708514273166656,0.10102872092320947
3324,4199,4198,0,0.28523070523435523,0.2832596004009247,0.26034013340169837,0.25918787717819214,0.27313145536973504
3325,4200,4199,0,2.186621555778331,2.1893913745880127,2.1664719075887864,2.160139799118042,2.174083377309585
3326,4201,4200,0,1.892139682266063,1.9131829738616943,1.890263506862468,1.9014967679977417,1.9154403461892846
3327,4202,4201,0,0.8068656415670579,0.8301499485969543,0.807230481597728,0.745822548866272,0.7597661270578149
3328,4203,4202,0,0.5803802699773972,0.605846107006073,0.5829266400068467,0.5915857553482056,0.6055293335397485
3329,4204,4203,0,1.1921342701643174,1.2055742740631104,1.182654807063884,1.171788215637207,1.18573179382875
3330,4206,4205,0,-0.3758949547082717,-0.37172091007232666,-0.394640377071553,-0.39079222083091736,-0.37684864263937445
3331,4207,4206,-1,-0.8294345620443999,-0.7654378414154053,-0.7883573084146316,-0.8912829160690308,-0.8773393378774879
3332,4208,4207,0,-2.252111306694203,-2.226240873336792,-2.2491603403360183,-2.238281011581421,-2.224337433389878
3333,4209,4208,0,-2.1021460204393203,-2.134938955307007,-2.157858422306233,-2.175659418106079,-2.161715839914536
3334,4210,4209,0,-0.6527590065271194,-0.6294617652893066,-0.652381232288533,-0.6293463706970215,-0.6154027925054786
3335,4212,4211,0,1.5764205546110337,1.668940544128418,1.6460210771291917,1.5578018426895142,1.571745420881057
3336,4213,4212,0,-1.4868929295808608,-1.4524571895599365,-1.4753766565591628,-1.4581185579299927,-1.4441749797384498
3337,4214,4213,0,-1.8274185567170913,-1.8844544887542725,-1.9073739557534988,-1.802968144416809,-1.7890245662252662
3338,4215,4214,0,1.6897113413541978,1.73030686378479,1.7073873967855637,1.6731109619140625,1.6870545401056054
3339,4217,4216,0,0.9372074098318284,0.9154790639877319,0.8925595969885056,0.8505134582519531,0.864457036443496
3340,4218,4217,0,-4.02593456795519,-3.991136312484741,-4.014055779483968,-3.9604947566986084,-3.9465511785070655
3341,4219,4218,0,1.4143260807722275,1.4443035125732422,1.4213840455740159,1.3926904201507568,1.4066339983422997
3342,4220,4219,0,2.2052193970411484,2.2344441413879395,2.211524674388713,2.244137763977051,2.2580813421685937
3343,4221,4220,0,1.1289196104734605,1.197047233581543,1.1741277665823167,1.0968575477600098,1.1108011259515527
3344,4222,4221,0,-1.8681340127260024,-1.8212966918945312,-1.8442161588937576,-1.8206337690353394,-1.8066901908437965
3345,4223,4222,0,1.9078279823988145,1.9799787998199463,1.95705933282072,1.848785161972046,1.8627287401635888
3346,4224,4223,0,1.923817166778392,1.9591476917266846,1.9362282247274583,1.8388112783432007,1.8527548565347436
3347,4226,4225,0,-4.1188853888780415,-4.191810607910156,-4.214730074909383,-4.177945137023926,-4.164001558832383
3348,4229,4228,0,-1.2494826226503188,-1.278979778289795,-1.3018992452890212,-1.2422925233840942,-1.2283489451925513
3349,4230,4229,0,1.0155923456876939,1.0572941303253174,1.034374663326091,1.0464619398117065,1.0604055180032494
3350,4232,4231,0,-0.3133640198976333,-0.233406662940979,-0.2563261299402053,-0.33785390853881836,-0.32391033034727545
3351,4233,4232,0,1.7289060444563096,1.7617956399917603,1.738876172992534,1.7080342769622803,1.7219778551538232
3352,4234,4233,0,-4.416905274894887,-4.450755596160889,-4.473675063160115,-4.414795398712158,-4.400851820520615
3353,4235,4234,-1,-3.284832167940396,-3.362335443496704,-3.3852549104959304,-3.321223497390747,-3.307279919199204
3354,4236,4235,0,-2.5573891310960586,-2.5825536251068115,-2.605473092106038,-2.6234586238861084,-2.6095150456945655
3355,4237,4236,0,0.08751186141664433,0.12159449607133865,0.09867502907211231,0.08128853142261505,0.09523210961415796
3356,4238,4237,0,-0.6071029811174209,-0.5845962166786194,-0.6075156836778457,-0.5960642099380493,-0.5821206317465064
3357,4239,4238,0,-0.9021789341241653,-0.86454838514328,-0.8874678521425063,-0.9329527616500854,-0.9190091834585425
3358,4241,4240,0,-4.20111595681017,-4.212587356567383,-4.23550682356661,-4.1823601722717285,-4.168416594080186
3359,4242,4241,0,-3.1587549357683,-3.245142936706543,-3.2680624037057693,-3.1584584712982178,-3.144514893106675
3360,4243,4242,0,2.3241821617811387,2.405323028564453,2.382403561565227,2.3434736728668213,2.357417251058364
3361,4245,4244,-1,2.033646893186313,2.0832953453063965,2.06037587830717,2.0378262996673584,2.0517698778589013
3362,4247,4246,0,0.7773645014494126,0.8104780316352844,0.7875585646360581,0.7927365303039551,0.806680108495498
3363,4248,4247,0,-1.0552757888109023,-1.0182867050170898,-1.0412061720163162,-1.047730565071106,-1.033786986879563
3364,4249,4248,0,1.4600042195051377,1.5292069911956787,1.5062875241964524,1.42154061794281,1.435484196134353
3365,4250,4249,0,-1.3317328601152236,-1.291750192642212,-1.3146696596414382,-1.3872979879379272,-1.3733544097463843
3366,4251,4250,0,0.3259141237466996,0.40004801750183105,0.37712855050260474,0.3128843307495117,0.3268279089410546
3367,4252,4251,0,1.4927177519529526,1.521480917930603,1.4985614509313767,1.5532350540161133,1.5671786322076562
3368,4253,4252,0,2.2123469204633897,2.291386842727661,2.268467375728435,2.263458490371704,2.277402068563247
3369,4254,4253,0,-0.032870563027315856,0.030844442546367645,0.007924975547141305,-0.10313519835472107,-0.08919162016317816
3370,4256,4255,0,2.43419636199171,2.522261381149292,2.4993419141500657,2.4568631649017334,2.4708067430932763
3371,4257,4256,0,0.9207362026899522,0.9911924004554749,0.9682729334562485,0.9197256565093994,0.9336692347009423
3372,4258,4257,0,1.8417422861784165,1.877598762512207,1.8546792955129807,1.8380047082901,1.851948286481643
3373,4259,4258,0,-2.656964650657826,-2.6895194053649902,-2.7124388723642165,-2.6854045391082764,-2.6714609609167335
3374,4260,4259,0,0.1855266035526459,0.21086078882217407,0.18794132182294773,0.19135963916778564,0.20530321735932855
3375,4261,4260,0,0.004138154628819702,0.01175609976053238,-0.01116336723869396,-0.03957527130842209,-0.025631693116879184
3376,4262,4261,0,2.247459539863414,2.320326089859009,2.2974066228597825,2.2568843364715576,2.2708279146631005
3377,4265,4264,0,1.803506025764293,1.9199450016021729,1.8970255346029465,1.8185564279556274,1.8325000061471703
3378,4266,4265,0,-0.7554930358201797,-0.7727356553077698,-0.7956551223069961,-0.7634474039077759,-0.749503825716233
3379,4269,4268,0,1.297952064964122,1.3649985790252686,1.3420791120260422,1.2739630937576294,1.2879066719491723
3380,4271,4270,0,-0.49265228798692773,-0.401592880487442,-0.42451234748666833,-0.501747727394104,-0.4878041492025611
3381,4272,4271,0,2.3186227173536484,2.398348093032837,2.3754286260336106,2.3054561614990234,2.3193997396905663
3382,4273,4272,0,2.626217731925792,2.664173126220703,2.641253659221477,2.5946600437164307,2.6086036219079736
3383,4274,4273,0,1.3375524372785752,1.4087040424346924,1.385784575435466,1.2840067148208618,1.2979502930124047
3384,4279,4278,0,0.15532799968416142,0.2025269865989685,0.17960751959974217,0.0952473059296608,0.1091908841212037
3385,4280,4279,0,0.3252621085375016,0.36291858553886414,0.3399991185396378,0.3409560024738312,0.3548995806653741
3386,4281,4280,0,1.383557328674144,1.4170395135879517,1.3941200465887253,1.364555835723877,1.3784994139154199
3387,4282,4281,0,1.6129376978605454,1.7325899600982666,1.7096704930990403,1.6469653844833374,1.6609089626748803
3388,4283,4282,0,-1.2977588086396987,-1.2645728588104248,-1.2874923258096511,-1.264752745628357,-1.250809167436814
3389,4284,4283,0,-2.042049041298085,-2.0000643730163574,-2.0229838400155837,-2.0905966758728027,-2.07665309768126
3390,4285,4284,0,0.43370083877736976,0.4208228290081024,0.3979033620088761,0.41996100544929504,0.43390458364083795
3391,4287,4286,0,-5.742379060295278,-5.694676399230957,-5.717595866230184,-5.730610370635986,-5.716666792444443
3392,4288,4287,0,1.0879153103559678,1.1494526863098145,1.1265332193105881,1.0861241817474365,1.1000677599389794
3393,4289,4288,0,-0.38911946704691003,-0.390597939491272,-0.4135174064904983,-0.39764603972435,-0.38370246153280707
3394,4290,4289,0,0.44119218895131995,0.4703778624534607,0.4474583954542344,0.48997315764427185,0.5039167358358148
3395,4291,4290,0,-0.35032864501779626,-0.31838899850845337,-0.3413084655076797,-0.343807190656662,-0.3298636124651191
3396,4292,4291,0,1.3302412123411362,1.4041361808776855,1.3812167138784592,1.3378989696502686,1.3518425478418115
3397,4293,4292,0,0.40318594286138465,0.46473798155784607,0.44181851455861976,0.39686277508735657,0.41080635327889947
3398,4294,4293,0,-0.787173381355458,-0.7262356877326965,-0.7491551547319228,-0.8202317953109741,-0.8062882171194312
3399,4296,4295,0,-1.8877588420182998,-1.9730935096740723,-1.9960129766732986,-1.8936671018600464,-1.8797235236685035
3400,4297,4296,0,2.778486856910533,2.8159372806549072,2.793017813655681,2.7113702297210693,2.7253138079126122
3401,4298,4297,0,1.2387778849332993,1.2265615463256836,1.2036420793264573,1.209603190422058,1.223546768613601
3402,4299,4298,0,-1.8614565043718154,-1.868194580078125,-1.8911140470773513,-1.8312267065048218,-1.8172831283132789
3403,4301,4300,0,1.454891809913463,1.4816830158233643,1.458763548824138,1.4079022407531738,1.4218458189447167
3404,4302,4301,0,-1.7417628674775893,-1.7686729431152344,-1.7915924101144607,-1.7167599201202393,-1.7028163419286964
3405,4303,4302,0,-1.444964399841481,-1.4249720573425293,-1.4478915243417556,-1.4009088277816772,-1.3869652495901343
3406,4304,4303,0,-0.8263613491327102,-0.7506375908851624,-0.7735570578843887,-0.7760423421859741,-0.7620987639944312
3407,4305,4304,0,2.0533520073621934,2.0432491302490234,2.020329663249797,2.049074649810791,2.063018228002334
3408,4307,4306,0,-4.292226186302358,-4.251300811767578,-4.274220278766805,-4.290460109710693,-4.2765165315191505
3409,4308,4307,0,0.6143680901258652,0.6126659512519836,0.5897464842527573,0.6335504055023193,0.6474939836938622
3410,4309,4308,0,2.3450418801038926,2.40846848487854,2.3855490178793137,2.2911245822906494,2.3050681604821923
3411,4311,4310,0,-1.7607389598161514,-1.7745354175567627,-1.797454884555989,-1.726608157157898,-1.712664578966355
3412,4312,4311,0,-2.530292382744008,-2.4854915142059326,-2.508410981205159,-2.4353907108306885,-2.4214471326391456
3413,4313,4312,0,1.1128379196851914,1.150383710861206,1.1274642438619797,1.0543413162231445,1.0682848944146874
3414,4316,4315,0,-0.614453962352925,-0.5980838537216187,-0.621003320720845,-0.6832698583602905,-0.6693262801687476
3415,4317,4316,0,-0.39107452919786523,-0.3940281271934509,-0.41694759419267724,-0.4213428795337677,-0.4073993013422248
3416,4318,4317,0,0.9553364009588425,0.9376197457313538,0.9147002787321274,0.9619371891021729,0.9758807672937158
3417,4319,4318,0,-2.155036798027211,-2.143651247024536,-2.1665707140237624,-2.081922769546509,-2.067979191354966
3418,4320,4319,0,2.3487125725477402,2.422031879425049,2.3991124124258225,2.368589162826538,2.382532741018081
3419,4321,4320,0,1.4573878140180772,1.5242078304290771,1.5012883634298508,1.471537709236145,1.485481287427688
3420,4322,4321,0,0.8326191992490952,0.8805485367774963,0.85762906977827,0.8438228368759155,0.8577664150674584
3421,4323,4322,0,0.1103407756417458,0.1400316059589386,0.11711213895971226,0.07270938158035278,0.08665295977189569
3422,4324,4323,0,-1.7172635703355605,-1.6696728467941284,-1.6925923137933547,-1.7390042543411255,-1.7250606761495826
3423,4325,4324,0,-1.118465295341664,-1.0699206590652466,-1.092840126064473,-1.160897970199585,-1.146954392008042
3424,4326,4325,0,0.8152618498533433,0.797062873840332,0.7741434068411057,0.7815845012664795,0.7955280794580224
3425,4327,4326,0,-3.920950761345082,-3.8929975032806396,-3.915916970279866,-3.8968045711517334,-3.8828609929601905
3426,4328,4327,0,-5.90841805031603,-5.95939302444458,-5.982312491443807,-5.808945178985596,-5.795001600794053
3427,4329,4328,0,0.5255376786916917,0.49348390102386475,0.47056443402463843,0.49013277888298035,0.5040763570745233
3428,4330,4329,0,-1.0764771609575088,-1.0309587717056274,-1.0538782387048538,-1.0954500436782837,-1.0815064654867408
3429,4331,4330,0,2.3755000920026963,2.3902528285980225,2.367333361598796,2.362025260925293,2.375968839116836
3430,4332,4331,0,2.302287706825084,2.300037384033203,2.277117917033977,2.265963077545166,2.279906655736709
3431,4333,4332,0,1.708479055854625,1.7144465446472168,1.6915270776479905,1.7022095918655396,1.7161531700570825
3432,4336,4335,0,1.8378168434827988,1.8458341360092163,1.82291466900999,1.798234224319458,1.812177802511001
3433,4337,4336,0,2.173350462409801,2.232236385345459,2.2093169183462327,2.1092889308929443,2.1232325090844872
3434,4338,4337,0,-1.9877633958131606,-1.9751930236816406,-1.998112490680867,-2.0168910026550293,-2.0029474244634864
3435,4339,4338,0,1.4803669542997544,1.4530807733535767,1.4301613063543503,1.4281582832336426,1.4421018614251855
3436,4340,4339,0,2.6577130646436875,2.7231905460357666,2.7002710790365403,2.6043014526367188,2.6182450308282617
3437,4341,4340,0,3.357301601859874,3.4353749752044678,3.4124555082052415,3.3091747760772705,3.3231183542688134
3438,4342,4341,0,2.400864014121837,2.4116060733795166,2.3886866063802903,2.388446569442749,2.402390147634292
3439,4343,4342,0,1.0308953613966172,1.0786092281341553,1.055689761134929,0.9989959001541138,1.0129394783456567
3440,4345,4344,0,3.1357759327619736,3.1572909355163574,3.134371468517131,3.113342046737671,3.127285624929214
3441,4346,4345,0,1.7688723892896836,1.782214641571045,1.7592951745718186,1.740816593170166,1.754760171361709
3442,4347,4346,0,1.543741473647899,1.5431702136993408,1.5202507467001145,1.4784924983978271,1.49243607658937
3443,4349,4348,0,1.0995476336210435,1.205100417137146,1.1821809501379197,1.0871202945709229,1.1010638727624658
3444,4350,4349,-1,0.1584974047372163,0.12503603100776672,0.10211656400854038,0.14706867933273315,0.16101225752427606
3445,4353,4352,0,0.6356545777052109,0.6437748670578003,0.620855400058574,0.610162615776062,0.6241061939676049
3446,4354,4353,0,0.23579836795026707,0.23981034755706787,0.21689088055784153,0.22574250400066376,0.23968608219220666
3447,4355,4354,0,1.7588026613920396,1.7400639057159424,1.717144438716716,1.6964958906173706,1.7104394688089135
3448,4356,4355,0,0.1489089519708817,0.18908533453941345,0.1661658675401871,0.20328621566295624,0.21722979385449914
3449,4357,4356,0,0.892579385730571,0.9249147176742554,0.9019952506750291,0.8814492225646973,0.8953928007562402
3450,4358,4357,0,0.7867330999105637,0.759917140007019,0.7369976730077927,0.6699390411376953,0.6838826193292382
3451,4360,4359,-1,-2.214066672640103,-2.211676836013794,-2.2345963030130203,-2.243825674057007,-2.229882095865464
3452,4361,4360,-1,-0.5814010384848296,-0.541854202747345,-0.5647736697465713,-0.566311240196228,-0.5523676620046851
3453,4362,4361,0,-0.12175042769020153,-0.08495328575372696,-0.1078727527529533,-0.15265808999538422,-0.1387145118038413
3454,4363,4362,0,-1.9026673941880996,-1.618769645690918,-1.6416891126901443,-1.8516803979873657,-1.8377368197958228
3455,4364,4363,0,1.0063582749098008,1.0355101823806763,1.01259071538145,0.96158766746521,0.9755312456567529
3456,4365,4364,0,-0.42810176899736474,-0.34955909848213196,-0.37247856548135827,-0.4217640459537506,-0.4078204677622077
3457,4366,4365,0,0.1543599308460419,0.19930708408355713,0.1763876170843308,0.11912721395492554,0.13307079214646844
3458,4367,4366,0,1.1890467495649522,1.1858103275299072,1.162890860530681,1.1833171844482422,1.197260762639785
3459,4371,4370,0,2.107913860771007,2.1458048820495605,2.1228854150503342,2.020704507827759,2.0346480860193017
3460,4372,4371,0,-2.9535182624131973,-2.939678907394409,-2.9625983743936355,-2.920708179473877,-2.906764601282334
3461,4373,4372,0,-2.131711831596547,-2.0678629875183105,-2.090782454517537,-2.1107795238494873,-2.0968359456579444
3462,4374,4373,0,-0.7203899531633193,-0.714596688747406,-0.7375161557466323,-0.8371919393539429,-0.8232483611624
3463,4375,4374,0,2.1329234928816025,2.17195200920105,2.1490325422018235,2.0937492847442627,2.1076928629358056
3464,4377,4376,0,-3.262784829643422,-3.3580219745635986,-3.380941441562825,-3.2755753993988037,-3.261631821207261
3465,4378,4377,0,1.3714315981596177,1.4410866498947144,1.418167182895488,1.3503459692001343,1.3642895473916772
3466,4379,4378,0,-1.1079709439546401,-1.0543572902679443,-1.0772767572671706,-1.1023858785629272,-1.0884423003713843
3467,4380,4379,0,1.1583583445280259,1.1907000541687012,1.1677805871694749,1.1788374185562134,1.1927809967477563
3468,4382,4381,0,0.8576322884290879,0.8801572918891907,0.8572378248899644,0.8492141962051392,0.8631577743966821
3469,4383,4382,0,-0.6000683813363845,-0.5804209113121033,-0.6033403783113296,-0.5468349456787109,-0.532891367487168
3470,4385,4384,0,1.738012084457225,1.7485096454620361,1.7255901784628098,1.6666810512542725,1.6806246294458154
3471,4386,4385,0,-3.2693143992692764,-3.2455666065216064,-3.2684860735208328,-3.2997844219207764,-3.2858408437292335
3472,4387,4386,0,-1.1368274598390395,-1.166575312614441,-1.1894947796136672,-1.1294878721237183,-1.1155442939321754
3473,4388,4387,0,2.4874273628919785,2.5667006969451904,2.543781229945964,2.4651429653167725,2.4790865435083154
3474,4389,4388,0,-3.8306032328874404,-3.903494358062744,-3.9264138250619705,-3.7531793117523193,-3.7392357335607764
3475,4390,4389,0,-1.1117588191301162,-1.1278849840164185,-1.1508044510156448,-1.12234365940094,-1.108400081209397
3476,4391,4390,0,-3.6422368197709853,-3.6465604305267334,-3.6694798975259597,-3.6117589473724365,-3.5978153691808936
3477,4392,4391,0,-5.138817182090932,-5.108009338378906,-5.130928805378133,-5.123298168182373,-5.10935458999083
3478,4393,4392,0,-0.3056750207216079,-0.23935922980308533,-0.26227869680231164,-0.30760908126831055,-0.29366550307676764
3479,4394,4393,0,0.6725940198629563,0.7043397426605225,0.6814202756612961,0.674358606338501,0.6883021845300439
3480,4395,4394,0,1.7527192921369736,1.789811134338379,1.7668916673391526,1.6838170289993286,1.6977606071908715
3481,4396,4395,0,1.7966996521681016,1.8065342903137207,1.7836148233144944,1.7484827041625977,1.7624262823541406
3482,4397,4396,0,1.0275594086378281,0.9904022812843323,0.967482814285106,0.9488115310668945,0.9627551092584374
3483,4398,4397,0,-0.8845940141946609,-0.8830772042274475,-0.9059966712266738,-0.8607940673828125,-0.8468504891912696
3484,4399,4398,0,-0.15031116297548366,-0.12448621541261673,-0.14740568241184307,-0.12271182239055634,-0.10876824419901343
3485,4400,4399,0,1.3425011725156968,1.3725440502166748,1.3496245832174485,1.3359018564224243,1.3498454346139672
3486,4401,4400,0,2.7047482819288438,2.7510337829589844,2.728114315959758,2.664140462875366,2.678084041066909
3487,4402,4401,0,-1.3399957328111465,-1.3308489322662354,-1.3537683992654617,-1.3763357400894165,-1.3623921618978736
3488,4404,4403,0,1.0886783690183823,1.1886250972747803,1.165705630275554,1.130740761756897,1.1446843399484399
3489,4405,4404,0,1.287898549529857,1.3685156106948853,1.345596143695659,1.2816911935806274,1.2956347717721703
3490,4406,4405,0,1.7977550120084946,1.8117460012435913,1.788826534244365,1.7282911539077759,1.7422347320993188
3491,4407,4406,0,1.6892865986555283,1.7138314247131348,1.6909119577139085,1.660248875617981,1.6741924538095239
3492,4410,4409,0,-3.136109223869496,-3.145725965499878,-3.1686454324991042,-3.0939271450042725,-3.0799835668127296
3493,4411,4410,0,1.1031224817960923,1.1459972858428955,1.1230778188436692,1.1596243381500244,1.1735679163415673
3494,4413,4412,0,-0.6805872826844985,-0.6566585898399353,-0.6795780568391616,-0.6597027778625488,-0.6457591996710059
3495,4415,4414,0,0.8446730465620225,0.8981525301933289,0.8752330631941025,0.8130301237106323,0.8269737019021752
3496,4417,4416,0,0.8275935144155686,0.8330467343330383,0.810127267333812,0.812126636505127,0.8260702146966699
3497,4418,4417,0,0.5123899669378464,0.5184677243232727,0.4955482573240464,0.48709532618522644,0.5010389043767693
3498,4419,4418,0,0.784336993190593,0.8271116018295288,0.8041921348303025,0.786461591720581,0.800405169912124
3499,4420,4419,0,0.6381390781133836,0.6678290367126465,0.6449095697134202,0.6710608005523682,0.6850043787439111
3500,4421,4420,0,0.8447660298078721,0.8409380316734314,0.8180185646742051,0.8233013153076172,0.8372448934991601
3501,4422,4421,0,2.3495014996259873,2.4116525650024414,2.388733098003215,2.3397865295410156,2.3537301077325585
3502,4424,4423,0,-2.751071563270741,-2.767688512802124,-2.7906079798013503,-2.774965763092041,-2.761022184900498
3503,4425,4424,0,0.9347827524870103,0.9485215544700623,0.9256020874708359,0.9086283445358276,0.9225719227273705
3504,4426,4425,0,-1.9534207492143447,-1.9046218395233154,-1.9275413065225417,-1.9236782789230347,-1.9097347007314918
3505,4427,4426,0,0.36112330267126014,0.3347392976284027,0.3118198306291764,0.3397469222545624,0.3536905004461053
3506,4428,4427,0,1.9014858097761338,1.9651103019714355,1.9421908349722092,1.8516303300857544,1.8655739082772973
3507,4429,4428,0,1.2916262240141099,1.3685648441314697,1.3456453771322434,1.3046596050262451,1.318603183217788
3508,4430,4429,0,0.6487919182508652,0.7029257416725159,0.6800062746732896,0.6329272985458374,0.6468708767373803
3509,4431,4430,0,2.620559820625133,2.691804885864258,2.6688854188650315,2.58516263961792,2.599106217809463
3510,4432,4431,0,-1.416590443161183,-1.454087257385254,-1.4770067243844802,-1.4516299962997437,-1.4376864181082007
3511,4434,4433,0,0.2775052280157273,0.31247493624687195,0.28955546924764564,0.2576761245727539,0.2716197027642968
3512,4435,4434,0,0.7702687473028367,0.7906791567802429,0.7677596897810166,0.6760902404785156,0.6900338186700585
3513,4436,4435,0,0.8859822244375413,0.964100182056427,0.9411807150572007,0.8924106359481812,0.9063542141397241
3514,4440,4439,0,-1.430643430259877,-1.4376845359802246,-1.460604002979451,-1.412896990776062,-1.398953412584519
3515,4441,4440,0,1.041788348647899,1.0838937759399414,1.060974308940715,1.0110070705413818,1.0249506487329247
3516,4443,4442,0,-2.6462439208299453,-2.666400671005249,-2.6893201380044753,-2.620140790939331,-2.606197212747788
3517,4444,4443,0,1.9625393242567246,1.9893827438354492,1.966463276836223,1.941299319267273,1.9552428974588159
3518,4445,4444,0,-1.0819528012544448,-1.0617709159851074,-1.0846903829843337,-1.0627261400222778,-1.048782561830735
3519,4446,4445,0,-2.338325133827382,-2.3594682216644287,-2.382387688663655,-2.351043462753296,-2.337099884561753
3520,4447,4446,0,-0.33856846978967736,-0.3152098059654236,-0.3381292729646499,-0.3609461784362793,-0.3470026002447364
3521,4448,4447,0,0.9884810538023179,0.9832509160041809,0.9603314490049546,0.9836480617523193,0.9975916399438622
3522,4449,4448,0,-2.4937642722398574,-2.3703527450561523,-2.3932722120553787,-2.508833646774292,-2.494890068582749
3523,4450,4449,0,-0.3313390522271926,-0.3921266794204712,-0.4150461464196975,-0.44173046946525574,-0.42778689127371283
3524,4451,4450,0,-0.9279993682176406,-0.884501039981842,-0.9074205069810684,-0.9509463310241699,-0.937002752832627
3525,4455,4454,0,0.9175565333097642,0.9543693661689758,0.9314498991697495,0.8654447793960571,0.8793883575876
3526,4458,4457,0,-3.947526565101796,-3.96966290473938,-3.992582371738606,-3.976945638656616,-3.9630020604650733
3527,4460,4459,0,-4.944046845939809,-4.996481418609619,-5.019400885608846,-4.843400001525879,-4.829456423334336
3528,4461,4460,0,-1.3862713485032852,-1.3478164672851562,-1.3707359342843826,-1.3642430305480957,-1.3502994523565528
3529,4462,4461,0,2.293019661399669,2.336271047592163,2.3133515805929368,2.286836862564087,2.30078044075563
3530,4463,4462,0,1.5970425696104233,1.6287189722061157,1.6057995052068894,1.5869232416152954,1.6008668198068383
3531,4464,4463,0,-3.2534922271043594,-3.273176908493042,-3.2960963754922683,-3.275266408920288,-3.261322830728745
3532,4465,4464,0,-1.582808843162709,-1.580488681793213,-1.6034081487924392,-1.6347357034683228,-1.6207921252767798
3533,4466,4465,0,1.2532774300306504,1.3118221759796143,1.288902708980388,1.2426034212112427,1.2565469994027856
3534,4467,4466,0,-1.4629378228456313,-1.4527204036712646,-1.475639870670491,-1.4474509954452515,-1.4335074172537086
3535,4468,4467,0,-0.16824314585035396,-0.16212257742881775,-0.1850420444280441,-0.1607557237148285,-0.1468121455232856
3536,4469,4468,-1,-1.2712780717184722,-1.3562140464782715,-1.3791335134774978,-1.3019856214523315,-1.2880420432607886
3537,4470,4469,0,2.1606313080518906,2.248723030090332,2.2258035630911057,2.1862969398498535,2.2002405180413964
3538,4471,4470,0,-0.6537882595331008,-0.6578918099403381,-0.6808112769395644,-0.6463354825973511,-0.6323919044058082
3539,4472,4471,0,1.7838853687971299,1.835249900817871,1.8123304338186448,1.677517294883728,1.691460873075271
3540,4473,4472,0,1.4819698424070542,1.5017116069793701,1.4787921399801438,1.4351742267608643,1.4491178049524072
3541,4474,4473,0,2.3954941124647324,2.3892838954925537,2.3663644284933274,2.3964998722076416,2.4104434503991845
3542,4476,4475,0,0.2605273515909379,0.27542024850845337,0.25250078150922706,0.2541072368621826,0.2680508150537255
3543,4478,4477,0,0.3594428093164628,0.40110141038894653,0.3781819433897202,0.3381020128726959,0.3520455910642388
3544,4480,4479,0,1.932973274680919,1.9314942359924316,1.9085747689932053,1.8992414474487305,1.9131850256402734
3545,4481,4480,-1,1.4748095986077607,1.566834807395935,1.5439153403967087,1.4815149307250977,1.4954585089166406
3546,4482,4481,0,-3.7724794059068496,-3.7045767307281494,-3.7274961977273757,-3.7421090602874756,-3.7281654820959327
3547,4483,4482,0,1.0140869707792466,1.0244888067245483,1.001569339725322,1.0077338218688965,1.0216774000604394
3548,4484,4483,0,0.8655906409948533,0.8902701735496521,0.8673507065504258,0.8602654933929443,0.8742090715844872
3549,4485,4484,-2,1.3504452847172193,1.411543369293213,1.3886239022939866,1.3113586902618408,1.3253022684533837
3550,4486,4485,0,1.50804091403181,1.557136058807373,1.5342165918081467,1.497472882270813,1.511416460462356
3551,4487,4486,0,0.44898892352277686,0.44473525881767273,0.4218157918184464,0.4190496504306793,0.4329932286222222
3552,4488,4487,0,0.6685911507337754,0.7058491110801697,0.6829296440809434,0.6396565437316895,0.6536001219232324
3553,4489,4488,-1,2.3297670599648774,2.415520668029785,2.392601201030559,2.2454426288604736,2.2593862070520165
3554,4490,4489,0,-2.6532424598008926,-2.6196775436401367,-2.642597010639363,-2.6077940464019775,-2.5938504682104346
3555,4491,4490,0,-0.35398112824266503,-0.3407738506793976,-0.3636933176786239,-0.3157588839530945,-0.3018153057615516
3556,4492,4491,0,0.8041400403707688,0.800787627696991,0.7778681606977647,0.7231568098068237,0.7371003879983666
3557,4493,4492,0,0.9855268091886704,1.053249478340149,1.0303300113409226,0.9823992252349854,0.9963428034265283
3558,4495,4494,0,-0.1215363948613937,-0.010807029902935028,-0.03372649690216137,-0.08396455645561218,-0.07002097826406928
3559,4496,4495,0,1.53621793696577,1.5705718994140625,1.5476524324148362,1.5263646841049194,1.5403082622964623
3560,4498,4497,0,0.6714611143797105,0.6867747902870178,0.6638553232877915,0.6422351598739624,0.6561787380655053
3561,4499,4498,0,-0.4617279081613357,-0.40427228808403015,-0.42719175508325646,-0.46737006306648254,-0.45342648487493964
3562,4500,4499,0,-0.7688916235238845,-0.762177050113678,-0.7850965171129043,-0.7530200481414795,-0.7390764699499366
3563,4501,4500,0,-1.0766009002000625,-1.1085319519042969,-1.1314514189035232,-1.0862256288528442,-1.0722820506613013
3564,4502,4501,0,-3.2252212672502334,-3.2483646869659424,-3.2712841539651687,-3.187998056411743,-3.1740544782202003
3565,4503,4502,0,-0.21935350289648128,-0.22091355919837952,-0.24383302619760586,-0.22825583815574646,-0.21431225996420356
3566,4504,4503,0,-0.5677256493837173,-0.5605414509773254,-0.5834609179765518,-0.5890389680862427,-0.5750953898946998
3567,4506,4505,0,2.582452663871593,2.570960760116577,2.548041293117351,2.5063838958740234,2.5203274740655663
3568,4507,4506,0,-0.272206237819844,-0.2333156168460846,-0.2562350838453109,-0.25981929898262024,-0.24587572079107733
3569,4508,4507,0,1.3937505573957627,1.4738188982009888,1.4508994312017625,1.3805104494094849,1.3944540276010278
3570,4510,4509,0,1.4616582483976548,1.4908376932144165,1.4679182262151902,1.404326319694519,1.418269897886062
3571,4513,4512,0,2.066508659812755,2.1423163414001465,2.11939687440092,2.085968494415283,2.099912072606826
3572,4514,4513,0,-1.7745104937822158,-1.7185163497924805,-1.7414358167917068,-1.8180835247039795,-1.8041399465124366
3573,4515,4514,0,-0.06012364318674159,-0.0196622833609581,-0.04258175036018444,-0.02287060022354126,-0.008927022031998355
3574,4516,4515,0,-2.1976779608995254,-2.264662027359009,-2.287581494358235,-2.1111907958984375,-2.0972472177068946
3575,4518,4517,0,-0.05892662545745921,-0.0014377161860466003,-0.02435718318527294,-0.11465397477149963,-0.10071039657995673
3576,4520,4519,0,2.7707377762525742,2.828521251678467,2.8056017846792405,2.722134828567505,2.736078406759048
3577,4522,4521,0,-0.5565906076700027,-0.5393696427345276,-0.5622891097337539,-0.504348874092102,-0.49040529590055915
3578,4523,4522,0,0.388555058929271,0.4218352735042572,0.3989158065050309,0.4297109842300415,0.4436545624215844
3579,4524,4523,0,-0.6605005173951919,-0.6543840765953064,-0.6773035435945327,-0.6710621118545532,-0.6571185336630103
3580,4525,4524,0,2.6462808937757676,2.701021909713745,2.678102442714519,2.585167169570923,2.5991107477624658
3581,4526,4525,-1,-1.0599910500815093,-1.01035475730896,-1.0332742243081863,-1.0426242351531982,-1.0286806569616553
3582,4527,4526,0,1.1901971192091172,1.197663426399231,1.1747439594000046,1.1967389583587646,1.2106825365503076
3583,4528,4527,0,1.3924491495817368,1.4292089939117432,1.4062895269125169,1.351507306098938,1.365450884290481
3584,4529,4528,0,1.1973476500242417,1.2528109550476074,1.229891488048381,1.2134751081466675,1.2274186863382104
3585,4530,4529,0,-5.854601254966909,-5.8642072677612305,-5.887126734760457,-5.8040876388549805,-5.790144060663438
3586,4531,4530,0,-3.3752552180558975,-3.3769657611846924,-3.3998852281839187,-3.359682321548462,-3.345738743356919
3587,4532,4531,0,-0.42966877510850976,-0.4380192458629608,-0.4609387128621871,-0.4703221023082733,-0.4563785241167304
3588,4533,4532,0,0.35439879605466773,0.38650739192962646,0.36358792493040015,0.30205485224723816,0.31599843043878106
3589,4535,4534,0,1.517087945434398,1.5700312852859497,1.5471118182867234,1.5324665307998657,1.5464101089914086
3590,4536,4535,0,-0.14882948091333462,-0.10094954818487167,-0.12386901518409801,-0.11687912046909332,-0.10293554227755042
3591,4537,4536,0,1.4174683184354966,1.429772138595581,1.4068526715963547,1.373323678970337,1.3872672571618798
3592,4538,4537,0,1.9203667731016343,1.9462329149246216,1.9233134479253953,1.8898735046386719,1.9038170828302148
3593,4541,4540,0,-1.295779576805287,-1.2588798999786377,-1.281799366977864,-1.2832645177841187,-1.2693209395925757
3594,4542,4541,0,1.58737600753004,1.6410603523254395,1.6181408853262131,1.5504800081253052,1.564423586316848
3595,4543,4542,0,-0.23793937852686,-0.23774415254592896,-0.26066361954515527,-0.30439066886901855,-0.29044709067747565
3596,4545,4544,0,1.1365559191435044,1.08511221408844,1.0621927470892136,1.0241955518722534,1.0381391300637963
3597,4546,4545,0,2.108200439903087,2.151445150375366,2.12852568337614,2.134813070297241,2.148756648488784
3598,4547,4546,0,2.280206808540172,2.3019187450408936,2.2789992780416672,2.238111972808838,2.252055551000381
3599,4549,4548,0,-1.198144069221669,-1.2353737354278564,-1.2582932024270828,-1.2354211807250977,-1.2214776025335548
3600,4550,4549,0,1.376901874038524,1.4463177919387817,1.4233983249395554,1.33533775806427,1.349281336255813
3601,4551,4550,0,0.8099694938390916,0.795246422290802,0.7723269552915757,0.7469329833984375,0.7608765615899804
3602,4552,4551,0,0.16819746205503391,0.21810424327850342,0.19518477627927708,0.1438772976398468,0.1578208758313897
3603,4553,4552,0,0.18113904604608463,0.2171918749809265,0.19427240798170017,0.08675962686538696,0.10070320505692987
3604,4555,4554,0,-1.847033730056935,-1.854321002960205,-1.8772404699594314,-1.8653297424316406,-1.8513861642400977
3605,4556,4555,0,0.020301393884367226,0.043303899466991425,0.020384432467765085,0.04543584585189819,0.0593794240434411
3606,4557,4556,0,2.2566109986036484,2.291196584701538,2.2682771177023118,2.2467944622039795,2.2607380403955224
3607,4558,4557,0,1.4319866986005967,1.452881932258606,1.4299624652593796,1.3957993984222412,1.4097429766137841
3608,4560,4559,0,1.7817571253507798,1.8707661628723145,1.8478466958730881,1.781532645225525,1.7954762234170678
3609,4561,4560,0,0.3943474085062211,0.3780851364135742,0.3551656694143479,0.4116552174091339,0.4255987956006768
3610,4562,4561,0,0.009998141507751223,0.01640120893716812,-0.006518258062058219,-0.01681743562221527,-0.0028738574306723663
3611,4565,4564,0,-1.910430422332936,-1.9095327854156494,-1.9324522524148757,-1.8573685884475708,-1.843425010256028
3612,4566,4565,-1,-3.9641148331930816,-3.9228484630584717,-3.945767930057698,-3.9103100299835205,-3.8963664517919776
3613,4567,4566,0,0.30011452147657325,0.29107406735420227,0.26815460035497596,0.3058631420135498,0.3198067202050927
3614,4568,4567,0,0.646889814826793,0.6326683759689331,0.6097489089697068,0.6173098087310791,0.631253386922622
3615,4570,4569,0,1.2312667460172837,1.1891236305236816,1.1662041635244553,1.180679202079773,1.1946227802713159
3616,4571,4570,0,-1.0024510531694228,-1.0077292919158936,-1.0306487589151199,-1.0357722043991089,-1.021828626207566
3617,4572,4571,0,0.8782366008489793,0.8991708159446716,0.8762513489454453,0.8855615854263306,0.8995051636178735
3618,4573,4572,0,2.951878199073619,2.9402425289154053,2.917323061916179,2.884680986404419,2.898624564595962
3619,4574,4573,0,1.6103140206068223,1.6602991819381714,1.637379714938945,1.612201452255249,1.626145030446792
3620,4576,4575,0,0.9473555178373521,0.9081210494041443,0.885201582404918,0.877097487449646,0.8910410656411889
3621,4577,4576,0,0.18381310412580418,0.15349537134170532,0.13057590434247898,0.1634252816438675,0.1773688598354104
3622,4578,4577,0,1.8955928177564805,2.0010898113250732,1.978170344325847,1.8518491983413696,1.8657927765329125
3623,4581,4580,0,-3.8290167956620986,-3.9343955516815186,-3.957315018680745,-3.884991407394409,-3.8710478292028663
3624,4582,4581,0,1.2175529093473618,1.2543855905532837,1.2314661235540574,1.1917381286621094,1.2056817068536523
3625,4583,4582,0,1.282483944389171,1.3190407752990723,1.296121308299846,1.2984983921051025,1.3124419702966454
3626,4585,4584,0,1.0583425850599473,1.0656673908233643,1.042747923824138,1.007110357284546,1.0210539354760888
3627,4587,4586,0,-4.3723643927842915,-4.425965785980225,-4.448885252979451,-4.266664981842041,-4.252721403650498
3628,4589,4588,0,2.5684744209974473,2.64192795753479,2.6190084905355637,2.5171759128570557,2.5311194910485986
3629,4590,4589,0,-3.021806350258046,-3.0245864391326904,-3.0475059061319167,-3.007852792739868,-2.9939092145483253
3630,4591,4590,0,-1.1370829253465469,-1.1899935007095337,-1.21291296770876,-1.1667758226394653,-1.1528322444479224
3631,4592,4591,0,0.2789822311132615,0.3158966302871704,0.2929771632879441,0.25163984298706055,0.26558342117860345
3632,4593,4592,0,-5.503808846977407,-5.5307817459106445,-5.553701212909871,-5.496372699737549,-5.482429121546006
3633,4594,4593,0,2.2628439755171006,2.2791531085968018,2.2562336415975754,2.251488208770752,2.265431786962295
3634,4596,4595,-1,-1.8177234414389312,-1.8266578912734985,-1.8495773582727248,-1.8333799839019775,-1.8194364057104346
3635,4597,4596,0,-1.9932253270417983,-1.9073776006698608,-1.9302970676690872,-1.9706591367721558,-1.9567155585806129
3636,4599,4598,0,1.8448780865400498,1.8418118953704834,1.818892428371257,1.8020795583724976,1.8160231365640405
3637,4600,4599,0,-0.08615761092012478,-0.08248285204172134,-0.10540231904094768,-0.07089708745479584,-0.05695350926325293
3638,4601,4600,0,1.7234838099210923,1.750974416732788,1.7280549497335618,1.6717056035995483,1.6856491817910912
3639,4603,4602,0,1.5686391682356065,1.586207628250122,1.5632881612508958,1.484986662864685,1.498930241056228
3640,4604,4603,0,1.6854769081800645,1.7216331958770752,1.6987137288778489,1.683973789215088,1.6979173674066308
3641,4606,4605,0,2.119881758186168,2.1990115642547607,2.1760920972555344,2.067765951156616,2.081709529348159
3642,4608,4607,0,-1.2499698310167129,-1.2816814184188843,-1.3046008854181106,-1.289122223854065,-1.275178645662522
3643,4610,4609,0,3.1703401894300645,3.1493141651153564,3.12639469811613,3.084023952484131,3.0979675306756738
3644,4611,4610,0,-0.7858882456094558,-0.7724007964134216,-0.7953202634126479,-0.7585529088973999,-0.744609330705857
3645,4612,4611,0,0.39377979347402503,0.37213101983070374,0.3492115528314774,0.3895450830459595,0.4034886612375024
3646,4613,4612,0,-2.4585682063371475,-2.4483659267425537,-2.47128539374178,-2.413607597351074,-2.3996640191595313
3647,4616,4615,0,1.0057445854871934,1.0303608179092407,1.0074413509100144,0.9660506248474121,0.979994203038955
3648,4619,4618,0,-0.8043051271707351,-0.7829570174217224,-0.8058764844209487,-0.8367719650268555,-0.8228283868353126
3649,4620,4619,0,-1.1455366521150405,-1.1206241846084595,-1.1435436516076858,-1.0926645994186401,-1.0787210212270972
3650,4622,4621,0,0.26294560143644263,0.2419268786907196,0.21900741169149326,0.16895440220832825,0.18289798039987115
3651,4623,4622,0,-4.834289899376088,-4.819494724273682,-4.842414191272908,-4.74716329574585,-4.733219717554307
3652,4624,4623,0,2.127227434608287,2.1796140670776367,2.1566946000784104,2.068371295928955,2.082314874120498
3653,4625,4624,0,1.737141975852794,1.7999358177185059,1.7770163507192795,1.7239056825637817,1.7378492607553246
3654,4626,4625,0,0.25074649760419776,0.29443755745887756,0.27151809045965125,0.19453728199005127,0.20848086018159417
3655,4627,4626,0,2.1825374455183213,2.1984031200408936,2.1754836530416672,2.1184933185577393,2.132436896749282
3656,4628,4627,0,-0.2832053213388259,-0.2636795938014984,-0.2865990608007247,-0.2639947831630707,-0.2500512049715278
3657,4629,4628,0,-0.7354075222284133,-0.7089195251464844,-0.7318389921457107,-0.7156053781509399,-0.701661799959397
3658,4630,4629,0,-0.22840741863554073,-0.27390655875205994,-0.29682602575128625,-0.2400689423084259,-0.226125364116883
3659,4632,4631,0,-0.06445231875484539,-0.006869427859783173,-0.029788894859009513,-0.05809095501899719,-0.04414737682745429
3660,4633,4632,0,0.5168436259954636,0.5533457398414612,0.5304262728422349,0.46757593750953674,0.48151951570107965
3661,4634,4633,0,2.0617557854383652,2.0272488594055176,2.0043293924062913,1.9756100177764893,1.9895535959680322
3662,4635,4634,0,-0.6162635593683059,-0.6470902562141418,-0.6700097232133682,-0.6191855669021606,-0.6052419887106177
3663,4636,4635,0,-0.7115176825792129,-0.7580670118331909,-0.7809864788324172,-0.7321759462356567,-0.7182323680441138
3664,4640,4639,0,-2.28065001061266,-2.3529911041259766,-2.375910571125203,-2.241211175918579,-2.227267597727036
3665,4641,4640,0,-0.29645540407007287,-0.21084871888160706,-0.2337681858808334,-0.3582777678966522,-0.3443341897051093
3666,4642,4641,0,-5.15896736672228,-5.212249279022217,-5.2351687460214436,-5.140941143035889,-5.126997564844346
3667,4643,4642,0,-2.622709384468251,-2.637427806854248,-2.6603472738534744,-2.666719913482666,-2.652776335291123
3668,4644,4643,0,1.3681830258100693,1.4013642072677612,1.378444740268535,1.3154789209365845,1.3294224991281274
3669,4646,4645,0,-1.2350680737764175,-1.2429850101470947,-1.265904477146321,-1.2567814588546753,-1.2428378806631324
3670,4647,4646,0,0.4451915116041367,0.4693719148635864,0.4464524478643601,0.4477357566356659,0.4616793348272088
3671,4648,4647,0,1.0609976143568223,1.0425000190734863,1.01958055207426,1.06028151512146,1.0742250933130029
3672,4649,4648,0,0.45242939302617957,0.4691374599933624,0.4462179929941361,0.44842448830604553,0.46236806649758844
3673,4650,4649,0,1.1883078903883164,1.2360508441925049,1.2131313771932786,1.1397125720977783,1.1536561502893212
3674,4651,4650,0,-1.4599740414888198,-1.4460984468460083,-1.4690179138452346,-1.459280014038086,-1.445336435846543
3675,4652,4651,0,1.1041653246610825,1.1605188846588135,1.1375994176595872,1.1032634973526,1.117207075544143
3676,4653,4652,0,-0.46380003383462975,-0.4802396595478058,-0.5031591265470321,-0.45633557438850403,-0.4423919961969611
3677,4654,4653,0,3.073739418479747,3.104384183883667,3.0814647168844407,2.9976933002471924,3.0116368784387353
3678,4655,4654,0,0.05784749397928166,0.09425579756498337,0.07133633056575703,0.09299071878194809,0.106934296973491
3679,4656,4655,0,2.5785945744245713,2.6476337909698486,2.6247143239706223,2.5500195026397705,2.5639630808313134
3680,4657,4656,0,1.524016508552379,1.5838284492492676,1.5609089822500413,1.5463870763778687,1.5603306545694116
3681,4658,4657,0,1.0816016287534898,1.0669323205947876,1.0440128535955613,1.0074433088302612,1.0213868870218041
3682,4659,4658,0,2.220756659004039,2.2619335651397705,2.239014098140544,2.1592700481414795,2.1732136263330224
3683,4660,4659,0,-1.151966205146962,-1.1266613006591797,-1.149580767658406,-1.1014176607131958,-1.087474082521653
3684,4661,4660,0,0.4531315059393113,0.435609370470047,0.4126899034708207,0.44221124053001404,0.45615481872155694
3685,4662,4661,0,-1.4541489987642104,-1.37065589427948,-1.3935753612787063,-1.4523166418075562,-1.4383730636160132
3686,4663,4662,-1,-3.848844218569058,-3.921734094619751,-3.9446535616189773,-3.830071210861206,-3.816127632669663
3687,4664,4663,0,0.8793788642614548,0.909210741519928,0.8862912745207017,0.8614209890365601,0.875364567228103
3688,4665,4664,0,1.5538845152586167,1.607088327407837,1.5841688604086106,1.5262749195098877,1.5402184977014306
3689,4666,4665,0,-0.25247400095766137,-0.19305792450904846,-0.2159773915082748,-0.3077927827835083,-0.2938492045919654
3690,4667,4666,0,0.16259307572538303,0.20892059803009033,0.186001131030864,0.1591784507036209,0.17312202889516382
3691,4668,4667,0,-1.7950792222291763,-1.7585067749023438,-1.78142624190157,-1.766934871673584,-1.752991293482041
3692,4669,4668,0,-2.0132728724748428,-2.104644775390625,-2.1275642423898513,-2.041471242904663,-2.02752766471312
3693,4670,4669,0,-0.02642728043799949,-0.036692194640636444,-0.059611661639862784,-0.03503736853599548,-0.02109379034445258
3694,4671,4670,0,-1.2216339020997817,-1.2647817134857178,-1.287701180484944,-1.1711814403533936,-1.1572378621618507
3695,4673,4672,0,1.829760679694957,1.871180772781372,1.8482613057821458,1.7850509881973267,1.7989945663888696
3696,4674,4673,0,-0.5039443283349807,-0.45264533162117004,-0.47556479862039636,-0.4569796025753021,-0.4430360243837592
3697,4675,4674,0,-6.493447652366811,-6.49021053314209,-6.513130000141317,-6.348390102386475,-6.334446524194932
3698,4679,4678,0,0.32736457297498633,0.40655404329299927,0.38363457629377296,0.347484827041626,0.3614284052331689
3699,4680,4679,-1,-0.5045923474600493,-0.46661219000816345,-0.48953165700738976,-0.5350610017776489,-0.521117423586106
3700,4681,4680,0,-0.18376933625047756,-0.16591393947601318,-0.18883340647523952,-0.2669401466846466,-0.2529965684931037
3701,4682,4681,0,1.8109176249235337,1.858466625213623,1.8355471582143967,1.7806907892227173,1.7946343674142602
3702,4683,4682,0,2.1341093868940537,2.2342474460601807,2.2113279790609544,2.1542611122131348,2.1682046904046777
3703,4684,4683,0,-1.3721632867128188,-1.444061517715454,-1.4669809847146804,-1.3910678625106812,-1.3771242843191382
3704,4685,4684,0,1.099716791602916,1.1311697959899902,1.108250328990764,1.1116130352020264,1.1255566133935693
3705,4686,4685,0,2.1617244572370713,2.2582204341888428,2.2353009671896165,2.165179491043091,2.1791230692346337
3706,4687,4686,0,-0.29616769244974206,-0.22765499353408813,-0.25057446053331445,-0.3058963716030121,-0.2919527934114692
3707,4688,4687,0,-0.4035299330026443,-0.4290701448917389,-0.4519896118909652,-0.40708932280540466,-0.39314574461386176
3708,4689,4688,0,1.5825543493955796,1.6482219696044922,1.6253025026052659,1.6453148126602173,1.6592583908517602
3709,4690,4689,0,0.9159931630819504,0.8757389783859253,0.852819511386699,0.8848713636398315,0.8988149418313744
3710,4691,4690,0,0.5490583867757981,0.6273917555809021,0.6044722885816758,0.5859485864639282,0.5998921646554711
3711,4692,4691,0,2.0378793568342393,2.044313907623291,2.0213944406240647,1.989331841468811,2.003275419660354
3712,4693,4692,0,2.8973018021314805,2.937281847000122,2.9143623800008958,2.868022918701172,2.881966496892715
3713,4694,4693,0,-0.6569734721452529,-0.6488602757453918,-0.6717797427446182,-0.6413451433181763,-0.6274015651266334
3714,4696,4695,0,-3.128362765815907,-3.1381540298461914,-3.1610734968454177,-3.0567593574523926,-3.0428157792608497
3715,4697,4696,0,-1.6797681956559951,-1.710416316986084,-1.7333357839853103,-1.6838276386260986,-1.6698840604345557
3716,4699,4698,0,-0.5049829988748367,-0.5479456186294556,-0.5708650856286819,-0.508203387260437,-0.4942598090688941
3717,4701,4700,0,-1.3269982247621352,-1.32053542137146,-1.3434548883706863,-1.2766715288162231,-1.2627279506246802
3718,4702,4701,0,-0.2796883194715316,-0.24621650576591492,-0.26913597276514123,-0.32018110156059265,-0.30623752336904975
3719,4703,4702,0,-1.7839929967195327,-1.8902117013931274,-1.9131311683923538,-1.7801166772842407,-1.7661730990926978
3720,4704,4703,0,0.527885863277263,0.521318256855011,0.4983987898557847,0.5225948095321655,0.5365383877237084
3721,4705,4704,0,1.1736328692167466,1.2764925956726074,1.253573128673381,1.2044568061828613,1.2184003843744042
3722,4706,4705,0,-2.5479191451341445,-2.633861541748047,-2.656781008747273,-2.5177218914031982,-2.5037783132116553
3723,4707,4706,0,0.6488474697797959,0.6983018517494202,0.6753823847501939,0.6252202987670898,0.6391638769586327
3724,4708,4707,0,2.4401699394910996,2.472766876220703,2.449847409221477,2.3930652141571045,2.4070087923486474
3725,4709,4708,0,0.980620750877208,0.999966561794281,0.9770470947950547,0.9778987169265747,0.9918422951181176
3726,4710,4709,0,2.3399669022291367,2.3671135902404785,2.344194123241252,2.3046908378601074,2.3186344160516503
3727,4711,4710,0,-0.3021699099809463,-0.29995039105415344,-0.32286985805337975,-0.2851715385913849,-0.271227960399842
3728,4713,4712,-1,-1.4253322366049468,-1.4194774627685547,-1.442396929767781,-1.478303074836731,-1.464359496645188
3729,4714,4713,0,0.18942239293748783,0.26412278413772583,0.2412033171384995,0.13931764662265778,0.15326122481420068
3730,4715,4714,0,0.08271125117237019,0.09370365738868713,0.0707841903894608,0.04758386313915253,0.06152744133069543
3731,4717,4716,0,1.6829986662595933,1.7296100854873657,1.7066906184881394,1.6589208841323853,1.6728644623239282
3732,4718,4717,0,1.921656021568126,1.9730111360549927,1.9500916690557664,1.9040359258651733,1.9179795040567162
3733,4719,4718,0,1.6355949730604356,1.6062947511672974,1.583375284168071,1.5966812372207642,1.610624815412307
3734,4720,4719,0,0.1555661202400391,0.11970759183168411,0.09678812483245777,0.11946436762809753,0.13340794581964044
3735,4721,4720,0,1.9764736981123154,2.011385440826416,1.9884659738271897,1.9342259168624878,1.9481694950540307
3736,4722,4721,0,1.394662270042247,1.4806828498840332,1.457763382884807,1.4001061916351318,1.4140497698266747
3737,4723,4722,0,0.687718340846843,0.7318418622016907,0.7089223952024644,0.7225953340530396,0.7365389122445825
3738,4727,4726,0,0.7103537411421006,0.7198756337165833,0.6969561667173569,0.7226303815841675,0.7365739597757104
3739,4728,4727,0,-1.1086461453706558,-1.147369146347046,-1.1702886133462722,-1.1043157577514648,-1.090372179559922
3740,4729,4728,0,0.9663629622190659,0.9723847508430481,0.9494652838438218,0.9449392557144165,0.9588828339059594
3741,4730,4729,0,-1.618464222458058,-1.6008358001708984,-1.6237552671701247,-1.6092718839645386,-1.5953283057729957
3742,4731,4730,0,-0.47266932418649743,-0.3886389434337616,-0.4115584104329879,-0.49734362959861755,-0.48340005140707465
3743,4732,4731,0,-1.4883139043123061,-1.5044608116149902,-1.5273802786142165,-1.5073201656341553,-1.4933765874426124
3744,4735,4734,0,1.5535931677549546,1.6123738288879395,1.5894543618887131,1.5416576862335205,1.5556012644250634
3745,4737,4736,0,-4.6979635863572895,-4.815742492675781,-4.838661959675008,-4.686262607574463,-4.67231902938292
3746,4738,4737,0,1.1907399983137315,1.1682939529418945,1.1453744859426682,1.15892493724823,1.1728685154397729
3747,4739,4738,0,1.891516336891002,1.9194468259811401,1.8965273589819138,1.8716684579849243,1.8856120361764672
3748,4740,4739,0,1.7239381165235703,1.7232327461242676,1.7003132791250413,1.7132267951965332,1.727170373388076
3749,4741,4740,0,0.34935460397893836,0.41085222363471985,0.38793275663549354,0.3288865387439728,0.3428301169355157
3750,4742,4741,0,2.139814028236217,2.157414197921753,2.1344947309225266,2.138625383377075,2.152568961568618
3751,4743,4742,0,-5.477585664299184,-5.582685470581055,-5.605604937580281,-5.4576215744018555,-5.443677996210313
3752,4745,4744,0,0.3981218130319779,0.4773908257484436,0.4544713587492173,0.4407191574573517,0.4546627356488946
3753,4746,4745,0,-2.0774861483842666,-2.105607748031616,-2.1285272150308425,-2.099269151687622,-2.085325573496079
3754,4747,4746,0,-1.037520995643788,-1.0654501914978027,-1.088369658497029,-1.0502216815948486,-1.0362781034033057
3755,4748,4747,0,-1.0799524693757827,-1.0968657732009888,-1.119785240200215,-0.9598007202148438,-0.9458571420233008
3756,4749,4748,0,-1.1401857047349746,-1.19330632686615,-1.2162257938653762,-1.1903817653656006,-1.1764381871740577
3757,4750,4749,0,-1.644505014923268,-1.6215722560882568,-1.6444917230874831,-1.6255937814712524,-1.6116502032797095
3758,4751,4750,-1,1.0851503130624116,1.1019489765167236,1.0790295095174973,1.0582869052886963,1.0722304834802392
3759,4752,4751,0,0.9805204958646958,1.0028276443481445,0.9799081773489182,0.9624636173248291,0.976407195516372
3760,4753,4752,0,1.3384538979261582,1.429293155670166,1.4063736886709397,1.30313241481781,1.317075993009353
3761,4754,4753,0,0.25293139526540687,0.33523687720298767,0.31231741020376136,0.20203685760498047,0.21598043579652337
3762,4755,4754,0,-2.191000571754628,-2.195528030395508,-2.218447497394734,-2.2084646224975586,-2.1945210443060157
3763,4756,4755,0,2.4042157025068467,2.4373319149017334,2.414412447902507,2.3673975467681885,2.3813411249597314
3764,4757,4756,0,-0.02193048810666156,0.030836589634418488,0.007917122635192148,-0.029266364872455597,-0.015322786680912692
3765,4758,4757,0,-3.2204769759446914,-3.2524917125701904,-3.2754111795694167,-3.2248594760894775,-3.2109158978979346
3766,4759,4758,0,1.4029473156660264,1.4327312707901,1.4098118037908738,1.4074877500534058,1.4214313282449487
3767,4762,4761,0,1.2523824066847031,1.328108310699463,1.3051888437002366,1.2648487091064453,1.2787922872979882
3768,4763,4762,0,-1.1384524016649062,-1.1058059930801392,-1.1287254600793655,-1.1537443399429321,-1.1398007617513892
3769,4764,4763,-2,1.8028378628422193,1.8451197147369385,1.8222002477377122,1.7978827953338623,1.8118263735254052
3770,4765,4764,0,2.2404557556837266,2.26196551322937,2.239046046230144,2.2428925037384033,2.2568360819299462
3771,4766,4765,0,2.6810361237257188,2.6842613220214844,2.661341855022258,2.6490962505340576,2.6630398287256005
3772,4768,4767,0,1.6061257214277451,1.6793386936187744,1.656419226619548,1.6160762310028076,1.6300198091943505
3773,4769,4768,0,2.5669635624616807,2.5972135066986084,2.574294039699382,2.5327608585357666,2.5467044367273095
3774,4773,4772,0,-0.00837849387978864,-0.07706504315137863,-0.09998451015060497,-0.029780641198158264,-0.01583706300661536
3775,4776,4775,0,-0.7143141536981399,-0.7291955351829529,-0.7521150021821792,-0.7308259010314941,-0.7168823228399512
3776,4777,4776,0,-0.2552159338266189,-0.22432538866996765,-0.247244855669194,-0.251394659280777,-0.23745108108923407
3777,4778,4777,0,2.25784982154066,2.2666304111480713,2.243710944148845,2.234950304031372,2.248893882222915
3778,4779,4778,0,-2.172044625786,-2.2058589458465576,-2.228778412845784,-2.187711477279663,-2.17376789908812
3779,4780,4779,0,1.5159376949995225,1.513256311416626,1.4903368444173997,1.4753395318984985,1.4892831100900414
3780,4782,4781,0,-3.577139726188832,-3.6157195568084717,-3.638639023807698,-3.498624563217163,-3.48468098502562
3781,4783,4782,0,-0.5853540210992629,-0.5838590264320374,-0.6067784934312637,-0.5644291639328003,-0.5504855857412574
3782,4784,4783,0,0.49873981783086707,0.5750759840011597,0.5521565170019334,0.5276107788085938,0.5415543570001367
3783,4785,4784,0,2.150028595420665,2.1855857372283936,2.1626662702291672,2.0929019451141357,2.1068455233056786
3784,4786,4785,0,1.158421763870067,1.2290964126586914,1.206176945659465,1.1989401578903198,1.2128837360818627
3785,4787,4786,0,2.6333438248365586,2.65049147605896,2.6275720090597336,2.6454131603240967,2.6593567385156396
3786,4788,4787,0,2.4258478970258897,2.416468858718872,2.3935493917196458,2.405914545059204,2.419858123250747
3787,4790,4789,0,-0.37738659074609826,-0.36595141887664795,-0.38887088587587426,-0.4043259620666504,-0.3903823838751075
3788,4791,4790,0,-0.32535561015909265,-0.31983238458633423,-0.34275185158556054,-0.31924736499786377,-0.30530378680632086
3789,4792,4791,-1,2.175021600408298,2.2267069816589355,2.2037875146597092,2.120880126953125,2.134823705144668
3790,4793,4792,0,0.21020827600652622,0.2483321726322174,0.22541270563299107,0.19905409216880798,0.2129976703603509
3791,4795,4794,0,1.811880835983104,1.8709347248077393,1.848015257808513,1.7982966899871826,1.8122402681787255
3792,4796,4795,0,1.1492194027631943,1.1898910999298096,1.1669716329305833,1.1114658117294312,1.125409389920974
3793,4797,4796,0,-0.22068010857408596,-0.22703734040260315,-0.2499568074018295,-0.1917065680027008,-0.1777629898111579
3794,4799,4798,0,0.5880721301763718,0.6818037033081055,0.6588842363088792,0.5596078634262085,0.5735514416177514
3795,4800,4799,0,-0.5526561646730239,-0.537198007106781,-0.5601174741060073,-0.5762492418289185,-0.5623056636373756
3796,4801,4800,-1,2.404050898236972,2.394512414932251,2.3715929479330247,2.7504265308380127,2.7643701090295556
3797,4802,4801,0,0.23021071562463688,0.2682982385158539,0.24537877151662754,0.1772623062133789,0.1912058844049218
3798,4803,4802,-1,0.5676275011727632,0.592979907989502,0.5700604409902756,0.5481975078582764,0.5621410860498193
3799,4804,4803,0,-0.5083880930215652,-0.5053694248199463,-0.5282888918191726,-0.49149593710899353,-0.4775523589174506
3800,4806,4805,0,1.4102594942777817,1.4511523246765137,1.4282328576772874,1.3915261030197144,1.4054696812112573
3801,4807,4806,0,0.22486639926130222,0.2306903898715973,0.20777092287237095,0.22067910432815552,0.23462268251969842
3802,4808,4807,0,1.476297864410228,1.4856754541397095,1.4627559871404832,1.4663130044937134,1.4802565826852563
3803,4809,4808,0,-1.5257508664399917,-1.5206801891326904,-1.5435996561319167,-1.5564589500427246,-1.5425153718511817
3804,4811,4810,0,0.9141899437635606,0.9134339094161987,0.8905144424169724,0.8960286378860474,0.9099722160775903
3805,4812,4811,0,-1.050187697914296,-1.106606125831604,-1.1295255928308303,-0.9769542217254639,-0.963010643533921
3806,4813,4812,0,-0.5073093681604202,-0.515809178352356,-0.5387286453515823,-0.4883875548839569,-0.474443976692414
3807,4814,4813,0,1.5396450848310654,1.59377121925354,1.5708517522543137,1.5323866605758667,1.5463302387674096
3808,4815,4814,0,0.0767343656151955,0.06893257051706314,0.0460131035178368,0.09285888820886612,0.10680246640040902
3809,4816,4815,0,-1.7831658034593398,-1.8042924404144287,-1.827211907413655,-1.7756167650222778,-1.761673186830735
3810,4817,4816,0,-1.1158471017152602,-1.1152567863464355,-1.1381762533456619,-1.1352659463882446,-1.1213223681967017
3811,4818,4817,0,-3.2764395385057266,-3.2809486389160156,-3.303868105915242,-3.1833932399749756,-3.1694496617834327
3812,4820,4819,-1,1.6646430012414277,1.7471476793289185,1.7242282123296921,1.6529422998428345,1.6668858780343774
3813,4821,4820,0,0.5419622153967087,0.5236385464668274,0.5007190794676011,0.5299091935157776,0.5438527717073205
3814,4822,4821,0,-2.9763203768998916,-2.9819376468658447,-3.004857113865071,-2.9525725841522217,-2.9386290059606788
3815,4823,4822,0,-2.648644557502919,-2.7411608695983887,-2.764080336597615,-2.6421682834625244,-2.6282247052709815
3816,4824,4823,0,-2.1075831561357314,-2.056689977645874,-2.0796094446451003,-2.0739901065826416,-2.0600465283910987
3817,4825,4824,0,-0.7146790533334548,-0.692547619342804,-0.7154670863420303,-0.6484172344207764,-0.6344736562292335
3818,4826,4825,0,1.4329028219907944,1.4550142288208008,1.4320947618215745,1.4431253671646118,1.4570689453561547
3819,4827,4826,0,-1.3053922562867935,-1.326274037361145,-1.3491935043603713,-1.297719120979309,-1.2837755427877662
3820,4829,4828,0,0.3542072863310044,0.3871475160121918,0.36422804901296546,0.3313233554363251,0.345266933627868
3821,4830,4829,0,2.1697000355451768,2.1463234424591064,2.12340397545988,2.122384786605835,2.136328364797378
3822,4831,4830,0,1.6947164625852769,1.7054883241653442,1.682568857166118,1.6813186407089233,1.6952622189004662
3823,4832,4831,0,0.6598219961851304,0.7389960885047913,0.716076621505565,0.592301607131958,0.6062451853235009
3824,4833,4832,0,1.5311683506696885,1.629027009010315,1.6061075420110886,1.4922531843185425,1.5061967625100854
3825,4834,4833,0,0.9364184827535813,0.9836177229881287,0.9606982559889023,0.9285191297531128,0.9424627079446557
3826,4835,4834,0,-1.9023542313844497,-1.8877959251403809,-1.9107153921396072,-1.8288205862045288,-1.814877008012986
3827,4837,4836,0,1.3961782545774644,1.4116861820220947,1.3887667150228684,1.3377301692962646,1.3516737474878076
3828,4838,4837,0,-0.6979592352182205,-0.6983495354652405,-0.7212690024644668,-0.6606671810150146,-0.6467236028234717
3829,4839,4838,0,-1.5729966073304946,-1.5790704488754272,-1.6019899158746536,-1.5493568181991577,-1.5354132400076148
3830,4841,4840,0,-0.004648164194875481,-0.0059218630194664,-0.02884133001869274,0.015338554978370667,0.02928213316991357
3831,4842,4841,0,0.6955687494009202,0.6875831484794617,0.6646636814802354,0.6437629461288452,0.6577065243203881
3832,4843,4842,0,0.008326821680313823,0.034279875457286835,0.011360408458060495,0.042153336107730865,0.05609691429927377
3833,4844,4843,0,0.9980278105467026,1.0205657482147217,0.9976462812154954,0.976476788520813,0.9904203667123559
3834,4845,4844,0,3.2346693367689316,3.2789652347564697,3.2560457677572434,3.176746129989624,3.190689708181167
3835,4846,4845,0,-2.7795725970537,-2.855724573135376,-2.8786440401346023,-2.735105276107788,-2.721161697916245
3836,4847,4846,0,-0.6418043284684951,-0.6203049421310425,-0.6432244091302688,-0.653639554977417,-0.6396959767858741
3837,4848,4847,0,1.253404626342601,1.3416078090667725,1.3186883420675461,1.2409242391586304,1.2548678173501733
3838,4849,4848,0,-1.0447729735643203,-1.0101747512817383,-1.0330942182809646,-1.0693267583847046,-1.0553831801931617
3839,4850,4849,0,1.6840630860059922,1.838165283203125,1.8152458162038987,1.6771368980407715,1.6910804762323144
3840,4853,4852,0,-2.0876394419938857,-2.116434097290039,-2.1393535642892654,-2.018080949783325,-2.0041373715917823
3841,4854,4853,0,1.064863333198375,1.099361777305603,1.0764423103063767,1.1114397048950195,1.1253832830865624
3842,4855,4854,0,0.034805262181109665,0.08779475837945938,0.06487529138023304,0.022484317421913147,0.03642789561345605
3843,4856,4855,0,0.9155212135046189,1.020002841949463,0.9970833749502366,0.8684777021408081,0.882421280332351
3844,4857,4856,0,0.9520576090543931,0.9169387221336365,0.8940192551344102,0.8469595909118652,0.8609031691034081
3845,4859,4858,0,0.31300432393247535,0.36287057399749756,0.33995110699827125,0.31378376483917236,0.32772734303071527
3846,4860,4859,0,-1.6843340306550796,-1.6705436706542969,-1.6934631376535232,-1.7222821712493896,-1.7083385930578467
3847,4861,4860,0,2.4137088150709336,2.42846941947937,2.405549952480144,2.209712266921997,2.22365584511354
3848,4863,4862,0,2.7134057373731797,2.7754857540130615,2.752566287013835,2.6617274284362793,2.675671006627822
3849,4864,4863,0,-1.7508827357560928,-1.785538673400879,-1.8084581404001052,-1.7503527402877808,-1.7364091620962379
3850,4866,4865,0,-3.266543975380116,-3.3135488033294678,-3.336468270328694,-3.243101119995117,-3.2291575418035743
3851,4868,4867,0,3.115277895423717,3.1255128383636475,3.102593371364421,3.092862129211426,3.1068057074029687
3852,4870,4869,-2,-1.96224068177448,-2.014356851577759,-2.037276318576985,-1.9665552377700806,-1.9526116595785377
3853,4871,4870,0,1.7501707167356675,1.7507367134094238,1.7278172464101975,1.6676455736160278,1.6815891518075707
3854,4872,4871,0,1.8640540928571885,1.8841056823730469,1.8611862153738206,1.8022381067276,1.816181684919143
3855,4873,4872,0,-1.7411357074052627,-1.7724647521972656,-1.795384219196492,-1.7429124116897583,-1.7289688334982154
3856,4874,4873,0,0.717123219463176,0.7206745147705078,0.6977550477712815,0.7003990411758423,0.7143426193673852
3857,4875,4874,0,-1.2935981660157974,-1.3336838483810425,-1.3566033153802688,-1.3188303709030151,-1.3048867927114722
3858,4876,4875,0,0.9875788778989976,0.9886946082115173,0.965775141212291,0.9455606937408447,0.9595042719323876
3859,4877,4876,0,1.3039960951536362,1.3287677764892578,1.3058483094900315,1.2643274068832397,1.2782709850747827
3860,4878,4877,0,2.6142650932996934,2.6651663780212402,2.642246911022014,2.5864975452423096,2.6004411234338525
3861,4879,4878,0,-1.674166789558583,-1.6347051858901978,-1.657624652889424,-1.6654456853866577,-1.6515021071951148
3862,4881,4880,0,-0.15347552886312557,-0.08184754103422165,-0.10476700803344799,-0.1828194260597229,-0.16887584786818
3863,4882,4881,-1,-0.5061418298056304,-0.5354235172271729,-0.5583429842263992,-0.5807204246520996,-0.5667768464605567
3864,4884,4883,0,-0.4402526526719863,-0.4199523627758026,-0.4428718297750289,-0.4523029029369354,-0.4383593247453925
3865,4885,4884,0,-4.89052139809435,-4.930908203125,-4.953827670124227,-4.859453201293945,-4.845509623102402
3866,4887,4886,0,1.1192120403974717,1.1909058094024658,1.1679863424032395,1.1171897649765015,1.1311333431680444
3867,4888,4887,0,2.780300745460338,2.812344789505005,2.7894253225057786,2.742877721786499,2.756821299978042
3868,4891,4890,0,-2.6521509795457656,-2.663673162460327,-2.6865926294595535,-2.664780616760254,-2.650837038568711
3869,4892,4891,0,3.186738380882091,3.164409875869751,3.1414904088705247,3.172351121902466,3.1862947000940087
3870,4893,4892,0,-0.8108379750520522,-0.7804989218711853,-0.8034183888704116,-0.8713997602462769,-0.857456182054734
3871,4894,4893,0,-0.7346615700990493,-0.6862313151359558,-0.7091507821351821,-0.7575714588165283,-0.7436278806249854
3872,4895,4894,0,0.0673170478075211,0.05064902454614639,0.027729557546920053,0.07244238257408142,0.08638596076562433
3873,4896,4895,0,-2.260182252433949,-2.3372204303741455,-2.360139897373372,-2.294761896133423,-2.28081831794188
3874,4897,4896,0,1.8096903652876084,1.8309717178344727,1.8080522508352463,1.753440022468567,1.7673836006601098
3875,4898,4897,0,1.4181230158537095,1.4043035507202148,1.3813840837209885,1.3613899946212769,1.3753335728128198
3876,4899,4898,0,-3.2990227847368057,-3.305117130279541,-3.3280365972787673,-3.3131253719329834,-3.2991817937414405
3877,4901,4900,0,-1.7844790129930312,-1.7801711559295654,-1.8030906229287917,-1.7591216564178467,-1.7451780782263038
3878,4902,4901,0,-1.8029727845460708,-1.7919204235076904,-1.8148398905069167,-1.8551656007766724,-1.8412220225851295
3879,4903,4902,0,2.1704229206770127,2.1578238010406494,2.134904334041423,2.12656307220459,2.1405066503961327
3880,4904,4903,0,0.6533687801092332,1.067226767539978,1.0443073005407517,0.5631012916564941,0.577044869848037
3881,4905,4904,0,-1.3528110890657241,-1.3798582553863525,-1.4027777223855789,-1.3197476863861084,-1.3058041081945655
3882,4906,4905,0,-2.0457118659288223,-2.066957712173462,-2.0898771791726882,-1.9989250898361206,-1.9849815116445777
3883,4907,4906,0,1.4798878521650498,1.525015950202942,1.5020964832037156,1.496543526649475,1.510487104841018
3884,4908,4907,0,2.209615597221202,2.219907283782959,2.1969878167837327,2.154341459274292,2.168285037465835
3885,4910,4909,-1,0.5677388426492036,0.6146013140678406,0.5916818470686143,0.5544017553329468,0.5683453335244897
3886,4911,4910,0,2.382699140998668,2.3947861194610596,2.3718666524618333,2.3069703578948975,2.3209139360864404
3887,4912,4911,0,2.3023494572370713,2.377609968185425,2.3546905011861985,2.2931716442108154,2.3071152224023583
3888,4913,4912,0,0.655875513049907,0.6873512864112854,0.6644318194120591,0.6803175210952759,0.6942610992868188
3889,4914,4913,0,1.779668340179271,1.8102929592132568,1.7873734922140305,1.7519546747207642,1.765898252912307
3890,4915,4914,0,2.352895388099498,2.3783938884735107,2.3554744214742844,2.314561367034912,2.328504945226455
3891,4916,4915,0,0.6562453002660935,0.651289165019989,0.6283696980207627,0.6037122011184692,0.6176557793100121
3892,4917,4916,0,1.00893259951765,1.017786979675293,0.9948675126760667,1.062932014465332,1.076875592656875
3893,4918,4917,0,2.0352884621351426,2.0708606243133545,2.047941157314128,2.009812831878662,2.023756410070205
3894,4919,4918,0,3.1204155773847764,3.1639275550842285,3.141008088085002,3.088972806930542,3.102916385122085
3895,4920,4919,0,-2.5400999694139297,-2.6414942741394043,-2.6644137411386306,-2.546273946762085,-2.532330368570542
3896,4921,4920,0,1.6593244166105454,1.715315818786621,1.6923963517873948,1.755738615989685,1.769682194181228
3897,4922,4921,0,1.4111079067915147,1.4710575342178345,1.4481380672186082,1.3978235721588135,1.4117671503503564
3898,4923,4922,0,1.728135833236522,1.7708232402801514,1.747903773280925,1.7034083604812622,1.7173519386728051
3899,4924,4923,0,1.5520511955946152,1.5610438585281372,1.538124391528911,1.5374804735183716,1.5514240517099145
3900,4925,4924,0,-1.1125491767198379,-1.086177945137024,-1.1090974121362502,-1.1615864038467407,-1.1476428256551978
3901,4926,4925,0,0.5477489919393723,0.6203270554542542,0.5974075884550278,0.5985411405563354,0.6124847187478784
3902,4927,4091,0,-0.06382092675273968,-0.020282022655010223,-0.04320148965423656,-0.08861035108566284,-0.07466677289411994
3903,4928,4926,0,2.49895728537733,2.5761706829071045,2.553251215907878,2.4796547889709473,2.49359836716249
3904,4929,4927,0,-0.6854189543992812,-0.6368994116783142,-0.6598188786775405,-0.6850106716156006,-0.6710670934240577
3905,4931,4929,0,-1.211236348655873,-1.2274161577224731,-1.2503356247216995,-1.2561852931976318,-1.242241715006089
3906,4932,4930,0,1.5990420670240586,1.6604868173599243,1.637567350360698,1.6052652597427368,1.6192088379342797
3907,4933,4931,0,1.5181533188551133,1.5424436330795288,1.5195241660803025,1.5071779489517212,1.521121527143264
3908,4934,4932,0,1.2418680281370347,1.2700247764587402,1.247105309459514,1.2031452655792236,1.2170888437707665
3909,4935,4933,0,1.5900600046842759,1.6424721479415894,1.619552680942363,1.5805433988571167,1.5944869770486596
3910,4936,4934,0,-1.786125174072438,-1.8084837198257446,-1.831403186824971,-1.8148778676986694,-1.8009342895071265
3911,4937,4935,0,2.21117914626295,2.2180349826812744,2.195115515682048,2.164595365524292,2.178538943715835
3912,4938,4936,0,-0.05576414456670833,0.0026581063866615295,-0.02026136061256481,-0.07269787788391113,-0.05875429969236823
3913,4939,4937,0,1.5764830202787583,1.5969324111938477,1.5740129441946213,1.5061136484146118,1.5200572266061547
3914,4940,4938,0,1.8298012108534043,1.8022856712341309,1.7793662042349045,1.7644580602645874,1.7784016384561303
3915,4941,4939,0,1.0802728028028672,1.103621006011963,1.0807015390127366,1.0774624347686768,1.0914060129602197
3916,4942,4940,0,0.9624573082655137,1.0355523824691772,1.012632915469951,0.9435214996337891,0.957465077825332
3917,4943,4941,0,-0.5999942927629287,-0.571603000164032,-0.5945224671632583,-0.6154747009277344,-0.6015311227361915
3918,4945,4943,0,-1.604281535652333,-1.550415277481079,-1.5733347444803054,-1.6036425828933716,-1.5896990047018287
3919,4946,4944,0,0.2753658086984818,0.31744781136512756,0.29452834436590125,0.2749020457267761,0.288845623918319
3920,4947,4945,0,-0.9171456008226211,-0.9710051417350769,-0.9939246087343032,-0.9238663911819458,-0.9099228129904029
3921,4948,4946,0,2.466140875312633,2.512274980545044,2.4893555135458176,2.4239754676818848,2.4379190458734277
3922,4949,4947,0,1.2231103272169297,1.2416496276855469,1.2187301606863206,1.1758263111114502,1.189769889302993
3923,4951,4949,0,1.1740636915891831,1.2535631656646729,1.2306436986654465,1.2075128555297852,1.221456433721328
3924,4952,4950,0,0.1855436206787293,0.17856070399284363,0.1556412369936173,0.14659695327281952,0.16054053146436242
3925,4953,4951,0,1.0670389027326768,1.1260942220687866,1.1031747550695603,1.0781641006469727,1.0921076788385156
3926,4954,4952,0,-0.2595661490232284,-0.2715573012828827,-0.294476768282109,-0.38188499212265015,-0.36794141393110724
3927,4955,4953,0,1.5229299158781235,1.596776008605957,1.5738565416067307,1.4911167621612549,1.5050603403527978
3928,4956,4954,0,-1.2146748214036758,-1.1635377407073975,-1.1864572077066238,-1.2478920221328735,-1.2339484439413306
3929,4958,4956,0,1.7878995032041733,1.8395718336105347,1.8166523666113084,1.712128758430481,1.7260723366220239
3930,4959,4957,0,2.4374932141035264,2.4927265644073486,2.4698070974081223,2.423962354660034,2.437905932851577
3931,4961,4959,0,3.372445473167247,3.3997857570648193,3.376866290065593,3.341456174850464,3.3553997530420068
3932,4962,4960,0,2.0075692028730576,2.0398495197296143,2.016930052730388,1.992979884147644,2.006923462339187
3933,4964,4962,0,1.5735038609235947,1.6753209829330444,1.6524015159338181,1.6219795942306519,1.6359231724221948
3934,4966,4964,0,1.0957337708204453,1.117891550064087,1.0949720830648606,1.0958679914474487,1.1098115696389916
3935,4967,4965,0,1.2742955774992173,1.2977043390274048,1.2747848720281785,1.2181323766708374,1.2320759548623803
3936,4968,4966,0,2.029627689811534,2.06227445602417,2.0393549890249436,1.9702805280685425,1.9842241062600854
3937,4969,4967,0,0.9722316951482957,0.9855020642280579,0.9625825972288315,0.9737457036972046,0.9876892818887475
3938,4970,4968,0,1.3815379233091538,1.3961087465286255,1.3731892795293992,1.3309944868087769,1.3449380650003198
3939,4971,4969,0,-0.4734168856412704,-0.47871020436286926,-0.5016296713620956,-0.4064471423625946,-0.3925035641710517
3940,4973,4971,0,1.733599791023082,1.7506524324417114,1.7277329654424851,1.7200144529342651,1.733958031125808
3941,4974,4972,0,-0.16236146381204677,-0.19084212183952332,-0.21376158883874966,-0.2511259615421295,-0.2371823833505866
3942,4975,4973,0,1.6745849938123887,1.7539539337158203,1.731034466716594,1.6656203269958496,1.6795639051873925
3943,4976,4974,0,0.5255950183599656,0.53550785779953,0.5125883908003037,0.5002810955047607,0.5142246736963036
3944,4977,4975,0,0.734079846832103,0.7264358401298523,0.703516373130626,0.7155213356018066,0.7294649137933495
3945,4978,4976,0,1.6522995323866074,1.6741563081741333,1.651236841174907,1.6405001878738403,1.6544437660653832
3946,4979,4977,-2,-3.018867001659734,-2.9578235149383545,-2.980742981937581,-2.9712870121002197,-2.957343433908677
3947,4980,4978,0,-0.6465885548860366,-0.6847627758979797,-0.707682242897206,-0.6137188673019409,-0.599775289110398
3948,4982,4980,0,1.1785948366850083,1.2565674781799316,1.2336480111807053,1.1340519189834595,1.1479954971750024
3949,4983,4981,0,1.998579153510875,2.04923152923584,2.0263120622366135,2.0112361907958984,2.0251797689874413
3950,4984,4982,0,1.1650104613035386,1.1675989627838135,1.1446794957845872,1.1096413135528564,1.1235848917443993
3951,4987,4985,0,-2.4358915000230605,-2.4874489307403564,-2.5103683977395828,-2.3465566635131836,-2.3326130853216407
3952,4989,4987,0,0.7000366539686387,0.7645825743675232,0.7416631073682969,0.6325578689575195,0.6465014471490624
3953,4991,4989,0,-0.6339989810258682,-0.5940937399864197,-0.617013206985646,-0.6861089468002319,-0.672165368608689
3954,4993,4991,0,0.8109070749014085,0.8576082587242126,0.8346887917249863,0.8177855014801025,0.8317290796716454
3955,4994,4992,0,0.16520504066640782,0.20147103071212769,0.17855156371290135,0.1310107707977295,0.1449543489892724
3956,4995,4993,0,2.318760523292369,2.282439708709717,2.2595202417104905,2.2696568965911865,2.2836004747827294
3957,4997,4995,0,1.0026247591703599,1.051477074623108,1.0285576076238816,0.9735232591629028,0.9874668373544457
3958,4999,4997,0,-1.579777231720143,-1.5934557914733887,-1.616375258472615,-1.5494005680084229,-1.53545698981688
3959,5000,4998,0,1.8315779061048691,1.8945058584213257,1.8715863914220994,1.812630295753479,1.826573873945022
3960,5001,4999,0,-2.274893870857411,-2.335829257965088,-2.358748724964314,-2.289102792739868,-2.2751592145483253
3961,5002,5000,0,-2.2774342208177383,-2.2396438121795654,-2.2625632791787917,-2.320439338684082,-2.306495760492539
3962,5003,5001,0,0.37048009941274573,0.3626004755496979,0.33968100855047156,0.3547757565975189,0.3687193347890618
3963,5004,5002,0,0.5490883083074753,0.5358794331550598,0.5129599661558335,0.4752751886844635,0.4892187668760064
3964,5006,5004,0,2.1061030716627305,2.173708915710449,2.150789448711223,2.1012065410614014,2.1151501192529443
3965,5007,5005,0,1.6928624005048936,1.803875207901001,1.7809557409017747,1.6738368272781372,1.6877804054696801
3966,5008,5006,0,0.4827800781458085,0.5460452437400818,0.5231257767408555,0.572158694267273,0.5861022724588159
3967,5009,5007,-1,-0.19200460942293995,-0.1816544234752655,-0.20457389047449184,-0.22599592804908752,-0.21205234985754462
3968,5010,5008,0,1.0764499993055527,1.0993064641952515,1.0763869971960252,1.0185545682907104,1.0324981464822534
3969,5011,5009,0,1.4328929276197617,1.455542802810669,1.4326233358114426,1.4208710193634033,1.4348145975549462
3970,5012,5010,0,1.9977481455534165,2.0254571437835693,2.002537676784343,2.009817361831665,2.023760940023208
3971,5013,5011,0,0.5086149067609971,0.5042290091514587,0.48130954215223243,0.48537275195121765,0.49931633014276056
3972,5014,5012,0,1.8948468060224717,1.9688403606414795,1.9459208936422532,1.8935619592666626,1.9075055374582055
3973,5015,5013,0,-3.2558654456407363,-3.2737438678741455,-3.296663334873372,-3.2956643104553223,-3.2817207322637794
3974,5016,5014,0,-3.5500062613755996,-3.5477752685546875,-3.570694735553914,-3.524973154067993,-3.5110295758764503
3975,5017,5015,0,0.6027213425367539,0.7137657403945923,0.690846273395366,0.6202248334884644,0.6341684116800073
3976,5018,5016,0,-0.15788122108285976,-0.15462374687194824,-0.17754321387117458,-0.15882156789302826,-0.14487798970148535
3977,5019,5017,0,1.1656125874250596,1.2027404308319092,1.1798209638326829,1.1686538457870483,1.1825974239785912
3978,5020,5018,0,0.6630080432623093,0.7079848647117615,0.6850653977125352,0.6842118501663208,0.6981554283578637
3979,5022,5020,0,1.9070972294538682,1.8949655294418335,1.8720460624426072,1.8109534978866577,1.8248970760782006
3980,5023,5021,0,0.12125451275998997,0.17796805500984192,0.15504858801061558,0.06192263215780258,0.07586621034934549
3981,5024,5022,0,1.5529987902372544,1.4907910823822021,1.4678716153829758,1.564873456954956,1.578817035146499
3982,5025,5023,0,-2.6613713412553603,-2.6527552604675293,-2.6756747274667556,-2.643785238265991,-2.6298416600744483
3983,5026,5024,0,2.2308396191328232,2.307307004928589,2.2843875379293626,2.2047626972198486,2.2187062754113915
3984,5027,5025,0,0.641057500335521,0.6525222063064575,0.6296027393072312,0.6621178388595581,0.676061417051101
3985,5028,5026,0,1.813677916023082,1.858825445175171,1.8359059781759446,1.7558531761169434,1.7697967543084863
3986,5029,5027,0,-2.6519187598497207,-2.7522408962249756,-2.775160363224202,-2.6920006275177,-2.6780570493261573
3987,5030,5028,0,-1.0685144572526748,-1.0865881443023682,-1.1095076113015945,-1.0677915811538696,-1.0538480029623267
3988,5031,5029,0,-0.6880640297204788,-0.6895465850830078,-0.7124660520822341,-0.6821829080581665,-0.6682393298666236
3989,5033,5031,0,0.7471922130315964,0.814992368221283,0.7920729012220566,0.7656170129776001,0.779560591169143
3990,5034,5032,0,-1.4943995385438735,-1.5359508991241455,-1.5588703661233718,-1.4790023565292358,-1.465058778337693
3991,5035,5033,0,0.8662471265524094,0.9036474823951721,0.8807280153959458,0.8464217185974121,0.860365296788955
3992,5036,5034,0,-1.6870484261781509,-1.6636669635772705,-1.6865864305764968,-1.715946912765503,-1.70200333457396
3993,5038,5036,0,-1.1302536635667617,-1.1561572551727295,-1.1790767221719558,-1.1419528722763062,-1.1280092940847632
3994,5040,5038,0,-1.567476025131398,-1.5800080299377441,-1.6029274969369705,-1.5811758041381836,-1.5672322259466407
3995,5041,5039,0,-1.6291638522416885,-1.6607489585876465,-1.6836684255868728,-1.6206566095352173,-1.6067130313436744
3996,5043,5041,0,0.5646600217550461,0.5842930674552917,0.5613736004560654,0.5589033365249634,0.5728469147165063
3997,5044,5042,0,-0.10182046732013775,-0.1789308488368988,-0.20185031583612514,-0.1447942554950714,-0.1308506773035285
3998,5045,5043,0,-1.360508194473439,-1.2837706804275513,-1.3066901474267776,-1.3406540155410767,-1.3267104373495338
3999,5046,5044,0,1.1498813719480698,1.1568145751953125,1.1338951081960862,1.1051805019378662,1.1191240801294091
4000,5047,5045,0,-0.9120179324418838,-0.876355767250061,-0.8992752342492873,-0.9371926784515381,-0.9232491002599952
4001,5048,5046,0,1.5011417956083482,1.5125558376312256,1.4896363706319993,1.5592970848083496,1.5732406629998925
4002,5049,5047,0,1.0255246252744858,1.0329713821411133,1.010051915141887,0.976789116859436,0.9907326950509789
4003,5051,5049,0,1.5853600592344468,1.5861213207244873,1.563201853725261,1.5442674160003662,1.5582109941919091
4004,5053,5051,0,-0.12118609091346813,-0.06920408457517624,-0.09212355157440258,-0.1284797340631485,-0.1145361558716056
4005,5054,5052,0,2.4179409832685654,2.425122022628784,2.402202555629558,2.3779280185699463,2.391871596761489
4006,5055,5053,0,0.025681355687922715,0.055314816534519196,0.032395349535292856,0.033172622323036194,0.0471162005145791
4007,5056,5054,0,-0.4071181326181228,-0.3499867618083954,-0.3729062288076217,-0.3739115595817566,-0.3599679813902137
4008,5057,5055,0,2.016506800147838,1.9646408557891846,1.9417213887899583,2.0102081298828125,2.0241517080743554
4009,5058,5056,0,0.245491498801059,0.2598803639411926,0.2369608969419663,0.2813163697719574,0.2952599479635003
4010,5060,5058,0,1.24120582053358,1.2172801494598389,1.1943606824606126,1.2461886405944824,1.2601322187860253
4011,5062,5060,0,1.512834557983226,1.549039363861084,1.5261198968618577,1.4954997301101685,1.5094433083017114
4012,5063,5061,0,2.204521307441539,2.261223077774048,2.2383036107748215,2.1903374195098877,2.2042809977014306
4013,5064,5062,-1,0.7197654959389985,0.7626314163208008,0.7397119493215745,0.7100350856781006,0.7239786638696435
4014,5065,5063,0,-4.100509038475209,-4.142398834228516,-4.165318301227742,-4.126861095428467,-4.112917517236924
4015,5066,5064,0,1.3564597458570664,1.3729907274246216,1.3500712604253953,1.2574305534362793,1.2713741316278222
4016,5069,5067,0,0.9619892329900925,0.9831902980804443,0.960270831081218,0.9537999629974365,0.9677435411889794
4017,5070,5068,0,1.8163200707166856,1.8010406494140625,1.7781211824148362,1.7463997602462769,1.7603433384378198
4018,5071,5069,-1,-3.336411643343228,-3.289140224456787,-3.3120596914560134,-3.2927205562591553,-3.2787769780676124
4019,5073,5071,0,1.0705721468656724,1.11439049243927,1.0914710254400437,1.0047119855880737,1.0186555637796166
4020,5074,5072,0,1.662779101821727,1.737905740737915,1.7149862737386887,1.572392463684082,1.586336041875625
4021,5075,5073,0,-3.759663215187245,-3.7558209896087646,-3.778740456607991,-3.6771013736724854,-3.6631577954809424
4022,5076,5074,0,1.2745231480329697,1.3069610595703125,1.2840415925710862,1.2581191062927246,1.2720626844842675
4023,5077,5075,0,-2.3416036277086074,-2.3413708209991455,-2.364290287998372,-2.269939422607422,-2.255995844415879
4024,5078,5076,0,0.9883738846510117,1.024348497390747,1.0014290303915208,0.9465405941009521,0.960484172292495
4025,5079,5077,0,1.8390011877744858,1.833106279373169,1.8101868123739426,1.7828494310379028,1.7967930092294457
4026,5080,5078,0,1.6407169193952744,1.6942932605743408,1.6713737935751145,1.590014934539795,1.6039585127313378
4027,5081,5079,0,0.6811759562223618,0.7037339210510254,0.6808144540517991,0.6734340190887451,0.687377597280288
4028,5083,5081,0,-4.937000146415883,-5.087944984436035,-5.110864451435262,-4.824187755584717,-4.810244177393174
4029,5084,5082,0,-2.855800500419789,-2.8449747562408447,-2.867894223240071,-2.8517329692840576,-2.8377893910925147
4030,5085,5083,0,1.9457259268491929,1.9658255577087402,1.942906090709514,1.9507460594177246,1.9646896376092675
4031,5086,5084,0,1.0908347458570664,1.218726396560669,1.1958069295614426,1.0610040426254272,1.0749476208169702
4032,5087,5085,0,0.923045227023906,0.9494138360023499,0.9264943690031235,0.9123539924621582,0.9262975706537011
4033,5090,5088,0,-3.2784720568925674,-3.3279359340667725,-3.3508554010659988,-3.29866099357605,-3.284717415384507
4034,5091,5089,0,1.0935512871473496,1.183388590812683,1.1604691238134568,1.1069988012313843,1.1209423794229272
4035,5092,5090,0,-0.259602478054219,-0.21604245901107788,-0.23896192601030422,-0.2294052541255951,-0.2154616759340522
4036,5093,5091,-2,-1.063763127453191,-1.074100375175476,-1.0970198421747024,-1.1532883644104004,-1.1393447862188575
4037,5094,5092,0,1.661609897109813,1.7307188510894775,1.7077993840902512,1.6002458333969116,1.6141894115884545
4038,5095,5093,0,1.2667300791471665,1.2986187934875488,1.2756993264883225,1.224328637123108,1.2382722153146508
4039,5096,5094,0,1.0313068718641465,1.0323090553283691,1.0093895883291428,0.9648998975753784,0.9788434757669213
4040,5097,5095,0,0.7315197677343552,0.7438274025917053,0.720907935592479,0.6836155652999878,0.6975591434915307
4041,5098,5096,0,2.1744972557752793,2.163079023361206,2.1401595563619797,2.1424124240875244,2.1563560022790673
4042,5099,5097,0,-0.10554096689527584,-0.09075746685266495,-0.11367693385189129,-0.08036118745803833,-0.06641760926649543
4043,5100,5098,-1,-0.8980061295798003,-0.9033135771751404,-0.9262330441743667,-0.9401088953018188,-0.9261653171102759
4044,5101,5099,0,-3.079101911094838,-3.111846685409546,-3.134766152408772,-3.0773355960845947,-3.063392017893052
4045,5102,5100,0,1.449218162986583,1.468834400177002,1.4459149331777756,1.4510685205459595,1.4650120987375024
4046,5103,5101,0,-2.603492608574086,-2.5672593116760254,-2.5901787786752517,-2.616499185562134,-2.602555607370591
4047,5104,5102,0,0.9568935723035996,0.9589412212371826,0.9360217542379563,0.937950611114502,0.9518941893060449
4048,5105,5103,0,1.5900212616651719,1.6298255920410156,1.6069061250417893,1.5876861810684204,1.6016297592599633
4049,5106,5104,0,2.28883446166212,2.330153465270996,2.30723399827177,2.299360513687134,2.3133040918786767
4050,5108,5106,0,1.4130917877882188,1.4293739795684814,1.4064545125692551,1.3871514797210693,1.4010950579126122
4051,5109,5107,0,2.426632294151134,2.4702670574188232,2.447347590419597,2.4150846004486084,2.4290281786401513
4052,5111,5109,0,-0.10248258551662517,-0.03834099322557449,-0.06126046022480083,-0.07484835386276245,-0.060904775671219546
4053,5112,5110,0,1.1755695433347886,1.213681936264038,1.1907624692648118,1.1466859579086304,1.1606295361001733
4054,5113,5111,0,-2.4307316451341445,-2.5021579265594482,-2.5250773935586746,-2.4054510593414307,-2.3915074811498878
4055,5115,5113,0,-0.3844658344060714,-0.41453060507774353,-0.43745007207696984,-0.3612545430660248,-0.3473109648744819
4056,5116,5114,0,-1.9863413481981094,-1.9256656169891357,-1.948585083988362,-2.002380132675171,-1.988436554483628
4057,5118,5116,-1,2.3290725466439546,2.368572950363159,2.345653483363933,2.2927935123443604,2.3067370905359033
4058,5119,5117,0,-0.3639394252569015,-0.35053908824920654,-0.37345855524843286,-0.4012502133846283,-0.3873066351930854
4059,5120,5118,0,-0.41682355692689965,-0.3139007091522217,-0.336820176151448,-0.4383373558521271,-0.42439377766058417
4060,5121,5119,0,3.0427769512861436,3.048250436782837,3.0253309697836106,3.01692271232605,3.0308662905175927
4061,5122,5120,0,1.5692722887724107,1.677789568901062,1.6548701019018357,1.5500651597976685,1.5640087379892114
4062,5123,5121,0,0.5267419309347336,0.5711604952812195,0.5482410282819932,0.43014341592788696,0.44408699411942987
4063,5124,5122,0,-0.5977899341852004,-0.6064435243606567,-0.629362991359883,-0.6420114040374756,-0.6280678258459327
4064,5125,5123,0,1.498008856269664,1.4522606134414673,1.429341146442241,1.4376204013824463,1.4515639795739892
4065,5127,5125,0,0.6684072107999985,0.7232658863067627,0.7003464193075364,0.7044143676757812,0.7183579458673242
4066,5128,5126,0,0.8237031788557236,0.8582823276519775,0.8353628606527512,0.7357209920883179,0.7496645702798608
4067,5129,5127,0,1.7618929238050645,1.8225387334823608,1.7996192664831345,1.7208021879196167,1.7347457661111596
4068,5130,5128,0,-1.718374004867726,-1.7626152038574219,-1.7855346708566482,-1.7079979181289673,-1.6940543399374244
4069,5131,5129,0,-0.1123115926057632,-0.08031586557626724,-0.10323533257549358,-0.16802868247032166,-0.15408510427877875
4070,5132,5130,0,0.3324770123689835,0.33578988909721375,0.31287042209798743,0.3104943633079529,0.3244379414994958
4071,5133,5131,0,0.5941836328237717,0.624472439289093,0.6015529722898667,0.5966610908508301,0.610604669042373
4072,5134,5132,0,1.9368971676557725,1.9578431844711304,1.934923717471904,1.935204267501831,1.949147845693374
4073,5135,5133,0,-2.284921756294423,-2.243288993835449,-2.2662084608346755,-2.214010000228882,-2.200066422037339
4074,5136,5134,0,-1.0553556590349014,-1.0855997800827026,-1.108519247081929,-1.0559507608413696,-1.0420071826498267
4075,5139,5137,0,-1.685887685325795,-1.745774507522583,-1.7686939745218093,-1.6851321458816528,-1.67118856769011
4076,5140,5138,0,1.4346162171095078,1.483530044555664,1.4606105775564378,1.4219132661819458,1.4358568443734887
4077,5141,5139,-1,1.3186212298104585,1.367337703704834,1.3444182367056077,1.3317633867263794,1.3457069649179223
4078,5142,5140,0,2.423956522437877,2.4484589099884033,2.425539442989177,2.385488748550415,2.399432326741958
4079,5143,5141,0,1.5589521021574204,1.6091537475585938,1.5862342805593674,1.551240086555481,1.5651836647470239
4080,5144,5142,0,0.5719236225813096,0.5193164944648743,0.49639702746564796,0.5374709367752075,0.5514145149667504
4081,5145,5143,0,1.8738409371107285,1.8831684589385986,1.8602489919393723,1.8710216283798218,1.8849652065713647
4082,5146,5144,0,0.8122888893812363,0.8701362013816833,0.847216734382457,0.8369560241699219,0.8508996023614648
4083,5147,5145,0,2.128321060630626,2.16034197807312,2.137422511073894,2.145141363143921,2.159084941335464
4084,5148,5146,0,-0.5363162665635879,-0.4267042577266693,-0.4496237247258956,-0.5251150131225586,-0.5111714349310157
4085,5149,5147,0,2.075734743568248,2.0912833213806152,2.068363854381389,2.089528799057007,2.1034723772485497
4086,5150,5148,0,-1.6240159182817275,-1.5749378204345703,-1.5978572874337966,-1.5812805891036987,-1.5673370109121558
4087,5151,5149,0,0.3492018968790238,0.29006654024124146,0.26714707324201514,0.3161205053329468,0.3300640835244897
4088,5152,5150,0,0.7104861230581467,0.7332267165184021,0.7103072495191758,0.7937043905258179,0.8076479687173608
4089,5153,5151,0,-1.6704872756273086,-1.701810598373413,-1.7247300653726394,-1.6834807395935059,-1.669537161401963
4090,5154,5152,0,1.244632014724559,1.285447597503662,1.2625281305044358,1.2085349559783936,1.2224785341699365
4091,5155,5153,0,0.27860007593328406,0.3419557511806488,0.3190362841814225,0.295257031917572,0.3092006101091149
4092,5156,5154,0,2.4449445099561875,2.487417221069336,2.4644977540701096,2.425156593322754,2.439100171514297
4093,5157,5155,0,1.5407272667616074,1.5110609531402588,1.4881414861410325,1.4973101615905762,1.511253739782119
4094,5158,5156,0,1.2103651852338975,1.2381882667541504,1.215268799754924,1.1843268871307373,1.1982704653222802
4095,5160,5158,0,1.5973769516676133,1.640671730041504,1.6177522630422776,1.554804801940918,1.5687483801324609
4096,5161,5159,0,-2.826196065452748,-2.8443140983581543,-2.8672335653573806,-2.7746245861053467,-2.7606810079138038
4097,5162,5160,0,-1.2220193057328994,-1.276221513748169,-1.2991409807473953,-1.2233972549438477,-1.2094536767523048
4098,5163,5161,0,-1.9991339354783828,-2.0143659114837646,-2.037285378482991,-2.0101613998413086,-1.9962178216497657
4099,5164,5162,0,1.3061391205518906,1.406489372253418,1.3835699052541917,1.2892327308654785,1.3031763090570214
4100,5166,5164,0,-0.45763891032045434,-0.46801987290382385,-0.49093933990305016,-0.45639505982398987,-0.44245148163244696
4101,5167,5165,0,1.2668962568968003,1.2628443241119385,1.2399248571127122,1.1814265251159668,1.1953701033075097
4102,5168,5166,0,3.1456114144056504,3.101074457168579,3.078154990169353,3.0906243324279785,3.1045679106195214
4103,5169,5167,0,2.038977512809581,2.060102939605713,2.0371834726064866,1.9935822486877441,2.007525826879287
4104,5170,5168,0,0.5864732951849168,0.6074633598327637,0.5845438928335374,0.5970156192779541,0.610959197469497
4105,5171,5169,0,1.9553040356367295,2.0249478816986084,2.002028414699382,1.974284052848816,1.9882276310403588
4106,5174,5172,0,0.3155689329832261,0.3430350720882416,0.32011560508901526,0.31434255838394165,0.32828613657548456
4107,5175,5173,0,2.434011349174327,2.452977418899536,2.43005795190031,2.4075841903686523,2.4215277685601952
4108,5176,5174,-1,1.9349898812005342,1.9798038005828857,1.9568843335836594,1.907941460609436,1.921885038800979
4109,5177,5175,0,0.8152975530355637,0.8519095778465271,0.8289901108473008,0.8661075830459595,0.8800511612375024
4110,5179,5177,0,-2.7543347983629043,-2.759214162826538,-2.7821336298257644,-2.7041289806365967,-2.6901854024450538
4111,5180,5178,0,1.0639299244611924,1.1198396682739258,1.0969202012746995,1.0436937808990479,1.0576373590905908
4112,5182,5180,0,-2.4444852977067764,-2.470837354660034,-2.4937568216592605,-2.4167134761810303,-2.4027698979894874
4113,5183,5181,0,-0.0315167888075645,-0.05807233601808548,-0.08099180301731182,-0.04874071478843689,-0.034797136596893985
4114,5184,5182,0,-0.6219333319932754,-0.6389673948287964,-0.6618868618280227,-0.6761577129364014,-0.6622141347448585
4115,5185,5183,0,0.28708372423345496,0.2693477272987366,0.24642826029951023,0.22903019189834595,0.24297377008988885
4116,5186,5184,0,2.5619069428175156,2.589909791946411,2.566990324947185,2.4789535999298096,2.4928971781213525
4117,5187,5185,0,1.9076973290174668,1.8816559314727783,1.858736464473552,1.8652211427688599,1.8791647209604028
4118,5188,5186,0,1.0796525568693345,1.1289112567901611,1.1059917897909348,1.0878207683563232,1.1017643465478661
4119,5190,5188,0,-1.7783918290406997,-1.8410147428512573,-1.8639342098504836,-1.7487143278121948,-1.734770749620652
4120,5192,5190,0,0.7566859216421311,0.7364800572395325,0.7135605902403062,0.7347078323364258,0.7486514105279687
4121,5193,5191,0,-0.043988487032109024,-0.006750725209712982,-0.029670192208939322,-0.01772823929786682,-0.0037846611063239166
4122,5194,5192,0,-1.4222590832979018,-1.4655531644821167,-1.488472631481343,-1.360438346862793,-1.34649476867125
4123,5195,5193,0,-1.9041678815156753,-1.951951265335083,-1.9748707323343093,-1.9438236951828003,-1.9298801169912574
4124,5196,5194,0,0.6171941847532456,0.6268712878227234,0.6039518208234971,0.5708035230636597,0.5847471012552026
4125,5197,5195,0,2.370684751960582,2.4643657207489014,2.441446253749675,2.3267338275909424,2.3406774057824853
4126,5198,5196,0,-1.6997375397950942,-1.701901912689209,-1.7248213796884353,-1.7219144105911255,-1.7079708323995826
4127,5199,5197,0,2.062330135795421,2.0632781982421875,2.040358731242961,2.0003821849823,2.0143257631738427
4128,5200,5198,0,-1.6223459153444106,-1.6387615203857422,-1.6616809873849685,-1.676360845565796,-1.662417267374253
4129,5201,5199,0,1.513178238365001,1.568258285522461,1.5453388185232346,1.5014537572860718,1.5153973354776147
4130,5202,5200,0,1.0857051701276963,1.0934978723526,1.0705784053533738,1.0427414178848267,1.0566849960763696
4131,5203,5201,0,0.4659876317709153,0.522510826587677,0.4995913595884507,0.43411388993263245,0.44805746812417535
4132,5204,5202,0,0.6627768368452256,0.619485080242157,0.5965656132429307,0.6372708082199097,0.6512143864114526
4133,5205,5203,0,1.9914736838072007,2.0020029544830322,1.979083487483806,1.9630626440048218,1.9770062221963647
4134,5207,5205,0,1.2314924092024033,1.2337126731872559,1.2107932061880295,1.195655345916748,1.209598924108291
4135,5208,5206,0,-4.323575845268422,-4.293992042541504,-4.316911509540731,-4.266757488250732,-4.2528139100591895
4136,5209,5207,0,1.6030926794737046,1.6571457386016846,1.6342262716024583,1.5704017877578735,1.5843453659494164
4137,5210,5208,0,-1.554561248329335,-1.5214685201644897,-1.544387987163716,-1.5354284048080444,-1.5214848266165015
4138,5211,5209,0,1.315032133552379,1.4127707481384277,1.3898512811392014,1.3179658651351929,1.3319094433267358
4139,5212,5210,0,-0.6439796595842178,-0.6287495493888855,-0.6516690163881118,-0.7167060375213623,-0.7027624593298194
4140,5213,5211,0,0.8014404864042466,0.8640487194061279,0.8411292524069016,0.7836239337921143,0.7975675119836572
4141,5214,5212,0,-1.5063239245683486,-1.4594788551330566,-1.482398322132283,-1.4167417287826538,-1.402798150591111
4142,5216,5214,0,-0.35921605518167565,-0.23495858907699585,-0.25787805607622216,-0.31108593940734863,-0.29714236121580573
4143,5217,5215,0,-0.8337671070367629,-0.8431466817855835,-0.8660661487848098,-0.8062043190002441,-0.7922607408087012
4144,5218,5216,0,-1.7726187615663345,-1.6661338806152344,-1.6890533476144607,-1.7192044258117676,-1.7052608476202247
4145,5219,5217,0,2.0263444275587266,2.056816339492798,2.0338968724935715,2.0035204887390137,2.0174640669305566
4146,5220,5218,0,1.8306187481611436,1.8857799768447876,1.8628605098455613,1.8286021947860718,1.8425457729776147
4147,5222,5220,0,0.7007553071706956,0.7359360456466675,0.7130165786474412,0.680892825126648,0.6948364033181909
4148,5224,5222,0,-0.42847227146928857,-0.3852415382862091,-0.4081610052854354,-0.416083961725235,-0.4021403835336921
4149,5225,5223,0,0.8446902723043626,0.8191803693771362,0.7962609023779099,0.7942972183227539,0.8082407965142968
4150,5227,5225,0,-2.021667829063588,-2.0293428897857666,-2.052262356784993,-2.049116373062134,-2.035172794870591
4151,5228,5226,0,1.81685758540327,1.8154518604278564,1.7925323934286301,1.755761981010437,1.76970555920198
4152,5230,5228,0,-1.2911587863237197,-1.1831694841384888,-1.206088951137715,-1.2636675834655762,-1.2497240052740333
4153,5231,5229,0,0.08641978511506962,0.11326927691698074,0.0903498099177544,0.09815485775470734,0.11209843594625024
4154,5232,5230,0,0.4035251826971238,0.5346172451972961,0.5116977781980698,0.4287432134151459,0.4426867916066888
4155,5233,5231,0,0.1814593465059464,0.18902769684791565,0.1661082298486893,0.2005605548620224,0.2145041330535653
4156,5234,5232,0,-2.541502585914784,-2.569199800491333,-2.5921192674905593,-2.5685999393463135,-2.5546563611547706
4157,5236,5234,0,1.8119913429945176,1.9143620729446411,1.8914426059454148,1.8332198858261108,1.8471634640176537
4158,5238,5236,0,1.63836956927473,1.6409229040145874,1.618003437015361,1.6050680875778198,1.6190116657693627
4159,5239,5237,0,0.150800296756572,0.11161188036203384,0.0886924133628075,0.14696826040744781,0.16091183859899072
4160,5240,5238,0,1.101993689033336,1.1567721366882324,1.133852669689006,1.1786350011825562,1.192578579374099
4161,5241,5239,-1,-0.80945746930148,-0.8237053751945496,-0.8466248421937759,-0.7228027582168579,-0.708859180025315
4162,5243,5241,0,1.1897760719984238,1.2595332860946655,1.2366138190954392,1.2202448844909668,1.2341884626825097
4163,5244,5242,0,-0.707935145404988,-0.8290883898735046,-0.852007856872731,-0.776103138923645,-0.7621595607321021
4164,5245,5243,0,-0.798067083862477,-0.7442603707313538,-0.7671798377305801,-0.8016260862350464,-0.7876825080435035
4165,5246,5244,0,2.232149013969249,2.220432996749878,2.1975135297506516,2.1910746097564697,2.2050181879480126
4166,5247,5245,0,0.28719199607068946,0.2800978422164917,0.2571783752172654,0.30165523290634155,0.31559881109788446
4167,5248,5246,0,0.8505523891180222,0.8638151288032532,0.8408956618040269,0.8346076011657715,0.8485511793573144
4168,5250,5248,0,-4.5696300177842915,-4.699476718902588,-4.722396185901815,-4.605381011962891,-4.591437433771348
4169,5251,5249,0,-3.2770219950944717,-3.2902393341064453,-3.3131588011056716,-3.2215209007263184,-3.2075773225347755
4170,5252,5250,0,0.516230532619304,0.5559529066085815,0.5330334396093552,0.4763276278972626,0.4902712060888055
4171,5255,5253,0,0.8183448404997056,0.8699214458465576,0.8470019788473313,0.8269214630126953,0.8408650412042382
4172,5256,5254,0,2.947774061652965,2.957895517349243,2.934976050350017,2.9352755546569824,2.9492191328485253
4173,5257,5255,0,-2.6889194159776504,-2.7060766220092773,-2.7289960890085037,-2.7040960788726807,-2.6901525006811378
4174,5259,5257,0,0.537150451633281,0.5544781684875488,0.5315587014883225,0.5360771417617798,0.5500207199533227
4175,5260,5258,0,1.1926453203886216,1.227046012878418,1.2041265458791917,1.204485297203064,1.2184288753946069
4176,5261,5259,0,-0.7338067798883254,-0.7408521771430969,-0.7637716441423232,-0.761865496635437,-0.7479219184438941
4177,5262,5260,0,1.0526378245084946,1.0374534130096436,1.0145339460104172,0.9587377309799194,0.9726813091714623
4178,5263,5261,0,-0.5757436661989028,-0.5554564595222473,-0.5783759265214736,-0.5484210252761841,-0.5344774470846412
4179,5264,5262,0,-0.9744835405618484,-0.9529736638069153,-0.9758931308061416,-0.9679449796676636,-0.9540014014761207
4180,5265,5263,0,-3.3618272452623184,-3.3518245220184326,-3.374743989017659,-3.309443473815918,-3.295499895624375
4181,5266,5264,0,2.6617418617933457,2.7279953956604004,2.705075928661174,2.6096696853637695,2.6236132635553124
4182,5268,5266,0,-3.69460641434496,-3.716269016265869,-3.7391884832650955,-3.6511857509613037,-3.637242172769761
4183,5269,5267,0,0.658932039233989,0.6654141545295715,0.6424946875303452,0.5999366044998169,0.6138801826913598
4184,5270,5268,0,1.4720470995634263,1.439218521118164,1.4162990541189378,1.4245117902755737,1.4384553684671166
4185,5271,5269,0,1.2555399031370347,1.2286559343338013,1.205736467334575,1.1848442554473877,1.1987878336389306
4186,5273,5271,0,1.7334808201521104,1.7625818252563477,1.7396623582571213,1.6950864791870117,1.7090300573785546
4187,5274,5272,0,-2.0552407412797744,-2.139127492904663,-2.1620469599038894,-1.969972014427185,-1.9560284362356422
4188,5275,5273,0,-3.705691686180287,-3.7528722286224365,-3.775791695621663,-3.7052805423736572,-3.6913369641821143
4189,5276,5274,0,2.750612148734874,2.782965898513794,2.7600464315145676,2.7224509716033936,2.7363945497949365
4190,5277,5275,0,0.8702154249876206,0.8978363871574402,0.8749169201582139,0.8110735416412354,0.8250171198327783
4191,5278,5276,0,3.2095621914594834,3.229292154312134,3.2063726873129075,3.162851333618164,3.176794911809707
4192,5279,5277,0,-0.25128801753824304,-0.23574212193489075,-0.25866158893411706,-0.2579577565193176,-0.24401417832777472
4193,5280,5278,0,-0.1764704345733459,-0.12167102843523026,-0.1445904954344566,-0.18771836161613464,-0.17377478342459174
4194,5282,5280,0,0.2800172955721085,0.3172079920768738,0.29428852507764747,0.2722415030002594,0.2861850811918023
4195,5283,5281,0,0.8665491432874863,0.8758847117424011,0.8529652447431748,0.8727444410324097,0.8866880192239526
4196,5284,5282,0,-2.8957470565110977,-2.8923823833465576,-2.915301850345784,-2.901829719543457,-2.887886141351914
4197,5286,5284,0,1.826326260062999,1.8775818347930908,1.8546623677938645,1.8014265298843384,1.8153701080758813
4198,5287,5285,0,1.7562240452497666,1.7873351573944092,1.7644156903951829,1.7314872741699219,1.7454308523614648
4199,5288,5286,0,2.2889713139265244,2.328430414199829,2.305510947200603,2.269481897354126,2.283425475545669
4200,5291,5289,0,0.017818299773282288,0.057813532650470734,0.034894065651244394,-0.058102548122406006,-0.0441589699308631
4201,5293,5291,0,-0.466906925943547,-0.4998216927051544,-0.5227411597043807,-0.47755059599876404,-0.46360701780722113
4202,5294,5292,0,1.3326424450605576,1.4498066902160645,1.4268872232168381,1.3359462022781372,1.3498897804696801
4203,5295,5293,0,-0.14075127830808712,-0.11446196585893631,-0.13738143285816265,-0.21998542547225952,-0.20604184728071662
4204,5296,5294,0,0.26199589082891395,0.31142961978912354,0.2885101527898972,0.2507380247116089,0.2646816029031518
4205,5297,5295,0,2.1938599438398545,2.244957208633423,2.2220377416341965,2.159137487411499,2.173081065603042
4206,5298,5296,0,0.43235830375844886,0.4770990014076233,0.454179534408397,0.38645416498184204,0.40039774317338495
4207,5299,5297,0,-3.0714358001024062,-3.1325740814208984,-3.1554935484201247,-2.9939868450164795,-2.9800432668249366
4208,5301,5299,0,2.9764784664838975,3.0467443466186523,3.023824879619426,2.9738121032714844,2.9877556814630273
4209,5302,5300,0,-0.11745998105114056,-0.061505742371082306,-0.08442520937030865,-0.1350143700838089,-0.121070791892266
4210,5303,5301,0,-0.10774522861545635,-0.18015998601913452,-0.20307945301836086,-0.11774414777755737,-0.10380056958601447
4211,5304,5302,0,0.8449552745550339,0.849513590335846,0.8265941233366196,0.8166571855545044,0.8306007637460473
4212,5306,5304,0,0.7914501518934434,0.8228486776351929,0.7999292106359666,0.762999415397644,0.776942993589187
4213,5307,5305,0,0.7088057489126389,0.7960488200187683,0.773129353019542,0.6955994367599487,0.7095430149514916
4214,5308,5306,0,0.26362208435232093,0.3278541564941406,0.3049346894949143,0.24590864777565002,0.25985222596719293
4215,5309,5307,0,0.6492323965757554,0.6975815892219543,0.674662122222728,0.6830642223358154,0.6970078005273583
4216,5310,5308,0,-0.2006425320178802,-0.22933867573738098,-0.2522581427366073,-0.21656426787376404,-0.20262068968222113
4217,5311,5309,0,2.194183001014537,2.267932653427124,2.2450131864278977,2.1800026893615723,2.193946267553115
4218,5312,5310,0,-2.5866039901048477,-2.5705726146698,-2.593492081669026,-2.6092565059661865,-2.5953129277746436
4219,5314,5312,0,-2.444700351265126,-2.4524621963500977,-2.475381663349324,-2.3637430667877197,-2.349799488596177
4220,5315,5313,0,1.311949858161754,1.3018004894256592,1.2788810224264329,1.2635200023651123,1.2774635805566552
4221,5317,5315,0,0.6628218979566758,0.698996365070343,0.6760768980711167,0.6276321411132812,0.6415757193048242
4222,5318,5316,0,-1.747194042709523,-1.704880714416504,-1.7278001814157302,-1.788967251777649,-1.775023673586106
4223,5320,5318,0,2.170960792991466,2.231661558151245,2.208742091152019,2.1578197479248047,2.1717633261163476
4224,5322,5320,0,0.4328160078256791,0.4589371979236603,0.43601773092443397,0.4079342484474182,0.4218778266389611
4225,5323,5321,0,-2.4503732829362685,-2.5338666439056396,-2.556786110904866,-2.482015371322632,-2.468071793131089
4226,5324,5322,0,-2.963299861457997,-2.973813056945801,-2.996732523945027,-2.8605575561523438,-2.846613977960801
4227,5325,5323,0,-0.08723501702850414,-0.09455204755067825,-0.1174715145499046,-0.07307258248329163,-0.05912900429174872
4228,5327,5325,0,2.3074044079511826,2.3306028842926025,2.3076834172933762,2.2745208740234375,2.2884644522149804
4229,5328,5326,-1,0.8969739195535005,0.8958674669265747,0.8729479999273484,0.8155730962753296,0.8295166744668725
4230,5329,5327,0,0.21245182463819431,0.20537707209587097,0.18245760509664463,0.22492974996566772,0.23887332815721063
4231,5330,5328,0,2.613433012458629,2.740612745285034,2.717693278285808,2.6528563499450684,2.6667999281366113
4232,5334,5332,0,1.5061218828886216,1.5346953868865967,1.5117759198873704,1.4540854692459106,1.4680290474374535
4233,5336,5334,0,-3.68113624146288,-3.6810905933380127,-3.704010060337239,-3.629160165786743,-3.6152165875952003
4234,5337,5335,0,-0.4591557293206985,-0.41815999150276184,-0.44107945850198815,-0.47220537066459656,-0.45826179247305365
4235,5338,5336,0,0.2513528854578202,0.24457255005836487,0.22165308305913853,0.2886122465133667,0.3025558247049096
4236,5339,5337,0,2.56221092650587,2.6210126876831055,2.598093220683879,2.5280702114105225,2.5420137896020654
4237,5340,5338,0,1.3577622265546982,1.4036428928375244,1.380723425838298,1.3389285802841187,1.3528721584756616
4238,5341,5339,0,0.15903141507799076,0.19091254472732544,0.1679930777280991,0.18190205097198486,0.19584562916352777
4239,5342,5340,0,1.6067894787519639,1.6606462001800537,1.6377267331808274,1.6072053909301758,1.6211489691217187
4240,5343,5341,0,0.8257559628217881,0.8478887677192688,0.8249693007200425,0.8468993902206421,0.860842968412185
4241,5344,5342,0,-4.234483113792592,-4.290942668914795,-4.313862135914022,-4.174958229064941,-4.1610146508733985
4242,5346,5344,0,0.21808340558702397,0.25665226578712463,0.2337327987878983,0.2344483733177185,0.2483919515092614
4243,5347,5345,0,-3.32333218148058,-3.3648922443389893,-3.3878117113382156,-3.2684500217437744,-3.2545064435522315
4244,5348,5346,0,2.3644019455640977,2.39947247505188,2.3765530080526536,2.3590078353881836,2.3729514135797265
4245,5349,5347,0,0.8229174704282944,0.8571329712867737,0.8342135042875474,0.7876341342926025,0.8015777124841454
4246,5350,5348,0,-1.7618464141160781,-1.7888951301574707,-1.811814597156697,-1.7840574979782104,-1.7701139197866675
4247,5351,5349,0,1.9931866020887559,2.0814263820648193,2.058506915065593,2.0071566104888916,2.0211001886804345
4248,5352,5350,0,-2.727863898780995,-2.6808054447174072,-2.7037249117166335,-2.7025928497314453,-2.6886492715399024
4249,5353,5351,0,1.0642716974943345,1.043868064880371,1.0209485978811448,1.0432356595993042,1.057179237790847
4250,5354,5352,0,1.2258094639509385,1.286553144454956,1.2636336774557297,1.2207669019699097,1.2347104801614526
4251,5356,5354,0,-7.23045527031725,-7.220622539520264,-7.24354200651949,-7.094077110290527,-7.080133532098984
4252,5357,5355,0,2.314828524085826,2.3502790927886963,2.32735962578947,2.297098159790039,2.311041737981582
4253,5358,5356,0,1.8199203104704087,1.826864242553711,1.8039447755544846,1.818996548652649,1.8329401268441918
4254,5359,5357,0,0.3357925803392594,0.3868991434574127,0.3639796764581864,0.3507988154888153,0.3647423936803582
4255,5360,5358,0,-3.098013988044911,-3.0743112564086914,-3.0972307234079177,-3.0686419010162354,-3.0546983228246924
4256,5361,5359,0,0.31080729672605445,0.31249499320983887,0.28957552621061255,0.26601335406303406,0.27995693225457696
4257,5365,5363,0,0.7873541803091233,0.8230172991752625,0.8000978321760361,0.8171206712722778,0.8310642494638207
4258,5366,5364,0,-2.097316613701039,-2.1079556941986084,-2.1308751611978347,-2.1294620037078857,-2.115518425516343
4259,5367,5365,0,-2.2786465792924697,-2.2217066287994385,-2.244626095798665,-2.201786756515503,-2.18784317832396
4260,5368,5366,0,-1.507068982628041,-1.4790674448013306,-1.5019869118005569,-1.4623204469680786,-1.4483768687765357
4261,5369,5367,0,-0.16773993363683773,-0.08120542019605637,-0.1041248871952827,-0.1165839433670044,-0.10264036517546149
4262,5370,5368,0,1.2796433062284653,1.2668495178222656,1.2439300508230393,1.2695318460464478,1.2834754242379907
4263,5372,5370,0,2.9181481690138047,2.9738314151763916,2.9509119481771653,2.9218695163726807,2.9358130945642236
4264,5374,5372,0,-1.1606749205858047,-1.195784330368042,-1.2187037973672683,-1.1386308670043945,-1.1246872888128516
4265,5375,5373,0,0.5043491811483567,0.5287163257598877,0.5057968587606614,0.47741690278053284,0.49136048097207574
4266,5377,5375,0,1.8201063961713975,1.8633804321289062,1.84046096512968,1.8251127004623413,1.8390562786538842
4267,5378,5376,0,-1.1581690221101577,-1.118607759475708,-1.1415272264749343,-1.129617691040039,-1.1156741128484962
4268,5380,5378,0,2.149941334220714,2.130850076675415,2.1079306096761887,2.135915517807007,2.1498590959985497
4269,5381,5379,0,1.5157107205122178,1.5482001304626465,1.5252806634634202,1.4858208894729614,1.4997644676645043
4270,5382,5380,0,1.5512828917234605,1.6139962673187256,1.5910768003194993,1.4906893968582153,1.5046329750497582
4271,5384,5382,0,-2.22048269799059,-2.1820638179779053,-2.2049832849771316,-2.178325653076172,-2.164382074884629
4272,5386,5384,0,0.3159978182047074,0.32826513051986694,0.30534566352064063,0.2973414659500122,0.3112850441415551
4273,5387,5385,0,-0.14720003893678738,-0.11301418393850327,-0.1359336509377296,-0.10330900549888611,-0.0893654273073432
4274,5388,5386,0,1.0589125246732896,1.0752347707748413,1.052315303775615,1.0189898014068604,1.0329333795984033
4275,5389,5387,0,0.6861993164747422,0.76665860414505,0.7437391371458237,0.6699963808059692,0.6839399589975121
4276,5390,5388,0,-0.7429320721895034,-0.7094607353210449,-0.7323802023202712,-0.7395037412643433,-0.7255601630728004
4277,5391,5389,0,1.6180250735014146,1.6692557334899902,1.646336266490764,1.5794355869293213,1.5933791651208642
4278,5392,5390,0,2.3349102825849717,2.385366201400757,2.3624467344015305,2.3496909141540527,2.3636344923455956
4279,5393,5391,0,2.538984903785533,2.590167760848999,2.5672482938497727,2.484945774078369,2.498889352269912
4280,5396,5394,0,0.04919297406370091,0.059174634516239166,0.036255167517012826,0.07479242980480194,0.08873600799634485
4281,5397,5395,0,-1.0153064637452895,-0.9996791481971741,-1.0225986151964004,-1.0519229173660278,-1.037979339174485
4282,5399,5397,0,1.2280807585447495,1.2157258987426758,1.1928064317434495,1.2141917943954468,1.2281353725869897
4283,5400,5398,0,-2.30030070832079,-2.1600615978240967,-2.182981064823323,-2.321819543838501,-2.307875965646958
4284,5404,5402,0,-0.7972085981637771,-0.7687763571739197,-0.791695824173146,-0.7765117883682251,-0.7625682101766822
4285,5405,5403,0,-0.7216148286134536,-0.6629965305328369,-0.6859159975320632,-0.7508089542388916,-0.7368653760473487
4286,5406,5404,0,0.9862555951803391,1.0375127792358398,1.0145933122366135,1.0037034749984741,1.017647053190017
4287,5408,5406,0,-2.94383155396288,-3.0657522678375244,-3.0886717348367507,-2.9898321628570557,-2.9758885846655128
4288,5410,5408,0,0.2532532007425492,0.31741753220558167,0.29449806520635535,0.251442015171051,0.26538559336259393
4289,5411,5409,0,1.6074291557996934,1.6051766872406006,1.5822572202413743,1.5448027849197388,1.5587463631112817
4290,5413,5411,0,-0.15255663385694576,-0.1255250871181488,-0.14844455411737514,-0.1693742573261261,-0.1554306791345832
4291,5414,5412,0,0.2582686931818192,0.2910648584365845,0.26814539143735816,0.26967698335647583,0.28362056154801873
4292,5415,5413,0,0.9912417025297349,0.9889532923698425,0.9660338253706162,0.925277590751648,0.9392211689431909
4293,5417,5415,0,-0.009195465874725106,-0.03731762617826462,-0.06023709317749096,-0.022274747490882874,-0.008331169299339969
4294,5418,5416,0,1.553467282745189,1.57326340675354,1.5503439397543137,1.4502989053726196,1.4642424835641625
4295,5419,5417,0,0.7570368737905686,0.755458414554596,0.7325389475553696,0.7602643966674805,0.7742079748590234
4296,5422,5420,0,1.3505916685789292,1.398767113685608,1.3758476466863816,1.3338834047317505,1.3478269829232934
4297,5423,5421,0,-0.002069341298990967,-0.005910195410251617,-0.028829662409477957,-0.05900511145591736,-0.045061533264374454
4298,5424,5422,0,0.9161600560873215,0.9694674611091614,0.9465479941099351,0.9290006160736084,0.9429441942651513
4299,5425,5423,0,1.0883425564497178,1.0849244594573975,1.0620049924581711,1.037999153137207,1.05194273132875
4300,5426,5424,0,2.2453783840864365,2.2467541694641113,2.223834702464885,2.1992075443267822,2.213151122518325
4301,5429,5427,0,-0.8549482136041457,-0.8328956961631775,-0.8558151631624038,-0.8065266609191895,-0.7925830827276465
4302,5430,5428,0,0.38317147800619056,0.4391927719116211,0.4162733049123948,0.35445645451545715,0.36840003270700006
4303,5431,5429,0,0.016220196801370858,0.01780342310667038,-0.00511604389255596,0.025220245122909546,0.03916382331445245
4304,5432,5430,0,1.921649107429332,1.9715747833251953,1.948655316325969,1.8366423845291138,1.8505859627206567
4305,5433,5431,0,0.2312165440052216,0.3130204975605011,0.2901010305612748,0.21103298664093018,0.22497656483247308
4306,5434,5432,0,-0.2757927983075912,-0.2920738756656647,-0.314993342664891,-0.3058595061302185,-0.2919159279386756
4307,5435,5433,0,-0.5569932966501052,-0.5286663770675659,-0.5515858440667922,-0.5847266912460327,-0.5707831130544898
4308,5436,5434,0,2.8965038151472275,2.921417474746704,2.898498007747478,2.8529980182647705,2.8669415964563134
4309,5437,5435,0,-1.8276024966508682,-1.7579143047332764,-1.7808337717325027,-1.8205437660217285,-1.8066001878301856
4310,5440,5438,0,-2.4042135386735732,-2.4055497646331787,-2.428469231632405,-2.349921226501465,-2.335977648309922
4311,5442,5440,0,1.388518700095958,1.3671212196350098,1.3442017526357835,1.363488793373108,1.3774323715646508
4312,5443,5441,0,0.3344345779150193,0.3910779058933258,0.3681584388940995,0.2681608200073242,0.2821043981988671
4313,5444,5442,-1,2.1082252976128877,2.236004114151001,2.2130846471517747,2.098529100418091,2.1124726786096337
4314,5447,5445,0,1.5957024187772935,1.6391987800598145,1.6162793130605881,1.5589476823806763,1.5728912605722192
4315,5448,5446,0,0.8613451213567918,0.8530316948890686,0.8301122278898423,0.8092708587646484,0.8232144369561913
4316,5449,5447,0,2.5345913262098496,2.499436855316162,2.476517388316936,2.475224733352661,2.489168311544204
4317,5450,5448,0,-1.6769971757203872,-1.694693922996521,-1.7176133899957473,-1.6520928144454956,-1.6381492362539527
4318,5451,5449,0,0.9099366755216782,0.9533429145812988,0.9304234475820725,0.8696879148483276,0.8836314930398705
4319,5453,5451,0,-1.7893479972154434,-1.7945419549942017,-1.817461421993428,-1.8236273527145386,-1.8096837745229957
4320,5454,5452,0,1.9973455757826035,2.0619802474975586,2.0390607804983323,1.9773128032684326,1.9912563814599755
4321,5455,5453,0,0.7915904612272446,0.77521812915802,0.7522986621587937,0.787598729133606,0.8015423073251489
4322,5457,5455,0,2.857872137519664,2.8693931102752686,2.8464736432760422,2.8351950645446777,2.8491386427362206
4323,5458,5456,0,2.080495724174327,2.114558458328247,2.0916389913290208,1.934588074684143,1.948531652875686
4324,5459,5457,0,0.9068217963903611,0.9925702214241028,0.9696507544248765,0.9404014348983765,0.9543450130899194
4325,5460,5458,0,0.25401792833501746,0.27212247252464294,0.2492030055254166,0.2939886450767517,0.3079322232682946
4326,5461,5459,0,-2.3762813716203506,-2.368645429611206,-2.3915648966104324,-2.280193567276001,-2.266249989084458
4327,5462,5460,0,1.7368385882108872,1.7295966148376465,1.7066771478384202,1.7054914236068726,1.7194350017984155
4328,5463,5461,0,0.9664777011602586,0.9579452276229858,0.9350257606237595,0.9447957277297974,0.9587393059213403
4329,5466,5464,0,-2.1595617442399795,-2.1839940547943115,-2.206913521793538,-2.155243158340454,-2.141299580148911
4330,5467,5465,0,1.2683775515287583,1.2688610553741455,1.2459415883749192,1.2407575845718384,1.2547011627633813
4331,5468,5466,0,1.8568314404218857,1.9498233795166016,1.9269039125173753,1.8098119497299194,1.8237555279214623
4332,5469,5467,0,-0.8616456895143325,-0.8404199481010437,-0.86333941510027,-0.9202492237091064,-0.9063056455175635
4333,5470,5468,0,-0.30087368777101586,-0.3127744793891907,-0.335693946388417,-0.30073270201683044,-0.28678912382528754
4334,5471,5469,0,-2.9571860938340957,-2.941457509994507,-2.964376976993733,-2.9515116214752197,-2.937568043283677
4335,5473,5471,0,1.6541684956281846,1.6706799268722534,1.647760459873027,1.6118037700653076,1.6257473482568505
4336,5474,5472,0,0.8115444869726365,0.7932131886482239,0.7702937216489976,0.7525879144668579,0.7665314926584008
4337,5475,5473,0,-1.6083042531282241,-1.6380332708358765,-1.6609527378351028,-1.548251986503601,-1.5343084083120582
4338,5476,5474,0,-1.995329013374501,-2.0022079944610596,-2.025127461460286,-1.9515966176986694,-1.9376530395071265
4339,5477,5475,0,-0.29974090149705956,-0.3024274408817291,-0.32534690788095544,-0.37409549951553345,-0.36015192132399054
4340,5479,5477,0,2.4728323311536973,2.547689914703369,2.524770447704143,2.444326877593994,2.458270455785537
4341,5481,5479,0,2.3375009388654893,2.3717076778411865,2.34878821084196,2.327369213104248,2.341312791295791
4342,5483,5481,0,-0.6036063938409622,-0.561896800994873,-0.5848162679940994,-0.5590560436248779,-0.545112465433335
4343,5484,5482,0,1.19595755049879,1.328721523284912,1.3058020562856858,1.172677755355835,1.1866213335473779
4344,5485,5483,0,1.8814735502927964,1.8767006397247314,1.8537811727255051,1.9179346561431885,1.9318782343347314
4345,5486,5484,0,1.330390700790233,1.341234564781189,1.3183150977819627,1.3100637197494507,1.3240072979409936
4346,5487,5485,0,-1.9910954146653945,-2.007197618484497,-2.0301170854837234,-2.010925769805908,-1.9969821916143653
4347,5488,5486,0,1.5484510750501816,1.5908756256103516,1.5679561586111253,1.548508882522583,1.562452460714126
4348,5490,5488,0,-0.1674079655677612,-0.09413569420576096,-0.1170551612049873,-0.1388993263244629,-0.12495574813291999
4349,5492,5490,0,1.6514850945203965,1.7103278636932373,1.687408396694011,1.7004411220550537,1.7143847002465966
4350,5494,5492,0,2.2352517933576768,2.238884687423706,2.2159652204244797,2.2151875495910645,2.2291311277826074
4351,5495,5493,0,2.603223690482921,2.6360599994659424,2.613140532466716,2.582045793533325,2.595989371724868
4352,5496,5494,0,-1.2111505179673965,-1.212345838546753,-1.2352653055459792,-1.1786104440689087,-1.1646668658773658
4353,5497,5495,0,-1.770583501365834,-1.7859634160995483,-1.8088828830987747,-1.7498904466629028,-1.73594686847136
4354,5498,5496,0,-1.1718298106462295,-1.1869947910308838,-1.20991425803011,-1.1270924806594849,-1.113148902467942
4355,5499,5497,0,-0.596136262920552,-0.538575291633606,-0.5614947586328323,-0.6553542613983154,-0.6414106832067725
4356,5500,5498,0,0.07113050827676701,0.061978600919246674,0.039059133920020334,0.03833936154842377,0.05228293973996667
4357,5501,5499,0,-1.485917916801625,-1.5011059045791626,-1.524025371578389,-1.540237307548523,-1.52629372935698
4358,5502,5500,0,1.6819961161344712,1.7543067932128906,1.7313873262136643,1.6634947061538696,1.6774382843454125
4359,5503,5501,0,0.16847793171102451,0.14879554510116577,0.12587607810193943,0.10715251415967941,0.12109609235122232
4360,5504,5502,0,0.6679078430860703,0.7222673296928406,0.6993478626936143,0.6402740478515625,0.6542176260431054
4361,5505,5503,0,-1.3924567609102065,-1.409044623374939,-1.4319640903741653,-1.4373170137405396,-1.4233734355489966
4362,5507,5505,0,1.6263321728437607,1.6870677471160889,1.6641482801168626,1.5842816829681396,1.5982252611596826
4363,5508,5506,0,0.949606129619426,0.979480504989624,0.9565610379903977,0.8798134326934814,0.8937570108850243
4364,5509,5507,0,2.121478208991832,2.1330151557922363,2.11009568879301,2.0407345294952393,2.054678107686782
4365,5510,5508,0,2.0346475929945176,2.0579733848571777,2.0350539178579514,1.995608925819397,2.00955250401094
4366,5511,5509,0,1.859736928436107,1.9125934839248657,1.8896740169256394,1.8351391553878784,1.8490827335794213
4367,5512,5510,0,-3.806448331382924,-3.8572676181793213,-3.8801870851785476,-3.8324100971221924,-3.8184665189306495
4368,5513,5511,0,2.1761862129896348,2.207538604736328,2.184619137737102,2.162872552871704,2.176816131063247
4369,5515,5513,0,-1.2772980838090713,-1.3195189237594604,-1.3424383907586868,-1.3710373640060425,-1.3570937858144996
4370,5516,5514,0,1.854308495017833,1.937880516052246,1.9149610490530198,1.7929152250289917,1.8068588032205346
4371,5517,5515,0,1.5306121201246445,1.59403395652771,1.5711144895284836,1.5183106660842896,1.5322542442758325
4372,5518,5516,0,-2.063876023796254,-1.9890363216400146,-2.011955788639241,-2.0847184658050537,-2.070774887613511
4373,5519,5517,0,-0.8600959091455276,-0.8080933690071106,-0.8310128360063369,-0.8483783006668091,-0.8344347224752662
4374,5520,5518,0,0.45325196692640235,0.5081761479377747,0.48525668093854835,0.4325433075428009,0.4464868857343438
4375,5521,5519,0,1.016376504394359,1.0482978820800781,1.0253784150808518,0.9878050088882446,1.0017485870797875
4376,5522,5520,0,3.352895626518077,3.40975284576416,3.386833378764934,3.326674699783325,3.340618277974868
4377,5523,5521,0,-1.9765846638948257,-1.9222981929779053,-1.9452176599771316,-1.9980794191360474,-1.9841358409445045
4378,5524,5522,0,0.6734540552824204,0.7259293794631958,0.7030099124639695,0.651731014251709,0.6656745924432519
4379,5525,5523,0,0.29286245414907386,0.3261694312095642,0.3032499642103379,0.3122834861278534,0.3262270643193963
4380,5526,5524,0,-3.9691601901323135,-3.9893639087677,-4.012283375766927,-3.8568012714385986,-3.8428576932470557
4381,5527,5525,0,1.7140886873930161,1.6927095651626587,1.6697900981634324,1.7287002801895142,1.742643858381057
4382,5529,5527,0,-1.0076044707567031,-1.0021449327468872,-1.0250643997461135,-1.0424975156784058,-1.0285539374868629
4383,5531,5529,0,1.4019208044737046,1.414278507232666,1.3913590402334397,1.3731210231781006,1.3870646013696435
4384,5533,5531,0,-0.2189453451902206,-0.19158530235290527,-0.2145047693521316,-0.22410699725151062,-0.21016341905996772
4385,5534,5532,0,-1.124005427864247,-1.1203579902648926,-1.143277457264119,-1.1576905250549316,-1.1437469468633887
4386,5536,5534,0,-1.0182083754808242,-0.9581059813499451,-0.9810254483491714,-1.0666903257369995,-1.0527467475454566
4387,5537,5535,0,2.1499034256666367,2.2624199390411377,2.2395004720419114,2.166738748550415,2.180682326741958
4388,5539,5537,0,-2.4403968959123428,-2.4200336933135986,-2.442953160312825,-2.4191081523895264,-2.4051645741979835
4389,5541,5539,-1,-6.753592181520718,-6.790163993835449,-6.813083460834676,-6.6877360343933105,-6.673792456201768
4390,5542,5540,0,-0.5689657836229141,-0.6256248354911804,-0.6485443024904067,-0.5917719602584839,-0.577828382066941
4391,5543,5541,0,-2.4182122855455215,-2.4915850162506104,-2.5145044832498367,-2.40710711479187,-2.393163536600327
4392,5544,5542,0,1.308710464927501,1.3688572645187378,1.3459377975195115,1.3181297779083252,1.332073356099868
4393,5545,5543,0,2.2711721749036973,2.2883875370025635,2.265468070003337,2.2085611820220947,2.2225047602136376
4394,5547,5545,0,1.1773597092359727,1.2031832933425903,1.180263826343364,1.1798642873764038,1.1938078655679467
4395,5548,5546,0,2.4522823185651963,2.5343048572540283,2.511385390254802,2.4330742359161377,2.4470178141076806
4396,5549,5547,0,1.1856691927641099,1.2046890258789062,1.18176955887968,1.1731802225112915,1.1871238007028344
4397,5550,5548,0,-0.511057248619252,-0.508269190788269,-0.5311886577874954,-0.507498025894165,-0.49355444770262213
4398,5551,5549,-1,-0.25650374920870656,-0.2265646755695343,-0.24948414256876064,-0.2720867693424225,-0.2581431911508796
4399,5552,5550,0,2.2498639912336533,2.266444206237793,2.2435247392385667,2.194244146347046,2.208187724538589
4400,5553,5551,0,1.006398567649669,1.0591727495193481,1.0362532825201218,1.007782220840454,1.021725799031997
4401,5554,5552,-1,2.5385433551499665,2.7298483848571777,2.7069289178579514,2.5221035480499268,2.5360471262414697
4402,5555,5553,0,0.03392163822347569,0.06611303240060806,0.04319356540138172,0.04567386209964752,0.05961744029119043
4403,5556,5554,-1,-1.5525037530234038,-1.4896934032440186,-1.5126128702432449,-1.524471640586853,-1.5105280623953101
4404,5557,5555,0,2.3539275021284287,2.331622362136841,2.3087028951376145,2.321000099182129,2.334943677373672
4405,5559,5557,0,1.5180698723524277,1.5538603067398071,1.5309408397405808,1.495720386505127,1.5096639646966699
4406,5561,5559,0,1.7088114113538926,1.7781909704208374,1.755271503421611,1.7010059356689453,1.7149495138604882
4407,5562,5560,-1,-1.239297557192105,-1.2881535291671753,-1.3110729961664016,-1.2413867712020874,-1.2274431930105445
4408,5563,5561,0,0.785456606838054,0.8321372866630554,0.8092178196638291,0.7770318984985352,0.7909754766900781
4409,5564,5562,0,1.5810796112745469,1.5643749237060547,1.5414554567068284,1.5317103862762451,1.545653964467788
4410,5565,5563,0,1.6884740681379502,1.7420778274536133,1.719158360454387,1.7002893686294556,1.7142329468209985
4411,5566,5564,0,-3.4687899260789687,-3.5164458751678467,-3.539365342167073,-3.441986083984375,-3.428042505792832
4412,5568,5566,0,-1.2866979747087295,-1.2655153274536133,-1.2884347944528396,-1.2692173719406128,-1.2552737937490699
4413,5569,5567,0,0.8366683811872666,0.886572003364563,0.8636525363653367,0.8283143043518066,0.8422578825433495
4414,5570,5568,0,-1.5123082309037978,-1.5078710317611694,-1.5307904987603957,-1.553460717201233,-1.53951713900969
4415,5571,5569,0,-1.023983707931691,-0.9987356066703796,-1.021655073669606,-1.0384066104888916,-1.0244630322973487
4416,5572,5570,0,1.807563790771312,1.8490502834320068,1.8261308164327805,1.7685338258743286,1.7824774040658715
4417,5573,5571,0,0.0446676925748055,0.08408092707395554,0.061161460074729196,0.03974878787994385,0.05369236607148675
4418,5574,5572,0,-3.189484468010121,-3.196929454803467,-3.219848921802693,-3.2171924114227295,-3.2032488332311866
4419,5575,5573,0,-0.341597905662709,-0.3860127329826355,-0.4089321999818618,-0.3983491361141205,-0.3844055579225776
4420,5576,5574,0,-0.4288006036550338,-0.4300106465816498,-0.4529301135808761,-0.3778549134731293,-0.36391133528158637
4421,5577,5575,0,-0.47173219015901635,-0.4490523040294647,-0.47197177102869103,-0.5261170864105225,-0.5121735082189796
4422,5578,5576,0,2.177910217735118,2.1734602451324463,2.15054077813322,2.1137914657592773,2.1277350439508202
4423,5580,5578,0,-1.3551262526780898,-1.4088928699493408,-1.4318123369485671,-1.3820844888687134,-1.3681409106771705
4424,5581,5579,0,-0.1437289475471313,-0.19521483778953552,-0.21813430478876186,-0.16714921593666077,-0.15320563774511786
4425,5582,5580,0,0.9795758814542954,0.9921664595603943,0.969246992561168,0.9931501150131226,1.0070936932046655
4426,5583,5581,0,-0.15886383345430447,-0.14009419083595276,-0.1630136578351791,-0.14702701568603516,-0.13308343749449225
4427,5584,5582,0,1.373502740356273,1.436147928237915,1.4132284612386887,1.385460376739502,1.3994039549310449
4428,5585,5583,-1,-2.7809664490988433,-2.701165199279785,-2.7240846662790115,-2.745931386947632,-2.731987808756089
4429,5586,5584,0,0.46122915455991675,0.49235767126083374,0.46943820426160743,0.4560459554195404,0.4699895336110833
4430,5587,5585,0,-2.3731425910264785,-2.456130027770996,-2.4790494947702224,-2.385030508041382,-2.371086929849839
4431,5588,5586,0,-1.379018536117726,-1.3649547100067139,-1.3878741770059402,-1.3643847703933716,-1.3504411922018287
4432,5589,5587,0,2.4452167839735215,2.5053212642669678,2.4824017972677415,2.448784828186035,2.462728406377578
4433,5590,5588,0,1.2064958901136582,1.2539869546890259,1.2310674876897996,1.1257898807525635,1.1397334589441064
4434,5591,5589,0,0.48613757798368384,0.4724103510379791,0.4494908840387528,0.44946154952049255,0.46340512771203546
4435,5592,5590,0,-0.27303781202142785,-0.2492918074131012,-0.2722112744123275,-0.29755130410194397,-0.28360772591040107
4436,5593,5591,0,-2.6261068492204482,-2.6156742572784424,-2.6385937242776687,-2.609909772872925,-2.595966194681382
4437,5594,5592,0,-1.5137808232576186,-1.5271122455596924,-1.5500317125589187,-1.5213837623596191,-1.5074401841680762
4438,5596,5594,0,0.9375236124723618,0.9686903357505798,0.9457708687513535,0.9199570417404175,0.9339006199319604
4439,5597,5595,-1,-1.8767554047873198,-1.8512202501296997,-1.874139717128926,-1.8333112001419067,-1.8193676219503638
4440,5598,5596,0,-0.8709660082132156,-0.7877532839775085,-0.8106727509767349,-0.8347314596176147,-0.8207878814260718
4441,5599,5597,0,-3.5278483538896377,-3.5051138401031494,-3.5280333071023757,-3.516181707382202,-3.5022381291906592
4442,5600,5598,0,1.4286193937986558,1.4879603385925293,1.465040871593303,1.447791337966919,1.4617349161584618
4443,5601,5599,0,-2.8942257075578506,-2.834662437438965,-2.857581904438191,-2.887221097946167,-2.873277519754624
4444,5602,5600,0,-1.0961105733186538,-1.0732111930847168,-1.096130660083943,-1.1867953538894653,-1.1728517756979224
4445,5603,5601,0,-1.2511250882417495,-1.268813133239746,-1.2917326002389724,-1.2920914888381958,-1.278147910646653
4446,5604,5602,0,-1.6952545552522476,-1.757757306098938,-1.7806767730981643,-1.7193852663040161,-1.7054416881124732
4447,5605,5603,0,-5.04005753090685,-5.093111038208008,-5.116030505207235,-5.11435604095459,-5.100412462763047
4448,5607,5605,0,1.4031045527189439,1.4325696229934692,1.409650155994243,1.3907389640808105,1.4046825422723535
4449,5608,5606,0,0.7537703604429429,0.7950956225395203,0.772176155540294,0.7689782381057739,0.7829218162973168
4450,5609,5607,0,-2.1305977015764053,-2.1383004188537598,-2.161219885852986,-2.1624019145965576,-2.1484583364050147
4451,5610,5608,0,-0.3526151984006698,-0.35271891951560974,-0.37563838651483605,-0.3907597064971924,-0.3768161283056495
4452,5611,5609,-1,-1.0981146577170073,-1.1203608512878418,-1.143280318287068,-1.0901291370391846,-1.0761855588476417
4453,5612,5610,0,-4.317262044456655,-4.381093978881836,-4.404013445881063,-4.270376682281494,-4.256433104089951
4454,5613,5611,0,-2.1377319007188613,-2.140371561050415,-2.1632910280496414,-2.0519659519195557,-2.0380223737280128
4455,5614,5612,-1,-4.390256572084683,-4.368393898010254,-4.391313365009481,-4.312160968780518,-4.298217390588975
4456,5615,5613,0,2.7035085053175156,2.742931604385376,2.7200121373861497,2.6482365131378174,2.6621800913293603
4457,5616,5614,0,-2.6677492766649062,-2.697425127029419,-2.7203445940286453,-2.643786668777466,-2.629843090585923
4458,5617,5615,0,0.981508681270427,0.9813793301582336,0.9584598631590073,0.9070414304733276,0.9209850086648705
4459,5618,5616,0,-4.082085004356557,-4.113716125488281,-4.136635592487508,-4.037202835083008,-4.023259256891465
4460,5619,5617,0,1.5481182427137559,1.577282190322876,1.5543627233236497,1.5273141860961914,1.5412577642877343
4461,5620,5618,0,0.30245296070272376,0.32914870977401733,0.306229242774791,0.25502198934555054,0.26896556753709344
4462,5621,5619,0,1.3286999554365342,1.34983229637146,1.3269128293722336,1.2661958932876587,1.2801394714792016
4463,5622,5620,0,-4.912717690971547,-4.976017475128174,-4.998936942127401,-4.746775150299072,-4.732831572107529
4464,5623,5621,0,1.0982232184141343,1.1624906063079834,1.139571139308757,1.0805832147598267,1.0945267929513696
4465,5624,5622,0,-2.46326719811266,-2.436683177947998,-2.4596026449472244,-2.434368848800659,-2.4204252706091163
4466,5625,5623,0,1.4993445963590806,1.5712645053863525,1.5483450383871262,1.5264501571655273,1.5403937353570702
4467,5626,5624,0,0.5863207668989365,0.6321981549263,0.6092786879270737,0.5744932293891907,0.5884368075807336
4468,5628,5626,0,2.220623144599742,2.271796464920044,2.2488769979208176,2.2518837451934814,2.2658273233850243
4469,5629,5627,0,0.16779218027288365,0.24087566137313843,0.2179561943739121,0.1481429636478424,0.1620865418393853
4470,5630,5628,0,-3.0110608248979385,-3.016180992126465,-3.039100459125691,-2.9735910892486572,-2.9596475110571143
4471,5631,5629,0,0.47179208109075477,0.46999391913414,0.4470744521349137,0.5171994566917419,0.5311430348832848
4472,5632,5630,0,-3.0877257495195205,-3.1244866847991943,-3.1474061517984206,-3.130474328994751,-3.116530750803208
4473,5634,5632,0,1.6877124399870103,1.6996729373931885,1.6767534703939622,1.584795594215393,1.598739172406936
4474,5636,5634,0,1.5952040047376816,1.6498273611068726,1.6269078941076462,1.6118613481521606,1.6258049263437035
4475,5637,5635,0,0.5595148296087449,0.5474938154220581,0.5245743484228318,0.5807560086250305,0.5946995868165734
4476,5639,5637,0,0.741740295383281,0.768803060054779,0.7458835930555527,0.7390587329864502,0.7530023111779931
4477,5640,5638,0,1.9942572207182114,2.051342248916626,2.0284227819173997,2.029823064804077,2.04376664299562
4478,5641,5639,0,1.5258288473814194,1.6079468727111816,1.5850274057119553,1.516188144683838,1.5301317228753808
4479,5642,5640,0,-1.957267752197438,-1.9375555515289307,-1.960475018528157,-1.9811409711837769,-1.967197392992234
4480,5643,5641,0,0.1173915282815163,0.08579447120428085,0.06287500420505451,0.09537023305892944,0.10931381125047235
4481,5644,5642,0,0.899463901016063,0.9594534039497375,0.9365339369505112,0.9112892150878906,0.9252327932794335
4482,5646,5644,0,-0.6466531067163284,-0.6162325143814087,-0.639151981380635,-0.6302438974380493,-0.6163003192465064
4483,5647,5645,0,2.5186072678297227,2.545542001724243,2.522622534725017,2.4890477657318115,2.5029913439233544
4484,5648,5646,0,-0.7490189581186111,-0.7397691607475281,-0.7626886277467544,-0.6999826431274414,-0.6860390649358985
4485,5650,5648,0,-0.1637252329856689,-0.15877997875213623,-0.18169944575136257,-0.2137417495250702,-0.19979817133352729
4486,5651,5649,0,0.5780050248830979,0.5581130981445312,0.5351936311453049,0.5234227180480957,0.5373662962396386
4487,5652,5650,0,1.5580694765775864,1.573530912399292,1.5506114454000657,1.459346890449524,1.4732904686410668
4488,5654,5652,0,0.008610431756026026,0.0338902547955513,0.01097078779632496,0.0019826218485832214,0.015926200040126126
4489,5655,5653,0,1.4403320641248887,1.4760279655456543,1.453108498546428,1.4059704542160034,1.4199140324075463
4490,5656,5654,0,0.7854526729314988,0.8425535559654236,0.8196340889661973,0.8087462186813354,0.8226897968728784
4491,5658,5656,0,1.3880498499601548,1.4418790340423584,1.418959567043132,1.3232648372650146,1.3372084154565576
4492,5659,5657,0,2.2508245796888535,2.2917685508728027,2.2688490838735764,2.2184247970581055,2.2323683752496484
4493,5660,5658,0,-1.155621638801747,-1.1338733434677124,-1.1567928104669387,-1.1390877962112427,-1.1251442180196998
4494,5661,5659,0,0.2207109869449799,0.18534117937088013,0.1624217123716538,0.2512704133987427,0.2652139915902856
4495,5663,5661,0,-0.11413061460559917,-0.1896176040172577,-0.21253707101648403,-0.1592465490102768,-0.1453029708187339
4496,5664,5662,0,2.437882074806041,2.3828489780426025,2.3599295110433762,2.349752187728882,2.3636957659204247
4497,5665,5663,0,1.1879388184278672,1.1911840438842773,1.168264576885051,1.1731706857681274,1.1871142639596703
4498,5667,5665,0,-2.3164499907762344,-2.328378915786743,-2.3512983827859695,-2.2906363010406494,-2.2766927228491065
4499,5668,5666,0,-0.7353727727205093,-0.7062956690788269,-0.7292151360780532,-0.6983013153076172,-0.6843577371160743
4500,5671,5669,0,2.1567951531141465,2.2262985706329346,2.2033791036337083,2.0807721614837646,2.0947157396753076
4501,5672,5670,0,2.6210399956434434,2.6431453227996826,2.6202258558004563,2.598043203353882,2.6119867815454247
4502,5676,5674,0,1.9156601519315903,1.9722213745117188,1.9493019075124924,1.839440941810608,1.8533845200021508
4503,5677,5675,0,2.52213204810316,2.5990149974823,2.5760955304830735,2.493610143661499,2.507553721853042
4504,5678,5676,0,0.4345118791788285,0.47209087014198303,0.4491714031427567,0.40148717164993286,0.41543074984147577
4505,5679,5677,0,1.348788508865184,1.380268931388855,1.3573494643896287,1.323124885559082,1.337068463750625
4506,5680,5678,0,2.3148573727338975,2.283607244491577,2.260687777492351,2.2178537845611572,2.2317973627527
4507,5681,5679,0,-0.03456888562148166,-0.058147452771663666,-0.08106691977089,-0.025511279702186584,-0.01156770151064368
4508,5682,5680,0,-2.7757373957902725,-2.7366111278533936,-2.75953059485262,-2.7851312160491943,-2.7711876378576514
4509,5683,5681,0,-1.1389125495225723,-1.2082948684692383,-1.2312143354684646,-1.1590358018875122,-1.1450922236959693
4510,5684,5682,0,-1.284398665931874,-1.2671538591384888,-1.290073326137715,-1.305753469467163,-1.2918098912756202
4511,5685,5683,0,-1.5947047381669814,-1.6367368698120117,-1.659656336811238,-1.6013795137405396,-1.5874359355489966
4512,5686,5684,0,-1.6479025988847549,-1.671135425567627,-1.6940548925668533,-1.6316522359848022,-1.6177086577932593
4513,5688,5686,0,-2.4184585719377334,-2.4239161014556885,-2.446835568454915,-2.381460428237915,-2.367516850046372
4514,5689,5687,0,0.3875314981668656,0.44742056727409363,0.4245011002748673,0.3783476948738098,0.3922912730653527
4515,5690,5688,0,-2.2724014430314834,-2.304004192352295,-2.3269236593515212,-2.316967248916626,-2.303023670725083
4516,5691,5689,0,1.9149848313062852,1.9514213800430298,1.9285019130438035,1.9213670492172241,1.935310627408767
4517,5692,5690,0,1.2585821242063706,1.2604833841323853,1.237563917133159,1.2367914915084839,1.2507350697000268
4518,5693,5691,0,0.4121896714895432,0.4040992259979248,0.3811797589986985,0.343221515417099,0.3571650936086419
4519,5694,5692,0,0.6202296704977219,0.6214766502380371,0.5985571832388108,0.5731436014175415,0.5870871796090844
4520,5695,5693,0,-2.3771728186876113,-2.3774287700653076,-2.400348237064534,-2.438511610031128,-2.424568031839585
4521,5696,5694,0,-0.665610185173207,-0.6727176904678345,-0.6956371574670608,-0.6352717876434326,-0.6213282094518897
4522,5698,5696,0,2.286944517585582,2.3012616634368896,2.2783421964376633,2.2684779167175293,2.282421494909072
4523,5699,5697,0,-0.8781581430703933,-0.8746268153190613,-0.8975462823182876,-0.8322558403015137,-0.8183122621099708
4524,5700,5698,0,-0.43777387430971215,-0.4487745463848114,-0.4716940133840377,-0.48009249567985535,-0.46614891748831244
4525,5701,5699,0,0.4764206797807877,0.4706054627895355,0.4476859957903092,0.48739805817604065,0.5013416363675836
4526,5702,5700,0,0.42875162670308997,0.4900422692298889,0.4671228022306626,0.43225589394569397,0.4461994721372369
4527,5703,5701,0,1.4034806580274766,1.4471755027770996,1.4242560357778733,1.3326759338378906,1.3466195120294335
4528,5704,5702,0,0.3817416519849961,0.43246570229530334,0.40954623529607703,0.36241552233695984,0.37635910052850274
4529,5705,5703,0,0.4719908029764359,0.44666624069213867,0.42374677369291236,0.39070793986320496,0.40465151805474786
4530,5708,5706,0,-2.3613222747117812,-2.346409797668457,-2.3693292646676833,-2.2990882396698,-2.285144661478257
4531,5709,5707,0,2.459040531608409,2.5118019580841064,2.48888249108488,2.3681766986846924,2.3821202768762353
4532,5710,5708,0,0.5512635798185532,0.5830419659614563,0.56012249896223,0.4958331286907196,0.5097767068822625
4533,5711,5709,0,-1.3454326300889785,-1.373448133468628,-1.3963676004678542,-1.3494712114334106,-1.3355276332418677
4534,5712,5710,0,-0.14461657991712643,-0.06650032848119736,-0.0894197954804237,-0.22622892260551453,-0.21228534441397162
4535,5713,5711,0,0.044868940207309006,0.059070952236652374,0.036151485237426034,0.07868602871894836,0.09262960691049127
4536,5714,5712,0,-2.287487855461293,-2.308225393295288,-2.3311448602945144,-2.278059244155884,-2.264115665964341
4537,5715,5713,0,-1.144899120834523,-1.1436656713485718,-1.166585138347798,-1.1244816780090332,-1.1105380998174903
4538,5716,5714,0,0.9261414499014085,0.9515324234962463,0.92861295649702,0.9090261459350586,0.9229697241266015
4539,5717,5715,0,-2.051558843162709,-2.0759618282318115,-2.098881295231038,-2.038925886154175,-2.024982307962632
4540,5718,5716,0,0.9968178362577622,1.0202885866165161,0.9973691196172898,0.9335485696792603,0.9474921478708032
4541,5719,5717,0,-0.5584844260484512,-0.5746819376945496,-0.5976014046937759,-0.5315265655517578,-0.5175829873602149
4542,5720,5718,0,1.8214165062635606,1.834928035736084,1.8120085687368577,1.8218190670013428,1.8357626451928857
4543,5721,5719,0,1.1978296131818955,1.2651312351226807,1.2422117681234544,1.2082072496414185,1.2221508278329614
4544,5722,5720,0,0.05993202114397931,0.04165805131196976,0.018738584312743417,0.045228078961372375,0.05917165715291528
4545,5723,5721,0,1.350216516944713,1.399644374847412,1.3767249078481858,1.312222957611084,1.326166535802627
4546,5724,5722,0,1.7724387736051743,1.8275237083435059,1.8046042413442795,1.7423650026321411,1.756308580823684
4547,5725,5723,-1,-1.335733104067105,-1.3461198806762695,-1.3690393476754958,-1.3385597467422485,-1.3246161685507056
4548,5727,5725,0,-1.1857184081346328,-1.146427035331726,-1.1693465023309524,-1.2216709852218628,-1.2077274070303199
4549,5728,5726,0,1.404822000953502,1.429635763168335,1.4067162961691086,1.4102369546890259,1.4241805328805688
4550,5729,5727,0,0.2540299684732621,0.31299400329589844,0.2900745362966721,0.1858304738998413,0.1997740520913842
4551,5730,5728,0,0.8819881767957871,0.8968967795372009,0.8739773125379746,0.8534111976623535,0.8673547758538964
4552,5731,5729,0,-0.017089680117421867,0.053780920803546906,0.030861453804320566,0.002021417021751404,0.01596499521329431
4553,5732,5730,0,-3.5957900195390518,-3.576305627822876,-3.5992250948221023,-3.6382110118865967,-3.6242674336950538
4554,5733,5731,0,-3.1677213816911514,-3.10862398147583,-3.1315434484750564,-3.175950050354004,-3.162006472162461
4555,5734,5732,0,-3.370930305030995,-3.3538033962249756,-3.376722863224202,-3.2940289974212646,-3.2800854192297217
4556,5735,5733,0,0.3925852865904038,0.40708521008491516,0.38416574308568885,0.38003823161125183,0.39398180980279474
4557,5737,5735,0,0.4195187778204148,0.42928656935691833,0.406367102357692,0.3542742133140564,0.3682177915055993
4558,5738,5736,0,-2.447731366661244,-2.382672071456909,-2.4055915384561355,-2.382002115249634,-2.368058537058091
4559,5739,5737,0,0.8641096443861191,0.8381569981575012,0.8152375311582749,0.8262037038803101,0.840147282071853
4560,5740,5738,0,0.2125945330589478,0.21608051657676697,0.19316104957754063,0.20241700112819672,0.21636057931973962
4561,5741,5739,0,-3.4058688788682754,-3.418320417404175,-3.441239884403401,-3.4070165157318115,-3.3930729375402686
4562,5743,5741,0,1.7470080942838853,1.8105276823043823,1.787608215305156,1.7378065586090088,1.7517501368005517
4563,5744,5742,0,1.656365642043895,1.6749523878097534,1.652032920810527,1.5911372900009155,1.6050808681924584
4564,5745,5743,0,0.20738419303590702,0.25698626041412354,0.2340667934148972,0.2068273425102234,0.2207709207017663
4565,5746,5744,0,-5.148359170463735,-5.233761310577393,-5.256680777576619,-5.184317588806152,-5.170374010614609
4566,5748,5746,0,0.8142641873090928,0.8665044903755188,0.8435850233762925,0.8593178987503052,0.8732614769418481
4567,5749,5747,0,0.8029310197561448,0.8987119197845459,0.8757924527853196,0.7329471111297607,0.7468906893213036
4568,5750,5748,0,0.6656734437673753,0.6736262440681458,0.6507067770689194,0.5985928773880005,0.6125364555795434
4569,5751,5749,0,0.217265659663028,0.18658441305160522,0.16366494605237888,0.17598581314086914,0.18992939133241205
4570,5752,5750,0,-0.7526535897523696,-0.7706336379051208,-0.7935531049043472,-0.7492508888244629,-0.73530731063292
4571,5754,5752,0,1.6694758028715317,1.7064586877822876,1.6835392207830613,1.6036810874938965,1.6176246656854394
4572,5755,5753,0,-3.155309787300282,-3.198364019393921,-3.221283486393147,-3.1304774284362793,-3.1165338502447364
4573,5756,5754,0,0.7757853359907334,0.8372437953948975,0.8143243283956711,0.7518670558929443,0.7658106340844872
4574,5757,5755,0,1.7561136574476426,1.7774969339370728,1.7545774669378464,1.7410019636154175,1.7549455418069604
4575,5758,5756,0,-0.46616541436021874,-0.42711934447288513,-0.45003881147211144,-0.4727354347705841,-0.4587918565790412
4576,5759,5757,0,1.3946451039045518,1.4036192893981934,1.380699822398967,1.3541496992111206,1.3680932774026635
4577,5760,5758,0,-2.6424695163041885,-2.67378306388855,-2.696702530887776,-2.635544538497925,-2.621600960306382
4578,5762,5760,0,-0.0014681038920367978,0.04256940633058548,0.01964993933135914,-0.009892560541629791,0.004051017649913113
4579,5763,5761,0,1.3550354332655137,1.4486337900161743,1.425714323016948,1.3217417001724243,1.3356852783639672
4580,5764,5762,0,2.3122116417616074,2.374213457107544,2.3512939901083176,2.2731692790985107,2.2871128572900536
4581,5765,5763,0,0.900435695144481,0.9147406816482544,0.8918212146490281,0.922157883644104,0.9361014618356469
4582,5766,5764,0,-1.2537854819566543,-1.2535276412963867,-1.276447108295613,-1.2144657373428345,-1.2005221591512916
4583,5767,5765,0,1.7110855669706528,1.759777307510376,1.7368578405111497,1.6948662996292114,1.7088098778207543
4584,5768,5766,0,1.604904541465587,1.6419730186462402,1.619053551647014,1.5809813737869263,1.5949249519784692
4585,5770,5768,0,1.3846541733473008,1.4397066831588745,1.4167872161596482,1.396537184715271,1.410480762906814
4586,5773,5771,0,-0.867809048202687,-0.8820537328720093,-0.9049731998712356,-0.9201686382293701,-0.9062250600378272
4587,5774,5772,0,1.145648965331859,1.192528247833252,1.1696087808340256,1.125613808631897,1.1395573868234399
4588,5776,5774,0,0.6438776941030686,0.6452893614768982,0.6223698944776719,0.597740650177002,0.6116842283685449
4589,5778,5776,0,1.864175209495372,1.923924207687378,1.9010047406881516,1.8495932817459106,1.8635368599374535
4590,5779,5777,0,2.281472095939464,2.283853769302368,2.260934302303142,2.2658658027648926,2.2798093809564355
4591,5781,5779,0,1.4077080578535264,1.4002172946929932,1.3772978276937669,1.3683513402938843,1.3822949184854272
4592,5783,5781,0,0.042467789444274186,0.04429907351732254,0.0213796065180962,0.012692973017692566,0.02663655120923547
4593,5785,5783,0,1.8224244208067124,1.8635318279266357,1.8406123609274094,1.8063796758651733,1.8203232540567162
4594,5786,5784,0,0.46874789306814124,0.49687886238098145,0.47395939538175513,0.39178207516670227,0.4057256533582452
4595,5787,5785,0,-2.605975976494008,-2.6354010105133057,-2.658320477512532,-2.589162588119507,-2.575219009927964
4596,5788,5786,0,0.8201227874487107,0.835354208946228,0.8124347419470017,0.8451294898986816,0.8590730680902245
4597,5789,5787,0,1.8695370049207871,1.9391398429870605,1.9162203759878342,1.8922141790390015,1.9061577572305444
4598,5790,5788,0,-1.4279460816652114,-1.4133610725402832,-1.4362805395395095,-1.4204320907592773,-1.4064885125677344
4599,5792,5790,0,1.678020367118663,1.7011959552764893,1.678276488277263,1.6629084348678589,1.6768520130594018
4600,5793,5791,0,-1.281306019333058,-1.4674240350723267,-1.490343502071553,-1.3683737516403198,-1.354430173448777
4601,5794,5792,0,1.17665720889265,1.2089327573776245,1.1860132903783982,1.2390471696853638,1.2529907478769067
4602,5795,5793,0,0.9615841002195542,0.9681881666183472,0.9452686996191209,0.9511096477508545,0.9650532259423974
4603,5796,5794,0,1.5761557907789414,1.5988155603408813,1.575896093341655,1.6236976385116577,1.6376412167032006
4604,5797,5795,0,-3.821746936348134,-3.9037411212921143,-3.9266605882913406,-3.7303740978240967,-3.7164305196325538
4605,5798,5796,0,1.0040203423231309,0.981846809387207,0.9589273423879807,0.9795198440551758,0.9934634222467187
4606,5799,5797,0,1.6025343031614487,1.6969318389892578,1.6740123719900315,1.6183644533157349,1.6323080315072778
4607,5800,5798,0,0.8494762272566025,0.825112521648407,0.8021930546491807,0.8309842348098755,0.8449278130014184
4608,5801,5799,0,-0.8450530677110488,-0.7754618525505066,-0.7983813195497329,-0.828490138053894,-0.8145465598623511
4609,5804,5802,0,0.6899861187666123,0.6970475912094116,0.6741281242101853,0.679853081703186,0.6937966598947289
4610,5806,5804,0,-1.4041632323533828,-1.4542837142944336,-1.47720318129366,-1.437328577041626,-1.423384998850083
4611,5807,5805,0,1.0322120279997056,1.0538443326950073,1.030924865695781,0.9697246551513672,0.9836682333429101
4612,5808,5806,0,1.5144275517194932,1.556617021560669,1.5336975545614426,1.4947177171707153,1.5086612953622582
4613,5809,5807,0,-1.412918797043019,-1.3354318141937256,-1.358351281192952,-1.3907619714736938,-1.376818393282151
4614,5811,5809,0,-2.681664815452748,-2.650134325027466,-2.673053792026692,-2.626472234725952,-2.6125286565344092
4615,5813,5811,0,-1.6394498257905776,-1.6671431064605713,-1.6900625734597976,-1.6378422975540161,-1.6238987193624732
4616,5814,5812,0,1.8105840773313706,1.869611382484436,1.8466919154852097,1.8038150072097778,1.8177585854013207
4617,5816,5814,0,-5.287783494499379,-5.3670454025268555,-5.389964869526082,-5.1821608543396,-5.168217276148057
4618,5817,5815,0,2.119003424140758,2.1277503967285156,2.1048309297292893,2.076570749282837,2.09051432747438
4619,5818,5816,0,-1.5078831820756728,-1.465651512145996,-1.4885709791452224,-1.4798223972320557,-1.4658788190405128
4620,5819,5817,0,0.44659892627889564,0.46667346358299255,0.44375399658376624,0.39524388313293457,0.4091874613244775
4621,5821,5819,0,-0.806111267116719,-0.7577974796295166,-0.7807169466287429,-0.8087480068206787,-0.7948044286291358
4622,5823,5821,0,-3.5029193072587783,-3.441164970397949,-3.4640844373971755,-3.424469470977783,-3.4105258927862403
4623,5824,5822,0,2.211913713905162,2.241894245147705,2.2189747781484788,2.1441538333892822,2.158097411580825
4624,5825,5823,0,-0.7838286071092422,-0.761267900466919,-0.7841873674661453,-0.7650501728057861,-0.7511065946142432
4625,5826,5824,0,-0.7504879741937454,-0.7186411619186401,-0.7415606289178664,-0.6873791217803955,-0.6734355435888526
4626,5827,5825,0,0.1257046551435654,0.1651044487953186,0.14218498179609226,0.1209632158279419,0.1349067940194848
4627,5828,5826,0,2.2954126686781113,2.3286349773406982,2.305715510341472,2.2732982635498047,2.2872418417413476
4628,5829,5827,-1,0.6191457030007661,0.6575824618339539,0.6346629948347275,0.579017162322998,0.592960740514541
4629,5830,5828,0,-0.7492502837449844,-0.7298418283462524,-0.7527612953454788,-0.7248899936676025,-0.7109464154760596
4630,5831,5829,0,-4.774529328849965,-4.853166580200195,-4.876086047199422,-4.844423770904541,-4.830480192712998
4631,5834,5832,-1,2.328693222684604,2.4151337146759033,2.392214247676677,2.313084840774536,2.327028418966079
4632,5835,5833,0,2.177212366554088,2.177802801132202,2.154883334132976,2.1449697017669678,2.1589132799585107
4633,5836,5834,0,-0.029247431364708663,0.030974246561527252,0.008054779562300912,-0.03321950137615204,-0.019275923184609134
4634,5837,5835,0,-1.213260880020314,-1.1128438711166382,-1.1357633381158645,-1.207634449005127,-1.193690870813584
4635,5838,5836,0,1.033091077300853,1.080886960029602,1.0579674930303757,1.017701506614685,1.031645084806228
4636,5840,5838,0,-1.1714697985917861,-1.1451970338821411,-1.1681165008813674,-1.1935882568359375,-1.1796446786443946
4637,5842,5840,0,1.6793842406004136,1.7208592891693115,1.6979398221700852,1.6761540174484253,1.6900975956399682
4638,5843,5841,0,1.2858771176069443,1.3565881252288818,1.3336686582296555,1.2994227409362793,1.3133663191278222
4639,5844,5842,-1,1.6150998589227021,1.666610836982727,1.6436913699835007,1.6360379457473755,1.6499815239389184
4640,5845,5843,0,-1.833750119713002,-1.8101813793182373,-1.8331008463174636,-1.7481764554977417,-1.7342328773061988
4641,5846,5844,0,0.2250962794750397,0.24567478895187378,0.22275532195264744,0.22422923147678375,0.23817280966832666
4642,5847,5845,-1,-1.3810979607870757,-1.390676736831665,-1.4135962038308914,-1.4290491342544556,-1.4151055560629127
4643,5848,5846,0,2.546613583061046,2.580735445022583,2.5578159780233567,2.5028560161590576,2.5167995943506005
4644,5850,5848,0,-1.7340971141130264,-1.757659912109375,-1.7805793791086013,-1.7324330806732178,-1.7184895024816749
4645,5851,5849,0,2.3025542587965195,2.3787944316864014,2.355874964687175,2.2570745944976807,2.2710181726892236
4646,5852,5850,0,2.271455893012828,2.264159917831421,2.2412404508321946,2.1965060234069824,2.2104496015985253
4647,5854,5852,0,0.9751677007406419,1.0039260387420654,0.9810065717428391,0.9854342937469482,0.9993778719384911
4648,5855,5853,0,-0.3461486010820205,-0.331986665725708,-0.3549061327249343,-0.38192856311798096,-0.36798498492643805
4649,5856,5854,0,0.05072242552334714,0.0398050919175148,0.01688562491828846,-0.0019940435886383057,0.011949534602904599
4650,5857,5855,0,1.7429020495145982,1.7608366012573242,1.737917134258098,1.6622705459594727,1.6762141241510156
4651,5858,5856,0,-0.1768506973058517,-0.1721819043159485,-0.19510137131517483,-0.16631212830543518,-0.15236855011389228
4652,5859,5857,0,-1.0963627009660537,-1.0021371841430664,-1.0250566511422927,-1.040901780128479,-1.026958201936936
4653,5860,5858,0,-0.015887409728818656,0.02619834989309311,0.003278882893866769,-0.018972627818584442,-0.0050290496270415375
4654,5862,5860,0,0.1935091556041901,0.19067496061325073,0.1677554936140244,0.18463186919689178,0.1985754473884347
4655,5863,5861,0,1.1185572237699692,1.173632264137268,1.1507127971380418,1.0862866640090942,1.1002302422006371
4656,5864,5862,0,0.24557276973421024,0.2696905732154846,0.24677110621625828,0.27725160121917725,0.29119517941072015
4657,5865,5863,0,1.7348469586103623,1.7741222381591797,1.7512027711599534,1.687259316444397,1.7012028946359399
4658,5866,5864,0,-1.3320889382631118,-1.2361843585968018,-1.259103825596028,-1.2321857213974,-1.218242143205857
4659,5867,5865,0,-1.9342125563890273,-1.949944257736206,-1.9728637247354324,-1.8800874948501587,-1.8661439166586158
4660,5868,5866,0,1.6722683996885483,1.7103897333145142,1.6874702663152878,1.6636908054351807,1.6776343836267236
4661,5869,5867,0,0.7546473235815232,0.7752884030342102,0.7523689360349839,0.6735676527023315,0.6875112308938744
4662,5871,5869,0,0.42840505549604346,0.42691460251808167,0.40399513551885535,0.43053141236305237,0.4444749905545953
4663,5872,5870,-1,1.3167789694497407,1.3486955165863037,1.3257760495870774,1.252742052078247,1.26668563026979
4664,5873,5871,0,-0.26477964809244225,-0.1277313232421875,-0.15065079024141384,-0.2512834966182709,-0.23733991842672797
4665,5875,5873,0,1.6129314989774888,1.6539525985717773,1.631033131572551,1.5824030637741089,1.5963466419656518
4666,5876,5874,0,1.362488517257518,1.3507466316223145,1.3278271646230881,1.26673424243927,1.280677820630813
4667,5877,5875,0,0.24452612707311558,0.27452754974365234,0.25160808274442603,0.25188660621643066,0.26583018440797357
4668,5878,5876,0,0.2082471937864487,0.2805168032646179,0.2575973362653916,0.18484601378440857,0.19878959197595147
4669,5879,5877,0,-0.5891926198274429,-0.5540496706962585,-0.5769691376954849,-0.5551831722259521,-0.5412395940344092
4670,5880,5878,0,-1.0817472844392593,-1.0891952514648438,-1.11211471846407,-1.1260762214660645,-1.1121326432745215
4671,5881,5879,0,0.9929548592298691,1.043109655380249,1.0201901883810227,0.992033839225769,1.005977417417312
4672,5882,5880,0,-1.5148951916963393,-1.4687671661376953,-1.4916866331369216,-1.5104156732559204,-1.4964720950643775
4673,5883,5881,0,0.6170497030943101,0.7326661944389343,0.709746727439708,0.680030107498169,0.6939736856897118
4674,5884,5882,0,2.022519239875621,2.051823139190674,2.0289036721914475,1.9948471784591675,2.0087907566507104
4675,5885,5883,0,-1.4108300118715102,-1.4630215167999268,-1.485940983799153,-1.3515052795410156,-1.3375617013494727
4676,5886,5884,0,-0.46526511600320886,-0.43367621302604675,-0.45659568002527307,-0.44088491797447205,-0.42694133978292914
4677,5887,5885,0,-4.79860769799059,-4.932356834411621,-4.955276301410848,-4.657142162322998,-4.643198584131455
4678,5888,5886,0,3.0217808575361436,3.036278009414673,3.0133585424154465,3.0170810222625732,3.031024600454116
4679,5889,5887,0,0.5717237086027329,0.6076288819313049,0.5847094149320786,0.57387375831604,0.5878173365075829
4680,5890,5888,0,2.4101313442915147,2.466383934020996,2.44346446702177,2.4152090549468994,2.4291526331384423
4681,5891,5889,0,1.3934633822172349,1.4268604516983032,1.403940984699077,1.3661125898361206,1.3800561680276635
4682,5892,5890,0,1.5756669134824937,1.6084163188934326,1.5854968518942063,1.5580689907073975,1.5720125688989404
4683,5893,5891,0,1.2043172211378281,1.2030431032180786,1.1801236362188523,1.1662739515304565,1.1802175297219994
4684,5894,5892,0,-0.693797281292134,-0.745255172252655,-0.7681746392518813,-0.6868438720703125,-0.6729002938787696
4685,5895,5893,0,-3.1393259673387344,-3.1699650287628174,-3.1928844957620437,-3.101635217666626,-3.087691639475083
4686,5896,5894,0,-1.6019527821809585,-1.655343770980835,-1.6782632379800613,-1.5866196155548096,-1.5726760373632667
4687,5897,5895,0,1.0381596178739732,1.0466426610946655,1.0237231940954392,1.0401575565338135,1.0541011347253564
4688,5898,5896,0,0.0075901147901480176,0.008299745619297028,-0.014619721379929312,-0.0639166384935379,-0.049973060301995
4689,5899,5897,0,-0.3636055796415145,-0.37006470561027527,-0.3929841726095016,-0.3248569071292877,-0.3109133289377448
4690,5901,5899,0,1.374648341628856,1.3915444612503052,1.3686249942510789,1.3265063762664795,1.3404499544580224
4691,5902,5900,0,1.081526169273204,1.1179871559143066,1.0950676889150803,1.0479542016983032,1.0618977798898461
4692,5903,5901,0,-0.01185658974652839,0.008824475109577179,-0.014094991889649161,-0.022323377430438995,-0.00837979923889609
4693,5905,5903,0,1.2822126240461533,1.3306586742401123,1.307739207240886,1.2908366918563843,1.3047802700479272
4694,5906,5904,0,0.07649673679763722,0.1475512981414795,0.12463183114225315,0.06757110357284546,0.08151468176438836
4695,5907,5905,0,0.8304668755262559,0.8535776734352112,0.8306582064359849,0.8279033899307251,0.841846968122268
4696,5908,5906,0,-0.7944651155740554,-0.8399515151977539,-0.8628709821969802,-0.8719617128372192,-0.8580181346456763
4697,5909,5907,0,0.02653966071004319,0.024675510823726654,0.001756043824500314,0.031570304185152054,0.04551388237669496
4698,5911,5909,0,1.7407814354627793,1.786015510559082,1.7630960435598557,1.7088582515716553,1.7228018297631982
4699,5913,5911,0,1.3689979405134385,1.438051700592041,1.4151322335928147,1.4149507284164429,1.4288943066079858
4700,5915,5913,0,2.4017709583967393,2.4137706756591797,2.3908512086599534,2.3741633892059326,2.3881069673974755
4701,5916,5914,0,-2.415389409568959,-2.4734818935394287,-2.496401360538655,-2.3986971378326416,-2.3847535596410987
4702,5917,5915,0,1.8267958254545396,1.6757316589355469,1.6528121919363206,1.6815091371536255,1.6954527153451684
4703,5920,5918,0,-0.023398932349735023,-0.0045313760638237,-0.02745084306305004,0.031645551323890686,0.04558912951543359
4704,5921,5919,0,1.5822374911039536,1.6253877878189087,1.6024683208196824,1.5346544981002808,1.5485980762918237
4705,5922,5920,0,0.8359195680349534,0.8258340954780579,0.8029146284788315,0.8097333908081055,0.8236769689996484
4706,5923,5921,0,-2.6288722663194473,-2.6180546283721924,-2.6409740953714187,-2.6690728664398193,-2.6551292882482764
4707,5924,5922,0,-0.04065391635602069,-0.006941281259059906,-0.029860748258286246,-0.08062441647052765,-0.06668083827898474
4708,5925,5923,0,0.7607112021177476,0.8497135043144226,0.8267940373151963,0.7715234756469727,0.7854670538385156
4709,5926,5924,0,-0.2513096242219741,-0.2593318521976471,-0.2822513191968734,-0.24371600151062012,-0.2297724233190772
4710,5927,5925,0,-1.5742632060319717,-1.6153416633605957,-1.638261130359822,-1.548508882522583,-1.53456530433104
4711,5928,5926,0,0.29646349856550147,0.32394176721572876,0.30102230021650245,0.2993905246257782,0.3133341028173211
4712,5929,5927,-1,-1.654477286653775,-1.7159336805343628,-1.738853147533589,-1.6585683822631836,-1.6446248040716407
4713,5930,5928,0,1.0979722828596299,1.148347020149231,1.1254275531500046,1.0270004272460938,1.0409440054376367
4714,5931,5929,0,0.78159786173994,0.8170130848884583,0.7940936178892319,0.8157738447189331,0.829717422910476
4715,5932,5930,0,2.05962098548109,2.0776820182800293,2.054762551280803,2.0182318687438965,2.0321754469354394
4716,5933,5931,0,-0.12395072570150448,-0.14390578866004944,-0.16682525565927578,-0.10957489907741547,-0.09563132088587256
4717,5935,5933,0,1.5022643894880479,1.5786083936691284,1.555688926669902,1.4726554155349731,1.486598993726516
4718,5936,5934,0,1.9433150381773179,2.0153331756591797,1.9924137086599534,1.9600094556808472,1.97395303387239
4719,5938,5936,0,3.0090168804853623,2.9745824337005615,2.951662966701335,2.9420886039733887,2.9560321821649316
4720,5940,5938,0,0.5197895259588425,0.5124816298484802,0.4895621628492539,0.44381552934646606,0.45775910753800897
4721,5942,5940,0,-0.5329381137162978,-0.5603834986686707,-0.583302965667897,-0.577293872833252,-0.563350294641709
4722,5943,5941,0,-0.2100250034601028,-0.23053324222564697,-0.2534527092248733,-0.23159310221672058,-0.21764952402517768
4723,5944,5942,0,-0.17874828567808224,-0.13923600316047668,-0.16215547015970302,-0.2151043713092804,-0.2011607931177375
4724,5945,5943,0,-0.5456585793763931,-0.5458641648292542,-0.5687836318284805,-0.5454180240631104,-0.5314744458715674
4725,5947,5945,0,2.4856764168470566,2.5251686573028564,2.50224919030363,2.4326114654541016,2.4465550436456445
4726,5948,5946,0,0.5918097586363023,0.6463375091552734,0.6234180421560471,0.5545260310173035,0.5684696092088464
4727,5949,5947,0,1.7205858320921128,1.7419726848602295,1.7190532178610032,1.681136131286621,1.695079709478164
4728,5950,5948,0,-0.8175578623086746,-0.7870113253593445,-0.8099307923585708,-0.7988287210464478,-0.7848851428549048
4729,5951,5949,0,3.195394167396373,3.213163137435913,3.1902436704366868,3.1590113639831543,3.172954942174697
4730,5952,5950,-1,1.4247916456887544,1.5113940238952637,1.4884745568960374,1.3999996185302734,1.4139431967218163
4731,5954,5952,0,1.8431594462125962,1.8958210945129395,1.8729016275137131,1.829170823097229,1.843114401288772
4732,5956,5954,0,3.137807735893077,3.1776316165924072,3.154712149593181,3.1049766540527344,3.1189202322442773
4733,5958,5956,0,1.42468810984785,1.4433320760726929,1.4204126090734666,1.3778477907180786,1.3917913689096215
4734,5959,5957,0,2.128731855842418,2.148723840713501,2.1258043737142747,2.1145007610321045,2.1284443392236474
4735,5960,5958,0,-1.9595045953065688,-1.6400058269500732,-1.6629252939492996,-1.9894589185714722,-1.9755153403799293
4736,5961,5959,0,-0.6815455465585525,-0.694220244884491,-0.7171397118837173,-0.7502013444900513,-0.7362577662985084
4737,5962,5960,0,-0.9990421443254287,-0.9872803092002869,-1.0101997761995132,-0.9468353986740112,-0.9328918204824683
4738,5963,5961,0,-2.151261678245717,-2.1331732273101807,-2.156092694309407,-2.149531126022339,-2.135587547830796
4739,5964,5962,0,1.2628839106291,1.2796483039855957,1.2567288369863694,1.2486780881881714,1.2626216663797143
4740,5965,5963,0,1.7366229386060898,1.7691388130187988,1.7462193460195725,1.6617830991744995,1.6757266773660424
4741,5966,5964,0,2.145511993858165,2.180563449859619,2.157643982860393,2.139728546142578,2.153672124334121
4742,5969,5967,0,0.3511918873518174,0.3707761764526367,0.3478567094534104,0.377101331949234,0.3910449101407769
4743,5970,5968,0,-0.3979575245649154,-0.4635673463344574,-0.4864868133336837,-0.4030130207538605,-0.38906944256231757
4744,5973,5971,0,-0.1626135020524795,-0.09599185734987259,-0.11891132434909893,-0.14761698246002197,-0.13367340426847907
4745,5974,5972,0,0.6961760015218919,0.6859285831451416,0.6630091161459153,0.6062585115432739,0.6202020897348168
4746,5975,5973,0,-1.7181605010301406,-1.6447184085845947,-1.667637875583821,-1.6998836994171143,-1.6859401212255714
4747,5976,5974,0,1.7039216847150986,1.7491518259048462,1.7262323589056199,1.7274279594421387,1.7413715376336816
4748,5978,5976,0,1.4726305098264878,1.482870101928711,1.4599506349294846,1.4524219036102295,1.4663654818017724
4749,5979,5977,0,1.058515676948375,1.0518157482147217,1.0288962812154954,1.039081335067749,1.053024913259292
4750,5980,5978,0,0.12812242815191197,0.16098272800445557,0.13806326100522923,0.1024198830127716,0.11636346120431451
4751,5981,5979,0,1.7306209892957871,1.7968685626983643,1.773949095699138,1.681699275970459,1.695642854162002
4752,5982,5980,0,-0.6337784438401992,-0.6432172060012817,-0.666136673000508,-0.6429452896118164,-0.6290017114202735
4753,5983,5981,0,-2.1210368781358535,-2.146388292312622,-2.1693077593118484,-2.121877431869507,-2.107933853677964
4754,5984,5982,0,1.3058896155088608,1.3398833274841309,1.3169638604849045,1.268715739250183,1.282659317441726
4755,5985,5983,0,-3.4578519969255264,-3.447596788406372,-3.4705162554055984,-3.4783694744110107,-3.464425896219468
4756,5987,5985,0,0.7945008964269822,0.8718759417533875,0.8489564747541611,0.8027365207672119,0.8166800989587548
4757,5988,5986,0,-1.2552391200334365,-1.292189359664917,-1.3151088266641433,-1.2938839197158813,-1.2799403415243384
4758,5989,5987,0,-2.3852344661027725,-2.360539436340332,-2.3834589033395583,-2.34789776802063,-2.333954189829087
4759,5990,5988,0,0.6788836211889451,0.6606512665748596,0.6377317995756333,0.7266502380371094,0.7405938162286523
4760,5991,5989,0,-0.41611756971185754,-0.4367404878139496,-0.4596599548131759,-0.4427759349346161,-0.4288323567430732
4761,5992,5990,0,0.6018782944410508,0.6207525730133057,0.5978331060140794,0.5573371648788452,0.5712807430703881
4762,5993,5991,0,1.5020704359739487,1.5000985860824585,1.4771791190832322,1.4467304944992065,1.4606740726907494
4763,5994,5992,0,1.5160842032163804,1.5898230075836182,1.5669035405843919,1.550627589225769,1.564571167417312
4764,5995,5993,0,2.3492771477430527,2.435429334640503,2.4125098676412766,2.416473627090454,2.430417205281997
4765,5996,5994,0,-1.4937549739152725,-1.4609959125518799,-1.4839153795511062,-1.4909899234771729,-1.47704634528563
4766,5997,5995,0,2.383926758262462,2.4121248722076416,2.3892054052084153,2.3744099140167236,2.3883534922082665
4767,5998,5996,0,-0.9451337962419326,-0.930963933467865,-0.9538834004670913,-0.9679266214370728,-0.9539830432455298
4768,6001,5999,0,-2.5850795417100723,-2.5983989238739014,-2.6213183908731277,-2.515477418899536,-2.5015338407079932
4769,6003,6001,0,-0.426469138172322,-0.4628971517086029,-0.4858166187078292,-0.4578724205493927,-0.4439288423578498
4770,6004,6002,0,-0.9192677645952041,-0.8866956830024719,-0.9096151500016982,-0.8976720571517944,-0.8837284789602515
4771,6005,6003,0,2.0964380593031113,2.1007306575775146,2.0778111905782883,2.1049036979675293,2.118847276159072
4772,6008,6006,0,-0.061641784665041686,-0.04503854364156723,-0.06795801064079357,-0.08090953528881073,-0.06696595709726783
4773,6009,6007,0,1.9682314486234849,1.9719226360321045,1.9490031690328782,1.8959921598434448,1.9099357380349877
4774,6011,6009,0,-0.8817154674798782,-0.920681893825531,-0.9436013608247573,-0.8495036363601685,-0.8355600581686256
4775,6013,6011,0,-1.0598053841859634,-1.006725788116455,-1.0296452551156814,-1.1058108806610107,-1.0918673024694678
4776,6016,6014,0,-0.13054146459405971,-0.13838815689086914,-0.16130762389009548,-0.16525091230869293,-0.15130733411715003
4777,6018,6016,0,0.5425912828176682,0.5198867917060852,0.4969673247068589,0.5144927501678467,0.5284363283593896
4778,6019,6017,0,0.9223445744245713,0.945453405380249,0.9225339383810227,0.884021520614624,0.8979650988061669
4779,6020,6018,0,-0.6433933286935622,-0.6487374305725098,-0.6716568975717361,-0.6427371501922607,-0.6287935720007178
4780,6022,6020,0,-1.2830003409654434,-1.2703419923782349,-1.2932614593774612,-1.299358606338501,-1.285415028146958
4781,6024,6022,0,-2.1045623927385146,-2.170797109603882,-2.193716576603108,-2.1139447689056396,-2.1000011907140967
4782,6025,6023,0,0.0024654305997704245,0.07413948327302933,0.05122001627380299,-0.024216890335083008,-0.010273312143540103
4783,6026,6024,0,-1.7229298262864883,-1.701461911201477,-1.7243813782007034,-1.7117162942886353,-1.6977727160970923
4784,6027,6025,0,-1.2114503293306167,-1.2252625226974487,-1.248181989696675,-1.2285798788070679,-1.214636300615525
4785,6029,6027,0,-2.0179461150438125,-2.049651861190796,-2.072571328190022,-1.946426510810852,-1.9324829326193091
4786,6031,6029,0,0.7987802118986314,0.7477108836174011,0.7247914166181748,0.8345513343811035,0.8484949125726464
4787,6033,6031,0,-3.132096639183217,-3.125307083129883,-3.148226550129109,-3.1435089111328125,-3.1295653329412696
4788,6034,6032,0,2.6146134228437607,2.646517515182495,2.623598048183269,2.5657479763031006,2.5796915544946435
4789,6035,6033,0,0.19229049393827366,0.1757812201976776,0.15286175319845127,0.13735947012901306,0.15130304832055597
4790,6036,6034,0,-0.9359561710626418,-0.9599022269248962,-0.9828216939241226,-0.9341182708740234,-0.9201746926824805
4791,6037,6035,0,-2.965783706215077,-3.0162978172302246,-3.039217284229451,-2.933133125305176,-2.919189547113633
4792,6038,6036,0,1.5034053415983384,1.5110106468200684,1.488091179820842,1.5036691427230835,1.5176127209146264
4793,6039,6037,0,-1.162443271187001,-1.1468253135681152,-1.1697447805673415,-1.1767398118972778,-1.162796233705735
4794,6041,6039,0,0.6213287205427354,0.675759494304657,0.6528400273054307,0.6045758724212646,0.6185194506128076
4795,6043,6041,0,0.24013144681150364,0.2345229983329773,0.21160353133375095,0.23166002333164215,0.24560360152318506
4796,6044,6042,0,2.3984876961439316,2.4373667240142822,2.414447257015056,2.37379789352417,2.387741471715713
4797,6045,6043,0,1.7293944449155991,1.7886478900909424,1.765728423091716,1.6884320974349976,1.7023756756265405
4798,6046,6044,0,-0.5155315308839614,-0.45398059487342834,-0.47690006187265466,-0.47364017367362976,-0.45969659548208686
4799,6047,6045,-1,-1.0398456338217437,-1.0202155113220215,-1.0431349783212478,-1.045714020729065,-1.031770442537522
4800,6048,6046,0,-3.2528802066118057,-3.3540260791778564,-3.3769455461770828,-3.292541742324829,-3.278598164133286
4801,6049,6047,0,1.4831676573484605,1.4810993671417236,1.4581799001424973,1.4699076414108276,1.4838512196023705
4802,6050,6048,0,-2.3342236190110977,-2.346679925918579,-2.3695993929178054,-2.3665084838867188,-2.352564905695176
4803,6051,6049,0,1.0605812163084214,1.099100947380066,1.0761814803808396,1.0426515340805054,1.0565951122720483
4804,6052,6050,0,-1.1928297190934951,-1.1496914625167847,-1.172610929516011,-1.2015901803970337,-1.1876466022054908
4805,6053,6051,0,0.5466132254331773,0.5833969712257385,0.5604775042265122,0.5116243362426758,0.5255679144342187
4806,6054,6052,0,-1.8519920020372207,-1.8745416402816772,-1.8974611072809036,-1.8633474111557007,-1.8494038329641578
4807,6056,6054,0,1.6974008173673814,1.733924388885498,1.7110049218862717,1.6821073293685913,1.6960509075601342
4808,6058,6056,0,-3.1795161872178848,-3.201749324798584,-3.2246687917978103,-3.1043293476104736,-3.0903857694189307
4809,6059,6057,0,1.498373755904979,1.520462989807129,1.4975435228079026,1.4603379964828491,1.474281574674392
4810,6060,6058,0,0.7561733216970628,0.7598281502723694,0.7369086832731431,0.7645705938339233,0.7785141720254662
4811,6061,6059,0,0.1188287899821465,0.1326436996459961,0.10972423264676975,0.09946390986442566,0.11340748805596856
4812,6062,6060,0,-1.6126944928438003,-1.6018823385238647,-1.624801805523091,-1.5436903238296509,-1.529746745638108
4813,6064,6062,-1,-0.9818684342673003,-0.9386442303657532,-0.9615636973649795,-1.010316252708435,-0.9963726745168922
4814,6065,6063,0,-1.6308807044297988,-1.534580945968628,-1.5575004129678542,-1.7206450700759888,-1.7067014918844459
4815,6066,6064,0,-0.46485697319810937,-0.3868727684020996,-0.4097922354013259,-0.4527371823787689,-0.438793604187226
4816,6067,6065,0,1.3012099356382554,1.3038303852081299,1.2809109182089036,1.2873308658599854,1.3012744440515283
4817,6070,6068,0,-1.9012287764818008,-1.9220187664031982,-1.9449382334024246,-1.9267715215682983,-1.9128279433767554
4818,6071,6069,-1,-5.364425349550503,-5.4214372634887695,-5.444356730487996,-5.351474285125732,-5.3375307069341895
4819,6072,6070,0,0.681460926029033,0.6893508434295654,0.6664313764303391,0.6696341037750244,0.6835776819665673
4820,6074,6072,0,2.837136873695201,2.8214199542999268,2.7985004873007004,2.7826168537139893,2.796560431905532
4821,6077,6075,0,-2.9348345904619033,-2.8690054416656494,-2.8919249086648757,-2.916800022125244,-2.9028564439337012
4822,6078,6076,0,-0.7533298044473464,-0.7095527052879333,-0.7324721722871597,-0.678301215171814,-0.6643576369802711
4823,6079,6077,0,0.6127261013715928,0.6300631761550903,0.607143709155864,0.6083892583847046,0.6223328365762475
4824,6080,6078,0,1.0927063317030137,1.0501041412353516,1.0271846742361253,1.003109097480774,1.0170526756723168
4825,6081,6079,0,1.878694424125499,1.9061661958694458,1.8832467288702195,1.861078143119812,1.875021721311355
4826,6083,6081,0,1.4851144642561143,1.5564419031143188,1.5335224361150925,1.4292625188827515,1.4432060970742944
4827,6086,6084,0,0.8768174142568772,0.9055810570716858,0.8826615900724595,0.801694393157959,0.8156379713495019
4828,6087,6085,0,1.834130296203441,1.8199489116668701,1.7970294446676438,1.793676733970642,1.807620312162185
4829,6088,6086,0,1.979535111877269,2.037048578262329,2.014129111263103,1.968119740486145,1.982063318677688
4830,6089,6087,0,0.7282947392194932,0.7707439064979553,0.747824439498729,0.7497614622116089,0.7637050404031518
4831,6090,6088,0,-1.3790820746690566,-1.3117272853851318,-1.3346467523843581,-1.3099528551101685,-1.2960092769186256
4832,6091,6089,0,2.2044702858656113,2.2477478981018066,2.2248284311025803,2.1915841102600098,2.2055276884515527
4833,6092,6090,0,0.3779479951589768,0.4210306704044342,0.3981112034052079,0.3991646468639374,0.4131082250554803
4834,6093,6091,0,2.4458390564649766,2.4704346656799316,2.4475151986807053,2.393944501876831,2.407888080068374
4835,6094,6092,0,-1.0275242238313491,-0.9785317778587341,-1.0014512448579604,-0.9910173416137695,-0.9770737634222266
4836,6095,6093,0,-1.655685058143788,-1.6768746376037598,-1.699794104602986,-1.6394888162612915,-1.6255452380697486
4837,6096,6094,0,0.369172552320308,0.42900118231773376,0.40608171531850745,0.38040855526924133,0.39435213346078424
4838,6097,6095,0,2.1752914280622666,2.222424268722534,2.199504801723308,2.1820755004882812,2.196019078679824
4839,6098,6096,0,1.0455038637846177,1.146535873413086,1.1236164064138596,0.9764429330825806,0.9903865112741235
4840,6099,6097,0,1.764164099189586,1.7994725704193115,1.7765531034200852,1.7306383848190308,1.7445819630105737
4841,6100,6098,0,-3.407438388374501,-3.479299783706665,-3.5022192507058914,-3.387089490890503,-3.37314591269896
4842,6102,6100,0,-4.295712819603139,-4.316503524780273,-4.3394229917795,-4.184770584106445,-4.170827005914902
4843,6103,6101,0,0.24547297665769505,0.31807833909988403,0.2951588721006577,0.2364601492881775,0.2504037274797204
4844,6104,6102,0,2.2085996956556504,2.235542058944702,2.212622591945476,2.1877872943878174,2.2017308725793603
4845,6106,6104,0,2.426775822135753,2.43461537361145,2.411695906612224,2.3820431232452393,2.395986701436782
4846,6107,6105,0,-3.082797160652333,-3.1311967372894287,-3.154116204288655,-3.0710227489471436,-3.0570791707556007
4847,6108,6106,0,0.3619602114885514,0.41039830446243286,0.38747883746320655,0.4473242163658142,0.4612677945573571
4848,6109,6107,0,2.56127155730421,2.554307460784912,2.531387993785686,2.4992847442626953,2.513228322454238
4849,6111,6109,0,0.26239402005369117,0.22894230484962463,0.2060228378503983,0.25950390100479126,0.27344747919633416
4850,6112,6110,0,-0.4286577015191848,-0.39088118076324463,-0.41380064776247094,-0.4366961419582367,-0.4227525637666938
4851,6113,6111,0,1.284385809394664,1.358618974685669,1.3356995076864426,1.2987977266311646,1.3127413048227075
4852,6114,6112,-1,1.296330523175937,1.3260283470153809,1.3031088800161545,1.2710081338882446,1.2849517120797875
4853,6115,6113,0,1.4272611231535142,1.4717934131622314,1.4488739461630051,1.4002571105957031,1.414200688787246
4854,6116,6114,0,0.25366408536130836,0.31943055987358093,0.2965110928743546,0.252139151096344,0.2660827292878869
4855,6117,6115,0,3.4572128147810166,3.495136022567749,3.4722165555685227,3.3908321857452393,3.404775763936782
4856,6118,6116,0,-1.5908021836549575,-1.6110472679138184,-1.6339667349130447,-1.530700922012329,-1.5167573438207862
4857,6119,6117,0,1.803206691238231,1.8222706317901611,1.7993511647909348,1.774158239364624,1.788101817556167
4858,6120,6118,0,0.5978192181318467,0.6131525635719299,0.5902330965727036,0.597068190574646,0.6110117687661889
4859,6122,6120,0,-0.28169559529131005,-0.2974871098995209,-0.3204065768987472,-0.2995692789554596,-0.2856257007639167
4860,6124,6122,0,1.687904128524608,1.7437539100646973,1.720834443065471,1.6921895742416382,1.706133152433181
4861,6125,6123,0,1.2500059694975083,1.2324022054672241,1.2094827384679978,1.2483398914337158,1.2622834696252587
4862,6126,6124,0,1.999354848357982,2.047886610031128,2.0249671430319016,1.9747416973114014,1.9886852755029443
4863,6127,6125,0,1.3116471857755845,1.3142969608306885,1.2913774938314622,1.2716025114059448,1.2855460895974877
4864,6128,6126,0,0.9033075661390488,0.9221459031105042,0.8992264361112778,0.846939206123352,0.860882784314895
4865,6130,6128,0,0.7420516104429429,0.7533299326896667,0.7304104656904404,0.7145979404449463,0.7285415186364892
4866,6131,6129,0,-0.6275371222764785,-0.6088680624961853,-0.6317875294954116,-0.6454029083251953,-0.6314593301336524
4867,6132,6130,0,-3.32404600670641,-3.2669837474823,-3.289903214481526,-3.2461798191070557,-3.2322362409155128
4868,6133,6131,0,-0.05532065993254733,-0.04408278316259384,-0.06700225016182018,-0.0824970155954361,-0.06855343740389319
4869,6134,6132,0,0.4363257677286332,0.4811836779117584,0.4582642109125321,0.43797731399536133,0.45192089218690423
4870,6135,6133,-1,-0.8647453072836577,-0.9158290028572083,-0.9387484698564346,-0.9153174161911011,-0.9013738379995582
4871,6136,6134,0,0.8676747770040696,0.8927493691444397,0.8698299021452134,0.7991737127304077,0.8131172909219506
4872,6137,6135,0,0.15000360617334293,0.23118314146995544,0.2082636744707291,0.22496262192726135,0.23890620011880426
4873,6138,6136,0,-1.0369733481675918,-0.9788506627082825,-1.0017701297075088,-1.0020192861557007,-0.9880757079641578
4874,6139,6137,0,-1.116997828987294,-1.1750444173812866,-1.197963884380513,-1.1208971738815308,-1.1069535956899879
4875,6140,6138,0,2.5521882862775986,2.6095683574676514,2.586648890468425,2.530930995941162,2.544874574132705
4876,6143,6141,0,0.20371086308652805,0.20672747492790222,0.18380800792867588,0.1377403885126114,0.1516839667041543
4877,6144,6142,0,-0.36136459400957177,-0.32950013875961304,-0.35241960575883935,-0.3468094766139984,-0.3328658984224555
4878,6145,6143,0,0.144526743981189,0.18961206078529358,0.16669259378606724,0.2111678123474121,0.22511139053895501
4879,6146,6144,0,-2.2231863646776016,-2.2540948390960693,-2.2770143060952956,-2.222440004348755,-2.208496426157212
4880,6147,6145,0,0.7964625448911851,0.8230318427085876,0.8001123757093613,0.8513216972351074,0.8652652754266503
4881,6148,6146,0,-0.7587167530328567,-0.8621681928634644,-0.8850876598626907,-0.7703052759170532,-0.7563616977255103
4882,6149,6147,0,-0.001455980284006419,-0.029450617730617523,-0.05237008472984386,-0.050468116998672485,-0.03652453880712958
4883,6150,6148,0,-1.4883447795182998,-1.4739327430725098,-1.496852210071736,-1.5005544424057007,-1.4866108642141578
4884,6151,6149,0,-3.1449676661760146,-3.1193912029266357,-3.142310669925862,-3.2095787525177,-3.1956351743261573
4885,6152,6150,0,1.6652351708143418,1.7233023643493652,1.700382897350139,1.6508100032806396,1.6647535814721826
4886,6153,6151,0,0.8364595861166184,0.8807783126831055,0.8578588456838792,0.8474165201187134,0.8613600983102563
4887,6154,6152,0,0.4646462292402451,0.5134837627410889,0.49056429574186255,0.47113990783691406,0.48508348602845697
4888,6155,6153,0,1.2938317150800889,1.3223247528076172,1.2994052858083909,1.2243465185165405,1.2382900967080834
4889,6156,6154,0,-1.678497901466542,-1.749254822731018,-1.7721742897302444,-1.6636813879013062,-1.6497378097097632
4890,6157,6155,0,0.7650842160909836,0.7769101858139038,0.7539907188146775,0.7238337993621826,0.7377773775537255
4891,6158,6156,0,1.2549825997083848,1.264225721359253,1.2413062543600266,1.2047735452651978,1.2187171234567407
4892,6159,6157,0,-3.603583922889882,-3.6427080631256104,-3.6656275301248367,-3.572082281112671,-3.558138702921128
4893,6160,6158,0,-4.436854711082631,-4.430575370788574,-4.453494837787801,-4.343769550323486,-4.329825972131943
4894,6161,6159,0,-0.09414513250892712,-0.073795385658741,-0.09671485265796734,-0.1306421160697937,-0.1166985378782508
4895,6163,6161,0,1.1357741446226304,1.159387469291687,1.1364680022924607,1.160401701927185,1.174345280118728
4896,6164,6162,0,2.264079460594005,2.3048171997070312,2.281897732707805,2.2008183002471924,2.2147618784387353
4897,6165,6163,0,0.4157118291586106,0.4163890480995178,0.3934695811002915,0.4179482161998749,0.4318917943914178
4898,6166,6164,0,-4.0039704947740375,-4.002481460571289,-4.025400927570516,-3.971165418624878,-3.957221840433335
4899,6167,6165,0,-1.6114712863237197,-1.5981252193450928,-1.621044686344319,-1.5781729221343994,-1.5642293439428565
4900,6168,6166,0,-0.9369529991418655,-0.9536640048027039,-0.9765834718019302,-0.9739869832992554,-0.9600434051077125
4901,6169,6167,0,1.1677724213331406,1.1559913158416748,1.1330718488424485,1.0951060056686401,1.109049583860183
4902,6170,6168,0,-0.694102993515187,-0.6526238322257996,-0.6755432992250259,-0.8051950931549072,-0.7912515149633643
4903,6171,6169,0,2.192088970634288,2.2206361293792725,2.197716662380046,2.159633159637451,2.173576737828994
4904,6175,6173,0,0.6994712443082993,0.7050595283508301,0.6821400613516038,0.699327826499939,0.7132714046914819
4905,6176,6174,0,1.1803790421217148,1.2821881771087646,1.2592687101095383,1.1752411127090454,1.1891846909005883
4906,6177,6175,0,-0.8952020912439163,-0.7982856631278992,-0.8212051301271255,-0.8721640110015869,-0.858220432810044
4907,6179,6177,0,2.003767141792125,2.0042636394500732,1.981344172450847,1.975892424583435,1.989836002774978
4908,6180,6178,0,-2.131319633033925,-2.1350491046905518,-2.157968571689778,-2.1870181560516357,-2.173074577860093
4909,6181,6179,0,1.6117934078901475,1.634157657623291,1.6112381906240647,1.6010538339614868,1.6149974121530297
4910,6183,6181,0,1.8213126749723618,1.8987956047058105,1.8758761377065842,1.7638471126556396,1.7777906908471826
4911,6185,6183,0,0.5968026609152024,0.6170309782028198,0.5941115112035935,0.5557497143745422,0.5696932925660851
4912,6186,6184,0,-1.1282702594072158,-1.093328595161438,-1.1162480621606643,-1.1193448305130005,-1.1054012523214576
4913,6187,6185,0,1.1633147091596787,1.161879062652588,1.1389595956533616,1.1111925840377808,1.1251361622293237
4914,6189,6187,0,0.007762348464823244,-0.060931287705898285,-0.08385075470512462,0.010095924139022827,0.024039502330565732
4915,6190,6188,0,0.27118624159986426,0.30428895354270935,0.28136948654348304,0.24669325351715088,0.2606368317086938
4916,6191,6189,0,-0.3833667247564132,-0.4105110466480255,-0.4334305136472518,-0.423597127199173,-0.40965354900763007
4917,6192,6190,0,-4.811461320427114,-4.835544109344482,-4.858463576343709,-4.774616241455078,-4.760672663263535
4918,6195,6193,0,-3.3864456324846084,-3.449206590652466,-3.472126057651692,-3.383603572845459,-3.369659994653916
4919,6196,6194,0,1.387369641753978,1.404464840888977,1.3815453738897507,1.3401910066604614,1.3541345848520043
4920,6197,6195,-1,0.8095894571969331,0.8259119391441345,0.8029924721449082,0.8009440898895264,0.8148876680810693
4921,6198,6196,0,-2.1937063842088516,-2.1677017211914062,-2.1906211881906326,-2.216801881790161,-2.2028583035986182
4922,6199,6197,0,0.8046288580625718,0.8191858530044556,0.7962663860052293,0.7796790599822998,0.7936226381738427
4923,6202,6200,0,-0.08277752837246014,0.006191767752170563,-0.016727699247055777,-0.04322049021720886,-0.029276912025665958
4924,6203,6201,0,0.03359024757439542,-0.018691927194595337,-0.04161139419382168,0.016464680433273315,0.03040825862481622
4925,6204,6202,0,-0.2231352089912231,-0.24943968653678894,-0.27235915353601525,-0.22698310017585754,-0.21303952198431464
4926,6205,6203,0,-2.094677796867543,-2.0795276165008545,-2.102447083500081,-2.068927764892578,-2.054984186701035
4927,6206,6204,0,-0.586730471161061,-0.556473433971405,-0.5793929009706313,-0.6290438175201416,-0.6151002393285987
4928,6207,6205,0,-2.104851832893544,-2.1357922554016113,-2.1587117224008376,-2.0507757663726807,-2.0368321881811378
4929,6208,6206,0,1.6855987400739854,1.6431043148040771,1.6201848478048508,1.6515756845474243,1.6655192627389672
4930,6210,6208,0,0.041761429700202225,0.05933605879545212,0.03641659179622578,-0.02891486883163452,-0.014971290640091617
4931,6212,6210,0,0.5233460755079453,0.5457215309143066,0.5228020639150803,0.49267446994781494,0.5066180481393578
4932,6214,6212,0,-1.3548102288514907,-1.4052032232284546,-1.428122690227681,-1.3393081426620483,-1.3253645644705054
4933,6215,6213,0,-0.19605927756136013,-0.1982361376285553,-0.22115560462778164,-0.2095518410205841,-0.1956082628290412
4934,6216,6214,0,0.8270648212164109,0.8633801341056824,0.8404606671064561,0.8336710929870605,0.8476146711786035
4935,6217,6215,0,0.35800565192396094,0.3976275324821472,0.3747080654829209,0.3255661725997925,0.3395097507913354
4936,6219,6217,0,0.3743847400873368,0.4036042392253876,0.38068477222616126,0.4325578808784485,0.4465014590699914
4937,6220,6218,0,-1.0651730208665664,-1.049448013305664,-1.0723674803048904,-1.0374692678451538,-1.023525689653611
4938,6221,6219,0,0.5201065630644028,0.56218022108078,0.5392607540815537,0.4962238371372223,0.5101674153287652
4939,6223,6221,0,1.3198975414961045,1.3412091732025146,1.3182897062032883,1.2555018663406372,1.2694454445321801
4940,6224,6222,0,2.625757584068126,2.6518940925598145,2.628974625560588,2.61730694770813,2.631250525899673
4941,6227,6225,0,0.4656865985124772,0.5140818953514099,0.4911624283521836,0.4673134684562683,0.4812570466478112
4942,6230,6228,0,-1.9237863927156265,-1.900386095046997,-1.9233055620462234,-1.901854395866394,-1.8879108176748511
4943,6231,6229,0,1.6767836899488633,1.6623632907867432,1.6394438237875169,1.738240122795105,1.7521837009866479
4944,6232,6230,0,1.3230604023664658,1.3499433994293213,1.327023932430095,1.3347069025039673,1.3486504806955102
4945,6234,6232,0,-1.0692385344774062,-1.1056369543075562,-1.1285564213067825,-1.0686347484588623,-1.0546911702673194
4946,6235,6233,0,0.35836557457143714,0.3639788031578064,0.3410593361585801,0.33876386284828186,0.35270744103982477
4947,6236,6234,0,2.9003657192915147,2.9650051593780518,2.9420856923788254,2.881251573562622,2.895195151754165
4948,6237,6235,-2,-0.545009122021062,-0.4740876257419586,-0.49700709274118493,-0.6224592924118042,-0.6085157142202613
4949,6238,6236,0,2.133907684776134,2.160292863845825,2.137373396846599,2.123034715652466,2.1369782938440087
4950,6239,6237,0,2.148789295646495,2.1970174312591553,2.174097964259929,2.1715738773345947,2.1855174555261376
4951,6240,6238,0,-1.1994156747133071,-1.2989048957824707,-1.321824362781697,-1.179353952407837,-1.165410374216294
4952,6241,6239,0,-6.601930966880971,-6.680798530578613,-6.70371799757784,-6.6222028732299805,-6.608259295038438
4953,6244,6242,0,1.772030958625621,1.7981846332550049,1.7752651662557786,1.7736862897872925,1.7876298679788354
4954,6245,6243,0,-0.7751033811837966,-0.7351983189582825,-0.7581177859575088,-0.7295407056808472,-0.7155971274893043
4955,6246,6244,0,-0.37088706186121057,-0.34867849946022034,-0.37159796645944665,-0.4137486517429352,-0.3998050735513923
4956,6249,6247,0,-2.542427411583119,-2.522956609725952,-2.5458760767251785,-2.5151565074920654,-2.5012129293005225
4957,6250,6248,0,-0.62271760990923,-0.6466195583343506,-0.6695390253335769,-0.6936062574386597,-0.6796626792471168
4958,6251,6249,0,-0.9266561775476272,-0.9002936482429504,-0.9232131152421768,-0.894301176071167,-0.8803575978796241
4959,6252,6250,0,2.3821367115705674,2.4435362815856934,2.420616814586467,2.365663528442383,2.3796071066339257
4960,6253,6251,0,-2.5380521922380264,-2.5311896800994873,-2.5541091470987136,-2.5321409702301025,-2.5181973920385596
4961,6254,6252,0,1.2084484190672105,1.2652453184127808,1.2423258514135544,1.210689902305603,1.224633480497146
4962,6255,6253,0,-1.759012570884877,-1.7925746440887451,-1.8154941110879714,-1.7877117395401,-1.7737681613485572
4963,6256,6254,0,-0.0695194139153297,-0.08870189636945724,-0.11162136336868358,-0.11578336358070374,-0.10183978538916083
4964,6257,6255,0,1.4231017918317979,1.4419655799865723,1.419046112987346,1.3661015033721924,1.3800450815637353
4965,6258,6256,0,1.6264026255338853,1.573293924331665,1.5503744573324387,1.5756765604019165,1.5896201385934594
4966,6259,6257,0,1.3518523068159287,1.4024114608764648,1.3794919938772385,1.3290966749191284,1.3430402531106713
4967,6260,6258,0,0.08562233457261967,0.15854912996292114,0.1356296629636948,0.09038692712783813,0.10433050531938104
4968,6262,6260,0,-0.9327602296144302,-0.9271401762962341,-0.9500596432954604,-0.9195150136947632,-0.9055714355032203
4969,6263,6261,0,1.2528617472379868,1.2807220220565796,1.2578025550573533,1.2449277639389038,1.2588713421304467
4970,6264,6262,0,0.22368953535253452,0.2948693633079529,0.27194989630872657,0.23746202886104584,0.25140560705258874
4971,6265,6263,-1,-1.2679316285422026,-1.251692295074463,-1.2746117620736892,-1.288979172706604,-1.275035594515061
4972,6267,6265,0,2.766549238654918,2.8281402587890625,2.805220791789836,2.7818124294281006,2.7957560076196435
4973,6269,6267,0,1.5977041811674302,1.6047933101654053,1.581873843166179,1.5838462114334106,1.5977897896249535
4974,6270,6268,0,-1.9773068337709243,-1.9981353282928467,-2.021054795292073,-1.9501911401748657,-1.9362475619833228
4975,6271,6269,0,1.4054612011640732,1.4361844062805176,1.4132649392812913,1.3848562240600586,1.3987998022516015
4976,6272,6270,-1,-0.9794646981527984,-0.9376193881034851,-0.9605388551027114,-1.0180680751800537,-1.0041244969885108
4977,6274,1835,0,-2.0266829638749893,-2.0009071826934814,-2.0238266496927078,-1.9448755979537964,-1.9309320197622535
4978,6276,6273,0,1.17444396922285,1.2384912967681885,1.2155718297689622,1.1653555631637573,1.1792991413553002
4979,6277,6274,0,0.6576553673475449,0.683559000492096,0.6606395334928696,0.6283117532730103,0.6422553314645532
4980,6278,6275,0,0.923344561549968,0.9439963698387146,0.9210769028394883,0.8815211057662964,0.8954646839578393
4981,6279,6276,0,1.01999319503004,1.0876331329345703,1.064713665935344,1.0569428205490112,1.0708863987405541
4982,6280,6277,0,-1.7342586427003677,-1.6535272598266602,-1.6764467268258865,-1.7061387300491333,-1.6921951518575904
4983,6281,6278,0,0.8852310867040818,0.9223435521125793,0.899424085113353,0.8241232633590698,0.8380668415506127
4984,6282,6279,0,-1.9339355140001113,-1.9484281539916992,-1.9713476209909255,-1.9567121267318726,-1.9427685485403297
4985,6283,6280,0,2.2970045895307725,2.3595640659332275,2.3366445989340012,2.2888405323028564,2.3027841104943993
4986,6284,6281,0,-0.5532040505677993,-0.47141996026039124,-0.49433942725961755,-0.5280500650405884,-0.5141064868490455
4987,6287,6284,0,-0.4096150605947311,-0.3715827763080597,-0.394502243307286,-0.39368531107902527,-0.37974173288748236
4988,6289,6286,0,-0.17477448871439052,-0.18677178025245667,-0.209691247251683,-0.20974668860435486,-0.19580311041281195
4989,6290,6287,0,1.7463522047727769,1.785277247428894,1.7623577804296677,1.723786473274231,1.7377300514657739
4990,6291,6288,0,-1.4267269282609756,-1.4044690132141113,-1.4273884802133376,-1.4434064626693726,-1.4294628844778297
4991,6293,6290,0,0.3872628898351853,0.4187365770339966,0.39581711003477027,0.38264182209968567,0.3965854002912286
4992,6295,6292,0,-3.80139671852892,-3.848548650741577,-3.8714681177408035,-3.7890408039093018,-3.775097225717759
4993,6296,6293,0,3.761980900260753,3.8018813133239746,3.7789618463247483,3.7154829502105713,3.729426528402114
4994,6297,6294,0,1.527366528007335,1.5585904121398926,1.5356709451406663,1.484305500984192,1.4982490791757348
4995,6299,6296,0,-1.339144578483754,-1.3134962320327759,-1.3364156990320022,-1.3302198648452759,-1.316276286653733
4996,6300,6297,0,-3.3898426203996475,-3.3486783504486084,-3.3715978174478347,-3.293813467025757,-3.279869888834214
4997,6302,6299,0,-0.8868571429521377,-0.8485472798347473,-0.8714667468339736,-0.9128062725067139,-0.898862694315171
4998,6304,6301,0,1.565008768531627,1.6077144145965576,1.5847949475973313,1.5483888387680054,1.5623324169595483
4999,6305,6302,0,1.8544510693281357,1.8493034839630127,1.8263840169637864,1.8011962175369263,1.8151397957284692
5000,6306,6303,0,0.36359832594091346,0.37052613496780396,0.34760666796857764,0.3120434284210205,0.3259870066125634
5001,6307,6304,0,1.3536774010389512,1.345759630203247,1.3228401632040208,1.2976590394973755,1.3116026176889184
5002,6308,6305,0,0.018595989513344048,0.06240106374025345,0.03948159674102711,0.009445227682590485,0.02338880587413339
5003,6309,6306,0,0.7811495752065842,0.8224098682403564,0.7994904012411301,0.7806570529937744,0.7946006311853173
5004,6310,6307,0,1.9020934195249741,1.9510293006896973,1.928109833690471,1.927965521812439,1.9419091000039819
5005,6311,6308,0,-3.4689706473619277,-3.5277926921844482,-3.5507121591836746,-3.4601247310638428,-3.4461811528723
5006,6312,6309,0,0.5503949017255967,0.5022006630897522,0.4792811960905259,0.5183616876602173,0.5323052658517602
5007,6313,6310,0,-1.4297864346772964,-1.4433952569961548,-1.466314723995381,-1.3409754037857056,-1.3270318255941627
5008,6315,6312,0,-0.21683057239358974,-0.18806743621826172,-0.21098690321748806,-0.19874799251556396,-0.18480441432402106
5009,6318,6315,0,0.40538782784635474,0.3973503112792969,0.37443084428007056,0.38436177372932434,0.39830535192086725
5010,6319,6316,0,-3.1725076346666152,-3.2496700286865234,-3.2725894956857497,-3.1108577251434326,-3.0969141469518897
5011,6320,6317,0,2.509079346153087,2.5909950733184814,2.568075606319255,2.4213225841522217,2.4352661623437646
5012,6321,6318,0,-0.9868847637445266,-0.931524932384491,-0.9544443993837173,-1.040880799293518,-1.0269372211019752
5013,6323,6320,0,0.7670579046934312,0.8286663293838501,0.8057468623846238,0.7810896635055542,0.7950332416970971
5014,6324,6321,0,1.0773575396269028,1.156870722770691,1.1339512557714646,1.0444772243499756,1.0584208025415185
5015,6325,6322,0,1.9570578427046006,1.9769840240478516,1.9540645570486253,1.918440818786621,1.932384396978164
5016,6326,6323,0,-0.1521002112895782,-0.08933324366807938,-0.11225271066730572,-0.1580861359834671,-0.1441425577919242
5017,6327,6324,0,1.817032465431041,1.9856832027435303,1.962763735744304,1.9522820711135864,1.9662256493051293
5018,6330,6327,0,1.8563104958265488,1.8784947395324707,1.8555752725332444,1.7959142923355103,1.8098578705270532
5019,6331,6328,0,1.758972892257518,1.8282997608184814,1.8053802938192551,1.7654331922531128,1.7793767704446557
5020,6332,6329,0,2.109712728950328,2.120847463607788,2.0979279966085618,2.033578872680664,2.047522450872207
5021,6333,6330,0,-1.6468984990388686,-1.7120051383972168,-1.734924605396443,-1.766767978668213,-1.75282440047667
5022,6334,6331,0,0.8040672034948533,0.8408592343330383,0.817939767333812,0.795455813407898,0.8093993915994409
5023,6335,6332,0,1.619462737533397,1.621760368347168,1.5988409013479417,1.6176669597625732,1.6316105379541161
5024,6338,6335,0,0.25031713554555823,0.23647230863571167,0.21355284163648533,0.17919635772705078,0.19313993591859369
5025,6339,6336,0,2.362594971153087,2.434274911880493,2.411355444881267,2.3342466354370117,2.3481902136285546
5026,6340,6337,0,1.5303080172270005,1.542940616607666,1.5200211496084397,1.5049858093261719,1.5189293875177148
5027,6341,6338,0,1.490388760062999,1.5005433559417725,1.4776238889425461,1.4674253463745117,1.4813689245660546
5028,6342,6339,0,1.7962341398924058,1.882655143737793,1.8597356767385667,1.7870025634765625,1.8009461416681054
5029,6344,6341,0,-2.016787877586537,-1.962123155593872,-1.9850426225930984,-2.0479726791381836,-2.0340291009466407
5030,6345,6342,0,-1.3748229651719863,-1.4236392974853516,-1.4465587644845779,-1.4694095849990845,-1.4554660068075416
5031,6346,6343,0,0.6173185796468919,0.588478684425354,0.5655592174261277,0.6120388507843018,0.6259824289758447
5032,6347,6344,0,2.056717047187633,2.103320360183716,2.0804008931844895,2.0258846282958984,2.0398282064874413
5033,6348,6345,0,-0.18037176719015194,-0.04471860080957413,-0.06763806780880047,-0.17605498433113098,-0.16211140613958808
5034,6349,6346,0,1.8614511580198472,1.8386187553405762,1.8156992883413499,1.8336812257766724,1.8476248039682153
5035,6350,6347,0,0.6107882947653,0.6442682147026062,0.6213487477033799,0.6070153713226318,0.6209589495141747
5036,6351,6348,0,-0.11050443938081814,-0.07643870264291763,-0.09935816964214397,-0.1299636960029602,-0.1160201178114173
5037,6352,6349,0,1.154292592498607,1.1785023212432861,1.1555828542440598,1.133431315422058,1.147374893613601
5038,6354,6351,0,-3.978769412544423,-4.101551532745361,-4.124470999744588,-3.968597650527954,-3.954654072336411
5039,6355,6352,0,0.6222340554922288,0.6063335537910461,0.5834140867918198,0.6000449657440186,0.6139885439355615
5040,6356,6353,0,1.5959581227033799,1.5916913747787476,1.5687719077795212,1.5726522207260132,1.586595798917556
5041,6357,6354,0,-2.7116223483354385,-2.6777987480163574,-2.7007182150155837,-2.7282118797302246,-2.7142683015386817
5042,6358,6355,0,1.445304998847789,1.4604241847991943,1.437504717799968,1.4397772550582886,1.4537208332498315
5043,6359,6356,0,1.4034694523542588,1.4440228939056396,1.4211034269064133,1.3847699165344238,1.3987134947259667
5044,6360,6357,0,1.1173997015684312,1.148024320602417,1.1251048536031907,1.119845986366272,1.1337895645578149
5045,6361,6358,0,1.636633762809581,1.645154356956482,1.6222348899572556,1.62773859500885,1.641682173200393
5046,6362,6359,0,1.6338130326002305,1.632819414138794,1.6098999471395676,1.6691948175430298,1.6831383957345727
5047,6363,6360,0,0.7366588206022446,0.7455668449401855,0.7226473779409592,0.720854640007019,0.734798218198562
5048,6364,6361,0,0.1711957396000092,0.15222790837287903,0.1293084413736527,0.15305212140083313,0.16699569959237603
5049,6365,6362,0,2.119349369499034,2.175676107406616,2.15275664040739,2.1272289752960205,2.1411725534875634
5050,6367,6364,-1,0.549154591245395,0.6029696464538574,0.5800501794546311,0.5263445377349854,0.5402881159265283
5051,6368,6365,0,1.0379060597150986,1.0404179096221924,1.017498442622966,0.9749902486801147,0.9889338268716577
5052,6369,6366,0,-0.17633060207670284,-0.20169982314109802,-0.22461929014032436,-0.3044714629650116,-0.2905278847734687
5053,6371,6368,0,-1.9677704482347305,-1.9990713596343994,-2.0219908266336257,-1.9000647068023682,-1.8861211286108253
5054,6372,6369,0,-2.4821585326463516,-2.4856369495391846,-2.508556416538411,-2.502336263656616,-2.4883926854650733
5055,6373,6370,0,1.1680235953062241,1.2250542640686035,1.2021347970693772,1.1806737184524536,1.1946172966439965
5056,6374,6371,0,2.29338825652296,2.332148551940918,2.3092290849416917,2.248779058456421,2.262722636647964
5057,6375,6372,0,1.6381521315305894,1.649465799331665,1.6265463323324387,1.6155149936676025,1.6294585718591454
5058,6376,6373,0,0.01859010169202733,0.027621082961559296,0.004701615962332956,0.01647093892097473,0.030414517112517636
5059,6377,6374,0,2.9656099171369736,2.9920971393585205,2.969177672359294,2.9250473976135254,2.9389909758050683
5060,6378,6375,-1,1.0749986883828462,1.1663097143173218,1.1433902473180955,1.0360974073410034,1.0500409855325463
5061,6379,6376,0,1.3535612911909287,1.4014290571212769,1.3785095901220505,1.2834904193878174,1.2974339975793603
5062,6380,6377,0,0.10892514297658848,0.15002185106277466,0.12710238406354832,0.07382585108280182,0.08776942927434472
5063,6381,6378,0,0.4740233511655991,0.5496525764465332,0.5267331094473069,0.5072689056396484,0.5212124838311913
5064,6382,6379,0,1.0095489115446274,0.9797061681747437,0.9567867011755173,0.9900380373001099,1.0039816154916528
5065,6383,6380,0,0.028468941989487885,0.048548586666584015,0.025629119667357675,0.10054291784763336,0.11448649603917627
5066,6385,6382,-2,0.05271722304119386,0.13364309072494507,0.11072362372571873,-0.025962896645069122,-0.012019318453526218
5067,6387,6384,0,0.9429336876600449,1.0190656185150146,0.9961461515157883,0.9571149349212646,0.9710585131128076
5068,6388,6385,0,1.5553578228681748,1.5873754024505615,1.5644559354513352,1.5532524585723877,1.5671960367639306
5069,6389,6386,0,-0.23481515636747433,-0.20383727550506592,-0.22675674250429226,-0.23616549372673035,-0.22222191553518744
5070,6390,6387,0,1.021645912620372,1.0240546464920044,1.001135179492778,0.9676154851913452,0.9815590633828881
5071,6392,6389,0,-0.7314328460962112,-0.7235813736915588,-0.7465008406907852,-0.7079240083694458,-0.6939804301779029
5072,6393,6390,0,-1.007362237480336,-1.0191586017608643,-1.0420780687600906,-0.9794989824295044,-0.9655554042379615
5073,6395,6392,0,1.2627348990171616,1.3513615131378174,1.328442046138591,1.2524420022964478,1.2663855804879907
5074,6396,6393,0,0.03638157406742024,0.05822954326868057,0.03531007626945423,0.09277790784835815,0.10672148603990106
5075,6398,6395,0,-6.431838861015493,-6.509782314300537,-6.532701781299764,-6.281859874725342,-6.267916296533799
5076,6399,6396,0,2.1024032921522324,2.1848742961883545,2.161954829189128,2.044095993041992,2.058039571233535
5077,6400,6397,0,0.8483885020940964,0.8953138589859009,0.8723943919866746,0.8163841962814331,0.830327774472976
5078,6401,6398,0,0.49157936284238746,0.5304771065711975,0.5075576395719712,0.5101498365402222,0.5240934147317651
5079,6402,6399,0,-1.5041296391755874,-1.5110516548156738,-1.5339711218149001,-1.4980512857437134,-1.4841077075521705
5080,6403,6400,0,1.8514633269041245,1.9275742769241333,1.904654809924907,1.89219069480896,1.9061342730005029
5081,6404,6401,0,2.275390514823741,2.296722650527954,2.273803183528728,2.20576548576355,2.2197090639550927
5082,6405,6402,0,0.15454413900072025,0.10484609752893448,0.08192663052970814,0.0927397608757019,0.10668333906724481
5083,6406,6403,0,1.400984177085704,1.4476062059402466,1.4246867389410203,1.332434058189392,1.346377636380935
5084,6408,6405,0,1.0258487553327744,1.0694714784622192,1.046552011462993,1.0243817567825317,1.0383253349740746
5085,6411,6408,0,1.7909109682768052,1.817574143409729,1.7946546764105027,1.751125454902649,1.7650690330941918
5086,6412,6409,0,-2.1810713916093643,-2.1764955520629883,-2.1994150190622146,-2.2111093997955322,-2.1971658216039893
5087,6413,6410,0,-0.06165889864867282,-0.04568149894475937,-0.06860096594398571,-0.07011562585830688,-0.05617204766676398
5088,6414,6411,0,1.2532404751508897,1.3002099990844727,1.2772905320852463,1.2411011457443237,1.2550447239358666
5089,6415,6412,0,1.4341945738523667,1.4637293815612793,1.440809914562053,1.4409489631652832,1.454892541356826
5090,6417,6414,0,1.7403726668089097,1.800233244895935,1.7773137778967087,1.7160717248916626,1.7300153030832055
5091,6418,6415,0,0.3560933859079545,0.3594612181186676,0.3365417511194413,0.35872119665145874,0.37266477484300164
5092,6419,6416,0,1.2989429325788682,1.325087308883667,1.3021678418844407,1.2531565427780151,1.267100120969558
5093,6421,6418,0,-0.7611846833497817,-0.7291446328163147,-0.752064099815541,-0.7586263418197632,-0.7446827636282203
5094,6422,6419,0,-3.2163661628038223,-3.28289532661438,-3.305814793613606,-3.167147397994995,-3.153203819803452
5095,6423,6420,0,-4.0489767699510395,-4.024684906005859,-4.047604373005086,-4.07852029800415,-4.0645767198126075
5096,6425,6422,0,1.5732618660658066,1.6198723316192627,1.5969528646200364,1.6003423929214478,1.6142859711129907
5097,6426,6423,0,0.3915148169725602,0.4379323720932007,0.41501290509397437,0.41672754287719727,0.43067112106874017
5098,6428,6425,0,0.9936118812292283,1.028699517250061,1.0057800502508347,0.9903035163879395,1.0042470945794824
5099,6429,6426,-1,-2.166285682039517,-2.234881639480591,-2.257801106479817,-2.213966131210327,-2.2000225530187842
5100,6430,6427,0,2.684663900825328,2.7568585872650146,2.7339391202657883,2.645426034927368,2.659369613118911
5101,6431,6428,0,0.4529481322496598,0.5245216488838196,0.5016021818845933,0.45069071650505066,0.46463429469659356
5102,6432,6429,0,0.9614875406950181,1.019588589668274,0.9966691226690476,0.9816504716873169,0.9955940498788598
5103,6433,6430,0,0.7945014924734299,0.8048569560050964,0.7819374890058701,0.7578657865524292,0.7718093647439721
5104,6434,6431,0,1.0265174002378648,1.0138702392578125,0.9909507722585862,1.0113716125488281,1.025315190740371
5105,6435,6432,0,0.8001380653112595,0.8561369776725769,0.8332175106733506,0.7815805673599243,0.7955241455514672
5106,6436,6433,0,-1.519480338600331,-1.529026985168457,-1.5519464521676833,-1.492848515510559,-1.4789049373190162
5107,6437,6434,0,-3.8251925616533096,-3.836923599243164,-3.8598430662423904,-3.758715867996216,-3.744772289804673
5108,6438,6435,0,0.7552173227995103,0.7449694871902466,0.7220500201910203,0.739069938659668,0.7530135168512109
5109,6439,6436,0,1.4566999764173691,1.4645183086395264,1.4415988416403,1.3614557981491089,1.3753993763406518
5110,6440,6437,0,1.689114698859996,1.7415883541107178,1.7186688871114915,1.6774121522903442,1.6913557304818871
5111,6441,6438,-1,-5.6077620271017725,-5.589065074920654,-5.611984541919881,-5.46738338470459,-5.453439806513047
5112,6442,6439,0,0.4071060807436173,0.4451621472835541,0.42224268028432776,0.4028792083263397,0.4168227865178826
5113,6443,6440,0,-0.11828518500631405,-0.09596424549818039,-0.11888371249740673,-0.1404295563697815,-0.1264859781782386
5114,6445,6442,0,-0.040176084545307876,-0.00461975485086441,-0.02753922185009075,-0.044198036193847656,-0.03025445800230475
5115,6446,6443,0,1.2306059689253037,1.2483081817626953,1.225388714763469,1.2238025665283203,1.2377461447198632
5116,6447,6444,0,0.33035696456129005,0.33632224798202515,0.31340278098279883,0.3655564486980438,0.37950002688958673
5117,6448,6445,0,-1.487402906921559,-1.4715116024017334,-1.4944310694009597,-1.4754983186721802,-1.4615547404806373
5118,6449,6446,0,0.6066827268331711,0.5984465479850769,0.5755270809858506,0.589431643486023,0.6033752216775659
5119,6450,6447,0,2.4909418911665147,2.5257599353790283,2.502840468379802,2.463207960128784,2.477151538320327
5120,6451,6448,0,0.32159406850034644,0.378188818693161,0.3552693516939347,0.27842915058135986,0.29237272877290277
5121,6452,6449,0,0.41855055997068336,0.4090050160884857,0.3860855490892594,0.4141382873058319,0.4280818654973748
5122,6453,6450,0,1.9966803879469102,1.9790291786193848,1.9561097116201585,1.9684491157531738,1.9823926939447167
5123,6455,6452,0,1.049278387519664,1.122147798538208,1.0992283315389817,1.062551736831665,1.076495315023208
5124,6456,6453,0,-3.8214298396379287,-3.8489415645599365,-3.871861031559163,-3.7814791202545166,-3.7675355420629737
5125,6457,6454,0,-3.5336998610765273,-3.5172815322875977,-3.540200999286824,-3.523717164993286,-3.5097735868017432
5126,6458,6455,0,2.4683283657758897,2.5120980739593506,2.4891786069601243,2.47288179397583,2.486825372167373
5127,6459,6456,0,2.1012624592512315,2.11421799659729,2.0912985295980637,2.128495931625366,2.142439509816909
5128,6460,6457,0,1.7201328367918198,1.7638053894042969,1.7408859224050706,1.676615595817566,1.6905591740091088
5129,6461,6458,0,0.356658348533458,0.3722253143787384,0.3493058473795121,0.34693387150764465,0.36087744969918756
5130,6462,6459,0,-2.1806536822587783,-2.145148992538452,-2.1680684595376785,-2.1844637393951416,-2.1705201612035987
5131,6463,6460,0,-1.8436000256807143,-1.7427241802215576,-1.765643647220784,-1.9366809129714966,-1.9227373347799537
5132,6464,6461,0,0.39037291118795325,0.4062630534172058,0.3833435864179795,0.42674553394317627,0.4406891121347192
5133,6465,6462,0,-2.8615223078996475,-2.8600656986236572,-2.8829851656228835,-2.880192995071411,-2.8662494168798682
5134,6466,6463,0,1.6110982985227769,1.6499264240264893,1.627006957027263,1.6025089025497437,1.6164524807412866
5135,6467,6464,0,-0.7220778970987136,-0.7119015455245972,-0.7348210125238235,-0.8069627285003662,-0.7930191503088233
5136,6468,6465,-1,-0.12690703900362843,-0.08682120591402054,-0.10974067291324688,-0.13662008941173553,-0.12267651122019263
5137,6469,6466,0,-1.2283754258424575,-1.2436017990112305,-1.2665212660104568,-1.2941042184829712,-1.2801606402914283
5138,6470,6467,0,0.7988222927778428,0.862981379032135,0.8400619120329087,0.7516398429870605,0.7655834211786035
5139,6471,6468,0,0.3441689998834794,0.3527061641216278,0.3297866971224015,0.31579047441482544,0.32973405260636834
5140,6472,6469,0,0.8080831856458848,0.8652687072753906,0.8423492402761643,0.8134431838989258,0.8273867620904687
5141,6473,6470,0,1.1531171889036362,1.1733815670013428,1.1504621000021165,1.1082195043563843,1.1221630825479272
5142,6474,6471,0,2.8611620754926865,2.9101436138153076,2.8872241468160813,2.8534717559814453,2.867415334172988
5143,6475,6472,0,-2.2261999755174453,-2.209498167037964,-2.23241763403719,-2.1860291957855225,-2.1720856175939796
5144,6476,6473,0,2.0074774117201035,2.065340042114258,2.0424205751150315,1.9630588293075562,1.977002407499099
5145,6477,6474,0,2.2097169251173203,2.281407594680786,2.25848812768156,2.212423324584961,2.226366902776504
5146,6478,6475,0,1.554584750625438,1.543646216392517,1.5207267493932908,1.5084220170974731,1.522365595289016
5147,6479,6476,0,1.5869387478559678,1.5858182907104492,1.562898823711223,1.5328463315963745,1.5467899097879174
5148,6480,6477,0,0.5630752534597581,0.6133150458335876,0.5903955788343613,0.5713095664978027,0.5852531446893456
5149,6481,6478,0,2.6531237454145615,2.658510446548462,2.6355909795492356,2.5988128185272217,2.6127563967187646
5150,6482,6479,0,-0.018824484479480506,0.04233440011739731,0.01941493311817097,-0.028036601841449738,-0.014093023649906833
5151,6484,6481,0,0.6672583312719529,0.7191917300224304,0.6962722630232041,0.6522015333175659,0.6661451115091088
5152,6486,6483,0,-1.3069330363542373,-1.284897804260254,-1.3078172712594802,-1.3220285177230835,-1.3080849395315406
5153,6487,6484,0,-0.019013969507866622,0.03741190582513809,0.014492438825911752,-0.02885439246892929,-0.014910814277386386
5154,6489,6486,0,1.0317580790250962,1.070459246635437,1.0475397796362107,0.9198431968688965,0.9337867750604394
5155,6490,6487,0,-1.7678182034761245,-1.7867683172225952,-1.8096877842218215,-1.7465167045593262,-1.7325731263677833
5156,6491,6488,0,1.0612380594938462,1.0763057470321655,1.0533862800329392,1.068371295928955,1.082314874120498
5157,6492,6489,0,1.9317495913236802,1.9816104173660278,1.9586909503668015,1.9669312238693237,1.9808748020608666
5158,6496,6493,0,0.7194557876318162,0.6956985592842102,0.6727790922849839,0.7114214897155762,0.7253650679071191
5159,6497,6494,0,1.402684459182567,1.4560174942016602,1.4330980272024338,1.3658748865127563,1.3798184647042993
5160,6498,6495,0,-2.171812167671376,-2.1601498126983643,-2.1830692796975906,-2.191366672515869,-2.1774230943243262
5161,6499,6496,0,1.7572151512830918,1.7939412593841553,1.771021792384929,1.7139347791671753,1.7278783573587182
5162,6500,6497,0,0.7603864164083665,0.7727076411247253,0.749788174125499,0.7194473743438721,0.733390952535415
5163,6501,6498,0,1.4703959316938584,1.5639190673828125,1.5409996003835862,1.4249351024627686,1.4388786806543115
5164,6502,6499,0,-1.6015579610139663,-1.6257238388061523,-1.6486433058053787,-1.6124601364135742,-1.5985165582220313
5165,6503,6500,0,-5.243389955070668,-5.321185111999512,-5.3441045789987385,-5.29856538772583,-5.284621809534287
5166,6504,6501,0,1.5859800667494004,1.6260004043579102,1.6030809373586838,1.5254918336868286,1.5394354118783715
5167,6505,6502,0,0.428156265708751,0.49485450983047485,0.47193504283124854,0.3865995705127716,0.4005431487043145
5168,6507,6504,0,3.347613462898082,3.3995869159698486,3.3766674489706223,3.269624710083008,3.2835682882745507
5169,6508,6505,0,-0.13473396590059353,-0.0777667984366417,-0.10068626543586803,-0.11731965839862823,-0.10337608020708533
5170,6509,6506,0,0.8543093890875046,0.9047988653182983,0.881879398319072,0.8680580854415894,0.8820016636331323
5171,6510,6507,0,1.3159023613660996,1.3716754913330078,1.3487560243337815,1.324001431465149,1.3379450096566918
5172,6512,6509,0,0.14172550449067997,0.12415175884962082,0.10123229185039448,0.189271479845047,0.2032150580365899
5173,6513,6510,0,1.5437030882566636,1.5487480163574219,1.5258285493581956,1.5200467109680176,1.5339902891595605
5174,6514,6511,0,-0.32983343890016625,-0.29691436886787415,-0.31983383586710046,-0.2925736606121063,-0.2786300824205634
5175,6515,6512,0,1.8782779068678086,1.8591275215148926,1.8362080545156663,1.8452664613723755,1.8592100395639184
5176,6517,6514,0,1.2570495695799058,1.3063108921051025,1.2833914251058762,1.2415781021118164,1.2555216803033593
5177,6518,6515,0,-1.2602316050798232,-1.2529833316802979,-1.2759027986795242,-1.2270275354385376,-1.2130839572469947
5178,6519,6516,0,-1.8222888617784316,-1.8464698791503906,-1.869389346149617,-1.8176671266555786,-1.8037235484640357
5179,6520,6517,0,1.3813309759824937,1.4659441709518433,1.443024703952617,1.325731873512268,1.339675451703811
5180,6521,6518,0,0.5593623013227647,0.5484006404876709,0.5254811734884446,0.5504922270774841,0.564435805269027
5181,6522,6519,0,1.2690148443906968,1.32329261302948,1.3003731460302537,1.2143454551696777,1.2282890333612206
5182,6523,6520,0,2.4108046383588975,2.4374186992645264,2.4144992322653,2.399325370788574,2.413268948980117
5183,6524,6521,0,1.7588350863187974,1.768322467803955,1.7454030008047288,1.7363771200180054,1.7503206982095483
5184,6525,6522,0,-2.503603806999379,-2.4836747646331787,-2.506594231632405,-2.4736897945404053,-2.4597462163488624
5185,6526,6523,0,-0.19610228231256557,-0.13085618615150452,-0.15377565315073086,-0.1685592234134674,-0.1546156452219245
5186,6527,6524,0,1.1003222555845444,1.1128675937652588,1.0899481267660325,1.081432580947876,1.0953761591394189
5187,6528,6525,0,2.1228054852216904,2.174372673034668,2.1514532060354417,2.1536548137664795,2.1675983919580224
5188,6529,6526,0,-0.9777914195329482,-0.9472354054450989,-0.9701548724443252,-1.028936505317688,-1.014992927126145
5189,6530,6527,0,0.12352655986244129,0.09847120195627213,0.07555173495704579,0.1175563782453537,0.1314999564368966
5190,6531,6528,0,0.20486573288137364,0.20201227068901062,0.17909280368978428,0.1714876890182495,0.18543126720979242
5191,6532,6529,0,-1.481976380851918,-1.5102949142456055,-1.5332143812448318,-1.5315791368484497,-1.5176355586569068
5192,6533,6530,0,0.5408250779836838,0.5276539921760559,0.5047345251768296,0.45935872197151184,0.47330230016305475
5193,6535,6532,0,0.9462899059980576,0.9227038025856018,0.8997843355863755,0.9253765344619751,0.939320112653518
5194,6538,6535,0,0.5889395565717881,0.6726875901222229,0.6497681231229966,0.5990077257156372,0.6129513039071801
5195,6539,6536,0,-0.1405456869870956,-0.05067528039216995,-0.07359474739139629,-0.16872966289520264,-0.15478608470365973
5196,6540,6537,0,-0.6352676658899123,-0.6412411332130432,-0.6641606002122695,-0.6277068853378296,-0.6137633071462867
5197,6541,6538,0,0.750947305652446,0.7724318504333496,0.7495123834341233,0.7056643962860107,0.7196079744775536
5198,6542,6539,-1,1.8427260634133638,1.8925564289093018,1.8696369619100754,1.7961883544921875,1.8101319326837304
5199,6543,6540,0,2.471641907188243,2.5301401615142822,2.507220694515056,2.4371731281280518,2.4511167063195947
5200,6544,6541,0,2.1138070912092393,2.229724645614624,2.2068051786153977,2.1297190189361572,2.1436625971277
5201,6545,6542,0,-0.14431180646722866,-0.12612783908843994,-0.14904730608766628,-0.18420207500457764,-0.17025849681303473
5202,6546,6543,0,0.5689956040113633,0.6029372811317444,0.5800178141325181,0.5927296876907349,0.6066732658822778
5203,6547,6544,0,-0.7194778232843215,-0.65780109167099,-0.6807205586702163,-0.6986962556838989,-0.684752677492356
5204,6549,6546,0,0.696553835365123,0.7388014197349548,0.7158819527357285,0.7835792303085327,0.7975228085000756
5205,6550,6547,0,0.3790619463651841,0.40862002968788147,0.38570056268865516,0.3347465693950653,0.3486901475866082
5206,6551,6548,0,1.987657556030101,2.024909734725952,2.001990267726726,1.9941569566726685,2.0081005348642114
5207,6552,6549,0,-1.6444215684205825,-1.661051869392395,-1.6839713363916213,-1.6367816925048828,-1.62283811431334
5208,6553,6550,0,2.7340415806501572,2.7971222400665283,2.774202773067302,2.7053489685058594,2.7192925466974023
5209,6556,6553,0,2.4857727379530137,2.5180606842041016,2.4951412172048753,2.4501376152038574,2.4640811933954003
5210,6557,6554,0,-0.029936475959473373,0.012684203684329987,-0.010235263314896353,0.025142882019281387,0.03908646021082429
5211,6559,6556,0,-2.936979880836659,-2.8948724269866943,-2.9177918939859206,-2.943410873413086,-2.929467295221543
5212,6560,6557,0,0.2534794003694718,0.3110998272895813,0.288180360290355,0.26103562116622925,0.27497919935777215
5213,6561,6558,0,0.28960434505636146,0.3452889025211334,0.3223694355219071,0.2823672294616699,0.2963108076532128
5214,6562,6559,0,-0.9845974951059158,-0.9978200793266296,-1.020739546325856,-0.9089032411575317,-0.8949596629659888
5215,6563,6560,-2,-0.18047188294635497,-0.07592638581991196,-0.0988458528191383,-0.24004888534545898,-0.22610530715391608
5216,6566,6563,0,0.9362886042326157,0.9718805551528931,0.9489610881536668,0.9000221490859985,0.9139657272775414
5217,6567,6564,0,-2.4790874629289443,-2.478649377822876,-2.5015688448221023,-2.474928379058838,-2.460984800867295
5218,6568,6565,0,2.936035046073741,3.0074965953826904,2.984577128383464,2.9447004795074463,2.958644057698989
5219,6569,6566,0,2.592888006660289,2.60963773727417,2.5867182702749436,2.592773914337158,2.606717492528701
5220,6570,6567,0,1.596714148017711,1.5817790031433105,1.5588595361440842,1.631719946861267,1.64566352505281
5221,6571,6568,0,-1.3899526505739028,-1.3847548961639404,-1.4076743631631667,-1.3929851055145264,-1.3790415273229835
5222,6572,6569,0,-1.9757056145936782,-2.0129902362823486,-2.035909703281575,-1.988451600074768,-1.9745080218832252
5223,6573,6570,0,-0.6917608886033828,-0.686514675617218,-0.7094341426164443,-0.7490335702896118,-0.7350899920980689
5224,6575,6572,0,1.9392197222440903,1.99394690990448,1.9710274429052537,1.8399032354354858,1.8538468136270287
5225,6576,6573,0,-1.8601474671632583,-1.8854790925979614,-1.9083985595971877,-1.8698302507400513,-1.8558866725485084
5226,6577,6574,0,0.46612412640745093,0.4589841365814209,0.4360646695821946,0.40863335132598877,0.4225769295175317
5227,6578,6575,0,1.2750096411436265,1.2421597242355347,1.2192402572363084,1.2191941738128662,1.2331377520044091
5228,6579,6576,0,-0.8646030931741531,-0.8329501152038574,-0.8558695822030837,-0.8384391069412231,-0.8244955287496802
5229,6582,6579,-1,-1.971278357820767,-1.9688127040863037,-1.99173217108553,-1.9892343282699585,-1.9752907500784156
5230,6584,6581,0,-3.047012200859242,-3.017502546310425,-3.040422013309651,-3.0710091590881348,-3.057065580896592
5231,6585,6582,0,0.8529273361890977,0.8801254630088806,0.8572059960096543,0.8537209033966064,0.8676644815881493
5232,6586,6583,0,-0.315640440490895,-0.258846253156662,-0.2817657201558883,-0.29684978723526,-0.2829062090437171
5233,6587,6584,-1,1.2945762392709077,1.3199939727783203,1.297074505779094,1.2334743738174438,1.2474179520089868
5234,6588,6585,0,0.20811405191118168,0.2549207806587219,0.23200131365949558,0.20228493213653564,0.21622851032807855
5235,6589,6586,0,1.655838617774791,1.7331700325012207,1.7102505655019944,1.6894416809082031,1.703385259099746
5236,6590,6587,0,2.0691374630659287,2.1369330883026123,2.114013621303386,2.0641138553619385,2.0780574335534814
5237,6592,6589,0,1.7989308924406235,1.795248031616211,1.7723285646169846,1.7771793603897095,1.7911229385812524
5238,6594,6591,0,-3.908109536674672,-3.879384994506836,-3.9023044615060622,-3.8616418838500977,-3.8476983056585548
5239,6595,6592,0,0.998914310428447,1.0648866891860962,1.0419672221868699,0.9735746383666992,0.9875182165582421
5240,6596,6593,0,-1.4224836735994155,-1.451592206954956,-1.4745116739541824,-1.4541562795639038,-1.440212701372361
5241,6597,6594,0,0.9599612445562546,0.9757533073425293,0.952833840343303,0.8756846189498901,0.889628197141433
5242,6598,6595,0,-2.191688409355336,-2.189859390258789,-2.2127788572580154,-2.230130195617676,-2.216186617426133
5243,6599,6596,0,0.19742987463170933,0.2565913796424866,0.23367191264326023,0.19532519578933716,0.20926877398088006
5244,6600,6597,0,0.6379559726446336,0.6618406772613525,0.6389212102621262,0.5987288951873779,0.6126724733789208
5245,6601,6598,0,0.5535384506910508,0.6194784045219421,0.5965589375227158,0.582585334777832,0.5965289129693749
5246,6602,6599,0,2.014483103248424,2.0145230293273926,1.9916035623281663,1.9694045782089233,1.9833481564004662
5247,6603,6600,0,0.8824200720518296,0.8966835737228394,0.873764106723613,0.8800140619277954,0.8939576401193383
5248,6605,6602,0,-3.1904836802751357,-3.3292429447174072,-3.3521624117166335,-3.1002695560455322,-3.0863259778539893
5249,6606,6603,0,-1.271785369423085,-1.2210124731063843,-1.2439319401056106,-1.27608060836792,-1.262137030176377
5250,6608,6605,0,1.144449481460399,1.1836955547332764,1.16077608773405,1.1214430332183838,1.1353866114099267
5251,6609,6606,0,0.22476408788854527,0.24541988968849182,0.22250042268926548,0.23300424218177795,0.24694782037332086
5252,6611,6608,0,-0.27469443371599267,-0.24917927384376526,-0.27209874084299157,-0.2991296947002411,-0.2851861165086982
5253,6612,6609,0,2.501161703559703,2.5059163570404053,2.482996890041179,2.4552180767059326,2.4691616548974755
5254,6613,6610,0,2.39407766768629,2.452634572982788,2.4297151059835618,2.3778390884399414,2.3917826666314843
5255,6614,6611,0,0.8752681107252305,0.842085063457489,0.8191655964582627,0.8422811031341553,0.8562246813256982
5256,6615,6612,0,-0.7059269457132156,-0.6460988521575928,-0.6690183191568191,-0.691602349281311,-0.6776587710897681
5257,6616,6613,0,-1.2641192584306533,-1.2203283309936523,-1.2432477979928787,-1.2168852090835571,-1.2029416308920142
5258,6617,6614,0,0.2913299889295762,0.2763793170452118,0.2534598500459855,0.26937127113342285,0.28331484932496576
5259,6618,6615,0,2.6023892254560654,2.6758880615234375,2.652968594524211,2.57601261138916,2.589956189580703
5260,6619,6616,0,-2.1836043505937393,-2.134373426437378,-2.1572928934366042,-2.1442973613739014,-2.1303537831823585
5261,6620,6617,0,-0.09402493974273754,-0.06353893131017685,-0.08645839830940319,-0.12528109550476074,-0.11133751731321784
5262,6624,6621,0,-0.08501489302223278,-0.07220696657896042,-0.09512643357818676,-0.07510113716125488,-0.06115755896971198
5263,6625,6622,0,-1.0239903836519058,-0.9726620316505432,-0.9955814986497695,-0.9519343376159668,-0.9379907594244239
5264,6627,6624,0,-3.3200377135545547,-3.3630974292755127,-3.386016896274739,-3.2961814403533936,-3.2822378621618507
5265,6628,6625,0,1.6302780003278916,1.669472098350525,1.6465526313512986,1.5765095949172974,1.5904531731088403
5266,6630,6627,0,1.9297125429838364,1.9396870136260986,1.9167675466268723,1.862680435180664,1.876624013372207
5267,6631,6628,0,-1.219772806671315,-1.237558364868164,-1.2604778318673904,-1.1955562829971313,-1.1816127048055884
5268,6633,6630,0,1.852640399429149,1.9095300436019897,1.8866105766027634,1.8490382432937622,1.8629818214853051
5269,6634,6631,0,0.6190361470907395,0.609747588634491,0.5868281216352647,0.5861364603042603,0.6000800384958032
5270,6635,6632,0,1.3151747078626816,1.3306998014450073,1.307780334445781,1.2889282703399658,1.3028718485315087
5271,6637,6634,-2,-4.119666562206609,-4.266509056091309,-4.289428523090535,-3.9892232418060303,-3.9752796636144874
5272,6638,6635,0,0.3765768499105637,0.39934149384498596,0.37642202684575965,0.36223119497299194,0.37617477316453485
5273,6639,6636,0,0.36120630213910987,0.3862685263156891,0.3633490593164628,0.32853975892066956,0.34248333711221246
5274,6640,6637,0,1.0119466871946519,0.995674192905426,0.9727547259061997,0.977705717086792,0.9916492952783349
5275,6641,6638,0,1.5288198084562485,1.509084701538086,1.4861652345388596,1.480143666267395,1.494087244458938
5276,6643,6640,0,1.9308148712843125,1.9612547159194946,1.9383352489202683,1.8957717418670654,1.9097153200586083
5277,6644,6641,0,1.4243551583021348,1.4543992280960083,1.431479761096782,1.4203590154647827,1.4343025936563256
5278,6645,6642,0,0.9553141684263413,0.9499545693397522,0.9270351023405259,0.9279817342758179,0.9419253124673608
5279,6646,6643,0,1.0757839770048325,1.0219308137893677,0.9990113467901414,0.9795905351638794,0.9935341133554223
5280,6649,6646,0,0.8713030905454819,0.8915393948554993,0.868619927856273,0.8621267080307007,0.8760702862222436
5281,6652,6649,0,2.7247723431318467,2.7544991970062256,2.7315797300069993,2.684927225112915,2.698870803304458
5282,6653,6650,0,-2.73535930207079,-2.7532994747161865,-2.776218941715413,-2.649784803390503,-2.63584122519896
5283,6654,6651,0,2.2060457558363145,2.2805588245391846,2.2576393575399583,2.1439337730407715,2.1578773512323144
5284,6655,6652,0,1.6960181088178818,1.699622392654419,1.6767029256551926,1.6624422073364258,1.6763857855279687
5285,6656,6653,0,-0.7797744779855544,-0.7690930366516113,-0.7920125036508376,-0.7571595907211304,-0.7432160125295875
5286,6657,6654,0,-2.387362113502675,-2.397547483444214,-2.42046695044344,-2.4816911220550537,-2.467747543863511
5287,6659,6656,0,1.347653278800792,1.3887898921966553,1.365870425197429,1.3331276178359985,1.3470711960275414
5288,6660,6657,0,-1.0202518611223037,-0.9817039370536804,-1.0046234040529067,-0.9941052198410034,-0.9801616416494605
5289,6661,6658,0,-1.8222198395997817,-1.7634167671203613,-1.7863362341195876,-1.833877444267273,-1.81993386607573
5290,6662,6659,0,-0.9278814106256301,-0.9120619297027588,-0.9349813967019851,-0.9240971803665161,-0.9101536021749732
5291,6663,6660,-1,1.2086594816872895,1.2462965250015259,1.2233770580022996,1.1821026802062988,1.1960462583978417
5292,6664,6661,0,0.4359975547521775,0.4368214011192322,0.41390193412000587,0.43431565165519714,0.44825922984674005
5293,6665,6662,0,-0.3820946424276168,-0.303955614566803,-0.3268750815660293,-0.4360078275203705,-0.4220642493288276
5294,6666,6663,0,-1.8142813353807266,-1.8518123626708984,-1.8747318296701247,-1.7563446760177612,-1.7424010978262183
5295,6667,6664,0,-2.2915784030229385,-2.280604362487793,-2.3035238294870193,-2.3076412677764893,-2.2936976895849464
5296,6668,6665,0,0.2099254668682282,0.24931466579437256,0.22639519879514622,0.1837865114212036,0.19773008961274652
5297,6670,6667,0,-0.22186352899377895,-0.15125146508216858,-0.17417093208139492,-0.20884177088737488,-0.19489819269583197
5298,6671,6668,0,-2.9210463671953018,-2.88191819190979,-2.9048376589090164,-2.917912721633911,-2.9039691434423682
5299,6672,6669,0,-0.05300669958894801,-0.04791563004255295,-0.07083509704177929,-0.03667839616537094,-0.022734817973828036
5300,6673,6670,0,0.7731847853391831,0.792184054851532,0.7692645878523057,0.7887430191040039,0.8026865972955468
5301,6675,6672,0,2.095517286750621,2.159309148788452,2.136389681789226,2.059525489807129,2.073469067998672
5302,6676,6673,0,-2.0910123496324355,-2.135958671569824,-2.1588781385690505,-2.0511162281036377,-2.037172649912095
5303,6677,6674,0,2.574269661399669,2.615502119064331,2.5925826520651047,2.516381025314331,2.530324603505874
5304,6678,6675,0,0.7227877468794053,0.8086473941802979,0.7857279271810715,0.7983827590942383,0.8123263372857812
5305,6679,6676,0,-1.7473544984132583,-1.8044241666793823,-1.8273436336786086,-1.7942885160446167,-1.7803449378530738
5306,6680,6677,0,2.0050100178449815,2.0361111164093018,2.0131916494100754,1.9662874937057495,1.9802310718972924
5307,6683,6680,0,0.3474988133638566,0.38854914903640747,0.36562968203718116,0.3178694248199463,0.3318130030114892
5308,6684,6681,0,1.2611425013273423,1.3513875007629395,1.3284680337637131,1.2233494520187378,1.2372930302102807
5309,6685,6682,0,-1.726278892067128,-1.6872055530548096,-1.7101250200540359,-1.7314869165420532,-1.7175433383505103
5310,6688,6685,0,-0.13442507973020626,-0.12404432147741318,-0.14696378847663952,-0.12148968875408173,-0.10754611056253882
5311,6689,6686,0,0.1816412300794785,0.2686476409435272,0.24572817394430088,0.1818864941596985,0.1958300723512414
5312,6690,6687,0,-2.8448434977800185,-2.8490774631500244,-2.8719969301492507,-2.747056484222412,-2.733112906030869
5313,6691,6688,0,-5.682335248497182,-5.659926414489746,-5.682845881488973,-5.634420871734619,-5.620477293543076
5314,6692,6689,0,2.373059877845592,2.4234933853149414,2.400573918315715,2.339132070541382,2.3530756487329247
5315,6693,6690,0,-4.322408071067983,-4.325089454650879,-4.348008921650106,-4.368335247039795,-4.354391668848252
5316,6695,6692,0,0.609358498546428,0.6524036526679993,0.629484185668773,0.5691488981246948,0.5830924763162377
5317,6697,6694,0,2.0576273293226426,2.1078836917877197,2.0849642247884934,2.1150970458984375,2.1290406240899804
5318,6699,6696,0,1.2757533879011338,1.3200666904449463,1.29714722344572,1.2777329683303833,1.2916765465219262
5319,6700,6697,0,0.45850414941007545,0.49590539932250977,0.47298593232328345,0.40148797631263733,0.41543155450418023
5320,6701,6698,0,-1.9423053174287612,-1.967529058456421,-1.9904485254556472,-1.9983676671981812,-1.9844240890066382
5321,6702,6699,0,-0.27355220010583947,-0.23744162917137146,-0.26036109617059777,-0.3020946681499481,-0.2881510899584052
5322,6703,6700,0,-0.17917551687067104,-0.15349748730659485,-0.1764169543058212,-0.23968800902366638,-0.22574443083212348
5323,6704,6701,0,-1.2547415404588516,-1.2679890394210815,-1.2909085064203079,-1.2046631574630737,-1.1907195792715308
5324,6705,6702,0,1.6383829207151597,1.640437364578247,1.6175178975790208,1.5885003805160522,1.6024439587075952
5325,6706,6703,0,1.5180355400770371,1.532957911491394,1.5100384444921677,1.5108405351638794,1.5247841133554223
5326,6707,6704,0,2.486351379844493,2.5402719974517822,2.517352530452556,2.4405202865600586,2.4544638647516015
5327,6708,6705,0,2.292961248847789,2.3633511066436768,2.3404316396444504,2.284234046936035,2.298177625127578
5328,6711,6708,0,-0.34811978628938745,-0.37651148438453674,-0.39943095138376306,-0.33030611276626587,-0.31636253457472296
5329,6712,6709,0,0.4783694834440415,0.5426851511001587,0.5197656841009324,0.5248274803161621,0.538771058507705
5330,6713,6710,-1,-4.6387278321554835,-4.697293281555176,-4.7202127485544025,-4.462724208831787,-4.448780630640244
5331,6714,6711,0,0.03576169321233678,0.0696793869137764,0.04675991991455006,0.025555014610290527,0.03949859280183343
5332,6715,6712,0,1.4134997219770615,1.469665765762329,1.4467462987631028,1.371377944946289,1.385321523137832
5333,6717,6714,0,-0.4173611312181289,-0.39621415734291077,-0.4191336243421371,-0.4252574145793915,-0.4113138363878486
5334,6718,6715,0,0.2733483106821244,0.36626774072647095,0.34334827372724464,0.26874446868896484,0.28268804688050775
5335,6720,6717,0,-1.1446840672761733,-1.1052440404891968,-1.128163507488423,-1.0889132022857666,-1.0749696240942237
5336,6721,6718,0,-0.699724069145375,-0.6777778267860413,-0.7006972937852676,-0.6904643774032593,-0.6765207992117164
5337,6723,6720,0,-1.2864802985460098,-1.3239060640335083,-1.3468255310327346,-1.296162486076355,-1.282218907884812
5338,6724,6721,0,0.02207237081522393,0.06431590765714645,0.041396440657920114,-0.00849202275276184,0.005451555438781064
5339,6725,6722,0,-1.0303229003221328,-1.0036046504974365,-1.0265241174966628,-1.1070507764816284,-1.0931071982900855
5340,6726,6723,0,2.162472137901134,2.188120126724243,2.165200659725017,2.1515936851501465,2.1655372633416894
5341,6727,6724,0,-1.3516348510057266,-1.3762891292572021,-1.3992085962564285,-1.319320559501648,-1.305376981310105
5342,6728,6725,0,0.9665986389845078,0.9918716549873352,0.9689521879881089,0.9429584741592407,0.9569020523507836
5343,6729,6726,0,-6.409395089653188,-6.453498840332031,-6.476418307331258,-6.310605525970459,-6.296661947778916
5344,6730,6727,0,2.739719995948619,2.798469305038452,2.775549838039226,2.705237627029419,2.719181205220962
5345,6731,6728,0,-2.0677889495164687,-2.08701491355896,-2.1099343805581863,-2.05012845993042,-2.036184881738877
5346,6732,6729,0,-1.375683656242543,-1.3343169689178467,-1.357236435917073,-1.3499102592468262,-1.3359666810552833
5347,6734,6731,0,0.87899536797697,0.8157496452331543,0.792830178233928,0.8600189685821533,0.8739625467736962
5348,6735,6732,0,1.1615836710661118,1.1864168643951416,1.1634973973959153,1.1206411123275757,1.1345846905191186
5349,6736,6733,0,1.3397398085325425,1.3675262928009033,1.344606825801677,1.283126950263977,1.29707052845552
5350,6737,6734,0,1.494017967674083,1.5015294551849365,1.4786099881857102,1.4988147020339966,1.5127582802255395
5351,6738,6735,0,1.9227653832166856,1.9801018238067627,1.9571823568075364,1.9007234573364258,1.9146670355279687
5352,6739,6736,0,-0.44657944729631494,-0.40529701113700867,-0.428216478136235,-0.4772241413593292,-0.4632805631677863
5353,6740,6737,0,0.01651611151093888,0.037894852459430695,0.014975385460204355,0.004420511424541473,0.018364089616084378
5354,6741,6738,0,0.24350024172956394,0.23193511366844177,0.20901564666921543,0.252827912569046,0.2667714907605889
5355,6742,6739,0,1.3453617186277573,1.3230693340301514,1.300149867030925,1.347551703453064,1.3614952816446069
5356,6745,6742,0,-0.16084443619554592,-0.15615442395210266,-0.179073890951329,-0.15514448285102844,-0.14120090465948554
5357,6746,6743,0,0.9493696779936021,0.9498565793037415,0.9269371123045151,0.8781464099884033,0.8920899881799462
5358,6747,6744,0,1.5740250439375107,1.5757479667663574,1.552828499767131,1.597998023033142,1.611941601224685
5359,6748,6745,0,-1.4089397101671035,-1.3134186267852783,-1.3363380937845046,-1.401697039604187,-1.387753461412644
5360,6750,6747,0,1.715619930717296,1.7401231527328491,1.7172036857336228,1.715539574623108,1.7294831528146508
5361,6751,6748,0,-0.7511250882417495,-0.7403659224510193,-0.7632853894502456,-0.759495735168457,-0.7455521569769141
5362,6753,6750,0,2.731014856788463,2.796325206756592,2.7734057397573655,2.669602394104004,2.683545972295547
5363,6754,6751,0,-0.02341838581567359,0.00405130535364151,-0.01886816164558483,-0.017751887440681458,-0.003808309249138553
5364,6755,6752,0,1.0312966198652451,1.0377353429794312,1.0148158759802048,1.0197749137878418,1.0337184919793847
5365,6756,6753,0,0.9372031779020493,0.9375008344650269,0.9145813674658005,0.8766142129898071,0.89055779118135
5366,6757,6754,0,1.822425851318187,1.8206264972686768,1.7977070302694504,1.7850525379180908,1.7989961161096337
5367,6758,6755,0,-2.075398316887074,-2.0961811542510986,-2.119100621250325,-2.0236737728118896,-2.0097301946203467
5368,6759,6756,0,-0.4821380882531936,-0.4534934461116791,-0.4764129131109054,-0.44907864928245544,-0.43513507109091254
5369,6760,6757,0,0.7179824204176133,0.7184786200523376,0.6955591530531113,0.6950734853744507,0.7090170635659936
5370,6761,6758,0,0.9727406592100327,0.9806094765663147,0.9576900095670884,0.9474884271621704,0.9614320053537133
5371,6762,6759,0,0.06313452282840656,0.07441646605730057,0.05149699905807423,0.07517510652542114,0.08911868471696405
5372,6763,6760,0,-0.1011809392840202,-0.09247318655252457,-0.1153926535517509,-0.0884496420621872,-0.07450606387064429
5373,6764,6761,0,1.3271453470915024,1.4180457592010498,1.3951262922018235,1.2997437715530396,1.3136873497445825
5374,6766,6763,0,-0.45274668028657983,-0.44779548048973083,-0.47071494748895715,-0.4666908085346222,-0.4527472303430793
5375,6767,6764,0,-2.6869407801896865,-2.640294313430786,-2.6632137804300124,-2.637639045715332,-2.623695467523789
5376,6769,6766,0,-3.114850392845326,-3.083840847015381,-3.106760314014607,-3.1516826152801514,-3.1377390370886085
5377,6770,6767,0,-1.161378851440602,-1.2614061832427979,-1.2843256502420242,-1.1591978073120117,-1.1452542291204688
5378,6771,6768,-1,-2.6070806268027007,-2.6076133251190186,-2.630532792118245,-2.597390651702881,-2.583447073511338
5379,6772,6769,0,1.5491112560957139,1.592646837234497,1.5697273702352708,1.5473836660385132,1.561327244230056
5380,6773,6770,0,-1.9523360638887222,-2.02842116355896,-2.0513406305581863,-1.9194294214248657,-1.9054858432333228
5381,6774,6771,0,1.327389368507213,1.363469123840332,1.3405496568411057,1.3322938680648804,1.3462374462564233
5382,6775,6772,0,2.98158086249525,3.008403778076172,2.9854843110769456,2.9314374923706055,2.9453810705621484
5383,6776,6773,0,1.0183336825102036,1.0989910364151,1.0760715694158738,0.915712833404541,0.9296564115960839
5384,6777,6774,0,-0.10243018558328701,-0.13667938113212585,-0.1595988481313522,-0.128033846616745,-0.11409026842520209
5385,6778,6775,0,-0.2249185352594192,-0.22499722242355347,-0.2479166894227798,-0.2319844663143158,-0.2180408881227729
5386,6779,6776,0,-0.1668532698423202,-0.14954283833503723,-0.17246230533426357,-0.21039840579032898,-0.19645482759878607
5387,6781,6778,0,0.30280754873449256,0.3451310694217682,0.3222116024225419,0.26614540815353394,0.28008898634507684
5388,6782,6779,0,-0.4184762149125869,-0.34276285767555237,-0.3656823246747787,-0.4356737434864044,-0.4217301652948615
5389,6784,6781,0,-5.758954396751577,-5.803173065185547,-5.826092532184774,-5.672480583190918,-5.658537004999375
5390,6785,6782,0,-4.803710332420522,-4.804512023925781,-4.827431490925008,-4.7929816246032715,-4.779038046411729
5391,6786,6783,0,0.3817692489355271,0.36732345819473267,0.34440399119550635,0.3584231734275818,0.3723667516191247
5392,6787,6784,0,0.3186717719762986,0.3076414465904236,0.28472197959119727,0.2860185205936432,0.2999620987851861
5393,6788,6785,0,1.2562317938535874,1.2835533618927002,1.2606338948934739,1.234933853149414,1.248877431340957
5394,6789,6786,0,1.5705726237028306,1.5910882949829102,1.5681688279836838,1.5542300939559937,1.5681736721475366
5395,6790,6787,0,0.7876475543707078,0.7633729577064514,0.7404534907072251,0.7474210262298584,0.7613646044214013
5396,6791,6788,0,0.45278716990644385,0.5030598044395447,0.48014033744031837,0.4425121247768402,0.4564557029683831
5397,6792,6789,0,-5.4051402716905415,-5.4509382247924805,-5.473857691791707,-5.336319446563721,-5.322375868372178
5398,6793,6790,0,2.718773016425914,2.791849374771118,2.768929907771892,2.6990511417388916,2.7129947199304345
5399,6794,6791,0,0.0599763669996922,0.11493334919214249,0.09201388219291615,0.058244869112968445,0.07218844730451135
5400,6795,6792,0,0.6802128047674363,0.7662624716758728,0.7433430046766465,0.6843584775924683,0.6983020557840112
5401,6797,6794,0,2.376407751533336,2.4157936573028564,2.39287419030363,2.37062668800354,2.384570266195083
5402,6798,6795,0,-5.801807275322133,-5.878417015075684,-5.90133648207491,-5.586071491241455,-5.572127913049912
5403,6799,6796,0,1.4799600929945176,1.4911757707595825,1.4682563037603562,1.4409128427505493,1.4548564209420922
5404,6800,6797,0,0.07747910329992222,0.11216745525598526,0.08924798825675892,0.07779723405838013,0.09174081224992303
5405,6801,6798,0,0.35918832728559424,0.40766778588294983,0.3847483188837235,0.3657945692539215,0.3797381474454644
5406,6803,6800,0,2.7803496212690537,2.8157966136932373,2.792877146694011,2.754061460494995,2.768005038686538
5407,6804,6801,0,1.9605201573103135,2.0287718772888184,2.005852410289592,2.004150629043579,2.018094207235122
5408,6805,6802,0,2.2351411671369736,2.2684385776519775,2.2455191106527512,2.2168326377868652,2.230776215978408
5409,6806,6803,0,0.4373197049825852,0.47407498955726624,0.4511555225580399,0.404983788728714,0.4189273669202569
5410,6807,6804,0,-0.14955025008028103,-0.12699684500694275,-0.1499163120061691,-0.14832937717437744,-0.13438579898283454
5411,6808,6805,0,0.4074669868677323,0.4173751175403595,0.3944556505411332,0.3994665741920471,0.41341015238359
5412,6809,6806,0,1.4916968435972398,1.5926485061645508,1.5697290391653245,1.4963067770004272,1.5102503551919702
5413,6810,6807,0,-2.928552260902577,-2.9696338176727295,-2.992553284671956,-2.9222664833068848,-2.908322905115342
5414,6811,6808,0,-3.0016759543687637,-3.0579304695129395,-3.0808499365121658,-2.9148166179656982,-2.9008730397741553
5415,6812,6809,0,0.7706897349088853,0.8114277720451355,0.7885083050459092,0.805499792098999,0.8194433702905419
5416,6813,6810,0,1.8531394095152085,1.9291951656341553,1.906275698634929,1.8431233167648315,1.8570668949563744
5417,6814,6811,0,-1.2996286063463027,-1.2672102451324463,-1.2901297121316726,-1.3569568395614624,-1.3430132613699195
5418,6815,6812,0,-4.201685300377065,-4.214655876159668,-4.237575343158895,-4.145942211151123,-4.13199863295958
5419,6816,6813,0,0.32095686504537513,0.4160793721675873,0.39315990516836097,0.3581993281841278,0.3721429063756707
5420,6817,6814,0,1.4159793944090073,1.5044705867767334,1.481551119777507,1.389431118965149,1.4033746971566918
5421,6819,6816,0,1.1287497372358506,1.1621668338775635,1.1392473668783372,1.0995451211929321,1.113488699384475
5422,6820,6817,-1,-0.8622357133200347,-0.8723547458648682,-0.8952742128640945,-0.8913512229919434,-0.8774076448004005
5423,6821,6818,0,-1.9843945412904556,-1.9576303958892822,-1.9805498628885085,-1.995041012763977,-1.9810974345724341
5424,6823,6820,0,0.547026464435405,0.5847207903862,0.5618013233869736,0.5199822783470154,0.5339258565385583
5425,6824,6821,0,-0.7941341309816177,-0.7400866150856018,-0.7630060820848281,-0.7772895097732544,-0.7633459315817115
5426,6825,6822,0,1.8744013399809067,1.8381690979003906,1.8152496309011643,1.836918830871582,1.850862409063125
5427,6826,6823,0,-4.944187989738637,-4.930432319641113,-4.95335178664034,-4.794752597808838,-4.780809019617295
5428,6828,6825,0,2.8231798500745957,2.874051094055176,2.8511316270559495,2.7465898990631104,2.7605334772546533
5429,6830,6827,0,-2.201209893730336,-2.303110361099243,-2.3260298280984695,-2.167154312133789,-2.153210733942246
5430,6831,6828,0,1.0386053414076035,1.048724889755249,1.0258054227560227,1.0201687812805176,1.0341123594720605
5431,6834,6831,0,0.1753480226724808,0.22565609216690063,0.2027366251676743,0.16189929842948914,0.17584287662103204
5432,6835,6832,0,1.7601621241300767,1.7986643314361572,1.775744864436931,1.7215667963027954,1.7355103744943383
5433,6836,6833,0,1.3146729559629624,1.3992568254470825,1.3763373584478562,1.3610336780548096,1.3749772562463525
5434,6837,6834,0,-0.2647834031850631,-0.26082703471183777,-0.2837465017110641,-0.27059993147850037,-0.25665635328695746
5435,6838,6835,0,0.5839086265295212,0.6157804131507874,0.592860946151561,0.6137121915817261,0.627655769773269
5436,6839,6836,0,1.7590214104383652,1.788727879524231,1.7658084125250046,1.7407587766647339,1.7547023548562768
5437,6840,6837,0,-0.07141722580497814,-0.045860134065151215,-0.06877960106437755,-0.06375560164451599,-0.04981202345297309
5438,6841,6838,0,-0.2476781665355499,-0.23919448256492615,-0.26211394956415246,-0.23931124806404114,-0.22536766987249823
5439,6843,6840,0,1.8078633637159531,1.8310182094573975,1.8080987424581711,1.7899880409240723,1.8039316191156152
5440,6845,6842,0,1.1591652722089951,1.1411458253860474,1.118226358386821,1.178536295890808,1.192479874082351
5441,6846,6843,0,2.576742062064952,2.6274943351745605,2.6045748681753342,2.5711450576782227,2.5850886358697656
5442,6847,6844,0,1.070461043807811,1.0849864482879639,1.0620669812887376,1.0458208322525024,1.0597644104440453
5443,6848,6845,0,-0.0734874292284782,-0.03103666752576828,-0.05395613452499462,-0.11577044427394867,-0.10182686608240576
5444,6849,6846,0,2.3505674690931504,2.4106812477111816,2.3877617807119553,2.310499906539917,2.32444348473146
5445,6850,6847,0,3.3995508045881455,3.474853515625,3.4519340486257737,3.357387065887451,3.371330644078994
5446,6852,6849,-1,2.2029474493691743,2.246455430984497,2.2235359639852708,2.1495258808135986,2.1634694590051415
5447,6854,6851,-1,1.3315397021004975,1.3225977420806885,1.2996782750814622,1.311490774154663,1.325434352346206
5448,6855,6852,0,-2.1244498400956924,-2.076972007751465,-2.099891474750691,-2.1018741130828857,-2.087930534891343
5449,6857,6854,0,0.9044604391782944,0.9273621439933777,0.9044426769941514,0.8126435279846191,0.826587106176162
5450,6858,6855,0,-0.3642266898423965,-0.3912251889705658,-0.4141446559697921,-0.41631218791007996,-0.40236860971853705
5451,6859,6856,0,2.1729997486799424,2.206029176712036,2.18310970971281,2.1396162509918213,2.153559829183364
5452,6860,6857,0,1.7264835924833482,1.7419523000717163,1.71903283307249,1.7305647134780884,1.7445082916696313
5453,6861,6858,0,2.362862715217418,2.34073805809021,2.3178185910909836,2.341588258743286,2.355531836934829
5454,6862,6859,0,0.5547765583723252,0.5777806639671326,0.5548611969679063,0.5531665086746216,0.5671100868661645
5455,6863,6860,0,1.472527513000316,1.4241983890533447,1.4012789220541184,1.400374174118042,1.414317752309585
5456,6866,6863,0,-0.1864465682775314,-0.1643998622894287,-0.18731932928865505,-0.10081884264945984,-0.08687526445791693
5457,6868,6865,0,-2.4256158976823623,-2.5288097858428955,-2.551729252842122,-2.4567666053771973,-2.4428230271856544
5458,6869,6866,0,-0.8893867640764053,-0.8910923600196838,-0.9140118270189102,-0.897423505783081,-0.8834799275915382
5459,6872,6869,0,1.6204878182142441,1.614009141921997,1.5910896749227708,1.5676847696304321,1.581628347821975
5460,6873,6870,0,2.6952473015516465,2.7157700061798096,2.6928505391805833,2.6028268337249756,2.6167704119165185
5461,6874,6871,0,-1.257898560074025,-1.257519006729126,-1.2804384737283523,-1.283262848854065,-1.269319270662522
5462,6875,6872,0,-2.667123904731923,-2.6909797191619873,-2.7138991861612136,-2.6305124759674072,-2.6165688977758643
5463,6876,6873,0,1.1866158337324326,1.1869778633117676,1.1640583963125413,1.1518503427505493,1.1657939209420922
5464,6878,6875,0,-4.528703084495717,-4.473362445831299,-4.496281912830526,-4.526890754699707,-4.512947176508164
5465,6879,6876,0,2.0151399464338486,2.0277137756347656,2.0047943086355393,1.9805808067321777,1.9945243849237206
5466,6880,6877,0,1.8639305920332139,1.931232213973999,1.9083127469747727,1.8716983795166016,1.8856419577081445
5467,6881,6878,0,1.5954301447599595,1.6235125064849854,1.600593039485759,1.618767261505127,1.6327108396966699
5468,6882,6879,0,-0.3611521630555923,-0.37293609976768494,-0.39585556676691125,-0.3958514630794525,-0.3819078848879096
5469,6883,6880,0,0.2240821809499924,0.1767946183681488,0.15387515136892246,0.22837306559085846,0.24231664378240136
5470,6884,6881,0,-0.48623993089502404,-0.45496174693107605,-0.47788121393030236,-0.5100669860839844,-0.49612340789244147
5471,6885,6882,0,-2.4320315032274062,-2.415184736251831,-2.4381042032510574,-2.4343645572662354,-2.4204209790746924
5472,6886,6883,-1,1.758874845189792,1.8587852716445923,1.835865804645366,1.7115596532821655,1.7255032314737084
5473,6887,6884,0,-2.8978449015886123,-2.8895602226257324,-2.9124796896249587,-2.831482172012329,-2.817538593820786
5474,6888,6885,0,2.234182247611827,2.2333109378814697,2.2103914708822434,2.1546733379364014,2.1686169161279443
5475,6889,6886,0,1.949172505828685,2.058029890060425,2.0351104230611985,1.8964694738388062,1.910413052030349
5476,6891,6888,0,1.7940889687269395,1.8243681192398071,1.8014486522405808,1.789601445198059,1.803545023389602
5477,6892,6889,0,-1.2217894702226455,-1.199529767036438,-1.2224492340356643,-1.1885318756103516,-1.1745882974188087
5478,6893,6890,0,1.0066017002790635,1.0481489896774292,1.0252295226782029,0.9685225486755371,0.98246612686708
5479,6894,6891,0,0.5987387389867966,0.6574400067329407,0.6345205397337144,0.5505394339561462,0.5644830121476891
5480,6895,6892,0,1.8961753935545151,1.9035165309906006,1.8805970639913743,1.8989770412445068,1.9129206194360497
5481,6896,6893,0,0.2411940784185593,0.29154983162879944,0.2686303646295731,0.26995381712913513,0.28389739532067804
5482,6897,6894,0,-0.6475931911737258,-0.6417629718780518,-0.6646824388772781,-0.7019451856613159,-0.688001607469773
5483,6898,6895,0,1.6092193217008774,1.6317068338394165,1.6087873668401902,1.6037019491195679,1.6176455273111108
5484,6900,6897,0,-0.970037093666249,-1.009677529335022,-1.0325969963342483,-0.9404593706130981,-0.9265157924215552
5485,6901,6898,0,1.1580790371626084,1.1969413757324219,1.1740219087331956,1.1022332906723022,1.1161768688638452
5486,6902,6899,0,1.4405504555433457,1.4789959192276,1.4560764522283738,1.4288874864578247,1.4428310646493676
5487,6903,6900,0,-0.6723641066819961,-0.6496902704238892,-0.6726097374231155,-0.6597083806991577,-0.6457648025076148
5488,6905,6902,0,1.0850147099226182,1.0633691549301147,1.0404496879308884,1.0067732334136963,1.0207168116052392
5489,6906,6903,0,0.21157691785985874,0.33677545189857483,0.3138559848993485,0.18299716711044312,0.19694074530198602
5490,6907,6904,0,0.09459285596305775,0.08506321161985397,0.06214374462062763,0.08034620434045792,0.09428978253200082
5491,6908,6905,0,1.1549106926649277,1.204838752746582,1.1819192857473557,1.1692417860031128,1.1831853641946557
5492,6909,6906,-1,-1.4837610009482085,-1.5003507137298584,-1.5232701807290847,-1.5210418701171875,-1.5070982919256446
5493,6912,6909,0,0.6014580816953843,0.6415712237358093,0.618651756736583,0.5581727623939514,0.5721163405854943
5494,6913,6910,0,1.0439814419477647,1.0770498514175415,1.0541303844183152,1.0793699026107788,1.0933134808023217
5495,6915,6912,0,1.5149079651563828,1.5289106369018555,1.5059911699026292,1.5127835273742676,1.5267271055658105
5496,6916,6913,0,1.0655781120985215,1.090484857559204,1.0675653905599778,1.0965518951416016,1.1104954733331445
5497,6917,6914,0,1.3940740914076035,1.3963651657104492,1.373445698711223,1.3181153535842896,1.3320589317758325
5498,6918,6915,0,1.059858688804454,1.0682705640792847,1.0453510970800584,0.9823369979858398,0.9962805761773827
5499,6920,6917,0,-0.9904134779245193,-0.9626584649085999,-0.9855779319078262,-0.9918663501739502,-0.9779227719824073
5500,6921,6918,0,2.4731873364179795,2.518663167953491,2.495743700954265,2.415041446685791,2.428985024877334
5501,6922,6919,0,1.3610578865736191,1.4433188438415527,1.4203993768423264,1.3718421459197998,1.3857857241113427
5502,6923,6920,0,-4.675595155265981,-4.540432453155518,-4.563351920154744,-4.513743877410889,-4.499800299219346
5503,6924,6921,0,1.4045379252165024,1.477900505065918,1.4549810380666917,1.4035425186157227,1.4174860968072656
5504,6926,6923,0,-1.932981601265126,-1.9160501956939697,-1.938969662693196,-1.920981764793396,-1.907038186601853
5505,6927,6924,0,1.5889848561018174,1.6383925676345825,1.6154731006353562,1.6059552431106567,1.6198988213021996
5506,6928,6925,0,0.41539663979703834,0.42404547333717346,0.40112600633794715,0.3957583010196686,0.4097018792112115
5507,6931,6928,0,-2.49319039871996,-2.554823637008667,-2.5777431040078933,-2.5501468181610107,-2.536203239969468
5508,6932,6929,0,-0.4833660631448562,-0.4720001518726349,-0.4949196188718612,-0.45231470465660095,-0.43837112646505805
5509,6934,6931,0,3.037230381461925,3.0646560192108154,3.041736552211589,3.012854814529419,3.026798392720962
5510,6936,6933,0,-1.4963146357805068,-1.4725984334945679,-1.4955179004937942,-1.5102503299713135,-1.4963067517797706
5511,6937,6934,0,0.8954205603330796,0.9205750226974487,0.8976555556982224,0.8647651672363281,0.878708745427871
5512,6942,6939,0,2.144356617423839,2.1663496494293213,2.143430182430095,2.1077020168304443,2.1216455950219872
5513,6943,6940,0,2.001434215995616,2.027895212173462,2.0049757451742356,2.011134386062622,2.025077964254165
5514,6945,6942,0,0.9749838800161545,1.0028616189956665,0.9799421519964402,0.9484509229660034,0.9623945011575463
5515,6946,6943,0,-0.4919436781675155,-0.4567250907421112,-0.4796445577413375,-0.512826681137085,-0.49888310294554206
5516,6947,6944,0,1.7915322870939439,1.8245210647583008,1.8016015977590745,1.6820144653320312,1.6959580435235742
5517,6948,6945,0,1.9712437481611436,1.985668659210205,1.9627491922109788,1.9129294157028198,1.9268729938943627
5518,6949,6946,0,1.246243366691417,1.2154195308685303,1.192500063869304,1.2209340333938599,1.2348776115854028
5519,6950,6947,0,-1.7662116198808486,-1.7728233337402344,-1.7957428007394607,-1.7944244146347046,-1.7804808364431617
5520,6951,6948,0,1.6229151577680772,1.6161490678787231,1.5932296008794968,1.597089409828186,1.611032988019729
5521,6952,6949,0,1.0353068203657334,1.089108943939209,1.0661894769399827,1.00482177734375,1.018765355535293
5522,6953,6950,0,-1.4862385897905166,-1.467036247253418,-1.4899557142526443,-1.4610306024551392,-1.4470870242635963
5523,6954,6951,0,-1.4304680733949477,-1.3802580833435059,-1.4031775503427322,-1.3895388841629028,-1.37559530597136
5524,6955,6952,0,1.0407530159681504,1.0897722244262695,1.0668527574270432,1.061160922050476,1.075104500242019
5525,6956,6953,0,1.5684437842100327,1.5608277320861816,1.5379082650869553,1.5008196830749512,1.514763261266494
5526,6957,6954,0,-5.285190930870229,-5.4590163230896,-5.481935790088826,-5.32987117767334,-5.315927599481797
5527,6958,6955,0,-0.6460413246423538,-0.6073443293571472,-0.6302637963563735,-0.6228621006011963,-0.6089185224096534
5528,6959,6956,0,1.0641701311796372,1.0526950359344482,1.029775568935222,0.996871829032898,1.0108154072244409
5529,6961,6958,0,1.9751013607710068,2.022704601287842,1.9997851342886155,1.9475451707839966,1.9614887489755395
5530,6962,6959,0,-0.8586094289094741,-0.8774839639663696,-0.9004034309655959,-0.8232059478759766,-0.8092623696844337
5531,6963,6960,0,1.3818349928587144,1.4319489002227783,1.409029433223552,1.3492685556411743,1.3632121338327172
5532,6964,6961,0,-1.504745116737538,-1.5494976043701172,-1.5724170713693435,-1.5191088914871216,-1.5051653132955787
5533,6966,6963,0,-0.3879179864198501,-0.3907376825809479,-0.4136571495801742,-0.35834619402885437,-0.34440261583731147
5534,6967,6964,0,-0.13814296415155483,-0.10955449193716049,-0.13247395893638683,-0.10341031849384308,-0.08946674030230017
5535,6969,6966,0,-0.20028077652757717,-0.16648611426353455,-0.18940558126276089,-0.171956866979599,-0.1580132887880561
5536,6971,6968,0,1.293100604507274,1.3320962190628052,1.3091767520635789,1.2488476037979126,1.2627911819894555
5537,6973,6970,0,0.9863193721502488,1.025018572807312,1.0020991058080857,0.9715865850448608,0.9855301632364037
5538,6974,6971,0,-3.8185280471116836,-3.8226935863494873,-3.8456130533487136,-3.84040904045105,-3.826465462259507
5539,6975,6972,0,1.4753592104643052,1.4425296783447266,1.4196102113455003,1.4832416772842407,1.4971852554757836
5540,6976,6973,0,-0.075987933483773,-0.07034089416265488,-0.09326036116188122,-0.04042860120534897,-0.026485023013806064
5541,6977,6974,0,-0.11824707528656078,-0.05042790621519089,-0.07334737321441723,-0.049206748604774475,-0.03526317041323157
5542,6978,6975,0,1.5391661019056504,1.5705492496490479,1.5476297826498215,1.4897607564926147,1.5037043346841577
5543,6979,6976,0,-1.878402343300038,-1.8973653316497803,-1.9202847986490066,-1.8456029891967773,-1.8316594110052344
5544,6980,6977,0,0.06317745307380604,0.0703427717089653,0.04742330470973896,0.10999345779418945,0.12393703598573236
5545,6981,6978,0,0.6666492314069932,0.6724715828895569,0.6495521158903306,0.6735390424728394,0.6874826206643823
5546,6982,6979,0,1.4773370117872422,1.5134389400482178,1.4905194730489915,1.442745566368103,1.456689144559646
5547,6986,6983,0,1.2513835520475571,1.271681308746338,1.2487618417471116,1.2350703477859497,1.2490139259774926
5548,6987,6984,0,-0.9082489519388015,-0.8502845168113708,-0.8732039838105972,-0.9313026666641235,-0.9173590884725806
5549,6988,6985,0,-1.9961507230073745,-1.964667797088623,-1.9875872640878494,-1.988390326499939,-1.974446748308396
5550,6989,6986,0,-0.2248660235673721,-0.2622876763343811,-0.2852071433336074,-0.26083138585090637,-0.24688780765936347
5551,6990,6987,0,2.009694704505748,2.060471773147583,2.0375523061483567,1.9811584949493408,1.9951020731408837
5552,6991,6988,0,0.7032640666692918,0.6764335036277771,0.6535140366285508,0.6544123888015747,0.6683559669931176
5553,6992,6989,0,-2.066824546364003,-2.007499933242798,-2.030419400242024,-2.053997755050659,-2.0400541768591163
5554,6993,6990,0,2.2518128246992295,2.2913496494293213,2.268430182430095,2.2535479068756104,2.2674914850671533
5555,6994,6991,0,1.3374852032392686,1.3303593397140503,1.307439872714824,1.275442361831665,1.289385940023208
5556,6995,6992,0,2.278756031486339,2.2988383769989014,2.275918909999675,2.2355453968048096,2.2494889749963525
5557,6996,6993,0,0.4965475887983506,0.47774001955986023,0.4548205525606339,0.4521115720272064,0.4660551502187493
5558,6997,6994,0,0.6946851701467698,0.7170836329460144,0.6941641659467881,0.6435947418212891,0.657538320012832
5559,7000,6997,0,-2.1444374232560928,-2.131423234939575,-2.1543427019388015,-2.097712755203247,-2.083769177011704
5560,7001,6998,0,2.3427292198866074,2.401209592819214,2.3782901258199876,2.2632596492767334,2.2772032274682763
5561,7003,7000,0,0.565196642371959,0.5558396577835083,0.532920190784282,0.5793123245239258,0.5932559027154687
5562,7004,7001,0,1.5152042002409165,1.554396390914917,1.5314769239156907,1.5235049724578857,1.5374485506494286
5563,7005,7002,0,0.6922915668218796,0.7767122387886047,0.7537927717893784,0.6792949438095093,0.6932385220010522
5564,7006,7003,0,-1.4634061961442764,-1.4274511337280273,-1.4503706007272537,-1.4761193990707397,-1.4621758208791968
5565,7007,7004,0,-1.345493546035939,-1.4087107181549072,-1.4316301851541335,-1.4110169410705566,-1.3970733628790137
5566,7008,7005,0,-0.9375134020120437,-0.9394734501838684,-0.9623929171830947,-0.9981834888458252,-0.9842399106542823
5567,7009,7006,0,0.9289776177137559,0.916214644908905,0.8932951779096787,0.8753491640090942,0.8892927422006371
5568,7010,7007,0,0.6088811249464219,0.6476410627365112,0.6247215957372849,0.5992685556411743,0.6132121338327172
5569,7011,7008,-1,-1.065260577516812,-0.9402630925178528,-0.9631825595170791,-0.9981085062026978,-0.9841649280111548
5570,7012,7009,0,-0.8279624491006667,-0.8253849148750305,-0.8483043818742568,-0.816045880317688,-0.8021023021261451
5571,7013,7010,0,1.0908329577177232,1.1519882678985596,1.1290688008993333,1.114040493965149,1.1279840721566918
5572,7014,7011,0,-1.8548116593629653,-1.8104832172393799,-1.8334026842386062,-1.8683189153671265,-1.8543753371755836
5573,7015,7012,0,1.8279476256101792,1.7776095867156982,1.754690119716472,1.7582294940948486,1.7721730722863915
5574,7016,7013,0,-1.1035206227571304,-1.1109095811843872,-1.1338290481836135,-1.1691161394119263,-1.1551725612203834
5575,7017,7014,0,0.15790366539651798,0.18093228340148926,0.15801281640226292,0.22542425990104675,0.23936783809258966
5576,7018,7015,0,1.3704646916120713,1.3861382007598877,1.3632187337606614,1.281961441040039,1.295905019231582
5577,7019,7016,0,-3.119631877449208,-3.1483347415924072,-3.1712542085916335,-3.0742547512054443,-3.0603111730139014
5578,7020,7017,0,-0.9514628558427627,-0.9411324858665466,-0.9640519528657729,-0.960180401802063,-0.9462368236105201
5579,7021,7018,0,1.0044604630201523,1.0046930313110352,0.9817735643118088,1.012587308883667,1.02653088707521
5580,7022,7019,0,0.7905592412679856,0.7459073066711426,0.7229878396719163,0.7903987169265747,0.8043422951181176
5581,7023,7020,0,2.4404422135084336,2.4289824962615967,2.4060630292623704,2.3897736072540283,2.4037171854455712
5582,7024,7021,0,3.1223830074995225,3.153524398803711,3.1306049318044846,3.0511295795440674,3.0650731577356103
5583,7025,7022,0,1.4038808436124985,1.673064947128296,1.6501454801290696,1.3509747982025146,1.3649183763940576
5584,7026,7023,0,-0.40583249023264,-0.42439207434654236,-0.44731154134576867,-0.43199190497398376,-0.41804832678244086
5585,7027,7024,0,-2.1865066199571426,-2.2750940322875977,-2.298013499286824,-2.197599172592163,-2.18365559440062
5586,7028,7025,0,2.8830031246870225,2.9333789348602295,2.910459467861003,2.8228330612182617,2.8367766394098046
5587,7033,7030,0,0.5456495375364487,0.570411205291748,0.5474917382925217,0.529889702796936,0.5438332809884789
5588,7034,7031,0,2.199927219840831,2.2690062522888184,2.246086785289592,2.1837761402130127,2.1977197184045556
5589,7035,7032,0,-2.8326977401048477,-2.752641439437866,-2.7755609064370925,-2.770801067352295,-2.756857489160752
5590,7036,7033,0,0.9581544489591782,0.9914649128913879,0.9685454458921616,0.8571335077285767,0.8710770859201196
5591,7037,7034,0,-1.5152926354677017,-1.5334618091583252,-1.5563812761575515,-1.51980721950531,-1.5058636413137672
5592,7039,7036,0,1.4086197705000107,1.5289572477340698,1.5060377807348435,1.4068113565444946,1.4207549347360375
5593,7040,7037,0,2.431809315177745,2.4742820262908936,2.4513625592916672,2.395575761795044,2.409519339986587
5594,7041,7038,0,1.5596184820860093,1.5777440071105957,1.5548245401113694,1.5536420345306396,1.5675856127221826
5595,7043,7040,0,1.9860514492719834,1.9882694482803345,1.9653499812811082,1.9398695230484009,1.9538131012399438
5596,7045,7042,0,1.4517583937376206,1.51969575881958,1.4967762918203538,1.411994457244873,1.425938035436416
5597,7049,7046,0,0.8464377612798875,0.9409469962120056,0.9180275292127793,0.8233745098114014,0.8373180880029443
5598,7050,7047,0,0.4580871255129044,0.43739503622055054,0.4144755692213242,0.4208383560180664,0.4347819342096093
5599,7051,7048,0,1.8796974510877793,1.8901023864746094,1.867182919475383,1.8839901685714722,1.897933746763015
5600,7052,7049,0,0.4543315262525742,0.5045067667961121,0.48158729979688575,0.47143593430519104,0.48537951249673394
5601,7053,7050,0,0.49110899278814246,0.47417888045310974,0.45125941345388343,0.45275214314460754,0.46669572133615045
5602,7055,7052,0,-3.4074891715318496,-3.453331470489502,-3.4762509374887283,-3.424955368041992,-3.4110117898504493
5603,7056,7053,0,-0.2097966133624847,-0.16079455614089966,-0.183714023140126,-0.2366960346698761,-0.2227524564783332
5604,7058,7055,0,0.09152956465179371,0.039896003901958466,0.016976536902732126,0.009784027934074402,0.023727606125617307
5605,7060,7057,0,1.7061005921095078,1.7369000911712646,1.7139806241720383,1.703997015953064,1.7179405941446069
5606,7061,7058,0,1.4585796684950059,1.5375008583068848,1.5145813913076585,1.4122952222824097,1.4262388004739526
5607,7063,7060,0,-0.878956726101094,-0.8951423764228821,-0.9180618434221084,-0.9245071411132812,-0.9105635629217383
5608,7064,7061,0,0.6603251189916794,0.7300835251808167,0.7071640581815903,0.5787529945373535,0.5926965727288964
5609,7066,7063,0,2.6601661534040635,2.6643524169921875,2.641432949992961,2.6125757694244385,2.6265193476159814
5610,7067,7064,0,-0.7656918077737624,-0.7776030898094177,-0.800522556808644,-0.8342076539993286,-0.8202640758077857
5611,7070,7067,0,-1.4495696931154067,-1.4964605569839478,-1.519380023983174,-1.4635671377182007,-1.4496235595266578
5612,7071,7068,0,2.059539684745616,2.002401828765869,1.9794823617666428,1.9970601797103882,2.011003757901931
5613,7073,7070,0,-1.6853190570146377,-1.6791653633117676,-1.702084830310994,-1.66016685962677,-1.6462232814352271
5614,7077,7074,0,1.7263763041227524,1.727243185043335,1.7043237180441086,1.7505942583084106,1.7645378364999535
5615,7078,7075,0,0.1363950611084168,0.14932239055633545,0.1264029235571091,0.13133199512958527,0.14527557332112817
5616,7079,7076,0,-1.2672703175813491,-1.2757562398910522,-1.2986757068902786,-1.2025988101959229,-1.18865523200438
5617,7080,7077,0,1.1903382630079453,1.229978084564209,1.2070586175649827,1.1129238605499268,1.1268674387414697
5618,7081,7078,0,0.9784292072981065,1.0281442403793335,1.0052247733801072,0.9407210350036621,0.954664613195205
5619,7082,7079,0,-2.4576996474534805,-2.4416868686676025,-2.464606335666829,-2.4024970531463623,-2.3885534749548194
5620,7083,7080,0,1.1945515961378281,1.216674566268921,1.1937550992696946,1.183486819267273,1.1974303974588159
5621,7085,7082,0,0.7425068707197373,0.7516289353370667,0.7287094683378403,0.7130477428436279,0.7269913210351708
5622,7086,7083,0,0.3695825726717179,0.4412638247013092,0.4183443577020829,0.4008903205394745,0.4148338987310174
5623,7087,7084,0,2.3938859791486924,2.4330732822418213,2.410153815242595,2.352985143661499,2.366928721853042
5624,7088,7085,0,0.3360207171171372,0.37924912571907043,0.3563296587198441,0.2955090403556824,0.3094526185472253
5625,7090,7087,0,1.249459633323497,1.2438558340072632,1.2209363670080369,1.188470482826233,1.2024140610177758
5626,7091,7088,0,0.7226474971502488,0.7457188367843628,0.7227993697851365,0.6858139038085938,0.6997574820001367
5627,7092,7089,0,0.4691941530435746,0.5073074102401733,0.484387943240947,0.47206541895866394,0.48600899715020685
5628,7093,7090,0,0.5007539481847947,0.46984970569610596,0.44693023869687964,0.4568115174770355,0.4707550956685784
5629,7094,7091,0,0.49226311752492835,0.6495322585105896,0.6266127915113633,0.5981549024581909,0.6120984806497338
5630,7095,7092,0,-3.9101556449205215,-3.908867835998535,-3.9317873029977615,-3.9431564807891846,-3.9292129025976417
5631,7096,7093,0,1.338803181144542,1.3116393089294434,1.288719841930217,1.2765213251113892,1.290464903302932
5632,7097,7094,0,0.7887854666441148,0.8190863132476807,0.7961668462484544,0.7747470140457153,0.7886905922372582
5633,7098,7095,0,0.7246832937925523,0.7495332956314087,0.7266138286321824,0.7281782627105713,0.7421218409021142
5634,7099,7096,0,1.275012144538707,1.291919469833374,1.2690000028341477,1.2404226064682007,1.2543661846597436
5635,7100,7097,0,-2.4158390670091445,-2.3695433139801025,-2.392462780979329,-2.4161429405212402,-2.4021993623296973
5636,7101,7098,0,1.4473240465849107,1.4614168405532837,1.4384973735540574,1.410149335861206,1.424092914052749
5637,7102,7099,-1,1.513963293714267,1.549389123916626,1.5264696569173997,1.4987857341766357,1.5127293123681786
5638,7104,7101,0,0.4438836962907975,0.5496827960014343,0.526763329002208,0.4695448577404022,0.4834884359319451
5639,7105,7102,0,-3.1366735606462295,-3.0994040966033936,-3.12232356360262,-3.1551716327667236,-3.1412280545751807
5640,7106,7103,0,-2.122131457832509,-2.1110503673553467,-2.133969834354573,-2.1062734127044678,-2.092329834512925
5641,7107,7104,0,0.4672637672155564,0.5064105987548828,0.4834911317556565,0.45424142479896545,0.46818500299050836
5642,7109,7106,0,-2.5468343405992324,-2.5555408000946045,-2.578460267093831,-2.5489284992218018,-2.534984921030259
5643,7110,7107,0,0.7907683343618577,0.8364978432655334,0.8135783762663071,0.7549320459365845,0.7688756241281274
5644,7111,7108,0,2.023763069602794,2.0626935958862305,2.039774128887004,2.0285685062408447,2.0425120844323876
5645,7112,7109,0,1.9429731459348862,1.9394142627716064,1.9164947957723801,1.8964033126831055,1.9103468908746484
5646,7113,7110,0,0.5273642034261887,0.5630596876144409,0.5401402206152146,0.4876037538051605,0.5015473319967034
5647,7114,7111,0,-0.7980199961931045,-0.8088938593864441,-0.8318133263856704,-0.8653995990753174,-0.8514560208837745
5648,7116,7113,0,-0.595543435123616,-0.6032050251960754,-0.6261244921953018,-0.5689184665679932,-0.5549748883764503
5649,7117,7114,0,2.3329876751630967,2.3907175064086914,2.367798039409465,2.2882282733917236,2.3021718515832665
5650,7118,7115,0,0.648088225814647,0.6687070727348328,0.6457876057356065,0.6031954288482666,0.6171390070398095
5651,7119,7116,0,-1.7790863423616226,-1.8293328285217285,-1.8522522955209548,-1.7073031663894653,-1.6933595881979224
5652,7120,7117,0,1.7544366211622422,1.8802003860473633,1.857280919048137,1.7102700471878052,1.724213625379348
5653,7121,7118,0,0.24876939663583683,0.295909583568573,0.2729901165693467,0.2537056505680084,0.2676492287595513
5654,7122,7119,0,0.21314149508172917,0.22688499093055725,0.2039655239313309,0.1426651030778885,0.1566086812694314
5655,7123,7120,0,-1.0088529496461685,-1.0114552974700928,-1.034374764469319,-0.9460383653640747,-0.9320947871725318
5656,7124,7121,0,-1.380726209190541,-1.323072075843811,-1.3459915428430373,-1.316982626914978,-1.3030390487234351
5657,7125,7122,0,0.0726789177387421,0.14799129962921143,0.12507183262998509,0.059289634227752686,0.07323321241929559
5658,7126,7123,0,2.447429785224742,2.449345111846924,2.4264256448476975,2.391838312149048,2.4057818903405908
5659,7128,7125,0,-2.674579968956166,-2.6631147861480713,-2.6860342531472976,-2.6443941593170166,-2.6304505811254737
5660,7132,7129,0,0.5031811089246934,0.5729096531867981,0.5499901861875718,0.466732919216156,0.4806764974076989
5661,7133,7130,0,-0.36962669184511254,-0.3564901053905487,-0.379409572389775,-0.3490682542324066,-0.3351246760408637
5662,7135,7132,0,0.5660659165113633,0.6147155165672302,0.5917960495680039,0.5747277736663818,0.5886713518579247
5663,7137,7134,0,-1.5463354497224624,-1.586362361907959,-1.6092818289071853,-1.571539282798767,-1.5575957046072242
5664,7138,7135,0,2.102641949149913,2.143031597137451,2.120112130138225,2.071953535079956,2.085897113271499
5665,7139,7136,0,-0.19714914849107815,-0.18696174025535583,-0.20988120725458217,-0.15357837080955505,-0.13963479261801215
5666,7142,7139,0,1.065931686851329,1.0696204900741577,1.0467010230749314,1.0217032432556152,1.0356468214471581
5667,7143,7140,0,-0.20695479801004482,-0.18960502743721008,-0.21252449443643642,-0.18471351265907288,-0.17076993446752997
5668,7145,7142,0,-0.20743740191762997,-0.1772468388080597,-0.20016630580728603,-0.20640122890472412,-0.19245765071318122
5669,7146,7143,0,1.090162405464,1.0915884971618652,1.068669030162639,1.100251317024231,1.1141948952157739
5670,7147,7144,0,1.076970586273021,1.042268991470337,1.0193495244711106,1.0473785400390625,1.0613221182306054
5671,7148,7145,0,1.5004260630338853,1.5314147472381592,1.5084952802389329,1.4828702211380005,1.4968137993295434
5672,7149,7146,0,0.6537059039800828,0.7069948315620422,0.6840753645628159,0.5875582695007324,0.6015018476922753
5673,7151,7148,0,1.327167520019359,1.3823238611221313,1.359404394122905,1.323575735092163,1.337519313283706
5674,7152,7149,0,2.9290264935224717,2.901834011077881,2.8789145440786545,2.9094746112823486,2.9234181894738915
5675,7153,7150,0,-1.8316132931978042,-1.7932493686676025,-1.8161688356668289,-1.8247493505477905,-1.8108057723562476
5676,7154,7151,0,2.098307976219005,2.127148389816284,2.104228922817058,2.0608949661254883,2.074838544317031
5677,7155,7152,0,-2.0977700858384902,-2.077122449874878,-2.1000419168741042,-2.059239387512207,-2.045295809320664
5678,7157,7154,0,-1.231647601631337,-1.2215691804885864,-1.2444886474878127,-1.2159761190414429,-1.2020325408499
5679,7158,7155,0,-4.432169786003286,-4.421531677246094,-4.4444511442453205,-4.374532222747803,-4.36058864455626
5680,7159,7156,0,0.8261830301016038,0.8673688173294067,0.8444493503301804,0.8277466297149658,0.8416902079065087
5681,7160,7157,0,-0.8196758537561233,-0.795307993888855,-0.8182274608880813,-0.7938517332077026,-0.7799081550161597
5682,7162,7159,0,-1.2128839402467544,-1.2053334712982178,-1.228252938297444,-1.2351402044296265,-1.2211966262380836
5683,7163,7160,0,-0.8015997319490249,-0.850516140460968,-0.8734356074601943,-0.8210829496383667,-0.8071393714468238
5684,7164,7161,0,3.1972376198499863,3.2788069248199463,3.25588745782072,3.135952949523926,3.1498965277154687
5685,7165,7162,0,0.32610435197050025,0.3121244013309479,0.28920493433172156,0.31564342975616455,0.32958700794770746
5686,7166,7163,0,0.5780154556959336,0.6234946846961975,0.6005752176969712,0.5513535141944885,0.5652970923860314
5687,7167,7164,0,-0.638656011131459,-0.5934993624687195,-0.6164188294679458,-0.6539676189422607,-0.6400240407507178
5688,7169,7166,0,1.6154278607099717,1.6599717140197754,1.637052247020549,1.6058363914489746,1.6197799696405175
5689,7171,7168,0,1.807182440254039,1.8390676975250244,1.816148230525798,1.7585593461990356,1.7725029243905785
5690,7172,7169,0,-0.0918168633252914,-0.09049239009618759,-0.11341185709541393,-0.07488551735877991,-0.060941939167237
5691,7174,7171,0,-4.177030435112172,-4.223236560821533,-4.24615602782076,-4.1316022872924805,-4.117658709100938
5692,7175,7172,0,-0.027476990875654937,-0.08586477488279343,-0.10878424188201977,-0.06313502788543701,-0.04919144969389411
5693,7177,7174,0,0.9870849938123887,1.0015382766723633,0.978618809673137,0.9822632074356079,0.9962067856271508
5694,7178,7175,0,-2.735389581230336,-2.776036024093628,-2.7989554910928542,-2.758023977279663,-2.74408039908812
5695,7180,7177,0,0.9146447272031968,0.9544975161552429,0.9315780491560166,0.8623021841049194,0.8762457622964623
5696,7181,7178,0,0.19142795512372898,0.24677321314811707,0.22385374614889073,0.22024618089199066,0.23418975908353357
5697,7182,7179,0,1.3323973507612412,1.3374687433242798,1.3145492763250535,1.3037374019622803,1.3176809801538232
5698,7184,7181,0,-0.7122583894998367,-0.6857368350028992,-0.7086563020021255,-0.727908730506897,-0.7139651523153541
5699,7185,7182,0,1.8708177895277207,1.8589813709259033,1.836061903926677,1.8368419408798218,1.8507855190713647
5700,7186,7183,0,-3.674664130714589,-3.669224500656128,-3.6921439676553542,-3.6577985286712646,-3.6438549504797217
5701,7187,7184,0,-1.825418820884877,-1.821876049041748,-1.8447955160409744,-1.7860784530639648,-1.772134874872422
5702,7188,7185,0,3.3648597092359727,3.415628671646118,3.392709204646892,3.28413462638855,3.2980782045800927
5703,7189,7186,0,0.8595818967550461,0.8857713341712952,0.8628518671720689,0.7848137617111206,0.7987573399026635
5704,7190,7187,0,0.43409682223493506,0.4531761705875397,0.43025670358831336,0.47015413641929626,0.48409771461083917
5705,7192,7189,0,-3.0749388842851455,-3.1294662952423096,-3.152385762241536,-3.1098544597625732,-3.0959108815710303
5706,7193,7190,0,-0.10514551242893291,-0.04680239409208298,-0.06972186109130932,-0.10300096869468689,-0.08905739050314398
5707,7194,7191,0,2.491679558250255,2.5155324935913086,2.4926130265920823,2.503298044204712,2.517241622396255
5708,7195,7192,0,1.7071367592542832,1.6752345561981201,1.6523150891988938,1.626776933670044,1.6407205118615868
5709,7196,7193,0,-0.807570269611531,-0.8091006875038147,-0.832020154503041,-0.7740491628646851,-0.7601055846731422
5710,7197,7194,0,0.13585641393358158,0.14653092622756958,0.12361145922834324,0.14440608024597168,0.15834965843751458
5711,7198,7195,0,-1.0392744450837905,-1.06378173828125,-1.0867012052804763,-1.079735517501831,-1.0657919393102882
5712,7199,7196,0,0.0038460955947105862,0.015191532671451569,-0.007727934327774771,0.0035688281059265137,0.01751240629746942
5713,7200,7197,0,-2.4343744426042373,-2.3708879947662354,-2.3938074617654617,-2.4228105545043945,-2.4088669763128516
5714,7201,7198,0,-2.152844300773793,-2.1782901287078857,-2.201209595707112,-2.1348230838775635,-2.1208795056860206
5715,7204,7201,0,-1.7833518891603286,-1.761303186416626,-1.7842226534158523,-1.7562129497528076,-1.7422693715612647
5716,7205,7202,0,-0.462752690818959,-0.46075621247291565,-0.48367567947214196,-0.47214028239250183,-0.4581967042009589
5717,7206,7203,0,1.730732211562938,1.7773363590240479,1.7544168920248215,1.7266273498535156,1.7405709280450585
5718,7207,7204,0,-0.6503740458757217,-0.5931180119514465,-0.6160374789506728,-0.6409538984298706,-0.6270103202383277
5719,7208,7205,0,0.7565391750066941,0.7886080741882324,0.7656886071890061,0.7766700983047485,0.7906136764962914
5720,7210,7207,0,-0.4626605718404586,-0.41756927967071533,-0.44048874666994164,-0.624405026435852,-0.6104614482443091
5721,7211,7208,0,-2.05017863800829,-2.0765390396118164,-2.0994585066110427,-2.0324151515960693,-2.0184715734045264
5722,7212,7209,0,-2.8449817805558975,-2.823521375656128,-2.8464408426553542,-2.9595444202423096,-2.9456008420507667
5723,7214,7211,0,1.2353714794843857,1.2068618535995483,1.183942386600322,1.2031537294387817,1.2170973076303246
5724,7215,7212,0,-0.30955310752695153,-0.31520479917526245,-0.33812426617448876,-0.31303635239601135,-0.29909277420446845
5725,7216,7213,0,2.6633776516645615,2.7148232460021973,2.691903779002971,2.6624703407287598,2.6764139189203027
5726,7217,7214,0,-0.19986494472330166,-0.1970786452293396,-0.21999811222856594,-0.19254454970359802,-0.17860097151205512
5727,7218,7215,-1,1.660698723478061,1.7135733366012573,1.690653869602031,1.610286831855774,1.6242304100473168
5728,7219,7216,0,1.824748644325084,1.8361632823944092,1.8132438153951829,1.8172849416732788,1.8312285198648217
5729,7220,7217,0,2.100634703132457,2.1270341873168945,2.104114720317668,2.071094274520874,2.085037852712417
5730,7221,7218,0,2.8372451157301133,2.8598153591156006,2.8368958921163743,2.816419839859009,2.8303634180505517
5731,7222,7219,0,1.355411657783336,1.3848519325256348,1.3619324655264085,1.3514249324798584,1.3653685106714013
5732,7223,7220,0,-3.0482026248246963,-3.0584805011749268,-3.081399968174153,-3.0788400173187256,-3.0648964391271827
5733,7224,7221,0,-0.032954806742125274,-0.05699708312749863,-0.07991655012672497,-0.03135114908218384,-0.017407570890640933
5734,7225,7222,0,0.007456797360575674,0.04521021991968155,0.02229075292045521,-0.030023500323295593,-0.01607992213175269
5735,7226,7223,0,1.982700476142711,2.010838031768799,1.9879185647695725,1.9189703464508057,1.9329139246423486
5736,7228,7225,0,-0.21747999480074,-0.22463682293891907,-0.2475562899381454,-0.2241518497467041,-0.2102082715551612
5737,7229,7226,0,-0.05592142632310939,-0.03339547663927078,-0.05631494363849712,-0.09475412964820862,-0.08081055145666571
5738,7230,7227,0,-1.4101461081773574,-1.4515347480773926,-1.474454215076619,-1.3912357091903687,-1.3772921309988257
5739,7231,7228,0,1.7134138436048691,1.7388607263565063,1.71594125935728,1.6945041418075562,1.708447719999099
5740,7233,7230,0,1.04971469351942,1.093837022781372,1.0709175557821458,1.1262091398239136,1.1401527180154565
5741,7236,7233,0,-0.8126812486917312,-0.7895529270172119,-0.8124723940164382,-0.8214460611343384,-0.8075024829427955
5742,7237,7234,0,2.948959478828258,2.991425037384033,2.968505570384807,2.906694173812866,2.920637752004409
5743,7238,7235,0,1.1408190817564194,1.1855111122131348,1.1625916452139085,1.1350654363632202,1.1490090145547631
5744,7240,7237,0,-0.09836974581783367,-0.13303974270820618,-0.15595920970743252,-0.12627607583999634,-0.11233249764845343
5745,7241,7238,0,0.245680445524997,0.2558532655239105,0.23293379852468418,0.2431679666042328,0.2571115447957757
5746,7243,7240,-1,-0.5037993672659575,-0.5635469555854797,-0.586466422584706,-0.5462087392807007,-0.5322651610891578
5747,7244,7241,0,-0.46899311831300805,-0.40430524945259094,-0.42722471645181725,-0.5350847244262695,-0.5211411462347266
5748,7245,7242,0,1.4132694096296494,1.460770845413208,1.4378513784139817,1.4259278774261475,1.4398714556176904
5749,7246,7243,0,-1.6780047326356704,-1.6790263652801514,-1.7019458322793777,-1.6946911811828613,-1.6807476029913184
5750,7248,7245,0,0.2032054902046387,0.2903125286102295,0.2673930616110032,0.1994795799255371,0.21342315811708001
5751,7249,7246,-1,1.0530660864541352,1.0928409099578857,1.0699214429586594,0.9759521484375,0.9898957266290429
5752,7250,7247,0,2.370850929710216,2.363943338394165,2.3410238713949387,2.307482957839966,2.3214265360315087
5753,7251,7248,0,0.7385178894727891,0.7487239241600037,0.7258044571607773,0.7396903038024902,0.7536338819940331
5754,7252,7249,0,-0.07442308804100109,-0.060914717614650726,-0.08383418461387707,-0.05550701916217804,-0.041563440970635135
5755,7253,7250,0,1.5341190190046494,1.5527315139770508,1.5298120469778245,1.4766422510147095,1.4905858292062524
5756,7257,7254,0,1.9395521969526475,1.9643628597259521,1.9414433927267258,1.8933498859405518,1.9072934641320947
5757,7259,7256,0,-0.1263613312513168,-0.16437309980392456,-0.1872925668031509,-0.14973363280296326,-0.13579005461142035
5758,7260,7257,0,1.3727375359266465,1.3777880668640137,1.3548685998647874,1.293801188468933,1.307744766660476
5759,7261,7258,0,2.413169750663585,2.3860795497894287,2.3631600827902024,2.3589701652526855,2.3729137434442285
5760,7262,7259,-1,0.8323665377328218,0.8247976303100586,0.8018781633108323,0.7669594287872314,0.7809030069787743
5761,7263,7260,0,1.4764083714216416,1.5169758796691895,1.4940564126699631,1.4629100561141968,1.4768536343057397
5762,7264,7261,0,-0.2557904629976089,-0.2763906717300415,-0.2993101387292678,-0.28470662236213684,-0.27076304417059394
5763,7265,7262,0,1.4932360739439194,1.500964641571045,1.4780451745718186,1.469042420387268,1.482985998578811
5764,7266,7263,0,-0.7145575194627578,-0.7073256373405457,-0.730245104339772,-0.7891724109649658,-0.7752288327734229
5765,7267,7264,0,-5.391820779350454,-5.594623565673828,-5.617543032673055,-5.386870861053467,-5.372927282861924
5766,7268,7265,0,-3.606094232109242,-3.5256435871124268,-3.548563054111653,-3.617804765701294,-3.603861187509751
5767,7269,7266,0,2.7692972511976426,2.7888996601104736,2.7659801931112473,2.734487295150757,2.7484308733422997
5768,7270,7267,0,-1.2851357369691665,-1.306394100189209,-1.3293135671884353,-1.2967716455459595,-1.2828280673544166
5769,7271,7268,0,1.0734906286924546,1.1034364700317383,1.080517003032512,1.0854488611221313,1.0993924393136743
5770,7272,7269,0,-3.6065086035997207,-3.619016408920288,-3.6419358759195144,-3.5590360164642334,-3.5450924382726905
5771,7274,7271,0,-2.2094234137803848,-2.157048463821411,-2.1799679308206374,-2.199204921722412,-2.185261343530869
5772,7275,7272,0,-3.5986868052751357,-3.5422840118408203,-3.5652034788400466,-3.552434206008911,-3.5384906278173682
5773,7276,7273,0,-0.8284074573785598,-0.7801305055618286,-0.8030499725610549,-0.7974194288253784,-0.7834758506338355
5774,7277,7274,0,1.067003020736522,1.1100690364837646,1.0871495694845383,1.0702227354049683,1.0841663135965112
5775,7278,7275,0,2.6061242909162705,2.6513586044311523,2.628439137431926,2.558666944503784,2.572610522695327
5776,7279,7276,0,1.526293644401378,1.5256834030151367,1.5027639360159104,1.4716410636901855,1.4855846418817285
5777,7280,7277,0,1.8163567871778672,1.846103310585022,1.8231838435857957,1.8177275657653809,1.8316711439569238
5778,7281,7278,0,-5.163371434715444,-5.160118103027344,-5.1830375700265705,-5.0704827308654785,-5.056539152673936
5779,7282,7279,0,-0.1558529495269592,-0.13967803120613098,-0.16259749820535732,-0.135305255651474,-0.1213616774599311
5780,7284,7281,-1,1.0150941130349458,1.0476943254470825,1.0247748584478562,1.03067946434021,1.0446230425317529
5781,7285,7282,0,1.7552294821470444,1.7513195276260376,1.7284000606268113,1.76753830909729,1.781481887288833
5782,7286,7283,0,-0.7453674583703811,-0.7216110825538635,-0.7445305495530898,-0.725836992263794,-0.711893414072251
5783,7287,7284,0,1.4394109339445298,1.4482821226119995,1.4253626556127732,1.4043747186660767,1.4183182968576196
5784,7288,7285,0,-3.0902093558580215,-3.125802755355835,-3.1487222223550613,-3.0435121059417725,-3.0295685277502296
5785,7289,7286,0,-0.06971165379589153,-0.041093118488788605,-0.06401258548801494,-0.04946334660053253,-0.03551976840898963
5786,7290,7287,0,-0.1588988660842712,-0.22875407338142395,-0.25167354038065026,-0.24526718258857727,-0.23132360439703437
5787,7291,7288,0,1.3240144343107407,1.3717750310897827,1.3488555640905564,1.3085908889770508,1.3225344671685937
5788,7292,7289,0,0.8383442849844163,0.8576217293739319,0.8347022623747056,0.7606730461120605,0.7746166243036035
5789,7293,7290,0,2.4707464070051377,2.5273334980010986,2.5044140310018723,2.4609835147857666,2.4749270929773095
5790,7295,7292,0,1.4890854449003403,1.5746090412139893,1.551689574214763,1.4139420986175537,1.4278856768090966
5791,7297,7294,0,-0.07495359173124386,-0.058972157537937164,-0.0818916245371635,-0.07520084083080292,-0.06125726263926001
5792,7298,7295,0,0.06969776162797856,0.08075020462274551,0.057830737623519174,0.07538304477930069,0.0893266229708436
5793,7300,7297,0,1.0545920223921006,1.0418040752410889,1.0188846082418626,1.04898202419281,1.062925602384353
5794,7301,7298,0,-2.229440799263173,-2.1434195041656494,-2.1663389711648757,-2.1663405895233154,-2.1523970113317725
5795,7302,7299,0,1.9494472832410996,2.005526542663574,1.982607075664348,1.9318033456802368,1.9457469238717797
5796,7303,7300,0,-0.6115407853395278,-0.633518397808075,-0.6564378648073013,-0.6156569719314575,-0.6017133937399146
5797,7304,7301,0,0.32816860983068397,0.30631759762763977,0.28339813062841346,0.32350432872772217,0.3374479069192651
5798,7306,7303,0,0.687914201709575,0.7112143635749817,0.6882948965757554,0.6897437572479248,0.7036873354394677
5799,7307,7304,0,-0.4161641209394271,-0.44491490721702576,-0.46783437421625207,-0.4023161232471466,-0.3883725450556037
5800,7308,7305,0,2.293907532188243,2.3712081909179688,2.3482887239187424,2.30043888092041,2.314382459111953
5801,7309,7306,0,1.9100990385740464,1.9265326261520386,1.9036131591528123,1.8811554908752441,1.895099069066787
5802,7310,7307,0,-2.5270498900682266,-2.531475305557251,-2.5543947725564773,-2.5935890674591064,-2.5796454892675635
5803,7311,7308,0,1.909335145446605,1.9601539373397827,1.9372344703405564,1.8279204368591309,1.8418640150506738
5804,7312,7309,0,0.7817430586546128,0.7919355630874634,0.7690160960882371,0.6910351514816284,0.7049787296731713
5805,7313,7310,0,1.7092284054487412,1.777747631072998,1.7548281640737717,1.6593987941741943,1.6733423723657372
5806,7314,7311,0,0.7590074629514878,0.8055463433265686,0.7826268763273423,0.7265511751174927,0.7404947533090356
5807,7317,7314,0,2.535237440559215,2.544801950454712,2.5218824834554856,2.527804374694824,2.541747952886367
5808,7318,7315,0,1.9191285462110703,1.9431490898132324,1.920229622814006,1.869935393333435,1.883878971524978
5809,7319,7316,0,0.8252701253622239,0.8566790223121643,0.833759555312938,0.7760804891586304,0.7900240673501733
5810,7321,7318,0,2.4275969357221787,2.465214490890503,2.4422950238912766,2.439324140548706,2.453267718740249
5811,7325,7322,0,3.1508036942213242,3.1576738357543945,3.134754368755168,3.143693208694458,3.157636786886001
5812,7327,7324,0,2.5968514771192734,2.6257097721099854,2.602790305110759,2.57206392288208,2.586007501073623
5813,7328,7325,0,-0.17321102907960964,-0.20669832825660706,-0.2296177952558334,-0.21348997950553894,-0.19954640131399604
5814,7329,7326,0,0.9610391945570176,0.9694005846977234,0.9464811176984971,0.8969525098800659,0.9108960880716088
5815,7330,7327,0,1.3679236263960068,1.3588955402374268,1.3359760732382004,1.305435299873352,1.319378878064895
5816,7333,7330,0,1.5460721344679063,1.564586877822876,1.5416674108236497,1.5044156312942505,1.5183592094857934
5817,7334,7331,0,-1.6703071503907974,-1.6982760429382324,-1.7211955099374587,-1.757574200630188,-1.743630622438645
5818,7335,7332,0,2.3255785793989365,2.3828799724578857,2.3599605054586594,2.2681961059570312,2.282139684148574
5819,7337,7334,0,-2.2724045424730117,-2.274296522140503,-2.2972159891397292,-2.2439448833465576,-2.2300013051550147
5820,7338,7335,0,-3.1689890532762344,-3.2090036869049072,-3.2319231539041335,-3.1395864486694336,-3.1256428704778907
5821,7339,7336,0,-3.2568589358598525,-3.284060478210449,-3.3069799452096755,-3.2761244773864746,-3.2621808991949317
5822,7340,7337,0,-5.882854333427602,-5.957037925720215,-5.979957392719442,-5.82741117477417,-5.813467596582627
5823,7341,7338,0,0.575388977023906,0.6337849497795105,0.6108654827802842,0.6137651205062866,0.6277086986978295
5824,7342,7339,0,2.304001221153087,2.3006210327148438,2.2777015657156174,2.2461540699005127,2.2600976480920556
5825,7343,7340,0,-0.009921018314414743,-0.06865549832582474,-0.09157496532505108,-0.052050694823265076,-0.03810711663172217
5826,7344,7341,0,2.18324364134962,2.2219231128692627,2.1990036458700364,2.155623197555542,2.169566775747085
5827,7345,7342,0,-0.8429399638444717,-0.7665081024169922,-0.7894275694162185,-0.8117485046386719,-0.797804926447129
5828,7346,7343,-2,-0.8421187259028979,-0.7973317503929138,-0.8202512173921401,-0.8565410375595093,-0.8425974593679664
5829,7347,7344,0,0.3288489372461503,0.32077375054359436,0.29785428354436805,0.2864210605621338,0.3003646387536767
5830,7348,7345,0,0.619093605968303,0.636509120464325,0.6135896534650986,0.5452452898025513,0.5591888679940942
5831,7349,7346,0,1.0105131954878037,1.0159013271331787,0.9929818601339524,1.0785530805587769,1.0924966587503198
5832,7351,7348,0,2.1285141796796982,2.1755590438842773,2.152639576885051,2.132446527481079,2.146390105672622
5833,7352,7349,0,2.7272480816572373,2.7748429775238037,2.7519235105245774,2.666154146194458,2.680097724386001
5834,7353,7350,0,2.533488878700084,2.5072638988494873,2.484344431850261,2.4864230155944824,2.5003665937860253
5835,7354,7351,0,0.27137807914907386,0.2711169719696045,0.24819750497037815,0.17400389909744263,0.18794747728898553
5836,7355,7352,0,0.22027806350881504,0.21000400185585022,0.18708453485662388,0.24544690549373627,0.25939048368527917
5837,7357,7354,0,-0.4750238566667373,-0.44433149695396423,-0.46725096395319055,-0.455339640378952,-0.4413960621874091
5838,7358,7355,0,1.542857775184459,1.6047182083129883,1.581798741313762,1.5142362117767334,1.5281797899682763
5839,7359,7356,0,1.0583802551954453,1.1409485340118408,1.1180290670126145,1.0247406959533691,1.038684274144912
5840,7360,7357,0,0.8489549846380418,0.8820902705192566,0.8591708035200303,0.8421140909194946,0.8560576691110375
5841,7361,7358,0,-1.7382808833391006,-1.8205420970916748,-1.8434615640909011,-1.6759631633758545,-1.6620195851843116
5842,7363,7360,0,0.5184130758970444,0.5115569233894348,0.4886374563902085,0.5287202596664429,0.5426638378579858
5843,7364,7361,0,1.0092398018568223,1.054564356803894,1.0316448898046677,0.9891946315765381,1.003138209768081
5844,7365,7362,0,0.3395139963358109,0.38139474391937256,0.35847527692014625,0.31896334886550903,0.33290692705705194
5845,7366,7363,0,0.7723003120153611,0.7939743399620056,0.7710548729627793,0.7571340799331665,0.7710776581247094
5846,7368,7365,0,0.11858144560748982,0.13309761881828308,0.11017815181905674,0.12279824167490005,0.13674181986644296
5847,7369,7366,0,1.5240079254835313,1.572319507598877,1.5494000405996506,1.5470746755599976,1.5610182537515405
5848,7370,7367,0,-0.5005894212991531,-0.5166927576065063,-0.5396122246057327,-0.45919081568717957,-0.44524723749563666
5849,7371,7368,0,2.5860787720411484,2.6448795795440674,2.621960112544841,2.5961005687713623,2.610044146962905
5850,7372,7369,0,-1.2006816773683364,-1.1693669557571411,-1.1922864227563674,-1.171287178993225,-1.1573436008016822
5851,7373,7370,0,1.1256916613310044,1.2170190811157227,1.1940996141164963,1.1074455976486206,1.1213891758401635
5852,7374,7371,0,-0.7469989567071731,-0.770416259765625,-0.7933357267648513,-0.7773234844207764,-0.7633799062292335
5853,7375,7372,0,2.357146629783458,2.4081475734710693,2.385228106471843,2.3211891651153564,2.3351327433068993
5854,7377,7374,0,1.861323842498607,1.932224988937378,1.9093055219381516,1.8118821382522583,1.8258257164438012
5855,7379,7376,0,-1.466193190124684,-1.4684075117111206,-1.491326978710347,-1.4768809080123901,-1.4629373298208472
5856,7380,7377,0,2.3258549065321152,2.353626251220703,2.330706784221477,2.3073298931121826,2.3212734713037255
5857,7381,7378,0,-2.357753148582631,-2.4145877361297607,-2.437507203128987,-2.3911197185516357,-2.377176140360093
5858,7382,7379,0,1.6543334812849229,1.6581287384033203,1.635209271404094,1.6725877523422241,1.686531330533767
5859,7383,7380,0,-0.36213605692689965,-0.3609653413295746,-0.3838848083288009,-0.340813010931015,-0.3268694327394721
5860,7384,7381,0,-0.9481568246156509,-0.897521436214447,-0.9204409032136733,-0.9816478490829468,-0.9677042708914039
5861,7385,7382,0,-3.281403174904042,-3.252840280532837,-3.2757597475320632,-3.282174825668335,-3.268231247476792
5862,7386,7383,0,-0.5897890835077102,-0.5363046526908875,-0.5592241196901138,-0.5692803859710693,-0.5553368077795264
5863,7387,7384,0,-3.657496800926381,-3.650768995285034,-3.6736884622842605,-3.7474794387817383,-3.7335358605901954
5864,7389,7386,0,2.1572433800428574,2.2212796211242676,2.1983601541250413,2.122498035430908,2.136441613622451
5865,7390,7387,0,0.6725061030119126,0.6884675621986389,0.6655480951994126,0.7050985097885132,0.7190420879800561
5866,7391,7388,0,1.367268094512767,1.447299838066101,1.4243803710668748,1.339629888534546,1.3535734667260888
5867,7392,7389,0,-0.9051933198243911,-0.8861286640167236,-0.90904813101595,-0.9118231534957886,-0.8978795753042457
5868,7393,7390,0,-0.3953942566186721,-0.39177563786506653,-0.41469510486429284,-0.3894790709018707,-0.3755354927103278
5869,7396,7393,0,-2.7643409877092178,-2.8375794887542725,-2.8604989557534988,-2.696889638900757,-2.682946060709214
5870,7397,7394,0,-2.7507811694413955,-2.7929718494415283,-2.8158913164407546,-2.723017692565918,-2.709074114374375
5871,7400,7397,0,0.30263272831136634,0.3513561189174652,0.3284366519182389,0.29593974351882935,0.30988332171037225
5872,7401,7398,0,-1.0851436763078506,-1.1445263624191284,-1.1674458294183547,-1.015466332435608,-1.001522754244065
5873,7402,7399,0,0.015562273281759497,0.0351107195019722,0.012191252502745858,-0.04753933846950531,-0.033595760277962405
5874,7404,7401,0,0.8161966294973557,0.8529805541038513,0.830061087104625,0.8092612028121948,0.8232047810037377
5875,7405,7402,0,1.324949273559398,1.377897024154663,1.3549775571554368,1.3362716436386108,1.3502152218301537
5876,7406,7403,0,0.39214105317289283,0.4257192015647888,0.4027997345655625,0.42034265398979187,0.4342862321813348
5877,7407,7404,0,1.609041103812999,1.6729962825775146,1.6500768155782883,1.609960913658142,1.623904491849685
5878,7408,7405,0,2.3201884121626084,2.303457021713257,2.2805375547140305,2.2643373012542725,2.2782808794458154
5879,7409,7406,0,-0.8890589981347854,-0.8980861902236938,-0.9210056572229202,-0.9046323299407959,-0.890688751749253
5880,7411,7408,0,0.7122090549200242,0.7531331777572632,0.7302137107580369,0.6966112852096558,0.7105548634011987
5881,7412,7409,0,1.5804712862699692,1.5770726203918457,1.5541531533926194,1.571872591972351,1.585816170163894
5882,7413,7410,0,2.6920942158430283,2.7310731410980225,2.708153674098796,2.6530516147613525,2.6669951929528954
5883,7414,7411,0,2.3346635193556016,2.372938394546509,2.3500189275472825,2.231379270553589,2.2453228487451318
5884,7415,7412,0,2.8870626778333848,2.927022695541382,2.9041032285421555,2.8894259929656982,2.903369571157241
5885,7416,7413,0,-0.29838120034044335,-0.2685389220714569,-0.2914583890706832,-0.29575303196907043,-0.28180945377752753
5886,7417,7414,0,-1.5969680457383926,-1.573626160621643,-1.5965456276208694,-1.5718274116516113,-1.5578838334600684
5887,7418,7415,0,2.5238369793623154,2.5855398178100586,2.5626203508108323,2.4946765899658203,2.508620168157363
5888,7419,7416,0,0.6088251561849778,0.6393845677375793,0.616465100738353,0.5925580263137817,0.6065016045053246
5889,7420,7417,0,1.1231321186750596,1.1694493293762207,1.1465298623769944,1.1410490274429321,1.154992605634475
5890,7421,7418,0,-1.6811934619218643,-1.6816565990447998,-1.7045760660440261,-1.5966365337371826,-1.5826929555456397
5891,7422,7419,0,1.4287266821592515,1.472646713256836,1.4497272462576096,1.4163942337036133,1.4303378118951562
5892,7423,7420,0,-0.8631594686776931,-0.8447921872138977,-0.867711654213124,-0.8779730796813965,-0.8640295014898536
5893,7424,7421,0,1.76599670359785,1.7854983806610107,1.7625789136617844,1.689408540725708,1.703352118917251
5894,7426,7423,0,0.9530119986265366,1.0167040824890137,0.9937846154897874,0.9609026908874512,0.9748462690789941
5895,7427,7424,0,0.002129084383270619,0.03700629621744156,0.014086829218215219,-0.028691433370113373,-0.014747855178570468
5896,7428,7425,0,-1.1441050677568252,-1.1218680143356323,-1.1447874813348586,-1.1678729057312012,-1.1539293275396583
5897,7429,7426,0,-0.686236372497731,-0.6156707406044006,-0.638590207603627,-0.6998639106750488,-0.6859203324835059
5898,7430,7427,0,-1.472619405296498,-1.4955034255981445,-1.5184228925973708,-1.4676622152328491,-1.4537186370413062
5899,7431,7428,0,0.2917349428861802,0.25920894742012024,0.2362894804208939,0.2675301134586334,0.2814736916501763
5900,7432,7429,0,-1.5490467458040054,-1.557440996170044,-1.5803604631692703,-1.6294904947280884,-1.6155469165365455
5901,7433,7430,0,-0.6319069175988967,-0.43261346220970154,-0.45553292920892785,-0.6121970415115356,-0.5982534633199927
5902,7434,7431,0,-1.967574468162709,-1.9980924129486084,-2.0210118799478347,-1.952194094657898,-1.938250516466355
5903,7435,7432,0,-5.964105477836782,-6.068553924560547,-6.091473391559774,-6.030320644378662,-6.016377066187119
5904,7436,7433,0,0.09998373845512318,0.12213904410600662,0.09921957710678028,0.08703390508890152,0.10097748328044442
5905,7437,7434,0,-1.2545025258333022,-1.278700590133667,-1.3016200571328933,-1.2087911367416382,-1.1948475585500953
5906,7438,7435,0,2.6657785267561143,2.695807695388794,2.6728882283895676,2.70100998878479,2.714953566976333
5907,7440,7437,0,0.9917076916425889,0.9776508212089539,0.9547313542097275,0.9853557348251343,0.9992993130166772
5908,7441,7438,0,-3.700575938728505,-3.6994173526763916,-3.722336819675618,-3.6576080322265625,-3.6436644540350196
5909,7442,7439,0,0.6495645136564439,0.6859611868858337,0.6630417198866074,0.6646860837936401,0.678629661985183
5910,7443,7440,0,0.2197387755840485,0.2353048026561737,0.21238533565694737,0.21209731698036194,0.22604089517190484
5911,7444,7441,0,-0.8316060810357864,-0.7802347540855408,-0.8031542210847671,-0.8267608880996704,-0.8128173099081275
5912,7446,7443,0,0.8611313194959824,0.8821482062339783,0.859228739234752,0.7933743000030518,0.8073178781945947
5913,7447,7444,0,-0.3689104228288467,-0.33193594217300415,-0.35485540917223046,-0.3924436867237091,-0.3785001085321662
5914,7448,7445,0,-2.6578501372606094,-2.688490629196167,-2.7114100961953933,-2.6636903285980225,-2.6497467504064796
5915,7449,7446,0,0.9241475553243821,0.9426018595695496,0.9196823925703232,0.9253593683242798,0.9393029465158227
5916,7450,7447,0,1.0371259541242783,1.1149535179138184,1.092034050914592,0.9993351697921753,1.0132787479837182
5917,7451,7448,0,1.2511276097028916,1.2754238843917847,1.2525044173925584,1.2082597017288208,1.2222032799203637
5918,7452,7449,0,-0.37922688415353845,-0.3902643620967865,-0.4131838290960128,-0.40118300914764404,-0.38723943095610114
5919,7453,7450,0,1.7990253061979478,1.8490442037582397,1.8261247367590134,1.8181862831115723,1.8321298613031152
5920,7454,7451,0,-2.0166925101548965,-2.0042970180511475,-2.0272164850503738,-2.0208353996276855,-2.0068918214361426
5921,7456,7453,0,-1.5714145808488662,-1.5953829288482666,-1.618302395847493,-1.5874980688095093,-1.5735544906179664
5922,7457,7454,0,-4.033028951194936,-4.014385223388672,-4.037304690387899,-3.9866068363189697,-3.972663258127427
5923,7458,7455,0,-2.266024222877675,-2.22502064704895,-2.2479401140481765,-2.291452646255493,-2.2775090680639503
5924,7459,7456,0,-0.8170128374368484,-0.752525269985199,-0.7754447369844253,-0.7531085014343262,-0.7391649232427833
5925,7460,7457,0,-0.20855936994855953,-0.2207033932209015,-0.24362286022012783,-0.21456751227378845,-0.20062393408224555
5926,7461,7458,0,-1.6490092187196548,-1.6809934377670288,-1.7039129047662551,-1.6397974491119385,-1.6258538709203956
5927,7462,7459,0,-0.05157375922506404,-0.024931184947490692,-0.04785065194671703,-0.020033180713653564,-0.00608960252211066
5928,7464,7461,0,0.9013428778379624,0.9308125972747803,0.907893130275554,0.8498855829238892,0.8638291611154321
5929,7465,7462,0,0.10401869723493504,0.10236372798681259,0.07944426098758625,0.08253287523984909,0.096476453431392
5930,7466,7463,0,2.4604832024305527,2.5103440284729004,2.487424561473674,2.452033281326294,2.465976859517837
5931,7467,7464,0,0.11892923870975422,0.14231696724891663,0.11939750024969029,0.1158214658498764,0.1297650440414193
5932,7469,7466,0,1.1918324322431748,1.24381422996521,1.2208947629659836,1.14236581325531,1.156309391446853
5933,7470,7467,0,-1.7280778794557388,-1.6980538368225098,-1.720973303821736,-1.6796766519546509,-1.665733073763108
5934,7471,7468,0,1.395718702766246,1.4895894527435303,1.466669985744304,1.4213902950286865,1.4353338732202294
5935,7472,7469,0,-0.3911543100148971,-0.349271297454834,-0.3721907644540603,-0.3891250789165497,-0.3751815007250068
5936,7474,7471,0,0.41360912630254676,0.44678011536598206,0.42386064836675574,0.43891817331314087,0.4528617515046838
5937,7475,7472,0,1.7798874468534653,1.8293302059173584,1.806410738918132,1.7780961990356445,1.7920397772271874
5938,7478,7475,0,-2.076332202461415,-2.09242844581604,-2.1153479128152664,-2.1342427730560303,-2.1202991948644874
5939,7479,7476,0,1.0066835970609849,1.0682061910629272,1.045286724063701,0.9829504489898682,0.9968940271814111
5940,7480,7477,0,1.037802466842479,1.05660879611969,1.0336893291204636,0.981116533279419,0.9950601114709618
5941,7481,7478,0,0.9279907436102097,0.8923043012619019,0.8693848342626755,0.8590065240859985,0.8729501022775414
5942,7482,7479,0,0.5828238219946091,0.573480486869812,0.5505610198705857,0.5950324535369873,0.6089760317285302
5943,7483,7480,0,1.6030573935239976,1.6493937969207764,1.62647432992155,1.5899525880813599,1.6038961662729028
5944,7484,7481,0,1.759883412811107,1.797473430633545,1.7745539636343186,1.727264642715454,1.741208220906997
5945,7485,7482,0,-0.27991180708711694,-0.2680242359638214,-0.2909437029630477,-0.24766913056373596,-0.23372555237219306
5946,7486,7483,0,0.47877196380788734,0.5251211524009705,0.5022016854017441,0.45839163661003113,0.47233521480157403
5947,7487,7484,0,2.691003927680797,2.7445034980773926,2.7215840310781663,2.6868951320648193,2.7008387102563622
5948,7489,7486,0,-0.6678585319787795,-0.6386205554008484,-0.6615400224000747,-0.7160637378692627,-0.7021201596777198
5949,7491,7488,0,-0.5120965748102004,-0.5394952893257141,-0.5624147563249404,-0.5419639348983765,-0.5280203567068336
5950,7492,7489,0,-2.590637317207509,-2.5958709716796875,-2.618790438678914,-2.669520139694214,-2.655576561502671
5951,7493,7490,0,-0.10905623277729107,-0.05262424796819687,-0.07554371496742321,-0.10122543573379517,-0.08728185754225226
5952,7494,7491,0,1.5796326489179795,1.6230508089065552,1.6001313419073289,1.5516555309295654,1.5655991091211083
5953,7495,7492,0,1.8118569941251939,1.8605806827545166,1.8376612157552903,1.8056113719940186,1.8195549501855615
5954,7496,7493,0,2.6213249058454697,2.6807143688201904,2.657794901820964,2.6065833568573,2.6205269350488427
5955,7497,7494,0,-0.5394320993692214,-0.46466121077537537,-0.4875806777746017,-0.5946749448776245,-0.5807313666860816
5956,7498,7495,0,0.7104902357786362,0.6797516345977783,0.656832167598552,0.6674891710281372,0.6814327492196801
5957,7499,7496,0,1.4042236895292466,1.4498956203460693,1.426976153346843,1.468659520149231,1.4826030983407739
5958,7500,7497,0,-4.967445722129995,-4.91658878326416,-4.939508250263387,-4.9060282707214355,-4.892084692529893
5959,7501,7498,0,2.155465015861339,2.192356586456299,2.1694371194570725,2.1051042079925537,2.1190477861840966
5960,7502,7499,0,-3.0961209445268447,-3.1497838497161865,-3.172703316715413,-3.0209124088287354,-3.0069688306371924
5961,7503,7500,0,0.8106727094381516,0.8401468396186829,0.8172273726194565,0.8817274570465088,0.8956710352380517
5962,7504,7501,0,1.3340668768614,1.339257001876831,1.3163375348776047,1.3041163682937622,1.3180599464853051
5963,7505,7502,0,0.8676450342863267,0.8614951968193054,0.8385757298200791,0.8301053047180176,0.8440488829095605
5964,7506,7503,0,0.8452991337507432,0.9088922739028931,0.8859728069036668,0.8414231538772583,0.8553667320688012
5965,7507,7504,-2,-2.115356907970769,-2.0323243141174316,-2.055243781116658,-2.122079849243164,-2.108136271051621
5966,7509,7506,0,1.3881296009748643,1.3971529006958008,1.3742334336965745,1.4075497388839722,1.421493317075515
5967,7510,7507,0,1.959966191741771,1.9746609926223755,1.9517415256231492,1.950026035308838,1.9639696135003808
5968,7512,7509,0,-3.1487728266984756,-3.2148869037628174,-3.2378063707620437,-3.18550181388855,-3.171558235697007
5969,7513,7510,0,2.414735445472545,2.414706230163574,2.391786763164348,2.394348382949829,2.408291961141372
5970,7514,7511,0,1.169509181472606,1.2269644737243652,1.204045006725139,1.139597773551941,1.1535413517434838
5971,7516,7513,0,-3.2898136287004287,-3.2684991359710693,-3.2914186029702956,-3.297614097595215,-3.283670519403672
5972,7517,7514,0,2.0085901112287705,2.0132484436035156,1.9903289766042893,1.9811683893203735,1.9951119675119164
5973,7518,7515,0,1.8512833208769028,1.852959394454956,1.8300399274557297,1.8408766984939575,1.8548202766855004
5974,7519,7516,0,1.1393520922392075,1.161506175994873,1.1385867089956467,1.0877087116241455,1.1016522898156884
5975,7520,7517,0,1.3923910946577256,1.3994431495666504,1.376523682567424,1.3200739622116089,1.3340175404031518
5976,7521,7518,0,-3.664197316673451,-3.7265379428863525,-3.749457409885579,-3.6233441829681396,-3.6094006047765967
5977,7522,7519,0,-0.19724314501588894,-0.15462899208068848,-0.17754845907991482,-0.19947892427444458,-0.18553534608290168
5978,7523,7520,0,1.4899666399686997,1.5258121490478516,1.5028926820486253,1.4748588800430298,1.4888024582345727
5979,7524,7521,0,1.2080524058073228,1.3052961826324463,1.28237671563322,1.2259716987609863,1.2399152769525292
5980,7525,7522,-1,1.8418126818368257,1.8551623821258545,1.8322429151266282,1.7741633653640747,1.7881069435556176
5981,7527,7524,0,0.63147921273405,0.6340699791908264,0.6111505121916001,0.6046019792556763,0.6185455574472192
5982,7528,7525,0,-1.2386312394410903,-1.2119524478912354,-1.2348719148904617,-1.251426100730896,-1.237482522539353
5983,7529,7526,0,0.7448628635137742,0.7828692197799683,0.759949752780742,0.6903139352798462,0.7042575134713891
5984,7530,7527,0,-0.3042678444654281,-0.30321332812309265,-0.32613279512231896,-0.36666181683540344,-0.35271823864386054
5985,7531,7528,0,1.3294351191251939,1.3559315204620361,1.3330120534628098,1.2781702280044556,1.2921138061959985
5986,7532,7529,0,-1.5725331216127212,-1.5651960372924805,-1.5881155042917068,-1.510067343711853,-1.4961237655203101
5987,7533,7530,0,0.3863870591848557,0.42229220271110535,0.39937273571187903,0.3833528459072113,0.3972964240987542
5988,7534,7531,0,-2.9236322551042373,-2.914898157119751,-2.9378176241189773,-2.8462460041046143,-2.8323024259130714
5989,7535,7532,0,-5.064759603050405,-5.03375768661499,-5.056677153614217,-5.014128684997559,-5.000185106806016
5990,7537,7534,0,-2.888625731971913,-2.91683030128479,-2.9397497682840164,-2.891751527786255,-2.877807949594712
5991,7538,7535,0,2.0977436394422715,2.1314268112182617,2.1085073442190354,2.0865566730499268,2.1005002512414697
5992,7539,7536,0,1.6212796063154404,1.6796053647994995,1.6566858978002732,1.5506104230880737,1.5645540012796166
5993,7540,7537,0,0.02378995874816823,0.060113243758678436,0.037193776759452096,0.020102128386497498,0.0340457065780404
5994,7541,7538,0,-1.0570490269929702,-1.1069837808609009,-1.1299032478601272,-1.032091498374939,-1.018147920183396
5995,7542,7539,0,-2.8142460494310195,-2.8586583137512207,-2.881577780750447,-2.7506065368652344,-2.7366629586736915
5996,7543,7540,-1,1.598015618009311,1.63180410861969,1.6088846416204636,1.5804415941238403,1.5943851723153832
5997,7544,7541,0,-1.976673236396962,-1.9156559705734253,-1.9385754375726516,-1.9807909727096558,-1.9668473945181129
5998,7545,7542,0,0.6742897124021714,0.7395372986793518,0.7166178316801255,0.69162917137146,0.7055727495630029
5999,7546,7543,-1,0.8808587309548677,0.9328184723854065,0.9098990053861802,0.8881304264068604,0.9020740045984033
6000,7547,7544,0,0.6910648436277573,0.6778547167778015,0.6549352497785752,0.7246357202529907,0.7385792984445336
6001,7548,7545,0,1.9866721720426743,2.017540454864502,1.9946209878652756,1.953778862953186,1.967722441144729
6002,7549,7546,0,2.0767263264387315,2.105477809906006,2.0825583429067795,2.0952112674713135,2.1091548456628564
6003,7551,7548,0,1.780599007102794,1.7671787738800049,1.7442593068807786,1.7272883653640747,1.7412319435556176
6004,7553,7550,0,1.0554601044386094,1.030112624168396,1.0071931571691697,1.0298889875411987,1.0438325657327416
6005,7555,7552,0,-3.9832988887101943,-3.9851982593536377,-4.0081177263528645,-3.884873151779175,-3.870929573587632
6006,7556,7553,0,-1.1412843375474746,-1.1121858358383179,-1.1351053028375442,-1.1687780618667603,-1.1548344836752173
6007,7557,7554,0,-0.6833223014146621,-0.6767910122871399,-0.6997104792863662,-0.6609210968017578,-0.6469775186102149
6008,7558,7555,0,-1.0078500418931777,-1.0180413722991943,-1.0409608392984206,-0.9603484869003296,-0.9464049087087867
6009,7559,7556,0,-1.8096997647554214,-1.757727026939392,-1.7806464939386184,-1.8372055292129517,-1.8232619510214088
6010,7560,7557,0,1.313096770736522,1.4026832580566406,1.3797637910574143,1.3139472007751465,1.3278907789666894
6011,7562,7559,0,2.817976603004283,2.852381944656372,2.8294624776571458,2.7738473415374756,2.7877909197290185
6012,7563,7560,0,2.229817995521373,2.244879722595215,2.2219602555959885,2.203652858734131,2.2175964369256738
6013,7566,7563,-1,0.08745033709500438,0.11426103860139847,0.09134157160217213,0.07132892310619354,0.08527250129773645
6014,7567,7564,0,3.2221731037824815,3.247760534286499,3.2248410672872727,3.168020248413086,3.181963826604629
6015,7571,7568,0,1.0157675833433335,1.048108696937561,1.0251892299383347,1.04849374294281,1.062437321134353
6016,7572,7569,0,1.4465366692274277,1.5081167221069336,1.4851972551077073,1.4310930967330933,1.4450366749246362
6017,7573,7570,0,2.5455981583326523,2.613827705383301,2.5909082383840745,2.487403154373169,2.501346732564712
6018,7574,7571,0,-0.47237836411302636,-0.46022698283195496,-0.48314644983118127,-0.47002342343330383,-0.45607984524176093
6019,7575,7572,0,-0.09158029994075848,-0.02970057725906372,-0.05262004425829006,-0.07793359458446503,-0.06399001639292212
6020,7576,7573,0,0.6666984052389329,0.7199794054031372,0.6970599384039109,0.6636494398117065,0.6775930180032494
6021,7577,7574,0,1.3375997633665269,1.330732822418213,1.3078133554189866,1.2735226154327393,1.2874661936242822
6022,7578,7575,0,-0.4319504111081893,-0.40413448214530945,-0.42705394914453576,-0.4623269736766815,-0.4483833954851386
6023,7579,7576,0,-2.3502188830644424,-2.38505482673645,-2.4079742937356765,-2.371253728866577,-2.3573101506750342
6024,7580,7577,0,-0.26293920567339013,-0.2486158311367035,-0.2715352981359298,-0.2719227969646454,-0.2579792187731025
6025,7581,7578,-1,-2.572894263582486,-2.5852837562561035,-2.60820322325533,-2.538604497909546,-2.524660919718003
6026,7582,7579,0,0.3678840191095536,0.41213083267211914,0.38921136567289283,0.36257877945899963,0.37652235765054254
6027,7583,7580,0,-1.4427950291902358,-1.4183979034423828,-1.4413173704416091,-1.405774712562561,-1.3918311343710181
6028,7584,7581,0,0.12031553843910145,0.16434159874916077,0.14142213174993443,0.09441088140010834,0.10835445959165124
6029,7585,7582,0,-0.8395958452493484,-0.8608422875404358,-0.8837617545396621,-0.8959800004959106,-0.8820364223043677
6030,7586,7583,0,1.1533565611570542,1.153761625289917,1.1308421582906907,1.1326584815979004,1.1466020597894433
6031,7587,7584,0,0.08102617571050572,0.14476120471954346,0.12184173772031712,0.087994784116745,0.1019383623082879
6032,7588,7585,0,-2.9944919257432754,-3.0318543910980225,-3.0547738580972488,-2.98734974861145,-2.9734061704199073
6033,7589,7586,0,2.787554630729503,2.894948959350586,2.8720294923513596,2.710925817489624,2.724869395681167
6034,7590,7587,0,2.0503381581037705,2.066911458969116,2.04399199196989,1.9158906936645508,1.9298342718560937
6035,7592,7589,0,-3.0655211119920547,-3.0340797901153564,-3.0569992571145828,-3.1141507625579834,-3.1002071843664405
6036,7594,7591,0,0.11993885198528217,0.10457427054643631,0.08165480354720997,0.04427678883075714,0.058220367022300046
6037,7597,7594,0,2.1351720185011094,2.135791540145874,2.1128720731466477,2.0405433177948,2.0544868959863427
6038,7598,7595,0,1.7994573206632798,1.7772961854934692,1.754376718494243,1.729160189628601,1.743103767820144
6039,7600,7597,0,0.6630131096571152,0.6706749200820923,0.647755453082866,0.6495325565338135,0.6634761347253564
6040,7601,7598,0,-2.1207252650529678,-2.0993683338165283,-2.1222878008157546,-2.1079986095428467,-2.0940550313513038
6041,7602,7599,0,-1.2455480008394058,-1.2118713855743408,-1.2347908525735671,-1.260616660118103,-1.2466730819265601
6042,7603,7600,0,1.4960711092680161,1.5005804300308228,1.4776609630315964,1.4733842611312866,1.4873278393228295
6043,7604,7601,0,-0.08425993314092708,-0.09049434214830399,-0.11341380914753033,-0.08820909261703491,-0.07426551442549201
6044,7605,7602,0,-1.7732343583375747,-1.8620491027832031,-1.8849685697824294,-1.7741636037826538,-1.760220025591111
6045,7606,7603,0,1.7100857586591904,1.7823481559753418,1.7594286889761155,1.7218083143234253,1.7357518925149682
6046,7607,7604,0,-2.451736321952992,-2.4509241580963135,-2.47384362509554,-2.4601309299468994,-2.4461873517553565
6047,7608,7605,0,-1.055762281921559,-1.0328843593597412,-1.0558038263589675,-1.0901433229446411,-1.0761997447530982
6048,7609,7606,0,1.6062924952238267,1.6068898439407349,1.5839703769415086,1.5691262483596802,1.583069826551223
6049,7610,7607,0,-2.2292662768632705,-2.2005341053009033,-2.2234535723001296,-2.2216804027557373,-2.2077368245641944
6050,7611,7608,0,-0.5315228014261062,-0.47012224793434143,-0.49304171493356774,-0.4667440950870514,-0.4528005168955085
6051,7612,7609,0,1.501007565948314,1.542429804801941,1.5195103378027146,1.4580575227737427,1.4720011009652856
6052,7613,7610,0,1.1859812826841538,1.2179960012435913,1.195076534244365,1.21196448802948,1.2259080662210229
6053,7614,7611,0,0.4809599311083024,0.5297390818595886,0.5068196148603623,0.564966082572937,0.5789096607644799
6054,7615,7612,0,-0.4050239830285842,-0.37714114785194397,-0.4000606148511703,-0.43130090832710266,-0.41735733013555976
6055,7616,7613,0,-0.49969743779008935,-0.5017634034156799,-0.5246828704149062,-0.5095560550689697,-0.4956124768774268
6056,7617,7614,0,-2.7547019629747207,-2.761094331741333,-2.7840137987405593,-2.816358804702759,-2.802415226511216
6057,7618,7615,0,0.9728285760610764,0.9733973145484924,0.9504778475492661,0.9502695798873901,0.964213158078933
6058,7619,7616,0,0.6683849186628525,0.7114478349685669,0.6885283679693406,0.659331202507019,0.673274780698562
6059,7620,7617,0,2.1694909424513047,2.2262299060821533,2.203310439082927,2.1877522468566895,2.2016958250482324
6060,7621,7618,0,-0.6336679964334304,-0.6078544855117798,-0.6307739525110061,-0.6254665851593018,-0.6115230069677589
6061,7623,7620,0,0.4702283532350724,0.4601258635520935,0.4372063965528672,0.4238460659980774,0.4377896441896203
6062,7624,7621,0,0.05573060521776128,0.04647446423768997,0.023554997238463632,0.024338901042938232,0.03828247923448114
6063,7625,7622,0,1.6126285881727402,1.5986887216567993,1.575769254657573,1.6001752614974976,1.6141188396890405
6064,7626,7623,0,0.5553480477064316,0.5559292435646057,0.5330097765653794,0.5439808368682861,0.557924415059829
6065,7627,7624,0,1.4236570687025254,1.4715044498443604,1.448584982845134,1.3617935180664062,1.3757370962579492
6066,7628,7625,0,0.6722165436475938,0.6497935652732849,0.6268740982740586,0.6391301155090332,0.6530736937005761
6067,7629,7626,0,0.5343707294195359,0.5388107299804688,0.5158912629812424,0.48772263526916504,0.5016662134607079
6068,7630,7627,0,3.101026424857921,3.1230196952819824,3.100100228282756,3.0476667881011963,3.061610366292739
6069,7631,7628,0,0.5917683930128281,0.6251640319824219,0.6022445649831956,0.5823416709899902,0.5962852491815331
6070,7633,7630,0,-0.2705240755349929,-0.33500948548316956,-0.35792895248239587,-0.317138671875,-0.3031950936834571
6071,7634,7631,0,1.4035281033247178,1.4411284923553467,1.4182090253561204,1.4237602949142456,1.4377038731057885
6072,7635,7632,0,-0.17547131171529842,-0.18900933861732483,-0.21192880561655117,-0.12495890259742737,-0.11101532440588446
6073,7636,7633,0,1.5490343661039536,1.6294806003570557,1.6065611333578294,1.5696630477905273,1.5836066259820702
6074,7637,7634,0,1.7822791428297227,1.8149429559707642,1.7920234889715378,1.7589834928512573,1.7729270710428002
6075,7638,7635,0,-3.220279088524037,-3.240420341491699,-3.2633398084909255,-3.2159993648529053,-3.2020557866613624
6076,7640,7637,0,1.5097816080778306,1.5486193895339966,1.5256999225347703,1.4950908422470093,1.5090344204385522
6077,7642,7639,0,-0.01064631464039636,-0.025053195655345917,-0.04797266265457226,-0.027697861194610596,-0.013754283003067691
6078,7644,7641,0,1.1523528189390366,1.1685326099395752,1.1456131429403489,1.1210213899612427,1.1349649681527856
6079,7645,7642,0,-4.012401929405385,-3.9807140827178955,-4.003633549717122,-4.030681133270264,-4.016737555078721
6080,7646,7643,0,2.9805303902357285,2.9949424266815186,2.9720229596822922,2.97924542427063,2.993189002462173
6081,7647,7644,0,-0.46515302946870873,-0.41634052991867065,-0.43925999691789697,-0.4574717581272125,-0.4435281799356696
6082,7648,7645,0,-2.501028647926503,-2.533874273300171,-2.556793740299397,-2.4474682807922363,-2.4335247026006934
6083,7649,7646,0,1.1415469736784165,1.123002290725708,1.1000828237264817,1.111430048942566,1.1253736271341088
6084,7650,7647,0,1.2029451222150986,1.201169490814209,1.1782500238149827,1.1000374555587769,1.1139810337503198
6085,7651,7648,0,0.9902062506406968,1.0154606103897095,0.9925411433904832,0.9930824041366577,1.0070259823282006
6086,7652,7649,0,1.2513300270765488,1.2823854684829712,1.2594660014837449,1.2475553750991821,1.261498953290725
6087,7653,7650,0,-0.6528841166765029,-0.6065887808799744,-0.6295082478792007,-0.6117367744445801,-0.5977931962530372
6088,7654,7651,0,-0.6085909514695937,-0.5467999577522278,-0.5697194247514541,-0.6108748912811279,-0.596931313089585
6089,7655,7652,0,1.4719908327787583,1.5142121315002441,1.4912926645010178,1.4339790344238281,1.447922612615371
6090,7656,7653,0,1.2416201920240586,1.2871067523956299,1.2641872853964036,1.2517025470733643,1.2656461252649072
6091,7657,7654,0,1.2506842703550523,1.2737629413604736,1.2508434743612473,1.2124402523040771,1.22638383049562
6092,7658,7655,0,-1.2055517344743545,-1.1755750179290771,-1.1984944849283035,-1.2724299430847168,-1.258486364893174
6093,7659,7656,-2,1.8292241238285474,1.862511157989502,1.8395916909902756,1.907435417175293,1.9213789953668359
6094,7660,7657,0,2.3426100105970566,2.4004862308502197,2.3775667638509934,2.3461551666259766,2.3600987448175195
6095,7661,7658,0,2.9186951012342637,3.0119030475616455,2.988983580562419,2.866194009780884,2.8801375879724267
6096,7662,7659,0,0.7437446207731431,0.7004217505455017,0.6775022835462754,0.7507532835006714,0.7646968616922143
6097,7663,7660,0,-0.30456542065446923,-0.26221582293510437,-0.2851352899343307,-0.3128165304660797,-0.2988729522745368
6098,7664,7661,0,0.9134746880262559,0.9532385468482971,0.9303190798490708,0.9445052146911621,0.958448792882705
6099,7665,7662,0,1.9412714333265488,1.995935320854187,1.9730158538549607,1.952933669090271,1.966877247281814
6100,7666,7663,0,-1.2715543418199355,-1.3289811611175537,-1.35190062811678,-1.2894901037216187,-1.2755465255300757
6101,7667,7664,0,1.7307834715574448,1.798586130142212,1.7756666631429856,1.7441366910934448,1.7580802692849877
6102,7668,7665,0,1.2067306132047837,1.2440943717956543,1.221174904796428,1.14791738986969,1.1618609680612328
6103,7669,7666,0,1.4604169220655625,1.5284512042999268,1.5055317373007004,1.4096485376358032,1.4235921158273461
6104,7670,7667,0,0.9991456956594651,1.0535764694213867,1.0306570024221604,0.9638651609420776,0.9778087391336205
6105,7671,7668,0,-0.852776875999623,-0.8346025347709656,-0.8575220017701919,-0.8887280225753784,-0.8747844443838355
6106,7673,7670,0,-3.101194491890126,-3.057570695877075,-3.0804901628763015,-3.094129800796509,-3.080186222604966
6107,7674,7671,0,0.006083989235705612,-0.015209071338176727,-0.03812853833740307,-0.06484068930149078,-0.05089711110994788
6108,7675,7672,0,1.521556744071788,1.5450444221496582,1.522124955150432,1.4446443319320679,1.4585879101236108
6109,7677,7674,0,-2.8753236441880996,-2.9330832958221436,-2.95600276282137,-2.8526432514190674,-2.8386996732275245
6110,7678,7675,0,0.10700932303363728,0.0828891173005104,0.059969650301284066,0.11714190244674683,0.13108548063828973
6111,7679,7676,0,-1.5701116233140762,-1.5377733707427979,-1.5606928377420242,-1.5707786083221436,-1.5568350301306007
6112,7680,7677,0,-3.7256692557603652,-3.7503931522369385,-3.773312619236165,-3.717107057571411,-3.7031634793798682
6113,7681,7678,0,-4.163215508964711,-4.2051191329956055,-4.228038599994832,-4.158238887786865,-4.144295309595322
6114,7682,7679,0,2.1462167591779893,2.1929900646209717,2.1700705976217454,2.121776580810547,2.13572015900209
6115,7683,7680,0,-0.733585587051564,-0.692343533039093,-0.7152630000383193,-0.7484495639801025,-0.7345059857885596
6116,7684,7681,0,-1.178155293968373,-1.1797716617584229,-1.2026911287576492,-1.178078532218933,-1.1641349540273902
6117,7685,7682,0,1.2618069739072983,1.309472680091858,1.2865532130926316,1.2495781183242798,1.2635216965158227
6118,7686,7683,0,-2.449432960060292,-2.4913828372955322,-2.5143023042947585,-2.4402120113372803,-2.4262684331457374
6119,7687,7684,0,-2.5229676871568496,-2.4807369709014893,-2.5036564379007156,-2.470888376235962,-2.456944798044419
6120,7688,7685,0,-1.7853511481553848,-1.7831083536148071,-1.8060278206140334,-1.7137184143066406,-1.6997748361150977
6121,7690,7687,0,1.5972062439649766,1.6661053895950317,1.6431859225958054,1.6109704971313477,1.6249140753228906
6122,7691,7688,0,1.6818691582410996,1.736231803894043,1.7133123368948167,1.6850494146347046,1.6989929928262475
6123,7693,7690,0,0.25379056641752173,0.31203144788742065,0.28911198088819434,0.2869380712509155,0.30088164944245843
6124,7695,7692,0,-2.288058629539662,-2.338425874710083,-2.3613453417093093,-2.2749688625335693,-2.2610252843420264
6125,7696,7693,0,0.6963676304548447,0.7340685129165649,0.7111490459173386,0.6627352237701416,0.6766788019616845
6126,7697,7694,0,1.1342383713453477,1.156508207321167,1.1335887403219407,1.0794470310211182,1.093390609212661
6127,7698,7695,0,2.1107045502393906,2.1198532581329346,2.0969337911337083,2.060667037963867,2.07461061615541
6128,7699,7696,0,0.6045833320348923,0.6233773827552795,0.6004579157560532,0.5748240947723389,0.5887676729638818
6129,7700,7697,0,-1.7560524850160415,-1.7169866561889648,-1.7399061231881912,-1.767919659614563,-1.75397608142302
6130,7701,7698,-1,0.24405105082486278,0.3511420786380768,0.32822261163885047,0.2639264464378357,0.2778700246293786
6131,7702,7699,0,0.058571843150204896,0.08149480074644089,0.05857533374721455,0.12000948190689087,0.13395306009843377
6132,7703,7700,0,1.1060533613889878,1.162001132965088,1.1390816659658616,1.0537960529327393,1.0677396311242822
6133,7704,7701,0,-0.6674497633249099,-0.6228651404380798,-0.6457846074373061,-0.6306594610214233,-0.6167158828298804
6134,7705,7702,0,0.17877928325826573,0.1593276858329773,0.13640821883375095,0.12496224045753479,0.1389058186490777
6135,7707,7704,0,-0.3750065474778945,-0.35680827498435974,-0.37972774198358605,-0.39310893416404724,-0.37916535597250434
6136,7708,7705,-1,-2.8875276330282866,-2.9655520915985107,-2.988471558597737,-2.8964598178863525,-2.8825162396948096
6137,7709,7706,0,0.7016254157751267,0.7117903232574463,0.68887085625822,0.6887859106063843,0.7027294887979272
6138,7710,7707,0,0.8027796239584153,0.89598149061203,0.8730620236128037,0.7968560457229614,0.8107996239145043
6139,7711,7708,0,0.48050201842481544,0.4878392219543457,0.4649197549551194,0.4213545322418213,0.4352981104333642
6140,7712,7709,0,0.443547734710521,0.399863600730896,0.3769441337316697,0.454873263835907,0.4688168420274499
6141,7713,7710,0,-0.2322042643100555,-0.1802828013896942,-0.20320226838892055,-0.23409876227378845,-0.22015518408224555
6142,7714,7711,0,-1.481365194824391,-1.4926931858062744,-1.5156126528055007,-1.4461884498596191,-1.4322448716680762
6143,7715,7712,0,0.5401568503111069,0.5492702126502991,0.5263507456510728,0.4794306457042694,0.4933742238958123
6144,7716,7713,-2,-2.1898960925410815,-2.2154784202575684,-2.2383978872567947,-2.228111505508423,-2.21416792731688
6145,7717,7714,0,1.830561050865001,1.8942842483520508,1.8713647813528245,1.7771011590957642,1.791044737287307
6146,7719,7716,0,1.1230963558881943,1.135970115661621,1.1130506486623948,1.1320441961288452,1.1459877743203881
6147,7720,7717,0,1.3522387833326523,1.4218297004699707,1.3989102334707444,1.3211215734481812,1.335065151639724
6148,7721,7718,0,-1.5513543992311294,-1.5992603302001953,-1.6221797971994216,-1.4699093103408813,-1.4559657321493384
6149,7722,7719,0,-4.370057454612905,-4.37784481048584,-4.400764277485067,-4.272731304168701,-4.258787725977158
6150,7723,7720,0,2.263565668556041,2.259852647781372,2.2369331807821458,2.221423387527466,2.2353669657190087
6151,7724,7721,0,-2.7059317736894424,-2.74580717086792,-2.7687266378671462,-2.6711974143981934,-2.6572538362066505
6152,7726,7723,0,-1.9214051871568496,-1.8735394477844238,-1.8964589147836501,-1.9769788980484009,-1.963035319856858
6153,7727,7724,0,-1.110966196563893,-1.1612533330917358,-1.1841728000909622,-1.1268237829208374,-1.1128802047292945
6154,7728,7725,0,2.723800787422008,2.740116834640503,2.7171973676412766,2.729741334915161,2.743684913106704
6155,7729,7726,0,0.19254390308553623,0.20898529887199402,0.18606583187276768,0.18309855461120605,0.19704213280274896
6156,7730,7727,0,1.4004944653242295,1.4432189464569092,1.4202994794576829,1.4409897327423096,1.4549333109338525
6157,7731,7728,0,0.678747782203502,0.7201225161552429,0.6972030491560166,0.6185524463653564,0.6324960245568993
6158,7732,7729,0,0.5475133747785752,0.5670725703239441,0.5441531033247178,0.48138511180877686,0.49532869000031976
6159,7733,7730,0,1.9460004658430283,1.9909662008285522,1.968046733829326,1.9168046712875366,1.9307482494790795
6160,7734,7731,0,2.768678316566295,2.8221566677093506,2.7992372007101243,2.743361473083496,2.757305051275039
6161,7736,7733,0,0.6188216895788377,0.6270801424980164,0.60416067549879,0.6146764755249023,0.6286200537164452
6162,7737,7734,0,-1.5996011405259902,-1.5670185089111328,-1.5899379759103591,-1.5387862920761108,-1.524842713884568
6163,7738,7735,0,1.0655510515897935,1.107342004776001,1.0844225377767747,1.067537546157837,1.0814811243493798
6164,7739,7736,0,1.154189357253856,1.1724961996078491,1.1495767326086228,1.1502571105957031,1.164200688787246
6165,7740,7737,0,2.022074827644176,2.0680384635925293,2.045118996593303,2.0146775245666504,2.0286211027581933
6166,7741,7738,0,1.2966145367353623,1.2549668550491333,1.232047388049907,1.2182561159133911,1.232199694104934
6167,7742,7739,0,0.9789648742407029,1.015856385231018,0.9929369182317918,0.9591484069824219,0.9730919851739648
6168,7743,7740,0,1.826702007743663,1.8766416311264038,1.8537221641271775,1.7967122793197632,1.810655857511306
6169,7744,7741,0,1.4780123324125474,1.5011686086654663,1.47824914166624,1.4941712617874146,1.5081148399789575
6170,7745,7742,0,2.0224424690931504,2.072061061859131,2.0491415948599045,2.014737367630005,2.028680945821548
6171,7746,7743,0,1.9796931833952134,1.9897087812423706,1.9667893142431443,1.9341291189193726,1.9480726971109155
6172,7748,7745,0,-0.48798429062669824,-0.4198177754878998,-0.4427372424871261,-0.501018762588501,-0.48707518439695807
6173,7749,7746,0,-2.7094367652208144,-2.7558982372283936,-2.77881770422762,-2.7188780307769775,-2.7049344525854346
6174,7750,7747,-2,-0.4062313891719409,-0.32915398478507996,-0.35207345178430627,-0.41354236006736755,-0.39959878187582465
6175,7751,7748,0,-0.37234010389154504,-0.40125903487205505,-0.42417850187128137,-0.43586209416389465,-0.42191851597235175
6176,7753,7750,0,-1.899555316475087,-1.8848598003387451,-1.9077792673379714,-1.88681161403656,-1.8728680358450172
6177,7754,7751,0,-3.3213912158281143,-3.3188564777374268,-3.341775944736653,-3.283616304397583,-3.26967272620604
6178,7755,7752,0,-0.9305813818246658,-0.888664186000824,-0.9115836530000503,-0.927482008934021,-0.9135384307424781
6179,7756,7753,0,-1.442413917091542,-1.4430840015411377,-1.466003468540364,-1.5064384937286377,-1.4924949155370948
6180,7757,7754,0,0.6438001484602158,0.6458732485771179,0.6229537815778916,0.6636375188827515,0.6775810970742944
6181,7758,7755,0,0.8498056621282761,0.852850615978241,0.8299311489790147,0.8085192441940308,0.8224628223855737
6182,7759,7756,0,-0.5673060922891433,-0.5309075117111206,-0.5538269787103469,-0.6228406429290771,-0.6088970647375342
6183,7760,7757,0,2.4869109482496445,2.5568997859954834,2.533980318996257,2.4688923358917236,2.4828359140832665
6184,7761,7758,-1,-0.9811593774130523,-0.9630361199378967,-0.985955586937123,-1.0036474466323853,-0.9897038684408423
6185,7762,7759,-1,-2.0024186852743804,-1.9682576656341553,-1.9911771326333816,-1.972676157951355,-1.958732579759812
6186,7763,7760,0,-0.5747943430215652,-0.564716637134552,-0.5876361041337783,-0.5670499801635742,-0.5531064019720313
6187,7764,7761,0,-0.6579403786927993,-0.6005625128746033,-0.6234819798738296,-0.6241054534912109,-0.610161875299668
6188,7765,7762,0,2.265619644615001,2.341850996017456,2.3189315290182297,2.2073259353637695,2.2212695135553124
6189,7767,7764,0,1.8224969000547593,1.8617796897888184,1.838860222789592,1.759169578552246,1.773113156743789
6190,7768,7765,0,-1.3340996413499648,-1.3830347061157227,-1.405954173114949,-1.3373197317123413,-1.3233761535207984
6191,7770,7767,0,-0.47933789184396813,-0.42081382870674133,-0.44373329570596765,-0.4848591983318329,-0.47091562014029
6192,7771,7768,0,-0.084915055242234,-0.12485622614622116,-0.1477756931454475,-0.20219045877456665,-0.18824688058302375
6193,7773,7770,0,-3.4431217818528945,-3.4802358150482178,-3.503155282047444,-3.468489408493042,-3.454545830301499
6194,7774,7771,0,1.685668358299083,1.7329809665679932,1.7100614995687669,1.7148209810256958,1.7287645592172387
6195,7775,7772,0,1.1311551422804063,1.1675269603729248,1.1446074933736985,1.1741539239883423,1.1880975021798852
6196,7776,7773,0,0.1963029892175858,0.25916388630867004,0.2362444193094437,0.1985456794500351,0.212489257641578
6197,7777,7774,0,0.41860992619687964,0.4832119047641754,0.4602924377649491,0.3876820206642151,0.401625598855758
6198,7778,7775,0,1.5089212746351426,1.5593701601028442,1.536450693103618,1.4717904329299927,1.4857340111215356
6199,7779,7776,0,0.7128456921308701,0.7660585045814514,0.7431390375822251,0.7209134101867676,0.7348569883783105
6200,7780,7777,0,0.43637187192136695,0.42842456698417664,0.4055050999849503,0.43578222393989563,0.44972580213143853
6201,7781,7778,0,2.7717152924268906,2.8426706790924072,2.819751212093181,2.7797634601593018,2.7937070383508447
6202,7782,7779,0,1.2504987807005112,1.3108350038528442,1.287915536853618,1.2480241060256958,1.2619676842172387
6203,7783,7780,0,0.20990737685853886,0.36923927068710327,0.34631980368787696,0.17415976524353027,0.18810334343507318
6204,7784,7781,0,0.6015408129423325,0.6276628375053406,0.6047433705061143,0.5815879106521606,0.5955314888437035
6205,7785,7782,0,0.8326518029897874,0.8181992173194885,0.7952797503202622,0.823433518409729,0.8373770966012719
6206,7786,7783,0,1.9976507515638535,1.9943583011627197,1.9714388341634934,1.9775817394256592,1.991525317617202
6207,7787,7784,0,0.9549053997724717,0.9744493365287781,0.9515298695295518,0.9653126001358032,0.9792561783273461
6208,7788,7785,0,2.6445432991712754,2.7061116695404053,2.683192202541179,2.6137802600860596,2.6277238382776025
6209,7789,7786,0,1.6396049351423447,1.6689562797546387,1.6460368127554124,1.5785012245178223,1.5924448027093652
6210,7790,7787,0,1.005702504607982,1.0565760135650635,1.0336565465658372,0.971444845199585,0.9853884233911279
6211,7791,7788,0,-1.2719908862382705,-1.691758394241333,-1.7146778612405593,-1.2238423824310303,-1.2098988042394874
6212,7792,7789,0,1.5129146666258042,1.546663761138916,1.5237442941396897,1.4831421375274658,1.4970857157190087
6213,7793,7790,0,3.2326968998640244,3.2911717891693115,3.268252322170085,3.238105535507202,3.252049113698745
6214,7794,7791,0,-0.1951517819434936,-0.21812406182289124,-0.24104352882211758,-0.21422508358955383,-0.20028150539801093
6215,7795,7792,0,-0.6233571081430251,-0.6424198746681213,-0.6653393416673477,-0.7235336303710938,-0.7095900521795508
6216,7796,7793,0,0.2829572350710099,0.2669669985771179,0.24404753157789158,0.24609839916229248,0.2600419773538354
6217,7797,7794,0,-0.7395597605974014,-0.7365923523902893,-0.7595118193895156,-0.762572169303894,-0.7486285911123511
6218,7798,7795,0,1.8946313948362534,1.9503811597824097,1.9274616927831834,1.8746813535690308,1.8886249317605737
6219,7799,7796,0,-1.5483751206666763,-1.5296449661254883,-1.5525644331247146,-1.5423964262008667,-1.5284528480093238
6220,7800,7797,0,-3.425603499916249,-3.4544765949249268,-3.477396061924153,-3.4313840866088867,-3.417440508417344
6221,7801,7798,0,0.9946341008871262,1.0472172498703003,1.024297782871074,1.0118579864501953,1.0258015646417382
6222,7803,7800,0,-4.133040776756459,-4.162057876586914,-4.184977343586141,-4.1302924156188965,-4.116348837427354
6223,7805,7802,0,1.9000188202589219,1.9424842596054077,1.9195647926061814,1.900607943534851,1.914551521726394
6224,7806,7803,0,0.38371519157583167,0.4220869243144989,0.3991674573152726,0.3703765273094177,0.38432010550096063
6225,7807,7804,0,1.1085894198148911,1.1328399181365967,1.1099204511373704,1.1097332239151,1.123676802106643
6226,7808,7805,0,2.1486088127821152,2.22733473777771,2.2044152707784836,2.1506526470184326,2.1645962252099755
6227,7809,7806,0,0.6360600681036179,0.6572051644325256,0.6342856974332993,0.5719960927963257,0.5859396709878686
6228,7810,7807,0,-2.750230899360829,-2.808741807937622,-2.8316612749368484,-2.8325204849243164,-2.8185769067327735
6229,7811,7808,0,1.2662578911512559,1.3311052322387695,1.3081857652395432,1.2589532136917114,1.2728967918832543
6230,7813,7810,0,2.544819960090465,2.539020538330078,2.516101071330852,2.4856021404266357,2.4995457186181786
6231,7814,7811,0,0.6041107268064683,0.6099241971969604,0.5870047301977341,0.6056826114654541,0.619626189656997
6232,7816,7813,0,0.3624542445867722,0.3837220370769501,0.36080257007772376,0.35742002725601196,0.37136360544755487
6233,7817,7814,0,1.0843225807874863,1.093133568763733,1.0702141017645066,1.0572565793991089,1.0712001575906518
6234,7818,7815,0,2.89975655982191,2.9585726261138916,2.9356531591146653,2.877795696258545,2.891739274450088
6235,7819,7816,0,1.2307595104902451,1.2387059926986694,1.2157865256994431,1.2376347780227661,1.251578356214309
6236,7821,7818,0,2.8241230339735215,2.853278398513794,2.8303589315145676,2.8122103214263916,2.8261538996179345
6237,7822,7819,0,0.169518256279773,0.14260581135749817,0.11968634435827183,0.143292635679245,0.1572362138707879
6238,7823,7820,0,0.24251791248018192,0.275791198015213,0.2528717310159867,0.18804554641246796,0.20198912460401086
6239,7824,7821,0,-0.960423520115071,-0.9055526256561279,-0.9284720926553542,-1.0121172666549683,-0.9981736884634254
6240,7825,7822,0,1.570476183387584,1.5851945877075195,1.5622751207082932,1.565930962562561,1.579874540754104
6241,7826,7823,0,0.05837029376918721,0.08449726551771164,0.0615777985184853,0.013559944927692413,0.027503523119235318
6242,7827,7824,0,1.569310435745067,1.5647921562194824,1.541872689220256,1.547823190689087,1.5617667688806298
6243,7829,7826,0,-1.2437575965196426,-1.1967849731445312,-1.2197044401437576,-1.2494049072265625,-1.2354613290350196
6244,7831,7828,0,1.4935844034879868,1.4949702024459839,1.4720507354467576,1.4870785474777222,1.501022125669265
6245,7832,7829,0,0.8998957366674607,0.9565255641937256,0.9336060971944993,0.8839560747146606,0.8978996529062035
6246,7833,7830,0,0.7188189716070359,0.7345975041389465,0.7116780371397202,0.7089297771453857,0.7228733553369286
6247,7834,7831,0,0.8753054232328599,0.8485090136528015,0.8255895466535752,0.8311059474945068,0.8450495256860497
6248,7835,7832,0,-0.6058246999055679,-0.5969964861869812,-0.6199159531862075,-0.6227785348892212,-0.6088349566976783
6249,7836,7833,0,0.13353834459478306,0.17949756979942322,0.15657810280019688,0.1952025294303894,0.2091461076219323
6250,7837,7834,0,1.5590713114469712,1.585779070854187,1.5628596038549607,1.533474087715149,1.5474176659066918
6251,7838,7835,0,0.4538101346224015,0.4956476092338562,0.4727281422346299,0.44997045397758484,0.46391403216912774
6252,7839,7836,0,0.750623294803447,0.7687235474586487,0.7458040804594224,0.6946693658828735,0.7086129440744164
6253,7842,7839,0,1.0499987692564194,1.099582314491272,1.0766628474920457,1.036950945854187,1.05089452404573
6254,7844,7841,0,1.3676973671644395,1.404555082321167,1.3816356153219407,1.3469737768173218,1.3609173550088647
6255,7846,7843,0,-0.294592997339421,-0.3047885596752167,-0.327708026674443,-0.29744628071784973,-0.2835027025263068
6256,7847,7844,0,-0.1954397766858871,-0.1771140992641449,-0.20003356626337124,-0.20810523629188538,-0.19416165810034247
6257,7848,7845,0,-0.8799447922975356,-0.8889703154563904,-0.9118897824556167,-0.8558343648910522,-0.8418907866995093
6258,7849,7846,0,-1.5249786286622817,-1.4973176717758179,-1.5202371387750442,-1.4740298986434937,-1.4600863204519507
6259,7850,7847,0,1.4176766962736314,1.4051791429519653,1.382259675952739,1.3526592254638672,1.36660280365541
6260,7851,7848,0,-1.060977092292958,-1.0352667570114136,-1.0581862240106399,-1.0673003196716309,-1.053356741480088
6261,7852,7849,0,0.6549694628446763,0.6919528245925903,0.669033357593364,0.6469166278839111,0.660860206075454
6262,7853,7850,0,-1.3408980279237563,-1.3213834762573242,-1.3443029432565505,-1.2773271799087524,-1.2633836017172095
6263,7854,7851,0,0.8442075938909714,0.8608658909797668,0.8379464239805405,0.8325003385543823,0.8464439167459252
6264,7855,7852,0,1.2543885798185532,1.1962755918502808,1.1733561248510544,1.239519715309143,1.253463293500686
6265,7856,7853,0,0.5465611905782883,0.6361517310142517,0.6132322640150254,0.511664867401123,0.525608445592666
6266,7858,7855,-1,1.0669968840310395,1.0892455577850342,1.0663260907858079,1.0928540229797363,1.1067976011712792
6267,7859,7856,0,-2.27138601830309,-2.2649855613708496,-2.287905028370076,-2.2939722537994385,-2.2800286756078956
6268,7860,7857,0,0.9416177363126939,0.9938074946403503,0.970888027641124,0.9164190292358398,0.9303626074273827
6269,7861,7858,0,0.302090534660167,0.3432101309299469,0.3202906639307206,0.28684455156326294,0.30078812975480584
6270,7862,7859,0,2.0827199310987656,2.090789556503296,2.0678700895040696,2.0673434734344482,2.081287051625991
6271,7864,7861,0,-2.861915936973744,-2.981307029724121,-3.0042264967233474,-2.8790156841278076,-2.8650721059362647
6272,7866,7863,0,-0.6118001847535903,-0.5966175198554993,-0.6195369868547256,-0.6321892738342285,-0.6182456956426856
6273,7867,7864,0,1.6633620352476304,1.6547472476959229,1.6318277806966965,1.6292446851730347,1.6431882633645776
6274,7869,7866,0,-1.6283714680940444,-1.6679383516311646,-1.6908578186303909,-1.6487115621566772,-1.6347679839651343
6275,7870,7867,0,1.286341080161876,1.3592426776885986,1.3363232106893723,1.2884950637817383,1.3024386419732812
6276,7871,7868,0,-1.3172404675752456,-1.3170427083969116,-1.339962175396138,-1.320832371711731,-1.306888793520188
6277,7872,7869,0,2.0286215634077256,2.001986265182495,1.9790667981832688,1.979601502418518,1.993545080610061
6278,7874,7871,0,0.4061884076326554,0.4019477069377899,0.3790282399385636,0.4397028982639313,0.4536464764554742
6279,7875,7872,0,0.4093566031187241,0.4465316832065582,0.4236122162073319,0.38113629817962646,0.39507987637116937
6280,7876,7873,0,1.7718894571989243,1.7675185203552246,1.7445990533559983,1.715626835823059,1.729570414014602
6281,7877,7874,0,0.5468056292265122,0.5714461803436279,0.5485267133444016,0.5889391899108887,0.6028827681024316
6282,7878,7875,0,2.194690117332286,2.280836820602417,2.2579173536031907,2.140446186065674,2.1543897642572167
6283,7879,7876,0,1.9286882967680161,1.9174671173095703,1.894547650310344,1.915412425994873,1.929356004186416
6284,7880,7877,-1,-3.730787444429654,-3.725369691848755,-3.748289158847981,-3.6662161350250244,-3.6522725568334815
6285,7881,7878,0,-2.2750524192125137,-2.290126085281372,-2.3130455522805984,-2.286012887954712,-2.272069309763169
6286,7882,7879,0,2.4657338947981065,2.4954092502593994,2.472489783260173,2.4455509185791016,2.4594944967706445
6287,7883,7880,-1,-4.836161303835171,-4.870065689086914,-4.892985156086141,-4.702382564544678,-4.688438986353135
6288,7884,7881,0,-1.9646565823823745,-1.9585168361663818,-1.9814363031656081,-1.9983404874801636,-1.9843969092886207
6289,7885,7882,0,1.4657625050275986,1.517141342163086,1.4942218751638596,1.4055349826812744,1.4194785608728173
6290,7886,7883,0,0.8720921964376633,0.8599007725715637,0.8369813055723374,0.8314141035079956,0.8453576816995385
6291,7887,7884,0,-2.2589381842881973,-2.332080125808716,-2.354999592807942,-2.2580831050872803,-2.2441395268957374
6292,7888,7885,0,-1.7101423650056655,-1.6944785118103027,-1.717397978809529,-1.7014280557632446,-1.6874844775717017
6293,7889,7886,0,2.446391949149913,2.5094265937805176,2.4865071267812913,2.4303462505340576,2.4442898287256005
6294,7891,7888,0,3.3890692085951035,3.4846959114074707,3.4617764444082444,3.360623598098755,3.374567176290298
6295,7892,7889,0,1.446403631660289,1.4848644733428955,1.4619450063436692,1.4466224908828735,1.4605660690744164
6296,7893,7890,0,-4.83973490288561,-4.886977195739746,-4.909896662738973,-4.7343621253967285,-4.720418547205186
6297,7895,7892,0,2.5111857742994492,2.5160796642303467,2.4931601972311204,2.5154550075531006,2.5293985857446435
6298,7898,7895,0,1.5260186285703843,1.5752863883972168,1.5523669213979905,1.4287419319152832,1.442685510106826
6299,7899,7896,0,-0.46756654074495385,-0.48319873213768005,-0.5061181991369064,-0.47520479559898376,-0.46126121740744086
6300,7900,7897,0,2.3312264771192734,2.3970391750335693,2.374119708034343,2.3163535594940186,2.3302971376855615
6301,7901,7898,0,0.7845581860273545,0.8400251269340515,0.8171056599348252,0.7672172784805298,0.7811608566720727
6302,7903,7900,0,-0.7957256942064102,-0.7634418606758118,-0.7863613276750381,-0.7905592918395996,-0.7766157136480567
6303,7904,7901,0,0.6019593567579453,0.717620313167572,0.6947008461683457,0.5778717994689941,0.591815377660537
6304,7905,7902,0,0.4302357227533524,0.48708203434944153,0.4641625673502152,0.43359237909317017,0.44753595728471307
6305,7906,7903,0,-3.3715201525956924,-3.3270041942596436,-3.34992366125887,-3.2511324882507324,-3.2371889100591895
6306,7907,7904,0,1.7827165217130845,1.8613734245300293,1.838453957530803,1.7714685201644897,1.7854120983560327
6307,7908,7905,0,2.116996893379039,2.2257096767425537,2.2027902097433274,2.1650519371032715,2.1789955152948144
6308,7909,7906,0,-2.6962462573320205,-2.7286250591278076,-2.751544526127034,-2.6764936447143555,-2.6625500665228126
6309,7910,7907,0,1.0956797690122788,1.1472680568695068,1.1243485898702805,1.07498300075531,1.088926578946853
6310,7911,7908,0,-2.0942116885453994,-2.044260263442993,-2.0671797304422195,-2.1138856410980225,-2.0999420629064796
6311,7913,7910,-1,1.2087939497659028,1.2535223960876465,1.2306029290884202,1.1640403270721436,1.1779839052636865
6312,7915,7912,0,1.6713969797819321,1.7174670696258545,1.6945476026266282,1.5844093561172485,1.5983529343087914
6313,7916,7913,0,0.5253614873617356,0.5430576801300049,0.5201382131307786,0.5211495161056519,0.5350930942971948
6314,7917,7914,0,-1.5490044265062148,-1.5684623718261719,-1.5913818388253982,-1.605418086051941,-1.591474507860398
6315,7918,7915,0,-1.1428915171891982,-1.1336593627929688,-1.156578829792195,-1.124166488647461,-1.110222910455918
6316,7920,7917,0,-0.5677686839372451,-0.5336986184120178,-0.5566180854112441,-0.5634617805480957,-0.5495182023565528
6317,7921,7918,0,-0.32935895612543176,-0.3483303487300873,-0.3712498157293136,-0.3821497857570648,-0.3682062075655219
6318,7922,7919,0,-0.1506496875554855,-0.15470412373542786,-0.1776235907346542,-0.2416304051876068,-0.2276868269960639
6319,7923,7920,0,-2.140945067909413,-2.1223459243774414,-2.1452653913766677,-2.100022554397583,-2.08607897620604
6320,7924,7921,0,1.3772015661924546,1.3812527656555176,1.3583332986562913,1.3435360193252563,1.3574795975167993
6321,7925,7922,0,2.973652967902965,2.978222131729126,2.9553026647298997,2.9087612628936768,2.9227048410852197
6322,7926,7923,0,1.7374161572187607,1.747143030166626,1.7242235631673997,1.6951242685317993,1.7090678467233422
6323,7927,7924,0,2.6506565899580186,2.6396467685699463,2.61672730157072,2.652090311050415,2.666033889241958
6324,7929,7926,0,0.9202446431844895,0.9582195281982422,0.9353000611990159,0.9493091106414795,0.9632526888330224
6325,7930,7927,0,1.5675878615110581,1.5912282466888428,1.5683087796896165,1.5586544275283813,1.5725980057199243
6326,7931,7928,0,2.202436575385875,2.2045021057128906,2.1815826387136643,2.1742022037506104,2.1881457819421533
6327,7932,7929,0,1.3131009430616563,1.3222060203552246,1.2992865533559983,1.3160771131515503,1.3300206913430932
6328,7933,7930,0,-2.034778705146962,-2.025200128555298,-2.048119595554524,-2.0617268085479736,-2.0477832303564307
6329,7935,7932,0,1.2534270376890366,1.3109116554260254,1.287992188426799,1.2216383218765259,1.2355819000680688
6330,7936,7933,0,-1.1985956340104873,-1.2412798404693604,-1.2641993074685867,-1.180540919303894,-1.1665973411123511
6331,7937,7934,0,1.757482060882396,1.8177821636199951,1.7948626966207688,1.7257212400436401,1.739664818235183
6332,7938,7935,0,-2.9172609954149062,-2.9222946166992188,-2.945214083698445,-2.899949073791504,-2.886005495599961
6333,7939,7936,0,-0.025624925550871612,0.00011982768774032593,-0.022799639311486014,-0.030189290642738342,-0.016245712451195438
6334,7940,7937,0,-0.15577094843690945,-0.11877507716417313,-0.14169454416339947,-0.1628250926733017,-0.1488815144817588
6335,7942,7939,0,-0.4933290987283523,-0.48539647459983826,-0.5083159415990646,-0.5008553266525269,-0.48691174846098395
6336,7943,7940,0,0.11515126535589146,0.15293508768081665,0.1300156206815903,0.07559098303318024,0.08953456122472314
6337,7944,7941,0,0.7980703801840012,0.835917055606842,0.8129975886076157,0.7616473436355591,0.775590921827102
6338,7945,7942,0,1.9496150107114976,1.9601309299468994,1.937211462947673,1.901772379875183,1.915715958066726
6339,7946,7943,0,-0.6364609508783157,-0.4193849265575409,-0.4423043935567672,-0.5894386768341064,-0.5754950986425635
6340,7947,7944,0,0.49976516673261573,0.5280101895332336,0.5050907225340073,0.4878886938095093,0.5018322720010522
6341,7948,7945,0,-0.843794098404103,-0.9935750365257263,-1.0164945035249526,-0.883216142654419,-0.869272564462876
6342,7949,7946,0,0.708345839473552,0.7222357392311096,0.6993162722318833,0.6826488971710205,0.6965924753625634
6343,7950,7947,0,-0.1519520043403442,-0.16138043999671936,-0.1842999069959457,-0.17327529191970825,-0.15933171372816535
6344,7951,7948,0,-0.7110878734857375,-0.7380785346031189,-0.7609980016023452,-0.7758452892303467,-0.7619017110388038
6345,7952,7949,0,0.8684055299490159,0.9419904351234436,0.9190709681242173,0.8682520389556885,0.8821956171472314
6346,7953,7950,0,0.4713853985994523,0.4816456735134125,0.45872620651418616,0.5338830947875977,0.5478266729791406
6347,7954,7951,0,-0.45853190710847924,-0.4347946345806122,-0.4577141015798385,-0.3977177143096924,-0.3837741361181495
6348,7955,7952,0,0.3882281572550004,0.37336960434913635,0.35045013734991004,0.4187324643135071,0.43267604250505
6349,7956,7953,0,-2.808876386192494,-2.816680669784546,-2.839600136783772,-2.7983386516571045,-2.7843950734655616
6350,7957,7954,0,0.605425962898082,0.5915158987045288,0.5685964317053025,0.5768976211547852,0.5908411993463281
6351,7958,7955,0,-2.451869836357289,-2.476440191268921,-2.499359658268147,-2.4484338760375977,-2.4344902978460548
6352,7960,7957,0,-1.8464466243058975,-1.8470478057861328,-1.8699672727853591,-1.839901089668274,-1.825957511476731
6353,7961,7958,0,1.3600751251905625,1.4147498607635498,1.3918303937643235,1.3506947755813599,1.3646383537729028
6354,7962,7959,0,-3.1276093631059463,-3.2419040203094482,-3.2648234873086746,-3.1623055934906006,-3.1483620152990577
6355,7963,7960,0,-6.27295433571642,-6.242897033691406,-6.265816500690633,-6.1669020652771,-6.152958487085557
6356,7964,7961,0,0.5280739159315293,0.534570574760437,0.5116511077612107,0.4864905774593353,0.5004341556508782
6357,7965,7962,0,1.6484357208936875,1.6916476488113403,1.668728181812114,1.5929654836654663,1.6069090618570092
6358,7966,7963,0,-1.7486100106508071,-1.7622005939483643,-1.7851200609475906,-1.74601149559021,-1.732067917398667
6359,7967,7964,0,1.816054591628856,1.8512156009674072,1.828296133968181,1.82084059715271,1.8347841753442529
6360,7968,7965,0,-0.15056278398340298,-0.15413078665733337,-0.17705025365655971,-0.11560279130935669,-0.10165921311781378
6361,7969,7966,0,1.886471399757213,1.916191816329956,1.8932723493307297,1.7862085103988647,1.8001520885904077
6362,7971,7968,0,0.0544706151812737,0.09158962219953537,0.06867015520030903,0.05405966192483902,0.06800324011638192
6363,7972,7969,0,1.0484361738889878,1.1039986610412598,1.0810791940420335,1.0560797452926636,1.0700233234842065
6364,7973,7970,0,-1.4023109584123428,-1.3298860788345337,-1.35280554583376,-1.317703366279602,-1.3037597880880591
6365,7974,7971,0,2.2360357136457627,2.244494915008545,2.2215754480093186,2.2092573642730713,2.223200942464614
6366,7975,7972,0,2.0341481060713,2.0040225982666016,1.9811031312673753,1.9809324741363525,1.9948760523278954
6367,7976,7973,0,-3.982147803810292,-3.9647624492645264,-3.9876819162637527,-3.9285290241241455,-3.9145854459326026
6368,7977,7974,0,-0.5242221861154372,-0.5234810709953308,-0.5464005379945571,-0.569021463394165,-0.5550778852026221
6369,7978,7975,0,0.11838441500360417,0.1307545006275177,0.10783503362829136,0.08140498399734497,0.09534856218888788
6370,7979,7976,0,0.6979343981474107,0.7333903312683105,0.7104708642690842,0.6929781436920166,0.7069217218835595
6371,7980,7977,0,1.3111276716917222,1.34453547000885,1.3216160030096238,1.1734572649002075,1.1874008430917504
6372,7981,7978,-1,2.4034587856957734,2.447490930557251,2.4245714635580247,2.381610870361328,2.395554448552871
6373,7983,7980,0,0.46649948665792396,0.44913434982299805,0.42621488282377173,0.49385005235671997,0.5077936305482629
6374,7984,7981,0,0.8939896316259568,0.9348713755607605,0.9119519085615342,0.8524289131164551,0.866372491307998
6375,7985,7982,0,0.8482704848974412,0.8353777527809143,0.812458285781688,0.8802734613418579,0.8942170395334008
6376,7988,7985,0,-1.2417920737535293,-1.2760610580444336,-1.29898052504366,-1.2300747632980347,-1.2161311851064918
6377,7989,7986,0,0.22021233448678898,0.21741744875907898,0.19449798175985264,0.18790951371192932,0.20185309190347223
6378,7990,7987,0,-0.5584155230790908,-0.5581555962562561,-0.5810750632554824,-0.5328987836837769,-0.518955205492234
6379,7991,7988,0,-2.987171283271962,-3.049241304397583,-3.0721607713968093,-3.0076706409454346,-2.9937270627538917
6380,7992,7989,0,0.22933698603803562,0.2575826644897461,0.23466319749051975,0.22212618589401245,0.23606976408555536
6381,7993,7990,0,0.8744307846754258,0.9560728669166565,0.9331533999174302,0.8710377216339111,0.884981299825454
6382,7994,7991,0,0.9658004731863206,0.987756073474884,0.9648366064756577,0.9444102048873901,0.958353783078933
6383,7995,7992,0,0.6732509226530259,0.6662144064903259,0.6432949394910996,0.5862812995910645,0.6002248777826074
6384,7996,7993,0,0.23442664155656742,0.26871922612190247,0.24579975912267613,0.22409898042678833,0.23804255861833123
6385,7997,7994,0,1.8561153502195542,1.8646560907363892,1.8417366237371628,1.8247706890106201,1.838714267202163
6386,7998,7995,0,0.1199864984481995,0.11636839061975479,0.09344892362052845,0.11525189876556396,0.12919547695710687
6387,7999,7996,0,2.0271633953779404,2.100752592086792,2.0778331250875657,1.9689313173294067,1.9828748955209496
6388,8000,7997,0,0.0603033431797688,0.07825677841901779,0.05533731141979145,0.009094640612602234,0.02303821880414514
6389,8002,7999,0,1.0829978079527085,1.1512339115142822,1.128314444515056,1.0915743112564087,1.1055178894479516
6390,8003,8000,0,0.7186754436224168,0.7351044416427612,0.7121849746435349,0.7239475250244141,0.737891103215957
6391,8005,8002,0,2.9150000900953477,2.970832109451294,2.9479126424520676,2.9094996452331543,2.923443223424697
6392,8006,8003,0,-2.2766195445329482,-2.256718397140503,-2.2796378641397292,-2.2822372913360596,-2.2682937131445167
6393,8007,8004,0,-3.9620052485734756,-4.012003421783447,-4.034922888782674,-3.9553024768829346,-3.9413588986913917
6394,8008,8005,0,-1.250365486648732,-1.2169716358184814,-1.2398911028177078,-1.2193219661712646,-1.2053783879797217
6395,8010,8007,0,0.06556389639074253,0.09440983086824417,0.07149036386901783,0.032151028513908386,0.04609460670545129
6396,8011,8008,0,0.42501402804548194,0.4362846612930298,0.4133651942938035,0.43658027052879333,0.45052384872033624
6397,8012,8009,0,-3.715231528785878,-3.769019365310669,-3.7919388323098953,-3.678494930267334,-3.664551352075791
6398,8013,8010,0,-1.4058102278978164,-1.3754774332046509,-1.3983969002038772,-1.4364832639694214,-1.4225396857778785
6399,8014,8011,0,0.9266721100538438,0.9536474347114563,0.93072796771223,0.9734536409378052,0.9873972191293481
6400,8015,8012,0,1.4982959122389023,1.5825440883636475,1.5596246213644211,1.469709038734436,1.483652616925979
6401,8016,8013,0,2.442668804618663,2.4817841053009033,2.458864638301677,2.37835431098938,2.392297889180923
6402,8017,8014,0,2.3360625595777695,2.4263627529144287,2.4034432859152024,2.3214657306671143,2.335409308858657
6403,8019,8016,0,1.3641774744718735,1.446533203125,1.4236137361257737,1.3793679475784302,1.393311525769973
6404,8020,8017,0,2.142775186988658,2.1882221698760986,2.1653027028768723,2.085200071334839,2.0991436495263818
6405,8021,8018,0,-0.9332653789789016,-0.9248619675636292,-0.9477814345628555,-0.9124653339385986,-0.8985217557470557
6406,8022,8019,0,0.20469764778310703,0.19245660305023193,0.1695371360510056,0.18777765333652496,0.20172123152806787
6407,8023,8020,0,0.564595589134044,0.5743381381034851,0.5514186711042588,0.5852161645889282,0.5991597427804711
6408,8025,8022,0,1.4547503084867661,1.4904345273971558,1.4675150603979294,1.4616249799728394,1.4755685581643823
6409,8026,8023,-1,-0.8711010697653472,-0.8837383389472961,-0.9066578059465225,-0.8782992362976074,-0.8643556581060645
6410,8028,8025,0,-0.9707288651735122,-0.9278632998466492,-0.9507827668458755,-0.9847737550735474,-0.9708301768820045
6411,8029,8026,0,1.6257734389036362,1.6613194942474365,1.6384000272482102,1.5669244527816772,1.5808680309732202
6412,8031,8028,0,-2.864312520530873,-2.839081048965454,-2.8620005159646804,-2.7999136447906494,-2.7859700665991065
6413,8032,8029,0,-0.6223807244569595,-0.619977593421936,-0.6428970604211623,-0.62727952003479,-0.6133359418432471
6414,8034,8031,0,2.064677843543834,2.1089792251586914,2.086059758159465,2.0515034198760986,2.0654469980676415
6415,8035,8032,0,1.0814761013715928,1.2256293296813965,1.2027098626821702,1.0307637453079224,1.0447073234994653
6416,8036,8033,0,0.516589292976207,0.5465611815452576,0.5236417145460313,0.546932578086853,0.5608761562783959
6417,8037,8034,-1,-0.7335092309286773,-0.7816299796104431,-0.8045494466096694,-0.7612427473068237,-0.7472991691152808
6418,8038,8035,0,-2.031222930458241,-1.9567296504974365,-1.9796491174966628,-2.019829511642456,-2.005885933450913
6419,8039,8036,-1,-0.6149327042868316,-0.5938548445701599,-0.6167743115693862,-0.5657705068588257,-0.5518269286672828
6420,8040,8037,0,-1.2793503909379775,-1.1873871088027954,-1.2103065758020217,-1.3227452039718628,-1.3088016257803199
6421,8041,8038,0,0.14980126330549168,0.1447649896144867,0.12184552261526035,0.10505116730928421,0.11899474550082711
6422,8042,8039,0,-3.5459114222795303,-3.475407123565674,-3.4983265905649,-3.583085536956787,-3.569141958765244
6423,8044,8041,0,2.310107359382457,2.34690523147583,2.3239857644766038,2.246955633163452,2.260899211354995
6424,8045,8042,0,0.2013640196054642,0.2198333442211151,0.19691387722188877,0.2597815990447998,0.2737251772363427
6425,8046,8043,0,-1.6523977427751357,-1.7769858837127686,-1.7999053507119949,-1.7239017486572266,-1.7099581704656837
6426,8047,8044,0,0.7285848946302598,0.7458533048629761,0.7229338378637498,0.7176941633224487,0.7316377415139916
6427,8048,8045,0,1.5688629240720933,1.6009581089019775,1.5780386419027512,1.4936070442199707,1.5075506224115136
6428,8049,8046,0,3.4357515663831895,3.4551990032196045,3.432279536220378,3.4283607006073,3.4423042787988427
6429,8050,8047,-1,-2.2171737435629546,-2.2521750926971436,-2.27509455969637,-2.194718837738037,-2.180775259546494
6430,8051,8048,0,-2.5327633528978164,-2.5545761585235596,-2.577495625522786,-2.5965678691864014,-2.5826242909948585
6431,8052,8049,0,-5.742287984398061,-5.638597011566162,-5.661516478565389,-5.974494457244873,-5.96055087905333
6432,8053,8050,0,1.4601953119962876,1.3918592929840088,1.3689398259847825,1.4257686138153076,1.4397121920068505
6433,8054,8051,0,1.2552100510328477,1.3033356666564941,1.2804161996572678,1.2016277313232422,1.215571309514785
6434,8056,8053,0,-2.539704194572621,-2.536086320877075,-2.5590057878763015,-2.4742298126220703,-2.4602862344305274
6435,8058,8055,0,1.305674085113353,1.3294622898101807,1.3065428228109544,1.2830899953842163,1.2970335735757592
6436,8059,8056,0,-0.6119958668023879,-0.6052129864692688,-0.6281324534684951,-0.591623067855835,-0.5776794896642921
6437,8060,8057,0,0.46890796134168555,0.5259969830513,0.5030775160520737,0.44099587202072144,0.45493945021226434
6438,8061,8058,0,0.46159557411367347,0.4707091450691223,0.447789678069896,0.3773989975452423,0.3913425757367852
6439,8062,8059,0,2.8572868199079697,2.920034885406494,2.897115418407268,2.799335479736328,2.813279057927871
6440,8063,8060,0,-4.102385869529897,-4.129822731018066,-4.152742198017293,-4.1353535652160645,-4.1214099870245215
6441,8064,8061,0,-3.772508969810658,-3.793166399002075,-3.8160858660013015,-3.8235280513763428,-3.8095844731848
6442,8065,8062,0,2.2200931400983994,2.2339842319488525,2.2110647649496262,2.1777336597442627,2.1916772379358056
6443,8066,8063,0,-3.457461467292958,-3.45139741897583,-3.4743168859750564,-3.5427262783050537,-3.528782700113511
6444,8067,8064,0,2.1608682961195176,2.1529157161712646,2.1299962491720383,2.0521414279937744,2.0660850061853173
6445,8069,8066,0,2.338997730705089,2.345651388168335,2.3227319211691086,2.287071466445923,2.3010150446374658
6446,8070,8067,0,-0.6467863230974014,-0.6480763554573059,-0.6709958224565322,-0.6444765329360962,-0.6305329547445533
6447,8071,8068,0,-0.8815600781709487,-0.8450055122375488,-0.8679249792367751,-0.8985925912857056,-0.8846490130941627
6448,8072,8069,0,0.7343908042638962,0.765828013420105,0.7429085464208787,0.7863143682479858,0.8002579464395287
6449,8073,8070,0,-0.552434018161946,-0.5537652969360352,-0.5766847639352615,-0.5270199775695801,-0.5130763993780372
6450,8074,8071,0,0.5584423632353013,0.6144713163375854,0.5915518493383591,0.5531623363494873,0.5671059145410302
6451,8075,8072,0,1.6718522400587266,1.6959364414215088,1.6730169744222825,1.6179014444351196,1.6318450226266625
6452,8076,8073,0,1.000288376304454,1.0358622074127197,1.0129427404134934,0.971813440322876,0.9857570185144189
6453,8078,8075,-1,-0.772099185304898,-0.729794442653656,-0.7527139096528823,-0.8150372505187988,-0.8010936723272559
6454,8079,8076,0,1.9128722042768662,1.9151465892791748,1.8922271222799485,1.8819748163223267,1.8959183945138696
6455,8080,8077,0,-0.7472849397928054,-0.7066221237182617,-0.729541590717488,-0.7692915201187134,-0.7553479419271705
6456,8081,8078,0,-1.2746421008378799,-1.2854745388031006,-1.308394005802327,-1.2813163995742798,-1.2673728213827369
6457,8083,8080,0,1.6364148945539658,1.662471055984497,1.6395515889852708,1.5483931303024292,1.562336708493972
6458,8084,8081,0,-0.10797238191669536,-0.13399627804756165,-0.15691574504678799,-0.08881640434265137,-0.07487282615110846
6459,8085,8082,0,-0.7641952543527419,-0.7624111175537109,-0.7853305845529372,-0.7842025756835938,-0.7702589974920508
6460,8086,8083,0,0.12274356344634937,0.18388906121253967,0.16096959421331333,0.11995711177587509,0.133900689967418
6461,8088,8085,0,-0.2596070080072219,-0.20252105593681335,-0.2254405229360397,-0.2692394554615021,-0.25529587726995917
6462,8089,8086,0,1.7853523583143418,1.845184326171875,1.8222648591726487,1.7346653938293457,1.7486089720208886
6463,8090,8087,0,2.3634930939405625,2.3978803157806396,2.3749608487814133,2.2797470092773438,2.2936905874688867
6464,8091,8088,0,-0.20131144514387203,-0.1994379460811615,-0.22235741308038784,-0.1668975055217743,-0.1529539273302314
6465,8092,8089,0,0.3420046658247178,0.35412123799324036,0.33120177099401404,0.37102246284484863,0.38496604103639154
6466,8093,8090,0,0.7169748635023301,0.7131577134132385,0.6902382464140122,0.7041282653808594,0.7180718435724023
6467,8094,8091,0,-0.7587128191263015,-0.7117448449134827,-0.734664311912709,-0.7133938074111938,-0.6994502292196509
6468,8095,8092,0,-1.1664541869432266,-1.3011525869369507,-1.324072053936177,-1.1691527366638184,-1.1552091584722755
6469,8096,8093,0,2.4925702900617783,2.5547754764556885,2.531856009456462,2.472501039505005,2.486444617696548
6470,8097,8094,0,-1.8305063157350356,-1.8047231435775757,-1.827642610576802,-1.871235966682434,-1.8572923884908912
6471,8098,8095,0,1.0279674620359605,1.0961909294128418,1.0732714624136155,1.0236053466796875,1.0375489248712304
6472,8101,8098,-1,-4.091674018221157,-4.113820552825928,-4.1367400198251545,-3.985323667526245,-3.971380089334702
6473,8102,8099,-1,-3.2853867295553862,-3.3013525009155273,-3.3242719679147537,-3.180593967437744,-3.1666503892462012
6474,8104,8101,0,1.2183445782392686,1.2848467826843262,1.2619273156850999,1.2094711065292358,1.2234146847207787
6475,8105,8102,0,2.6100066990583604,2.6413307189941406,2.6184112519949143,2.6108202934265137,2.6247638716180566
6476,8106,8103,0,3.1872118801801865,3.297309637069702,3.274390170070476,3.213327646255493,3.227271224447036
6477,8107,8104,0,0.12008299091751026,0.09572982788085938,0.07281036088163303,0.1240873634815216,0.1380309416730645
6478,8108,8105,0,-2.012660375145131,-2.0121495723724365,-2.035069039371663,-2.024948835372925,-2.011005257181382
6479,8109,8106,0,1.6545835823744004,1.6887212991714478,1.6658018321722214,1.6209913492202759,1.6349349274118188
6480,8110,8107,0,0.5787733883588975,0.5895112752914429,0.5665918082922166,0.5423593521118164,0.5563029303033593
6481,8111,8108,-1,1.4561119791695893,1.5107805728912354,1.487861105892009,1.4071524143218994,1.4210959925134423
6482,8112,8109,0,2.9593223423689072,3.011103868484497,2.9881844014852708,2.9214346408843994,2.9353782190759423
6483,8113,8110,-1,2.1436278340050996,2.240309238433838,2.2173897714346116,2.1539926528930664,2.1679362310846093
6484,8114,8111,0,-3.5039883761674697,-3.5104782581329346,-3.533397725132161,-3.4902279376983643,-3.4762843595068214
6485,8115,8112,0,1.2851544708936875,1.323189616203308,1.3002701492040818,1.2368602752685547,1.2508038534600976
6486,8116,8113,0,-1.3126842885286147,-1.3286120891571045,-1.3515315561563308,-1.2869962453842163,-1.2730526671926734
6487,8117,8114,0,1.242483624908275,1.2801612615585327,1.2572417945593064,1.2333358526229858,1.2472794308145287
6488,8118,8115,0,-1.1892114787370498,-1.2254074811935425,-1.2483269481927688,-1.1889272928237915,-1.1749837146322486
6489,8120,8117,-1,0.4691630121896089,0.47196879982948303,0.4490493328302567,0.4142645001411438,0.4282080783326867
6490,8121,8118,0,1.29824984976942,1.2975013256072998,1.2745818586080735,1.2469639778137207,1.2609075560052636
6491,8122,8119,0,2.8696523995130723,2.873176336288452,2.850256869289226,2.783235788345337,2.79717936653688
6492,8123,8120,0,1.719135531875438,1.7534520626068115,1.7305325956075852,1.7294868230819702,1.7434304012735131
6493,8124,8121,0,-0.9286484031945998,-0.950825035572052,-0.9737445025712783,-0.9029123783111572,-0.8889688001196143
6494,8125,8122,0,0.0408466958432858,0.05115611106157303,0.02823664406234669,0.06798407435417175,0.08192765254571466
6495,8126,8123,0,0.8302435369222825,0.8396280407905579,0.8167085737913315,0.8006205558776855,0.8145641340692285
6496,8127,8124,-2,-0.17468689454303465,-0.05018540471792221,-0.07310487171714855,-0.20726704597473145,-0.19332346778318854
6497,8128,8125,0,0.08098711976701664,0.9163550138473511,0.8934355468481248,0.0385536253452301,0.05249720353677301
6498,8129,8126,0,0.3535964877336686,0.33775758743286133,0.314838120433635,0.31370192766189575,0.32764550585343866
6499,8130,8127,0,1.7839664311140244,1.7546651363372803,1.731745669338054,1.7729018926620483,1.7868454708535912
6500,8131,8128,0,0.7482056708067124,0.8568856120109558,0.8339661450117295,0.7802573442459106,0.7942009224374535
6501,8132,8129,0,0.8916178436010544,0.864809513092041,0.8418900460928147,0.846332311630249,0.8602758898217919
6502,8133,8130,0,1.7389129490583604,1.7675398588180542,1.7446203918188279,1.7441977262496948,1.7581413044412377
6503,8135,8132,0,2.003875383827037,2.0343029499053955,2.011383482906169,1.9778038263320923,1.9917474045236352
6504,8136,8133,0,2.435734400245494,2.4944870471954346,2.4715675801962083,2.424748182296753,2.438691760488296
6505,8137,8134,-2,-2.69862984193073,-2.749195098876953,-2.7721145658761794,-2.6635019779205322,-2.6495583997289893
6506,8138,8135,0,1.2367897124021714,1.3211984634399414,1.298278996440715,1.210445523262024,1.2243891014535668
6507,8139,8136,0,1.4805333704679673,1.5459312200546265,1.5230117530554002,1.4702832698822021,1.484226848073745
6508,8140,8137,0,0.5381270737379258,0.5084644556045532,0.4855449886053269,0.5343469381332397,0.5482905163247827
6509,8142,8139,0,1.2100023121565049,1.2197728157043457,1.1968533487051194,1.1940714120864868,1.2080149902780297
6510,8144,8141,0,0.6892293185918992,0.7328401803970337,0.7099207133978074,0.6445319652557373,0.6584755434472802
6511,8145,8142,0,0.29544774601156165,0.3279491364955902,0.3050296694963639,0.2589941620826721,0.272937740274215
6512,8146,8143,0,1.9462912173002427,1.9596366882324219,1.9367172212331956,1.9366495609283447,1.9505931391198876
6513,8147,8144,0,-1.921124330070668,-1.9905598163604736,-2.0134792833597,-2.0037505626678467,-1.9898069844763038
6514,8148,8145,0,1.6368457169264023,1.6436913013458252,1.6207718343465989,1.5376838445663452,1.5516274227578881
6515,8149,8146,0,1.27254606196577,1.2805168628692627,1.2575973958700364,1.2479292154312134,1.2618727936227563
6516,8151,8148,0,1.0905598492353623,1.1704012155532837,1.1474817485540574,1.0791194438934326,1.0930630220849755
6517,8152,8149,0,0.7657896966665452,0.7553250789642334,0.7324056119650071,0.7492334842681885,0.7631770624597314
6518,8154,8151,0,1.5032382101743882,1.492069959640503,1.4691504926412766,1.5453304052352905,1.5592739834268334
6519,8155,8152,0,-0.5125611930162246,-0.49918457865715027,-0.5221040456563766,-0.4796237647533417,-0.46568018656179877
6520,8156,8153,0,-1.7923108248979385,-1.7932103872299194,-1.8161298542291457,-1.7785786390304565,-1.7646350608389136
6521,8157,8154,0,-0.3770038395196731,-0.3497328460216522,-0.37265231302087853,-0.3918490707874298,-0.3779054925958869
6522,8158,8155,0,2.366600403281993,2.3554110527038574,2.332491585704631,2.3047866821289062,2.318730260320449
6523,8159,8156,0,-0.6277432351381118,-0.5773593187332153,-0.6002787857324416,-0.6347265243530273,-0.6207829461614844
6524,8160,8157,-1,-3.0657197717001616,-3.0764262676239014,-3.0993457346231277,-3.0515425205230713,-3.0375989423315284
6525,8161,8158,-1,-3.995241332369107,-3.993736982345581,-4.016656449344808,-3.957951784133911,-3.9440082059423682
6526,8163,8160,0,1.1203008980482285,1.0892068147659302,1.0662873477667039,1.1048537492752075,1.1187973274667504
6527,8164,8161,0,1.6653513998716538,1.7159078121185303,1.692988345119304,1.6809358596801758,1.6948794378717187
6528,8165,8162,0,-2.168436637428456,-2.1875503063201904,-2.2104697733194167,-2.1532609462738037,-2.139317368082261
6529,8166,8163,0,0.5106064171522324,0.4900830090045929,0.4671635420053666,0.4970880448818207,0.5110316230733636
6530,8167,8164,0,-2.715287795570546,-2.6709086894989014,-2.6938281564981277,-2.739964723587036,-2.7260211453954932
6531,8168,8165,0,-1.1122538953096206,-1.0127955675125122,-1.0357150345117385,-0.964934229850769,-0.9509906516592261
6532,8169,8166,0,-1.9825425057679946,-2.010215997695923,-2.033135464695149,-2.036297082901001,-2.022353504709458
6533,8170,8167,0,1.667801508399791,1.6902592182159424,1.667339751216716,1.6484227180480957,1.6623662962396386
6534,8171,8168,0,-3.113422503975087,-3.1249380111694336,-3.14785747816866,-3.0798299312591553,-3.0658863530676124
6535,8172,8169,0,2.037172445747203,2.0745015144348145,2.051582047435588,2.0372626781463623,2.051206256337905
6536,8173,8170,-1,1.1897528883645356,1.1934726238250732,1.170553156825847,1.1599704027175903,1.1739139809091332
6537,8176,8173,0,2.7588857502668565,2.7851994037628174,2.762279936763591,2.7450499534606934,2.7589935316522363
6538,8177,8174,0,2.501635441276378,2.4951066970825195,2.472187230083293,2.485341787338257,2.4992853655297997
6539,8178,8175,0,0.5722106189459031,0.5987311005592346,0.5758116335600083,0.5998246669769287,0.6137682451684716
6540,8179,8176,0,-0.7390922217637832,-0.6191388368606567,-0.642058303859883,-0.6899459362030029,-0.67600235801146
6541,8180,8177,0,-0.21476509263818813,-0.16931822896003723,-0.19223769595926357,-0.23414263129234314,-0.22019905310080023
6542,8181,8178,0,-1.0099083094865615,-1.0240044593811035,-1.0469239263803298,-1.0831931829452515,-1.0692496047537086
6543,8182,8179,0,2.490684160682506,2.538858413696289,2.5159389466970628,2.4712326526641846,2.4851762308557275
6544,8183,8180,0,-2.1315461306840713,-2.138098955154419,-2.1610184221536453,-2.090087652206421,-2.076144074014878
6545,8184,8181,0,1.7642350287168687,1.813308596611023,1.7903891296117966,1.749936819076538,1.763880397268081
6546,8185,8182,0,0.4196734816759293,0.465214341878891,0.4422948748796647,0.4372648298740387,0.4512084080655816
6547,8186,8183,-1,-1.682274508791226,-1.6931984424591064,-1.7161179094583328,-1.729413628578186,-1.7154700503866431
6548,8188,8185,0,-1.5721881299287612,-1.5693061351776123,-1.5922256021768386,-1.61196768283844,-1.598024104646897
6549,8189,8186,0,-1.531824579742604,-1.5483627319335938,-1.57128219893282,-1.5022778511047363,-1.4883342729131934
6550,8190,8187,0,-2.741272082832509,-2.8296616077423096,-2.852581074741536,-2.7520968914031982,-2.7381533132116553
6551,8191,8188,0,-1.9767913728029067,-1.960702657699585,-1.9836221246988113,-1.943837285041809,-1.9298937068502662
6552,8192,8189,0,-1.4201061635286147,-1.4328193664550781,-1.4557388334543044,-1.3762191534042358,-1.362275575212693
6553,8193,8190,0,1.5883706898420518,1.5592831373214722,1.5363636703222459,1.5107522010803223,1.5246957792718652
6554,8194,8191,0,1.6309512943952744,1.6481128931045532,1.625193426105327,1.604223370552063,1.618166948743606
6555,8195,8192,0,-0.754401734378987,-0.7565089464187622,-0.7794284134179885,-0.7338298559188843,-0.7198862777273414
6556,8196,8193,0,-0.9357799797326858,-0.9481285214424133,-0.9710479884416396,-0.9257909059524536,-0.9118473277609107
6557,8197,8194,0,0.12395783672029423,0.06360100954771042,0.04068154254848408,0.1310984492301941,0.145042027421737
6558,8199,8196,0,3.3177965969770615,3.323333263397217,3.3004137963979905,3.292172908782959,3.306116486974502
6559,8201,8198,0,1.2902785629957383,1.3389047384262085,1.3159852714269822,1.2236860990524292,1.237629677243972
6560,8203,8200,0,2.5788608879774277,2.61024808883667,2.5873286218374436,2.5405051708221436,2.5544487490136865
6561,8204,8201,0,-0.29244308760469506,-0.2688674032688141,-0.2917868702680404,-0.33674192428588867,-0.32279834609434577
6562,8205,8202,0,-3.187955728080922,-3.185526132583618,-3.2084455995828445,-3.1688740253448486,-3.1549304471533057
6563,8208,8205,0,-0.31878002574747155,-0.30383390188217163,-0.32675336888139794,-0.3761238753795624,-0.3621802971880195
6564,8209,8206,0,-2.229546418693715,-2.2094473838806152,-2.2323668508798415,-2.292185068130493,-2.2782414899389503
6565,8210,8207,0,-0.9274556546479995,-0.916275680065155,-0.9391951470643813,-0.9236184358596802,-0.9096748576681373
6566,8211,8208,0,-0.6797833352357681,-0.7332385182380676,-0.7561579852372939,-0.7006710767745972,-0.6867274985830543
6567,8212,8209,0,1.7707991690366929,1.8336619138717651,1.8107424468725388,1.6977864503860474,1.7117300285775903
6568,8213,8210,0,0.7621334285467332,0.793647825717926,0.7707283587186997,0.7377001047134399,0.7516436829049828
6569,8215,8212,0,-1.107859244850331,-1.0936638116836548,-1.116583278682881,-1.080314040184021,-1.066370461992478
6570,8216,8213,0,0.4233816952436631,0.41750428080558777,0.39458481380636146,0.4346950650215149,0.4486386432130578
6571,8217,8214,0,0.6621909231870835,0.6771138310432434,0.6541943640440171,0.682539701461792,0.6964832796533349
6572,8218,8215,0,0.6633137554853623,0.6826139688491821,0.6596945018499558,0.5928003787994385,0.6067439569909814
6573,8219,8216,0,0.8924861640661423,0.9588556885719299,0.9359362215727036,0.8670133352279663,0.8809569134195092
6574,8220,8217,0,0.841568598243541,0.9206932187080383,0.897773751708812,0.8219845294952393,0.8359281076867822
6575,8221,8218,0,-3.9595428614885146,-3.900446653366089,-3.923366120365315,-3.961146593093872,-3.947203014902329
6576,8222,8219,-1,2.1872270819375337,2.163853406906128,2.1409339399069016,2.1817073822021484,2.1956509603936913
6577,8223,8220,0,0.3235669226377671,0.3834395706653595,0.3605201036661332,0.33347827196121216,0.34742185015275506
6578,8225,8222,0,-0.8380474953920181,-0.8776576519012451,-0.9005771189004714,-0.9021363258361816,-0.8881927476446387
6579,8226,8223,0,-0.07742631277149273,-0.052185334265232086,-0.07510480126445843,-0.11074236035346985,-0.09679878216192694
6580,8228,8225,0,1.2411414475172227,1.3227428197860718,1.2998233527868455,1.2341119050979614,1.2480554832895043
6581,8229,8226,-1,0.4315365072915376,0.46626582741737366,0.44334636041814734,0.3895834684371948,0.40352704662873773
6582,8230,8227,0,-2.5563942103654678,-2.5937206745147705,-2.616640141513997,-2.510615110397339,-2.496671532205796
6583,8231,8228,0,-1.9993957190782363,-2.0001394748687744,-2.0230589418680007,-1.957614779472351,-1.9436712012808082
6584,8232,8229,0,-1.120117774513417,-1.1012468338012695,-1.1241663008004958,-1.112587571144104,-1.098643992952561
6585,8233,8230,0,1.7566354365080064,1.7984557151794434,1.775536248180217,1.7159662246704102,1.729909802861953
6586,8234,8231,0,0.9594028682439988,0.9788791537284851,0.9559596867292588,0.9580442905426025,0.9719878687341454
6587,8235,8232,0,-1.7231908946306045,-1.7251173257827759,-1.7480367927820022,-1.7234832048416138,-1.7095396266500709
6588,8236,8233,0,2.261845240089244,2.329983711242676,2.3070642442434495,2.268617868423462,2.282561446615005
6589,8237,8234,0,-0.963593652752095,-0.9213764071464539,-0.9442958741456802,-0.9959770441055298,-0.9820334659139869
6590,8238,8235,0,-0.5029425530702407,-0.5527452826499939,-0.5756647496492202,-0.5551979541778564,-0.5412543759863135
6591,8240,8237,0,-0.12128856619899822,-0.1254521906375885,-0.14837165763681484,-0.12784290313720703,-0.11389932494566413
6592,8242,8239,0,-0.40345229795282433,-0.4015278220176697,-0.424447289016896,-0.3983653485774994,-0.3844217703859565
6593,8243,8240,0,0.5082448215215867,0.5268499255180359,0.5039304585188096,0.4679860472679138,0.4819296254594567
6594,8244,8241,0,-3.4180380015641982,-3.395472288131714,-3.41839175513094,-3.4518275260925293,-3.4378839479009864
6595,8245,8242,0,0.7698190302580064,0.8237770795822144,0.800857612582988,0.8125109672546387,0.8264545454461816
6596,8246,8243,0,-0.31386571219270776,-0.2465568482875824,-0.2694763152868087,-0.2741556465625763,-0.2602120683710334
6597,8247,8244,0,-1.5029731898576553,-1.4750865697860718,-1.498006036785298,-1.467126488685608,-1.453182910494065
6598,8248,8245,0,-0.10713264187877727,-0.1596730351448059,-0.18259250214403225,-0.13697011768817902,-0.12302653949663611
6599,8250,8247,0,1.2221940846174424,1.225639820098877,1.2027203530996506,1.1812947988510132,1.195238377042556
6600,8251,8248,0,1.4120351166456406,1.4419058561325073,1.418986389133281,1.4006129503250122,1.4145565285165551
6601,8252,8249,0,0.8287336916654771,0.8993606567382812,0.8764411897390549,0.8024418354034424,0.8163854135949853
6602,8253,8250,0,1.2981408924787705,1.3125107288360596,1.2895912618368333,1.3125154972076416,1.3264590753991845
6603,8254,8251,0,1.6802063078611558,1.674545168876648,1.6516257018774216,1.635942816734314,1.6498863949258569
6604,8255,8252,0,1.7034628481596177,1.7308495044708252,1.7079300374715989,1.6816883087158203,1.6956318869073632
6605,8256,8253,0,0.8939797372549241,0.8929988145828247,0.8700793475835984,0.8493654727935791,0.863309050985122
6606,8257,8254,0,1.0164196581571763,1.0746064186096191,1.0516869516103928,0.9877645969390869,1.0017081751306298
6607,8258,8255,0,0.9747141093939011,0.9879172444343567,0.9649977774351304,0.9885326623916626,1.0024762405832055
6608,8259,8256,-1,1.0051813837716401,1.0627318620681763,1.03981239506895,0.9889669418334961,1.002910520025039
6609,8260,8257,0,0.7562866897314255,0.7583011388778687,0.7353816718786423,0.7387759685516357,0.7527195467431786
6610,8261,8258,0,-1.4610254674226577,-1.4637796878814697,-1.486699154880696,-1.4940053224563599,-1.480061744264817
6611,8262,8259,0,2.716087231132335,2.7407712936401367,2.7178518266409104,2.6513102054595947,2.6652537836511376
6612,8263,8260,0,1.415754208061046,1.4455097913742065,1.4225903243749802,1.382880687713623,1.396824265905166
6613,8265,8262,0,1.418895372840709,1.4310976266860962,1.4081781596868699,1.3907538652420044,1.4046974434335473
6614,8266,8263,0,0.4934554190366929,0.5365884304046631,0.5136689634054368,0.47314924001693726,0.48709281820848016
6615,8267,8264,0,-0.354932090547734,-0.33234837651252747,-0.3552678435117538,-0.3380417227745056,-0.3240981445829627
6616,8269,8266,0,1.8214114994733994,1.8784809112548828,1.8555614442556565,1.8201295137405396,1.8340730919320825
6617,8270,8267,0,0.3826557786195939,0.40261679887771606,0.37969733187848975,0.37243884801864624,0.38638242621018914
6618,8272,8269,0,1.5447285265653794,1.5717418193817139,1.5488223523824876,1.5393465757369995,1.5532901539285424
6619,8273,8270,0,2.002715954276866,2.0734407901763916,2.0505213231771653,1.9547935724258423,1.9687371506173852
6620,8275,8272,0,0.5305415482252305,0.5582983493804932,0.5353788823812669,0.5598689317703247,0.5738125099618676
6621,8277,8274,0,-1.4880453257829482,-1.4606797695159912,-1.4835992365152175,-1.5262612104415894,-1.5123176322500465
6622,8279,8276,0,0.20106963226491856,0.21018251776695251,0.18726305076772617,0.1928664892911911,0.206810067482734
6623,8280,8277,0,-1.1371698289186294,-1.1159818172454834,-1.1389012842447097,-1.1317425966262817,-1.1177990184347388
6624,8281,8278,0,1.5231278032987778,1.5341511964797974,1.511231729480571,1.5452641248703003,1.5592077030618432
6625,8283,8280,0,1.5756274552076523,1.6116232872009277,1.5887038202017014,1.5540481805801392,1.567991758771682
6626,8284,8281,0,-0.05993603384202075,-0.04113926738500595,-0.06405873438423229,-0.019863687455654144,-0.00592010926411124
6627,8285,8282,0,-3.7430323272020156,-3.7437455654144287,-3.766665032413655,-3.705035448074341,-3.691091869882798
6628,8286,8283,0,0.19039916405374455,0.20585188269615173,0.1829324156969254,0.14111587405204773,0.15505945224359063
6629,8287,8284,0,2.8840216488569443,2.952816963195801,2.9298974961965745,2.787687063217163,2.801630641408706
6630,8288,8285,0,-1.1796494632036025,-1.0664699077606201,-1.0893893747598464,-1.196846842765808,-1.1829032645742652
6631,8289,8286,0,-2.530935636070424,-2.551651954650879,-2.574571421650105,-2.494011640548706,-2.480068062357163
6632,8291,8288,0,1.2145848364561265,1.26798415184021,1.2450646848409836,1.2382696866989136,1.2522132648904565
6633,8293,8290,0,0.031682783457583664,0.10442308336496353,0.08150361636573719,0.022428542375564575,0.03637212056710748
6634,8294,8291,0,-0.2122269033462341,-0.19857093691825867,-0.221490403917485,-0.20216497778892517,-0.18822139959738227
6635,8296,8293,0,-2.32943831970995,-2.29498028755188,-2.317899754551106,-2.2087557315826416,-2.1948121533910987
6636,8297,8294,0,0.6049376220434373,0.594788134098053,0.5718686670988267,0.6111665964126587,0.6251101746042016
6637,8298,8295,0,-3.8641492038041885,-3.945021867752075,-3.9679413347513015,-3.882939577102661,-3.8689959989111182
6638,8299,8296,0,2.429529079887218,2.458869218826294,2.4359497518270676,2.3898510932922363,2.4037946714837792
6639,8300,8297,0,1.1773380131452744,1.238316535949707,1.2153970689504807,1.191665530204773,1.2056091083963159
6640,8301,8298,0,-5.699845662620717,-5.776925086975098,-5.799844553974324,-5.569296360015869,-5.555352781824326
6641,8303,8300,0,0.9532118530004685,1.008324146270752,0.9854046792715256,0.9605966806411743,0.9745402588327172
6642,8304,8301,0,-2.1915858893663223,-2.232330560684204,-2.2552500276834304,-2.1734044551849365,-2.1594608769933936
6643,8306,8303,0,-1.0541707186967666,-1.0808308124542236,-1.10375027945345,-1.0877798795700073,-1.0738363013784644
6644,8307,8304,0,2.0543216557233994,2.115220785140991,2.092301318141765,2.074585437774658,2.088529015966201
6645,8308,8305,0,0.054003869834489106,0.08323852717876434,0.060319060179538,0.04938949644565582,0.06333307463719873
6646,8310,8307,-1,1.4513545748421968,1.5074316263198853,1.484512159320659,1.361769199371338,1.3757127775628808
6647,8312,8309,0,0.2836978823869889,0.2960576117038727,0.27313814470464637,0.31984758377075195,0.33379116196229486
6648,8313,8310,0,1.8391267151563828,1.865678310394287,1.8427588433950608,1.818503975868225,1.832447554059768
6649,8314,8311,-1,0.7583246943185151,0.7918223738670349,0.7689029068678086,0.7170001268386841,0.730943705030227
6650,8315,8312,0,1.4738693327634995,1.4586577415466309,1.4357382745474045,1.4416478872299194,1.4555914654214623
6651,8316,8313,0,0.846965977641887,0.8984670042991638,0.8755475372999375,0.8218655586242676,0.8358091368158105
6652,8317,8314,0,0.9368998498647874,0.9706313610076904,0.9477118940084641,0.9461203813552856,0.9600639595468285
6653,8318,8315,0,1.2114137501447861,1.272556185722351,1.2496367187231248,1.1987407207489014,1.2126842989404443
6654,8319,8316,0,1.1781263441770737,1.2406253814697266,1.2177059144705003,1.182820439338684,1.196764017530227
6655,8320,8317,-1,-1.1349241021444976,-1.1487922668457031,-1.1717117338449294,-1.1278581619262695,-1.1139145837347266
6656,8322,8319,0,-2.4881509452134902,-2.422696113586426,-2.445615580585652,-2.453148603439331,-2.439205025247788
6657,8323,8320,-1,-0.15997593434359425,-0.14898687601089478,-0.17190634301012112,-0.18244919180870056,-0.16850561361715766
6658,8324,8321,0,0.3333018214433854,0.3614376485347748,0.33851818153554847,0.31410878896713257,0.3280523671586755
6659,8326,8323,0,1.1949771733015244,1.2174447774887085,1.1945253104894822,1.2093979120254517,1.2233414902169946
6660,8327,8324,0,1.9815924257963364,2.013601779937744,1.9906823129385178,1.964736819267273,1.9786803974588159
6661,8328,8325,0,-0.18925300827329708,-0.18305322527885437,-0.2059726922780807,-0.24113628268241882,-0.22719270449087592
6662,8329,8326,0,-2.109587302711659,-2.17020583152771,-2.1931252985269363,-2.130023956298828,-2.116080378107285
6663,8330,8327,0,1.7186001629560654,1.7893332242965698,1.7664137572973435,1.6779078245162964,1.6918514027078393
6664,8331,8328,0,0.28430301854307105,0.36758026480674744,0.3446607978075211,0.2653887867927551,0.27933236498429803
6665,8333,8330,0,-0.7023433356553848,-0.7379137277603149,-0.7608331947595413,-0.7397202253341675,-0.7257766471426246
6666,8335,8332,0,1.6949944586485093,1.7211453914642334,1.698225924465007,1.667257308959961,1.6812008871515038
6667,8336,8333,0,-5.057910790947133,-5.065093040466309,-5.088012507465535,-4.99061393737793,-4.976670359186387
6668,8337,8334,0,-0.4489984421998794,-0.39007195830345154,-0.41299142530267785,-0.4495830833911896,-0.43563950519964667
6669,8338,8335,0,1.366393217536754,1.3524792194366455,1.3295597524374192,1.3165630102157593,1.3305065884073022
6670,8339,8336,0,1.775411018821544,1.865512490272522,1.8425930232732957,1.7322951555252075,1.7462387337167504
6671,8340,8337,0,1.6007157654493516,1.6168736219406128,1.5939541549413865,1.5521069765090942,1.5660505547006371
6672,8342,8339,0,1.7948073239057725,1.833269476890564,1.8103500098913377,1.7423630952835083,1.7563066734750512
6673,8343,8340,0,1.148846635314769,1.1526515483856201,1.1297320813863938,1.119243860244751,1.1331874384362939
6674,8344,8341,0,-1.5745850711137588,-1.5216879844665527,-1.544607451465779,-1.5479525327682495,-1.5340089545767066
6675,8345,8342,0,-1.5416636376649673,-1.5191447734832764,-1.5420642404825027,-1.5650874376296997,-1.5511438594381568
6676,8346,8343,0,-2.2802542357713516,-2.301589012145996,-2.3245084791452224,-2.3831498622894287,-2.369206284097886
6677,8348,8345,0,-1.692226281669789,-1.761069893836975,-1.7839893608362014,-1.6829909086227417,-1.6690473304311988
6678,8349,8346,0,-3.533424249199086,-3.5658419132232666,-3.588761380222493,-3.464890480041504,-3.450946901849961
6679,8350,8347,0,0.35631675431425025,0.2877604067325592,0.2648409397333329,0.2141040414571762,0.2280476196487191
6680,8351,8348,0,-1.9123185782701309,-1.9695026874542236,-1.99242215445345,-1.8710640668869019,-1.857120488695359
6681,8352,8349,0,1.7061557860105698,1.7575745582580566,1.7346550912588303,1.68682062625885,1.700764204450393
6682,8355,8352,0,0.5200286001890366,0.5247324109077454,0.501812943908519,0.493950754404068,0.5078943325956109
6683,8356,8353,0,0.10473191151315617,0.13333040475845337,0.11041093775922703,0.025536805391311646,0.03948038358285455
6684,8357,8354,0,1.1841198296278184,1.2071003913879395,1.1841809243887131,1.111364483833313,1.125308062024856
6685,8358,8355,0,1.6031640858381455,1.655682921409607,1.6327634544103806,1.5954169034957886,1.6093604816873315
6686,8359,8356,0,1.8919925780027573,1.9296557903289795,1.9067363233297532,1.8707634210586548,1.8847069992501977
6687,8360,8357,0,1.4199360699384873,1.5092852115631104,1.486365744563884,1.392450213432312,1.406393791623855
6688,8361,8358,0,2.523347982856578,2.5296926498413086,2.5067731828420823,2.5037379264831543,2.517681504674697
6689,8362,8359,0,-0.37966181924646447,-0.34815672039985657,-0.3710761873990829,-0.38710206747055054,-0.37315848927900763
6690,8363,8360,0,0.955939719173259,0.9437682628631592,0.9208487958639329,0.9376553297042847,0.9515989078958276
6691,8364,8361,-1,2.4775835987756074,2.5052969455718994,2.482377478572673,2.480491876602173,2.4944354547937158
6692,8365,8362,0,1.5100873799055283,1.5208444595336914,1.497924992534465,1.4796723127365112,1.4936158909280541
6693,8367,8364,0,0.629467734786815,0.6931214928627014,0.6702020258634751,0.6000488996505737,0.6139924778421166
6694,8368,8365,-1,2.033481073064548,2.0772340297698975,2.054314562770671,1.9944344758987427,2.0083780540902856
6695,8369,8366,0,0.20927847335035252,0.18518349528312683,0.1622640282839005,0.20289815962314606,0.21684173781468896
6696,8371,8368,0,1.5030982584684556,1.5195395946502686,1.4966201276510422,1.4641047716140747,1.4780483498056176
6697,8372,8369,0,-0.47135650208299706,-0.4399862587451935,-0.4629057257444198,-0.43700966238975525,-0.42306608419821234
6698,8373,8370,0,-1.9590315728456313,-2.0158731937408447,-2.038792660740071,-1.9149761199951172,-1.9010325418035743
6699,8374,8371,0,-4.438392987754995,-4.480608940124512,-4.5035284071237385,-4.440704345703125,-4.426760767511582
6700,8375,8372,0,2.7472325653761094,2.8375561237335205,2.814636656734294,2.7918200492858887,2.8057636274774316
6701,8376,8373,0,0.6421724648206895,0.6707074642181396,0.6477879972189133,0.6504380702972412,0.6643816484887841
6702,8378,8375,0,2.0485283226698106,2.082261800765991,2.059342333766765,2.0249905586242676,2.0389341368158105
6703,8379,8376,0,0.4114274472921555,0.38565537333488464,0.36273590633565833,0.3906254470348358,0.4045690252263787
6704,8380,8377,0,-2.638972869423085,-2.660527467727661,-2.6834469347268874,-2.6244471073150635,-2.6105035291235206
6705,8381,8378,0,0.5598576755254929,0.5827323794364929,0.5598129124372666,0.6403933763504028,0.6543369545419457
6706,8382,8379,0,-3.0132580905229385,-3.1526434421539307,-3.175562909153157,-3.0059211254119873,-2.9919775472204444
6707,8383,8380,0,2.3527277798383897,2.398512125015259,2.3755926580160325,2.3208043575286865,2.3347479357202294
6708,8384,8381,0,1.823431858512706,1.9191267490386963,1.89620728203947,1.7898645401000977,1.8038081182916406
6709,8385,8382,0,1.804738649818248,1.7634663581848145,1.7405468911855881,1.7219823598861694,1.7359259380777123
6710,8386,8383,0,0.6538235635488694,0.6676192879676819,0.6446998209684556,0.6470627784729004,0.6610063566644433
6711,8387,8384,0,0.5965712756841843,0.6636833548545837,0.6407638878553574,0.6310378313064575,0.6449814094980004
6712,8388,8385,0,0.7487130851476853,0.7439075112342834,0.7209880442350571,0.7148189544677734,0.7287625326593163
6713,8389,8386,0,0.5757066101759141,0.5971845984458923,0.574265131446666,0.5150191783905029,0.5289627565820458
6714,8390,8387,0,0.4921639651983445,0.5253082513809204,0.5023887843816941,0.4840919077396393,0.4980354859311822
6715,8391,8388,0,1.822903522941417,1.8252860307693481,1.8023665637701218,1.8008973598480225,1.8148409380395654
6716,8392,8389,0,0.7428384513586228,0.7966381907463074,0.7737187237470811,0.7085411548614502,0.7224847330529931
6717,8393,8390,0,-2.5910948424608047,-2.634016513824463,-2.656935980823689,-2.582746744155884,-2.568803165964341
6718,8394,8391,0,0.6237359733312791,0.6241267919540405,0.6012073249548142,0.6430389881134033,0.6569825663049462
6719,8395,8392,0,0.21757237026388096,0.24713677167892456,0.22421730467969822,0.276950478553772,0.2908940567453149
6720,8396,8393,0,-1.811509719398671,-1.8436750173568726,-1.8665944843560989,-1.7691773176193237,-1.7552337394277808
6721,8397,8394,0,1.5892579645841782,1.7089118957519531,1.6859924287527268,1.5748207569122314,1.5887643351037743
6722,8398,8395,0,-1.542219152954274,-1.6202973127365112,-1.6432167797357375,-1.5094997882843018,-1.4955562100927589
6723,8399,8396,0,1.6592080683439439,1.7391533851623535,1.7162339181631272,1.6547149419784546,1.6686585201699975
6724,8400,8397,0,2.7777785153120225,2.850421190261841,2.8275017232626145,2.7244083881378174,2.7383519663293603
6725,8401,8398,0,0.25601125666791846,0.2600875794887543,0.23716811248952793,0.19725674390792847,0.21120032209947137
6726,8402,8399,0,0.4481622070997422,0.4370136857032776,0.4140942187040513,0.4589289128780365,0.4728724910695794
6727,8403,8400,0,1.765022286865062,1.812448263168335,1.7895287961691086,1.7538129091262817,1.7677564873178246
6728,8404,8401,0,-3.211518159416371,-3.2369303703308105,-3.259849837330037,-3.156372308731079,-3.142428730539536
6729,8405,8402,0,-0.548815718200856,-0.5250951051712036,-0.5480145721704299,-0.6109657287597656,-0.5970221505682227
6730,8406,8403,0,0.6820966095655625,0.728062629699707,0.7051431627004807,0.7102484703063965,0.7241920484979394
6731,8407,8404,0,-0.3242542057306106,-0.3202279508113861,-0.3431474178106124,-0.38584285974502563,-0.37189928155348273
6732,8408,8405,0,-2.51571499398058,-2.465127944946289,-2.4880474119455154,-2.4605863094329834,-2.4466427312414405
6733,8409,8406,0,1.7773240895002549,1.7922899723052979,1.7693705053060715,1.7219465970993042,1.735890175290847
6734,8410,8407,0,2.1704315037458604,2.18735671043396,2.1644372434347336,2.1283280849456787,2.1422716631372216
6735,8411,8408,0,-0.5482669382364089,-0.5315647125244141,-0.5544841795236404,-0.6013411283493042,-0.5873975501577613
6736,8412,8409,0,0.9573993773191636,0.9821043610572815,0.9591848940580552,0.9229005575180054,0.9368441357095483
6737,8413,8410,0,-0.3885997145444686,-0.3252464830875397,-0.348165950086766,-0.43389520049095154,-0.41995162229940863
6738,8414,8411,0,0.1816855610340302,0.21070045232772827,0.18778098532850193,0.148386150598526,0.1623297287900689
6739,8416,8413,0,1.0136046499937241,1.0409657955169678,1.0180463285177415,1.044944167137146,1.058887745328689
6740,8417,8414,0,-0.7831367163926894,-0.7433527112007141,-0.7662721781999404,-0.7780721187591553,-0.7641285405676124
6741,8418,8415,0,-0.32440694263284753,-0.3148183226585388,-0.33773778965776513,-0.35312792658805847,-0.33918434839651557
6742,8419,8416,0,-2.8784810214311416,-2.9171242713928223,-2.9400437383920486,-2.9259114265441895,-2.9119678483526465
6743,8420,8417,0,-0.3029492109090621,-0.34206250309944153,-0.36498197009866784,-0.32297417521476746,-0.30903059702322455
6744,8422,8419,0,-1.522984853294545,-1.5579092502593994,-1.5808287172586257,-1.5212496519088745,-1.5073060737173316
6745,8423,8420,0,-0.5686007051736648,-0.5739197134971619,-0.5968391804963882,-0.560102105140686,-0.5461585269491431
6746,8424,8421,0,1.4071143955915635,1.443507194519043,1.4205877275198167,1.3793257474899292,1.393269325681472
6747,8426,8423,0,-0.8139028458864028,-0.7933042645454407,-0.816223731544667,-0.7551567554473877,-0.7412131772558448
6748,8427,8424,0,-0.5113300590783889,-0.48008832335472107,-0.5030077903539474,-0.46048441529273987,-0.44654083710119696
6749,8428,8425,0,1.5987340302198594,1.6323559284210205,1.6094364614217942,1.570207118988037,1.58415069717958
6750,8429,8426,0,-1.548044791725331,-1.541001796722412,-1.5639212637216384,-1.5695892572402954,-1.5556456790487525
6751,8430,8427,0,0.6617421002119248,0.6903159618377686,0.6673964948385422,0.6852858066558838,0.6992293848474267
6752,8431,8428,0,-0.6612075476915176,-0.6301015615463257,-0.653021028545552,-0.6459137201309204,-0.6319701419393775
6753,8432,8429,0,1.9082548708646958,1.9502781629562378,1.9273586959570115,1.9157686233520508,1.9297122015435937
6754,8434,8431,0,0.5416939348905747,0.5515467524528503,0.528627285453624,0.5457276105880737,0.5596711887796166
6755,8435,8432,0,1.6677308172910874,1.7005183696746826,1.6775989026754563,1.6321098804473877,1.6460534586389306
6756,8437,8434,0,2.5981870979994004,2.5817737579345703,2.558854290935344,2.563626289367676,2.5775698675592187
6757,8438,8435,0,0.724160322639293,0.803389847278595,0.7804703802793687,0.6109216213226318,0.6248651995141747
6758,8439,8436,-1,-0.823162246065396,-0.7985844016075134,-0.8215038686067397,-0.8150140047073364,-0.8010704265157935
6759,8440,8437,0,-0.875515928772145,-0.8450766205787659,-0.8679960875779922,-0.9024636745452881,-0.8885200963537452
6760,8441,8438,0,1.096591004821605,1.1593167781829834,1.136397311183757,1.1215970516204834,1.1355406298120263
6761,8442,8439,0,0.9211630911558335,0.9523754715919495,0.9294560045927232,0.9533116817474365,0.9672552599389794
6762,8443,8440,0,-1.8310623078615005,-1.8518071174621582,-1.8747265844613845,-1.781192421913147,-1.767248843721604
6763,8444,8441,0,2.1095239014356797,2.1387369632720947,2.1158174962728684,2.0553479194641113,2.0692914976556542
6764,8445,8442,0,2.4285327286451523,2.48909854888916,2.466179081889934,2.358793258666992,2.372736836858535
6765,8446,8443,-2,-0.11750935090289794,-0.09820061177015305,-0.12112007876937939,-0.1322130709886551,-0.11826949279711219
6766,8447,8444,0,-1.7920143513948257,-1.7503663301467896,-1.7732857971460159,-1.7803653478622437,-1.7664217696707007
6767,8448,8445,0,-0.5815485029489333,-0.5675175786018372,-0.5904370456010635,-0.5894944667816162,-0.5755508885900733
6768,8449,8446,0,1.4526866764753525,1.485013723373413,1.4620942563741868,1.4590494632720947,1.4729930414636376
6769,8450,8447,0,1.567583927604503,1.633078932762146,1.6101594657629197,1.518222451210022,1.5321660294015649
6770,8451,8448,0,-2.953168263939076,-2.926985502243042,-2.9499049692422683,-2.869450807571411,-2.8555072293798682
6771,8452,8449,0,-0.45370911648576806,-0.4033021628856659,-0.4262216298848922,-0.4533712565898895,-0.4394276783983466
6772,8454,8451,0,-4.27743660500353,-4.278327465057373,-4.3012469320566,-4.3349080085754395,-4.3209644303838965
6773,8455,8452,0,0.8932361693113511,0.9661146998405457,0.9431952328413193,0.8572115898132324,0.8711551680047753
6774,8456,8453,0,-0.05435737064188075,-0.08537431806325912,-0.10829378506248546,-0.11479990184307098,-0.10085632365152808
6775,8457,8454,0,1.4785244555204575,1.567322850227356,1.5444033832281296,1.4369277954101562,1.4508713736016992
6776,8458,8455,0,2.9558690876692,3.044748544692993,3.021829077693767,2.9023072719573975,2.9162508501489404
6777,8459,8456,0,2.4663397164076035,2.475385904312134,2.4524664373129075,2.4453835487365723,2.459327126928115
6778,8460,8457,0,-2.200855365303212,-2.2469232082366943,-2.2698426752359206,-2.1568589210510254,-2.1429153428594825
6779,8461,8458,0,-1.5827344565660293,-1.535317063331604,-1.5582365303308303,-1.5732029676437378,-1.5592593894521949
6780,8462,8459,0,-2.707039227989369,-2.754324197769165,-2.7772436647683914,-2.694626569747925,-2.680682991556382
6781,8463,8460,0,0.5621143073766892,0.5690892338752747,0.5461697668760483,0.5199061632156372,0.5338497414071801
6782,8465,8462,0,-0.7713764815599258,-0.7679035067558289,-0.7908229737550552,-0.7521530389785767,-0.7382094607870338
6783,8466,8463,0,1.713939556571788,1.7116512060165405,1.6887317390173142,1.6949286460876465,1.7088722242791894
6784,8468,8465,0,-1.2538872866899307,-1.2821415662765503,-1.3050610332757766,-1.2545095682144165,-1.2405659900228736
6785,8470,8467,-1,2.0971792456338227,2.152841091156006,2.1299216241567795,2.0705254077911377,2.0844689859826806
6786,8471,8468,0,1.68350375601942,1.7351899147033691,1.7122704477041428,1.6465884447097778,1.6605320229013207
6787,8472,8469,0,0.23582453438932346,0.20506688952445984,0.1821474225252335,0.20606186985969543,0.22000544805123834
6788,8473,8470,0,2.2057591767042344,2.180398941040039,2.1574794740408128,2.1135685443878174,2.1275121225793603
6789,8475,8472,0,0.3168373496263688,0.3404172360897064,0.3174977690904801,0.31609004735946655,0.33003362555100946
6790,8476,8473,0,0.7069723696439927,0.7312005758285522,0.7082811088293259,0.693584680557251,0.7075282587487939
6791,8479,8476,0,1.9017100424497788,1.9401925802230835,1.9172731132238572,1.8929476737976074,1.9068912519891503
6792,8481,8478,0,0.48960013100797584,0.548731803894043,0.5258123368948167,0.4835880994796753,0.4975316776712182
6793,8482,8479,0,-1.3239073663026626,-1.270747423171997,-1.2936668901712234,-1.3576604127883911,-1.3437168345968482
6794,8483,8480,0,-1.6490896849901016,-1.6698005199432373,-1.6927199869424636,-1.6811630725860596,-1.6672194943945167
6795,8484,8481,0,-0.23371710470026089,-0.045811302959918976,-0.06873076995914532,-0.2713328003883362,-0.2573892221967933
6796,8485,8482,0,2.752139934989757,2.8133976459503174,2.790478178951091,2.704319477081299,2.7182630552728417
6797,8486,8483,0,0.13525556931192326,0.18372589349746704,0.1608064264982407,0.13470134139060974,0.14864491958215265
6798,8487,8484,0,1.263877996894664,1.295620322227478,1.2727008552282517,1.2750195264816284,1.2889631046731713
6799,8488,8485,0,-2.4390138297349746,-2.4528939723968506,-2.475813439396077,-2.475593090057373,-2.46164951186583
6800,8489,8486,-2,1.1370263241459302,1.187620759010315,1.1647012920110886,1.0785211324691772,1.0924647106607202
6801,8490,8487,0,-0.5083295612603957,-0.508699893951416,-0.5316193609506423,-0.47364911437034607,-0.45970553617880316
6802,8491,8488,0,0.3336908013551896,0.28745609521865845,0.26453662821943214,0.2881373167037964,0.3020808948953393
6803,8492,8489,-1,0.7302969214150727,0.7585803866386414,0.735660919639415,0.7163538932800293,0.7302974714715722
6804,8493,8490,0,1.7476377577512925,1.7625398635864258,1.7396203965871995,1.7052396535873413,1.7191832317788842
6805,8494,8491,0,0.08414611378604817,0.11651498824357986,0.09359552124435352,0.0948651134967804,0.1088086916883233
6806,8496,8493,0,-1.8246518283159072,-1.792738676071167,-1.8156581430703933,-1.7949533462524414,-1.7810097680608985
6807,8498,8495,0,-1.43258248856371,-1.4142565727233887,-1.437176039722615,-1.428139567375183,-1.4141959891836402
6808,8499,8496,0,-1.264098635223561,-1.2680397033691406,-1.290959170368367,-1.2044728994369507,-1.1905293212454078
6809,8500,8497,0,1.5135610193937485,1.5849863290786743,1.562066862079448,1.4759737253189087,1.4899173035104516
6810,8501,8498,0,0.42375887343580176,0.457648903131485,0.4347294361322587,0.4469970762729645,0.4609406544645074
6811,8502,8499,0,-0.5486538915902908,-0.5590025186538696,-0.5819219856530959,-0.5469532012939453,-0.5330096231024024
6812,8504,8501,0,-2.207580676582509,-2.22989821434021,-2.2528176813394363,-2.169175863265991,-2.1552322850744483
6813,8505,8502,0,-0.9137362151414687,-0.9053390026092529,-0.9282584696084792,-0.9783941507339478,-0.9644505725424048
6814,8506,8503,0,-0.4078793137342269,-0.4145907461643219,-0.4375102131635482,-0.4150519371032715,-0.4011083589117286
6815,8507,8504,0,0.8485628456800645,0.8626490235328674,0.8397295565336411,0.7644171714782715,0.7783607496698144
6816,8508,8505,0,0.415099510642833,0.38748031854629517,0.36456085154706885,0.3961580693721771,0.41010164756372003
6817,8509,8506,0,0.3597668797701066,0.3545060157775879,0.3315865487783616,0.2810510993003845,0.2949946774919274
6818,8510,8507,0,0.25157175371343543,0.28309234976768494,0.2601728827684586,0.22362016141414642,0.23756373960568933
6819,8511,8508,0,0.02782992804343152,0.1158481016755104,0.09292863467628407,-0.010816603899002075,0.0031269742925408295
6820,8512,8509,0,2.973089584800548,3.032411813735962,3.0094923467367356,2.9373104572296143,2.951254035421157
6821,8513,8510,0,1.5606254429548447,1.5882360935211182,1.5653166265218919,1.5301886796951294,1.5441322578866723
6822,8514,8511,0,-1.8318976073533828,-1.8973941802978516,-1.9203136472970779,-1.8563655614852905,-1.8424219832937476
6823,8516,8513,0,2.282641062232799,2.341348648071289,2.3184291810720628,2.255388021469116,2.269331599660659
6824,8518,8515,0,-0.6876137762338455,-0.6306861042976379,-0.6536055712968643,-0.6379493474960327,-0.6240057693044898
6825,8519,8516,0,-3.5963035731584365,-3.6372926235198975,-3.6602120905191238,-3.6870667934417725,-3.6731232152502296
6826,8520,8517,0,2.586666473838634,2.6322996616363525,2.6093801946371262,2.5631470680236816,2.5770906462152245
6827,8521,8518,0,0.6510235757559006,0.6457423567771912,0.6228228897779648,0.6419516801834106,0.6558952583749535
6828,8522,8519,0,-0.4055955915719802,-0.36177706718444824,-0.38469653418367455,-0.4305095374584198,-0.4165659592668769
6829,8523,8520,0,0.1349624038665955,0.1714273989200592,0.14850793192083286,0.14989054203033447,0.16383412022187738
6830,8524,8521,0,-0.18793574562376095,-0.18342235684394836,-0.2063418238431747,-0.16525569558143616,-0.15131211738989325
6831,8525,8522,0,-1.844950309303456,-1.8958231210708618,-1.9187425880700881,-1.8922358751296997,-1.8782922969381568
6832,8526,8523,0,0.569057235214061,0.6446980834007263,0.6217786164015,0.5313329696655273,0.5452765478570702
6833,8527,8524,0,-2.731851687935048,-2.765662431716919,-2.7885818987161453,-2.7832982540130615,-2.7693546758215186
6834,8528,8525,0,-0.9485697655946548,-0.9257661700248718,-0.9486856370240981,-0.9727340936660767,-0.9587905154745338
6835,8530,8527,0,2.8338204712598984,2.860034704208374,2.8371152372091477,2.8342223167419434,2.8481658949334863
6836,8531,8528,0,2.4877396912306016,2.5266802310943604,2.503760764095134,2.451655626296997,2.46559920448854
6837,8532,8529,0,0.5941152066915696,0.6403389573097229,0.6174194903104966,0.5777238607406616,0.5916674389322045
6838,8533,8530,0,2.443767199012584,2.4650180339813232,2.442098566982097,2.4115424156188965,2.4254859938104394
6839,8534,8531,0,-0.36566494992082665,-0.32585659623146057,-0.3487760632306869,-0.38811513781547546,-0.37417155962393256
6840,8536,8533,0,-0.24698986699884487,-0.2850711941719055,-0.30799066117113183,-0.24944981932640076,-0.23550624113485785
6841,8538,8535,0,-2.8974679618150527,-2.9219348430633545,-2.944854310062581,-2.922785520553589,-2.908841942362046
6842,8539,8536,0,1.4967756361692612,1.5320935249328613,1.509174057933635,1.5128587484359741,1.526802326627517
6843,8540,8537,0,-5.278801789787465,-5.327754020690918,-5.350673487690145,-5.299234390258789,-5.285290812067246
6844,8541,8538,0,1.4805072636335557,1.5060193538665771,1.4830998868673508,1.41457998752594,1.4285235657174828
6845,8542,8539,0,2.6953059525221055,2.7119269371032715,2.689007470104045,2.673673391342163,2.687616969533706
6846,8543,8540,0,0.7389471025198167,0.8024609684944153,0.779541501495189,0.7410457134246826,0.7549892916162255
6847,8544,8541,0,-2.437425008323842,-2.471174955368042,-2.4940944223672683,-2.4841978549957275,-2.4702542768041846
6848,8545,8542,0,2.1112984509199326,2.1319823265075684,2.109062859508342,2.0823071002960205,2.0962506784875634
6849,8546,8543,0,1.0809493155210679,1.0935273170471191,1.0706078500478928,0.9895064830780029,1.0034500612695458
6850,8547,8544,0,1.642912158462352,1.6365931034088135,1.6136736364095872,1.6244251728057861,1.638368750997329
6851,8548,8545,0,1.0298638434141343,1.069972276687622,1.0470528096883958,1.0206176042556763,1.0345611824472192
6852,8549,8546,0,-0.970425060299092,-0.9643729329109192,-0.9872923999101455,-0.9193626642227173,-0.9054190860311744
6853,8550,8547,0,2.31267274329359,2.3856201171875,2.3627006501882737,2.356562852859497,2.37050643105104
6854,8551,8548,0,1.5096801609724229,1.5550605058670044,1.532141038867778,1.4422205686569214,1.4561641468484643
6855,8553,8550,0,0.3356210977762406,0.2507396638393402,0.22782019684011387,0.34044963121414185,0.35439320940568475
6856,8554,8551,0,0.639199921581096,0.6854796409606934,0.662560173961467,0.6190705299377441,0.633014108129287
6857,8555,8552,0,1.9100551695554917,1.9618034362792969,1.9388839692800706,1.8992739915847778,1.9132175697763207
6858,8556,8553,0,1.6062224001615708,1.6383605003356934,1.615441033336467,1.6144407987594604,1.6283843769510034
6859,8557,8554,0,2.1813126892774766,2.2574877738952637,2.2345683068960374,2.1783266067504883,2.192270184942031
6860,8558,8555,0,0.2544353396623795,0.1989383101463318,0.17601884314710545,0.24555589258670807,0.259499470778251
6861,8563,8560,0,-1.0971587806016738,-1.1361441612243652,-1.1590636282235915,-1.0777121782302856,-1.0637686000387427
6862,8564,8561,0,2.075703749152965,2.2227590084075928,2.1998395414083665,2.0543599128723145,2.0683034910638574
6863,8565,8562,0,1.0570859999387925,1.10110342502594,1.0781839580267136,1.049749493598938,1.063693071790481
6864,8567,8564,0,-2.8878520636827285,-2.9598188400268555,-2.982738307026082,-2.9160101413726807,-2.9020665631811378
6865,8568,8565,0,-0.7601355223924453,-0.7566356658935547,-0.779555132892781,-0.7805424928665161,-0.7665989146749732
6866,8569,8566,0,-0.01642467854624343,0.003237210214138031,-0.01968225678508831,-0.030347511172294617,-0.016403932980751712
6867,8570,8567,0,0.4051968545644944,0.46401941776275635,0.44109995076353004,0.408754825592041,0.4226984037835839
6868,8571,8568,0,-2.794570794609242,-2.7391059398651123,-2.7620254068643386,-2.7313668727874756,-2.7174232945959327
6869,8572,8569,0,0.9673724860876267,0.9691680073738098,0.9462485403745835,0.9519565105438232,0.9659000887353661
6870,8573,8570,0,1.4702746958463853,1.5037635564804077,1.4808440894811814,1.4459316730499268,1.4598752512414697
6871,8574,8571,0,-1.3671866565019424,-1.3898851871490479,-1.4128046541482742,-1.2754758596420288,-1.261532281450486
6872,8576,8573,0,-0.43649314930742333,-0.3863331377506256,-0.4092526047498519,-0.42630574107170105,-0.41236216288015815
6873,8577,8574,0,1.5611903757780259,1.6457750797271729,1.6228556127279465,1.5425231456756592,1.556466723867202
6874,8578,8575,0,1.2859611601560776,1.28235924243927,1.2594397754400437,1.2825496196746826,1.2964931978662255
6875,8579,8576,0,-3.481277337577992,-3.5040271282196045,-3.526946595218831,-3.438716173171997,-3.424772594980454
6876,8580,8577,0,0.18698138901884007,0.20990034937858582,0.18698088237935948,0.07742109894752502,0.09136467713906793
6877,8581,8578,0,0.595927307102031,0.6854519844055176,0.6625325174062913,0.5897657871246338,0.6037093653161767
6878,8584,8581,0,2.594688782188243,2.581862688064575,2.558943221065349,2.5360708236694336,2.5500144018609765
6879,8585,8582,0,-2.192573419120961,-2.190523624420166,-2.2134430914193923,-2.1658995151519775,-2.1519559369604346
6880,8586,8583,0,2.1170023770063584,2.1339704990386963,2.11105103203947,2.0815911293029785,2.0955347074945214
6881,8587,8584,0,1.6554485649793809,1.6622951030731201,1.6393756360738938,1.604782223701477,1.61872580189302
6882,8588,8585,0,0.8493047446935837,0.897269070148468,0.8743496031492417,0.832654595375061,0.8465981735666039
6883,8590,8587,0,2.531263718101329,2.575329065322876,2.5524095983236497,2.5430169105529785,2.5569604887445214
6884,8591,8588,0,-3.0075203089982803,-3.0490739345550537,-3.07199340155428,-3.02236270904541,-3.0084191308538673
6885,8593,8590,0,0.5762330980032151,0.5961039066314697,0.5731844396322434,0.5536357164382935,0.5675792946298364
6886,8594,8591,0,-0.8711864857942397,-0.8434163928031921,-0.8663358598024185,-0.8313596248626709,-0.817416046671128
6887,8595,8592,0,0.6423351855009263,0.5454490184783936,0.5225295514791672,0.6171830892562866,0.6311266674478295
6888,8596,8593,0,2.0090974659650986,2.0331192016601562,2.01019973466093,1.9954882860183716,2.0094318642099145
6889,8597,8594,0,1.0944026798933213,1.1008272171020508,1.0779077501028245,1.0843298435211182,1.098273421712661
6890,8598,8595,0,2.633534798118419,2.6668343544006348,2.6439148874014085,2.6116843223571777,2.6256279005487206
6891,8600,8597,0,-0.4918159752160842,-0.46554747223854065,-0.48846693923776696,-0.5825328826904297,-0.5685893044988868
6892,8601,8598,0,-2.4497367053300674,-2.435490846633911,-2.4584103136331374,-2.4508955478668213,-2.4369519696752784
6893,8603,8600,0,-1.7418126969606216,-1.8170976638793945,-1.8400171308786208,-1.7221108675003052,-1.7081672893087623
6894,8605,8602,0,0.9406700820654099,0.9636037945747375,0.9406843275755112,0.8995429277420044,0.9134865059335473
6895,8606,8603,0,-0.4876644223005111,-0.4178940951824188,-0.44081356218164514,-0.4923572242259979,-0.478413646034455
6896,8607,8604,0,1.1051621527403062,1.0859017372131348,1.0629822702139085,1.0378245115280151,1.051768089719558
6897,8608,8605,0,-1.564632287529164,-1.5746601819992065,-1.5975796489984329,-1.5602554082870483,-1.5463118300955054
6898,8609,8606,0,1.1058979124754136,1.1594088077545166,1.1364893407552903,1.0895713567733765,1.1035149349649194
6899,8610,8607,0,0.44525171229535987,0.4502405822277069,0.4273211152284806,0.45760878920555115,0.47155236739709405
6900,8611,8608,0,2.3070780129163926,2.2932379245758057,2.2703184575765794,2.260244369506836,2.274187947698379
6901,8612,8609,0,-0.22060500672166897,-0.16934505105018616,-0.1922645180494125,-0.23931989073753357,-0.22537631254599066
6902,8613,8610,0,1.8353625626295273,1.8517529964447021,1.8288335294454758,1.7870506048202515,1.8009941830117944
6903,8615,8612,0,1.8233851284712022,1.844059944152832,1.8211404771536057,1.801310658454895,1.815254236646438
6904,8617,8614,0,0.614757189246959,0.628028929233551,0.6051094622343247,0.5959268808364868,0.6098704590280297
6905,8618,8615,0,-3.9817618041307266,-3.950230836868286,-3.9731503038675124,-3.8874351978302,-3.8734916196386573
6906,8619,8616,0,-1.5691724925309951,-1.5667363405227661,-1.5896558075219924,-1.5842162370681763,-1.5702726588766334
6907,8620,8617,0,1.9767922253339951,2.0064799785614014,1.983560511562175,1.9850298166275024,1.9989733948190453
6908,8621,8618,-1,-2.1895639184286773,-2.1763463020324707,-2.199265769031697,-2.1479437351226807,-2.1340001569311378
6909,8622,8619,0,0.6075965852468674,0.6284836530685425,0.6055641860693162,0.5394517779350281,0.553395356126571
6910,8623,8620,0,1.2275201172559922,1.2760231494903564,1.2531036824911301,1.1904579401016235,1.2044015182931664
6911,8625,8622,0,2.5257574410169785,2.549274444580078,2.526354977580852,2.480926036834717,2.4948696150262597
6912,8626,8623,0,-0.37280436446970056,-0.41091710329055786,-0.4338365702897842,-0.3614853024482727,-0.3475417242567298
6913,8627,8624,0,0.9639023036688035,0.9524989724159241,0.9295795054166978,0.923133373260498,0.937076951452041
6914,8628,8625,0,-2.3866950183183486,-2.3232595920562744,-2.3461790590555007,-2.311084508895874,-2.297140930704331
6915,8629,8626,0,-2.1640170722276504,-2.129162311553955,-2.1520817785531814,-2.1284358501434326,-2.1144922719518897
6916,8631,8628,0,3.128837952110118,3.1517632007598877,3.1288437337606614,3.0665924549102783,3.0805360331018212
6917,8632,8629,0,0.4538956076830094,0.4730934500694275,0.4501739830702012,0.5017536878585815,0.5156972660501244
6918,8633,8630,0,1.1485444397657578,1.169073462486267,1.1461539954870408,1.0963976383209229,1.1103412165124658
6919,8635,8632,0,2.5632242054670518,2.636906862258911,2.613987395259685,2.5550477504730225,2.5689913286645654
6920,8636,8633,0,0.897455045673198,0.963000476360321,0.9400810093610947,0.9078278541564941,0.921771432348037
6921,8637,8634,0,-2.334372153785878,-2.3464195728302,-2.3693390398294265,-2.304694890975952,-2.2907513127844092
6922,8639,8636,0,0.8193475098341172,0.8932166695594788,0.8702972025602524,0.8367304801940918,0.8506740583856347
6923,8640,8637,0,0.10474082985813069,0.0722835436463356,0.04936407664710926,0.0680527612566948,0.0819963394482377
6924,8641,8638,0,1.965359816047496,2.0176210403442383,1.994701573345012,1.9307371377944946,1.9446807159860375
6925,8642,8639,0,1.1933443636625474,1.17413330078125,1.1512138337820237,1.1443225145339966,1.1582660927255395
6926,8643,8640,0,-0.7195620446473892,-0.70517897605896,-0.7280984430581863,-0.7067703008651733,-0.6928267226736304
6927,8644,8641,0,1.6422985882490342,1.7612762451171875,1.7383567781179612,1.5781381130218506,1.5920816912133935
6928,8645,8642,0,-0.5533563404352004,-0.5184521079063416,-0.5413715749055679,-0.5111604928970337,-0.4972169147054908
6929,8646,8643,0,2.2278159947126572,2.2517716884613037,2.2288522214620774,2.1715009212493896,2.1854444994409326
6930,8648,8645,0,-2.813949218300038,-2.9276139736175537,-2.95053344061678,-2.8023393154144287,-2.788395737222886
6931,8650,8647,0,1.4714660734861558,1.5085166692733765,1.4855972022741502,1.470686912536621,1.484630490728164
6932,8651,8648,0,-0.6333866625100906,-0.6333083510398865,-0.6562278180391128,-0.6683366298675537,-0.6543930516760108
6933,8652,8649,0,1.2228083700864976,1.2489126920700073,1.225993225070781,1.1909981966018677,1.2049417747934106
6934,8653,8650,0,2.880182156059093,2.906625986099243,2.883706519100017,2.832775354385376,2.846718932576919
6935,8656,8653,0,0.5619304270475571,0.5521587133407593,0.529239246341533,0.5606656074523926,0.5746091856439355
6936,8657,8654,-1,1.5994185921380342,1.5809065103530884,1.557987043353862,1.550746202468872,1.564689780660415
6937,8658,8655,0,-3.159623494651967,-3.199517011642456,-3.2224364786416824,-3.21992564201355,-3.205982063822007
6938,8659,8656,0,-0.0662944748074348,-0.05707847326993942,-0.07999794026916576,-0.07466500997543335,-0.060721431783890445
6939,8660,8657,0,1.1637593598097031,1.3017127513885498,1.2787932843893235,1.1316336393356323,1.1455772175271752
6940,8661,8658,0,-2.3920873313218887,-2.438812017440796,-2.461731484440022,-2.4612061977386475,-2.4472626195471046
6941,8662,8659,0,1.673792490455455,1.7108217477798462,1.6879022807806199,1.6615101099014282,1.6754536880929711
6942,8663,8660,0,-1.563994875457936,-1.5424821376800537,-1.56540160467928,-1.5284919738769531,-1.5145483956854102
6943,8664,8661,0,-1.9193372636110122,-1.9208786487579346,-1.9437981157571609,-1.8894418478012085,-1.8754982696096656
6944,8665,8662,-1,-3.840611625032681,-3.890348196029663,-3.9132676630288894,-3.8296945095062256,-3.8157509313146827
6945,8666,8663,0,2.652249226066417,2.6542325019836426,2.6313130349844163,2.600327730178833,2.614271308370376
6946,8668,8665,0,-0.09958467474287105,-0.06805645674467087,-0.09097592374389721,-0.0982067883014679,-0.08426321010992499
6947,8669,8666,0,1.262775907012767,1.2742102146148682,1.2512907476156419,1.2229667901992798,1.2369103683908227
6948,8670,8667,0,-0.4592373578817184,-0.399057537317276,-0.4219770043165023,-0.46637412905693054,-0.45243055086538764
6949,8675,8672,0,2.260666498634166,2.2622933387756348,2.2393738717764085,2.222050189971924,2.2359937681634667
6950,8676,8673,0,-2.7338927893907363,-2.7961883544921875,-2.819107821491414,-2.6850802898406982,-2.6711367116491553
6951,8677,8674,0,1.1470574230879014,1.1882431507110596,1.1653236837118333,1.13467276096344,1.1486163391549828
6952,8679,8676,0,-1.4008490948945815,-1.36970055103302,-1.3926200180322463,-1.4110527038574219,-1.397109125665879
6953,8680,8677,0,0.5122338027685349,0.5953099727630615,0.5723905057638352,0.5429450869560242,0.5568886651475671
6954,8681,8678,0,-4.9417356162339985,-4.982428550720215,-5.005348017719442,-4.813474178314209,-4.799530600122666
6955,8682,8679,0,0.38413501689130714,0.3519427180290222,0.3290232510297959,0.35559260845184326,0.36953618664338617
6956,8683,8680,0,0.050511596444195984,0.10078153759241104,0.0778620705931847,0.04484626650810242,0.05878984469964532
6957,8684,8681,0,1.851027974578685,1.8744478225708008,1.8515283555715745,1.836337685585022,1.8502812637765649
6958,8685,8682,0,0.8876377434461777,0.9013797640800476,0.8784602970808213,0.8658437728881836,0.8797873510797265
6959,8686,8683,0,0.7350422830312913,0.772913932800293,0.7499944658010667,0.6362284421920776,0.6501720203836205
6960,8687,8684,0,-1.5375174193651016,-1.4691725969314575,-1.4920920639306838,-1.4743174314498901,-1.4603738532583472
6961,8688,8685,0,1.951253303977794,1.9732732772827148,1.9503538102834885,1.9027118682861328,1.9166554464776757
6962,8689,8686,0,-0.7118546276361282,-0.7119364142417908,-0.7348558812410171,-0.7379155158996582,-0.7239719377081153
6963,8691,8688,0,1.373349079582042,1.4154860973358154,1.3925666303365891,1.3445988893508911,1.358542467542434
6964,8692,8689,0,0.8499075264661973,0.8666878342628479,0.8437683672636216,0.8605221509933472,0.8744657291848901
6965,8693,8690,0,0.07432361850435185,0.07683510333299637,0.05391563633377003,0.030092298984527588,0.04403587717607049
6966,8694,8691,0,-1.9354791550905044,-1.89180326461792,-1.9147227316171462,-1.95348060131073,-1.939537023119187
6967,8695,8692,0,1.4008301586836045,1.4408818483352661,1.4179623813360398,1.38214111328125,1.396084691472793
6968,8696,8693,0,2.0043500752180283,2.0365421772003174,2.013622710201091,1.99495530128479,2.008898879476333
6969,8698,8695,0,0.16114174732858585,0.18250051140785217,0.15958104440862583,0.16503804922103882,0.17898162741258172
6970,8700,8697,0,1.7267128319471543,1.747051477432251,1.7241320104330247,1.6966849565505981,1.710628534742141
6971,8701,8698,0,0.3648898393839066,0.3670034110546112,0.3440839440553849,0.34346479177474976,0.35740836996629266
6972,8702,8699,0,-1.870271435287648,-1.8665906190872192,-1.8895100860864456,-1.7879208326339722,-1.7739772544424293
6973,8703,8700,0,-0.35511215617960046,-0.34176117181777954,-0.36468063881700585,-0.36717936396598816,-0.35323578577444525
6974,8704,8701,0,0.3759664983480637,0.43498092889785767,0.41206146189863135,0.3744793236255646,0.3884229018171075
6975,8705,8702,0,1.6902251333921616,1.670714020729065,1.6477945537298386,1.6134922504425049,1.6274358286340478
6976,8706,8703,0,0.7011311144560044,0.7026789784431458,0.6797595114439194,0.6650172472000122,0.6789608253915551
6977,8707,8704,0,0.18941947230989384,0.14405855536460876,0.12113908836538242,0.1860576570034027,0.20000123519494561
6978,8708,8705,0,0.35317266890699317,0.3575156629085541,0.33459619590932776,0.35601621866226196,0.36995979685380487
6979,8709,8706,0,2.698021063300914,2.747945547103882,2.7250260801046555,2.6366465091705322,2.650590087362075
6980,8710,8707,0,1.6830525488584702,1.658323884010315,1.6354044170110886,1.6303606033325195,1.6443041815240624
6981,8711,8708,0,2.2083860726087754,2.2921011447906494,2.269181677791423,2.2023794651031494,2.2163230432946923
6982,8712,8709,0,-1.3351696639329727,-1.4011361598968506,-1.424055626896077,-1.3509259223937988,-1.336982344202256
6983,8713,8710,0,-0.031246230286412956,-0.03492719680070877,-0.05784666379993511,-0.027950935065746307,-0.014007356874203403
6984,8714,8711,0,-1.0216431527406509,-1.0191974639892578,-1.0421169309884841,-0.9763197898864746,-0.9623762116949317
6985,8715,8712,0,1.12222445914442,1.1663800477981567,1.1434605807989304,1.1040083169937134,1.1179518951852563
6986,8716,8713,0,1.812382945510692,1.773433804512024,1.7505143375127976,1.7324081659317017,1.7463517441232446
6987,8718,8715,0,0.9477049202650254,0.9738302230834961,0.9509107560842698,0.9360135793685913,0.9499571575601342
6988,8719,8716,0,-0.7412701158792312,-0.7214261293411255,-0.7443455963403518,-0.7370133399963379,-0.723069761804795
6989,8720,8717,0,3.029359945747203,3.084167718887329,3.061248251888103,3.0053892135620117,3.0193327917535546
6990,8722,8719,0,2.258922228309459,2.283764600753784,2.260845133754558,2.23966383934021,2.253607417531753
6991,8723,8720,0,-2.821765771415883,-2.8386330604553223,-2.8615525274545486,-2.8470263481140137,-2.8330827699224708
6992,8724,8721,-1,-2.4904109719565093,-2.4887869358062744,-2.5117064028055007,-2.4761388301849365,-2.4621952519933936
6993,8726,8723,0,0.15249591478998112,0.1293555498123169,0.10643608281309055,0.14315354824066162,0.15709712643220453
6994,8727,8724,0,-3.249747148063832,-3.3290774822235107,-3.351996949222737,-3.2293994426727295,-3.2154558644811866
6995,8728,8725,0,2.278951534721202,2.3266141414642334,2.303694674465007,2.262242555618286,2.276186133809829
6996,8729,8726,0,2.088499912711925,2.11803936958313,2.0951199025839036,2.1093027591705322,2.123246337362075
6997,8730,8727,0,-1.8613130955964858,-1.8852684497833252,-1.9081879167825515,-1.8568862676620483,-1.8429426894705054
6998,8731,8728,0,1.7118291945188706,1.7519384622573853,1.729018995258159,1.6497939825057983,1.6637375606973412
6999,8734,8731,0,-2.338443151024037,-2.358072519302368,-2.3809919863015945,-2.3040435314178467,-2.2900999532263038
7000,8735,8732,0,2.6109406392005785e-05,0.1045050397515297,0.08158557275230335,0.007900416851043701,0.021843995042586606
7001,8737,8734,0,0.4355577618807023,0.4162180721759796,0.3932986051767533,0.44232654571533203,0.45627012390687494
7002,8738,8735,0,0.38828099677259376,0.4046700894832611,0.3817506224840348,0.3636476695537567,0.3775912477452996
7003,8739,8736,-1,-0.41054241688753956,-0.38390251994132996,-0.40682198694055627,-0.3322712779045105,-0.3183276997129676
7004,8740,8737,0,-4.140512815025502,-4.098804950714111,-4.121724417713338,-4.1620941162109375,-4.148150538019395
7005,8742,8739,0,1.96490765521223,2.0318264961242676,2.0089070291250413,1.9166017770767212,1.930545355268264
7006,8745,8742,0,-1.3529226689607436,-1.387338638305664,-1.4102581053048904,-1.376821517944336,-1.362877939752793
7007,8746,8743,0,2.2211757988660996,2.2834994792938232,2.260580012294597,2.2096784114837646,2.2236219896753076
7008,8747,8744,0,0.6899781913488572,0.7119104266166687,0.6889909596174424,0.6800961494445801,0.694039727636123
7009,8748,8745,0,-2.1012941508561904,-2.080697774887085,-2.1036172418863113,-2.0340428352355957,-2.020099257044053
7010,8749,8746,0,-2.8026252894670303,-2.7817013263702393,-2.8046207933694656,-2.7880072593688965,-2.7740636811773536
7011,8750,8747,0,-2.915091386345082,-2.8927690982818604,-2.9156885652810867,-2.923414468765259,-2.909470890573716
7012,8751,8748,0,-0.2284471898347671,-0.26730775833129883,-0.29022722533052514,-0.23588910698890686,-0.22194552879736396
7013,8752,8749,0,-0.5255288391382034,-0.48573538661003113,-0.5086548536092574,-0.5157057046890259,-0.501762126497483
7014,8753,8750,0,-1.6004717259675796,-1.5259405374526978,-1.548860004451924,-1.5852030515670776,-1.5712594733755347
7015,8755,8752,0,1.039651283714122,1.074424147605896,1.0515046806066697,1.0095242261886597,1.0234678043802026
7016,8756,8753,0,1.8254653305738633,1.8501951694488525,1.8272757024496262,1.7700444459915161,1.783988024183059
7017,8757,8754,0,0.4059038252561753,0.4219913184642792,0.39907185146505286,0.32868629693984985,0.34262987513139276
7018,8758,8755,0,-1.2299095301896865,-1.261960744857788,-1.2848802118570144,-1.2718664407730103,-1.2579228625814673
7019,8759,8756,0,2.2132357449262803,2.1974234580993652,2.174503991100139,2.130178213119507,2.1441217913110497
7020,8760,8757,-1,0.16136772601102,0.20117834210395813,0.1782588751047318,0.10951033234596252,0.12345391053750543
7021,8761,8758,0,1.5884823889463608,1.6377496719360352,1.6148302049368088,1.5437108278274536,1.5576544060189965
7022,8762,8759,0,1.2905186505048936,1.3434457778930664,1.32052631089384,1.2841088771820068,1.2980524553735497
7023,8763,8760,0,-2.24146019509142,-2.2709708213806152,-2.2938902883798415,-2.197692394256592,-2.183748816065049
7024,8764,8761,0,-0.14587867846792293,-0.1636728048324585,-0.18659227183168484,-0.17877385020256042,-0.16483027201101752
7025,8765,8762,0,0.32245776960546424,0.3692390024662018,0.34631953546697547,0.3153410851955414,0.3292846633870843
7026,8766,8763,0,1.3555392117231553,1.3694344758987427,1.3465150088995164,1.2922080755233765,1.3061516537149194
7027,8767,8764,0,1.2319976181715195,1.241340160369873,1.2184206933706467,1.2064508199691772,1.2203943981607202
7028,8770,8767,0,-1.5183231740266616,-1.5269373655319214,-1.5498568325311477,-1.4861525297164917,-1.4722089515249488
7029,8771,8768,0,0.30955896684820106,0.34191903471946716,0.31899956772024085,0.3002639412879944,0.3142075194795373
7030,8772,8769,0,0.9989736170499985,1.0286054611206055,1.0056859941213792,0.9976699352264404,1.0116135134179833
7031,8775,8772,0,1.1177320570676987,1.19193696975708,1.1690175027578538,1.0499755144119263,1.0639190926034692
7032,8776,8773,0,-1.1352249293596084,-1.0898072719573975,-1.1127267389566238,-1.1908550262451172,-1.1769114480535743
7033,8778,8775,0,-1.080147972610646,-1.0673507452011108,-1.0902702122003372,-1.0444451570510864,-1.0305015788595435
7034,8779,8776,0,-3.0303012042314346,-3.0212199687957764,-3.0441394357950027,-3.0480716228485107,-3.034128044656968
7035,8780,8777,0,-2.6026672034532363,-2.652888059616089,-2.675807526615315,-2.5747740268707275,-2.5608304486791846
7036,8781,8778,0,2.6234556526869004,2.677398443222046,2.6544789762228196,2.5572874546051025,2.5712310327966454
7037,8782,8779,0,-0.312575152424031,-0.3216005265712738,-0.3445199935705001,-0.31517186760902405,-0.30122828941748114
7038,8783,8780,0,-2.172606101539784,-2.140514850616455,-2.1634343176156814,-2.2120864391326904,-2.1981428609411475
7039,8784,8781,0,1.5294762940138047,1.5405778884887695,1.5176584214895432,1.4996429681777954,1.5135865463693383
7040,8785,8782,0,1.1491849512785142,1.128948450088501,1.1060289830892747,1.1558414697647095,1.1697850479562524
7041,8787,8784,0,0.6769828290670579,0.7182883024215698,0.6953688354223435,0.6548751592636108,0.6688187374551537
7042,8788,8785,0,0.1799719722002213,0.1986275613307953,0.17570809433156895,0.17645974457263947,0.19040332276418237
7043,8789,8786,0,-3.893632998970204,-3.884633779525757,-3.907553246524983,-3.9274141788482666,-3.9134706006567237
7044,8790,8787,0,0.44419721672231605,0.4989970624446869,0.4760775954454606,0.4446249306201935,0.4585685088117364
7045,8791,8788,0,1.644641050788707,1.6623117923736572,1.639392325374431,1.626242995262146,1.640186573453689
7046,8792,8789,0,-3.629498591926747,-3.6298227310180664,-3.6527421980172927,-3.5931293964385986,-3.5791858182470557
7047,8793,8790,0,1.497539410087413,1.5383251905441284,1.515405723544902,1.5127254724502563,1.5266690506417993
7048,8794,8791,0,-0.15402821293180538,-0.1316445767879486,-0.15456404378717495,-0.22439292073249817,-0.21044934254095526
7049,8795,8792,0,-3.413192620781117,-3.4893300533294678,-3.512249520328694,-3.368117570877075,-3.3541739926855323
7050,8796,8793,0,0.3001572580068772,0.376936674118042,0.3540172071188157,0.2586074471473694,0.2725510253389123
7051,8797,8794,0,-2.1338096766740615,-2.089550018310547,-2.112469485309773,-2.1148996353149414,-2.1009560571233985
7052,8798,8795,0,0.04862617487008023,0.061874307692050934,0.038954840692824594,0.004360675811767578,0.018304254003310483
7053,8799,8796,0,2.101439842674083,2.223545789718628,2.2006263227194016,2.0622997283935547,2.0762433065850976
7054,8800,8797,0,1.1513657660215562,1.1452144384384155,1.1222949714391892,1.1235255002975464,1.1374690784890893
7055,8801,8798,0,0.6764543146818345,0.7207793593406677,0.6978598923414414,0.6799575090408325,0.6939010872323754
7056,8802,8799,0,-1.050394406822377,-1.0704586505889893,-1.0933781175882156,-1.0601311922073364,-1.0461876140157935
7057,8803,8800,0,-3.1413260607988174,-3.1579363346099854,-3.1808558016092117,-3.1495285034179688,-3.135584925226426
7058,8804,8801,0,-0.8021747975618179,-0.7877526879310608,-0.8106721549302871,-0.8249229192733765,-0.8109793410818336
7059,8805,8802,0,-1.021513095405751,-1.015222191810608,-1.0381416588098342,-1.0090988874435425,-0.9951553092519996
7060,8806,8803,0,-1.9705865292817886,-1.9361259937286377,-1.959045460727864,-2.026311159133911,-2.0123675809423682
7061,8807,8804,0,2.508058199378795,2.535606622695923,2.5126871556966965,2.4615859985351562,2.475529576726699
7062,8808,8805,0,2.2464562744825547,2.2720818519592285,2.249162384960002,2.210211992263794,2.224155570455337
7063,8810,8807,0,-2.2837566046983535,-2.2621614933013916,-2.285080960300618,-2.260270118713379,-2.246326540521836
7064,8811,8808,0,1.6888728232114976,1.6937522888183594,1.670832821819133,1.690375804901123,1.704319383092666
7065,8812,8809,0,0.8602249712675278,0.8365169763565063,0.81359750935728,0.7672839164733887,0.7812274946649316
7066,8813,8810,0,1.2875140995710557,1.3264151811599731,1.3034957141607468,1.2542399168014526,1.2681834949929955
7067,8814,8811,0,-0.04988442575638843,-0.032541416585445404,-0.055460883584671744,-0.05656234920024872,-0.042618771008705814
7068,8815,8812,0,-1.1524712949067886,-1.0961483716964722,-1.1190678386956985,-1.1676801443099976,-1.1537365661184547
7069,8816,8813,0,2.892387518379039,2.9361088275909424,2.913189360591716,2.8467323780059814,2.8606759561975243
7070,8818,8815,0,1.7294123263090317,1.765229344367981,1.7423098773687546,1.746620535850525,1.7605641140420678
7071,8819,8816,0,2.611705908271617,2.6242563724517822,2.601336905452556,2.5980238914489746,2.6119674696405175
7072,8820,8817,0,2.7962209076612656,2.7647483348846436,2.7418288678854172,2.7382113933563232,2.752154971547866
7073,8822,8819,0,1.5419159025877183,1.5866973400115967,1.5637778730123704,1.497620940208435,1.511564518399978
7074,8823,8820,0,1.4683923811643784,1.4861605167388916,1.4632410497396653,1.4234907627105713,1.4374343409021142
7075,8824,8821,0,1.1992213816374009,1.2412383556365967,1.2183188886373704,1.1230474710464478,1.1369910492379907
7076,8826,8823,0,1.0031612009733384,1.0196090936660767,0.9966896266668503,0.9674656391143799,0.9814092173059228
7077,8827,8824,0,1.4386212916105454,1.4914746284484863,1.46855516144926,1.4012994766235352,1.415243054815078
7078,8830,8827,0,0.6257186026304429,0.6706030368804932,0.6476835698812669,0.6952117681503296,0.7091553463418725
7079,8831,8828,0,0.6584487647741502,0.6845990419387817,0.6616795749395554,0.599365234375,0.6133088125665429
7080,8832,8829,0,0.9309610814779465,0.9409475922584534,0.9180281252592271,0.9275132417678833,0.9414568199594262
7081,8834,8831,0,-1.585379472282582,-1.444462537765503,-1.4673820047647292,-1.4578176736831665,-1.4438740954916236
7082,8835,8832,0,1.8504157156675523,1.8990885019302368,1.8761690349310105,1.8657957315444946,1.8797393097360375
7083,8836,8833,0,-1.7968109755784805,-1.8251934051513672,-1.8481128721505935,-1.8511062860488892,-1.8371627078573463
7084,8837,8834,0,0.3992049784391587,0.4868592619895935,0.4639397949903672,0.42045775055885315,0.43440132875039605
7085,8838,8835,0,0.6573014349668687,0.6723378896713257,0.6494184226720994,0.6369460821151733,0.6508896603067162
7086,8839,8836,0,1.7540170044630234,1.833873987197876,1.8109545201986497,1.9975496530532837,2.0114932312448266
7087,8840,8837,0,0.8949169606893723,0.9511266350746155,0.9282071680753892,0.9048185348510742,0.9187621130426171
7088,8842,8839,0,0.8167686552732651,0.7963669300079346,0.7734474630087083,0.7287497520446777,0.7426933302362206
7089,8843,8840,0,1.392133602592296,1.3767032623291016,1.3537837953298753,1.420132040977478,1.434075619169021
7090,8844,8841,0,0.9360226483076279,0.9427753686904907,0.9198559016912644,0.918413519859314,0.9323570980508569
7091,8845,8842,0,0.5985440106123154,0.6379016637802124,0.6149821967809861,0.6008449792861938,0.6147885574777368
7092,8846,8843,0,0.14162715682680058,0.17958813905715942,0.15666867205793308,0.14831799268722534,0.16226157087876825
7093,8849,8846,0,2.2366129250257676,2.2990548610687256,2.2761353940694993,2.21329665184021,2.227240230031753
7094,8851,8848,0,-0.9668025880128677,-0.929581344127655,-0.9525008111268813,-0.9793777465820312,-0.9654341683904883
7095,8852,8849,0,0.05599805498415875,0.03827065974473953,0.015351192745513192,-0.019528694450855255,-0.0055851162593123505
7096,8853,8850,0,-0.8483864574701125,-0.8062092661857605,-0.8291287331849868,-0.824859619140625,-0.8109160409490821
7097,8854,8851,0,1.8974832386701768,1.863332986831665,1.8404135198324387,1.869661808013916,1.883605386205459
7098,8855,8852,0,1.1253416628568833,1.1600902080535889,1.1371707410543626,1.139201283454895,1.153144861646438
7099,8857,8854,0,1.2722731919019883,1.3176172971725464,1.29469783017332,1.2422884702682495,1.2562320484597924
7100,8858,8855,-1,-1.1763483765890776,-1.172730803489685,-1.1956502704889114,-1.1900453567504883,-1.1761017785589454
7101,8859,8856,0,2.4693697781294053,2.527428388595581,2.5045089215963547,2.401292562484741,2.415236140676284
7102,8860,8857,-1,0.7232194658944429,0.7437351942062378,0.7208157272070115,0.7131303548812866,0.7270739330728295
7103,8862,8859,0,0.5362953037946885,0.5299021601676941,0.5069826931684678,0.5189359188079834,0.5328794969995263
7104,8863,8860,0,1.385274538490123,1.4089455604553223,1.386026093456096,1.2973328828811646,1.3112764610727075
7105,8864,8861,0,-0.02127116574054313,-0.07164666801691055,-0.09456613501613689,-0.1201086938381195,-0.1061651156465766
7106,8866,8863,0,1.984443673583812,1.9717938899993896,1.9488744230001633,1.8922375440597534,1.9061811222512963
7107,8867,8864,0,-3.013210168388539,-3.038036584854126,-3.0609560518533523,-3.077983856201172,-3.064040278009629
7108,8868,8865,0,2.0253278107374375,2.047699213027954,2.024779746028728,2.042966365814209,2.056909944005752
7109,8869,8866,0,1.5841633171766465,1.5583860874176025,1.5354666204183762,1.5306493043899536,1.5445928825814965
7110,8870,8867,0,0.7450003118246262,0.7751864194869995,0.7522669524877732,0.6922352313995361,0.706178809591079
7111,8871,8868,0,0.4495934338300889,0.48421934247016907,0.46129987547094276,0.45438456535339355,0.46832814354493646
7112,8872,8869,0,-0.3110160439283187,-0.27804020047187805,-0.30095966747110436,-0.3071909248828888,-0.2932473466913459
7113,8873,8870,0,-1.0744436888963516,-1.0408077239990234,-1.0637271909982497,-1.070583462715149,-1.056639884523606
7114,8874,8871,0,1.1253620476453965,1.1974118947982788,1.1744924277990525,1.1583162546157837,1.1722598328073266
7115,8875,8872,0,-0.9444993644029434,-0.9392890334129333,-0.9622085004121597,-0.9390605688095093,-0.9251169906179664
7116,8877,8874,0,-4.670229306724721,-4.614246368408203,-4.63716583540743,-4.590962886810303,-4.57701930861876
7117,8879,8876,0,0.7307854385107224,0.7353330850601196,0.7124136180608933,0.713133692741394,0.727077270932937
7118,8880,8877,0,3.0943588108747666,3.138209581375122,3.1152901143758958,3.076218366622925,3.0901619448144677
7119,8881,8878,0,1.142194876167125,1.118787169456482,1.0958677024572556,1.1196762323379517,1.1336198105294946
7120,8882,8879,0,-1.0685225634843643,-1.0013445615768433,-1.0242640285760696,-1.0087134838104248,-0.9947699056188819
7121,8883,8880,0,2.8172873348921006,2.8548171520233154,2.831897685024089,2.778635025024414,2.792578603215957
7122,8884,8881,0,0.07623086282903599,0.07056976109743118,0.04765029409820484,0.08466237783432007,0.09860595602586297
7123,8885,8882,0,0.11559653440410542,0.13505074381828308,0.11213127681905674,0.09929455816745758,0.11323813635900049
7124,8886,8883,0,1.8255368561475938,1.8947696685791016,1.8718502015798753,1.779069185256958,1.793012763448501
7125,8887,8884,0,3.0942877621381943,3.1490893363952637,3.1261698693960374,3.0766477584838867,3.0905913366754296
7126,8888,8885,0,0.14728557476694035,0.13145112991333008,0.10853166291410374,0.19075047969818115,0.20469405788972406
7127,8889,8886,0,-3.615592113044911,-3.6394197940826416,-3.662339261081868,-3.5105268955230713,-3.4965833173315284
7128,8890,8887,0,-1.3625891118318374,-1.3758949041366577,-1.398814371135884,-1.3557742834091187,-1.3418307052175757
7129,8891,8888,0,2.478233465644664,2.5004241466522217,2.4775046796529954,2.4153144359588623,2.429258014150405
7130,8894,8891,0,0.4548658520906632,0.4812907874584198,0.4583713204591935,0.45259490609169006,0.46653848428323297
7131,8895,8892,0,1.976179012748546,2.0155463218688965,1.9926268548696702,1.9457764625549316,1.9597200407464745
7132,8896,8893,0,1.539591321441478,1.602170705795288,1.5792512387960618,1.5268609523773193,1.5408045305688622
7133,8897,8894,0,1.030685791465587,1.0786631107330322,1.055743643733806,1.001024603843689,1.0149681820352319
7134,8900,8897,0,0.7562673182218735,0.7509705424308777,0.7280510754316514,0.7136367559432983,0.7275803341348412
7135,8901,8898,0,0.6589419336050217,0.6659842133522034,0.6430647463529771,0.6643731594085693,0.6783167376001122
7136,8902,8899,0,1.1998382897108262,1.2477085590362549,1.2247890920370286,1.2075947523117065,1.2215383305032494
7137,8903,8900,0,-2.321376910713368,-2.251661539077759,-2.274581006076985,-2.2976386547088623,-2.2836950765173194
7138,8905,8902,0,-1.9447688966066177,-1.900158166885376,-1.9230776338846023,-1.9439133405685425,-1.9299697623769996
7139,8906,8903,0,-0.4880820124418075,-0.4874894917011261,-0.5104089587003524,-0.4654805362224579,-0.451536958030915
7140,8908,8905,0,0.902393588516063,0.9923872351646423,0.969467768165416,0.8801664113998413,0.8941099895913842
7141,8909,8906,0,2.1526864857404893,2.230696439743042,2.2077769727438157,2.142195701599121,2.156139279790664
7142,8910,8907,0,1.7033459038465684,1.723179578781128,1.7002601117819016,1.620614767074585,1.6345583452661279
7143,8912,8909,0,-1.8032357602388198,-1.8104660511016846,-1.8333855181009109,-1.7227808237075806,-1.7088372455160377
7144,8913,8910,0,-0.9865918665201003,-0.9933180212974548,-1.0162374882966811,-0.9804333448410034,-0.9664897666494605
7145,8914,8911,0,-0.36268388321703027,-0.39556989073753357,-0.4184893577367599,-0.3953051269054413,-0.3813615487138984
7146,8916,8913,0,1.7198189587324326,1.79445481300354,1.7715353460043137,1.6857824325561523,1.6997260107476952
7147,8917,8914,0,-0.09434639504259182,-0.05976258963346481,-0.08268205663269115,-0.10924644768238068,-0.09530286949083777
7148,8918,8915,0,0.5176079363554185,0.5288658738136292,0.5059464068144028,0.4970160126686096,0.5109595908601525
7149,8920,8917,0,1.380627402755565,1.4323444366455078,1.4094249696462815,1.3725569248199463,1.3865005030114892
7150,8921,8918,0,2.2024241776197617,2.262237787246704,2.239318320247478,2.1898789405822754,2.2038225187738183
7151,8924,8921,0,-0.08269457360809399,-0.08870937675237656,-0.1116288437516029,-0.11009803414344788,-0.09615445595190497
7152,8926,8923,0,-1.3903971820146377,-1.367343783378601,-1.3902632503778274,-1.3876949548721313,-1.3737513766805884
7153,8927,8924,0,0.7256242127149766,0.7479124069213867,0.7249929399221604,0.6572128534317017,0.6711564316232446
7154,8930,8927,0,1.7556670994489854,1.8216602802276611,1.7987408132284348,1.7557016611099243,1.7696452393014672
7155,8932,8929,0,2.145577797385997,2.159140110015869,2.136220643016643,2.150542974472046,2.164486552663589
7156,8933,8930,0,-0.15996152749364925,-0.2034102976322174,-0.22632976463144375,-0.1681976616382599,-0.15425408344671698
7157,8934,8931,0,1.7904117197721665,1.8401180505752563,1.81719858357603,1.77045738697052,1.784400965162063
7158,8935,8932,0,1.4943678469389146,1.4970135688781738,1.4740941018789475,1.4137030839920044,1.4276466621835473
7159,8936,8933,0,1.5202680916517441,1.5480417013168335,1.5251222343176072,1.4776276350021362,1.4915712131936791
7160,8937,8934,0,2.457592138740367,2.460984468460083,2.4380650014608567,2.4170126914978027,2.4309562696893456
7161,8938,8935,0,-0.10266614547079159,-0.061150990426540375,-0.08407045742576671,-0.07849553227424622,-0.06455195408270331
7162,8939,8936,0,1.0436444372862046,1.063736081123352,1.0408166141241257,1.0197008848190308,1.0336444630105737
7163,8940,8937,0,1.7279636950224107,1.7882144451141357,1.7652949781149094,1.7524760961532593,1.7664196743448022
7164,8941,8938,0,-0.05666777333324504,-0.07193205505609512,-0.09485152205532146,-0.09331026673316956,-0.07936668854162665
7165,8942,8939,-1,-1.6071254494955718,-1.6761047840118408,-1.6990242510110671,-1.590329885482788,-1.5763863072912452
7166,8943,8940,0,-3.3494793086320693,-3.420736074447632,-3.443655541446858,-3.3490936756134033,-3.3351500974218604
7167,8944,8941,0,-2.4347721247941787,-2.4740800857543945,-2.496999552753621,-2.4143264293670654,-2.4003828511755225
7168,8945,8942,0,-0.04354244684880328,-0.03889331966638565,-0.06181278666561199,-0.03460210561752319,-0.02065852742598029
7169,8947,8944,0,2.1444193215101426,2.1751110553741455,2.152191588374919,2.092634439468384,2.1065780176599267
7170,8948,8945,0,2.4479471535413926,2.4661738872528076,2.4432544202535813,2.4175851345062256,2.4315287126977685
7171,8949,8946,0,-0.37708049109285424,-0.3895709216594696,-0.4124903886586959,-0.4402322471141815,-0.4262886689226386
7172,8950,8947,0,-2.227225413826161,-2.1531028747558594,-2.1760223417550857,-2.1856210231781006,-2.1716774449865577
7173,8953,8950,0,-0.17693009069269253,-0.1521863043308258,-0.17510577133005215,-0.20530402660369873,-0.19136044841215583
7174,8954,8951,0,-0.0805665387780006,-0.09598904103040695,-0.11890850802963329,-0.0694466233253479,-0.055503045133804996
7175,8956,8953,0,2.291606792899913,2.3422868251800537,2.3193673581808274,2.16286039352417,2.176803971715713
7176,8957,8954,0,-2.6897486357957656,-2.6484224796295166,-2.671341946628743,-2.630500555038452,-2.6165569768469092
7177,8959,8956,0,0.5639950127332871,0.6180633902549744,0.595143923255748,0.5675020217895508,0.5814455999810937
7178,8962,8959,0,-4.510742536094838,-4.588539123535156,-4.611458590534383,-4.490023136138916,-4.476079557947373
7179,8965,8962,0,2.0282727570265,1.995571494102478,1.9726520271032517,2.008955240249634,2.0228988184411767
7180,8966,8963,0,1.135843762847728,1.2129874229431152,1.190067955943889,1.1725594997406006,1.1865030779321435
7181,8967,8964,0,-0.04771786397402835,-0.060478292405605316,-0.08339775940483166,-0.05390086770057678,-0.03995728950903388
7182,8968,8965,0,-2.6552754550248916,-2.7180421352386475,-2.7409616022378738,-2.649613857269287,-2.635670279077744
7183,8969,8966,0,1.9968026966779893,2.0244789123535156,2.0015594453542893,1.953058123588562,1.967001701780105
7184,8971,8968,0,-0.7967784314424331,-0.8044677376747131,-0.8273872046739394,-0.7933171987533569,-0.779373620561814
7185,8972,8969,0,0.517629274818248,0.5126665234565735,0.4897470564573472,0.4834383428096771,0.49738192100122003
7186,8973,8970,0,-1.2993925719529922,-1.22879958152771,-1.2517190485269363,-1.3211923837661743,-1.3072488055746314
7187,8974,8971,0,-0.6524085908204849,-0.6309961080551147,-0.6539155750543411,-0.6432127952575684,-0.6292692170660255
7188,8976,8973,0,-2.585952630546742,-2.5277397632598877,-2.550659230259114,-2.5951035022735596,-2.5811599240820167
7189,8978,8975,0,0.6679968924253648,0.6580008268356323,0.635081359836406,0.599329948425293,0.6132735266168359
7190,8979,8976,0,-0.10621505817478252,-0.07321720570325851,-0.09613667270248485,-0.10560466349124908,-0.09166108529970618
7191,8980,8977,0,-0.5143424778253372,-0.47669342160224915,-0.49961288860147546,-0.5512654781341553,-0.5373218999426124
7192,8982,8979,0,1.6562911362379258,1.67319655418396,1.6502770871847336,1.6345038414001465,1.6484474195916894
7193,8983,8980,0,2.065161594840831,2.0716233253479004,2.048703858348674,2.037513494491577,2.05145707268312
7194,8984,8981,-1,2.2174764391610444,2.3174164295196533,2.294496962520427,2.196751832962036,2.210695411153579
7195,8985,8982,0,2.592437395545787,2.6672818660736084,2.644362399074382,2.5564424991607666,2.5703860773523095
7196,8986,8983,0,-2.0031965880662734,-1.9185783863067627,-1.941497853305989,-1.9906030893325806,-1.9766595111410377
7197,8987,8984,0,0.7232980818479722,0.7639825940132141,0.7410631270139878,0.7443791627883911,0.758322740979934
7198,8989,8986,0,1.9626219362943833,1.9952099323272705,1.9722904653280442,1.9599969387054443,1.9739405168969872
7199,8991,8988,0,1.0539527029722398,1.1181092262268066,1.0951897592275803,1.0594996213912964,1.0734431995828393
7200,8992,8989,0,0.16689119646245884,0.17122814059257507,0.14830867359334873,0.13877128064632416,0.15271485883786706
7201,8993,8990,0,0.6180042118757432,0.6456077694892883,0.622688302490062,0.6323127746582031,0.646256352849746
7202,8995,8992,0,-0.504437318351918,-0.4479438364505768,-0.4708633034498031,-0.5203485488891602,-0.5064049706976173
7203,8996,8993,0,0.7069941849439805,0.6918618083000183,0.668942341300792,0.6529836654663086,0.6669272436578515
7204,8997,8994,0,-2.4261683135301406,-2.44848370552063,-2.471403172519856,-2.3778321743011475,-2.3638885961096046
7205,8998,8995,0,2.0311900467603867,2.0584771633148193,2.035557696315593,2.083761215209961,2.097704793401504
7206,9002,8999,0,1.2971482367246812,1.3685789108276367,1.3456594438284104,1.281180739402771,1.295124317594314
7207,9003,9000,0,2.2203141541212266,2.258986473083496,2.23606700608427,2.1880433559417725,2.2019869341333154
7208,9004,9001,0,2.5881797165601914,2.615238666534424,2.5923191995351975,2.5920534133911133,2.605996991582656
7209,9005,9002,0,-1.795198431518727,-1.835479497909546,-1.8583989649087722,-1.7954295873641968,-1.7814860091726539
7210,9006,9003,0,-2.438436856773549,-2.44655442237854,-2.4694738893777664,-2.4175755977630615,-2.4036320195715186
7211,9007,9004,0,1.0074843258588975,1.0473134517669678,1.0243939847677415,0.9757595062255859,0.9897030844171288
7212,9008,9005,0,1.7776428551405137,1.8133124113082886,1.7903929443090623,1.8225716352462769,1.8365152134378198
7213,9009,9006,0,-1.8248728423387344,-1.8594560623168945,-1.8823755293161208,-1.8292574882507324,-1.8153139100591895
7214,9010,9007,0,0.5610179395406907,0.6171836853027344,0.5942642183035081,0.5325390100479126,0.5464825882394555
7215,9011,9008,0,0.6291554064481919,0.6393805146217346,0.6164610476225083,0.6153206825256348,0.6292642607171777
7216,9012,9009,0,-0.01106858095233989,-0.015635378658771515,-0.038554845657997855,-0.0011777281761169434,0.012765850015425961
7217,9013,9010,0,2.76415241667921,2.8099119663238525,2.7869924993246262,2.753880023956299,2.7678236021478417
7218,9015,9012,0,1.3220162481992905,1.3513433933258057,1.3284239263265794,1.323076605796814,1.3370201839883569
7219,9016,9013,0,1.9228689760893052,1.9780470132827759,1.9551275462835496,1.9076331853866577,1.9215767635782006
7220,9017,9014,0,0.0994622052639191,0.05818063020706177,0.03526116320783543,0.0609142929315567,0.0748578711230996
7221,9018,9015,0,-0.6040071754724319,-0.5666581988334656,-0.5895776658326919,-0.7185676097869873,-0.7046240315954444
7222,9019,9016,0,-0.09872487029140545,-0.08406282216310501,-0.10698228916233135,-0.0641997903585434,-0.05025621216700049
7223,9020,9017,0,0.9535397977560227,1.0284759998321533,1.005556532832927,0.879981517791748,0.893925095983291
7224,9021,9018,0,1.0106974930494492,1.0611010789871216,1.0381816119878953,1.0131057500839233,1.0270493282754662
7225,9022,9019,0,-0.13713415553873134,-0.11784433573484421,-0.14076380273407055,-0.19066539406776428,-0.17672181587622138
7226,9023,9020,0,0.2376317621200745,0.24999675154685974,0.2270772845476334,0.30778753757476807,0.32173111576631097
7227,9024,9021,-1,-0.7550760987570464,-0.6997894644737244,-0.7227089314729507,-0.7783302068710327,-0.7643866286794898
7228,9025,9022,0,-2.003667703178578,-2.0176587104797363,-2.0405781774789626,-1.9875673055648804,-1.9736237273733375
7229,9026,9023,0,-1.7570462136537368,-1.7405027151107788,-1.7634221821100051,-1.7791815996170044,-1.7652380214254615
7230,9028,9025,0,-1.7056512742311294,-1.695824384689331,-1.7187438516885574,-1.7437914609909058,-1.7298478827993629
7231,9029,9026,0,0.7463539333074753,0.7813020348548889,0.7583825678556626,0.7532215118408203,0.7671650900323632
7232,9030,9027,0,0.4761132092207139,0.47316476702690125,0.45024530002767493,0.4313705563545227,0.4453141345460656
7233,9031,9028,0,-0.06672742804592205,0.021091856062412262,-0.001827610936814078,-0.12000830471515656,-0.10606472652361365
7234,9032,9029,0,-1.0246881156236465,-1.0201385021209717,-1.043057969120198,-1.066110372543335,-1.052166794351792
7235,9033,9030,0,-0.03764124428933215,-0.007007978856563568,-0.029927445855789908,-0.08408796787261963,-0.07014438968107672
7236,9034,9031,-1,1.2324772593209565,1.2663366794586182,1.2434172124593919,1.2144653797149658,1.2284089579065087
7237,9035,9032,0,-1.391740670707875,-1.443745493888855,-1.4666649608880813,-1.400890827178955,-1.3869472489874122
7238,9036,9033,0,-1.4427661805421645,-1.4381645917892456,-1.461084058788472,-1.4093393087387085,-1.3953957305471656
7239,9037,9034,0,-1.3741363196641738,-1.396026372909546,-1.4189458399087722,-1.3371304273605347,-1.3231868491689918
7240,9038,9035,0,0.9006223768919175,0.9464148283004761,0.9234953613012498,0.8918306827545166,0.9057742609460595
7241,9039,9036,0,1.238489756080455,1.3032524585723877,1.2803329915731614,1.1741114854812622,1.1880550636728051
7242,9041,9038,-1,1.5579386469552339,1.631852626800537,1.6089331598013108,1.5870317220687866,1.6009753002603295
7243,9042,9039,0,1.7441107125013535,1.7454557418823242,1.722536274883098,1.7060714960098267,1.7200150742013696
7244,9043,9040,0,-3.3161803393632705,-3.262026786804199,-3.2849462538034255,-3.2836804389953613,-3.2697368608038184
7245,9044,9041,0,-2.2135313658983047,-2.3790252208709717,-2.401944687870198,-2.1309592723846436,-2.1170156941931007
7246,9045,9042,-1,-0.1849922421744048,-0.08802121132612228,-0.11094067832534862,-0.1283610463142395,-0.1144174681226966
7247,9046,9043,0,1.163686165305919,1.150724172592163,1.1278047055929368,1.1338640451431274,1.1478076233346703
7248,9047,9044,0,-2.64677344849413,-2.684354305267334,-2.7072737722665603,-2.6583659648895264,-2.6444223866979835
7249,9048,9045,0,0.6178779096334641,0.6643513441085815,0.6414318771093552,0.587133526802063,0.6010771049936059
7250,9049,9046,0,1.081720718833751,1.088995099067688,1.0660756320684617,1.0455979108810425,1.0595414890725854
7251,9050,9047,0,-1.0681433587343032,-1.0799927711486816,-1.102912238147908,-1.0849319696426392,-1.0709883914510963
7252,9051,9048,0,1.5694084257810776,1.5846222639083862,1.56170279690916,1.5494598150253296,1.5634033932168725
7253,9053,9050,0,2.8878508896558945,2.8809726238250732,2.858053156825847,2.8524553775787354,2.8663989557702783
7254,9054,9051,0,1.0734554619520371,1.0482120513916016,1.0252925843923753,0.9900877475738525,1.0040313257653954
7255,9055,9052,0,1.3421324581831162,1.3690471649169922,1.3461276979177659,1.3311461210250854,1.3450896992166284
7256,9056,9053,0,0.12492903480226444,0.18551120162010193,0.1625917346208756,0.10915809869766235,0.12310167688920526
7257,9057,9054,0,-0.20995835056608272,-0.2588273584842682,-0.2817468254834945,-0.1727220118045807,-0.15877843361303778
7258,9058,9055,0,0.16823507258588719,0.18680566549301147,0.16388619849378513,0.17134465277194977,0.18528823096349267
7259,9059,9056,0,1.760241636726207,1.7838413715362549,1.7609219045370286,1.7485214471817017,1.7624650253732446
7260,9060,9057,0,-1.7344137339860732,-1.6646461486816406,-1.687565615680867,-1.7775143384933472,-1.7635707603018043
7261,9061,9058,0,-0.06686322977846218,-0.022566623985767365,-0.045486090984993705,-0.11552409827709198,-0.10158052008554908
7262,9062,9059,0,-2.3509184031755264,-2.2486612796783447,-2.271580746677571,-2.3821675777435303,-2.3682239995519874
7263,9063,9060,0,-0.06449632188385082,-0.06655154377222061,-0.08947101077144695,-0.08526146411895752,-0.07131788592741461
7264,9064,9061,0,2.707046875449962,2.736499786376953,2.713580319377727,2.645132064819336,2.659075643010879
7265,9065,9062,0,1.8538330883711045,1.8831957578659058,1.8602762908666794,1.831470012664795,1.8454135908563378
7266,9066,9063,0,1.1423033566206162,1.1847143173217773,1.161794850322551,1.1661194562911987,1.1800630344827416
7267,9068,9065,0,1.2359711022108262,1.3041269779205322,1.281207510921306,1.240963101387024,1.2549066795785668
7268,9070,9067,0,-0.10179228177373958,-0.09571558982133865,-0.118635056820565,-0.15619641542434692,-0.14225283723280402
7269,9072,9069,0,-2.720767131355458,-2.753131628036499,-2.7760510950357253,-2.722522735595703,-2.70857915740416
7270,9073,9070,0,0.97466928670103,1.0231354236602783,1.000215956661052,0.9244495630264282,0.9383931412179711
7271,9074,9071,0,2.192133316490001,2.2035892009735107,2.1806697339742844,2.152278423309326,2.166222001500869
7272,9075,9072,0,0.054870111587590455,-0.006981216371059418,-0.029900683370285758,0.052991271018981934,0.06693484921052484
7273,9076,9073,0,-1.186060181167775,-1.1244819164276123,-1.1474013834268386,-1.1692129373550415,-1.1552693591634986
7274,9078,9075,0,-1.0865081458360488,-1.0681443214416504,-1.0910637884408767,-1.1046642065048218,-1.0907206283132789
7275,9079,9076,0,1.0859127135008042,1.1703561544418335,1.1474366874426072,1.0656450986862183,1.0795886768777612
7276,9080,9077,0,0.4657744259565537,0.5313673615455627,0.5084478945463364,0.44937342405319214,0.46331700224473504
7277,9081,9078,0,2.46145785758192,2.562269449234009,2.5393499822347825,2.4914205074310303,2.505364085622573
7278,9083,9080,0,-0.37501498153513024,-0.3535093367099762,-0.3764288037092025,-0.3450891375541687,-0.3311455593626258
7279,9084,9081,0,1.0819736809461777,1.173534631729126,1.1506151647298997,1.0519802570343018,1.0659238352258447
7280,9085,9082,0,1.1715842575758164,1.2195994853973389,1.1966800183981126,1.1548678874969482,1.1688114656884911
7281,9086,9083,0,0.37017581770116736,0.4160681962966919,0.3931487292974656,0.3892107903957367,0.4031543685872796
7282,9087,9084,0,0.6955951542585557,0.7223002910614014,0.699380824062175,0.6633033752441406,0.6772469534356835
7283,9088,9085,0,1.2210353703230088,1.275601863861084,1.2526823968618577,1.2316237688064575,1.2455673469980004
7284,9089,9086,0,-3.7078899054796035,-3.7754628658294678,-3.798382332828694,-3.696763277053833,-3.68281969886229
7285,9090,9087,0,-1.5724009185106094,-1.5555675029754639,-1.5784869699746902,-1.5548444986343384,-1.5409009204427955
7286,9091,9088,0,1.7994881958692734,1.7994630336761475,1.7765435666769211,1.755557656288147,1.7695012344796899
7287,9093,9090,0,-0.6049016623765762,-0.5646894574165344,-0.5876089244157607,-0.5952484607696533,-0.5813048825781104
7288,9094,9091,0,1.1832968086927598,1.25167715549469,1.2287576884954636,1.1478358507156372,1.1617794289071801
7289,9095,9092,0,-2.2101672797471816,-2.2451331615448,-2.268052628544026,-2.2764065265655518,-2.262462948374009
7290,9096,9093,0,-1.1976736693651016,-1.1388070583343506,-1.161726525333577,-1.2174910306930542,-1.2035474525015113
7291,9097,9094,0,-2.41119896462267,-2.315763235092163,-2.3386827020913894,-2.34244704246521,-2.328503464273667
7292,9098,9095,0,1.4827324242323106,1.526806354522705,1.5038868875234788,1.4251645803451538,1.4391081585366967
7293,9099,9096,0,-3.0712958483964736,-3.071368455886841,-3.094287922886067,-3.0307023525238037,-3.016758774332261
7294,9100,9097,-1,0.6368172880837739,0.6328727602958679,0.6099532932966416,0.5987272262573242,0.6126708044488671
7295,9102,9099,0,1.1178517431944077,1.1751083135604858,1.1521888465612595,1.136773705482483,1.1507172836740258
7296,9103,9100,0,1.2153357357710068,1.2068341970443726,1.1839147300451462,1.1848589181900024,1.1988024963815453
7297,9104,9101,0,0.11465669581586765,0.16210174560546875,0.1391822786062424,0.05975066125392914,0.07369423944547204
7298,9107,9104,0,1.8455150217741196,1.9169890880584717,1.8940696210592454,1.8319283723831177,1.8458719505746606
7299,9108,9105,0,-0.43228392889803,-0.3682740032672882,-0.3911934702665145,-0.4511156380176544,-0.4371720598261115
7300,9110,9107,0,0.1495125086038773,0.1777200996875763,0.15480063268834995,0.2181643396615982,0.2321079178531411
7301,9111,9108,0,0.9656394810407822,0.9991769194602966,0.9762574524610703,0.8950484991073608,0.9089920772989037
7302,9112,9109,0,0.6433435768812363,0.6309162974357605,0.6079968304365342,0.6358816623687744,0.6498252405603173
7303,9116,9113,0,-1.8454611211091811,-1.7768175601959229,-1.7997370271951492,-1.875907301902771,-1.861963723711228
7304,9117,9114,0,-1.3928080706865127,-1.3609733581542969,-1.3838928251535232,-1.3567496538162231,-1.3428060756246802
7305,9118,9115,0,1.2139563650816148,1.2632744312286377,1.2403549642294114,1.2539713382720947,1.2679149164636376
7306,9120,9117,-1,-2.3355747941305816,-2.3243722915649414,-2.3472917585641677,-2.379678964614868,-2.3657353864233253
7307,9121,9118,0,1.936005362960643,1.9341967105865479,1.9112772435873215,1.9256759881973267,1.9396195663888696
7308,9122,9119,0,2.5001598686903184,2.551107168197632,2.5281877011984055,2.4980297088623047,2.5119732870538476
7309,9124,9121,0,1.7681400866239732,1.8079423904418945,1.7850229234426682,1.73170006275177,1.745643640943313
7310,9125,9122,0,-1.6520185380250747,-1.5872395038604736,-1.6101589708597,-1.6661838293075562,-1.6522402511160132
7311,9126,9123,0,-0.05947873210614276,-0.02247711271047592,-0.04539657970970226,-0.08059361577033997,-0.06665003757879706
7312,9127,9124,0,-0.3471161930829818,-0.29346176981925964,-0.31638123681848596,-0.3519648313522339,-0.338021253160691
7313,9128,9125,0,-1.2068642287523086,-1.2527713775634766,-1.2756908445627029,-1.2293349504470825,-1.2153913722555396
7314,9129,9126,0,1.5814485640257065,1.641343116760254,1.6184236497610276,1.550134539604187,1.56407811779573
7315,9130,9127,0,1.8269070477216904,1.8843259811401367,1.8614065141409104,1.8169769048690796,1.8309204830606225
7316,9131,9128,0,2.024216064903087,2.034830331802368,2.011910864803142,1.9724048376083374,1.9863484157998803
7317,9132,9129,0,-1.963901749160939,-1.8581167459487915,-1.8810362129480178,-2.0285375118255615,-2.0145939336340186
7318,9133,9130,0,0.18783962139779972,0.19209668040275574,0.1691772134035294,0.1363321840763092,0.1502757622678521
7319,9134,9131,0,2.1037739605634873,2.09942889213562,2.076509425136394,2.0854828357696533,2.0994264139611962
7320,9135,9132,0,-5.531840672996694,-5.607539176940918,-5.630458643940145,-5.3808674812316895,-5.3669239030401465
7321,9136,9133,0,1.422325262519664,1.4750620126724243,1.452142545673198,1.3950141668319702,1.4089577450235131
7322,9137,9134,0,0.4077458173959916,0.4286428987979889,0.4057234317987626,0.4136998951435089,0.4276434733350518
7323,9138,9135,0,-1.4383571057588393,-1.48557448387146,-1.5084939508706863,-1.4863094091415405,-1.4723658309499976
7324,9139,9136,0,2.2182546944349473,2.2278389930725098,2.2049195260732835,2.187192678451538,2.201136256643081
7325,9140,9137,0,2.7401274533003037,2.734894037246704,2.711974570247478,2.709231376647949,2.723174954839492
7326,9141,9138,0,0.5080383510320847,0.5120574235916138,0.48913795659238746,0.3780362010002136,0.3919797791917565
7327,9142,9139,0,0.973858067485637,0.9800289869308472,0.9571095199316209,0.9886369705200195,1.0025805487115624
7328,9144,9141,0,1.2952947706907456,1.3147579431533813,1.291838476154155,1.2553519010543823,1.2692954792459252
7329,9145,9142,0,0.6152489871710007,0.6567052006721497,0.6337857336729233,0.6208524703979492,0.6347960485894921
7330,9146,9143,0,1.3940901846616929,1.4224722385406494,1.399552771541423,1.3019838333129883,1.3159274115045312
7331,9147,9144,0,2.4053377003400986,2.4733588695526123,2.450439402553386,2.417750835418701,2.431694413610244
7332,9148,9145,0,-1.0974340348512466,-1.0600826740264893,-1.0830021410257156,-1.090635061264038,-1.0766914830724952
7333,9149,9146,0,0.9420689434736436,0.9584842920303345,0.9355648250311082,0.9000726938247681,0.914016272016311
7334,9151,9148,0,-0.11485165944402767,-0.12953829765319824,-0.15245776465242458,-0.12548828125,-0.1115447030584571
7335,9152,9149,0,-6.079272618797475,-6.1177263259887695,-6.140645792987996,-6.005422115325928,-5.991478537134385
7336,9153,9150,0,0.6320907563894456,0.6484319567680359,0.6255124897688096,0.6745902299880981,0.688533808179641
7337,9154,9151,0,-2.5827184825212295,-2.5847127437591553,-2.6076322107583816,-2.550662040710449,-2.5367184625189063
7338,9155,9152,-1,0.9752403017709077,0.9975200295448303,0.974600562545604,0.928500771522522,0.9424443497140649
7339,9156,9153,0,0.3848762602537339,0.3658231198787689,0.3429036528795426,0.3064308762550354,0.3203744544465783
7340,9157,9154,0,-2.184758773353749,-2.1388862133026123,-2.1618056803018386,-2.1444990634918213,-2.1305554853002784
7341,9158,9155,0,0.4466253609388535,0.48524507880210876,0.46232561180288245,0.3651874363422394,0.3791310145337823
7342,9159,9156,-2,-0.3836607791255542,-0.3768417239189148,-0.3997611909181411,-0.45430251955986023,-0.4403589413683173
7343,9161,9158,0,1.2880562634199326,1.3005095720291138,1.2775901050298875,1.282220482826233,1.2961640610177758
7344,9162,9159,0,0.25644145319158484,0.2591518759727478,0.23623240897352146,0.18819154798984528,0.20213512618138818
7345,9163,9160,0,0.7851647824972336,0.8059103488922119,0.7829908818929856,0.818874716758728,0.8328182949502709
7346,9165,9162,0,1.9996725411146348,2.008897066116333,1.9859775991171067,1.955373764038086,1.9693173422296288
7347,9167,9164,0,-0.7200967579156692,-0.7098059058189392,-0.7327253728181655,-0.7546648979187012,-0.7407213197271583
7348,9168,9165,0,2.3692630619733994,2.4278318881988525,2.4049124211996262,2.327385187149048,2.3413287653405908
7349,9169,9166,0,-2.2669464259416396,-2.1224818229675293,-2.1454012899667556,-2.579965591430664,-2.566022013239121
7350,9172,9169,0,0.25147990295583655,0.27176129817962646,0.24884183118040012,0.2440919578075409,0.2580355359990838
7351,9173,9170,0,1.5947767586439316,1.598719835281372,1.5758003682821458,1.6067445278167725,1.6206881060083154
7352,9174,9171,0,-0.30702274134462426,-0.30576205253601074,-0.32868151953523705,-0.33901247382164,-0.3250688956300971
7353,9176,9173,0,0.045582839938945054,0.0019570812582969666,-0.020962385740929373,0.02815767377614975,0.042101251967692654
7354,9179,9176,0,-0.30660667112176965,-0.23042398691177368,-0.253343453911,-0.2969515025615692,-0.2830079243700263
7355,9180,9177,0,-0.7209949403077895,-0.7307413816452026,-0.753660848644429,-0.7122986316680908,-0.6983550534765479
7356,9181,9178,0,1.7814753145902817,1.8495426177978516,1.8266231507986253,1.7427135705947876,1.7566571487863305
7357,9182,9179,-1,1.8746501919457734,1.9272689819335938,1.9043495149343674,1.876181960105896,1.890125538297439
7358,9183,9180,0,-1.7916290669709976,-1.833733320236206,-1.8566527872354324,-1.8940292596817017,-1.8800856814901588
7359,9184,9181,0,0.7944155425756638,0.8083456158638,0.7854261488645737,0.7910305261611938,0.8049741043527368
7360,9185,9182,0,0.5786183566778367,0.593646228313446,0.5707267613142197,0.5919250249862671,0.60586860317781
7361,9186,9183,0,-0.05266169300382686,-0.0059671550989151,-0.02888662209814144,-0.06312963366508484,-0.049186055473541934
7362,9187,9184,0,1.8606028647154038,1.9068641662597656,1.8839446992605393,1.8171851634979248,1.8311287416894677
7363,9188,9185,0,-4.438387742546254,-4.364174842834473,-4.387094309833699,-4.3246684074401855,-4.310724829248643
7364,9189,9186,0,2.0039016098707383,2.0417182445526123,2.018798777553386,1.9628510475158691,1.976794625707412
7365,9192,9189,0,2.5853537411421006,2.6211063861846924,2.598186919185466,2.526087522506714,2.5400311006982568
7366,9194,9191,0,-0.7449194102556045,-0.6941960453987122,-0.7171155123979385,-0.707189679145813,-0.6932461009542701
7367,9196,9193,0,-0.7541486530572707,-0.7334033846855164,-0.7563228516847427,-0.722989559173584,-0.7090459809820411
7368,9198,9195,0,1.7572231383054917,1.764970064163208,1.7420505971639817,1.7414754629135132,1.755419041105056
7369,9199,9196,0,1.1570431084364121,1.1995123624801636,1.1765928954809373,1.091429591178894,1.105373169370437
7370,9200,9197,0,0.557807931396312,0.525625467300415,0.5027060003011887,0.5010377168655396,0.5149812950570825
7371,9201,9198,0,-1.1464868693620498,-1.145521640777588,-1.1684411077768142,-1.1835485696792603,-1.1696049914877173
7372,9203,9200,0,2.2897867054670518,2.331834077835083,2.3089146108358567,2.247079610824585,2.261023189016128
7373,9204,9201,0,2.5060526222913926,2.502652883529663,2.4797334165304368,2.4406752586364746,2.4546188368280175
7374,9206,9203,0,1.2591766209333604,1.2647919654846191,1.2418724984853928,1.2451215982437134,1.2590651764352563
7375,9207,9204,0,0.9468193740575974,1.011888027191162,0.9889685601919358,0.9227159023284912,0.9366594805200341
7376,9209,9206,0,2.1283460945814316,2.151130437850952,2.128210970851726,2.130742311477661,2.144685889669204
7377,9210,9207,0,1.365722069236583,1.4110321998596191,1.3881127328603928,1.3358010053634644,1.3497445835550073
7378,9211,9208,0,2.5267483086317246,2.5132968425750732,2.490377375575847,2.489367723464966,2.5033113016565087
7379,9213,9210,0,-0.366084536817723,-0.3731936812400818,-0.3961131482393081,-0.3710937798023224,-0.3571502016107795
7380,9214,9211,0,-1.3158208041459853,-1.3197987079620361,-1.3427181749612624,-1.3296033143997192,-1.3156597362081763
7381,9215,9212,0,-1.5294539838105972,-1.5862841606140137,-1.60920362761324,-1.5721429586410522,-1.5581993804495093
7382,9216,9213,0,-2.0643604903489883,-2.039293050765991,-2.0622125177652175,-2.078062057495117,-2.0641184793035743
7383,9217,9214,0,1.2931586594312852,1.323625087738037,1.3007056207388108,1.234904408454895,1.248847986646438
7384,9218,9215,0,1.6055059523313706,1.6049803495407104,1.5820608825414841,1.6145598888397217,1.6285034670312646
7385,9219,9216,0,0.9113514513700669,0.905888557434082,0.8829690904348557,0.8074535131454468,0.8213970913369897
7386,9220,9217,0,-1.5875480084688003,-1.5968878269195557,-1.619807293918782,-1.557893991470337,-1.543950413278794
7387,9221,9218,0,1.4965696425169175,1.623356580734253,1.6004371137350266,1.5531002283096313,1.5670438065011743
7388,9222,9219,0,1.7761255593031113,1.8003864288330078,1.7774669618337815,1.7462302446365356,1.7601738228280785
7389,9223,9220,0,1.3475623221128648,1.3068925142288208,1.2839730472295945,1.3595919609069824,1.3735355390985253
7390,9224,9221,-1,-1.647580313997525,-1.6045039892196655,-1.6274234562188918,-1.6203607320785522,-1.6064171538870093
7391,9226,9223,0,-3.5210069327623184,-3.5602200031280518,-3.583139470127278,-3.553231716156006,-3.539288137964463
7392,9227,9224,0,1.1919318527906602,1.2083089351654053,1.185389468166179,1.162023901939392,1.175967480130935
7393,9228,9225,0,0.797555098029918,0.8510117530822754,0.8280922860830491,0.785392165184021,0.7993357433755639
7394,9229,9226,0,2.8720942826002305,2.94311785697937,2.920198389980144,2.8649981021881104,2.8789416803796533
7395,9231,9228,0,-0.3631650119096572,-0.3477141559123993,-0.3706336229116256,-0.3105357885360718,-0.2965922103445289
7396,9232,9229,0,0.4511469096868699,0.5160332918167114,0.4931138248174851,0.43674787878990173,0.45069145698144464
7397,9233,9230,0,-0.19874267866914822,-0.15877476334571838,-0.18169423034494472,-0.19304487109184265,-0.17910129290029975
7398,9234,9231,0,-1.5631906895906265,-1.504958152770996,-1.5278776197702224,-1.5476480722427368,-1.533704494051194
7399,9235,9232,0,-5.540473332908803,-5.576623439788818,-5.599542906788045,-5.412234783172607,-5.3982912049810645
7400,9236,9233,0,0.36526466319257667,0.4210730493068695,0.3981535823076432,0.3530854284763336,0.3670290066678765
7401,9238,9235,0,2.6999584526746934,2.798596143722534,2.775676676723308,2.7152187824249268,2.7291623606164697
7402,9239,9236,0,1.5239266247480576,1.562894582748413,1.5399751157491868,1.433658480644226,1.447602058835769
7403,9240,9237,0,0.9427929610937302,0.9559347629547119,0.9330152959554856,0.8990190029144287,0.9129625811059716
7404,9241,9238,0,-2.0748828559190566,-2.0545692443847656,-2.077488711383992,-2.0243349075317383,-2.0103913293401954
7405,9242,9239,0,1.8421223253935044,1.896888256072998,1.8739687890737717,1.8323798179626465,1.8463233961541894
7406,9243,9240,0,0.5696208567350571,0.624546468257904,0.6016270012586777,0.5594944953918457,0.5734380735833886
7407,9244,9241,0,-0.23406336298292232,-0.27168604731559753,-0.29460551431482385,-0.23266562819480896,-0.21872205000326606
7408,9245,9242,-1,1.711459827108127,1.86972975730896,1.8468102903097336,1.7593497037887573,1.7732932819803002
7409,9246,9243,0,2.215194830390758,2.2185943126678467,2.1956748456686204,2.1708436012268066,2.1847871794183495
7410,9248,9245,0,0.0052468131288354375,0.04686030000448227,0.02394083300525593,0.005043655633926392,0.018987233825469296
7411,9249,9246,0,1.3944695086210435,1.404118299484253,1.3811988324850266,1.372578501701355,1.3865220798928979
7412,9250,9247,0,-1.3694044261247451,-1.3332202434539795,-1.3561397104532058,-1.3415206670761108,-1.327577088884568
7413,9251,9248,0,0.6315825075834458,0.6394959092140198,0.6165764422147935,0.5950031280517578,0.6089467062433007
7414,9253,9250,0,0.9940121860235398,0.9429654479026794,0.9200459809034531,0.9645174741744995,0.9784610523660424
7415,9254,9251,0,0.28486351082021644,0.2986578643321991,0.2757383973329728,0.29866135120391846,0.31260492939546136
7416,9255,9252,0,0.14024128923112797,0.1853102743625641,0.16239080736333775,0.16720783710479736,0.18115141529634027
7417,9256,9253,0,-3.4063409476548965,-3.438180685043335,-3.4611001520425613,-3.4368486404418945,-3.4229050622503516
7418,9259,9256,0,-1.645773759391957,-1.632021188735962,-1.6549406557351882,-1.5822566747665405,-1.5683130965749976
7419,9260,9257,0,2.371956715080089,2.4329705238342285,2.410051056835002,2.323085308074951,2.337028886266494
7420,9261,9258,0,2.455114969703502,2.548633575439453,2.525714108440227,2.451154947280884,2.4650985254724267
7421,9262,9259,0,1.1475148291319077,1.230590581893921,1.2076711148946946,1.1116775274276733,1.1256211056192162
7422,9264,9261,0,-1.5333192258149917,-1.528944730758667,-1.5518641977578933,-1.4756110906600952,-1.4616675124685523
7423,9265,9262,0,1.715343126746959,1.724839210510254,1.7019197435110276,1.6593366861343384,1.6732802643258813
7424,9266,9263,0,0.7124153465955918,0.7351364493370056,0.7122169823377793,0.6924388408660889,0.7063824190576318
7425,9268,9265,-1,-5.015959430055874,-5.040182113647461,-5.063101580646688,-4.951071262359619,-4.937127684168076
7426,9269,9266,0,1.3242623896330064,1.3632277250289917,1.3403082580297654,1.3033266067504883,1.3172701849420312
7427,9270,9267,0,0.81213665911848,0.8610219955444336,0.8381025285452073,0.7995390892028809,0.8134826673944238
7428,9271,9268,0,0.701902398559398,0.7016029953956604,0.6786835283964341,0.6546345949172974,0.6685781731088403
7429,9272,9269,0,0.13183712372476505,0.15122967958450317,0.12831021258527683,0.10868483781814575,0.12262841600968866
7430,9273,9270,0,1.903957137557811,1.9183192253112793,1.895399758312053,1.8731614351272583,1.8871050133188012
7431,9275,9272,-1,0.5814965483376802,0.6577023863792419,0.6347829193800156,0.5985962152481079,0.6125397934396508
7432,9276,9273,0,-0.06120884260242534,0.018968336284160614,-0.003951130715065726,-0.05393156409263611,-0.039987985901093204
7433,9277,9274,0,-1.0332776217729385,-1.0207545757293701,-1.0436740427285964,-1.0305582284927368,-1.016614650301194
7434,9279,9276,0,-1.7035877614290054,-1.6926616430282593,-1.7155811100274856,-1.6986368894577026,-1.6846933112661597
7435,9280,9277,0,1.3366419167249863,1.4089999198913574,1.386080452892131,1.3297096490859985,1.3436532272775414
7436,9282,9279,0,0.11289922306234287,0.14142298698425293,0.11850351998502659,0.11216144263744354,0.12610502082898645
7437,9284,9281,0,1.0797246784895127,1.059685230255127,1.0367657632559006,1.0817638635635376,1.0957074417550805
7438,9285,9282,0,-2.045565238502675,-2.01004958152771,-2.0329690485269363,-2.0197408199310303,-2.0057972417394874
7439,9286,9283,0,-3.000310769584828,-3.0407352447509766,-3.063654711750203,-3.038498640060425,-3.024555061868882
7440,9287,9284,0,2.1888851017683213,2.1786224842071533,2.155703017207927,2.1813549995422363,2.1952985777337792
7441,9289,9286,0,0.16690855631524967,0.17425236105918884,0.1513328940599625,0.21352708339691162,0.22747066158845453
7442,9290,9287,-1,-0.8793741944601714,-0.8799707293510437,-0.90289019635027,-0.9326245784759521,-0.9186810002844092
7443,9291,9288,0,-2.6179174094468887,-2.6495983600616455,-2.672517827060872,-2.5707859992980957,-2.556842421106553
7444,9292,9289,0,-3.178290954139882,-3.2122514247894287,-3.235170891788655,-3.0839731693267822,-3.0700295911352393
7445,9293,9290,0,-4.0600522666246235,-4.111591815948486,-4.134511282947713,-4.045304298400879,-4.031360720209336
7446,9294,9291,0,1.3936424345701401,1.442269206047058,1.4193497390478318,1.4363484382629395,1.4502920164544824
7447,9295,9292,0,2.0261305660932725,2.0653882026672363,2.04246873566801,2.0556225776672363,2.0695661558587792
7448,9296,9293,0,-0.5860920458108718,-0.5439622402191162,-0.5668817072183425,-0.565510630607605,-0.5515670524160621
7449,9297,9294,0,-2.0981529860765273,-2.0683252811431885,-2.091244748142415,-2.0126845836639404,-1.9987410054723975
7450,9298,9295,0,1.1796418518751328,1.2104315757751465,1.1875121087759202,1.188482642173767,1.20242622036531
7451,9299,9296,0,0.9486185998647874,0.990820586681366,0.9679011196821397,0.9692565202713013,0.9832000984628442
7452,9300,9297,0,-1.0237088113099868,-1.090909481048584,-1.1138289480478103,-1.1396375894546509,-1.125694011263108
7453,9302,9299,0,0.9635951609342759,1.0119881629943848,0.9890686959951585,1.1135448217391968,1.1274883999307397
7454,9303,9300,0,-2.999068608787709,-2.9803855419158936,-3.00330500891512,-2.992255449295044,-2.978311871103501
7455,9304,9301,0,-1.9851599841386611,-1.98250412940979,-2.0054235964090164,-2.06091046333313,-2.046966885141587
7456,9305,9302,0,-0.19149281671350551,-0.18743613362312317,-0.2103556006223495,-0.18137845396995544,-0.16743487577841254
7457,9306,9303,0,-3.2298294215471084,-3.2568142414093018,-3.279733708408528,-3.1390388011932373,-3.1250952230016944
7458,9307,9304,0,1.26416564891035,1.2929295301437378,1.2700100631445115,1.27042818069458,1.284371758886123
7459,9308,9305,-1,0.5745039698312104,0.6013013124465942,0.5783818454473679,0.5416703224182129,0.5556139006097558
7460,9309,9306,0,0.978329548332042,1.0171514749526978,0.9942320079534714,0.9433516263961792,0.9572952045877221
7461,9310,9307,0,0.09449316719467091,0.11267184466123581,0.08975237766200947,0.05560725927352905,0.06955083746507196
7462,9311,9308,-1,1.784877133054477,1.7812106609344482,1.758291193935222,1.8224561214447021,1.836399699636245
7463,9312,9309,0,1.4586036295622056,1.4956653118133545,1.4727458448141282,1.4225395917892456,1.4364831699807885
7464,9315,9312,0,2.2476393074720566,2.2868669033050537,2.2639474363058274,2.161818742752075,2.175762320943618
7465,9316,9313,0,-3.9962578921586807,-4.0349507331848145,-4.057870200184041,-3.978295087814331,-3.964351509622788
7466,9317,9314,0,2.344662317725963,2.3866732120513916,2.3637537450521653,2.3459339141845703,2.359877492376113
7467,9318,9315,0,-1.382895341423207,-1.3341573476791382,-1.3570768146783645,-1.3685203790664673,-1.3545768008749244
7468,9320,9317,0,2.354470619651622,2.386688232421875,2.3637687654226487,2.264559745788574,2.278503323980117
7469,9321,9318,0,2.598993429633922,2.5985889434814453,2.575669476482219,2.567678451538086,2.581622029729629
7470,9323,9320,0,-0.6022433548242385,-0.5300073027610779,-0.5529267697603042,-0.6486266851425171,-0.6346831069509742
7471,9324,9321,0,2.399169334861583,2.397869348526001,2.3749498815267747,2.351898670196533,2.365842248388076
7472,9325,9322,0,-0.5341678767473037,-0.5581384301185608,-0.5810578971177871,-0.5241632461547852,-0.5102196679632423
7473,9327,9324,0,1.2408886046140855,1.2426211833953857,1.2197017163961594,1.2545617818832397,1.2685053600747827
7474,9328,9325,0,0.5050990075796311,0.5229100584983826,0.49999059149915626,0.37924912571907043,0.39319270391061334
7475,9329,9326,0,1.3984981865614121,1.421910285949707,1.3989908189504807,1.3548084497451782,1.3687520279367211
7476,9330,9327,0,-0.6380785017282302,-0.5860121250152588,-0.6089315920144851,-0.6699434518814087,-0.6559998736898658
7477,9331,9328,0,-0.8367465048105056,-0.7959882616996765,-0.8189077286989028,-0.8300780057907104,-0.8161344275991675
7478,9332,9329,0,0.9253688544958298,0.9193012118339539,0.8963817448347275,0.8873344659805298,0.9012780441720727
7479,9333,9330,0,-2.462527146843129,-2.4660990238189697,-2.489018490818196,-2.489062547683716,-2.475118969492173
7480,9335,9332,0,-1.026675334480458,-0.9938936829566956,-1.0168131499559219,-1.041831612586975,-1.0278880343954322
7481,9336,9333,0,2.0637396664350693,2.121795654296875,2.0988761872976487,2.02618670463562,2.040130282827163
7482,9337,9334,0,-1.6813475995332534,-1.6835850477218628,-1.706504514721089,-1.6660772562026978,-1.6521336780111548
7483,9338,9335,0,0.2185846657484238,0.25786834955215454,0.2349488825529282,0.19011300802230835,0.20405658621385125
7484,9339,9336,0,-2.0635653643876846,-2.0689103603363037,-2.09182982733553,-2.0708439350128174,-2.0569003568212745
7485,9340,9337,0,-0.013512307126873258,0.0901983305811882,0.06727886358196186,-0.036380283534526825,-0.02243670534298392
7486,9341,9338,0,-3.347274175193959,-3.390380620956421,-3.413300087955647,-3.3573031425476074,-3.3433595643560645
7487,9344,9341,0,2.080948481056041,2.122115135192871,2.099195668193645,2.051161527633667,2.06510510582521
7488,9345,9342,0,0.6583042831152146,0.6954691410064697,0.6725496740072434,0.5980689525604248,0.6120125307519677
7489,9346,9343,0,0.466626325342006,0.5310685634613037,0.5081490964620774,0.5236988067626953,0.5376423849542382
7490,9347,9344,0,0.8041654915540879,0.8485139608383179,0.8255944938390916,0.8117836713790894,0.8257272495706323
7491,9348,9345,0,-2.6152979045183,-2.581162214279175,-2.604081681278401,-2.5929763317108154,-2.5790327535192725
7492,9349,9346,0,-5.898269525077993,-6.003972053527832,-6.026891520527059,-5.88318395614624,-5.869240377954697
7493,9350,9347,0,2.587749609443492,2.627516031265259,2.6045965642660325,2.5811080932617188,2.5950516714532617
7494,9351,9348,0,1.8700084776609605,1.9212543964385986,1.8983349294393723,1.8277819156646729,1.8417254938562158
7495,9353,9350,0,0.03812910402113843,0.020864568650722504,-0.0020548983485038363,0.027179226279258728,0.04112280447080163
7496,9354,9351,0,-1.5395342021257217,-1.503493070602417,-1.5264125376016433,-1.5231060981750488,-1.509162519983506
7497,9355,9352,0,0.9294136852949326,0.9779154658317566,0.9549959988325303,0.881709098815918,0.8956526770074609
7498,9356,9353,0,-0.21329145720308376,-0.17619428038597107,-0.1991137473851974,-0.2489834725856781,-0.2350398943941352
7499,9357,9354,0,0.6187894434660142,0.638157308101654,0.6152378411024277,0.5610650777816772,0.5750086559732202
7500,9358,9355,0,1.190754184219188,1.2279077768325806,1.2049883098333543,1.178131341934204,1.192074920125747
7501,9359,9356,0,-0.08855782291000439,-0.08747691661119461,-0.11039638361042095,-0.06581762433052063,-0.051874046138977725
7502,9360,9357,0,-2.053518882301503,-2.01086688041687,-2.0337863474160964,-2.047330617904663,-2.03338703971312
7503,9362,9359,0,0.6871011943548386,0.7087582945823669,0.6858388275831406,0.680014967918396,0.6939585461099389
7504,9363,9360,0,-1.690493693855458,-1.6605045795440674,-1.6834240465432937,-1.6924954652786255,-1.6785518870870826
7505,9364,9361,0,-0.8501830010682876,-0.8283328413963318,-0.8512523083955581,-0.7813061475753784,-0.7673625693838355
7506,9365,9362,0,2.1810325474470322,2.2261159420013428,2.2031964750021165,2.131955146789551,2.1458987249810937
7507,9366,9363,0,2.002992758247203,2.0576839447021484,2.034764477702922,1.9677766561508179,1.9817202343423608
7508,9369,9366,0,1.0034523100584214,1.0576863288879395,1.0347668618887131,0.968964695930481,0.9829082741220239
7509,9370,9367,0,1.2558126539915269,1.2893747091293335,1.2664552421301072,1.2517114877700806,1.2656550659616235
7510,9371,9368,0,1.3497821182935898,1.399968147277832,1.3770486802786057,1.3955761194229126,1.4095196976144555
7511,9372,9369,0,1.5878353209226792,1.607006549835205,1.5840870828359788,1.585021734237671,1.5989653124292138
7512,9373,9370,0,1.5654367298811143,1.623615026473999,1.6006955594747727,1.5205110311508179,1.5344546093423608
7513,9374,9371,0,-1.030975928810292,-0.9893731474876404,-1.0122926144868667,-0.9940766096115112,-0.9801330314199683
7514,9377,9374,0,-1.7409459262162978,-1.75260329246521,-1.7755227594644363,-1.7260066270828247,-1.7120630488912818
7515,9378,9375,0,0.9460271091192429,0.9834930896759033,0.960573622676677,0.8811932802200317,0.8951368584115746
7516,9379,9376,0,-0.19059688439672542,-0.11963485926389694,-0.14255432626312328,-0.22283509373664856,-0.20889151554510565
7517,9380,9377,0,-0.47815512707536767,-0.4736613929271698,-0.4965808599263961,-0.5480886697769165,-0.5341450915853736
7518,9381,9378,0,-5.711361756828481,-5.772960186004639,-5.795879653003865,-5.650266647338867,-5.636323069147324
7519,9382,9379,0,1.124547728988475,1.1692783832550049,1.1463589162557786,1.1427503824234009,1.1566939606149438
7520,9383,9380,0,1.985036501380748,1.988600254058838,1.9656807870596116,1.9101566076278687,1.9241001858194116
7521,9384,9381,0,0.30193586060697486,0.32482630014419556,0.30190683314496924,0.32097506523132324,0.33491864342286615
7522,9386,9383,0,-0.24883738746946407,-0.24678519368171692,-0.26970466068094323,-0.22519919276237488,-0.21125561457083197
7523,9387,9384,0,-0.8141656427652175,-0.8000975847244263,-0.8230170517236526,-0.8078204393386841,-0.7938768611471412
7524,9388,9385,0,-2.431786885765248,-2.481760263442993,-2.5046797304422195,-2.407533884048462,-2.393590305856919
7525,9390,9387,0,0.0669934616416161,0.13513240218162537,0.11221293518239903,0.06878377497196198,0.08272735316350488
7526,9391,9388,-1,-2.271099734621304,-2.2729201316833496,-2.295839598682576,-2.2998530864715576,-2.2859095082800147
7527,9392,9389,0,1.7996680826872056,1.8013935089111328,1.7784740419119065,1.754972219467163,1.768915797658706
7528,9393,9390,0,-0.08048438122575832,-0.044977329671382904,-0.06789679667060924,-0.08159279823303223,-0.06764922004148932
7529,9396,9393,0,0.20429214248353886,0.23883488774299622,0.21591542074376988,0.14990536868572235,0.16384894687726526
7530,9398,9395,0,-1.449631443527394,-1.3852094411849976,-1.4081289081842239,-1.3922353982925415,-1.3782918201009986
7531,9399,9396,0,0.9953301043241685,0.9973841309547424,0.9744646639555161,0.939855694770813,0.9537992729623559
7532,9400,9397,0,1.1084392161100571,1.1547281742095947,1.1318087072103684,1.0890535116195679,1.1029970898111108
7533,9402,9399,0,1.2192155213087266,1.282109260559082,1.2591897935598557,1.2145131826400757,1.2284567608316186
7534,9404,9401,0,-0.5055643825799758,-0.41826680302619934,-0.44118627002542565,-0.49111679196357727,-0.47717321377203437
7535,9405,9402,0,0.7155037612646287,0.7304829955101013,0.707563528510875,0.7276726961135864,0.7416162743051293
7536,9406,9403,0,-5.87635075142687,-5.813787460327148,-5.836706927326375,-5.88909387588501,-5.875150297693467
7537,9408,9405,0,0.43083826610738685,0.4653676450252533,0.442448178026027,0.4146063029766083,0.4285498811681512
7538,9409,9406,0,2.471418032142467,2.474220037460327,2.451300570461101,2.401768445968628,2.415712024160171
7539,9410,9407,0,0.4972909481256669,0.548731803894043,0.5258123368948167,0.44165724515914917,0.4556008233506921
7540,9411,9408,0,-0.25471009900873254,-0.20769307017326355,-0.2306125371724899,-0.21862870454788208,-0.20468512635633918
7541,9412,9409,0,0.3429143221109574,0.3419877886772156,0.31906832167798926,0.2085357904434204,0.22247936863496331
7542,9413,9410,0,0.8761896581381028,0.9612231850624084,0.9383037180631821,0.8671175241470337,0.8810611023385766
7543,9414,9411,0,1.1202693075864976,1.1544162034988403,1.131496736499614,1.0787442922592163,1.0926878704507592
7544,9415,9412,0,-0.18913278570478512,-0.17893090844154358,-0.20185037544076992,-0.19594335556030273,-0.18199977736875983
7545,9417,9414,0,0.13058642456228184,0.16293823719024658,0.14001877019102024,0.08638671785593033,0.10033029604747323
7546,9418,9415,0,-2.4725118785173232,-2.444828748703003,-2.4677482157022292,-2.4248602390289307,-2.4109166608373878
7547,9419,9416,-1,0.3920467611977876,0.34876546263694763,0.3258459956377213,0.30612409114837646,0.32006766933991937
7548,9421,9418,0,1.0478092522352402,1.043230652809143,1.0203111858099168,0.9822076559066772,0.9961512340982202
7549,9422,9419,0,2.0487347931593125,2.1137239933013916,2.0908045263021653,2.028298854827881,2.0422424330194238
7550,9423,9420,-1,1.5363442417809785,1.5525438785552979,1.5296244115560715,1.5023638010025024,1.5163073791940453
7551,9426,9423,0,1.1466996760099595,1.1704626083374023,1.147543141338176,1.1120744943618774,1.1260180725534203
7552,9427,9424,-1,-4.183695483522671,-4.234411716461182,-4.257331183460408,-4.1074299812316895,-4.0934864030401465
7553,9428,9425,0,0.9744517893522446,1.0027014017105103,0.9797819347112839,0.9513565301895142,0.9653001083810571
7554,9429,9426,0,-1.511457672622853,-1.5422251224517822,-1.5651445894510085,-1.5104020833969116,-1.4964585052053687
7555,9430,9427,-1,2.5676391240784944,2.593937635421753,2.5710181684225266,2.512875556945801,2.5268191351373437
7556,9431,9428,0,-0.14078000774686886,-0.10848154872655869,-0.13140101572578503,-0.15165838599205017,-0.13771480780050727
7557,9432,9429,0,-1.0639052300721938,-1.084868311882019,-1.1077877788812454,-1.0699512958526611,-1.0560077176611182
7558,9433,9430,0,1.9045114607542222,1.9483757019042969,1.9254562349050706,1.819348692893982,1.8332922710855248
7559,9434,9431,0,-0.42980059078043054,-0.46655502915382385,-0.48947449615305016,-0.4181954562664032,-0.4042518780748603
7560,9435,9432,0,2.9171849579542344,2.987788438796997,2.9648689717977708,2.843804121017456,2.857747699208999
7561,9436,9433,0,0.35404534051114966,0.42064550518989563,0.3977260381906693,0.2944912910461426,0.3084348692376855
7562,9438,9435,0,-0.8467748074800308,-0.833838939666748,-0.8567584066659744,-0.9154891967773438,-0.9015456185858008
7563,9439,9436,0,2.4474936814039414,2.462233781814575,2.439314314815349,2.395643949508667,2.40958752770021
7564,9440,9437,0,0.5055191607206528,0.5188966989517212,0.4959772319524949,0.46876510977745056,0.48270868796899347
7565,9442,9439,0,-4.088370671775991,-4.1040754318237305,-4.126994898822957,-4.03261137008667,-4.018667791895127
7566,9443,9440,0,-1.1981664805681045,-1.1982823610305786,-1.221201828029805,-1.084779143333435,-1.0708355651418922
7567,9444,9441,0,0.6242705673902695,0.5793009400367737,0.5563814730375474,0.5512821078300476,0.5652256860215905
7568,9445,9442,0,-1.0024559407502944,-0.9966850876808167,-1.019604554680043,-1.0059367418289185,-0.9919931636373756
7569,9447,9444,0,0.9156824440687363,0.9844462871551514,0.961526820155925,0.9301929473876953,0.9441365255792382
7570,9448,9445,0,-0.12522119870489193,-0.1495208442211151,-0.17244031122034145,-0.1682458221912384,-0.1543022439996955
7571,9449,9446,0,0.2542893380850022,0.25702980160713196,0.23411033460790562,0.17312365770339966,0.18706723589494256
7572,9451,9448,0,1.127581486198253,1.1190999746322632,1.0961805076330369,1.1026414632797241,1.116585041471267
7573,9454,9451,0,2.58434284636671,2.652637004852295,2.6297175378530686,2.5279300212860107,2.5418735994775536
7574,9455,9452,0,-2.219417205360585,-2.32155704498291,-2.3444765119821365,-2.2406973838806152,-2.2267538056890723
7575,9457,9454,0,-0.3894922642976577,-0.36318492889404297,-0.3861043958932693,-0.4137592017650604,-0.3998156235735175
7576,9460,9457,0,2.5354763359754746,2.5726401805877686,2.5497207135885422,2.522418260574341,2.5363618387658837
7577,9461,9458,0,2.626891741248912,2.7250499725341797,2.7021305055349534,2.6095163822174072,2.62345996040895
7578,9462,9459,0,0.11057210126811909,0.14872446656227112,0.12580499956304478,0.06868855655193329,0.0826321347434762
7579,9463,9460,0,-3.4099138884813125,-3.4206998348236084,-3.4436193018228347,-3.388885259628296,-3.374941681436753
7580,9465,9462,0,0.14728162595922398,0.20628786087036133,0.183368393871135,0.1773897111415863,0.1913332893331292
7581,9466,9463,0,1.5355327219694321,1.589502215385437,1.5665827483862107,1.49114191532135,1.505085493512893
7582,9468,9465,0,1.0378532499998276,1.091378092765808,1.0684586257665818,1.0641294717788696,1.0780730499704125
7583,9469,9466,0,-1.7343939452440078,-1.7265970706939697,-1.749516537693196,-1.6904007196426392,-1.6764571414510963
7584,9472,9469,0,-0.03583775675004077,-0.0037536844611167908,-0.02667315146034313,-0.10611644387245178,-0.09217286568090888
7585,9473,9470,0,-0.526828458812886,-0.49344566464424133,-0.5163651316434676,-0.5180613994598389,-0.504117821268296
7586,9474,9471,0,-0.06391559382980419,-0.08646652847528458,-0.10938599547451092,-0.04198046028614044,-0.028036882094597537
7587,9475,9472,0,-1.459206810501271,-1.511833667755127,-1.5347531347543533,-1.4143873453140259,-1.400443767122483
7588,9477,9474,0,-0.7823622732431228,-0.7504028677940369,-0.7733223347932632,-0.8762274980545044,-0.8622839198629615
7589,9478,9475,0,2.156193146201915,2.2071025371551514,2.184183070155925,2.134774684906006,2.1487182630975488
7590,9479,9476,0,1.463953384849376,1.5059938430786133,1.483074376079387,1.4314380884170532,1.4453816666085961
7591,9482,9479,0,1.2297443241804307,1.2505260705947876,1.2276066035955613,1.2037118673324585,1.2176554455240014
7592,9483,9480,0,-1.015097251442128,-1.0342146158218384,-1.0571340828210647,-1.0082632303237915,-0.9943196521322486
7593,9484,9481,0,1.8095783085554307,1.810973048210144,1.7880535812109177,1.7557100057601929,1.7696535839517358
7594,9485,9482,0,0.04439494544560361,0.06106109172105789,0.03814162472183155,0.02161991596221924,0.03556349415376214
7595,9486,9483,0,-3.591250529792958,-3.608328342437744,-3.6312478094369705,-3.5062713623046875,-3.4923277841131446
7596,9488,9485,0,1.5564485878675645,1.6076585054397583,1.584739038440532,1.5574078559875488,1.5713514341790917
7597,9489,9486,0,1.8830059857099717,1.929248571395874,1.9063291043966477,1.8936724662780762,1.907616044469619
7598,9491,9488,0,-1.075569024589711,-1.0495719909667969,-1.0724914579660232,-1.1666244268417358,-1.152680848650193
7599,9492,9489,-1,-1.8545982125570952,-1.8596208095550537,-1.88254027655428,-1.7964153289794922,-1.7824717507879493
7600,9493,9490,0,-0.5615606217653091,-0.6024888157844543,-0.6254082827836807,-0.6047924757003784,-0.5908488975088355
7601,9494,9491,0,-2.346349587944203,-2.3210723400115967,-2.343991807010823,-2.280118227005005,-2.266174648813462
7602,9495,9492,0,1.3990429730146592,1.440320372581482,1.4174009055822556,1.3863232135772705,1.4002667917688134
7603,9496,9493,0,-1.5736894517213638,-1.5504841804504395,-1.5734036474496658,-1.5718063116073608,-1.557862733415818
7604,9497,9494,0,0.06320554176265644,0.07739213854074478,0.05447267154151844,0.040013380348682404,0.05395695854022531
7605,9498,9495,0,1.3867775292127793,1.4552059173583984,1.4322864503591721,1.378666877746582,1.392610455938125
7606,9499,9496,-1,0.7227273699471772,0.7588667869567871,0.7359473199575608,0.6876202821731567,0.7015638603646996
7607,9500,9497,0,1.3017579407423203,1.3646419048309326,1.3417224378317063,1.3023931980133057,1.3163367762048486
7608,9501,9498,0,-1.465626111534291,-1.5270113945007324,-1.5499308614999587,-1.475882649421692,-1.461939071230149
7609,9503,9500,0,0.8861327857702439,0.9090439677238464,0.8861245007246201,0.9000988006591797,0.9140423788507226
7610,9504,9501,0,0.09094607243234562,0.1305469572544098,0.10762749025518345,0.07299743592739105,0.08694101411893396
7611,9505,9502,0,-0.49229114344423364,-0.4700338542461395,-0.49295332124536584,-0.4387769401073456,-0.4248333619158027
7612,9506,9503,0,-1.2248831897050674,-1.219489574432373,-1.2424090414315994,-1.2713652849197388,-1.2574217067281959
7613,9507,9504,0,0.3741694183080857,0.37990131974220276,0.35698185274297645,0.39901357889175415,0.41295715708329706
7614,9508,9505,0,-0.8881780414850051,-0.8631303310394287,-0.886049798038655,-0.8610886335372925,-0.8471450553457496
7615,9509,9506,0,-4.053377023246938,-4.022406578063965,-4.045326045063192,-4.092343807220459,-4.078400229028916
7616,9510,9507,0,1.4673965067594712,1.4952962398529053,1.472376772853679,1.436073660850525,1.4500172390420678
7617,9511,9508,0,-0.7213247924119766,-0.7164226770401001,-0.7393421440393264,-0.7097431421279907,-0.6957995639364478
7618,9512,9509,0,1.4234620423048203,1.443925142288208,1.4210056752889817,1.3479022979736328,1.3618458761651757
7619,9513,9510,0,0.5021860093801682,0.5148017406463623,0.491882273647136,0.4436260163784027,0.4575695945699456
7620,9514,9511,0,0.9489011854856675,0.944091260433197,0.9211717934339707,0.8774561882019043,0.8913997663934472
7621,9515,9512,-1,1.4536624666879,1.5087991952896118,1.4858797282903855,1.4323703050613403,1.4463138832528832
7622,9516,9513,0,-4.630008569267446,-4.660106658935547,-4.683026125934774,-4.496866703033447,-4.482923124841904
7623,9517,9514,0,2.511490473243541,2.5249829292297363,2.50206346223051,2.4981915950775146,2.5121351732690576
7624,9518,9515,0,-3.8954175620347793,-3.9236137866973877,-3.946533253696614,-3.8452014923095703,-3.8312579141180274
7625,9519,9516,0,-2.1499606280595596,-2.161189317703247,-2.1841087847024734,-2.101274013519287,-2.087330435327744
7626,9520,9517,0,-3.22602092316454,-3.2716495990753174,-3.2945690660745437,-3.2495346069335938,-3.235591028742051
7627,9521,9518,0,2.331485876533336,2.394867181777954,2.371947714778728,2.3072760105133057,2.3212195887048486
7628,9523,9520,0,0.08070571133787083,0.16970285773277283,0.1467833907335465,0.05722792446613312,0.07117150265767602
7629,9525,9522,0,0.8128616304128831,0.838941752910614,0.8160222859113877,0.8242135047912598,0.8381570829828027
7630,9526,9523,0,0.8955719561308091,0.8988779187202454,0.875958451721019,0.8437076807022095,0.8576512588937524
7631,9527,9524,0,1.0446564049452012,1.0734528303146362,1.05053336331541,1.0346895456314087,1.0486331238229516
7632,9530,9527,0,-3.1124914794236953,-3.1517317295074463,-3.1746511965066726,-3.1079318523406982,-3.0939882741491553
7633,9532,9529,0,0.5595581025808518,0.5808754563331604,0.5579559893339341,0.5931705236434937,0.6071141018350366
7634,9533,9530,0,0.5402814240186875,0.5369208455085754,0.5140013785093491,0.5095932483673096,0.5235368265588525
7635,9534,9531,0,0.3989693314760392,0.3830142319202423,0.360094764921016,0.3415631353855133,0.3555067135770562
7636,9536,9533,0,0.690806457492656,0.6625648140907288,0.6396453470915024,0.6233130693435669,0.6372566475351098
7637,9537,9534,0,2.3029197544782822,2.335984945297241,2.313065478298015,2.3053038120269775,2.3192473902185204
7638,9538,9535,0,-2.218708386924916,-2.227327585220337,-2.2502470522195632,-2.1986677646636963,-2.1847241864721534
7639,9539,9536,0,-1.3966697364122207,-1.3567392826080322,-1.3796587496072585,-1.4202079772949219,-1.406264399103379
7640,9541,9538,0,0.7692855090826218,0.7310982942581177,0.7081788272588914,0.7371913194656372,0.7511348976571801
7641,9542,9539,0,0.48543033907110145,0.5462116003036499,0.5232921333044236,0.46238669753074646,0.47633027572228936
7642,9543,9540,0,-3.3720627932817275,-3.4496700763702393,-3.4725895433694656,-3.3397152423858643,-3.3257716641943214
7643,9544,9541,0,2.2419022412031357,2.295975923538208,2.2730564565389817,2.2631938457489014,2.2771374239404443
7644,9545,9542,0,1.0015341133802598,1.0333839654922485,1.0104644984930222,1.0204769372940063,1.0344205154855493
7645,9546,9543,0,1.5932469458311265,1.651228666305542,1.6283091993063157,1.5477477312088013,1.5616913094003442
7646,9547,9544,0,-3.166316619423085,-3.1598169803619385,-3.182736447361165,-3.108060598373413,-3.09411702018187
7647,9548,9545,0,-1.3926367669374282,-1.3416938781738281,-1.3646133451730544,-1.383109211921692,-1.369165633730149
7648,9549,9546,0,0.47722105095083167,0.519210934638977,0.49629146763975074,0.483229398727417,0.4971729769189599
7649,9550,9547,0,-0.6942087321550185,-0.6035409569740295,-0.6264604239732559,-0.6414037942886353,-0.6274602160970923
7650,9553,9550,0,0.9629367084234421,0.9527444243431091,0.9298249573438828,0.9810189008712769,0.9949624790628198
7651,9554,9551,0,-2.4235018401414687,-2.432159423828125,-2.4550788908273513,-2.4285519123077393,-2.4146083341161964
7652,9556,9553,0,0.4921828896730607,0.4836530387401581,0.46073357174093177,0.49086543917655945,0.5048090173681024
7653,9557,9554,0,-1.0063687472612197,-1.0025690793991089,-1.0254885463983352,-1.0310171842575073,-1.0170736060659644
7654,9558,9555,0,1.7156380505293076,1.7607662677764893,1.737846800777263,1.6406786441802979,1.6546222223718408
7655,9559,9556,0,0.9671729893415635,1.0037676095962524,0.9808481425970261,0.9279179573059082,0.9418615354974511
7656,9560,9557,0,1.2258120865553086,1.2362771034240723,1.213357636424846,1.1572102308273315,1.1711538090188744
7657,9561,9558,0,1.4967908949583237,1.5289158821105957,1.5059964151113694,1.4805461168289185,1.4944896950204614
7658,9562,9559,0,0.5589367241590684,0.5619219541549683,0.539002487155742,0.5580736398696899,0.5720172180612328
7659,9563,9560,0,0.08470186004335331,0.11372018605470657,0.09080071905548023,0.12060617655515671,0.1345497547466996
7660,9565,9562,0,-0.2753975301057632,-0.2664298117160797,-0.289349278715306,-0.2902543842792511,-0.2763108060877082
7661,9566,9563,0,1.6112885565489,1.630321979522705,1.6074025125234788,1.605723261833191,1.6196668400247338
7662,9567,9564,0,0.6777921409338181,0.7348137497901917,0.7118942827909653,0.6429400444030762,0.6568836225946191
7663,9568,9565,0,-2.5245524554521377,-2.6266441345214844,-2.6495636015207107,-2.5601046085357666,-2.5461610303442237
7664,9569,9566,0,0.5506261677473252,0.5596058964729309,0.5366864294737046,0.5085492134094238,0.5224927916009667
7665,9570,9567,0,0.2048774153917496,0.18757498264312744,0.1646555156439011,0.22052642703056335,0.23447000522210626
7666,9572,9569,0,0.7274738044470017,0.7843309044837952,0.7614114374845689,0.7791093587875366,0.7930529369790795
7667,9573,9570,0,1.0084182114332383,1.0833971500396729,1.0604776830404465,0.9740099906921387,0.9879535688836816
7668,9574,9571,0,1.2995643706052964,1.37705397605896,1.3541345090597336,1.3014605045318604,1.3154040827234033
7669,9575,9572,0,-1.1491291432649429,-1.1259931325912476,-1.1489125995904739,-1.1716688871383667,-1.1577253089468238
7670,9577,9574,0,0.5016714424818223,0.51021808385849,0.4872986168592637,0.4906058609485626,0.5045494391401055
7671,9578,9575,0,1.777562627288646,1.7777436971664429,1.7548242301672166,1.741249442100525,1.7551930202920678
7672,9579,9576,0,0.07854740479881214,0.12655366957187653,0.10363420257265019,0.04949185252189636,0.06343543071343927
7673,9581,9578,0,1.0096770615308945,1.0566285848617554,1.033709117862529,0.9987088441848755,1.0126524223764184
7674,9582,9579,0,-0.4525774925023849,-0.39961567521095276,-0.42253514221017907,-0.4523637592792511,-0.4384201810877082
7675,9584,9581,0,1.2498757929533189,1.2731815576553345,1.2502620906561082,1.1889894008636475,1.2029329790551904
7676,9585,9582,0,-0.28530710032289575,-0.2873426377773285,-0.3102621047765548,-0.27881893515586853,-0.2648753569643256
7677,9586,9583,0,0.08694037953311848,0.08352450281381607,0.06060503581458973,0.013122804462909698,0.027066382654452603
7678,9587,9584,0,2.3922473282545273,2.418384552001953,2.395465085002727,2.3077402114868164,2.3216837896783593
7679,9588,9585,0,0.6250401825636094,0.6346735954284668,0.6117541284292405,0.5755970478057861,0.589540625997329
7680,9589,9586,0,-0.8703734188348586,-0.8764695525169373,-0.8993890195161636,-0.8578689098358154,-0.8439253316442725
7681,9590,9587,0,1.7774345965116685,1.794180154800415,1.7712606878011887,1.753834843635559,1.767778421827102
7682,9591,9588,0,2.217444309684581,2.238539218902588,2.2156197519033616,2.1865086555480957,2.2004522337396386
7683,9593,9590,0,1.4978545994489854,1.5836501121520996,1.5607306451528733,1.4887875318527222,1.502731110044265
7684,9594,9591,0,-0.34336267998521874,-0.325038343667984,-0.3479578106672103,-0.3920964002609253,-0.3781528220693824
7685,9595,9592,0,-0.8106272726327712,-0.7545065879821777,-0.777426054981404,-0.8536605834960938,-0.8397170053045508
7686,9596,9593,0,1.6630886883466904,1.6427464485168457,1.6198269815176194,1.616165041923523,1.6301086201150659
7687,9597,9594,0,1.6840466351240342,1.4005788564682007,1.3776593894689744,1.5322619676589966,1.5462055458505395
7688,9599,9596,0,1.1947116942136948,1.2004597187042236,1.1775402517049973,1.150593638420105,1.1645372166116479
7689,9600,9597,0,-0.05686439788048816,-0.08289553970098495,-0.1058150067002113,-0.10825991630554199,-0.09431633811399909
7690,9601,9598,0,1.1877559513776963,1.2028448581695557,1.1799253911703294,1.2021139860153198,1.2160575642068627
7691,9602,9599,0,1.4934148878782456,1.537023901939392,1.5141044349401658,1.4702728986740112,1.4842164768655541
7692,9603,9600,0,1.2730472178190415,1.3033959865570068,1.2804765195577805,1.2566264867782593,1.2705700649698022
7693,9604,9601,0,-1.2108473687440688,-1.146687626838684,-1.1696070938379104,-1.3063541650772095,-1.2924105868856666
7694,9606,9603,0,-2.8584498076707656,-2.868030309677124,-2.8909497766763503,-2.810758352279663,-2.79681477408812
7695,9607,9604,-1,-3.4453188660910308,-3.476590156555176,-3.499509623554402,-3.4217255115509033,-3.4077819333593604
7696,9608,9605,0,-1.441387167480641,-1.4699798822402954,-1.4928993492395217,-1.4296892881393433,-1.4157457099478004
7697,9609,9606,0,2.2502399773328965,2.2980284690856934,2.275109002086467,2.252110719680786,2.266054297872329
7698,9610,9607,0,0.07426024386579441,0.10572250932455063,0.08280304232532429,0.0652196854352951,0.07916326362683801
7699,9611,9608,0,1.7398512453764146,1.7797486782073975,1.7568292112081711,1.73640775680542,1.7503513349969628
7700,9612,9609,0,-0.019701000583225013,0.04282129555940628,0.01990182856017994,-0.010601088404655457,0.003342489786887448
7701,9613,9610,0,1.7192181439130967,1.7266651391983032,1.703745672199077,1.7636982202529907,1.7776417984445336
7702,9614,9611,0,0.2578327746122544,0.2800184190273285,0.2570989520281022,0.2309272140264511,0.24487079221799402
7703,9615,9612,0,0.9817980618208115,1.022545337677002,0.9996258706777756,0.9487917423248291,0.962735320516372
7704,9619,9616,0,2.1275380940168565,2.148573398590088,2.1256539315908616,2.093515157699585,2.107458735891128
7705,9620,9617,0,2.441917547675914,2.4304871559143066,2.4075676889150803,2.3907310962677,2.404674674459243
7706,9621,9618,0,0.13090708265001225,0.17815044522285461,0.15523097822362827,0.14335504174232483,0.15729861993386773
7707,9622,9619,0,0.6646832318037217,0.7367812991142273,0.713861832115001,0.702817440032959,0.7167610182245019
7708,9623,9620,0,0.33039114782506873,0.3336063325405121,0.3106868655412858,0.2913755774497986,0.3053191556413415
7709,9624,9621,0,3.1879202217786973,3.271134614944458,3.2482151479452317,3.1758158206939697,3.1897593988855126
7710,9625,9622,0,0.4852536411016648,0.5012896060943604,0.47837013909513404,0.43820416927337646,0.45214774746491937
7711,9626,9623,0,0.479128310176677,0.5198445916175842,0.4969251246183579,0.45374050736427307,0.467684085555816
7712,9627,9624,0,2.4601656288831895,2.470574378967285,2.447654911968059,2.4328925609588623,2.446836139150405
7713,9628,9625,0,1.4034650416105454,1.439124584197998,1.4162051171987717,1.421981692314148,1.4359252705056909
7714,9629,9626,0,-0.6531907825738723,-0.6908206343650818,-0.7137401013643081,-0.6715975999832153,-0.6576540217916724
7715,9630,9627,0,-0.017323259544425727,0.043049491941928864,0.020130024942702524,-0.020842552185058594,-0.006898973993515689
7716,9631,9628,0,2.0143605560987656,2.0242502689361572,2.001330801936931,2.002826452255249,2.016770030446792
7717,9634,9631,0,-1.2232173590928848,-1.249683141708374,-1.2726026087076003,-1.2336632013320923,-1.2197196231405494
7718,9635,9632,0,2.077739366981334,2.119004964828491,2.096085497829265,2.0390353202819824,2.0529788984735253
7719,9636,9633,0,1.487932214233226,1.5596528053283691,1.5367333383291428,1.4706251621246338,1.4845687403161767
7720,9637,9634,0,-1.7064834742814834,-1.781105399131775,-1.8040248661310012,-1.6441515684127808,-1.6302079902212379
7721,9638,9635,0,0.2020868004291718,0.24232050776481628,0.21940104076558994,0.1692860722541809,0.1832296504457238
7722,9639,9636,0,1.1485654206007188,1.2204556465148926,1.1975361795156663,1.1711784601211548,1.1851220383126977
7723,9641,9638,0,-1.049254646804982,-1.0474268198013306,-1.0703462868005569,-0.9897302389144897,-0.9757866607229468
7724,9642,9639,0,-0.13105343869035793,-0.08402148634195328,-0.10694095334117962,-0.12790843844413757,-0.11396486025259467
7725,9644,9641,0,-1.2121808438569839,-1.1546860933303833,-1.1776055603296096,-1.1953476667404175,-1.1814040885488746
7726,9645,9642,0,2.239468702766246,2.315241575241089,2.2923221082418626,2.1854641437530518,2.1994077219445947
7727,9646,9643,0,-0.4894243090421493,-0.5094696879386902,-0.5323891549379165,-0.4658357799053192,-0.4518922017137763
7728,9647,9644,0,1.8108874649732773,1.8232715129852295,1.8003520459860032,1.7940386533737183,1.8079822315652612
7729,9648,9645,0,1.788488993141002,1.8993537425994873,1.876434275600261,1.763716220855713,1.7776597990472558
7730,9649,9646,-1,2.068349075002414,2.1241722106933594,2.101252743694133,2.03145694732666,2.045400525518203
7731,9650,9647,0,-1.9486637025148208,-1.9754507541656494,-1.9983702211648757,-1.9621514081954956,-1.9482078300039527
7732,9651,9648,0,3.481627830955333,3.545250654220581,3.5223311872213547,3.454988718032837,3.46893229622438
7733,9652,9649,0,-1.2697671561509902,-1.2527906894683838,-1.27571015646761,-1.2543154954910278,-1.240371917299485
7734,9653,9650,0,-2.4481660037309463,-2.4897115230560303,-2.5126309900552566,-2.4129483699798584,-2.3990047917883155
7735,9654,9651,0,-0.4538599758416946,-0.4783420264720917,-0.501261493471318,-0.4587414562702179,-0.444797878078675
7736,9655,9652,0,-2.7132633834153945,-2.6806912422180176,-2.703610709217244,-2.7318274974823,-2.717883919290757
7737,9658,9655,0,-1.1171208529741103,-1.1173697710037231,-1.1402892380029495,-1.0729972124099731,-1.0590536342184302
7738,9659,9656,0,2.086044678184337,2.0938727855682373,2.070953318569011,2.0723350048065186,2.0862785829980615
7739,9660,9657,0,2.272849926444835,2.3229379653930664,2.30001849839384,2.2176601886749268,2.2316037668664697
7740,9661,9658,0,1.1394736857145493,1.1740632057189941,1.1511437387197678,1.1194326877593994,1.1333762659509423
7741,9662,9659,0,0.752335199806041,0.701743483543396,0.6788240165441697,0.7162752151489258,0.7302187933404687
7742,9663,9660,0,-2.7375699191362197,-2.7500555515289307,-2.772975018528157,-2.6890881061553955,-2.6751445279638526
7743,9665,9662,0,1.9784755797117417,1.996028184890747,1.9731087178915208,1.9326642751693726,1.9466078533609155
7744,9667,9664,0,0.05446539604956555,0.1461925506591797,0.12327308365995335,-0.0010197237133979797,0.012923854478144925
7745,9668,9665,0,2.8127769322126572,2.884089708328247,2.8611702413290208,2.757545232772827,2.77148881096437
7746,9669,9666,0,2.2313586563795273,2.3068010807037354,2.283881613704509,2.2197587490081787,2.2337023271997216
7747,9670,9667,0,2.765767702552623,2.7784528732299805,2.755533406230754,2.7411739826202393,2.755117560811782
7748,9672,9669,0,0.15424896189863133,0.18537455797195435,0.162455090972728,0.10300178825855255,0.11694536645009546
7749,9673,9670,0,-3.279996982124501,-3.2329256534576416,-3.255845120456868,-3.2792136669158936,-3.2652700887243507
7750,9674,9671,0,2.2218824715345566,2.2722067832946777,2.2492873162954514,2.159065008163452,2.173008586354995
7751,9675,9672,0,-4.365402093437368,-4.503369331359863,-4.52628879835909,-4.406206130981445,-4.392262552789902
7752,9678,9675,0,1.0777106375425523,1.1101595163345337,1.0872400493353074,1.021763563156128,1.0357071413476708
7753,9680,9677,0,1.4134993643491929,1.4674084186553955,1.4444889516561692,1.4231752157211304,1.4371187939126733
7754,9682,9679,0,-0.40058090379541467,-0.42090269923210144,-0.44382216623132775,-0.38230055570602417,-0.36835697751448127
7755,9683,9680,0,0.868110129329509,0.8970150947570801,0.8740956277578538,0.8895746469497681,0.903518225141311
7756,9684,9681,0,0.5034057588308518,0.5665927529335022,0.5436732859342759,0.5027734041213989,0.5167169823129418
7757,9685,9682,0,-2.263609281089955,-2.2605512142181396,-2.283470681217366,-2.1549570560455322,-2.1410134778539893
7758,9687,9684,0,-1.0297440200120742,-0.9800671935081482,-1.0029866605073745,-1.0814272165298462,-1.0674836383383033
7759,9688,9685,0,2.6145712227552598,2.645862340927124,2.6229428739278977,2.591794967651367,2.60573854584291
7760,9689,9686,0,0.4286086053579514,0.44215667247772217,0.41923720547849586,0.42662104964256287,0.44056462783410577
7761,9690,9687,0,-0.24601920535867763,-0.25568780303001404,-0.27860727002924035,-0.308178186416626,-0.29423460822508307
7762,9691,9688,0,-0.04517252212470126,-0.03034793585538864,-0.05326740285461498,-0.05627244710922241,-0.04232886891767951
7763,9692,9689,0,0.7525627107351487,0.7116492986679077,0.6887298316686814,0.6847438812255859,0.6986874594171288
7764,9693,9690,0,-0.8708518057138259,-0.910334050655365,-0.9332535176545913,-0.8604648113250732,-0.8465212331335303
7765,9695,9692,0,0.9451168865888779,0.9500634074211121,0.9271439404218857,0.9279880523681641,0.941931630559707
7766,9696,9693,0,1.412979731056041,1.4721007347106934,1.449181267711467,1.4039562940597534,1.4178998722512963
7767,9697,9694,0,1.5807625145643418,1.674852728843689,1.6519332618444627,1.581864595413208,1.595808173604751
7768,9698,9695,0,-2.0755938201219375,-2.0591065883636475,-2.0820260553628738,-2.0674824714660645,-2.0535388932745215
7769,9699,9696,0,0.4295758099287217,0.48245498538017273,0.4595355183809464,0.4577937424182892,0.4717373206098321
7770,9700,9697,0,0.38766003558332374,0.38812318444252014,0.36520371744329383,0.39118391275405884,0.40512749094560174
7771,9701,9698,0,2.540294298621959,2.5490105152130127,2.5260910482137864,2.482013463973999,2.495957042165542
7772,9702,9699,0,-0.06751207849090649,-0.10898350924253464,-0.13190297624176098,-0.13834770023822784,-0.12440412204668494
7773,9703,9700,0,1.7159097285001939,1.8165600299835205,1.7936405629842942,1.694668173789978,1.708611751981521
7774,9704,9701,0,0.9140098781316941,0.9272061586380005,0.9042866916387742,0.8801364898681641,0.894080068059707
7775,9705,9702,0,0.24135894486600803,0.259037584066391,0.23611811706716465,0.2529367208480835,0.2668802990396264
7776,9706,9703,-1,0.801251005811435,0.8902180790901184,0.8672986120908921,0.821547269821167,0.8354908480127099
7777,9707,9704,0,1.346594700309581,1.4021761417388916,1.3792566747396653,1.3796288967132568,1.3935724749047997
7778,9708,9705,0,1.5337824911802476,1.5179173946380615,1.4949979276388352,1.4230222702026367,1.4369658483941796
7779,9710,9707,0,-1.4574527650148208,-1.4157793521881104,-1.4386988191873367,-1.4630903005599976,-1.4491467223684547
7780,9711,9708,0,1.3090601057737534,1.3866567611694336,1.3637372941702073,1.2972372770309448,1.3111808552224877
7781,9712,9709,0,2.011380085441417,2.1006321907043457,2.0777127237051194,1.9848350286483765,1.9987786068399194
7782,9713,9710,0,0.9310568661421006,0.980455219745636,0.9575357527464097,0.9310051202774048,0.9449486984689477
7783,9714,9711,0,0.6632449717252915,0.6397244334220886,0.6168049664228623,0.6554287672042847,0.6693723453958276
7784,9717,9714,0,-1.0340875296861465,-1.0065944194793701,-1.0295138864785964,-1.0919405221939087,-1.0779969440023658
7785,9718,9715,0,1.6871676535337632,1.7224843502044678,1.6995648832052415,1.6738773584365845,1.6878209366281274
7786,9719,9716,0,1.1181360573499863,1.1410291194915771,1.1181096524923508,1.110817313194275,1.1247608913858178
7787,9720,9717,0,-1.7363580374986465,-1.7861396074295044,-1.8090590744287307,-1.783126950263977,-1.7691833720724341
7788,9721,9718,0,-0.26619752338235925,-0.2789420783519745,-0.3018615453512008,-0.3070022761821747,-0.2930586979906318
7789,9722,9719,0,1.0759825796812241,1.083069086074829,1.0601496190756028,1.0818582773208618,1.0958018555124047
7790,9723,9720,0,0.3966007621019547,0.42936649918556213,0.4064470321863358,0.39837682247161865,0.41232040066316156
7791,9724,9721,0,-2.96773873856371,-3.06978440284729,-3.0927038698465164,-2.8757083415985107,-2.861764763406968
7792,9725,9722,0,-1.8909243254930312,-1.8752729892730713,-1.8981924562722976,-1.8826171159744263,-1.8686735377828834
7793,9726,9723,0,-2.5547500758439834,-2.5796830654144287,-2.602602532413655,-2.5552124977111816,-2.5412689195196387
7794,9729,9726,0,-0.2880566923887069,-0.2623572051525116,-0.2852766721517379,-0.26069384813308716,-0.24675026994154425
7795,9730,9727,0,1.0831570715635483,1.1595380306243896,1.1366185636251633,1.1313837766647339,1.1453273548562768
7796,9731,9728,0,-0.6255527644426162,-0.5548483729362488,-0.5777678399354751,-0.5943028926849365,-0.5803593144933936
7797,9732,9729,0,-0.7189605741769607,-0.7267271876335144,-0.7496466546327407,-0.7355847358703613,-0.7216411576788184
7798,9734,9731,0,-0.06566893151109768,-0.0237179696559906,-0.04663743665521694,-0.1473604440689087,-0.1334168658773658
7799,9737,9734,-1,1.5206949230859101,1.506190538406372,1.4832710714071458,1.5023537874221802,1.516297365613723
7800,9738,9735,0,0.8613312930792039,0.8727210164070129,0.8498015494077866,0.8410282135009766,0.8549717916925195
7801,9739,9736,0,1.4856364817350571,1.5444822311401367,1.5215627641409104,1.4834303855895996,1.4973739637811425
7802,9740,9737,0,-2.5861312060624893,-2.5124056339263916,-2.535325100925618,-2.59847354888916,-2.5845299706976173
7803,9741,9738,0,2.5075596661298936,2.542778730392456,2.5198592633932297,2.4499948024749756,2.4639383806665185
7804,9743,9740,0,1.5812952608793442,1.5779635906219482,1.555044123622722,1.5539870262145996,1.5679306044061425
7805,9744,9741,0,1.2735244126051133,1.3530375957489014,1.330118128749675,1.2565494775772095,1.2704930557687524
7806,9745,9742,0,0.3846260697572892,0.38164594769477844,0.35872648069555213,0.31939971446990967,0.3333432926614526
7807,9746,9743,0,0.4723576099603837,0.5256397128105164,0.50272024581129,0.5152359008789062,0.5291794790704492
7808,9747,9744,0,1.7616334051817124,1.82905912399292,1.8061396569936936,1.7489492893218994,1.7628928675134423
7809,9749,9746,0,0.3836707563131516,0.39392557740211487,0.37100611040288856,0.4070096015930176,0.4209531797845605
7810,9750,9747,0,0.4966257900922959,0.5739404559135437,0.5510209889143174,0.509702205657959,0.5236457838495019
7811,9751,9748,0,0.8114593715398972,0.8305482864379883,0.807628819438762,0.7536137104034424,0.7675572885949853
7812,9752,9749,0,1.8201420397489732,1.8283690214157104,1.8054495544164841,1.814215064048767,1.82815864224031
7813,9755,9752,0,1.8198115915983384,1.8694586753845215,1.8465392083852952,1.8116097450256348,1.8255533232171777
7814,9756,9753,0,-2.015763869789296,-2.076033353805542,-2.0989528208047683,-2.0165281295776367,-2.002584551386094
7815,9757,9754,0,-0.5449780731469924,-0.580059289932251,-0.6029787569314773,-0.5961160659790039,-0.582172487787461
7816,9758,9755,0,0.19669012138540196,0.16475597023963928,0.14183650324041294,0.2361852526664734,0.2501288308580163
7817,9759,9756,0,-1.4561092763215835,-1.4795777797698975,-1.5024972467691238,-1.469464659690857,-1.455521081499314
7818,9761,9758,0,1.9605339855879014,2.0200064182281494,1.997086951228923,1.924479365348816,1.9384229435403588
7819,9762,9759,0,-6.685142388847524,-6.818564414978027,-6.841483881977254,-6.5897088050842285,-6.575765226892686
7820,9763,9760,0,-1.8953449635774429,-1.8928107023239136,-1.9157301693231399,-1.8589998483657837,-1.8450562701742408
7821,9766,9763,0,-0.31668933322732995,-0.2930402457714081,-0.3159597127706344,-0.30545422434806824,-0.29151064615652533
7822,9768,9765,0,0.15433202097112583,0.11594647169113159,0.09302700469190525,0.17444533109664917,0.18838890928819207
7823,9769,9766,0,1.2185337633817857,1.2867543697357178,1.2638349027364915,1.1869866847991943,1.2009302629907372
7824,9772,9769,0,2.928320297691173,2.942129135131836,2.9192096681326096,2.8401434421539307,2.8540870203454736
7825,9775,9772,0,0.36566165992910316,0.38155919313430786,0.35863972613508155,0.36674898862838745,0.38069256681993036
7826,9776,9773,0,1.0825052351682847,1.0726611614227295,1.0497416944235032,1.0666818618774414,1.0806254400689843
7827,9777,9774,0,2.053531536552257,2.0474250316619873,2.024505564662761,2.0383810997009277,2.0523246778924706
7828,9778,9775,0,-1.8401274590761,-1.9097245931625366,-1.932644060161763,-1.8789175748825073,-1.8649739966909644
7829,9780,9777,0,0.6164818496435349,0.6490033268928528,0.6260838598936265,0.6199672222137451,0.633910800405288
7830,9781,9778,0,0.8253974408834641,0.8179306387901306,0.7950111717909043,0.7668198347091675,0.7807634129007104
7831,9782,9779,0,0.16347811529333042,0.148196280002594,0.12527681300336765,0.171285480260849,0.1852290584523919
7832,9784,9781,0,-3.630395284202748,-3.628196954727173,-3.651116421726399,-3.5687005519866943,-3.5547569737951514
7833,9786,9783,0,3.1759697289198106,3.214954376220703,3.192034909221477,3.170654058456421,3.184597636647964
7834,9787,9784,0,0.2645869047373002,0.246537446975708,0.22361797997648167,0.22506046295166016,0.23900404114320306
7835,9788,9785,0,2.874354013892955,2.857973337173462,2.8350538701742356,2.8070125579833984,2.8209561361749413
7836,9789,9786,0,1.2607284874647324,1.2691385746002197,1.2462191076009934,1.201491117477417,1.21543469566896
7837,9790,9787,0,-0.2516298203737075,-0.17023473978042603,-0.19315420677965237,-0.2967345416545868,-0.2827909634630439
7838,9791,9788,0,0.15351193556482243,0.1889830231666565,0.16606355616743015,0.12784020602703094,0.14178378421857385
7839,9792,9789,0,2.352258572074718,2.392380475997925,2.3694610089986985,2.3106610774993896,2.3246046556909326
7840,9793,9790,0,1.470950374099559,1.511098861694336,1.4881793946951096,1.4569905996322632,1.470934177823806
7841,9794,9791,0,1.1452576012342637,1.2429547309875488,1.2200352639883225,1.155065894126892,1.169009472318435
7842,9795,9792,0,-1.3973055987626846,-1.4352772235870361,-1.4581966905862624,-1.353859543800354,-1.339915965608811
7843,9798,9795,0,1.82065237471754,1.9174950122833252,1.8945755452840989,1.8362993001937866,1.8502428783853295
7844,9799,9796,0,0.47106284806425025,0.5069958567619324,0.48407638976270606,0.414784699678421,0.4287282778699639
7845,9800,9797,0,0.507772097083873,0.5399377942085266,0.5170183272093003,0.46792471408843994,0.48186829227998285
7846,9802,9799,0,1.320582041236705,1.3554141521453857,1.3324946851461594,1.2944096326828003,1.3083532108743432
7847,9803,9800,0,-0.7025272159845168,-0.6854545474052429,-0.7083740144044692,-0.7039732933044434,-0.6900297151129005
7848,9804,9801,0,-0.6565038471490676,-0.6050294637680054,-0.6279489307672317,-0.5902470350265503,-0.5763034568350074
7849,9805,9802,0,1.3551087469785874,1.3977162837982178,1.3747968167989915,1.3114023208618164,1.3253458990533593
7850,9807,9804,0,-2.1827579646379287,-2.1622314453125,-2.1851509123117263,-2.1108856201171875,-2.0969420419256446
7851,9809,9806,0,0.2965397329061692,0.2625684142112732,0.23964894721204685,0.2443794310092926,0.2583230092008355
7852,9810,9807,-1,1.0701516386697114,1.151271104812622,1.1283516378133958,1.0340187549591064,1.0479623331506493
7853,9811,9808,0,1.9137398094862168,1.9861319065093994,1.963212439510173,1.9312974214553833,1.9452409996469262
7854,9812,9809,0,-0.33790971925561974,-0.2955426275730133,-0.3184620945722396,-0.3328072130680084,-0.3188636348764655
7855,9813,9810,0,0.13627142617399143,0.17630845308303833,0.153388986083812,0.16240087151527405,0.17634444970681695
7856,9815,9812,0,0.3313184172838395,0.3924831449985504,0.3695636779993241,0.3590462803840637,0.3729898585756066
7857,9816,9813,0,-1.2926566510469253,-1.2388343811035156,-1.261753848102742,-1.2771928310394287,-1.2632492528478858
7858,9818,9815,0,3.0774310917585557,3.1441867351531982,3.121267268153972,3.0869927406311035,3.1009363188226464
7859,9819,9816,0,1.9129169077604478,1.972470760345459,1.9495512933462327,1.8478482961654663,1.8617918743570092
7860,9820,9817,0,1.6389379591673081,1.6112771034240723,1.588357636424846,1.6023317575454712,1.616275335737014
7861,9822,9819,0,-2.3450757174760635,-2.3359339237213135,-2.35885339072054,-2.3476853370666504,-2.3337417588751075
7862,9823,9820,0,1.3322138876646226,1.2773126363754272,1.254393169376201,1.298819899559021,1.312763477750564
7863,9824,9821,-1,1.10918266741727,1.1619274616241455,1.1390079946249192,1.0907065868377686,1.1046501650293115
7864,9825,9822,0,0.19083707937890934,0.19344544410705566,0.17052597710782932,0.190775066614151,0.2047186448056939
7865,9826,9823,0,0.4487181098192399,0.4592567980289459,0.4363373310297196,0.4105391800403595,0.4244827582319024
7866,9827,9824,0,-3.612838378456288,-3.5512025356292725,-3.5741220026284988,-3.5691239833831787,-3.555180405191636
7867,9828,9825,0,-0.014696435351722959,0.0296405628323555,0.006721095833129159,0.053980425000190735,0.06792400319173364
7868,9830,9827,0,-2.486959805992299,-2.5092833042144775,-2.532202771213704,-2.4100053310394287,-2.396061752847886
7869,9831,9828,0,1.5464339346616929,1.626075267791748,1.6031558007925217,1.5140488147735596,1.5279923929651025
7870,9832,9829,0,-3.307036033180409,-3.327690839767456,-3.3506103067666824,-3.259821891784668,-3.245878313593125
7871,9833,9830,0,-1.1004197507173354,-1.115541696548462,-1.1384611635476882,-1.0678528547286987,-1.0539092765371558
7872,9834,9831,0,-0.35403560688798974,-0.2951619327068329,-0.3180813997060592,-0.34890010952949524,-0.33495653133795233
7873,9836,9833,0,-0.25813137581651757,-0.25675147771835327,-0.2796709447175796,-0.23860055208206177,-0.22465697389051886
7874,9837,9834,0,-2.5946186690599258,-2.589998483657837,-2.6129179506570632,-2.6648824214935303,-2.6509388433019874
7875,9838,9835,-1,1.763255309743625,1.7749059200286865,1.7519864530294602,1.7333557605743408,1.7472993387658837
7876,9839,9836,0,-1.6068875699312026,-1.6428561210632324,-1.6657755880624587,-1.6023911237716675,-1.5884475455801246
7877,9842,9839,0,1.7756674380033677,1.8108323812484741,1.7879129142492478,1.7523218393325806,1.7662654175241235
7878,9845,9842,0,0.17027159938508915,0.17937004566192627,0.15645057866269993,0.16993987560272217,0.18388345379426507
7879,9846,9843,0,1.1426389307707017,1.1908353567123413,1.167915889713115,1.126673936843872,1.140617515035415
7880,9847,9844,0,0.16075451085264134,0.17790326476097107,0.15498379776174473,0.12461068481206894,0.13855426300361184
7881,9848,9845,0,-3.9059113173753555,-3.8225786685943604,-3.8454981355935867,-3.8907270431518555,-3.8767834649603126
7882,9849,9846,0,2.943419346305675,2.9942543506622314,2.971334883663005,2.9101943969726562,2.924137975164199
7883,9851,9848,0,0.44549516746694495,0.4842802584171295,0.4613607914179032,0.467361718416214,0.4813052966077569
7884,9852,9849,0,0.7428481669157212,0.811784565448761,0.7888650984495347,0.7471565008163452,0.7611000790078881
7885,9853,9850,0,-0.1191426872283752,-0.10570307821035385,-0.1286225452095802,-0.13764286041259766,-0.12369928222105475
7886,9856,9853,0,-0.9295757322580154,-0.936019241809845,-0.9589387088090713,-0.9022979736328125,-0.8883543954412696
7887,9858,9855,0,-1.6103379636079604,-1.6132774353027344,-1.6361969023019607,-1.6345871686935425,-1.6206435905019996
7888,9859,9856,0,2.19573462912733,2.2246339321136475,2.201714465114421,2.2002127170562744,2.2141562952478173
7889,9860,9857,0,-1.513568988350087,-1.5341336727142334,-1.5570531397134597,-1.487873911857605,-1.473930333666062
7890,9861,9858,0,-3.7743409781724746,-3.7218501567840576,-3.744769623783284,-3.768537759780884,-3.754594181589341
7891,9863,9860,0,1.5830286831587022,1.6173136234283447,1.5943941564291184,1.5602002143859863,1.5741437925775292
7892,9864,9861,-1,-4.143881964998501,-4.216639518737793,-4.23955898573702,-4.167580604553223,-4.15363702636168
7893,9865,9862,0,0.37256056973630836,0.3832331597805023,0.360313692781276,0.3804948627948761,0.394438440986419
7894,9866,9863,0,2.0885952801435654,2.086725950241089,2.0638064832418626,2.0183980464935303,2.032341624685073
7895,9867,9864,0,-4.538399568107778,-4.526340007781982,-4.549259474781209,-4.496358871459961,-4.482415293268418
7896,9868,9865,0,0.7256195635526841,0.7496857047080994,0.726766237708873,0.7182701826095581,0.732213760801101
7897,9869,9866,0,1.886369475814647,1.966948390007019,1.9440289230077927,1.8774572610855103,1.8914008392770532
7898,9870,9867,0,-2.4359544425279434,-2.454392910003662,-2.4773123770028884,-2.3275792598724365,-2.3136356816808936
7899,9873,9870,0,0.04525204906160283,0.08638214319944382,0.06346267620021748,0.01864480972290039,0.032588387914443295
7900,9874,9871,0,2.3721927494733994,2.4392154216766357,2.4162959546774094,2.34371018409729,2.357653762288833
7901,9875,9872,0,-0.4095357566148574,-0.43503323197364807,-0.4579526989728744,-0.4971279799938202,-0.4831844018022773
7902,9878,9875,0,2.356191524955577,2.397759437561035,2.374839970561809,2.3325929641723633,2.346536542363906
7903,9879,9876,0,-3.4216660170823867,-3.3488504886627197,-3.371769955661946,-3.4138288497924805,-3.3998852716009376
7904,9880,9877,0,-2.4086249976426894,-2.4566879272460938,-2.47960739424532,-2.4448740482330322,-2.4309304700414893
7905,9882,9879,0,-2.388024917152577,-2.3868448734283447,-2.409764340427571,-2.4247825145721436,-2.4108389363806007
7906,9883,9880,0,0.7124827594488328,0.7754499912261963,0.75253052422697,0.7027058601379395,0.7166494383294824
7907,9884,9881,0,-2.731851687935048,-2.733135461807251,-2.7560549288064773,-2.7264716625213623,-2.7125280843298194
7908,9886,9883,0,1.0929205507963364,1.0798752307891846,1.0569557637899583,1.055091381072998,1.069034959264541
7909,9889,9886,0,-2.3865417151719863,-2.4008283615112305,-2.423747828510457,-2.3841211795806885,-2.3701776013891456
7910,9890,9887,0,-0.05849274834697795,-0.040843330323696136,-0.06376279732292248,-0.017664559185504913,-0.0037209809939620087
7911,9892,9889,0,2.054767021629161,2.100402593612671,2.0774831266134446,2.0157382488250732,2.029681827016616
7912,9893,9890,0,0.6970434279173081,0.7844591736793518,0.7615397066801255,0.7771010398864746,0.7910446180780175
7913,9894,9891,0,-1.4847303538591201,-1.447179913520813,-1.4700993805200393,-1.5062114000320435,-1.4922678218405006
7914,9895,9892,0,2.661355146858043,2.7146337032318115,2.691714236232585,2.640005350112915,2.653948928304458
7915,9896,9893,0,1.2916228861540024,1.2778823375701904,1.2549628705709641,1.2845219373703003,1.2984655155618432
7916,9897,9894,0,1.4212765783994858,1.4540722370147705,1.4311527700155442,1.3663074970245361,1.380251075216079
7917,9898,9895,0,-0.5657594113618667,-0.538607656955719,-0.5615271239549453,-0.6188805103302002,-0.6049369321386573
7918,9899,9896,0,0.2887266964643662,0.3011484146118164,0.2782289476125901,0.27580752968788147,0.2897511078794244
7919,9901,9898,0,2.0003694386213486,2.03851318359375,2.0155937165945237,2.0007810592651367,2.0147246374566796
7920,9902,9899,0,2.5741349549024766,2.64475417137146,2.6218347043722336,2.598130941390991,2.612074519582534
7921,9903,9900,0,-2.8320702224046523,-2.837646245956421,-2.860565712955647,-2.7949788570404053,-2.7810352788488624
7922,9905,9902,0,2.2417374939649766,2.3058645725250244,2.282945105525798,2.137916326522827,2.15185990471437
7923,9906,9903,0,-1.8417993693620498,-1.846924901008606,-1.8698443680078323,-1.824241042137146,-1.810297463945603
7924,9907,9904,0,3.0085574478834336,3.050264835357666,3.0273453683584397,2.94497013092041,2.958913709111953
7925,9908,9905,-1,1.7605967041680635,1.8092042207717896,1.7862847537725632,1.7213387489318848,1.7352823271234277
7926,9909,9906,0,1.5103632302015488,1.5017112493515015,1.4787917823522752,1.4791982173919678,1.4931417955835107
7927,9910,9907,0,0.8593533725469773,0.9278232455253601,0.9049037785261338,0.9028879404067993,0.9168315185983422
7928,9911,9908,0,2.363498577567882,2.4090864658355713,2.386166998836345,2.340787887573242,2.354731465764785
7929,9912,9909,0,-1.6865917353898818,-1.7009271383285522,-1.7238466053277786,-1.6762365102767944,-1.6622929320852515
7930,9913,9910,0,1.4252368302076523,1.4752233028411865,1.4523038358419602,1.4279327392578125,1.4418763174493554
7931,9914,9911,0,2.4835723728864854,2.54335355758667,2.5204340905874436,2.4405999183654785,2.4545434965570214
7932,9915,9912,0,-4.287532201317006,-4.389771461486816,-4.412690928486043,-4.202735424041748,-4.188791845850205
7933,9916,9913,0,2.2150272221296494,2.2460501194000244,2.223130652400798,2.231044292449951,2.244987870641494
7934,9917,9914,0,-1.8513790278703506,-1.7987545728683472,-1.8216740398675735,-1.847908854484558,-1.8339652762930152
7935,9918,9915,0,1.4348782391279404,1.4924542903900146,1.4695348233907883,1.4353822469711304,1.4493258251626733
7936,9919,9916,0,-1.3064861207277114,-1.2684305906295776,-1.291350057628804,-1.3264144659042358,-1.312470887712693
7937,9920,9917,0,-1.4581384568483169,-1.4162461757659912,-1.4391656427652175,-1.4145368337631226,-1.4005932555715797
7938,9921,9918,0,0.9134698004453843,1.002758264541626,0.9798387975423997,0.928536057472229,0.9424796356637719
7939,9923,9920,0,1.807586082908458,1.780261754989624,1.7573422879903977,1.786339521408081,1.800283099599624
7940,9924,9921,0,-1.337378492859059,-1.2869601249694824,-1.3098795919687087,-1.2839101552963257,-1.2699665771047828
7941,9926,9923,0,1.5389261336057847,1.58457612991333,1.5616566629141038,1.4886349439620972,1.50257852215364
7942,9927,9924,0,0.5053377241819565,0.5352437496185303,0.512324282619304,0.4829673171043396,0.4969108952958825
7943,9928,9925,0,1.7832851500242417,1.8209478855133057,1.7980284185140794,1.7755730152130127,1.7895165934045556
7944,9929,9926,0,0.8816862792699998,0.8870489001274109,0.8641294331281846,0.896939754486084,0.9108833326776269
7945,9930,9927,0,0.8295567722051804,0.929966151714325,0.9070466847150986,0.835014820098877,0.8489583982904199
7946,9931,9928,0,1.0829418987959092,1.12733793258667,1.1044184655874436,1.0339770317077637,1.0479206098993066
7947,9932,9929,0,-0.7249076872140701,-0.693172037601471,-0.7160915046006973,-0.7361451387405396,-0.7222015605489966
7948,9934,9931,0,1.603689918014354,1.6642708778381348,1.6413514108389085,1.596819519996643,1.610763098188186
7949,9935,9932,0,0.8729336948126023,0.9511145353317261,0.9281950683324998,0.8557182550430298,0.8696618332345727
7950,9936,9933,0,0.10292002716953205,0.12986290454864502,0.10694343754941868,0.12074057012796402,0.13468414831950692
7951,9937,9934,0,2.100465187522716,2.1603987216949463,2.13747925469572,2.16058087348938,2.174524451680923
7952,9938,9935,0,0.8489247054784959,0.9041863083839417,0.8812668413847153,0.8488236665725708,0.8627672447641137
7953,9941,9938,0,1.478343853446788,1.4891371726989746,1.4662177056997483,1.4016931056976318,1.4156366838891747
7954,9942,9939,0,2.2027264923780625,2.1784565448760986,2.1555370778768723,2.1702888011932373,2.18423237938478
7955,9944,9941,-1,1.4532345053384126,1.488647222518921,1.4657277555196946,1.4581310749053955,1.4720746530969384
7956,9945,9942,0,1.48734999606306,1.4620411396026611,1.4391216726034348,1.4108275175094604,1.4247710957010034
7957,9946,9943,0,0.8657177180975144,0.9052708148956299,0.8823513478964036,0.889799952507019,0.903743530698562
7958,9947,9944,0,-0.7966220288545425,-0.7826955318450928,-0.8056149988443191,-0.8222237825393677,-0.8082802043478248
7959,9948,9945,0,-0.015734268632584335,0.024254627525806427,0.001335160526580087,0.01508687436580658,0.029030452557349484
7960,9949,9946,0,0.08290999540979313,0.12852074205875397,0.10560127505952763,0.0660640299320221,0.080007608123565
7961,9950,9947,0,1.8630086273878281,1.8450136184692383,1.822094151470012,1.8266737461090088,1.8406173243005517
7962,9951,9948,0,1.5700237841337388,1.5937906503677368,1.5708711833685105,1.5707799196243286,1.5847234978158715
7963,9952,9949,0,-2.917292943504506,-2.9146077632904053,-2.9375272302896316,-2.8891727924346924,-2.8752292142431495
7964,9953,9950,0,1.4706910938947861,1.4648551940917969,1.4419357270925706,1.4549065828323364,1.4688501610238793
7965,9954,9951,0,-1.7883161216050918,-1.7895734310150146,-1.812492898014241,-1.805884599685669,-1.791941021494126
7966,9955,9952,0,-2.4792023806840713,-2.5131051540374756,-2.536024621036702,-2.4897539615631104,-2.4758103833715674
7967,9956,9953,0,-2.3193191199571426,-2.3297855854034424,-2.3527050524026687,-2.2929847240448,-2.279041145853257
7968,9957,9954,0,1.0959767193525498,1.1299078464508057,1.1069883794515794,1.0728689432144165,1.0868125214059594
7969,9958,9955,0,-0.829081705120259,-0.803952693939209,-0.8268721609384353,-0.7959243059158325,-0.7819807277242896
7970,9959,9956,0,1.4550728888242905,1.5003747940063477,1.4774553270071213,1.41160249710083,1.425546075292373
7971,9961,9958,0,1.412312874290294,1.4360860586166382,1.4131665916174119,1.405859112739563,1.419802690931106
7972,9962,9959,0,-0.7057850866586501,-0.7112204432487488,-0.7341399102479751,-0.6646018028259277,-0.6506582246343848
7973,9964,9961,0,0.9504122824400132,0.990644633769989,0.9677251667707627,0.9410562515258789,0.9549998297174218
7974,9965,9962,0,1.7700573296278184,1.7620782852172852,1.7391588182180588,1.7243106365203857,1.7382542147119286
7975,9967,9964,0,1.348261246177501,1.3677539825439453,1.344834515544719,1.3003206253051758,1.3142642034967187
7976,9968,9965,0,-1.2655590682298477,-1.2310876846313477,-1.254007151630574,-1.3198599815368652,-1.3059164033453223
7977,9969,9966,0,0.7496147842138474,0.7721971869468689,0.7492777199476426,0.7035379409790039,0.7174815191705468
7978,9970,9967,0,1.5321858019560044,1.5460658073425293,1.523146340343303,1.558029294013977,1.57197287220552
7979,9971,9968,0,2.4649010987013047,2.5158278942108154,2.492908427211589,2.4127702713012695,2.4267138494928124
7980,9972,9969,0,2.897244581672496,2.981957197189331,2.9590377301901047,2.8532402515411377,2.8671838297326806
7981,9973,9970,0,-0.8719561605722244,-0.8234533667564392,-0.8463728337556655,-0.841141939163208,-0.8271983609716651
7982,9975,9972,0,-1.8880197911531265,-1.8579397201538086,-1.880859187153035,-1.9140660762786865,-1.9001224980871436
7983,9976,9973,0,-0.9915493636400039,-0.97882479429245,-1.0017442612916763,-1.0124846696853638,-0.9985410914938209
7984,9977,9974,0,-0.14545645406549526,-0.15860790014266968,-0.18152736714189602,-0.1506624072790146,-0.13671882908747168
7985,9978,9975,0,1.1173004002302354,1.097450852394104,1.0745313853948777,1.101880431175232,1.1158240093667748
7986,9981,9978,0,-3.0698403029710586,-3.0424773693084717,-3.065396836307698,-3.065537214279175,-3.051593636087632
7987,9984,9981,0,1.671302566024608,1.6912860870361328,1.6683666200369065,1.5830351114273071,1.59697868961885
7988,9985,9982,0,-0.050008030888491393,-0.05556749552488327,-0.07848696252410961,-0.051280975341796875,-0.03733739715025397
7989,9986,9983,0,2.8684421868055527,2.938715934753418,2.9157964677541917,2.824274778366089,2.8382183565576318
7990,9987,9984,0,1.3105046839445298,1.3385694026947021,1.3156499356954758,1.3279987573623657,1.3419423355539086
7991,9988,9985,0,1.022069463226146,1.0321862697601318,1.0092668027609055,0.9975965023040771,1.01154008049562
7992,9989,9986,0,0.3947256297796433,0.37480226159095764,0.35188279459173133,0.37509122490882874,0.38903480310037164
7993,9990,9987,0,0.9425498933523362,1.0222461223602295,0.9993266553610032,0.8999453783035278,0.9138889564950707
7994,9991,9988,0,1.060031184646434,1.1254401206970215,1.1025206536977952,1.0781887769699097,1.0921323551614526
7995,9992,9989,0,1.0026446671217148,1.0321052074432373,1.009185740444011,0.9892746210098267,1.0032181992013696
7996,9995,9992,0,-1.393750300911122,-1.4181816577911377,-1.441101124790364,-1.3115932941436768,-1.2976497159521339
7997,9996,9993,0,-3.415181031730824,-3.3574111461639404,-3.3803306131631667,-3.4462220668792725,-3.4322784886877296
7998,9997,9994,0,-0.1922313033611114,-0.14939090609550476,-0.1723103730947311,-0.19140252470970154,-0.17745894651815863
7999,9998,9995,0,2.586119541618175,2.571833372116089,2.5489139051168626,2.5055792331695557,2.5195228113610986
