split,index,penalty_true,penalty_lookup,penalty_et,lookup_covered
train_oof,0,0,0.0,0.0,True
train_oof,1,0,0.0,0.0,True
train_oof,2,0,0.0,0.0,True
train_oof,3,0,0.0,0.0,True
train_oof,4,0,0.0,0.0,True
train_oof,5,0,0.0,0.0,True
train_oof,6,0,0.0,0.0,True
train_oof,7,0,0.0,0.0,True
train_oof,8,0,0.0,0.0,True
train_oof,9,0,0.0,0.0,True
train_oof,10,0,0.0,0.0,True
train_oof,11,0,0.0,0.0,True
train_oof,12,0,0.0,0.0,True
train_oof,13,0,0.0,0.0,True
train_oof,14,0,0.0,0.0,True
train_oof,15,0,0.0,0.0,True
train_oof,16,0,0.0,0.0,True
train_oof,17,0,0.0,0.0,True
train_oof,18,0,0.0,0.0,True
train_oof,19,0,0.0,0.0,True
train_oof,20,0,0.0,0.0,True
train_oof,21,0,0.0,0.0,True
train_oof,22,0,0.0,0.0,True
train_oof,23,0,0.0,-4.944620253164557e-05,True
train_oof,24,0,0.0,0.0,True
train_oof,25,0,0.0,0.0,True
train_oof,26,0,0.0,0.0,True
train_oof,27,0,0.0,0.0,True
train_oof,28,0,0.0,0.0,True
train_oof,29,0,0.0,0.0,True
train_oof,30,0,0.0,0.0,True
train_oof,31,0,0.0,0.0,True
train_oof,32,0,0.0,0.0,True
train_oof,33,0,0.0,0.0,True
train_oof,34,0,0.0,0.0,True
train_oof,35,0,0.0,0.0,True
train_oof,36,0,0.0,0.0,True
train_oof,37,0,0.0,0.0,True
train_oof,38,0,0.0,0.0,True
train_oof,39,0,0.0,0.0,True
train_oof,40,0,0.0,0.0,True
train_oof,41,0,0.0,0.0,True
train_oof,42,0,0.0,0.0,True
train_oof,43,0,0.0,0.0,True
train_oof,44,0,0.0,0.0,True
train_oof,45,0,0.0,-0.05970982142857144,True
train_oof,46,0,0.0,0.0,True
train_oof,47,0,0.0,0.0,True
train_oof,48,0,0.0,0.0,True
train_oof,49,0,0.0,0.0,True
train_oof,50,0,0.0,0.0,True
train_oof,51,0,0.0,0.0,True
train_oof,52,0,0.0,0.0,True
train_oof,53,0,0.0,0.0,True
train_oof,54,0,0.0,0.0,True
train_oof,55,-1,-1.0,-1.0,True
train_oof,56,0,0.0,0.0,True
train_oof,57,0,0.0,0.0,True
train_oof,58,0,0.0,0.0,True
train_oof,59,0,0.0,0.0,True
train_oof,60,0,0.0,0.0,True
train_oof,61,0,0.0,0.0,True
train_oof,62,0,0.0,0.0,True
train_oof,63,0,0.0,0.0,True
train_oof,64,0,0.0,0.0,True
train_oof,65,0,0.0,0.0,True
train_oof,66,0,0.0,0.0,True
train_oof,67,0,0.0,0.0,True
train_oof,68,0,0.0,0.0,True
train_oof,69,0,0.0,0.0,True
train_oof,70,0,0.0,0.0,True
train_oof,71,0,0.0,0.0,True
train_oof,72,0,0.0,0.0,True
train_oof,73,0,0.0,0.0,True
train_oof,74,0,0.0,0.0,True
train_oof,75,0,0.0,0.0,True
train_oof,76,0,0.0,0.0,True
train_oof,77,0,0.0,0.0,True
train_oof,78,0,0.0,0.0,True
train_oof,79,0,0.0,0.0,True
train_oof,80,0,0.0,0.0,True
train_oof,81,0,0.0,0.0,True
train_oof,82,0,0.0,0.0,True
train_oof,83,0,0.0,0.0,True
train_oof,84,0,0.0,0.0,True
train_oof,85,-1,-1.0,-1.1064453125000002,True
train_oof,86,0,0.0,0.0,True
train_oof,87,0,0.0,0.0,True
train_oof,88,0,0.0,0.0,True
train_oof,89,0,0.0,0.0,True
train_oof,90,0,0.0,0.0,True
train_oof,91,0,0.0,0.0,True
train_oof,92,0,0.0,0.0,True
train_oof,93,0,0.0,0.0,True
train_oof,94,0,0.0,0.0,True
train_oof,95,0,0.0,0.0,True
train_oof,96,0,0.0,0.0,True
train_oof,97,0,0.0,0.0,True
train_oof,98,0,0.0,0.0,True
train_oof,99,0,0.0,0.0,True
train_oof,100,0,0.0,0.0,True
train_oof,101,-1,-1.0,-1.0,True
train_oof,102,0,0.0,0.0,True
train_oof,103,0,0.0,0.0,True
train_oof,104,0,0.0,0.0,True
train_oof,105,0,0.0,0.0,True
train_oof,106,0,0.0,0.0,True
train_oof,107,0,0.0,0.0,True
train_oof,108,0,0.0,0.0,True
train_oof,109,0,0.0,0.0,True
train_oof,110,0,0.0,0.0,True
train_oof,111,-1,-1.0,-1.0110677083333335,True
train_oof,112,0,0.0,0.0,True
train_oof,113,0,0.0,0.0,True
train_oof,114,0,0.0,0.0,True
train_oof,115,0,0.0,0.0,True
train_oof,116,0,0.0,0.0,True
train_oof,117,0,0.0,0.0,True
train_oof,118,0,0.0,0.0,True
train_oof,119,0,0.0,0.0,True
train_oof,120,0,0.0,0.0,True
train_oof,121,0,0.0,0.0,True
train_oof,122,0,0.0,0.0,True
train_oof,123,0,0.0,0.0,True
train_oof,124,0,0.0,0.0,True
train_oof,125,0,0.0,0.0,True
train_oof,126,0,0.0,0.0,True
train_oof,127,0,0.0,0.0,True
train_oof,128,0,0.0,0.0,True
train_oof,129,0,0.0,0.0,True
train_oof,130,0,0.0,0.0,True
train_oof,131,0,0.0,0.0,True
train_oof,132,0,0.0,0.0,True
train_oof,133,0,0.0,0.0,True
train_oof,134,0,0.0,0.0,True
train_oof,135,0,0.0,0.0,True
train_oof,136,0,0.0,0.0,True
train_oof,137,0,0.0,0.0,True
train_oof,138,0,0.0,0.0,True
train_oof,139,0,0.0,0.0,True
train_oof,140,0,0.0,0.0,True
train_oof,141,0,0.0,0.0,True
train_oof,142,0,0.0,0.0,True
train_oof,143,0,0.0,0.0,True
train_oof,144,0,0.0,0.0,True
train_oof,145,0,0.0,-4.944620253164557e-05,True
train_oof,146,0,0.0,0.0,True
train_oof,147,0,0.0,0.0,True
train_oof,148,0,0.0,0.0,True
train_oof,149,0,0.0,0.0,True
train_oof,150,0,0.0,0.0,True
train_oof,151,0,0.0,0.0,True
train_oof,152,0,0.0,0.0,True
train_oof,153,0,0.0,0.0,True
train_oof,154,0,0.0,0.0,True
train_oof,155,0,0.0,0.0,True
train_oof,156,0,0.0,0.0,True
train_oof,157,0,0.0,-4.944620253164557e-05,True
train_oof,158,0,0.0,0.0,True
train_oof,159,0,0.0,0.0,True
train_oof,160,0,0.0,0.0,True
train_oof,161,0,0.0,0.0,True
train_oof,162,0,0.0,0.0,True
train_oof,163,0,0.0,0.0,True
train_oof,164,0,0.0,0.0,True
train_oof,165,0,0.0,0.0,True
train_oof,166,0,0.0,0.0,True
train_oof,167,0,0.0,0.0,True
train_oof,168,0,0.0,0.0,True
train_oof,169,0,0.0,0.0,True
train_oof,170,0,0.0,0.0,True
train_oof,171,0,0.0,0.0,True
train_oof,172,0,0.0,0.0,True
train_oof,173,0,0.0,0.0,True
train_oof,174,0,0.0,0.0,True
train_oof,175,0,0.0,0.0,True
train_oof,176,0,0.0,0.0,True
train_oof,177,0,0.0,0.0,True
train_oof,178,0,0.0,0.0,True
train_oof,179,0,0.0,0.0,True
train_oof,180,0,0.0,0.0,True
train_oof,181,0,0.0,0.0,True
train_oof,182,0,0.0,0.0,True
train_oof,183,0,0.0,0.0,True
train_oof,184,0,0.0,0.0,True
train_oof,185,0,0.0,0.0,True
train_oof,186,0,0.0,0.0,True
train_oof,187,0,0.0,0.0,True
train_oof,188,0,0.0,0.0,True
train_oof,189,-1,,-0.19856770833333334,False
train_oof,190,0,0.0,0.0,True
train_oof,191,0,0.0,0.0,True
train_oof,192,0,0.0,0.0,True
train_oof,193,0,0.0,0.0,True
train_oof,194,0,0.0,0.0,True
train_oof,195,0,0.0,0.0,True
train_oof,196,0,0.0,-2.7708333333333326,True
train_oof,197,0,0.0,0.0,True
train_oof,198,0,0.0,0.0,True
train_oof,199,0,0.0,0.0,True
train_oof,200,0,0.0,0.0,True
train_oof,201,0,0.0,0.0,True
train_oof,202,0,0.0,0.0,True
train_oof,203,0,0.0,0.0,True
train_oof,204,0,0.0,0.0,True
train_oof,205,0,0.0,0.0,True
train_oof,206,0,0.0,0.0,True
train_oof,207,-1,,-1.041015625,False
train_oof,208,0,0.0,0.0,True
train_oof,209,0,0.0,0.0,True
train_oof,210,0,0.0,0.0,True
train_oof,211,0,0.0,0.0,True
train_oof,212,0,0.0,0.0,True
train_oof,213,0,,-0.33072916666666663,False
train_oof,214,0,0.0,0.0,True
train_oof,215,0,0.0,0.0,True
train_oof,216,0,0.0,0.0,True
train_oof,217,0,0.0,0.0,True
train_oof,218,0,0.0,0.0,True
train_oof,219,0,0.0,0.0,True
train_oof,220,0,0.0,0.0,True
train_oof,221,0,0.0,0.0,True
train_oof,222,0,0.0,0.0,True
train_oof,223,0,0.0,0.0,True
train_oof,224,0,0.0,0.0,True
train_oof,225,0,0.0,-0.007161458333333333,True
train_oof,226,0,0.0,0.0,True
train_oof,227,0,0.0,0.0,True
train_oof,228,0,0.0,0.0,True
train_oof,229,0,0.0,0.0,True
train_oof,230,0,0.0,0.0,True
train_oof,231,0,0.0,0.0,True
train_oof,232,0,0.0,0.0,True
train_oof,233,0,0.0,0.0,True
train_oof,234,0,0.0,0.0,True
train_oof,235,0,0.0,0.0,True
train_oof,236,0,0.0,0.0,True
train_oof,237,0,0.0,0.0,True
train_oof,238,0,0.0,0.0,True
train_oof,239,0,0.0,0.0,True
train_oof,240,0,0.0,0.0,True
train_oof,241,0,0.0,0.0,True
train_oof,242,0,0.0,0.0,True
train_oof,243,-1,,-0.9915364583333333,False
train_oof,244,0,0.0,0.0,True
train_oof,245,0,0.0,0.0,True
train_oof,246,0,0.0,0.0,True
train_oof,247,0,0.0,-4.944620253164557e-05,True
train_oof,248,0,0.0,0.0,True
train_oof,249,0,0.0,0.0,True
train_oof,250,0,0.0,0.0,True
train_oof,251,0,0.0,0.0,True
train_oof,252,0,0.0,0.0,True
train_oof,253,0,0.0,0.0,True
train_oof,254,0,0.0,0.0,True
train_oof,255,0,0.0,0.0,True
train_oof,256,0,0.0,0.0,True
train_oof,257,0,0.0,0.0,True
train_oof,258,0,0.0,0.0,True
train_oof,259,0,,0.0,False
train_oof,260,0,0.0,0.0,True
train_oof,261,0,0.0,0.0,True
train_oof,262,0,0.0,0.0,True
train_oof,263,0,0.0,0.0,True
train_oof,264,0,0.0,0.0,True
train_oof,265,0,0.0,0.0,True
train_oof,266,0,0.0,0.0,True
train_oof,267,0,0.0,0.0,True
train_oof,268,0,0.0,0.0,True
train_oof,269,0,0.0,0.0,True
train_oof,270,0,0.0,0.0,True
train_oof,271,0,0.0,0.0,True
train_oof,272,0,0.0,0.0,True
train_oof,273,0,0.0,0.0,True
train_oof,274,0,0.0,0.0,True
train_oof,275,0,0.0,0.0,True
train_oof,276,0,0.0,0.0,True
train_oof,277,0,0.0,0.0,True
train_oof,278,0,0.0,0.0,True
train_oof,279,0,0.0,0.0,True
train_oof,280,0,0.0,0.0,True
train_oof,281,0,0.0,0.0,True
train_oof,282,0,0.0,0.0,True
train_oof,283,0,0.0,0.0,True
train_oof,284,0,0.0,0.0,True
train_oof,285,0,0.0,0.0,True
train_oof,286,0,0.0,0.0,True
train_oof,287,0,0.0,0.0,True
train_oof,288,0,0.0,0.0,True
train_oof,289,0,0.0,0.0,True
train_oof,290,0,0.0,0.0,True
train_oof,291,0,0.0,0.0,True
train_oof,292,0,0.0,0.0,True
train_oof,293,0,0.0,0.0,True
train_oof,294,0,0.0,0.0,True
train_oof,295,0,0.0,0.0,True
train_oof,296,0,0.0,0.0,True
train_oof,297,0,0.0,0.0,True
train_oof,298,0,0.0,0.0,True
train_oof,299,0,0.0,0.0,True
train_oof,300,0,0.0,0.0,True
train_oof,301,0,0.0,0.0,True
train_oof,302,0,0.0,0.0,True
train_oof,303,0,0.0,0.0,True
train_oof,304,0,0.0,0.0,True
train_oof,305,0,0.0,0.0,True
train_oof,306,0,0.0,0.0,True
train_oof,307,0,0.0,0.0,True
train_oof,308,0,0.0,0.0,True
train_oof,309,0,0.0,0.0,True
train_oof,310,0,0.0,0.0,True
train_oof,311,0,0.0,0.0,True
train_oof,312,0,0.0,0.0,True
train_oof,313,0,0.0,0.0,True
train_oof,314,-1,-1.0,-1.0,True
train_oof,315,0,0.0,0.0,True
train_oof,316,0,0.0,0.0,True
train_oof,317,0,0.0,0.0,True
train_oof,318,0,0.0,0.0,True
train_oof,319,0,0.0,0.0,True
train_oof,320,0,0.0,0.0,True
train_oof,321,0,0.0,0.0,True
train_oof,322,0,0.0,0.0,True
train_oof,323,0,0.0,0.0,True
train_oof,324,0,0.0,0.0,True
train_oof,325,0,0.0,0.0,True
train_oof,326,-1,-1.0,-1.0,True
train_oof,327,0,0.0,0.0,True
train_oof,328,0,0.0,0.0,True
train_oof,329,0,0.0,0.0,True
train_oof,330,0,0.0,-0.19205729166666669,True
train_oof,331,-1,-1.0,-1.0,True
train_oof,332,0,0.0,0.0,True
train_oof,333,0,0.0,-0.003125,True
train_oof,334,0,0.0,0.0,True
train_oof,335,0,0.0,0.0,True
train_oof,336,0,0.0,0.0,True
train_oof,337,0,0.0,0.0,True
train_oof,338,0,0.0,0.0,True
train_oof,339,0,0.0,0.0,True
train_oof,340,0,0.0,0.0,True
train_oof,341,0,0.0,0.0,True
train_oof,342,0,0.0,0.0,True
train_oof,343,0,0.0,0.0,True
train_oof,344,0,0.0,0.0,True
train_oof,345,0,0.0,0.0,True
train_oof,346,0,0.0,0.0,True
train_oof,347,0,0.0,0.0,True
train_oof,348,0,0.0,0.0,True
train_oof,349,0,0.0,0.0,True
train_oof,350,0,0.0,0.0,True
train_oof,351,0,0.0,0.0,True
train_oof,352,0,0.0,0.0,True
train_oof,353,0,0.0,0.0,True
train_oof,354,-1,-1.0,-1.003125,True
train_oof,355,0,0.0,0.0,True
train_oof,356,0,0.0,0.0,True
train_oof,357,0,0.0,0.0,True
train_oof,358,0,0.0,0.0,True
train_oof,359,0,0.0,0.0,True
train_oof,360,0,0.0,0.0,True
train_oof,361,0,0.0,0.0,True
train_oof,362,0,0.0,0.0,True
train_oof,363,0,0.0,-0.0078125,True
train_oof,364,0,0.0,0.0,True
train_oof,365,0,0.0,0.0,True
train_oof,366,0,0.0,0.0,True
train_oof,367,0,0.0,0.0,True
train_oof,368,0,0.0,0.0,True
train_oof,369,0,0.0,0.0,True
train_oof,370,0,0.0,0.0,True
train_oof,371,0,0.0,0.0,True
train_oof,372,0,0.0,0.0,True
train_oof,373,0,0.0,0.0,True
train_oof,374,0,0.0,-0.08219401041666667,True
train_oof,375,0,0.0,0.0,True
train_oof,376,0,0.0,0.0,True
train_oof,377,0,0.0,0.0,True
train_oof,378,0,0.0,0.0,True
train_oof,379,0,0.0,0.0,True
train_oof,380,0,0.0,0.0,True
train_oof,381,0,0.0,0.0,True
train_oof,382,0,0.0,0.0,True
train_oof,383,0,0.0,0.0,True
train_oof,384,0,0.0,0.0,True
train_oof,385,0,0.0,0.0,True
train_oof,386,0,0.0,0.0,True
train_oof,387,0,0.0,0.0,True
train_oof,388,0,0.0,0.0,True
train_oof,389,-1,-1.0,-1.0,True
train_oof,390,0,0.0,0.0,True
train_oof,391,0,0.0,0.0,True
train_oof,392,0,0.0,0.0,True
train_oof,393,0,0.0,0.0,True
train_oof,394,-1,-1.0,-1.0,True
train_oof,395,0,0.0,0.0,True
train_oof,396,0,0.0,0.0,True
train_oof,397,-1,-1.0,-1.0,True
train_oof,398,0,0.0,0.0,True
train_oof,399,0,0.0,0.0,True
train_oof,400,0,0.0,0.0,True
train_oof,401,0,0.0,0.0,True
train_oof,402,0,0.0,0.0,True
train_oof,403,0,0.0,0.0,True
train_oof,404,0,0.0,0.0,True
train_oof,405,0,0.0,0.0,True
train_oof,406,0,0.0,0.0,True
train_oof,407,0,0.0,0.0,True
train_oof,408,0,0.0,0.0,True
train_oof,409,0,0.0,0.0,True
train_oof,410,0,0.0,0.0,True
train_oof,411,0,0.0,0.0,True
train_oof,412,0,0.0,0.0,True
train_oof,413,0,0.0,0.0,True
train_oof,414,0,0.0,0.0,True
train_oof,415,0,0.0,0.0,True
train_oof,416,0,0.0,0.0,True
train_oof,417,0,0.0,0.0,True
train_oof,418,0,0.0,0.0,True
train_oof,419,0,0.0,0.0,True
train_oof,420,0,0.0,0.0,True
train_oof,421,-1,-1.0,-1.0013020833333335,True
train_oof,422,0,0.0,0.0,True
train_oof,423,0,0.0,0.0,True
train_oof,424,0,0.0,0.0,True
train_oof,425,0,0.0,0.0,True
train_oof,426,0,0.0,0.0,True
train_oof,427,0,0.0,0.0,True
train_oof,428,0,0.0,0.0,True
train_oof,429,0,0.0,0.0,True
train_oof,430,0,0.0,0.0,True
train_oof,431,0,0.0,0.0,True
train_oof,432,0,0.0,0.0,True
train_oof,433,0,0.0,0.0,True
train_oof,434,-1,,-1.0,False
train_oof,435,0,0.0,0.0,True
train_oof,436,0,0.0,0.0,True
train_oof,437,0,0.0,0.0,True
train_oof,438,0,0.0,0.0,True
train_oof,439,0,0.0,0.0,True
train_oof,440,0,0.0,0.0,True
train_oof,441,0,0.0,0.0,True
train_oof,442,0,0.0,0.0,True
train_oof,443,0,0.0,0.0,True
train_oof,444,0,0.0,0.0,True
train_oof,445,0,0.0,0.0,True
train_oof,446,0,0.0,0.0,True
train_oof,447,0,0.0,0.0,True
train_oof,448,0,0.0,0.0,True
train_oof,449,0,0.0,0.0,True
train_oof,450,0,0.0,0.0,True
train_oof,451,0,0.0,0.0,True
train_oof,452,0,0.0,0.0,True
train_oof,453,0,0.0,0.0,True
train_oof,454,0,0.0,0.0,True
train_oof,455,0,0.0,0.0,True
train_oof,456,-1,-1.0,-1.04296875,True
train_oof,457,0,0.0,0.0,True
train_oof,458,0,0.0,0.0,True
train_oof,459,0,0.0,0.0,True
train_oof,460,0,0.0,0.0,True
train_oof,461,0,0.0,0.0,True
train_oof,462,0,0.0,0.0,True
train_oof,463,0,0.0,0.0,True
train_oof,464,0,0.0,0.0,True
train_oof,465,0,0.0,0.0,True
train_oof,466,0,0.0,0.0,True
train_oof,467,0,0.0,0.0,True
train_oof,468,0,0.0,0.0,True
train_oof,469,0,0.0,0.0,True
train_oof,470,0,0.0,0.0,True
train_oof,471,0,0.0,0.0,True
train_oof,472,0,0.0,0.0,True
train_oof,473,0,0.0,0.0,True
train_oof,474,0,0.0,-0.015625,True
train_oof,475,0,0.0,0.0,True
train_oof,476,-1,-1.0,-1.0,True
train_oof,477,0,0.0,0.0,True
train_oof,478,0,0.0,0.0,True
train_oof,479,0,0.0,0.0,True
train_oof,480,0,0.0,0.0,True
train_oof,481,0,0.0,0.0,True
train_oof,482,0,0.0,0.0,True
train_oof,483,0,0.0,0.0,True
train_oof,484,0,0.0,0.0,True
train_oof,485,0,0.0,0.0,True
train_oof,486,0,0.0,0.0,True
train_oof,487,0,0.0,0.0,True
train_oof,488,0,0.0,0.0,True
train_oof,489,0,0.0,0.0,True
train_oof,490,0,0.0,0.0,True
train_oof,491,0,0.0,0.0,True
train_oof,492,0,0.0,-0.007552083333333333,True
train_oof,493,0,0.0,0.0,True
train_oof,494,0,0.0,0.0,True
train_oof,495,0,0.0,0.0,True
train_oof,496,0,0.0,0.0,True
train_oof,497,0,0.0,0.0,True
train_oof,498,0,0.0,0.0,True
train_oof,499,0,0.0,0.0,True
train_oof,500,0,0.0,0.0,True
train_oof,501,0,0.0,0.0,True
train_oof,502,0,0.0,0.0,True
train_oof,503,0,0.0,0.0,True
train_oof,504,0,0.0,0.0,True
train_oof,505,0,0.0,0.0,True
train_oof,506,0,0.0,0.0,True
train_oof,507,0,0.0,0.0,True
train_oof,508,0,0.0,-0.0007626488095238095,True
train_oof,509,0,0.0,0.0,True
train_oof,510,0,0.0,0.0,True
train_oof,511,0,0.0,0.0,True
train_oof,512,0,0.0,0.0,True
train_oof,513,0,0.0,0.0,True
train_oof,514,0,0.0,0.0,True
train_oof,515,0,0.0,0.0,True
train_oof,516,0,0.0,0.0,True
train_oof,517,0,0.0,0.0,True
train_oof,518,0,0.0,0.0,True
train_oof,519,0,0.0,0.0,True
train_oof,520,0,0.0,0.0,True
train_oof,521,0,0.0,0.0,True
train_oof,522,0,0.0,0.0,True
train_oof,523,0,0.0,0.0,True
train_oof,524,0,0.0,0.0,True
train_oof,525,-1,-1.0,-1.0,True
train_oof,526,0,0.0,0.0,True
train_oof,527,0,0.0,-0.00625,True
train_oof,528,0,0.0,0.0,True
train_oof,529,0,0.0,0.0,True
train_oof,530,0,0.0,0.0,True
train_oof,531,0,0.0,0.0,True
train_oof,532,0,0.0,0.0,True
train_oof,533,0,0.0,0.0,True
train_oof,534,0,0.0,0.0,True
train_oof,535,0,0.0,0.0,True
train_oof,536,0,0.0,0.0,True
train_oof,537,0,0.0,0.0,True
train_oof,538,0,0.0,0.0,True
train_oof,539,-2,,-2.0270182291666665,False
train_oof,540,0,0.0,0.0,True
train_oof,541,0,0.0,0.0,True
train_oof,542,0,0.0,0.0,True
train_oof,543,0,0.0,0.0,True
train_oof,544,0,0.0,0.0,True
train_oof,545,-1,-1.0,-1.0,True
train_oof,546,0,0.0,0.0,True
train_oof,547,0,0.0,0.0,True
train_oof,548,0,0.0,0.0,True
train_oof,549,0,0.0,0.0,True
train_oof,550,0,0.0,-0.3606770833333335,True
train_oof,551,0,0.0,0.0,True
train_oof,552,0,0.0,0.0,True
train_oof,553,0,0.0,0.0,True
train_oof,554,0,0.0,0.0,True
train_oof,555,0,0.0,0.0,True
train_oof,556,0,0.0,0.0,True
train_oof,557,0,0.0,0.0,True
train_oof,558,0,0.0,0.0,True
train_oof,559,0,0.0,0.0,True
train_oof,560,0,0.0,0.0,True
train_oof,561,0,0.0,0.0,True
train_oof,562,0,0.0,0.0,True
train_oof,563,0,0.0,0.0,True
train_oof,564,0,0.0,0.0,True
train_oof,565,0,0.0,0.0,True
train_oof,566,0,0.0,0.0,True
train_oof,567,0,,-0.0244140625,False
train_oof,568,0,0.0,0.0,True
train_oof,569,0,0.0,0.0,True
train_oof,570,0,0.0,0.0,True
train_oof,571,0,0.0,0.0,True
train_oof,572,0,0.0,0.0,True
train_oof,573,0,0.0,0.0,True
train_oof,574,0,0.0,0.0,True
train_oof,575,0,0.0,0.0,True
train_oof,576,0,0.0,0.0,True
train_oof,577,0,0.0,0.0,True
train_oof,578,0,0.0,0.0,True
train_oof,579,0,0.0,0.0,True
train_oof,580,0,0.0,0.0,True
train_oof,581,0,0.0,0.0,True
train_oof,582,0,0.0,0.0,True
train_oof,583,0,0.0,0.0,True
train_oof,584,0,0.0,0.0,True
train_oof,585,0,0.0,0.0,True
train_oof,586,0,0.0,0.0,True
train_oof,587,0,0.0,0.0,True
train_oof,588,0,0.0,0.0,True
train_oof,589,0,0.0,0.0,True
train_oof,590,0,0.0,0.0,True
train_oof,591,0,0.0,0.0,True
train_oof,592,0,0.0,0.0,True
train_oof,593,-5,0.0,-0.005859375,True
train_oof,594,0,0.0,0.0,True
train_oof,595,0,0.0,0.0,True
train_oof,596,0,0.0,0.0,True
train_oof,597,0,0.0,0.0,True
train_oof,598,0,0.0,0.0,True
train_oof,599,-1,,-0.9954427083333333,False
train_oof,600,0,0.0,0.0,True
train_oof,601,0,0.0,0.0,True
train_oof,602,0,0.0,0.0,True
train_oof,603,0,0.0,0.0,True
train_oof,604,0,0.0,0.0,True
train_oof,605,0,0.0,0.0,True
train_oof,606,0,0.0,0.0,True
train_oof,607,0,0.0,0.0,True
train_oof,608,0,0.0,0.0,True
train_oof,609,0,0.0,0.0,True
train_oof,610,0,0.0,0.0,True
train_oof,611,0,0.0,0.0,True
train_oof,612,0,0.0,0.0,True
train_oof,613,0,0.0,0.0,True
train_oof,614,0,0.0,0.0,True
train_oof,615,0,0.0,0.0,True
train_oof,616,0,0.0,0.0,True
train_oof,617,-2,-2.0,-2.294596354166667,True
train_oof,618,0,0.0,0.0,True
train_oof,619,0,0.0,0.0,True
train_oof,620,0,0.0,-0.01171875,True
train_oof,621,0,0.0,0.0,True
train_oof,622,0,0.0,0.0,True
train_oof,623,0,0.0,0.0,True
train_oof,624,0,0.0,0.0,True
train_oof,625,0,0.0,0.0,True
train_oof,626,0,0.0,0.0,True
train_oof,627,0,0.0,0.0,True
train_oof,628,0,0.0,0.0,True
train_oof,629,0,0.0,0.0,True
train_oof,630,0,0.0,0.0,True
train_oof,631,0,0.0,0.0,True
train_oof,632,0,0.0,0.0,True
train_oof,633,0,0.0,0.0,True
train_oof,634,0,0.0,0.0,True
train_oof,635,0,0.0,0.0,True
train_oof,636,0,0.0,0.0,True
train_oof,637,0,0.0,0.0,True
train_oof,638,0,0.0,0.0,True
train_oof,639,0,,0.0,False
train_oof,640,0,0.0,0.0,True
train_oof,641,0,0.0,0.0,True
train_oof,642,0,0.0,0.0,True
train_oof,643,0,0.0,0.0,True
train_oof,644,0,0.0,0.0,True
train_oof,645,0,0.0,0.0,True
train_oof,646,0,0.0,0.0,True
train_oof,647,0,0.0,0.0,True
train_oof,648,0,0.0,-0.0007626488095238095,True
train_oof,649,0,0.0,0.0,True
train_oof,650,0,0.0,0.0,True
train_oof,651,0,0.0,0.0,True
train_oof,652,0,0.0,0.0,True
train_oof,653,0,0.0,0.0,True
train_oof,654,0,0.0,0.0,True
train_oof,655,0,0.0,0.0,True
train_oof,656,0,0.0,0.0,True
train_oof,657,0,0.0,0.0,True
train_oof,658,0,0.0,0.0,True
train_oof,659,0,0.0,0.0,True
train_oof,660,0,0.0,0.0,True
train_oof,661,0,0.0,0.0,True
train_oof,662,0,0.0,0.0,True
train_oof,663,0,0.0,0.0,True
train_oof,664,0,0.0,0.0,True
train_oof,665,0,0.0,-0.0013020833333333333,True
train_oof,666,0,0.0,0.0,True
train_oof,667,0,0.0,0.0,True
train_oof,668,0,0.0,0.0,True
train_oof,669,0,0.0,0.0,True
train_oof,670,0,0.0,0.0,True
train_oof,671,0,0.0,0.0,True
train_oof,672,0,0.0,0.0,True
train_oof,673,0,0.0,0.0,True
train_oof,674,0,0.0,0.0,True
train_oof,675,0,0.0,0.0,True
train_oof,676,0,0.0,0.0,True
train_oof,677,0,0.0,0.0,True
train_oof,678,-1,,-1.0,False
train_oof,679,0,0.0,0.0,True
train_oof,680,0,0.0,0.0,True
train_oof,681,0,0.0,0.0,True
train_oof,682,0,0.0,0.0,True
train_oof,683,0,0.0,0.0,True
train_oof,684,0,0.0,0.0,True
train_oof,685,0,0.0,0.0,True
train_oof,686,0,0.0,0.0,True
train_oof,687,0,0.0,0.0,True
train_oof,688,0,0.0,0.0,True
train_oof,689,0,0.0,0.0,True
train_oof,690,0,0.0,0.0,True
train_oof,691,0,0.0,0.0,True
train_oof,692,0,0.0,0.0,True
train_oof,693,0,0.0,0.0,True
train_oof,694,0,0.0,0.0,True
train_oof,695,0,0.0,0.0,True
train_oof,696,0,0.0,0.0,True
train_oof,697,0,0.0,0.0,True
train_oof,698,0,0.0,0.0,True
train_oof,699,0,0.0,0.0,True
train_oof,700,0,0.0,0.0,True
train_oof,701,0,0.0,0.0,True
train_oof,702,0,0.0,0.0,True
train_oof,703,0,0.0,0.0,True
train_oof,704,0,0.0,0.0,True
train_oof,705,0,0.0,0.0,True
train_oof,706,0,0.0,0.0,True
train_oof,707,0,0.0,0.0,True
train_oof,708,0,0.0,0.0,True
train_oof,709,0,0.0,0.0,True
train_oof,710,0,0.0,0.0,True
train_oof,711,0,0.0,0.0,True
train_oof,712,0,0.0,0.0,True
train_oof,713,0,0.0,0.0,True
train_oof,714,0,0.0,0.0,True
train_oof,715,0,0.0,0.0,True
train_oof,716,0,0.0,0.0,True
train_oof,717,0,0.0,0.0,True
train_oof,718,0,0.0,0.0,True
train_oof,719,0,0.0,0.0,True
train_oof,720,0,0.0,0.0,True
train_oof,721,0,0.0,0.0,True
train_oof,722,0,0.0,0.0,True
train_oof,723,0,0.0,0.0,True
train_oof,724,0,0.0,0.0,True
train_oof,725,0,0.0,0.0,True
train_oof,726,0,0.0,0.0,True
train_oof,727,0,0.0,0.0,True
train_oof,728,0,0.0,0.0,True
train_oof,729,0,0.0,0.0,True
train_oof,730,0,0.0,0.0,True
train_oof,731,0,0.0,0.0,True
train_oof,732,0,0.0,0.0,True
train_oof,733,0,0.0,0.0,True
train_oof,734,0,0.0,0.0,True
train_oof,735,0,0.0,0.0,True
train_oof,736,0,0.0,0.0,True
train_oof,737,0,0.0,0.0,True
train_oof,738,-1,,-1.0,False
train_oof,739,0,0.0,0.0,True
train_oof,740,0,0.0,0.0,True
train_oof,741,0,0.0,0.0,True
train_oof,742,0,0.0,0.0,True
train_oof,743,0,0.0,0.0,True
train_oof,744,0,0.0,0.0,True
train_oof,745,0,0.0,0.0,True
train_oof,746,0,0.0,0.0,True
train_oof,747,0,0.0,0.0,True
train_oof,748,0,0.0,0.0,True
train_oof,749,0,0.0,0.0,True
train_oof,750,0,0.0,0.0,True
train_oof,751,0,0.0,0.0,True
train_oof,752,0,0.0,0.0,True
train_oof,753,0,0.0,0.0,True
train_oof,754,0,0.0,0.0,True
train_oof,755,-2,-2.0,-1.998046875,True
train_oof,756,0,0.0,0.0,True
train_oof,757,0,0.0,0.0,True
train_oof,758,0,0.0,0.0,True
train_oof,759,0,0.0,0.0,True
train_oof,760,0,0.0,0.0,True
train_oof,761,0,0.0,0.0,True
train_oof,762,0,0.0,0.0,True
train_oof,763,-1,-1.0,-1.0,True
train_oof,764,0,0.0,0.0,True
train_oof,765,0,0.0,0.0,True
train_oof,766,0,0.0,0.0,True
train_oof,767,0,0.0,0.0,True
train_oof,768,0,0.0,0.0,True
train_oof,769,0,0.0,0.0,True
train_oof,770,0,0.0,0.0,True
train_oof,771,0,0.0,0.0,True
train_oof,772,0,0.0,0.0,True
train_oof,773,0,0.0,0.0,True
train_oof,774,0,0.0,0.0,True
train_oof,775,0,0.0,0.0,True
train_oof,776,0,0.0,0.0,True
train_oof,777,0,0.0,0.0,True
train_oof,778,0,0.0,0.0,True
train_oof,779,0,0.0,0.0,True
train_oof,780,0,0.0,0.0,True
train_oof,781,-1,-1.0,-1.0,True
train_oof,782,0,0.0,0.0,True
train_oof,783,0,0.0,0.0,True
train_oof,784,0,0.0,0.0,True
train_oof,785,0,0.0,0.0,True
train_oof,786,0,0.0,0.0,True
train_oof,787,0,0.0,0.0,True
train_oof,788,0,0.0,0.0,True
train_oof,789,0,0.0,0.0,True
train_oof,790,0,0.0,0.0,True
train_oof,791,0,0.0,0.0,True
train_oof,792,0,0.0,0.0,True
train_oof,793,0,0.0,0.0,True
train_oof,794,0,0.0,0.0,True
train_oof,795,0,0.0,0.0,True
train_oof,796,0,0.0,0.0,True
train_oof,797,0,0.0,0.0,True
train_oof,798,0,0.0,0.0,True
train_oof,799,0,0.0,0.0,True
train_oof,800,0,0.0,-0.0007626488095238095,True
train_oof,801,0,0.0,0.0,True
train_oof,802,0,0.0,0.0,True
train_oof,803,0,0.0,0.0,True
train_oof,804,0,0.0,0.0,True
train_oof,805,0,0.0,0.0,True
train_oof,806,0,0.0,0.0,True
train_oof,807,0,0.0,0.0,True
train_oof,808,0,0.0,0.0,True
train_oof,809,0,0.0,0.0,True
train_oof,810,0,0.0,0.0,True
train_oof,811,0,0.0,0.0,True
train_oof,812,0,0.0,0.0,True
train_oof,813,0,0.0,0.0,True
train_oof,814,0,0.0,0.0,True
train_oof,815,0,0.0,0.0,True
train_oof,816,0,0.0,0.0,True
train_oof,817,0,0.0,0.0,True
train_oof,818,0,0.0,0.0,True
train_oof,819,0,0.0,0.0,True
train_oof,820,0,0.0,0.0,True
train_oof,821,0,0.0,0.0,True
train_oof,822,0,0.0,0.0,True
train_oof,823,0,0.0,0.0,True
train_oof,824,0,0.0,0.0,True
train_oof,825,0,0.0,0.0,True
train_oof,826,0,0.0,0.0,True
train_oof,827,0,0.0,0.0,True
train_oof,828,0,0.0,0.0,True
train_oof,829,0,0.0,0.0,True
train_oof,830,0,0.0,0.0,True
train_oof,831,0,0.0,0.0,True
train_oof,832,0,0.0,0.0,True
train_oof,833,0,0.0,0.0,True
train_oof,834,0,0.0,0.0,True
train_oof,835,0,0.0,0.0,True
train_oof,836,0,0.0,0.0,True
train_oof,837,0,0.0,0.0,True
train_oof,838,0,0.0,0.0,True
train_oof,839,0,0.0,0.0,True
train_oof,840,0,0.0,0.0,True
train_oof,841,0,0.0,0.0,True
train_oof,842,0,0.0,0.0,True
train_oof,843,0,0.0,0.0,True
train_oof,844,0,0.0,0.0,True
train_oof,845,0,0.0,0.0,True
train_oof,846,0,0.0,0.0,True
train_oof,847,0,0.0,0.0,True
train_oof,848,0,0.0,0.0,True
train_oof,849,0,0.0,0.0,True
train_oof,850,0,0.0,0.0,True
train_oof,851,0,0.0,0.0,True
train_oof,852,0,0.0,0.0,True
train_oof,853,0,0.0,0.0,True
train_oof,854,0,0.0,0.0,True
train_oof,855,0,0.0,0.0,True
train_oof,856,0,0.0,0.0,True
train_oof,857,0,0.0,0.0,True
train_oof,858,0,0.0,0.0,True
train_oof,859,0,0.0,0.0,True
train_oof,860,0,0.0,0.0,True
train_oof,861,0,0.0,0.0,True
train_oof,862,0,0.0,0.0,True
train_oof,863,0,0.0,0.0,True
train_oof,864,0,0.0,0.0,True
train_oof,865,0,0.0,0.0,True
train_oof,866,0,0.0,0.0,True
train_oof,867,0,0.0,0.0,True
train_oof,868,0,0.0,0.0,True
train_oof,869,0,0.0,0.0,True
train_oof,870,-1,,-0.998046875,False
train_oof,871,0,0.0,0.0,True
train_oof,872,0,0.0,0.0,True
train_oof,873,0,0.0,0.0,True
train_oof,874,0,0.0,0.0,True
train_oof,875,0,0.0,0.0,True
train_oof,876,0,0.0,0.0,True
train_oof,877,0,0.0,0.0,True
train_oof,878,0,0.0,0.0,True
train_oof,879,0,0.0,0.0,True
train_oof,880,0,0.0,0.0,True
train_oof,881,0,0.0,0.0,True
train_oof,882,0,0.0,0.0,True
train_oof,883,0,0.0,0.0,True
train_oof,884,0,0.0,0.0,True
train_oof,885,0,,0.0,False
train_oof,886,0,0.0,0.0,True
train_oof,887,0,0.0,0.0,True
train_oof,888,0,0.0,0.0,True
train_oof,889,0,0.0,0.0,True
train_oof,890,0,0.0,0.0,True
train_oof,891,0,0.0,0.0,True
train_oof,892,0,0.0,0.0,True
train_oof,893,0,0.0,0.0,True
train_oof,894,0,0.0,0.0,True
train_oof,895,0,0.0,0.0,True
train_oof,896,0,0.0,0.0,True
train_oof,897,0,0.0,0.0,True
train_oof,898,0,0.0,0.0,True
train_oof,899,0,0.0,0.0,True
train_oof,900,0,0.0,0.0,True
train_oof,901,0,0.0,0.0,True
train_oof,902,-2,,-1.847005208333333,False
train_oof,903,0,0.0,0.0,True
train_oof,904,0,0.0,-0.041015625,True
train_oof,905,0,0.0,0.0,True
train_oof,906,0,0.0,0.0,True
train_oof,907,0,0.0,-0.0390625,True
train_oof,908,0,0.0,0.0,True
train_oof,909,-1,-1.0,-1.0,True
train_oof,910,0,0.0,0.0,True
train_oof,911,0,0.0,0.0,True
train_oof,912,0,0.0,0.0,True
train_oof,913,0,0.0,0.0,True
train_oof,914,0,0.0,0.0,True
train_oof,915,0,0.0,0.0,True
train_oof,916,0,0.0,0.0,True
train_oof,917,0,0.0,0.0,True
train_oof,918,0,0.0,0.0,True
train_oof,919,0,0.0,0.0,True
train_oof,920,0,0.0,0.0,True
train_oof,921,0,0.0,0.0,True
train_oof,922,0,0.0,0.0,True
train_oof,923,0,0.0,0.0,True
train_oof,924,0,0.0,-4.944620253164557e-05,True
train_oof,925,0,0.0,0.0,True
train_oof,926,0,0.0,0.0,True
train_oof,927,0,0.0,0.0,True
train_oof,928,0,0.0,0.0,True
train_oof,929,0,0.0,0.0,True
train_oof,930,0,0.0,0.0,True
train_oof,931,0,0.0,0.0,True
train_oof,932,0,0.0,-0.3282877604166667,True
train_oof,933,0,0.0,0.0,True
train_oof,934,0,0.0,0.0,True
train_oof,935,0,0.0,0.0,True
train_oof,936,0,0.0,0.0,True
train_oof,937,0,0.0,0.0,True
train_oof,938,0,0.0,0.0,True
train_oof,939,0,0.0,0.0,True
train_oof,940,0,0.0,0.0,True
train_oof,941,-1,-1.0,-1.0,True
train_oof,942,-1,-1.0,-1.0,True
train_oof,943,0,0.0,0.0,True
train_oof,944,-1,-1.0,-1.0,True
train_oof,945,0,0.0,0.0,True
train_oof,946,0,0.0,0.0,True
train_oof,947,0,0.0,0.0,True
train_oof,948,0,0.0,0.0,True
train_oof,949,0,0.0,0.0,True
train_oof,950,0,0.0,0.0,True
train_oof,951,0,,0.0,False
train_oof,952,0,0.0,0.0,True
train_oof,953,0,0.0,0.0,True
train_oof,954,0,0.0,0.0,True
train_oof,955,0,0.0,0.0,True
train_oof,956,0,0.0,0.0,True
train_oof,957,0,0.0,0.0,True
train_oof,958,0,0.0,0.0,True
train_oof,959,0,0.0,0.0,True
train_oof,960,0,0.0,-4.944620253164557e-05,True
train_oof,961,0,0.0,0.0,True
train_oof,962,0,0.0,0.0,True
train_oof,963,0,0.0,0.0,True
train_oof,964,0,0.0,0.0,True
train_oof,965,0,0.0,0.0,True
train_oof,966,0,0.0,0.0,True
train_oof,967,0,0.0,0.0,True
train_oof,968,0,0.0,0.0,True
train_oof,969,0,0.0,0.0,True
train_oof,970,0,0.0,0.0,True
train_oof,971,0,0.0,0.0,True
train_oof,972,0,0.0,0.0,True
train_oof,973,0,0.0,0.0,True
train_oof,974,0,0.0,0.0,True
train_oof,975,0,0.0,0.0,True
train_oof,976,0,0.0,0.0,True
train_oof,977,0,0.0,0.0,True
train_oof,978,0,0.0,0.0,True
train_oof,979,0,0.0,0.0,True
train_oof,980,0,0.0,0.0,True
train_oof,981,0,0.0,0.0,True
train_oof,982,0,0.0,0.0,True
train_oof,983,0,0.0,0.0,True
train_oof,984,0,0.0,0.0,True
train_oof,985,0,0.0,0.0,True
train_oof,986,0,0.0,0.0,True
train_oof,987,0,,0.0,False
train_oof,988,0,0.0,0.0,True
train_oof,989,0,0.0,0.0,True
train_oof,990,0,0.0,0.0,True
train_oof,991,0,0.0,0.0,True
train_oof,992,0,0.0,0.0,True
train_oof,993,0,0.0,0.0,True
train_oof,994,0,0.0,0.0,True
train_oof,995,0,0.0,0.0,True
train_oof,996,0,0.0,0.0,True
train_oof,997,0,0.0,0.0,True
train_oof,998,0,0.0,0.0,True
train_oof,999,0,0.0,0.0,True
train_oof,1000,0,0.0,0.0,True
train_oof,1001,0,0.0,0.0,True
train_oof,1002,0,0.0,0.0,True
train_oof,1003,0,0.0,0.0,True
train_oof,1004,0,0.0,0.0,True
train_oof,1005,0,0.0,0.0,True
train_oof,1006,0,0.0,0.0,True
train_oof,1007,0,0.0,0.0,True
train_oof,1008,0,0.0,0.0,True
train_oof,1009,0,0.0,0.0,True
train_oof,1010,0,0.0,0.0,True
train_oof,1011,0,0.0,0.0,True
train_oof,1012,0,0.0,0.0,True
train_oof,1013,0,0.0,0.0,True
train_oof,1014,0,0.0,0.0,True
train_oof,1015,0,0.0,0.0,True
train_oof,1016,0,0.0,0.0,True
train_oof,1017,0,0.0,0.0,True
train_oof,1018,0,0.0,0.0,True
train_oof,1019,0,0.0,0.0,True
train_oof,1020,0,0.0,0.0,True
train_oof,1021,0,0.0,0.0,True
train_oof,1022,0,0.0,0.0,True
train_oof,1023,0,0.0,0.0,True
train_oof,1024,0,0.0,0.0,True
train_oof,1025,0,0.0,0.0,True
train_oof,1026,0,0.0,0.0,True
train_oof,1027,0,0.0,0.0,True
train_oof,1028,0,0.0,0.0,True
train_oof,1029,0,0.0,0.0,True
train_oof,1030,0,0.0,0.0,True
train_oof,1031,0,0.0,0.0,True
train_oof,1032,0,0.0,0.0,True
train_oof,1033,0,0.0,0.0,True
train_oof,1034,0,0.0,0.0,True
train_oof,1035,0,0.0,0.0,True
train_oof,1036,0,0.0,0.0,True
train_oof,1037,0,0.0,0.0,True
train_oof,1038,0,0.0,0.0,True
train_oof,1039,0,0.0,0.0,True
train_oof,1040,0,,0.0,False
train_oof,1041,0,0.0,0.0,True
train_oof,1042,0,0.0,0.0,True
train_oof,1043,0,0.0,0.0,True
train_oof,1044,0,0.0,0.0,True
train_oof,1045,0,0.0,0.0,True
train_oof,1046,0,0.0,0.0,True
train_oof,1047,0,0.0,0.0,True
train_oof,1048,0,0.0,0.0,True
train_oof,1049,0,0.0,0.0,True
train_oof,1050,0,0.0,0.0,True
train_oof,1051,-1,,-1.0,False
train_oof,1052,0,0.0,0.0,True
train_oof,1053,0,0.0,0.0,True
train_oof,1054,0,0.0,0.0,True
train_oof,1055,0,0.0,0.0,True
train_oof,1056,0,0.0,0.0,True
train_oof,1057,0,0.0,0.0,True
train_oof,1058,0,0.0,0.0,True
train_oof,1059,0,0.0,0.0,True
train_oof,1060,0,0.0,0.0,True
train_oof,1061,0,0.0,0.0,True
train_oof,1062,0,0.0,0.0,True
train_oof,1063,0,0.0,0.0,True
train_oof,1064,0,0.0,0.0,True
train_oof,1065,0,0.0,0.0,True
train_oof,1066,0,0.0,0.0,True
train_oof,1067,0,0.0,0.0,True
train_oof,1068,0,0.0,0.0,True
train_oof,1069,0,0.0,0.0,True
train_oof,1070,-1,-1.0,-1.0,True
train_oof,1071,0,0.0,0.0,True
train_oof,1072,0,0.0,0.0,True
train_oof,1073,0,0.0,0.0,True
train_oof,1074,0,0.0,0.0,True
train_oof,1075,0,0.0,0.0,True
train_oof,1076,0,0.0,0.0,True
train_oof,1077,-2,,-1.559077380952381,False
train_oof,1078,0,0.0,0.0,True
train_oof,1079,0,0.0,0.0,True
train_oof,1080,0,0.0,0.0,True
train_oof,1081,0,0.0,0.0,True
train_oof,1082,0,0.0,0.0,True
train_oof,1083,0,0.0,0.0,True
train_oof,1084,0,0.0,0.0,True
train_oof,1085,0,0.0,0.0,True
train_oof,1086,0,0.0,0.0,True
train_oof,1087,0,0.0,0.0,True
train_oof,1088,-1,-1.0,-1.0,True
train_oof,1089,0,0.0,-4.944620253164557e-05,True
train_oof,1090,0,0.0,0.0,True
train_oof,1091,0,0.0,0.0,True
train_oof,1092,0,0.0,0.0,True
train_oof,1093,0,0.0,0.0,True
train_oof,1094,0,0.0,0.0,True
train_oof,1095,0,0.0,0.0,True
train_oof,1096,0,0.0,0.0,True
train_oof,1097,0,0.0,0.0,True
train_oof,1098,0,0.0,0.0,True
train_oof,1099,0,0.0,0.0,True
train_oof,1100,0,0.0,0.0,True
train_oof,1101,0,0.0,0.0,True
train_oof,1102,0,0.0,0.0,True
train_oof,1103,0,0.0,0.0,True
train_oof,1104,0,0.0,0.0,True
train_oof,1105,0,0.0,0.0,True
train_oof,1106,0,0.0,0.0,True
train_oof,1107,0,0.0,0.0,True
train_oof,1108,0,0.0,0.0,True
train_oof,1109,0,0.0,0.0,True
train_oof,1110,0,0.0,0.0,True
train_oof,1111,0,0.0,0.0,True
train_oof,1112,0,0.0,0.0,True
train_oof,1113,-2,-2.0,-2.0,True
train_oof,1114,0,0.0,0.0,True
train_oof,1115,0,0.0,0.0,True
train_oof,1116,0,0.0,0.0,True
train_oof,1117,0,0.0,0.0,True
train_oof,1118,0,0.0,0.0,True
train_oof,1119,0,0.0,0.0,True
train_oof,1120,0,0.0,0.0,True
train_oof,1121,0,0.0,0.0,True
train_oof,1122,0,0.0,0.0,True
train_oof,1123,0,0.0,0.0,True
train_oof,1124,0,0.0,0.0,True
train_oof,1125,0,0.0,0.0,True
train_oof,1126,0,0.0,0.0,True
train_oof,1127,0,0.0,0.0,True
train_oof,1128,0,0.0,0.0,True
train_oof,1129,0,0.0,0.0,True
train_oof,1130,0,0.0,0.0,True
train_oof,1131,0,0.0,0.0,True
train_oof,1132,0,0.0,0.0,True
train_oof,1133,0,0.0,0.0,True
train_oof,1134,0,0.0,0.0,True
train_oof,1135,0,0.0,-4.944620253164557e-05,True
train_oof,1136,0,0.0,0.0,True
train_oof,1137,0,0.0,0.0,True
train_oof,1138,0,0.0,0.0,True
train_oof,1139,0,0.0,0.0,True
train_oof,1140,0,0.0,0.0,True
train_oof,1141,0,0.0,0.0,True
train_oof,1142,0,0.0,0.0,True
train_oof,1143,0,0.0,0.0,True
train_oof,1144,0,0.0,0.0,True
train_oof,1145,0,0.0,0.0,True
train_oof,1146,0,0.0,0.0,True
train_oof,1147,-1,-1.0,-1.0,True
train_oof,1148,0,0.0,0.0,True
train_oof,1149,0,0.0,0.0,True
train_oof,1150,0,0.0,0.0,True
train_oof,1151,0,0.0,0.0,True
train_oof,1152,0,0.0,0.0,True
train_oof,1153,0,0.0,0.0,True
train_oof,1154,0,0.0,0.0,True
train_oof,1155,0,0.0,0.0,True
train_oof,1156,0,0.0,0.0,True
train_oof,1157,0,0.0,0.0,True
train_oof,1158,0,0.0,0.0,True
train_oof,1159,0,0.0,0.0,True
train_oof,1160,0,0.0,0.0,True
train_oof,1161,0,0.0,0.0,True
train_oof,1162,0,0.0,0.0,True
train_oof,1163,-2,,-1.4525669642857142,False
train_oof,1164,0,0.0,0.0,True
train_oof,1165,0,0.0,0.0,True
train_oof,1166,0,0.0,0.0,True
train_oof,1167,0,0.0,0.0,True
train_oof,1168,0,0.0,0.0,True
train_oof,1169,0,0.0,0.0,True
train_oof,1170,0,0.0,0.0,True
train_oof,1171,-1,-1.0,-1.0,True
train_oof,1172,0,0.0,0.0,True
train_oof,1173,0,0.0,0.0,True
train_oof,1174,0,0.0,0.0,True
train_oof,1175,0,0.0,0.0,True
train_oof,1176,0,0.0,0.0,True
train_oof,1177,0,0.0,0.0,True
train_oof,1178,0,0.0,0.0,True
train_oof,1179,0,,0.0,False
train_oof,1180,0,0.0,0.0,True
train_oof,1181,0,0.0,0.0,True
train_oof,1182,0,0.0,0.0,True
train_oof,1183,0,0.0,0.0,True
train_oof,1184,0,0.0,0.0,True
train_oof,1185,0,0.0,-0.0390625,True
train_oof,1186,0,0.0,0.0,True
train_oof,1187,0,0.0,0.0,True
train_oof,1188,0,0.0,0.0,True
train_oof,1189,0,0.0,0.0,True
train_oof,1190,0,0.0,0.0,True
train_oof,1191,0,0.0,0.0,True
train_oof,1192,0,0.0,0.0,True
train_oof,1193,0,0.0,0.0,True
train_oof,1194,0,0.0,0.0,True
train_oof,1195,0,,-1.886160714285715,False
train_oof,1196,0,0.0,0.0,True
train_oof,1197,0,0.0,0.0,True
train_oof,1198,0,0.0,0.0,True
train_oof,1199,0,0.0,0.0,True
train_oof,1200,0,0.0,0.0,True
train_oof,1201,0,0.0,0.0,True
train_oof,1202,0,0.0,0.0,True
train_oof,1203,0,0.0,0.0,True
train_oof,1204,0,0.0,0.0,True
train_oof,1205,0,0.0,0.0,True
train_oof,1206,0,,-0.020833333333333332,False
train_oof,1207,0,0.0,0.0,True
train_oof,1208,-1,-1.0,-1.0,True
train_oof,1209,0,0.0,0.0,True
train_oof,1210,0,0.0,0.0,True
train_oof,1211,0,0.0,0.0,True
train_oof,1212,0,0.0,0.0,True
train_oof,1213,0,0.0,0.0,True
train_oof,1214,0,0.0,0.0,True
train_oof,1215,0,0.0,0.0,True
train_oof,1216,0,0.0,0.0,True
train_oof,1217,0,0.0,0.0,True
train_oof,1218,0,0.0,0.0,True
train_oof,1219,0,0.0,0.0,True
train_oof,1220,0,0.0,0.0,True
train_oof,1221,0,0.0,0.0,True
train_oof,1222,0,0.0,0.0,True
train_oof,1223,0,0.0,0.0,True
train_oof,1224,0,0.0,0.0,True
train_oof,1225,0,0.0,0.0,True
train_oof,1226,0,0.0,0.0,True
train_oof,1227,0,0.0,0.0,True
train_oof,1228,0,0.0,0.0,True
train_oof,1229,0,0.0,0.0,True
train_oof,1230,0,0.0,0.0,True
train_oof,1231,0,0.0,0.0,True
train_oof,1232,0,0.0,0.0,True
train_oof,1233,0,0.0,0.0,True
train_oof,1234,0,0.0,0.0,True
train_oof,1235,0,0.0,0.0,True
train_oof,1236,0,0.0,0.0,True
train_oof,1237,0,0.0,0.0,True
train_oof,1238,-2,,-1.559077380952381,False
train_oof,1239,0,0.0,0.0,True
train_oof,1240,0,0.0,0.0,True
train_oof,1241,0,,-0.0390625,False
train_oof,1242,0,0.0,0.0,True
train_oof,1243,0,0.0,0.0,True
train_oof,1244,0,0.0,0.0,True
train_oof,1245,0,0.0,0.0,True
train_oof,1246,0,0.0,0.0,True
train_oof,1247,0,0.0,0.0,True
train_oof,1248,0,0.0,0.0,True
train_oof,1249,0,0.0,0.0,True
train_oof,1250,0,0.0,0.0,True
train_oof,1251,0,0.0,-0.0007626488095238095,True
train_oof,1252,0,0.0,0.0,True
train_oof,1253,0,0.0,0.0,True
train_oof,1254,0,0.0,0.0,True
train_oof,1255,0,0.0,0.0,True
train_oof,1256,0,0.0,0.0,True
train_oof,1257,0,0.0,0.0,True
train_oof,1258,0,0.0,0.0,True
train_oof,1259,-1,-1.0,-1.0,True
train_oof,1260,0,0.0,0.0,True
train_oof,1261,0,0.0,0.0,True
train_oof,1262,0,0.0,0.0,True
train_oof,1263,0,0.0,0.0,True
train_oof,1264,0,0.0,0.0,True
train_oof,1265,0,0.0,0.0,True
train_oof,1266,0,0.0,0.0,True
train_oof,1267,0,0.0,0.0,True
train_oof,1268,0,0.0,0.0,True
train_oof,1269,0,0.0,0.0,True
train_oof,1270,0,-6.0,-3.2357700892857126,True
train_oof,1271,0,0.0,0.0,True
train_oof,1272,0,0.0,0.0,True
train_oof,1273,0,0.0,0.0,True
train_oof,1274,0,0.0,0.0,True
train_oof,1275,0,0.0,0.0,True
train_oof,1276,0,0.0,0.0,True
train_oof,1277,0,0.0,0.0,True
train_oof,1278,-1,-1.0,-1.0,True
train_oof,1279,0,0.0,-0.001953125,True
train_oof,1280,0,0.0,0.0,True
train_oof,1281,0,0.0,0.0,True
train_oof,1282,0,0.0,0.0,True
train_oof,1283,0,0.0,0.0,True
train_oof,1284,0,0.0,0.0,True
train_oof,1285,0,0.0,0.0,True
train_oof,1286,0,0.0,0.0,True
train_oof,1287,0,0.0,0.0,True
train_oof,1288,0,0.0,0.0,True
train_oof,1289,0,0.0,0.0,True
train_oof,1290,0,0.0,0.0,True
train_oof,1291,0,0.0,0.0,True
train_oof,1292,0,0.0,0.0,True
train_oof,1293,0,0.0,0.0,True
train_oof,1294,0,0.0,0.0,True
train_oof,1295,0,0.0,0.0,True
train_oof,1296,0,0.0,0.0,True
train_oof,1297,0,0.0,0.0,True
train_oof,1298,0,0.0,0.0,True
train_oof,1299,0,0.0,0.0,True
train_oof,1300,0,0.0,0.0,True
train_oof,1301,0,0.0,0.0,True
train_oof,1302,0,0.0,0.0,True
train_oof,1303,0,0.0,0.0,True
train_oof,1304,0,0.0,0.0,True
train_oof,1305,0,0.0,0.0,True
train_oof,1306,0,0.0,0.0,True
train_oof,1307,0,0.0,0.0,True
train_oof,1308,0,0.0,0.0,True
train_oof,1309,-1,,-0.8382161458333334,False
train_oof,1310,0,0.0,0.0,True
train_oof,1311,0,0.0,0.0,True
train_oof,1312,0,0.0,0.0,True
train_oof,1313,0,0.0,0.0,True
train_oof,1314,0,0.0,0.0,True
train_oof,1315,0,0.0,0.0,True
train_oof,1316,0,0.0,0.0,True
train_oof,1317,0,0.0,0.0,True
train_oof,1318,0,0.0,0.0,True
train_oof,1319,0,0.0,0.0,True
train_oof,1320,0,0.0,0.0,True
train_oof,1321,0,0.0,0.0,True
train_oof,1322,0,0.0,0.0,True
train_oof,1323,0,0.0,0.0,True
train_oof,1324,0,0.0,0.0,True
train_oof,1325,0,0.0,0.0,True
train_oof,1326,0,0.0,0.0,True
train_oof,1327,0,0.0,0.0,True
train_oof,1328,0,0.0,0.0,True
train_oof,1329,0,0.0,0.0,True
train_oof,1330,0,0.0,0.0,True
train_oof,1331,0,0.0,0.0,True
train_oof,1332,0,,-0.04538690476190476,False
train_oof,1333,0,0.0,0.0,True
train_oof,1334,0,0.0,0.0,True
train_oof,1335,0,0.0,0.0,True
train_oof,1336,0,0.0,0.0,True
train_oof,1337,0,0.0,0.0,True
train_oof,1338,0,0.0,0.0,True
train_oof,1339,0,0.0,0.0,True
train_oof,1340,0,0.0,0.0,True
train_oof,1341,0,0.0,0.0,True
train_oof,1342,0,0.0,0.0,True
train_oof,1343,0,0.0,0.0,True
train_oof,1344,0,0.0,0.0,True
train_oof,1345,0,0.0,0.0,True
train_oof,1346,0,0.0,0.0,True
train_oof,1347,0,0.0,0.0,True
train_oof,1348,0,0.0,0.0,True
train_oof,1349,0,0.0,-4.944620253164557e-05,True
train_oof,1350,0,0.0,0.0,True
train_oof,1351,-1,-1.0,-1.0,True
train_oof,1352,-2,,-1.8192894345238093,False
train_oof,1353,0,0.0,0.0,True
train_oof,1354,0,0.0,0.0,True
train_oof,1355,0,0.0,0.0,True
train_oof,1356,0,0.0,0.0,True
train_oof,1357,0,0.0,0.0,True
train_oof,1358,0,0.0,0.0,True
train_oof,1359,0,0.0,0.0,True
train_oof,1360,0,0.0,0.0,True
train_oof,1361,0,0.0,0.0,True
train_oof,1362,0,0.0,0.0,True
train_oof,1363,0,0.0,0.0,True
train_oof,1364,0,0.0,0.0,True
train_oof,1365,0,0.0,0.0,True
train_oof,1366,0,0.0,0.0,True
train_oof,1367,0,0.0,0.0,True
train_oof,1368,0,0.0,0.0,True
train_oof,1369,0,0.0,0.0,True
train_oof,1370,0,0.0,0.0,True
train_oof,1371,0,0.0,0.0,True
train_oof,1372,0,0.0,-0.036272321428571425,True
train_oof,1373,0,0.0,0.0,True
train_oof,1374,0,0.0,0.0,True
train_oof,1375,0,0.0,0.0,True
train_oof,1376,0,0.0,0.0,True
train_oof,1377,0,0.0,0.0,True
train_oof,1378,0,0.0,0.0,True
train_oof,1379,0,0.0,0.0,True
train_oof,1380,0,0.0,0.0,True
train_oof,1381,0,0.0,0.0,True
train_oof,1382,0,0.0,0.0,True
train_oof,1383,0,0.0,0.0,True
train_oof,1384,0,0.0,0.0,True
train_oof,1385,0,0.0,0.0,True
train_oof,1386,0,0.0,0.0,True
train_oof,1387,0,0.0,0.0,True
train_oof,1388,0,0.0,0.0,True
train_oof,1389,0,0.0,0.0,True
train_oof,1390,0,0.0,0.0,True
train_oof,1391,0,0.0,0.0,True
train_oof,1392,0,0.0,0.0,True
train_oof,1393,0,0.0,0.0,True
train_oof,1394,0,0.0,0.0,True
train_oof,1395,0,0.0,0.0,True
train_oof,1396,0,0.0,0.0,True
train_oof,1397,0,0.0,0.0,True
train_oof,1398,0,0.0,0.0,True
train_oof,1399,0,0.0,0.0,True
train_oof,1400,0,0.0,0.0,True
train_oof,1401,0,0.0,0.0,True
train_oof,1402,0,0.0,0.0,True
train_oof,1403,0,0.0,0.0,True
train_oof,1404,0,0.0,0.0,True
train_oof,1405,0,,0.0,False
train_oof,1406,0,0.0,0.0,True
train_oof,1407,0,0.0,0.0,True
train_oof,1408,0,0.0,0.0,True
train_oof,1409,0,0.0,0.0,True
train_oof,1410,0,0.0,0.0,True
train_oof,1411,0,0.0,0.0,True
train_oof,1412,0,0.0,0.0,True
train_oof,1413,0,0.0,0.0,True
train_oof,1414,0,0.0,0.0,True
train_oof,1415,0,0.0,0.0,True
train_oof,1416,0,0.0,0.0,True
train_oof,1417,0,0.0,0.0,True
train_oof,1418,0,0.0,0.0,True
train_oof,1419,0,0.0,0.0,True
train_oof,1420,0,0.0,0.0,True
train_oof,1421,-1,,-1.0,False
train_oof,1422,0,0.0,0.0,True
train_oof,1423,0,0.0,0.0,True
train_oof,1424,-6,0.0,-2.0173177083333336,True
train_oof,1425,0,0.0,0.0,True
train_oof,1426,0,0.0,0.0,True
train_oof,1427,0,0.0,0.0,True
train_oof,1428,0,0.0,0.0,True
train_oof,1429,0,0.0,0.0,True
train_oof,1430,0,0.0,-4.944620253164557e-05,True
train_oof,1431,0,0.0,-4.944620253164557e-05,True
train_oof,1432,0,0.0,0.0,True
train_oof,1433,0,0.0,0.0,True
train_oof,1434,0,0.0,0.0,True
train_oof,1435,0,0.0,0.0,True
train_oof,1436,0,0.0,0.0,True
train_oof,1437,0,0.0,-0.01171875,True
train_oof,1438,0,0.0,0.0,True
train_oof,1439,0,0.0,0.0,True
train_oof,1440,0,0.0,0.0,True
train_oof,1441,0,0.0,0.0,True
train_oof,1442,0,0.0,0.0,True
train_oof,1443,0,0.0,0.0,True
train_oof,1444,0,0.0,0.0,True
train_oof,1445,0,0.0,0.0,True
train_oof,1446,0,0.0,0.0,True
train_oof,1447,0,0.0,0.0,True
train_oof,1448,0,0.0,0.0,True
train_oof,1449,-1,-1.0,-1.0,True
train_oof,1450,0,0.0,0.0,True
train_oof,1451,0,0.0,0.0,True
train_oof,1452,0,0.0,0.0,True
train_oof,1453,-1,-1.0,-1.0,True
train_oof,1454,0,0.0,0.0,True
train_oof,1455,0,0.0,0.0,True
train_oof,1456,0,0.0,0.0,True
train_oof,1457,0,0.0,0.0,True
train_oof,1458,0,0.0,0.0,True
train_oof,1459,0,0.0,0.0,True
train_oof,1460,0,0.0,0.0,True
train_oof,1461,0,0.0,0.0,True
train_oof,1462,0,0.0,-0.19205729166666669,True
train_oof,1463,0,0.0,0.0,True
train_oof,1464,0,0.0,0.0,True
train_oof,1465,0,0.0,0.0,True
train_oof,1466,0,0.0,0.0,True
train_oof,1467,0,0.0,0.0,True
train_oof,1468,0,0.0,0.0,True
train_oof,1469,0,0.0,0.0,True
train_oof,1470,0,0.0,0.0,True
train_oof,1471,0,0.0,0.0,True
train_oof,1472,0,0.0,0.0,True
train_oof,1473,0,0.0,0.0,True
train_oof,1474,0,0.0,0.0,True
train_oof,1475,0,0.0,0.0,True
train_oof,1476,0,,0.0,False
train_oof,1477,0,0.0,0.0,True
train_oof,1478,0,0.0,0.0,True
train_oof,1479,0,0.0,-4.944620253164557e-05,True
train_oof,1480,0,0.0,0.0,True
train_oof,1481,0,0.0,0.0,True
train_oof,1482,0,0.0,0.0,True
train_oof,1483,0,0.0,0.0,True
train_oof,1484,0,0.0,0.0,True
train_oof,1485,0,0.0,0.0,True
train_oof,1486,0,0.0,0.0,True
train_oof,1487,0,0.0,0.0,True
train_oof,1488,0,0.0,0.0,True
train_oof,1489,0,0.0,0.0,True
train_oof,1490,0,0.0,0.0,True
train_oof,1491,0,0.0,0.0,True
train_oof,1492,0,0.0,0.0,True
train_oof,1493,0,0.0,0.0,True
train_oof,1494,0,0.0,0.0,True
train_oof,1495,0,0.0,0.0,True
train_oof,1496,0,0.0,0.0,True
train_oof,1497,0,0.0,0.0,True
train_oof,1498,0,0.0,0.0,True
train_oof,1499,0,0.0,0.0,True
train_oof,1500,0,0.0,0.0,True
train_oof,1501,0,0.0,0.0,True
train_oof,1502,0,0.0,0.0,True
train_oof,1503,0,0.0,0.0,True
train_oof,1504,0,0.0,0.0,True
train_oof,1505,0,0.0,0.0,True
train_oof,1506,0,0.0,0.0,True
train_oof,1507,0,0.0,0.0,True
train_oof,1508,0,0.0,0.0,True
train_oof,1509,0,0.0,0.0,True
train_oof,1510,0,0.0,0.0,True
train_oof,1511,0,0.0,0.0,True
train_oof,1512,0,0.0,0.0,True
train_oof,1513,0,0.0,0.0,True
train_oof,1514,0,0.0,0.0,True
train_oof,1515,0,0.0,0.0,True
train_oof,1516,0,0.0,0.0,True
train_oof,1517,0,0.0,0.0,True
train_oof,1518,0,0.0,0.0,True
train_oof,1519,0,0.0,0.0,True
train_oof,1520,0,0.0,0.0,True
train_oof,1521,0,0.0,0.0,True
train_oof,1522,0,0.0,0.0,True
train_oof,1523,0,0.0,0.0,True
train_oof,1524,0,0.0,0.0,True
train_oof,1525,0,0.0,0.0,True
train_oof,1526,0,0.0,0.0,True
train_oof,1527,0,0.0,0.0,True
train_oof,1528,0,0.0,0.0,True
train_oof,1529,0,,-1.8391927083333344,False
train_oof,1530,0,0.0,0.0,True
train_oof,1531,0,0.0,0.0,True
train_oof,1532,-1,-1.0,-1.0,True
train_oof,1533,0,0.0,0.0,True
train_oof,1534,0,0.0,0.0,True
train_oof,1535,0,0.0,0.0,True
train_oof,1536,0,0.0,0.0,True
train_oof,1537,0,0.0,0.0,True
train_oof,1538,0,0.0,0.0,True
train_oof,1539,0,0.0,0.0,True
train_oof,1540,0,0.0,0.0,True
train_oof,1541,0,0.0,0.0,True
train_oof,1542,0,0.0,0.0,True
train_oof,1543,0,0.0,0.0,True
train_oof,1544,0,0.0,0.0,True
train_oof,1545,0,0.0,0.0,True
train_oof,1546,0,0.0,0.0,True
train_oof,1547,0,0.0,0.0,True
train_oof,1548,0,0.0,0.0,True
train_oof,1549,0,0.0,0.0,True
train_oof,1550,0,0.0,0.0,True
train_oof,1551,0,0.0,0.0,True
train_oof,1552,0,0.0,0.0,True
train_oof,1553,0,0.0,0.0,True
train_oof,1554,0,0.0,0.0,True
train_oof,1555,0,0.0,0.0,True
train_oof,1556,0,0.0,0.0,True
train_oof,1557,0,0.0,0.0,True
train_oof,1558,0,0.0,0.0,True
train_oof,1559,0,0.0,0.0,True
train_oof,1560,0,0.0,0.0,True
train_oof,1561,0,0.0,-4.944620253164557e-05,True
train_oof,1562,0,0.0,0.0,True
train_oof,1563,-1,-1.0,-1.0,True
train_oof,1564,0,0.0,0.0,True
train_oof,1565,0,0.0,0.0,True
train_oof,1566,0,0.0,0.0,True
train_oof,1567,0,0.0,0.0,True
train_oof,1568,0,0.0,0.0,True
train_oof,1569,0,0.0,0.0,True
train_oof,1570,0,0.0,0.0,True
train_oof,1571,0,0.0,0.0,True
train_oof,1572,0,0.0,0.0,True
train_oof,1573,0,0.0,0.0,True
train_oof,1574,0,,0.0,False
train_oof,1575,0,0.0,0.0,True
train_oof,1576,0,0.0,0.0,True
train_oof,1577,0,0.0,0.0,True
train_oof,1578,-1,-1.0,-1.0,True
train_oof,1579,0,0.0,0.0,True
train_oof,1580,0,0.0,0.0,True
train_oof,1581,0,0.0,0.0,True
train_oof,1582,0,0.0,0.0,True
train_oof,1583,0,0.0,-0.03255208333333333,True
train_oof,1584,-1,-1.0,-1.0,True
train_oof,1585,0,0.0,0.0,True
train_oof,1586,0,0.0,0.0,True
train_oof,1587,0,0.0,0.0,True
train_oof,1588,0,0.0,0.0,True
train_oof,1589,0,0.0,0.0,True
train_oof,1590,0,0.0,0.0,True
train_oof,1591,0,0.0,0.0,True
train_oof,1592,0,0.0,0.0,True
train_oof,1593,0,0.0,0.0,True
train_oof,1594,0,0.0,0.0,True
train_oof,1595,0,0.0,0.0,True
train_oof,1596,0,0.0,0.0,True
train_oof,1597,0,0.0,0.0,True
train_oof,1598,0,0.0,0.0,True
train_oof,1599,0,0.0,0.0,True
train_oof,1600,0,0.0,0.0,True
train_oof,1601,0,0.0,0.0,True
train_oof,1602,0,0.0,0.0,True
train_oof,1603,0,0.0,0.0,True
train_oof,1604,0,0.0,0.0,True
train_oof,1605,0,0.0,0.0,True
train_oof,1606,0,0.0,0.0,True
train_oof,1607,0,0.0,0.0,True
train_oof,1608,0,0.0,0.0,True
train_oof,1609,0,,-0.005208333333333333,False
train_oof,1610,0,0.0,0.0,True
train_oof,1611,0,0.0,0.0,True
train_oof,1612,0,0.0,0.0,True
train_oof,1613,0,0.0,0.0,True
train_oof,1614,0,0.0,0.0,True
train_oof,1615,0,0.0,0.0,True
train_oof,1616,0,0.0,0.0,True
train_oof,1617,0,0.0,0.0,True
train_oof,1618,0,0.0,0.0,True
train_oof,1619,0,0.0,0.0,True
train_oof,1620,0,0.0,0.0,True
train_oof,1621,0,0.0,0.0,True
train_oof,1622,0,0.0,-4.944620253164557e-05,True
train_oof,1623,0,0.0,0.0,True
train_oof,1624,0,0.0,0.0,True
train_oof,1625,0,0.0,0.0,True
train_oof,1626,0,0.0,0.0,True
train_oof,1627,0,0.0,0.0,True
train_oof,1628,0,0.0,0.0,True
train_oof,1629,0,0.0,0.0,True
train_oof,1630,0,0.0,0.0,True
train_oof,1631,0,0.0,0.0,True
train_oof,1632,0,0.0,0.0,True
train_oof,1633,0,0.0,0.0,True
train_oof,1634,0,0.0,0.0,True
train_oof,1635,0,0.0,0.0,True
train_oof,1636,0,0.0,0.0,True
train_oof,1637,0,0.0,0.0,True
train_oof,1638,0,0.0,0.0,True
train_oof,1639,0,0.0,0.0,True
train_oof,1640,0,0.0,0.0,True
train_oof,1641,-1,-1.0,-1.0,True
train_oof,1642,0,0.0,-4.944620253164557e-05,True
train_oof,1643,0,0.0,0.0,True
train_oof,1644,0,0.0,0.0,True
train_oof,1645,0,0.0,0.0,True
train_oof,1646,0,0.0,0.0,True
train_oof,1647,0,0.0,0.0,True
train_oof,1648,0,0.0,0.0,True
train_oof,1649,0,,-0.03645833333333333,False
train_oof,1650,0,0.0,0.0,True
train_oof,1651,0,0.0,0.0,True
train_oof,1652,0,0.0,0.0,True
train_oof,1653,0,0.0,0.0,True
train_oof,1654,0,0.0,0.0,True
train_oof,1655,0,0.0,0.0,True
train_oof,1656,0,0.0,0.0,True
train_oof,1657,0,0.0,0.0,True
train_oof,1658,0,0.0,0.0,True
train_oof,1659,0,0.0,-4.944620253164557e-05,True
train_oof,1660,0,0.0,0.0,True
train_oof,1661,0,0.0,0.0,True
train_oof,1662,0,0.0,0.0,True
train_oof,1663,-1,,-1.0384114583333335,False
train_oof,1664,0,0.0,0.0,True
train_oof,1665,0,0.0,0.0,True
train_oof,1666,0,0.0,0.0,True
train_oof,1667,0,,-0.0390625,False
train_oof,1668,0,0.0,0.0,True
train_oof,1669,0,0.0,-0.00390625,True
train_oof,1670,0,0.0,0.0,True
train_oof,1671,0,0.0,0.0,True
train_oof,1672,0,0.0,0.0,True
train_oof,1673,0,0.0,0.0,True
train_oof,1674,0,0.0,0.0,True
train_oof,1675,0,0.0,0.0,True
train_oof,1676,0,0.0,0.0,True
train_oof,1677,0,0.0,0.0,True
train_oof,1678,0,0.0,0.0,True
train_oof,1679,0,,-0.0375,False
train_oof,1680,0,0.0,0.0,True
train_oof,1681,0,0.0,0.0,True
train_oof,1682,0,0.0,0.0,True
train_oof,1683,0,0.0,-0.00390625,True
train_oof,1684,0,0.0,0.0,True
train_oof,1685,0,0.0,0.0,True
train_oof,1686,0,0.0,0.0,True
train_oof,1687,0,0.0,0.0,True
train_oof,1688,0,0.0,0.0,True
train_oof,1689,0,0.0,0.0,True
train_oof,1690,0,0.0,0.0,True
train_oof,1691,0,0.0,0.0,True
train_oof,1692,0,0.0,0.0,True
train_oof,1693,0,0.0,0.0,True
train_oof,1694,0,0.0,0.0,True
train_oof,1695,0,0.0,0.0,True
train_oof,1696,0,0.0,0.0,True
train_oof,1697,0,0.0,0.0,True
train_oof,1698,0,0.0,0.0,True
train_oof,1699,0,0.0,0.0,True
train_oof,1700,0,0.0,0.0,True
train_oof,1701,0,0.0,0.0,True
train_oof,1702,0,0.0,0.0,True
train_oof,1703,0,0.0,0.0,True
train_oof,1704,0,0.0,0.0,True
train_oof,1705,0,0.0,0.0,True
train_oof,1706,0,0.0,-0.06933593749999999,True
train_oof,1707,0,0.0,0.0,True
train_oof,1708,0,0.0,0.0,True
train_oof,1709,0,0.0,0.0,True
train_oof,1710,0,0.0,0.0,True
train_oof,1711,0,,0.0,False
train_oof,1712,0,0.0,0.0,True
train_oof,1713,0,0.0,0.0,True
train_oof,1714,0,0.0,0.0,True
train_oof,1715,0,0.0,0.0,True
train_oof,1716,0,0.0,0.0,True
train_oof,1717,0,0.0,0.0,True
train_oof,1718,0,0.0,0.0,True
train_oof,1719,0,0.0,0.0,True
train_oof,1720,0,0.0,0.0,True
train_oof,1721,0,0.0,0.0,True
train_oof,1722,0,0.0,0.0,True
train_oof,1723,0,0.0,0.0,True
train_oof,1724,0,0.0,0.0,True
train_oof,1725,-1,-1.0,-1.0,True
train_oof,1726,0,0.0,0.0,True
train_oof,1727,0,0.0,0.0,True
train_oof,1728,0,0.0,0.0,True
train_oof,1729,0,0.0,0.0,True
train_oof,1730,-2,-2.0,-2.0,True
train_oof,1731,0,0.0,0.0,True
train_oof,1732,0,0.0,0.0,True
train_oof,1733,0,0.0,0.0,True
train_oof,1734,0,0.0,0.0,True
train_oof,1735,0,0.0,0.0,True
train_oof,1736,0,0.0,0.0,True
train_oof,1737,0,0.0,0.0,True
train_oof,1738,0,0.0,0.0,True
train_oof,1739,0,0.0,0.0,True
train_oof,1740,0,0.0,0.0,True
train_oof,1741,-1,-1.0,-1.0,True
train_oof,1742,0,0.0,0.0,True
train_oof,1743,0,0.0,0.0,True
train_oof,1744,0,0.0,0.0,True
train_oof,1745,0,0.0,0.0,True
train_oof,1746,0,0.0,0.0,True
train_oof,1747,0,0.0,0.0,True
train_oof,1748,0,,0.0,False
train_oof,1749,0,0.0,0.0,True
train_oof,1750,0,0.0,0.0,True
train_oof,1751,0,0.0,0.0,True
train_oof,1752,0,0.0,0.0,True
train_oof,1753,0,0.0,0.0,True
train_oof,1754,0,0.0,0.0,True
train_oof,1755,0,0.0,0.0,True
train_oof,1756,0,0.0,0.0,True
train_oof,1757,0,0.0,0.0,True
train_oof,1758,0,0.0,0.0,True
train_oof,1759,0,0.0,0.0,True
train_oof,1760,-5,,-0.7296875000000002,False
train_oof,1761,0,0.0,0.0,True
train_oof,1762,0,0.0,0.0,True
train_oof,1763,0,0.0,0.0,True
train_oof,1764,0,0.0,0.0,True
train_oof,1765,0,0.0,0.0,True
train_oof,1766,0,0.0,0.0,True
train_oof,1767,0,0.0,0.0,True
train_oof,1768,-1,-1.0,-1.0,True
train_oof,1769,0,0.0,0.0,True
train_oof,1770,0,0.0,0.0,True
train_oof,1771,0,0.0,0.0,True
train_oof,1772,0,0.0,0.0,True
train_oof,1773,0,0.0,0.0,True
train_oof,1774,0,0.0,0.0,True
train_oof,1775,0,0.0,0.0,True
train_oof,1776,0,0.0,0.0,True
train_oof,1777,0,0.0,0.0,True
train_oof,1778,0,0.0,0.0,True
train_oof,1779,0,0.0,0.0,True
train_oof,1780,0,0.0,0.0,True
train_oof,1781,0,0.0,0.0,True
train_oof,1782,0,0.0,0.0,True
train_oof,1783,0,0.0,0.0,True
train_oof,1784,0,0.0,0.0,True
train_oof,1785,-1,-1.0,-1.0,True
train_oof,1786,0,0.0,0.0,True
train_oof,1787,0,0.0,0.0,True
train_oof,1788,0,0.0,0.0,True
train_oof,1789,0,0.0,0.0,True
train_oof,1790,0,0.0,0.0,True
train_oof,1791,0,0.0,0.0,True
train_oof,1792,0,0.0,0.0,True
train_oof,1793,0,0.0,0.0,True
train_oof,1794,0,0.0,0.0,True
train_oof,1795,0,0.0,-0.041015625,True
train_oof,1796,0,0.0,0.0,True
train_oof,1797,0,0.0,0.0,True
train_oof,1798,0,0.0,0.0,True
train_oof,1799,0,0.0,0.0,True
train_oof,1800,0,0.0,0.0,True
train_oof,1801,0,0.0,0.0,True
train_oof,1802,0,0.0,0.0,True
train_oof,1803,0,0.0,0.0,True
train_oof,1804,0,0.0,0.0,True
train_oof,1805,0,0.0,0.0,True
train_oof,1806,0,0.0,0.0,True
train_oof,1807,0,0.0,0.0,True
train_oof,1808,0,0.0,0.0,True
train_oof,1809,0,0.0,0.0,True
train_oof,1810,0,0.0,0.0,True
train_oof,1811,0,0.0,0.0,True
train_oof,1812,0,0.0,0.0,True
train_oof,1813,0,0.0,0.0,True
train_oof,1814,0,0.0,0.0,True
train_oof,1815,0,0.0,0.0,True
train_oof,1816,0,0.0,0.0,True
train_oof,1817,0,0.0,0.0,True
train_oof,1818,0,0.0,0.0,True
train_oof,1819,0,0.0,0.0,True
train_oof,1820,0,0.0,0.0,True
train_oof,1821,0,0.0,0.0,True
train_oof,1822,-1,-1.0,-1.0,True
train_oof,1823,0,0.0,0.0,True
train_oof,1824,0,0.0,0.0,True
train_oof,1825,0,,0.0,False
train_oof,1826,0,0.0,0.0,True
train_oof,1827,0,0.0,0.0,True
train_oof,1828,0,0.0,0.0,True
train_oof,1829,0,0.0,0.0,True
train_oof,1830,0,0.0,0.0,True
train_oof,1831,0,0.0,0.0,True
train_oof,1832,0,0.0,0.0,True
train_oof,1833,0,0.0,0.0,True
train_oof,1834,0,0.0,0.0,True
train_oof,1835,0,0.0,0.0,True
train_oof,1836,0,0.0,0.0,True
train_oof,1837,0,0.0,0.0,True
train_oof,1838,0,0.0,0.0,True
train_oof,1839,0,0.0,0.0,True
train_oof,1840,0,,0.0,False
train_oof,1841,0,0.0,0.0,True
train_oof,1842,0,0.0,0.0,True
train_oof,1843,0,,-0.015625,False
train_oof,1844,0,0.0,0.0,True
train_oof,1845,-1,-1.0,-1.0,True
train_oof,1846,0,0.0,0.0,True
train_oof,1847,0,0.0,0.0,True
train_oof,1848,0,0.0,0.0,True
train_oof,1849,0,0.0,0.0,True
train_oof,1850,0,0.0,0.0,True
train_oof,1851,0,0.0,0.0,True
train_oof,1852,0,0.0,0.0,True
train_oof,1853,0,0.0,0.0,True
train_oof,1854,0,0.0,0.0,True
train_oof,1855,0,0.0,0.0,True
train_oof,1856,0,0.0,0.0,True
train_oof,1857,0,0.0,0.0,True
train_oof,1858,0,0.0,0.0,True
train_oof,1859,0,0.0,0.0,True
train_oof,1860,0,0.0,0.0,True
train_oof,1861,0,0.0,0.0,True
train_oof,1862,0,0.0,0.0,True
train_oof,1863,0,0.0,0.0,True
train_oof,1864,0,0.0,0.0,True
train_oof,1865,0,0.0,0.0,True
train_oof,1866,0,0.0,0.0,True
train_oof,1867,0,0.0,0.0,True
train_oof,1868,0,0.0,0.0,True
train_oof,1869,0,0.0,0.0,True
train_oof,1870,0,0.0,0.0,True
train_oof,1871,0,0.0,0.0,True
train_oof,1872,0,0.0,-4.944620253164557e-05,True
train_oof,1873,0,0.0,0.0,True
train_oof,1874,0,0.0,0.0,True
train_oof,1875,0,0.0,0.0,True
train_oof,1876,0,0.0,0.0,True
train_oof,1877,0,0.0,0.0,True
train_oof,1878,0,0.0,0.0,True
train_oof,1879,-1,-1.0,-1.0,True
train_oof,1880,-1,-1.0,-1.0,True
train_oof,1881,0,0.0,0.0,True
train_oof,1882,0,0.0,0.0,True
train_oof,1883,-1,,-1.0,False
train_oof,1884,0,0.0,0.0,True
train_oof,1885,0,0.0,0.0,True
train_oof,1886,0,0.0,0.0,True
train_oof,1887,0,0.0,0.0,True
train_oof,1888,0,0.0,0.0,True
train_oof,1889,0,0.0,0.0,True
train_oof,1890,0,0.0,0.0,True
train_oof,1891,0,0.0,0.0,True
train_oof,1892,0,0.0,0.0,True
train_oof,1893,0,0.0,0.0,True
train_oof,1894,0,0.0,0.0,True
train_oof,1895,0,0.0,0.0,True
train_oof,1896,0,0.0,0.0,True
train_oof,1897,0,0.0,0.0,True
train_oof,1898,0,0.0,0.0,True
train_oof,1899,0,0.0,0.0,True
train_oof,1900,0,0.0,0.0,True
train_oof,1901,0,0.0,0.0,True
train_oof,1902,0,0.0,0.0,True
train_oof,1903,0,0.0,0.0,True
train_oof,1904,0,0.0,0.0,True
train_oof,1905,0,0.0,0.0,True
train_oof,1906,0,0.0,0.0,True
train_oof,1907,0,0.0,0.0,True
train_oof,1908,0,0.0,0.0,True
train_oof,1909,-1,-1.0,-1.04296875,True
train_oof,1910,0,0.0,0.0,True
train_oof,1911,0,0.0,0.0,True
train_oof,1912,0,0.0,0.0,True
train_oof,1913,0,0.0,0.0,True
train_oof,1914,0,0.0,0.0,True
train_oof,1915,0,0.0,0.0,True
train_oof,1916,0,0.0,0.0,True
train_oof,1917,0,0.0,0.0,True
train_oof,1918,0,0.0,0.0,True
train_oof,1919,0,0.0,0.0,True
train_oof,1920,0,0.0,0.0,True
train_oof,1921,0,0.0,0.0,True
train_oof,1922,0,0.0,0.0,True
train_oof,1923,0,0.0,0.0,True
train_oof,1924,0,0.0,0.0,True
train_oof,1925,0,0.0,0.0,True
train_oof,1926,0,0.0,0.0,True
train_oof,1927,0,0.0,0.0,True
train_oof,1928,0,0.0,0.0,True
train_oof,1929,0,0.0,0.0,True
train_oof,1930,0,0.0,0.0,True
train_oof,1931,0,0.0,0.0,True
train_oof,1932,0,0.0,0.0,True
train_oof,1933,0,0.0,0.0,True
train_oof,1934,0,0.0,0.0,True
train_oof,1935,0,0.0,0.0,True
train_oof,1936,0,0.0,0.0,True
train_oof,1937,0,0.0,0.0,True
train_oof,1938,0,0.0,0.0,True
train_oof,1939,0,0.0,0.0,True
train_oof,1940,0,0.0,0.0,True
train_oof,1941,0,,-0.15141369047619047,False
train_oof,1942,0,0.0,0.0,True
train_oof,1943,0,0.0,0.0,True
train_oof,1944,0,0.0,0.0,True
train_oof,1945,0,0.0,0.0,True
train_oof,1946,0,0.0,0.0,True
train_oof,1947,0,0.0,0.0,True
train_oof,1948,0,0.0,0.0,True
train_oof,1949,0,0.0,0.0,True
train_oof,1950,0,0.0,0.0,True
train_oof,1951,0,0.0,0.0,True
train_oof,1952,0,0.0,0.0,True
train_oof,1953,-1,,-0.9928385416666667,False
train_oof,1954,0,0.0,0.0,True
train_oof,1955,0,0.0,0.0,True
train_oof,1956,0,0.0,0.0,True
train_oof,1957,0,0.0,0.0,True
train_oof,1958,0,0.0,0.0,True
train_oof,1959,0,0.0,0.0,True
train_oof,1960,0,0.0,0.0,True
train_oof,1961,0,0.0,0.0,True
train_oof,1962,0,0.0,0.0,True
train_oof,1963,0,0.0,0.0,True
train_oof,1964,0,0.0,0.0,True
train_oof,1965,0,0.0,0.0,True
train_oof,1966,0,0.0,0.0,True
train_oof,1967,0,0.0,0.0,True
train_oof,1968,0,0.0,0.0,True
train_oof,1969,0,0.0,0.0,True
train_oof,1970,0,0.0,0.0,True
train_oof,1971,0,0.0,0.0,True
train_oof,1972,0,0.0,0.0,True
train_oof,1973,0,0.0,0.0,True
train_oof,1974,0,0.0,0.0,True
train_oof,1975,0,0.0,0.0,True
train_oof,1976,0,0.0,0.0,True
train_oof,1977,0,0.0,0.0,True
train_oof,1978,0,0.0,0.0,True
train_oof,1979,0,0.0,0.0,True
train_oof,1980,0,0.0,0.0,True
train_oof,1981,0,0.0,0.0,True
train_oof,1982,0,,0.0,False
train_oof,1983,0,0.0,0.0,True
train_oof,1984,0,0.0,0.0,True
train_oof,1985,0,0.0,0.0,True
train_oof,1986,0,0.0,0.0,True
train_oof,1987,0,0.0,0.0,True
train_oof,1988,0,0.0,0.0,True
train_oof,1989,0,0.0,0.0,True
train_oof,1990,0,0.0,0.0,True
train_oof,1991,0,0.0,0.0,True
train_oof,1992,0,0.0,0.0,True
train_oof,1993,0,0.0,0.0,True
train_oof,1994,0,0.0,0.0,True
train_oof,1995,0,0.0,0.0,True
train_oof,1996,0,0.0,0.0,True
train_oof,1997,0,0.0,0.0,True
train_oof,1998,0,0.0,-0.003125,True
train_oof,1999,0,0.0,0.0,True
train_oof,2000,0,0.0,0.0,True
train_oof,2001,0,0.0,0.0,True
train_oof,2002,0,0.0,0.0,True
train_oof,2003,0,0.0,0.0,True
train_oof,2004,0,0.0,0.0,True
train_oof,2005,0,0.0,0.0,True
train_oof,2006,0,0.0,0.0,True
train_oof,2007,0,0.0,0.0,True
train_oof,2008,0,0.0,0.0,True
train_oof,2009,0,0.0,0.0,True
train_oof,2010,0,0.0,0.0,True
train_oof,2011,0,0.0,0.0,True
train_oof,2012,0,0.0,0.0,True
train_oof,2013,0,0.0,0.0,True
train_oof,2014,0,0.0,0.0,True
train_oof,2015,0,0.0,0.0,True
train_oof,2016,-1,-1.0,-1.0,True
train_oof,2017,0,0.0,0.0,True
train_oof,2018,0,0.0,0.0,True
train_oof,2019,0,0.0,0.0,True
train_oof,2020,0,0.0,0.0,True
train_oof,2021,0,0.0,0.0,True
train_oof,2022,0,0.0,0.0,True
train_oof,2023,0,0.0,0.0,True
train_oof,2024,0,0.0,0.0,True
train_oof,2025,0,0.0,0.0,True
train_oof,2026,0,0.0,0.0,True
train_oof,2027,-1,-1.0,-1.0,True
train_oof,2028,0,0.0,0.0,True
train_oof,2029,0,,-0.12042410714285715,False
train_oof,2030,0,0.0,0.0,True
train_oof,2031,0,0.0,0.0,True
train_oof,2032,0,0.0,0.0,True
train_oof,2033,0,0.0,0.0,True
train_oof,2034,0,0.0,0.0,True
train_oof,2035,0,0.0,0.0,True
train_oof,2036,0,0.0,0.0,True
train_oof,2037,0,0.0,0.0,True
train_oof,2038,0,0.0,0.0,True
train_oof,2039,0,0.0,0.0,True
train_oof,2040,0,0.0,0.0,True
train_oof,2041,0,0.0,0.0,True
train_oof,2042,0,0.0,0.0,True
train_oof,2043,0,0.0,0.0,True
train_oof,2044,-1,-1.0,-1.0,True
train_oof,2045,0,0.0,0.0,True
train_oof,2046,0,0.0,0.0,True
train_oof,2047,0,0.0,0.0,True
train_oof,2048,0,0.0,0.0,True
train_oof,2049,0,0.0,0.0,True
train_oof,2050,0,0.0,0.0,True
train_oof,2051,0,0.0,0.0,True
train_oof,2052,-2,,-1.274739583333333,False
train_oof,2053,0,0.0,0.0,True
train_oof,2054,0,0.0,0.0,True
train_oof,2055,0,0.0,0.0,True
train_oof,2056,0,0.0,0.0,True
train_oof,2057,0,0.0,0.0,True
train_oof,2058,0,0.0,0.0,True
train_oof,2059,0,0.0,0.0,True
train_oof,2060,0,0.0,0.0,True
train_oof,2061,0,0.0,0.0,True
train_oof,2062,0,0.0,0.0,True
train_oof,2063,0,0.0,0.0,True
train_oof,2064,0,0.0,0.0,True
train_oof,2065,0,0.0,0.0,True
train_oof,2066,0,0.0,0.0,True
train_oof,2067,0,0.0,0.0,True
train_oof,2068,0,0.0,0.0,True
train_oof,2069,0,0.0,0.0,True
train_oof,2070,0,0.0,0.0,True
train_oof,2071,0,0.0,0.0,True
train_oof,2072,0,0.0,0.0,True
train_oof,2073,0,0.0,0.0,True
train_oof,2074,0,0.0,0.0,True
train_oof,2075,0,0.0,0.0,True
train_oof,2076,0,0.0,0.0,True
train_oof,2077,0,0.0,0.0,True
train_oof,2078,0,0.0,0.0,True
train_oof,2079,0,0.0,0.0,True
train_oof,2080,0,0.0,0.0,True
train_oof,2081,0,0.0,0.0,True
train_oof,2082,0,0.0,0.0,True
train_oof,2083,0,0.0,0.0,True
train_oof,2084,0,0.0,0.0,True
train_oof,2085,0,0.0,0.0,True
train_oof,2086,0,0.0,0.0,True
train_oof,2087,0,0.0,0.0,True
train_oof,2088,0,0.0,-0.036272321428571425,True
train_oof,2089,0,0.0,0.0,True
train_oof,2090,0,0.0,0.0,True
train_oof,2091,0,0.0,0.0,True
train_oof,2092,0,0.0,0.0,True
train_oof,2093,0,0.0,0.0,True
train_oof,2094,0,0.0,0.0,True
train_oof,2095,0,0.0,0.0,True
train_oof,2096,0,0.0,0.0,True
train_oof,2097,0,0.0,0.0,True
train_oof,2098,0,0.0,0.0,True
train_oof,2099,0,0.0,0.0,True
train_oof,2100,0,0.0,0.0,True
train_oof,2101,0,0.0,0.0,True
train_oof,2102,0,0.0,0.0,True
train_oof,2103,0,0.0,0.0,True
train_oof,2104,0,0.0,0.0,True
train_oof,2105,0,0.0,0.0,True
train_oof,2106,0,0.0,0.0,True
train_oof,2107,0,0.0,0.0,True
train_oof,2108,0,0.0,0.0,True
train_oof,2109,0,0.0,0.0,True
train_oof,2110,0,0.0,0.0,True
train_oof,2111,0,0.0,0.0,True
train_oof,2112,0,0.0,0.0,True
train_oof,2113,0,0.0,0.0,True
train_oof,2114,0,0.0,0.0,True
train_oof,2115,0,0.0,0.0,True
train_oof,2116,0,0.0,0.0,True
train_oof,2117,0,0.0,0.0,True
train_oof,2118,0,0.0,0.0,True
train_oof,2119,0,0.0,0.0,True
train_oof,2120,0,0.0,0.0,True
train_oof,2121,0,0.0,0.0,True
train_oof,2122,0,0.0,0.0,True
train_oof,2123,0,0.0,0.0,True
train_oof,2124,0,0.0,0.0,True
train_oof,2125,0,0.0,0.0,True
train_oof,2126,0,0.0,0.0,True
train_oof,2127,0,0.0,0.0,True
train_oof,2128,0,0.0,0.0,True
train_oof,2129,0,0.0,0.0,True
train_oof,2130,0,0.0,0.0,True
train_oof,2131,0,0.0,0.0,True
train_oof,2132,0,0.0,-4.944620253164557e-05,True
train_oof,2133,0,0.0,0.0,True
train_oof,2134,-1,-1.0,-1.0,True
train_oof,2135,0,0.0,0.0,True
train_oof,2136,0,0.0,0.0,True
train_oof,2137,0,0.0,0.0,True
train_oof,2138,0,0.0,0.0,True
train_oof,2139,0,0.0,0.0,True
train_oof,2140,0,0.0,0.0,True
train_oof,2141,0,0.0,0.0,True
train_oof,2142,0,0.0,0.0,True
train_oof,2143,0,0.0,0.0,True
train_oof,2144,0,0.0,0.0,True
train_oof,2145,0,0.0,0.0,True
train_oof,2146,0,0.0,0.0,True
train_oof,2147,0,0.0,0.0,True
train_oof,2148,-1,,-0.2272135416666667,False
train_oof,2149,0,0.0,0.0,True
train_oof,2150,0,0.0,0.0,True
train_oof,2151,0,0.0,0.0,True
train_oof,2152,0,0.0,0.0,True
train_oof,2153,0,0.0,0.0,True
train_oof,2154,0,0.0,-0.0007626488095238095,True
train_oof,2155,0,0.0,0.0,True
train_oof,2156,0,0.0,0.0,True
train_oof,2157,0,0.0,0.0,True
train_oof,2158,0,,0.0,False
train_oof,2159,0,0.0,0.0,True
train_oof,2160,0,0.0,-4.944620253164557e-05,True
train_oof,2161,0,0.0,0.0,True
train_oof,2162,0,0.0,0.0,True
train_oof,2163,0,0.0,0.0,True
train_oof,2164,0,0.0,0.0,True
train_oof,2165,0,0.0,0.0,True
train_oof,2166,0,0.0,-0.30729166666666663,True
train_oof,2167,0,0.0,0.0,True
train_oof,2168,0,0.0,0.0,True
train_oof,2169,0,0.0,0.0,True
train_oof,2170,0,0.0,0.0,True
train_oof,2171,0,0.0,0.0,True
train_oof,2172,0,0.0,0.0,True
train_oof,2173,0,0.0,0.0,True
train_oof,2174,0,0.0,-0.0026041666666666665,True
train_oof,2175,0,0.0,0.0,True
train_oof,2176,0,0.0,0.0,True
train_oof,2177,0,0.0,0.0,True
train_oof,2178,0,0.0,0.0,True
train_oof,2179,0,0.0,0.0,True
train_oof,2180,0,0.0,0.0,True
train_oof,2181,0,0.0,0.0,True
train_oof,2182,0,0.0,0.0,True
train_oof,2183,0,0.0,0.0,True
train_oof,2184,0,0.0,0.0,True
train_oof,2185,0,0.0,0.0,True
train_oof,2186,0,0.0,0.0,True
train_oof,2187,0,0.0,0.0,True
train_oof,2188,0,0.0,0.0,True
train_oof,2189,0,0.0,0.0,True
train_oof,2190,0,0.0,0.0,True
train_oof,2191,0,0.0,0.0,True
train_oof,2192,0,0.0,0.0,True
train_oof,2193,0,0.0,0.0,True
train_oof,2194,0,0.0,0.0,True
train_oof,2195,0,0.0,0.0,True
train_oof,2196,0,0.0,0.0,True
train_oof,2197,0,0.0,0.0,True
train_oof,2198,0,0.0,0.0,True
train_oof,2199,0,0.0,0.0,True
train_oof,2200,0,0.0,0.0,True
train_oof,2201,0,0.0,0.0,True
train_oof,2202,0,0.0,0.0,True
train_oof,2203,0,0.0,0.0,True
train_oof,2204,0,0.0,0.0,True
train_oof,2205,0,0.0,0.0,True
train_oof,2206,0,0.0,0.0,True
train_oof,2207,0,0.0,0.0,True
train_oof,2208,0,0.0,0.0,True
train_oof,2209,0,0.0,0.0,True
train_oof,2210,-12,,-1.173828125,False
train_oof,2211,0,0.0,0.0,True
train_oof,2212,-1,-1.0,-1.0,True
train_oof,2213,0,0.0,0.0,True
train_oof,2214,0,0.0,0.0,True
train_oof,2215,0,0.0,0.0,True
train_oof,2216,0,0.0,0.0,True
train_oof,2217,0,0.0,0.0,True
train_oof,2218,0,0.0,0.0,True
train_oof,2219,0,0.0,0.0,True
train_oof,2220,-1,-1.0,-1.0,True
train_oof,2221,0,0.0,0.0,True
train_oof,2222,0,0.0,0.0,True
train_oof,2223,0,0.0,0.0,True
train_oof,2224,0,0.0,0.0,True
train_oof,2225,0,0.0,0.0,True
train_oof,2226,0,0.0,0.0,True
train_oof,2227,0,0.0,0.0,True
train_oof,2228,-1,-1.0,-1.0,True
train_oof,2229,0,0.0,0.0,True
train_oof,2230,0,0.0,0.0,True
train_oof,2231,0,0.0,0.0,True
train_oof,2232,-2,0.0,-1.1653645833333335,True
train_oof,2233,0,0.0,0.0,True
train_oof,2234,0,0.0,0.0,True
train_oof,2235,0,0.0,0.0,True
train_oof,2236,0,0.0,0.0,True
train_oof,2237,0,0.0,0.0,True
train_oof,2238,0,0.0,0.0,True
train_oof,2239,0,0.0,0.0,True
train_oof,2240,0,0.0,0.0,True
train_oof,2241,0,0.0,-4.944620253164557e-05,True
train_oof,2242,0,0.0,0.0,True
train_oof,2243,0,0.0,0.0,True
train_oof,2244,0,0.0,0.0,True
train_oof,2245,0,0.0,0.0,True
train_oof,2246,0,0.0,0.0,True
train_oof,2247,0,0.0,0.0,True
train_oof,2248,0,0.0,0.0,True
train_oof,2249,0,0.0,0.0,True
train_oof,2250,0,0.0,0.0,True
train_oof,2251,0,0.0,0.0,True
train_oof,2252,0,0.0,0.0,True
train_oof,2253,0,0.0,0.0,True
train_oof,2254,0,0.0,0.0,True
train_oof,2255,0,0.0,0.0,True
train_oof,2256,0,0.0,0.0,True
train_oof,2257,0,0.0,0.0,True
train_oof,2258,0,0.0,0.0,True
train_oof,2259,0,0.0,0.0,True
train_oof,2260,0,,0.0,False
train_oof,2261,0,0.0,0.0,True
train_oof,2262,0,0.0,0.0,True
train_oof,2263,0,0.0,0.0,True
train_oof,2264,-1,-1.0,-1.0,True
train_oof,2265,0,0.0,0.0,True
train_oof,2266,0,0.0,0.0,True
train_oof,2267,0,0.0,0.0,True
train_oof,2268,0,0.0,0.0,True
train_oof,2269,0,0.0,0.0,True
train_oof,2270,0,0.0,0.0,True
train_oof,2271,0,0.0,0.0,True
train_oof,2272,0,0.0,0.0,True
train_oof,2273,0,0.0,0.0,True
train_oof,2274,0,0.0,0.0,True
train_oof,2275,0,0.0,0.0,True
train_oof,2276,0,,-0.005859375,False
train_oof,2277,0,0.0,0.0,True
train_oof,2278,0,0.0,0.0,True
train_oof,2279,0,0.0,0.0,True
train_oof,2280,0,0.0,0.0,True
train_oof,2281,0,0.0,0.0,True
train_oof,2282,0,0.0,0.0,True
train_oof,2283,0,0.0,0.0,True
train_oof,2284,0,0.0,0.0,True
train_oof,2285,0,0.0,0.0,True
train_oof,2286,0,0.0,0.0,True
train_oof,2287,0,0.0,0.0,True
train_oof,2288,0,0.0,0.0,True
train_oof,2289,0,0.0,0.0,True
train_oof,2290,0,0.0,0.0,True
train_oof,2291,0,0.0,0.0,True
train_oof,2292,0,0.0,0.0,True
train_oof,2293,0,0.0,0.0,True
train_oof,2294,0,0.0,0.0,True
train_oof,2295,0,0.0,0.0,True
train_oof,2296,0,0.0,0.0,True
train_oof,2297,0,0.0,0.0,True
train_oof,2298,0,0.0,0.0,True
train_oof,2299,0,0.0,0.0,True
train_oof,2300,0,0.0,0.0,True
train_oof,2301,0,0.0,0.0,True
train_oof,2302,0,0.0,-4.944620253164557e-05,True
train_oof,2303,0,0.0,-4.944620253164557e-05,True
train_oof,2304,0,0.0,0.0,True
train_oof,2305,0,0.0,0.0,True
train_oof,2306,0,0.0,0.0,True
train_oof,2307,0,0.0,0.0,True
train_oof,2308,0,0.0,0.0,True
train_oof,2309,0,0.0,0.0,True
train_oof,2310,0,0.0,0.0,True
train_oof,2311,0,0.0,0.0,True
train_oof,2312,0,0.0,0.0,True
train_oof,2313,0,0.0,0.0,True
train_oof,2314,0,0.0,0.0,True
train_oof,2315,0,0.0,0.0,True
train_oof,2316,0,0.0,0.0,True
train_oof,2317,0,0.0,0.0,True
train_oof,2318,0,0.0,0.0,True
train_oof,2319,0,0.0,-0.00390625,True
train_oof,2320,0,0.0,0.0,True
train_oof,2321,0,0.0,0.0,True
train_oof,2322,0,0.0,0.0,True
train_oof,2323,0,0.0,0.0,True
train_oof,2324,0,0.0,0.0,True
train_oof,2325,0,0.0,0.0,True
train_oof,2326,0,0.0,0.0,True
train_oof,2327,0,0.0,0.0,True
train_oof,2328,0,0.0,0.0,True
train_oof,2329,0,0.0,0.0,True
train_oof,2330,0,0.0,0.0,True
train_oof,2331,0,0.0,0.0,True
train_oof,2332,0,0.0,0.0,True
train_oof,2333,0,0.0,0.0,True
train_oof,2334,-1,,-1.0592447916666667,False
train_oof,2335,0,0.0,0.0,True
train_oof,2336,0,0.0,0.0,True
train_oof,2337,0,0.0,0.0,True
train_oof,2338,0,0.0,0.0,True
train_oof,2339,0,0.0,0.0,True
train_oof,2340,0,0.0,0.0,True
train_oof,2341,0,0.0,-4.944620253164557e-05,True
train_oof,2342,0,0.0,0.0,True
train_oof,2343,0,0.0,-4.944620253164557e-05,True
train_oof,2344,0,0.0,0.0,True
train_oof,2345,0,0.0,0.0,True
train_oof,2346,0,0.0,0.0,True
train_oof,2347,-4,,-0.011718749999999998,False
train_oof,2348,0,0.0,0.0,True
train_oof,2349,-1,-1.0,-1.0,True
train_oof,2350,0,0.0,0.0,True
train_oof,2351,0,0.0,0.0,True
train_oof,2352,0,0.0,0.0,True
train_oof,2353,0,0.0,0.0,True
train_oof,2354,0,0.0,0.0,True
train_oof,2355,-1,-1.0,-1.0,True
train_oof,2356,0,0.0,0.0,True
train_oof,2357,0,0.0,0.0,True
train_oof,2358,0,0.0,0.0,True
train_oof,2359,0,0.0,0.0,True
train_oof,2360,0,0.0,0.0,True
train_oof,2361,0,0.0,0.0,True
train_oof,2362,0,0.0,0.0,True
train_oof,2363,0,0.0,0.0,True
train_oof,2364,0,0.0,0.0,True
train_oof,2365,0,0.0,-0.0007626488095238095,True
train_oof,2366,0,0.0,0.0,True
train_oof,2367,0,0.0,0.0,True
train_oof,2368,0,0.0,0.0,True
train_oof,2369,0,0.0,0.0,True
train_oof,2370,0,0.0,0.0,True
train_oof,2371,0,0.0,0.0,True
train_oof,2372,0,0.0,0.0,True
train_oof,2373,0,0.0,0.0,True
train_oof,2374,0,0.0,0.0,True
train_oof,2375,0,0.0,0.0,True
train_oof,2376,0,0.0,0.0,True
train_oof,2377,0,0.0,0.0,True
train_oof,2378,0,0.0,0.0,True
train_oof,2379,0,0.0,0.0,True
train_oof,2380,0,0.0,0.0,True
train_oof,2381,0,0.0,0.0,True
train_oof,2382,0,0.0,0.0,True
train_oof,2383,0,0.0,0.0,True
train_oof,2384,0,0.0,0.0,True
train_oof,2385,0,0.0,0.0,True
train_oof,2386,0,0.0,0.0,True
train_oof,2387,0,0.0,0.0,True
train_oof,2388,0,0.0,0.0,True
train_oof,2389,0,0.0,0.0,True
train_oof,2390,0,0.0,0.0,True
train_oof,2391,0,0.0,0.0,True
train_oof,2392,0,0.0,0.0,True
train_oof,2393,0,0.0,0.0,True
train_oof,2394,0,0.0,0.0,True
train_oof,2395,0,0.0,0.0,True
train_oof,2396,0,0.0,0.0,True
train_oof,2397,0,0.0,0.0,True
train_oof,2398,0,0.0,0.0,True
train_oof,2399,0,0.0,0.0,True
train_oof,2400,0,0.0,0.0,True
train_oof,2401,0,0.0,-4.944620253164557e-05,True
train_oof,2402,0,0.0,0.0,True
train_oof,2403,0,0.0,0.0,True
train_oof,2404,0,0.0,0.0,True
train_oof,2405,0,0.0,0.0,True
train_oof,2406,0,0.0,0.0,True
train_oof,2407,0,0.0,0.0,True
train_oof,2408,0,0.0,0.0,True
train_oof,2409,0,0.0,0.0,True
train_oof,2410,0,0.0,0.0,True
train_oof,2411,0,0.0,0.0,True
train_oof,2412,0,0.0,0.0,True
train_oof,2413,0,0.0,0.0,True
train_oof,2414,0,0.0,0.0,True
train_oof,2415,0,0.0,0.0,True
train_oof,2416,0,0.0,0.0,True
train_oof,2417,0,0.0,0.0,True
train_oof,2418,-1,-1.0,-1.0,True
train_oof,2419,0,0.0,0.0,True
train_oof,2420,0,0.0,0.0,True
train_oof,2421,0,0.0,0.0,True
train_oof,2422,0,0.0,0.0,True
train_oof,2423,0,0.0,0.0,True
train_oof,2424,0,0.0,0.0,True
train_oof,2425,0,0.0,0.0,True
train_oof,2426,0,0.0,0.0,True
train_oof,2427,0,0.0,0.0,True
train_oof,2428,0,0.0,0.0,True
train_oof,2429,0,0.0,0.0,True
train_oof,2430,0,0.0,0.0,True
train_oof,2431,0,0.0,0.0,True
train_oof,2432,0,0.0,0.0,True
train_oof,2433,0,0.0,0.0,True
train_oof,2434,0,0.0,0.0,True
train_oof,2435,0,0.0,0.0,True
train_oof,2436,0,0.0,0.0,True
train_oof,2437,0,0.0,0.0,True
train_oof,2438,-1,-1.0,-1.0,True
train_oof,2439,0,0.0,0.0,True
train_oof,2440,0,0.0,0.0,True
train_oof,2441,0,0.0,0.0,True
train_oof,2442,0,0.0,0.0,True
train_oof,2443,0,0.0,0.0,True
train_oof,2444,0,0.0,0.0,True
train_oof,2445,-1,-1.0,-1.0,True
train_oof,2446,0,0.0,0.0,True
train_oof,2447,0,0.0,-0.005859375,True
train_oof,2448,0,0.0,0.0,True
train_oof,2449,0,0.0,0.0,True
train_oof,2450,0,0.0,0.0,True
train_oof,2451,0,0.0,0.0,True
train_oof,2452,0,0.0,0.0,True
train_oof,2453,0,0.0,0.0,True
train_oof,2454,0,0.0,0.0,True
train_oof,2455,0,0.0,0.0,True
train_oof,2456,0,0.0,0.0,True
train_oof,2457,0,0.0,0.0,True
train_oof,2458,0,0.0,0.0,True
train_oof,2459,0,0.0,0.0,True
train_oof,2460,0,0.0,0.0,True
train_oof,2461,0,0.0,0.0,True
train_oof,2462,0,0.0,0.0,True
train_oof,2463,0,0.0,0.0,True
train_oof,2464,0,0.0,0.0,True
train_oof,2465,0,0.0,0.0,True
train_oof,2466,0,,0.0,False
train_oof,2467,0,0.0,0.0,True
train_oof,2468,0,0.0,0.0,True
train_oof,2469,0,0.0,0.0,True
train_oof,2470,0,0.0,0.0,True
train_oof,2471,0,0.0,0.0,True
train_oof,2472,0,0.0,-1.6416015625000044,True
train_oof,2473,0,0.0,0.0,True
train_oof,2474,0,0.0,0.0,True
train_oof,2475,0,0.0,0.0,True
train_oof,2476,0,0.0,0.0,True
train_oof,2477,0,0.0,0.0,True
train_oof,2478,0,0.0,0.0,True
train_oof,2479,0,0.0,0.0,True
train_oof,2480,0,0.0,0.0,True
train_oof,2481,0,0.0,0.0,True
train_oof,2482,0,0.0,0.0,True
train_oof,2483,0,0.0,0.0,True
train_oof,2484,0,0.0,0.0,True
train_oof,2485,0,0.0,0.0,True
train_oof,2486,-1,-1.0,-1.04296875,True
train_oof,2487,0,0.0,0.0,True
train_oof,2488,0,0.0,0.0,True
train_oof,2489,0,0.0,0.0,True
train_oof,2490,0,0.0,0.0,True
train_oof,2491,0,0.0,0.0,True
train_oof,2492,0,0.0,0.0,True
train_oof,2493,0,0.0,0.0,True
train_oof,2494,0,0.0,0.0,True
train_oof,2495,0,0.0,0.0,True
train_oof,2496,0,0.0,0.0,True
train_oof,2497,0,0.0,0.0,True
train_oof,2498,0,0.0,0.0,True
train_oof,2499,0,0.0,0.0,True
train_oof,2500,0,0.0,0.0,True
train_oof,2501,0,0.0,0.0,True
train_oof,2502,0,0.0,0.0,True
train_oof,2503,0,0.0,0.0,True
train_oof,2504,0,0.0,0.0,True
train_oof,2505,0,0.0,0.0,True
train_oof,2506,0,0.0,0.0,True
train_oof,2507,0,0.0,0.0,True
train_oof,2508,0,0.0,0.0,True
train_oof,2509,0,0.0,0.0,True
train_oof,2510,0,0.0,0.0,True
train_oof,2511,0,0.0,0.0,True
train_oof,2512,0,0.0,0.0,True
train_oof,2513,0,0.0,0.0,True
train_oof,2514,0,0.0,0.0,True
train_oof,2515,0,0.0,-4.944620253164557e-05,True
train_oof,2516,0,0.0,0.0,True
train_oof,2517,0,0.0,0.0,True
train_oof,2518,0,0.0,0.0,True
train_oof,2519,0,0.0,0.0,True
train_oof,2520,0,0.0,0.0,True
train_oof,2521,0,0.0,0.0,True
train_oof,2522,0,0.0,0.0,True
train_oof,2523,0,0.0,0.0,True
train_oof,2524,0,0.0,0.0,True
train_oof,2525,0,0.0,0.0,True
train_oof,2526,0,0.0,0.0,True
train_oof,2527,0,0.0,0.0,True
train_oof,2528,0,0.0,0.0,True
train_oof,2529,0,0.0,0.0,True
train_oof,2530,0,0.0,0.0,True
train_oof,2531,0,0.0,0.0,True
train_oof,2532,0,0.0,0.0,True
train_oof,2533,0,0.0,0.0,True
train_oof,2534,0,0.0,0.0,True
train_oof,2535,0,0.0,0.0,True
train_oof,2536,0,0.0,0.0,True
train_oof,2537,0,0.0,0.0,True
train_oof,2538,0,0.0,0.0,True
train_oof,2539,-1,-1.0,-1.0,True
train_oof,2540,0,0.0,0.0,True
train_oof,2541,0,0.0,0.0,True
train_oof,2542,0,0.0,0.0,True
train_oof,2543,0,0.0,-0.003125,True
train_oof,2544,-1,-1.0,-1.0,True
train_oof,2545,0,0.0,0.0,True
train_oof,2546,0,0.0,0.0,True
train_oof,2547,0,0.0,0.0,True
train_oof,2548,0,0.0,0.0,True
train_oof,2549,0,0.0,0.0,True
train_oof,2550,0,,-0.005208333333333333,False
train_oof,2551,0,0.0,0.0,True
train_oof,2552,0,0.0,0.0,True
train_oof,2553,0,0.0,0.0,True
train_oof,2554,0,0.0,0.0,True
train_oof,2555,0,0.0,0.0,True
train_oof,2556,0,0.0,0.0,True
train_oof,2557,0,0.0,0.0,True
train_oof,2558,0,0.0,0.0,True
train_oof,2559,0,0.0,0.0,True
train_oof,2560,0,0.0,0.0,True
train_oof,2561,0,0.0,0.0,True
train_oof,2562,0,0.0,0.0,True
train_oof,2563,0,0.0,0.0,True
train_oof,2564,0,0.0,0.0,True
train_oof,2565,0,0.0,0.0,True
train_oof,2566,-1,,-0.9973958333333334,False
train_oof,2567,0,0.0,0.0,True
train_oof,2568,0,0.0,0.0,True
train_oof,2569,0,0.0,0.0,True
train_oof,2570,0,0.0,-4.944620253164557e-05,True
train_oof,2571,0,0.0,0.0,True
train_oof,2572,0,0.0,0.0,True
train_oof,2573,0,0.0,0.0,True
train_oof,2574,0,0.0,0.0,True
train_oof,2575,0,0.0,-0.01171875,True
train_oof,2576,0,0.0,0.0,True
train_oof,2577,0,0.0,0.0,True
train_oof,2578,0,0.0,0.0,True
train_oof,2579,0,0.0,0.0,True
train_oof,2580,0,0.0,0.0,True
train_oof,2581,0,0.0,0.0,True
train_oof,2582,0,0.0,0.0,True
train_oof,2583,0,0.0,0.0,True
train_oof,2584,0,0.0,0.0,True
train_oof,2585,0,0.0,0.0,True
train_oof,2586,0,0.0,0.0,True
train_oof,2587,0,0.0,0.0,True
train_oof,2588,0,0.0,0.0,True
train_oof,2589,0,0.0,0.0,True
train_oof,2590,0,0.0,0.0,True
train_oof,2591,0,0.0,0.0,True
train_oof,2592,0,0.0,0.0,True
train_oof,2593,0,0.0,0.0,True
train_oof,2594,0,0.0,0.0,True
train_oof,2595,0,0.0,0.0,True
train_oof,2596,0,0.0,0.0,True
train_oof,2597,0,0.0,0.0,True
train_oof,2598,0,0.0,0.0,True
train_oof,2599,0,0.0,-0.0013020833333333333,True
train_oof,2600,0,0.0,0.0,True
train_oof,2601,0,0.0,0.0,True
train_oof,2602,0,0.0,0.0,True
train_oof,2603,0,0.0,0.0,True
train_oof,2604,0,0.0,0.0,True
train_oof,2605,0,0.0,0.0,True
train_oof,2606,0,0.0,0.0,True
train_oof,2607,0,0.0,0.0,True
train_oof,2608,0,0.0,0.0,True
train_oof,2609,0,0.0,0.0,True
train_oof,2610,0,0.0,0.0,True
train_oof,2611,0,0.0,0.0,True
train_oof,2612,0,0.0,0.0,True
train_oof,2613,0,0.0,0.0,True
train_oof,2614,0,0.0,0.0,True
train_oof,2615,0,0.0,0.0,True
train_oof,2616,0,0.0,0.0,True
train_oof,2617,0,0.0,0.0,True
train_oof,2618,0,0.0,0.0,True
train_oof,2619,0,0.0,0.0,True
train_oof,2620,0,0.0,0.0,True
train_oof,2621,0,0.0,0.0,True
train_oof,2622,0,0.0,0.0,True
train_oof,2623,0,0.0,0.0,True
train_oof,2624,0,0.0,0.0,True
train_oof,2625,0,0.0,0.0,True
train_oof,2626,0,0.0,0.0,True
train_oof,2627,0,0.0,0.0,True
train_oof,2628,0,0.0,0.0,True
train_oof,2629,0,0.0,0.0,True
train_oof,2630,0,0.0,0.0,True
train_oof,2631,0,0.0,0.0,True
train_oof,2632,0,0.0,0.0,True
train_oof,2633,0,0.0,0.0,True
train_oof,2634,0,0.0,-0.0026041666666666665,True
train_oof,2635,0,0.0,0.0,True
train_oof,2636,0,0.0,0.0,True
train_oof,2637,0,0.0,0.0,True
train_oof,2638,0,0.0,0.0,True
train_oof,2639,0,0.0,0.0,True
train_oof,2640,0,0.0,0.0,True
train_oof,2641,0,0.0,0.0,True
train_oof,2642,0,0.0,0.0,True
train_oof,2643,0,0.0,0.0,True
train_oof,2644,0,,-1.1861979166666667,False
train_oof,2645,0,0.0,0.0,True
train_oof,2646,0,0.0,0.0,True
train_oof,2647,0,0.0,0.0,True
train_oof,2648,0,0.0,0.0,True
train_oof,2649,0,0.0,0.0,True
train_oof,2650,0,0.0,0.0,True
train_oof,2651,0,0.0,0.0,True
train_oof,2652,0,0.0,0.0,True
train_oof,2653,0,0.0,0.0,True
train_oof,2654,0,0.0,0.0,True
train_oof,2655,0,0.0,0.0,True
train_oof,2656,0,0.0,0.0,True
train_oof,2657,0,0.0,0.0,True
train_oof,2658,0,0.0,0.0,True
train_oof,2659,-1,-1.0,-1.0,True
train_oof,2660,0,0.0,0.0,True
train_oof,2661,0,0.0,0.0,True
train_oof,2662,0,0.0,0.0,True
train_oof,2663,0,0.0,0.0,True
train_oof,2664,0,0.0,0.0,True
train_oof,2665,0,0.0,0.0,True
train_oof,2666,0,0.0,0.0,True
train_oof,2667,0,0.0,0.0,True
train_oof,2668,0,0.0,0.0,True
train_oof,2669,0,0.0,0.0,True
train_oof,2670,0,0.0,0.0,True
train_oof,2671,0,0.0,0.0,True
train_oof,2672,0,0.0,0.0,True
train_oof,2673,0,0.0,0.0,True
train_oof,2674,0,0.0,0.0,True
train_oof,2675,0,0.0,0.0,True
train_oof,2676,0,0.0,0.0,True
train_oof,2677,0,0.0,0.0,True
train_oof,2678,0,0.0,0.0,True
train_oof,2679,0,0.0,0.0,True
train_oof,2680,0,0.0,0.0,True
train_oof,2681,0,0.0,0.0,True
train_oof,2682,0,0.0,0.0,True
train_oof,2683,0,0.0,0.0,True
train_oof,2684,0,0.0,0.0,True
train_oof,2685,0,0.0,0.0,True
train_oof,2686,0,0.0,0.0,True
train_oof,2687,0,0.0,0.0,True
train_oof,2688,0,0.0,0.0,True
train_oof,2689,0,0.0,0.0,True
train_oof,2690,0,0.0,0.0,True
train_oof,2691,0,0.0,0.0,True
train_oof,2692,0,0.0,0.0,True
train_oof,2693,0,0.0,0.0,True
train_oof,2694,0,0.0,0.0,True
train_oof,2695,0,0.0,0.0,True
train_oof,2696,0,0.0,0.0,True
train_oof,2697,0,0.0,0.0,True
train_oof,2698,0,0.0,0.0,True
train_oof,2699,0,0.0,0.0,True
train_oof,2700,0,0.0,0.0,True
train_oof,2701,0,0.0,0.0,True
train_oof,2702,0,0.0,0.0,True
train_oof,2703,0,0.0,0.0,True
train_oof,2704,0,0.0,0.0,True
train_oof,2705,0,0.0,0.0,True
train_oof,2706,-1,-1.0,-1.0,True
train_oof,2707,0,0.0,0.0,True
train_oof,2708,0,0.0,0.0,True
train_oof,2709,0,0.0,0.0,True
train_oof,2710,-2,,-1.3337053571428572,False
train_oof,2711,0,0.0,0.0,True
train_oof,2712,0,0.0,0.0,True
train_oof,2713,0,0.0,0.0,True
train_oof,2714,0,0.0,0.0,True
train_oof,2715,0,0.0,0.0,True
train_oof,2716,0,0.0,0.0,True
train_oof,2717,0,0.0,0.0,True
train_oof,2718,0,0.0,0.0,True
train_oof,2719,0,0.0,0.0,True
train_oof,2720,0,0.0,0.0,True
train_oof,2721,0,0.0,0.0,True
train_oof,2722,0,0.0,0.0,True
train_oof,2723,0,0.0,0.0,True
train_oof,2724,0,0.0,0.0,True
train_oof,2725,0,0.0,0.0,True
train_oof,2726,0,0.0,0.0,True
train_oof,2727,0,0.0,0.0,True
train_oof,2728,0,0.0,0.0,True
train_oof,2729,0,0.0,0.0,True
train_oof,2730,0,0.0,0.0,True
train_oof,2731,-2,,-1.4525669642857142,False
train_oof,2732,0,0.0,0.0,True
train_oof,2733,0,0.0,0.0,True
train_oof,2734,0,0.0,0.0,True
train_oof,2735,-1,-1.0,-1.0,True
train_oof,2736,0,0.0,0.0,True
train_oof,2737,0,0.0,0.0,True
train_oof,2738,0,0.0,0.0,True
train_oof,2739,0,0.0,0.0,True
train_oof,2740,0,0.0,0.0,True
train_oof,2741,0,0.0,0.0,True
train_oof,2742,0,0.0,0.0,True
train_oof,2743,0,0.0,0.0,True
train_oof,2744,0,0.0,0.0,True
train_oof,2745,0,0.0,0.0,True
train_oof,2746,0,0.0,0.0,True
train_oof,2747,0,0.0,0.0,True
train_oof,2748,0,0.0,0.0,True
train_oof,2749,0,0.0,0.0,True
train_oof,2750,0,0.0,0.0,True
train_oof,2751,0,0.0,0.0,True
train_oof,2752,0,0.0,0.0,True
train_oof,2753,0,0.0,0.0,True
train_oof,2754,0,0.0,0.0,True
train_oof,2755,0,0.0,0.0,True
train_oof,2756,0,0.0,0.0,True
train_oof,2757,0,0.0,0.0,True
train_oof,2758,0,0.0,0.0,True
train_oof,2759,0,0.0,0.0,True
train_oof,2760,0,0.0,0.0,True
train_oof,2761,0,0.0,0.0,True
train_oof,2762,0,0.0,0.0,True
train_oof,2763,0,0.0,0.0,True
train_oof,2764,0,0.0,0.0,True
train_oof,2765,-1,-1.0,-1.0,True
train_oof,2766,0,0.0,0.0,True
train_oof,2767,0,0.0,0.0,True
train_oof,2768,0,0.0,0.0,True
train_oof,2769,-1,-1.0,-1.0,True
train_oof,2770,0,0.0,0.0,True
train_oof,2771,0,0.0,0.0,True
train_oof,2772,0,0.0,0.0,True
train_oof,2773,0,0.0,0.0,True
train_oof,2774,0,0.0,0.0,True
train_oof,2775,0,0.0,0.0,True
train_oof,2776,0,0.0,0.0,True
train_oof,2777,0,0.0,0.0,True
train_oof,2778,0,0.0,0.0,True
train_oof,2779,0,0.0,0.0,True
train_oof,2780,0,,-1.0742187500000002,False
train_oof,2781,0,0.0,0.0,True
train_oof,2782,0,0.0,0.0,True
train_oof,2783,0,0.0,0.0,True
train_oof,2784,0,0.0,0.0,True
train_oof,2785,0,0.0,0.0,True
train_oof,2786,0,0.0,0.0,True
train_oof,2787,0,0.0,0.0,True
train_oof,2788,0,0.0,0.0,True
train_oof,2789,0,0.0,0.0,True
train_oof,2790,0,0.0,0.0,True
train_oof,2791,0,0.0,0.0,True
train_oof,2792,0,0.0,0.0,True
train_oof,2793,0,0.0,0.0,True
train_oof,2794,0,0.0,0.0,True
train_oof,2795,0,0.0,0.0,True
train_oof,2796,0,0.0,0.0,True
train_oof,2797,0,0.0,0.0,True
train_oof,2798,0,0.0,0.0,True
train_oof,2799,0,0.0,0.0,True
train_oof,2800,0,0.0,0.0,True
train_oof,2801,0,0.0,0.0,True
train_oof,2802,0,0.0,0.0,True
train_oof,2803,0,0.0,0.0,True
train_oof,2804,0,0.0,0.0,True
train_oof,2805,0,0.0,0.0,True
train_oof,2806,0,0.0,0.0,True
train_oof,2807,0,0.0,0.0,True
train_oof,2808,0,0.0,0.0,True
train_oof,2809,0,0.0,0.0,True
train_oof,2810,0,0.0,0.0,True
train_oof,2811,0,0.0,0.0,True
train_oof,2812,-1,-1.0,-1.0,True
train_oof,2813,0,0.0,0.0,True
train_oof,2814,0,0.0,0.0,True
train_oof,2815,0,0.0,0.0,True
train_oof,2816,0,0.0,0.0,True
train_oof,2817,0,0.0,0.0,True
train_oof,2818,0,0.0,0.0,True
train_oof,2819,0,0.0,0.0,True
train_oof,2820,0,0.0,0.0,True
train_oof,2821,0,0.0,0.0,True
train_oof,2822,0,0.0,0.0,True
train_oof,2823,-1,-1.0,-1.0,True
train_oof,2824,0,0.0,0.0,True
train_oof,2825,0,0.0,0.0,True
train_oof,2826,0,0.0,0.0,True
train_oof,2827,0,0.0,0.0,True
train_oof,2828,0,0.0,0.0,True
train_oof,2829,0,0.0,0.0,True
train_oof,2830,0,0.0,0.0,True
train_oof,2831,0,0.0,0.0,True
train_oof,2832,0,0.0,0.0,True
train_oof,2833,0,0.0,0.0,True
train_oof,2834,0,0.0,0.0,True
train_oof,2835,0,0.0,0.0,True
train_oof,2836,0,0.0,0.0,True
train_oof,2837,0,0.0,0.0,True
train_oof,2838,0,0.0,0.0,True
train_oof,2839,0,0.0,0.0,True
train_oof,2840,0,0.0,0.0,True
train_oof,2841,0,0.0,0.0,True
train_oof,2842,0,0.0,0.0,True
train_oof,2843,0,0.0,0.0,True
train_oof,2844,0,0.0,0.0,True
train_oof,2845,0,0.0,0.0,True
train_oof,2846,0,0.0,0.0,True
train_oof,2847,0,0.0,0.0,True
train_oof,2848,0,0.0,0.0,True
train_oof,2849,0,0.0,0.0,True
train_oof,2850,0,0.0,0.0,True
train_oof,2851,0,0.0,0.0,True
train_oof,2852,0,0.0,0.0,True
train_oof,2853,0,0.0,0.0,True
train_oof,2854,0,0.0,0.0,True
train_oof,2855,0,0.0,0.0,True
train_oof,2856,0,0.0,0.0,True
train_oof,2857,0,0.0,0.0,True
train_oof,2858,0,0.0,0.0,True
train_oof,2859,0,0.0,0.0,True
train_oof,2860,0,0.0,0.0,True
train_oof,2861,0,0.0,0.0,True
train_oof,2862,0,0.0,0.0,True
train_oof,2863,0,0.0,0.0,True
train_oof,2864,0,0.0,0.0,True
train_oof,2865,-1,-1.0,-1.0,True
train_oof,2866,0,0.0,0.0,True
train_oof,2867,0,0.0,0.0,True
train_oof,2868,0,0.0,0.0,True
train_oof,2869,0,0.0,0.0,True
train_oof,2870,0,0.0,0.0,True
train_oof,2871,0,0.0,0.0,True
train_oof,2872,-1,-1.0,-1.0,True
train_oof,2873,0,0.0,0.0,True
train_oof,2874,0,0.0,0.0,True
train_oof,2875,0,0.0,0.0,True
train_oof,2876,0,0.0,0.0,True
train_oof,2877,0,0.0,0.0,True
train_oof,2878,0,0.0,0.0,True
train_oof,2879,0,0.0,0.0,True
train_oof,2880,0,0.0,0.0,True
train_oof,2881,0,0.0,0.0,True
train_oof,2882,0,0.0,0.0,True
train_oof,2883,-1,-1.0,-1.0,True
train_oof,2884,0,0.0,0.0,True
train_oof,2885,0,0.0,0.0,True
train_oof,2886,0,0.0,0.0,True
train_oof,2887,-1,-1.0,-1.0,True
train_oof,2888,0,0.0,0.0,True
train_oof,2889,0,0.0,0.0,True
train_oof,2890,0,0.0,0.0,True
train_oof,2891,0,0.0,0.0,True
train_oof,2892,0,0.0,0.0,True
train_oof,2893,-1,-1.0,-1.0,True
train_oof,2894,0,0.0,0.0,True
train_oof,2895,0,0.0,0.0,True
train_oof,2896,0,0.0,0.0,True
train_oof,2897,0,0.0,0.0,True
train_oof,2898,0,0.0,0.0,True
train_oof,2899,0,0.0,0.0,True
train_oof,2900,0,0.0,0.0,True
train_oof,2901,0,0.0,-0.19205729166666669,True
train_oof,2902,0,0.0,0.0,True
train_oof,2903,0,0.0,0.0,True
train_oof,2904,0,0.0,0.0,True
train_oof,2905,0,0.0,0.0,True
train_oof,2906,0,,0.0,False
train_oof,2907,0,0.0,0.0,True
train_oof,2908,0,0.0,0.0,True
train_oof,2909,0,0.0,0.0,True
train_oof,2910,0,0.0,0.0,True
train_oof,2911,0,0.0,0.0,True
train_oof,2912,0,0.0,0.0,True
train_oof,2913,0,0.0,-0.0016163793103448276,True
train_oof,2914,0,0.0,0.0,True
train_oof,2915,0,0.0,-0.0016163793103448276,True
train_oof,2916,0,0.0,0.0,True
train_oof,2917,0,0.0,0.0,True
train_oof,2918,0,0.0,0.0,True
train_oof,2919,0,0.0,0.0,True
train_oof,2920,0,0.0,0.0,True
train_oof,2921,0,0.0,0.0,True
train_oof,2922,0,0.0,0.0,True
train_oof,2923,0,0.0,0.0,True
train_oof,2924,0,0.0,0.0,True
train_oof,2925,0,0.0,0.0,True
train_oof,2926,0,0.0,0.0,True
train_oof,2927,0,0.0,0.0,True
train_oof,2928,0,0.0,0.0,True
train_oof,2929,0,0.0,-0.016927083333333332,True
train_oof,2930,0,0.0,0.0,True
train_oof,2931,-1,-1.0,-1.0,True
train_oof,2932,0,0.0,0.0,True
train_oof,2933,0,0.0,0.0,True
train_oof,2934,0,0.0,0.0,True
train_oof,2935,0,0.0,0.0,True
train_oof,2936,0,0.0,0.0,True
train_oof,2937,0,0.0,0.0,True
train_oof,2938,0,0.0,0.0,True
train_oof,2939,0,0.0,0.0,True
train_oof,2940,0,0.0,0.0,True
train_oof,2941,0,0.0,0.0,True
train_oof,2942,0,0.0,0.0,True
train_oof,2943,0,0.0,0.0,True
train_oof,2944,0,0.0,0.0,True
train_oof,2945,0,0.0,0.0,True
train_oof,2946,0,0.0,0.0,True
train_oof,2947,0,,0.0,False
train_oof,2948,0,0.0,0.0,True
train_oof,2949,0,0.0,0.0,True
train_oof,2950,0,0.0,0.0,True
train_oof,2951,0,0.0,0.0,True
train_oof,2952,0,0.0,0.0,True
train_oof,2953,0,0.0,0.0,True
train_oof,2954,0,0.0,-0.0007626488095238095,True
train_oof,2955,0,0.0,0.0,True
train_oof,2956,0,0.0,0.0,True
train_oof,2957,0,0.0,0.0,True
train_oof,2958,0,0.0,0.0,True
train_oof,2959,0,0.0,0.0,True
train_oof,2960,0,0.0,0.0,True
train_oof,2961,0,0.0,0.0,True
train_oof,2962,0,0.0,0.0,True
train_oof,2963,0,0.0,0.0,True
train_oof,2964,0,0.0,0.0,True
train_oof,2965,0,0.0,-4.944620253164557e-05,True
train_oof,2966,0,0.0,0.0,True
train_oof,2967,0,0.0,0.0,True
train_oof,2968,0,0.0,0.0,True
train_oof,2969,0,0.0,0.0,True
train_oof,2970,0,0.0,0.0,True
train_oof,2971,0,0.0,0.0,True
train_oof,2972,0,0.0,0.0,True
train_oof,2973,0,0.0,0.0,True
train_oof,2974,0,0.0,0.0,True
train_oof,2975,0,0.0,0.0,True
train_oof,2976,0,0.0,0.0,True
train_oof,2977,-1,-1.0,-1.0,True
train_oof,2978,0,0.0,0.0,True
train_oof,2979,0,0.0,0.0,True
train_oof,2980,0,0.0,0.0,True
train_oof,2981,0,0.0,0.0,True
train_oof,2982,0,0.0,0.0,True
train_oof,2983,0,,-0.01171875,False
train_oof,2984,0,0.0,0.0,True
train_oof,2985,0,0.0,0.0,True
train_oof,2986,0,0.0,0.0,True
train_oof,2987,0,0.0,0.0,True
train_oof,2988,0,0.0,0.0,True
train_oof,2989,0,0.0,0.0,True
train_oof,2990,0,0.0,0.0,True
train_oof,2991,0,0.0,0.0,True
train_oof,2992,0,0.0,0.0,True
train_oof,2993,0,0.0,0.0,True
train_oof,2994,0,0.0,0.0,True
train_oof,2995,-1,,-1.3802083333333333,False
train_oof,2996,0,0.0,0.0,True
train_oof,2997,0,0.0,0.0,True
train_oof,2998,0,0.0,0.0,True
train_oof,2999,0,0.0,0.0,True
train_oof,3000,0,0.0,0.0,True
train_oof,3001,0,0.0,0.0,True
train_oof,3002,0,0.0,0.0,True
train_oof,3003,0,0.0,0.0,True
train_oof,3004,0,0.0,0.0,True
train_oof,3005,0,0.0,0.0,True
train_oof,3006,0,0.0,0.0,True
train_oof,3007,0,0.0,0.0,True
train_oof,3008,0,0.0,0.0,True
train_oof,3009,0,0.0,0.0,True
train_oof,3010,0,0.0,0.0,True
train_oof,3011,0,0.0,0.0,True
train_oof,3012,0,0.0,0.0,True
train_oof,3013,0,0.0,0.0,True
train_oof,3014,0,0.0,0.0,True
train_oof,3015,0,0.0,0.0,True
train_oof,3016,0,0.0,0.0,True
train_oof,3017,0,0.0,0.0,True
train_oof,3018,-1,-1.0,-1.0,True
train_oof,3019,0,0.0,-4.944620253164557e-05,True
train_oof,3020,0,0.0,0.0,True
train_oof,3021,0,0.0,0.0,True
train_oof,3022,0,0.0,0.0,True
train_oof,3023,0,0.0,0.0,True
train_oof,3024,0,0.0,0.0,True
train_oof,3025,0,0.0,0.0,True
train_oof,3026,0,0.0,0.0,True
train_oof,3027,0,0.0,0.0,True
train_oof,3028,0,0.0,0.0,True
train_oof,3029,0,0.0,0.0,True
train_oof,3030,0,0.0,0.0,True
train_oof,3031,0,0.0,0.0,True
train_oof,3032,0,0.0,0.0,True
train_oof,3033,0,0.0,0.0,True
train_oof,3034,0,0.0,0.0,True
train_oof,3035,0,0.0,0.0,True
train_oof,3036,0,0.0,0.0,True
train_oof,3037,0,0.0,0.0,True
train_oof,3038,0,0.0,0.0,True
train_oof,3039,0,0.0,0.0,True
train_oof,3040,0,0.0,0.0,True
train_oof,3041,0,0.0,0.0,True
train_oof,3042,0,0.0,0.0,True
train_oof,3043,0,0.0,0.0,True
train_oof,3044,0,0.0,0.0,True
train_oof,3045,0,0.0,0.0,True
train_oof,3046,0,0.0,0.0,True
train_oof,3047,0,0.0,0.0,True
train_oof,3048,0,0.0,0.0,True
train_oof,3049,0,0.0,0.0,True
train_oof,3050,0,0.0,0.0,True
train_oof,3051,0,0.0,0.0,True
train_oof,3052,0,0.0,0.0,True
train_oof,3053,0,0.0,0.0,True
train_oof,3054,0,0.0,0.0,True
train_oof,3055,0,0.0,0.0,True
train_oof,3056,0,0.0,0.0,True
train_oof,3057,0,0.0,0.0,True
train_oof,3058,0,0.0,0.0,True
train_oof,3059,0,0.0,0.0,True
train_oof,3060,0,0.0,0.0,True
train_oof,3061,0,0.0,0.0,True
train_oof,3062,0,0.0,0.0,True
train_oof,3063,0,0.0,-4.944620253164557e-05,True
train_oof,3064,0,0.0,0.0,True
train_oof,3065,-1,-1.0,-1.0,True
train_oof,3066,0,0.0,0.0,True
train_oof,3067,0,0.0,0.0,True
train_oof,3068,0,0.0,0.0,True
train_oof,3069,0,0.0,0.0,True
train_oof,3070,0,0.0,0.0,True
train_oof,3071,-1,-1.0,-1.0,True
train_oof,3072,0,0.0,0.0,True
train_oof,3073,0,0.0,0.0,True
train_oof,3074,0,0.0,0.0,True
train_oof,3075,-1,-1.0,-1.0,True
train_oof,3076,0,0.0,0.0,True
train_oof,3077,0,0.0,0.0,True
train_oof,3078,0,0.0,0.0,True
train_oof,3079,0,0.0,0.0,True
train_oof,3080,0,0.0,0.0,True
train_oof,3081,0,0.0,-0.00390625,True
train_oof,3082,0,0.0,0.0,True
train_oof,3083,0,0.0,0.0,True
train_oof,3084,0,0.0,0.0,True
train_oof,3085,0,0.0,0.0,True
train_oof,3086,0,0.0,0.0,True
train_oof,3087,0,0.0,0.0,True
train_oof,3088,0,0.0,0.0,True
train_oof,3089,0,0.0,0.0,True
train_oof,3090,0,0.0,0.0,True
train_oof,3091,0,0.0,0.0,True
train_oof,3092,0,0.0,0.0,True
train_oof,3093,0,0.0,0.0,True
train_oof,3094,0,0.0,0.0,True
train_oof,3095,0,0.0,0.0,True
train_oof,3096,0,0.0,0.0,True
train_oof,3097,0,0.0,0.0,True
train_oof,3098,0,0.0,0.0,True
train_oof,3099,0,0.0,0.0,True
train_oof,3100,0,0.0,-0.020345052083333336,True
train_oof,3101,0,0.0,0.0,True
train_oof,3102,0,0.0,0.0,True
train_oof,3103,0,0.0,0.0,True
train_oof,3104,0,0.0,0.0,True
train_oof,3105,0,0.0,0.0,True
train_oof,3106,0,0.0,0.0,True
train_oof,3107,0,0.0,0.0,True
train_oof,3108,-1,-1.0,-1.0,True
train_oof,3109,0,0.0,0.0,True
train_oof,3110,-1,-1.0,-1.0,True
train_oof,3111,0,0.0,0.0,True
train_oof,3112,0,0.0,0.0,True
train_oof,3113,0,0.0,0.0,True
train_oof,3114,0,0.0,0.0,True
train_oof,3115,0,0.0,0.0,True
train_oof,3116,0,0.0,0.0,True
train_oof,3117,0,0.0,0.0,True
train_oof,3118,0,0.0,0.0,True
train_oof,3119,0,0.0,0.0,True
train_oof,3120,0,0.0,0.0,True
train_oof,3121,0,0.0,0.0,True
train_oof,3122,0,0.0,0.0,True
train_oof,3123,-1,-1.0,-1.0,True
train_oof,3124,0,0.0,0.0,True
train_oof,3125,0,0.0,0.0,True
train_oof,3126,0,0.0,0.0,True
train_oof,3127,0,0.0,0.0,True
train_oof,3128,0,0.0,0.0,True
train_oof,3129,0,0.0,0.0,True
train_oof,3130,0,0.0,0.0,True
train_oof,3131,0,0.0,0.0,True
train_oof,3132,0,0.0,0.0,True
train_oof,3133,0,0.0,0.0,True
train_oof,3134,0,0.0,0.0,True
train_oof,3135,0,0.0,0.0,True
train_oof,3136,0,0.0,0.0,True
train_oof,3137,0,0.0,0.0,True
train_oof,3138,0,0.0,0.0,True
train_oof,3139,0,0.0,0.0,True
train_oof,3140,0,0.0,0.0,True
train_oof,3141,0,0.0,0.0,True
train_oof,3142,0,0.0,0.0,True
train_oof,3143,0,0.0,0.0,True
train_oof,3144,0,0.0,0.0,True
train_oof,3145,0,0.0,0.0,True
train_oof,3146,0,0.0,0.0,True
train_oof,3147,0,0.0,0.0,True
train_oof,3148,0,0.0,0.0,True
train_oof,3149,0,0.0,0.0,True
train_oof,3150,0,0.0,0.0,True
train_oof,3151,-1,-1.0,-1.0,True
train_oof,3152,0,0.0,0.0,True
train_oof,3153,0,0.0,0.0,True
train_oof,3154,0,0.0,0.0,True
train_oof,3155,0,0.0,0.0,True
train_oof,3156,0,0.0,0.0,True
train_oof,3157,-1,-1.0,-1.0,True
train_oof,3158,-1,-1.0,-1.0,True
train_oof,3159,0,0.0,0.0,True
train_oof,3160,0,0.0,0.0,True
train_oof,3161,0,0.0,0.0,True
train_oof,3162,0,0.0,0.0,True
train_oof,3163,0,0.0,0.0,True
train_oof,3164,0,0.0,0.0,True
train_oof,3165,0,0.0,0.0,True
train_oof,3166,0,0.0,0.0,True
train_oof,3167,0,0.0,0.0,True
train_oof,3168,0,0.0,0.0,True
train_oof,3169,0,0.0,0.0,True
train_oof,3170,0,0.0,0.0,True
train_oof,3171,0,0.0,0.0,True
train_oof,3172,0,0.0,0.0,True
train_oof,3173,0,0.0,0.0,True
train_oof,3174,0,0.0,0.0,True
train_oof,3175,0,0.0,0.0,True
train_oof,3176,0,0.0,0.0,True
train_oof,3177,0,0.0,0.0,True
train_oof,3178,0,0.0,0.0,True
train_oof,3179,0,0.0,0.0,True
train_oof,3180,0,0.0,0.0,True
train_oof,3181,0,0.0,0.0,True
train_oof,3182,0,0.0,0.0,True
train_oof,3183,0,0.0,0.0,True
train_oof,3184,0,0.0,0.0,True
train_oof,3185,0,0.0,0.0,True
train_oof,3186,0,0.0,0.0,True
train_oof,3187,0,0.0,0.0,True
train_oof,3188,0,0.0,0.0,True
train_oof,3189,0,0.0,0.0,True
train_oof,3190,0,0.0,0.0,True
train_oof,3191,0,0.0,0.0,True
train_oof,3192,0,0.0,0.0,True
train_oof,3193,0,0.0,0.0,True
train_oof,3194,0,0.0,0.0,True
train_oof,3195,0,0.0,0.0,True
train_oof,3196,0,0.0,0.0,True
train_oof,3197,0,0.0,0.0,True
train_oof,3198,0,0.0,0.0,True
train_oof,3199,0,0.0,0.0,True
train_oof,3200,0,0.0,0.0,True
train_oof,3201,0,0.0,0.0,True
train_oof,3202,-1,-1.0,-1.0,True
train_oof,3203,0,0.0,0.0,True
train_oof,3204,0,0.0,0.0,True
train_oof,3205,0,0.0,0.0,True
train_oof,3206,-1,,-0.986328125,False
train_oof,3207,0,0.0,0.0,True
train_oof,3208,0,0.0,0.0,True
train_oof,3209,0,0.0,0.0,True
train_oof,3210,0,0.0,0.0,True
train_oof,3211,0,0.0,0.0,True
train_oof,3212,0,0.0,0.0,True
train_oof,3213,0,0.0,0.0,True
train_oof,3214,0,0.0,0.0,True
train_oof,3215,0,0.0,0.0,True
train_oof,3216,0,0.0,0.0,True
train_oof,3217,0,0.0,0.0,True
train_oof,3218,0,0.0,0.0,True
train_oof,3219,0,0.0,0.0,True
train_oof,3220,0,0.0,0.0,True
train_oof,3221,0,0.0,0.0,True
train_oof,3222,0,0.0,0.0,True
train_oof,3223,0,0.0,0.0,True
train_oof,3224,0,0.0,0.0,True
train_oof,3225,0,0.0,0.0,True
train_oof,3226,0,,0.0,False
train_oof,3227,0,0.0,0.0,True
train_oof,3228,0,0.0,0.0,True
train_oof,3229,0,0.0,0.0,True
train_oof,3230,0,,0.0,False
train_oof,3231,0,0.0,0.0,True
train_oof,3232,0,0.0,0.0,True
train_oof,3233,0,0.0,0.0,True
train_oof,3234,0,0.0,0.0,True
train_oof,3235,0,0.0,0.0,True
train_oof,3236,0,0.0,0.0,True
train_oof,3237,0,0.0,0.0,True
train_oof,3238,0,0.0,0.0,True
train_oof,3239,0,0.0,0.0,True
train_oof,3240,0,0.0,0.0,True
train_oof,3241,0,0.0,0.0,True
train_oof,3242,0,0.0,0.0,True
train_oof,3243,0,0.0,0.0,True
train_oof,3244,0,0.0,0.0,True
train_oof,3245,0,0.0,0.0,True
train_oof,3246,0,0.0,0.0,True
train_oof,3247,0,0.0,0.0,True
train_oof,3248,0,0.0,0.0,True
train_oof,3249,0,0.0,0.0,True
train_oof,3250,0,0.0,0.0,True
train_oof,3251,0,0.0,0.0,True
train_oof,3252,0,0.0,0.0,True
train_oof,3253,0,0.0,0.0,True
train_oof,3254,0,0.0,0.0,True
train_oof,3255,0,0.0,0.0,True
train_oof,3256,0,0.0,0.0,True
train_oof,3257,0,0.0,0.0,True
train_oof,3258,0,0.0,0.0,True
train_oof,3259,0,0.0,0.0,True
train_oof,3260,0,0.0,0.0,True
train_oof,3261,0,0.0,0.0,True
train_oof,3262,0,0.0,0.0,True
train_oof,3263,0,0.0,0.0,True
train_oof,3264,0,0.0,0.0,True
train_oof,3265,0,0.0,0.0,True
train_oof,3266,0,0.0,0.0,True
train_oof,3267,0,0.0,0.0,True
train_oof,3268,0,0.0,0.0,True
train_oof,3269,0,0.0,0.0,True
train_oof,3270,0,0.0,0.0,True
train_oof,3271,0,0.0,0.0,True
train_oof,3272,0,0.0,0.0,True
train_oof,3273,0,0.0,0.0,True
train_oof,3274,0,0.0,0.0,True
train_oof,3275,0,0.0,0.0,True
train_oof,3276,0,0.0,0.0,True
train_oof,3277,0,0.0,0.0,True
train_oof,3278,0,0.0,0.0,True
train_oof,3279,0,0.0,0.0,True
train_oof,3280,0,0.0,0.0,True
train_oof,3281,0,0.0,0.0,True
train_oof,3282,0,0.0,0.0,True
train_oof,3283,0,0.0,0.0,True
train_oof,3284,0,0.0,0.0,True
train_oof,3285,0,0.0,0.0,True
train_oof,3286,0,0.0,0.0,True
train_oof,3287,0,0.0,0.0,True
train_oof,3288,0,0.0,0.0,True
train_oof,3289,0,0.0,0.0,True
train_oof,3290,0,0.0,0.0,True
train_oof,3291,0,0.0,0.0,True
train_oof,3292,-1,,-1.0,False
train_oof,3293,0,0.0,0.0,True
train_oof,3294,0,0.0,0.0,True
train_oof,3295,0,0.0,0.0,True
train_oof,3296,0,0.0,0.0,True
train_oof,3297,0,0.0,0.0,True
train_oof,3298,0,0.0,0.0,True
train_oof,3299,0,0.0,0.0,True
train_oof,3300,0,0.0,0.0,True
train_oof,3301,0,0.0,0.0,True
train_oof,3302,0,0.0,0.0,True
train_oof,3303,0,0.0,0.0,True
train_oof,3304,0,0.0,0.0,True
train_oof,3305,0,0.0,0.0,True
train_oof,3306,0,0.0,0.0,True
train_oof,3307,0,0.0,0.0,True
train_oof,3308,0,0.0,0.0,True
train_oof,3309,0,0.0,0.0,True
train_oof,3310,0,0.0,0.0,True
train_oof,3311,0,0.0,0.0,True
train_oof,3312,0,0.0,0.0,True
train_oof,3313,0,0.0,0.0,True
train_oof,3314,0,0.0,0.0,True
train_oof,3315,0,0.0,0.0,True
train_oof,3316,0,0.0,0.0,True
train_oof,3317,0,0.0,0.0,True
train_oof,3318,0,0.0,0.0,True
train_oof,3319,0,0.0,0.0,True
train_oof,3320,0,0.0,0.0,True
train_oof,3321,0,0.0,0.0,True
train_oof,3322,0,0.0,0.0,True
train_oof,3323,0,0.0,0.0,True
train_oof,3324,0,0.0,0.0,True
train_oof,3325,0,0.0,0.0,True
train_oof,3326,0,0.0,0.0,True
train_oof,3327,0,0.0,0.0,True
train_oof,3328,0,0.0,0.0,True
train_oof,3329,0,0.0,0.0,True
train_oof,3330,0,0.0,0.0,True
train_oof,3331,0,0.0,0.0,True
train_oof,3332,0,,-0.01171875,False
train_oof,3333,0,0.0,0.0,True
train_oof,3334,0,0.0,0.0,True
train_oof,3335,0,0.0,0.0,True
train_oof,3336,0,0.0,0.0,True
train_oof,3337,0,0.0,0.0,True
train_oof,3338,0,0.0,0.0,True
train_oof,3339,0,0.0,0.0,True
train_oof,3340,0,0.0,0.0,True
train_oof,3341,0,0.0,0.0,True
train_oof,3342,0,0.0,0.0,True
train_oof,3343,0,0.0,0.0,True
train_oof,3344,0,0.0,0.0,True
train_oof,3345,0,0.0,0.0,True
train_oof,3346,0,0.0,0.0,True
train_oof,3347,0,0.0,0.0,True
train_oof,3348,0,0.0,0.0,True
train_oof,3349,0,0.0,0.0,True
train_oof,3350,0,0.0,0.0,True
train_oof,3351,0,0.0,0.0,True
train_oof,3352,0,0.0,0.0,True
train_oof,3353,0,0.0,0.0,True
train_oof,3354,0,0.0,0.0,True
train_oof,3355,0,0.0,0.0,True
train_oof,3356,0,0.0,0.0,True
train_oof,3357,0,0.0,0.0,True
train_oof,3358,0,0.0,0.0,True
train_oof,3359,0,0.0,0.0,True
train_oof,3360,0,0.0,0.0,True
train_oof,3361,0,0.0,0.0,True
train_oof,3362,0,0.0,0.0,True
train_oof,3363,0,0.0,0.0,True
train_oof,3364,0,0.0,0.0,True
train_oof,3365,0,0.0,0.0,True
train_oof,3366,0,0.0,0.0,True
train_oof,3367,0,0.0,0.0,True
train_oof,3368,0,0.0,0.0,True
train_oof,3369,0,0.0,0.0,True
train_oof,3370,0,0.0,0.0,True
train_oof,3371,0,0.0,0.0,True
train_oof,3372,0,0.0,0.0,True
train_oof,3373,0,0.0,0.0,True
train_oof,3374,0,0.0,0.0,True
train_oof,3375,0,0.0,0.0,True
train_oof,3376,0,0.0,0.0,True
train_oof,3377,0,0.0,0.0,True
train_oof,3378,0,0.0,0.0,True
train_oof,3379,-1,-1.0,-1.0,True
train_oof,3380,0,0.0,0.0,True
train_oof,3381,-1,,-0.8470052083333334,False
train_oof,3382,0,0.0,0.0,True
train_oof,3383,0,0.0,0.0,True
train_oof,3384,0,0.0,0.0,True
train_oof,3385,0,0.0,0.0,True
train_oof,3386,0,0.0,0.0,True
train_oof,3387,0,0.0,0.0,True
train_oof,3388,0,0.0,0.0,True
train_oof,3389,0,0.0,0.0,True
train_oof,3390,0,0.0,0.0,True
train_oof,3391,0,0.0,0.0,True
train_oof,3392,0,0.0,0.0,True
train_oof,3393,0,0.0,0.0,True
train_oof,3394,0,0.0,0.0,True
train_oof,3395,0,0.0,0.0,True
train_oof,3396,-1,,-0.986328125,False
train_oof,3397,0,0.0,0.0,True
train_oof,3398,-1,-1.0,-1.0,True
train_oof,3399,0,0.0,0.0,True
train_oof,3400,0,0.0,0.0,True
train_oof,3401,0,0.0,0.0,True
train_oof,3402,0,0.0,0.0,True
train_oof,3403,0,0.0,0.0,True
train_oof,3404,0,0.0,0.0,True
train_oof,3405,0,0.0,-4.944620253164557e-05,True
train_oof,3406,0,0.0,0.0,True
train_oof,3407,0,0.0,0.0,True
train_oof,3408,0,0.0,0.0,True
train_oof,3409,0,0.0,0.0,True
train_oof,3410,0,0.0,0.0,True
train_oof,3411,0,0.0,0.0,True
train_oof,3412,0,0.0,0.0,True
train_oof,3413,0,0.0,0.0,True
train_oof,3414,0,0.0,0.0,True
train_oof,3415,0,0.0,0.0,True
train_oof,3416,0,0.0,0.0,True
train_oof,3417,0,0.0,0.0,True
train_oof,3418,0,0.0,0.0,True
train_oof,3419,0,0.0,0.0,True
train_oof,3420,0,0.0,0.0,True
train_oof,3421,0,0.0,0.0,True
train_oof,3422,0,0.0,0.0,True
train_oof,3423,0,0.0,0.0,True
train_oof,3424,0,0.0,0.0,True
train_oof,3425,0,0.0,0.0,True
train_oof,3426,0,0.0,-4.944620253164557e-05,True
train_oof,3427,0,0.0,0.0,True
train_oof,3428,0,0.0,0.0,True
train_oof,3429,0,0.0,0.0,True
train_oof,3430,0,0.0,0.0,True
train_oof,3431,0,0.0,0.0,True
train_oof,3432,0,0.0,0.0,True
train_oof,3433,0,0.0,0.0,True
train_oof,3434,0,0.0,0.0,True
train_oof,3435,0,0.0,0.0,True
train_oof,3436,0,0.0,0.0,True
train_oof,3437,0,0.0,0.0,True
train_oof,3438,0,0.0,0.0,True
train_oof,3439,0,0.0,0.0,True
train_oof,3440,0,0.0,0.0,True
train_oof,3441,0,0.0,0.0,True
train_oof,3442,0,0.0,0.0,True
train_oof,3443,0,0.0,0.0,True
train_oof,3444,0,0.0,0.0,True
train_oof,3445,0,0.0,0.0,True
train_oof,3446,0,0.0,0.0,True
train_oof,3447,0,0.0,0.0,True
train_oof,3448,0,0.0,0.0,True
train_oof,3449,0,0.0,0.0,True
train_oof,3450,0,0.0,0.0,True
train_oof,3451,0,,0.0,False
train_oof,3452,0,0.0,0.0,True
train_oof,3453,0,0.0,0.0,True
train_oof,3454,0,0.0,0.0,True
train_oof,3455,-2,,-1.4525669642857142,False
train_oof,3456,0,0.0,0.0,True
train_oof,3457,0,0.0,0.0,True
train_oof,3458,0,0.0,0.0,True
train_oof,3459,0,0.0,0.0,True
train_oof,3460,0,,-0.4524739583333335,False
train_oof,3461,0,0.0,0.0,True
train_oof,3462,0,0.0,0.0,True
train_oof,3463,0,0.0,0.0,True
train_oof,3464,0,0.0,0.0,True
train_oof,3465,0,0.0,0.0,True
train_oof,3466,0,0.0,0.0,True
train_oof,3467,0,0.0,0.0,True
train_oof,3468,0,0.0,0.0,True
train_oof,3469,0,0.0,0.0,True
train_oof,3470,0,0.0,0.0,True
train_oof,3471,0,0.0,0.0,True
train_oof,3472,0,0.0,0.0,True
train_oof,3473,0,0.0,0.0,True
train_oof,3474,0,0.0,0.0,True
train_oof,3475,0,0.0,0.0,True
train_oof,3476,0,0.0,0.0,True
train_oof,3477,0,0.0,0.0,True
train_oof,3478,0,0.0,0.0,True
train_oof,3479,0,0.0,0.0,True
train_oof,3480,0,0.0,0.0,True
train_oof,3481,0,0.0,0.0,True
train_oof,3482,0,0.0,0.0,True
train_oof,3483,0,0.0,0.0,True
train_oof,3484,0,0.0,0.0,True
train_oof,3485,0,0.0,0.0,True
train_oof,3486,0,0.0,0.0,True
train_oof,3487,-2,-2.0,-2.0,True
train_oof,3488,0,0.0,0.0,True
train_oof,3489,0,0.0,0.0,True
train_oof,3490,0,0.0,0.0,True
train_oof,3491,0,0.0,0.0,True
train_oof,3492,0,0.0,0.0,True
train_oof,3493,0,0.0,0.0,True
train_oof,3494,0,0.0,0.0,True
train_oof,3495,0,0.0,0.0,True
train_oof,3496,0,0.0,0.0,True
train_oof,3497,0,0.0,0.0,True
train_oof,3498,0,0.0,0.0,True
train_oof,3499,0,0.0,0.0,True
train_oof,3500,0,0.0,0.0,True
train_oof,3501,0,0.0,0.0,True
train_oof,3502,0,0.0,0.0,True
train_oof,3503,0,0.0,0.0,True
train_oof,3504,0,0.0,0.0,True
train_oof,3505,0,0.0,0.0,True
train_oof,3506,0,0.0,0.0,True
train_oof,3507,0,0.0,0.0,True
train_oof,3508,0,0.0,0.0,True
train_oof,3509,0,0.0,0.0,True
train_oof,3510,0,0.0,0.0,True
train_oof,3511,0,0.0,0.0,True
train_oof,3512,0,0.0,0.0,True
train_oof,3513,0,0.0,0.0,True
train_oof,3514,0,0.0,0.0,True
train_oof,3515,0,0.0,0.0,True
train_oof,3516,0,0.0,0.0,True
train_oof,3517,0,0.0,0.0,True
train_oof,3518,0,0.0,0.0,True
train_oof,3519,0,0.0,0.0,True
train_oof,3520,0,0.0,0.0,True
train_oof,3521,0,0.0,0.0,True
train_oof,3522,0,0.0,0.0,True
train_oof,3523,0,0.0,0.0,True
train_oof,3524,0,0.0,0.0,True
train_oof,3525,0,0.0,0.0,True
train_oof,3526,0,0.0,0.0,True
train_oof,3527,0,0.0,0.0,True
train_oof,3528,0,0.0,0.0,True
train_oof,3529,0,0.0,0.0,True
train_oof,3530,0,0.0,0.0,True
train_oof,3531,0,0.0,0.0,True
train_oof,3532,0,0.0,0.0,True
train_oof,3533,0,0.0,0.0,True
train_oof,3534,0,0.0,0.0,True
train_oof,3535,0,0.0,0.0,True
train_oof,3536,0,0.0,0.0,True
train_oof,3537,0,0.0,0.0,True
train_oof,3538,0,0.0,0.0,True
train_oof,3539,0,0.0,0.0,True
train_oof,3540,0,0.0,0.0,True
train_oof,3541,0,0.0,0.0,True
train_oof,3542,0,0.0,0.0,True
train_oof,3543,0,0.0,0.0,True
train_oof,3544,0,0.0,0.0,True
train_oof,3545,0,0.0,0.0,True
train_oof,3546,0,0.0,0.0,True
train_oof,3547,0,0.0,0.0,True
train_oof,3548,0,0.0,0.0,True
train_oof,3549,0,0.0,0.0,True
train_oof,3550,0,0.0,0.0,True
train_oof,3551,0,0.0,0.0,True
train_oof,3552,0,0.0,0.0,True
train_oof,3553,0,0.0,0.0,True
train_oof,3554,0,0.0,0.0,True
train_oof,3555,0,0.0,0.0,True
train_oof,3556,0,0.0,0.0,True
train_oof,3557,0,0.0,0.0,True
train_oof,3558,0,0.0,0.0,True
train_oof,3559,0,0.0,0.0,True
train_oof,3560,0,0.0,0.0,True
train_oof,3561,0,0.0,0.0,True
train_oof,3562,0,0.0,0.0,True
train_oof,3563,0,0.0,0.0,True
train_oof,3564,0,0.0,0.0,True
train_oof,3565,0,0.0,0.0,True
train_oof,3566,0,0.0,0.0,True
train_oof,3567,0,0.0,0.0,True
train_oof,3568,0,0.0,0.0,True
train_oof,3569,0,0.0,0.0,True
train_oof,3570,0,0.0,0.0,True
train_oof,3571,0,0.0,0.0,True
train_oof,3572,0,0.0,0.0,True
train_oof,3573,0,0.0,0.0,True
train_oof,3574,0,0.0,0.0,True
train_oof,3575,0,0.0,0.0,True
train_oof,3576,0,0.0,0.0,True
train_oof,3577,0,0.0,0.0,True
train_oof,3578,0,0.0,0.0,True
train_oof,3579,0,0.0,0.0,True
train_oof,3580,-2,-2.0,-2.087890625,True
train_oof,3581,0,0.0,0.0,True
train_oof,3582,0,0.0,0.0,True
train_oof,3583,0,0.0,0.0,True
train_oof,3584,0,0.0,0.0,True
train_oof,3585,0,0.0,0.0,True
train_oof,3586,0,0.0,0.0,True
train_oof,3587,0,0.0,0.0,True
train_oof,3588,-1,-1.0,-1.0,True
train_oof,3589,0,0.0,0.0,True
train_oof,3590,0,0.0,0.0,True
train_oof,3591,0,0.0,0.0,True
train_oof,3592,0,0.0,0.0,True
train_oof,3593,0,0.0,0.0,True
train_oof,3594,0,,-0.2558593750000001,False
train_oof,3595,0,0.0,0.0,True
train_oof,3596,0,0.0,0.0,True
train_oof,3597,0,0.0,0.0,True
train_oof,3598,0,0.0,0.0,True
train_oof,3599,0,0.0,0.0,True
train_oof,3600,0,0.0,0.0,True
train_oof,3601,0,0.0,0.0,True
train_oof,3602,0,0.0,0.0,True
train_oof,3603,0,0.0,0.0,True
train_oof,3604,0,0.0,0.0,True
train_oof,3605,0,0.0,0.0,True
train_oof,3606,0,0.0,0.0,True
train_oof,3607,0,0.0,0.0,True
train_oof,3608,0,0.0,0.0,True
train_oof,3609,0,0.0,0.0,True
train_oof,3610,0,0.0,0.0,True
train_oof,3611,0,0.0,0.0,True
train_oof,3612,0,0.0,0.0,True
train_oof,3613,0,0.0,0.0,True
train_oof,3614,0,0.0,0.0,True
train_oof,3615,0,0.0,0.0,True
train_oof,3616,0,0.0,0.0,True
train_oof,3617,0,0.0,0.0,True
train_oof,3618,0,0.0,0.0,True
train_oof,3619,0,0.0,0.0,True
train_oof,3620,0,0.0,0.0,True
train_oof,3621,0,0.0,0.0,True
train_oof,3622,0,0.0,0.0,True
train_oof,3623,0,0.0,0.0,True
train_oof,3624,0,0.0,0.0,True
train_oof,3625,0,0.0,0.0,True
train_oof,3626,0,-2.0,-1.5759114583333331,True
train_oof,3627,0,0.0,0.0,True
train_oof,3628,-1,-1.0,-1.0,True
train_oof,3629,0,0.0,0.0,True
train_oof,3630,0,0.0,0.0,True
train_oof,3631,0,0.0,0.0,True
train_oof,3632,0,0.0,0.0,True
train_oof,3633,0,0.0,0.0,True
train_oof,3634,0,0.0,0.0,True
train_oof,3635,0,0.0,0.0,True
train_oof,3636,0,0.0,0.0,True
train_oof,3637,0,0.0,0.0,True
train_oof,3638,0,0.0,0.0,True
train_oof,3639,0,0.0,0.0,True
train_oof,3640,0,0.0,0.0,True
train_oof,3641,0,0.0,0.0,True
train_oof,3642,0,0.0,0.0,True
train_oof,3643,0,0.0,0.0,True
train_oof,3644,0,0.0,0.0,True
train_oof,3645,0,0.0,0.0,True
train_oof,3646,0,0.0,0.0,True
train_oof,3647,0,0.0,0.0,True
train_oof,3648,0,0.0,0.0,True
train_oof,3649,0,0.0,0.0,True
train_oof,3650,-1,-1.0,-1.0,True
train_oof,3651,0,0.0,0.0,True
train_oof,3652,0,0.0,0.0,True
train_oof,3653,0,0.0,0.0,True
train_oof,3654,0,0.0,0.0,True
train_oof,3655,0,0.0,0.0,True
train_oof,3656,0,0.0,0.0,True
train_oof,3657,0,0.0,0.0,True
train_oof,3658,0,0.0,0.0,True
train_oof,3659,0,0.0,0.0,True
train_oof,3660,0,0.0,0.0,True
train_oof,3661,0,0.0,0.0,True
train_oof,3662,-1,-1.0,-1.0,True
train_oof,3663,0,0.0,0.0,True
train_oof,3664,0,0.0,0.0,True
train_oof,3665,0,0.0,0.0,True
train_oof,3666,0,0.0,0.0,True
train_oof,3667,0,0.0,0.0,True
train_oof,3668,0,0.0,0.0,True
train_oof,3669,0,0.0,0.0,True
train_oof,3670,0,0.0,0.0,True
train_oof,3671,0,0.0,0.0,True
train_oof,3672,0,0.0,0.0,True
train_oof,3673,0,0.0,0.0,True
train_oof,3674,0,0.0,0.0,True
train_oof,3675,0,0.0,0.0,True
train_oof,3676,0,0.0,0.0,True
train_oof,3677,0,0.0,0.0,True
train_oof,3678,0,0.0,0.0,True
train_oof,3679,0,0.0,0.0,True
train_oof,3680,0,0.0,0.0,True
train_oof,3681,0,0.0,0.0,True
train_oof,3682,0,0.0,0.0,True
train_oof,3683,0,0.0,0.0,True
train_oof,3684,0,0.0,0.0,True
train_oof,3685,0,0.0,0.0,True
train_oof,3686,0,0.0,0.0,True
train_oof,3687,0,0.0,0.0,True
train_oof,3688,0,0.0,0.0,True
train_oof,3689,0,0.0,0.0,True
train_oof,3690,0,0.0,0.0,True
train_oof,3691,0,0.0,0.0,True
train_oof,3692,0,0.0,0.0,True
train_oof,3693,0,0.0,0.0,True
train_oof,3694,0,0.0,0.0,True
train_oof,3695,0,0.0,0.0,True
train_oof,3696,0,0.0,0.0,True
train_oof,3697,0,0.0,0.0,True
train_oof,3698,0,0.0,0.0,True
train_oof,3699,0,0.0,0.0,True
train_oof,3700,0,0.0,-0.19205729166666669,True
train_oof,3701,0,0.0,0.0,True
train_oof,3702,0,0.0,0.0,True
train_oof,3703,-1,-1.0,-1.0,True
train_oof,3704,0,0.0,0.0,True
train_oof,3705,0,0.0,0.0,True
train_oof,3706,0,0.0,0.0,True
train_oof,3707,0,0.0,0.0,True
train_oof,3708,0,0.0,0.0,True
train_oof,3709,0,0.0,0.0,True
train_oof,3710,0,0.0,0.0,True
train_oof,3711,0,0.0,0.0,True
train_oof,3712,0,0.0,0.0,True
train_oof,3713,0,0.0,0.0,True
train_oof,3714,0,0.0,0.0,True
train_oof,3715,0,0.0,-4.944620253164557e-05,True
train_oof,3716,0,0.0,0.0,True
train_oof,3717,0,0.0,0.0,True
train_oof,3718,0,0.0,0.0,True
train_oof,3719,0,0.0,0.0,True
train_oof,3720,0,0.0,0.0,True
train_oof,3721,0,0.0,0.0,True
train_oof,3722,0,0.0,0.0,True
train_oof,3723,0,0.0,0.0,True
train_oof,3724,0,0.0,0.0,True
train_oof,3725,0,0.0,0.0,True
train_oof,3726,0,0.0,0.0,True
train_oof,3727,0,0.0,0.0,True
train_oof,3728,0,0.0,0.0,True
train_oof,3729,0,0.0,0.0,True
train_oof,3730,0,0.0,0.0,True
train_oof,3731,0,0.0,0.0,True
train_oof,3732,0,0.0,0.0,True
train_oof,3733,0,0.0,0.0,True
train_oof,3734,0,0.0,0.0,True
train_oof,3735,0,0.0,0.0,True
train_oof,3736,0,0.0,0.0,True
train_oof,3737,0,0.0,0.0,True
train_oof,3738,0,0.0,-0.0375,True
train_oof,3739,0,0.0,0.0,True
train_oof,3740,0,0.0,0.0,True
train_oof,3741,-1,0.0,-0.0600260416666667,True
train_oof,3742,0,0.0,0.0,True
train_oof,3743,0,0.0,0.0,True
train_oof,3744,0,0.0,0.0,True
train_oof,3745,0,0.0,0.0,True
train_oof,3746,0,0.0,0.0,True
train_oof,3747,0,0.0,0.0,True
train_oof,3748,0,0.0,0.0,True
train_oof,3749,0,0.0,0.0,True
train_oof,3750,0,0.0,0.0,True
train_oof,3751,0,0.0,0.0,True
train_oof,3752,0,0.0,0.0,True
train_oof,3753,0,0.0,0.0,True
train_oof,3754,0,0.0,0.0,True
train_oof,3755,0,0.0,0.0,True
train_oof,3756,0,0.0,0.0,True
train_oof,3757,0,0.0,0.0,True
train_oof,3758,0,0.0,0.0,True
train_oof,3759,0,0.0,0.0,True
train_oof,3760,0,0.0,0.0,True
train_oof,3761,0,0.0,0.0,True
train_oof,3762,0,0.0,0.0,True
train_oof,3763,0,0.0,0.0,True
train_oof,3764,0,0.0,0.0,True
train_oof,3765,0,0.0,0.0,True
train_oof,3766,0,0.0,0.0,True
train_oof,3767,0,0.0,0.0,True
train_oof,3768,0,0.0,0.0,True
train_oof,3769,0,0.0,0.0,True
train_oof,3770,0,0.0,0.0,True
train_oof,3771,0,0.0,0.0,True
train_oof,3772,0,0.0,0.0,True
train_oof,3773,0,0.0,-0.00390625,True
train_oof,3774,0,0.0,0.0,True
train_oof,3775,0,0.0,0.0,True
train_oof,3776,-6,,-2.0188802083333344,False
train_oof,3777,0,0.0,0.0,True
train_oof,3778,0,0.0,0.0,True
train_oof,3779,0,0.0,0.0,True
train_oof,3780,0,0.0,0.0,True
train_oof,3781,0,0.0,0.0,True
train_oof,3782,0,0.0,0.0,True
train_oof,3783,0,0.0,0.0,True
train_oof,3784,0,0.0,0.0,True
train_oof,3785,-2,,-1.96484375,False
train_oof,3786,0,,0.0,False
train_oof,3787,0,0.0,0.0,True
train_oof,3788,0,0.0,0.0,True
train_oof,3789,0,0.0,0.0,True
train_oof,3790,0,0.0,0.0,True
train_oof,3791,0,0.0,0.0,True
train_oof,3792,0,0.0,0.0,True
train_oof,3793,0,0.0,0.0,True
train_oof,3794,0,0.0,0.0,True
train_oof,3795,0,0.0,0.0,True
train_oof,3796,0,0.0,0.0,True
train_oof,3797,0,0.0,0.0,True
train_oof,3798,0,0.0,0.0,True
train_oof,3799,0,0.0,0.0,True
train_oof,3800,0,0.0,0.0,True
train_oof,3801,0,0.0,0.0,True
train_oof,3802,0,0.0,0.0,True
train_oof,3803,0,0.0,0.0,True
train_oof,3804,0,0.0,0.0,True
train_oof,3805,0,0.0,0.0,True
train_oof,3806,0,0.0,0.0,True
train_oof,3807,0,0.0,0.0,True
train_oof,3808,0,0.0,0.0,True
train_oof,3809,0,0.0,0.0,True
train_oof,3810,-1,-1.0,-1.0,True
train_oof,3811,-1,-1.0,-1.0,True
train_oof,3812,0,0.0,0.0,True
train_oof,3813,0,0.0,0.0,True
train_oof,3814,0,0.0,0.0,True
train_oof,3815,0,0.0,0.0,True
train_oof,3816,0,0.0,0.0,True
train_oof,3817,0,0.0,0.0,True
train_oof,3818,0,0.0,0.0,True
train_oof,3819,0,0.0,0.0,True
train_oof,3820,0,0.0,0.0,True
train_oof,3821,0,0.0,0.0,True
train_oof,3822,0,0.0,0.0,True
train_oof,3823,0,0.0,0.0,True
train_oof,3824,0,0.0,0.0,True
train_oof,3825,0,,-0.26171874999999994,False
train_oof,3826,0,0.0,0.0,True
train_oof,3827,0,0.0,0.0,True
train_oof,3828,0,0.0,0.0,True
train_oof,3829,0,0.0,0.0,True
train_oof,3830,0,0.0,0.0,True
train_oof,3831,0,0.0,0.0,True
train_oof,3832,0,0.0,0.0,True
train_oof,3833,0,0.0,0.0,True
train_oof,3834,-1,-1.0,-1.0,True
train_oof,3835,0,0.0,0.0,True
train_oof,3836,0,0.0,0.0,True
train_oof,3837,0,0.0,0.0,True
train_oof,3838,0,0.0,0.0,True
train_oof,3839,0,0.0,0.0,True
train_oof,3840,0,0.0,0.0,True
train_oof,3841,0,0.0,0.0,True
train_oof,3842,0,0.0,0.0,True
train_oof,3843,-1,-1.0,-1.0,True
train_oof,3844,0,0.0,0.0,True
train_oof,3845,0,0.0,0.0,True
train_oof,3846,0,0.0,0.0,True
train_oof,3847,0,0.0,0.0,True
train_oof,3848,0,0.0,0.0,True
train_oof,3849,0,0.0,0.0,True
train_oof,3850,0,0.0,0.0,True
train_oof,3851,0,0.0,0.0,True
train_oof,3852,0,0.0,0.0,True
train_oof,3853,0,0.0,0.0,True
train_oof,3854,0,0.0,0.0,True
train_oof,3855,0,0.0,0.0,True
train_oof,3856,0,0.0,0.0,True
train_oof,3857,0,0.0,0.0,True
train_oof,3858,0,0.0,0.0,True
train_oof,3859,0,0.0,0.0,True
train_oof,3860,0,0.0,0.0,True
train_oof,3861,0,0.0,0.0,True
train_oof,3862,0,0.0,0.0,True
train_oof,3863,0,0.0,0.0,True
train_oof,3864,0,0.0,0.0,True
train_oof,3865,0,0.0,0.0,True
train_oof,3866,0,0.0,0.0,True
train_oof,3867,0,0.0,0.0,True
train_oof,3868,0,0.0,0.0,True
train_oof,3869,0,0.0,0.0,True
train_oof,3870,0,0.0,0.0,True
train_oof,3871,0,0.0,-0.0625,True
train_oof,3872,0,0.0,0.0,True
train_oof,3873,0,0.0,0.0,True
train_oof,3874,0,0.0,0.0,True
train_oof,3875,0,0.0,0.0,True
train_oof,3876,0,0.0,0.0,True
train_oof,3877,0,0.0,0.0,True
train_oof,3878,0,0.0,0.0,True
train_oof,3879,0,0.0,0.0,True
train_oof,3880,0,0.0,0.0,True
train_oof,3881,0,0.0,0.0,True
train_oof,3882,0,0.0,0.0,True
train_oof,3883,0,0.0,0.0,True
train_oof,3884,0,0.0,0.0,True
train_oof,3885,0,0.0,0.0,True
train_oof,3886,0,0.0,0.0,True
train_oof,3887,-1,-1.0,-1.0,True
train_oof,3888,0,0.0,0.0,True
train_oof,3889,0,0.0,0.0,True
train_oof,3890,0,0.0,0.0,True
train_oof,3891,0,0.0,0.0,True
train_oof,3892,0,0.0,0.0,True
train_oof,3893,0,0.0,0.0,True
train_oof,3894,0,0.0,0.0,True
train_oof,3895,0,0.0,0.0,True
train_oof,3896,0,0.0,0.0,True
train_oof,3897,0,0.0,0.0,True
train_oof,3898,0,0.0,0.0,True
train_oof,3899,0,0.0,0.0,True
train_oof,3900,0,0.0,0.0,True
train_oof,3901,0,0.0,0.0,True
train_oof,3902,0,0.0,0.0,True
train_oof,3903,0,0.0,0.0,True
train_oof,3904,0,0.0,0.0,True
train_oof,3905,0,0.0,0.0,True
train_oof,3906,0,0.0,0.0,True
train_oof,3907,0,0.0,0.0,True
train_oof,3908,0,0.0,0.0,True
train_oof,3909,0,0.0,0.0,True
train_oof,3910,0,0.0,0.0,True
train_oof,3911,0,0.0,0.0,True
train_oof,3912,0,0.0,0.0,True
train_oof,3913,0,0.0,0.0,True
train_oof,3914,0,0.0,0.0,True
train_oof,3915,0,0.0,0.0,True
train_oof,3916,0,0.0,0.0,True
train_oof,3917,0,0.0,0.0,True
train_oof,3918,0,0.0,0.0,True
train_oof,3919,0,0.0,0.0,True
train_oof,3920,0,0.0,0.0,True
train_oof,3921,0,0.0,0.0,True
train_oof,3922,0,0.0,0.0,True
train_oof,3923,0,0.0,0.0,True
train_oof,3924,0,0.0,0.0,True
train_oof,3925,0,0.0,0.0,True
train_oof,3926,0,0.0,0.0,True
train_oof,3927,0,0.0,0.0,True
train_oof,3928,0,0.0,0.0,True
train_oof,3929,0,0.0,0.0,True
train_oof,3930,0,0.0,0.0,True
train_oof,3931,0,0.0,0.0,True
train_oof,3932,0,0.0,0.0,True
train_oof,3933,0,0.0,0.0,True
train_oof,3934,0,0.0,0.0,True
train_oof,3935,0,0.0,0.0,True
train_oof,3936,0,0.0,0.0,True
train_oof,3937,0,0.0,0.0,True
train_oof,3938,0,0.0,0.0,True
train_oof,3939,0,0.0,0.0,True
train_oof,3940,0,0.0,0.0,True
train_oof,3941,0,0.0,0.0,True
train_oof,3942,0,0.0,0.0,True
train_oof,3943,0,0.0,0.0,True
train_oof,3944,0,0.0,0.0,True
train_oof,3945,0,0.0,0.0,True
train_oof,3946,0,0.0,0.0,True
train_oof,3947,0,0.0,0.0,True
train_oof,3948,0,0.0,0.0,True
train_oof,3949,0,0.0,0.0,True
train_oof,3950,0,0.0,0.0,True
train_oof,3951,0,0.0,0.0,True
train_oof,3952,0,0.0,0.0,True
train_oof,3953,0,0.0,0.0,True
train_oof,3954,0,0.0,0.0,True
train_oof,3955,0,0.0,0.0,True
train_oof,3956,0,0.0,0.0,True
train_oof,3957,0,0.0,0.0,True
train_oof,3958,0,0.0,0.0,True
train_oof,3959,0,0.0,0.0,True
train_oof,3960,0,0.0,0.0,True
train_oof,3961,0,0.0,0.0,True
train_oof,3962,0,0.0,0.0,True
train_oof,3963,0,0.0,0.0,True
train_oof,3964,0,0.0,0.0,True
train_oof,3965,0,0.0,0.0,True
train_oof,3966,0,0.0,0.0,True
train_oof,3967,0,0.0,0.0,True
train_oof,3968,0,0.0,0.0,True
train_oof,3969,0,0.0,0.0,True
train_oof,3970,0,0.0,0.0,True
train_oof,3971,0,0.0,0.0,True
train_oof,3972,0,0.0,0.0,True
train_oof,3973,0,0.0,0.0,True
train_oof,3974,0,0.0,0.0,True
train_oof,3975,0,0.0,0.0,True
train_oof,3976,0,0.0,0.0,True
train_oof,3977,0,0.0,0.0,True
train_oof,3978,0,0.0,-0.003125,True
train_oof,3979,0,0.0,0.0,True
train_oof,3980,0,0.0,0.0,True
train_oof,3981,0,0.0,0.0,True
train_oof,3982,0,0.0,0.0,True
train_oof,3983,0,0.0,0.0,True
train_oof,3984,0,0.0,0.0,True
train_oof,3985,0,0.0,0.0,True
train_oof,3986,0,0.0,0.0,True
train_oof,3987,0,0.0,0.0,True
train_oof,3988,0,0.0,0.0,True
train_oof,3989,0,0.0,0.0,True
train_oof,3990,0,0.0,0.0,True
train_oof,3991,0,0.0,0.0,True
train_oof,3992,0,0.0,0.0,True
train_oof,3993,0,0.0,0.0,True
train_oof,3994,0,0.0,0.0,True
train_oof,3995,0,0.0,0.0,True
train_oof,3996,0,0.0,0.0,True
train_oof,3997,0,0.0,0.0,True
train_oof,3998,0,0.0,0.0,True
train_oof,3999,0,,0.0,False
train_oof,4000,0,0.0,0.0,True
train_oof,4001,0,0.0,-4.944620253164557e-05,True
train_oof,4002,0,0.0,0.0,True
train_oof,4003,0,0.0,0.0,True
train_oof,4004,0,0.0,0.0,True
train_oof,4005,0,0.0,0.0,True
train_oof,4006,0,0.0,0.0,True
train_oof,4007,0,0.0,0.0,True
train_oof,4008,0,0.0,0.0,True
train_oof,4009,-1,-1.0,-1.0,True
train_oof,4010,0,0.0,0.0,True
train_oof,4011,0,0.0,0.0,True
train_oof,4012,0,0.0,0.0,True
train_oof,4013,0,0.0,0.0,True
train_oof,4014,0,0.0,-4.944620253164557e-05,True
train_oof,4015,0,0.0,0.0,True
train_oof,4016,0,0.0,0.0,True
train_oof,4017,0,0.0,0.0,True
train_oof,4018,0,0.0,0.0,True
train_oof,4019,0,0.0,-4.944620253164557e-05,True
train_oof,4020,0,0.0,0.0,True
train_oof,4021,0,0.0,0.0,True
train_oof,4022,0,0.0,-4.944620253164557e-05,True
train_oof,4023,0,0.0,0.0,True
train_oof,4024,0,0.0,0.0,True
train_oof,4025,0,0.0,0.0,True
train_oof,4026,0,0.0,0.0,True
train_oof,4027,0,0.0,0.0,True
train_oof,4028,0,0.0,0.0,True
train_oof,4029,0,0.0,0.0,True
train_oof,4030,0,0.0,0.0,True
train_oof,4031,0,0.0,0.0,True
train_oof,4032,0,0.0,0.0,True
train_oof,4033,0,0.0,0.0,True
train_oof,4034,-1,,-0.8470052083333334,False
train_oof,4035,0,0.0,0.0,True
train_oof,4036,0,0.0,0.0,True
train_oof,4037,0,0.0,0.0,True
train_oof,4038,0,0.0,0.0,True
train_oof,4039,0,0.0,0.0,True
train_oof,4040,0,0.0,0.0,True
train_oof,4041,-1,,-1.0,False
train_oof,4042,0,0.0,0.0,True
train_oof,4043,0,0.0,0.0,True
train_oof,4044,-1,,-0.986328125,False
train_oof,4045,0,0.0,0.0,True
train_oof,4046,0,0.0,0.0,True
train_oof,4047,0,0.0,0.0,True
train_oof,4048,-1,-1.0,-1.0,True
train_oof,4049,0,0.0,0.0,True
train_oof,4050,0,0.0,0.0,True
train_oof,4051,0,0.0,0.0,True
train_oof,4052,0,0.0,0.0,True
train_oof,4053,0,0.0,0.0,True
train_oof,4054,0,0.0,0.0,True
train_oof,4055,0,0.0,0.0,True
train_oof,4056,0,0.0,0.0,True
train_oof,4057,0,0.0,0.0,True
train_oof,4058,0,0.0,0.0,True
train_oof,4059,0,0.0,0.0,True
train_oof,4060,0,0.0,0.0,True
train_oof,4061,0,0.0,0.0,True
train_oof,4062,0,0.0,0.0,True
train_oof,4063,0,0.0,0.0,True
train_oof,4064,0,0.0,0.0,True
train_oof,4065,0,0.0,0.0,True
train_oof,4066,0,0.0,0.0,True
train_oof,4067,0,0.0,0.0,True
train_oof,4068,0,0.0,0.0,True
train_oof,4069,0,0.0,0.0,True
train_oof,4070,0,0.0,0.0,True
train_oof,4071,0,0.0,0.0,True
train_oof,4072,0,0.0,0.0,True
train_oof,4073,0,0.0,0.0,True
train_oof,4074,0,0.0,0.0,True
train_oof,4075,0,0.0,0.0,True
train_oof,4076,0,0.0,0.0,True
train_oof,4077,-1,,-0.99609375,False
train_oof,4078,0,0.0,0.0,True
train_oof,4079,0,0.0,0.0,True
train_oof,4080,0,0.0,0.0,True
train_oof,4081,0,0.0,0.0,True
train_oof,4082,0,0.0,0.0,True
train_oof,4083,0,0.0,0.0,True
train_oof,4084,0,0.0,0.0,True
train_oof,4085,0,0.0,0.0,True
train_oof,4086,0,0.0,0.0,True
train_oof,4087,0,0.0,0.0,True
train_oof,4088,0,0.0,0.0,True
train_oof,4089,0,0.0,0.0,True
train_oof,4090,0,0.0,0.0,True
train_oof,4091,0,0.0,0.0,True
train_oof,4092,0,0.0,0.0,True
train_oof,4093,0,0.0,0.0,True
train_oof,4094,0,0.0,0.0,True
train_oof,4095,0,0.0,0.0,True
train_oof,4096,0,0.0,0.0,True
train_oof,4097,0,0.0,0.0,True
train_oof,4098,0,0.0,0.0,True
train_oof,4099,0,0.0,0.0,True
train_oof,4100,0,0.0,0.0,True
train_oof,4101,0,0.0,0.0,True
train_oof,4102,-1,,-0.986328125,False
train_oof,4103,0,,-0.12042410714285715,False
train_oof,4104,0,0.0,0.0,True
train_oof,4105,0,0.0,0.0,True
train_oof,4106,0,0.0,0.0,True
train_oof,4107,0,0.0,0.0,True
train_oof,4108,0,0.0,0.0,True
train_oof,4109,0,0.0,0.0,True
train_oof,4110,0,0.0,0.0,True
train_oof,4111,0,0.0,0.0,True
train_oof,4112,0,0.0,0.0,True
train_oof,4113,0,0.0,0.0,True
train_oof,4114,0,0.0,0.0,True
train_oof,4115,-1,,-1.0,False
train_oof,4116,0,0.0,0.0,True
train_oof,4117,0,0.0,0.0,True
train_oof,4118,0,0.0,0.0,True
train_oof,4119,-1,,-1.34375,False
train_oof,4120,0,0.0,0.0,True
train_oof,4121,0,0.0,0.0,True
train_oof,4122,0,0.0,0.0,True
train_oof,4123,0,0.0,0.0,True
train_oof,4124,0,0.0,0.0,True
train_oof,4125,0,0.0,0.0,True
train_oof,4126,0,0.0,0.0,True
train_oof,4127,0,0.0,0.0,True
train_oof,4128,0,0.0,0.0,True
train_oof,4129,-1,-1.0,-1.0,True
train_oof,4130,0,0.0,0.0,True
train_oof,4131,0,0.0,0.0,True
train_oof,4132,0,0.0,0.0,True
train_oof,4133,0,0.0,0.0,True
train_oof,4134,0,0.0,0.0,True
train_oof,4135,0,0.0,0.0,True
train_oof,4136,0,0.0,0.0,True
train_oof,4137,0,0.0,0.0,True
train_oof,4138,0,0.0,0.0,True
train_oof,4139,0,0.0,0.0,True
train_oof,4140,0,0.0,0.0,True
train_oof,4141,0,0.0,0.0,True
train_oof,4142,0,0.0,0.0,True
train_oof,4143,0,0.0,-0.0013020833333333333,True
train_oof,4144,0,0.0,0.0,True
train_oof,4145,0,0.0,0.0,True
train_oof,4146,0,0.0,0.0,True
train_oof,4147,0,0.0,0.0,True
train_oof,4148,0,0.0,0.0,True
train_oof,4149,0,0.0,0.0,True
train_oof,4150,0,0.0,0.0,True
train_oof,4151,0,0.0,0.0,True
train_oof,4152,0,0.0,0.0,True
train_oof,4153,0,0.0,0.0,True
train_oof,4154,0,0.0,0.0,True
train_oof,4155,0,0.0,0.0,True
train_oof,4156,0,0.0,0.0,True
train_oof,4157,0,0.0,0.0,True
train_oof,4158,0,0.0,0.0,True
train_oof,4159,0,0.0,0.0,True
train_oof,4160,0,0.0,0.0,True
train_oof,4161,0,0.0,0.0,True
train_oof,4162,0,0.0,0.0,True
train_oof,4163,0,0.0,0.0,True
train_oof,4164,0,0.0,0.0,True
train_oof,4165,0,0.0,0.0,True
train_oof,4166,-1,,-1.0,False
train_oof,4167,0,0.0,0.0,True
train_oof,4168,0,0.0,0.0,True
train_oof,4169,0,0.0,0.0,True
train_oof,4170,0,0.0,0.0,True
train_oof,4171,0,0.0,0.0,True
train_oof,4172,0,0.0,0.0,True
train_oof,4173,0,0.0,0.0,True
train_oof,4174,0,0.0,0.0,True
train_oof,4175,0,0.0,0.0,True
train_oof,4176,0,0.0,0.0,True
train_oof,4177,0,0.0,0.0,True
train_oof,4178,0,0.0,0.0,True
train_oof,4179,0,0.0,0.0,True
train_oof,4180,0,0.0,0.0,True
train_oof,4181,0,0.0,0.0,True
train_oof,4182,0,0.0,0.0,True
train_oof,4183,0,0.0,0.0,True
train_oof,4184,0,0.0,0.0,True
train_oof,4185,0,0.0,0.0,True
train_oof,4186,0,0.0,0.0,True
train_oof,4187,0,0.0,0.0,True
train_oof,4188,0,0.0,0.0,True
train_oof,4189,0,0.0,0.0,True
train_oof,4190,0,0.0,0.0,True
train_oof,4191,0,0.0,0.0,True
train_oof,4192,0,0.0,0.0,True
train_oof,4193,0,0.0,0.0,True
train_oof,4194,0,0.0,0.0,True
train_oof,4195,0,0.0,0.0,True
train_oof,4196,0,0.0,0.0,True
train_oof,4197,0,0.0,0.0,True
train_oof,4198,0,0.0,0.0,True
train_oof,4199,0,0.0,0.0,True
train_oof,4200,0,0.0,0.0,True
train_oof,4201,0,0.0,0.0,True
train_oof,4202,0,0.0,0.0,True
train_oof,4203,0,0.0,0.0,True
train_oof,4204,0,0.0,0.0,True
train_oof,4205,0,0.0,0.0,True
train_oof,4206,0,0.0,0.0,True
train_oof,4207,-1,-1.0,-1.0,True
train_oof,4208,0,0.0,0.0,True
train_oof,4209,0,0.0,0.0,True
train_oof,4210,0,0.0,0.0,True
train_oof,4211,0,0.0,0.0,True
train_oof,4212,0,0.0,0.0,True
train_oof,4213,0,0.0,0.0,True
train_oof,4214,0,0.0,0.0,True
train_oof,4215,0,0.0,0.0,True
train_oof,4216,0,0.0,0.0,True
train_oof,4217,0,0.0,0.0,True
train_oof,4218,0,0.0,0.0,True
train_oof,4219,0,,0.0,False
train_oof,4220,0,0.0,0.0,True
train_oof,4221,0,0.0,0.0,True
train_oof,4222,0,0.0,0.0,True
train_oof,4223,0,0.0,0.0,True
train_oof,4224,0,0.0,0.0,True
train_oof,4225,0,0.0,0.0,True
train_oof,4226,0,0.0,0.0,True
train_oof,4227,0,0.0,0.0,True
train_oof,4228,0,0.0,0.0,True
train_oof,4229,0,0.0,0.0,True
train_oof,4230,0,0.0,0.0,True
train_oof,4231,0,0.0,0.0,True
train_oof,4232,0,0.0,0.0,True
train_oof,4233,0,0.0,0.0,True
train_oof,4234,0,0.0,0.0,True
train_oof,4235,-1,-1.0,-1.0,True
train_oof,4236,0,0.0,0.0,True
train_oof,4237,0,0.0,0.0,True
train_oof,4238,0,0.0,0.0,True
train_oof,4239,0,0.0,0.0,True
train_oof,4240,0,0.0,0.0,True
train_oof,4241,0,0.0,0.0,True
train_oof,4242,0,0.0,0.0,True
train_oof,4243,0,0.0,0.0,True
train_oof,4244,0,0.0,0.0,True
train_oof,4245,-1,-1.0,-1.0,True
train_oof,4246,0,0.0,0.0,True
train_oof,4247,0,0.0,0.0,True
train_oof,4248,0,0.0,0.0,True
train_oof,4249,0,0.0,0.0,True
train_oof,4250,0,0.0,0.0,True
train_oof,4251,0,0.0,0.0,True
train_oof,4252,0,0.0,0.0,True
train_oof,4253,0,0.0,0.0,True
train_oof,4254,0,0.0,0.0,True
train_oof,4255,0,0.0,0.0,True
train_oof,4256,0,0.0,0.0,True
train_oof,4257,0,0.0,0.0,True
train_oof,4258,0,0.0,0.0,True
train_oof,4259,0,0.0,0.0,True
train_oof,4260,0,0.0,0.0,True
train_oof,4261,0,0.0,0.0,True
train_oof,4262,0,0.0,0.0,True
train_oof,4263,-1,,-1.0,False
train_oof,4264,0,0.0,0.0,True
train_oof,4265,0,0.0,0.0,True
train_oof,4266,0,0.0,0.0,True
train_oof,4267,0,0.0,0.0,True
train_oof,4268,0,0.0,0.0,True
train_oof,4269,0,0.0,0.0,True
train_oof,4270,0,0.0,0.0,True
train_oof,4271,0,0.0,0.0,True
train_oof,4272,0,,0.0,False
train_oof,4273,0,0.0,0.0,True
train_oof,4274,0,,0.0,False
train_oof,4275,0,0.0,0.0,True
train_oof,4276,0,0.0,0.0,True
train_oof,4277,0,0.0,0.0,True
train_oof,4278,0,0.0,0.0,True
train_oof,4279,0,0.0,0.0,True
train_oof,4280,0,0.0,0.0,True
train_oof,4281,0,0.0,0.0,True
train_oof,4282,0,0.0,0.0,True
train_oof,4283,0,0.0,0.0,True
train_oof,4284,0,0.0,0.0,True
train_oof,4285,0,0.0,0.0,True
train_oof,4286,0,0.0,0.0,True
train_oof,4287,0,0.0,0.0,True
train_oof,4288,0,0.0,0.0,True
train_oof,4289,0,0.0,0.0,True
train_oof,4290,0,0.0,0.0,True
train_oof,4291,0,0.0,0.0,True
train_oof,4292,0,0.0,0.0,True
train_oof,4293,0,0.0,0.0,True
train_oof,4294,0,0.0,0.0,True
train_oof,4295,0,0.0,0.0,True
train_oof,4296,0,0.0,0.0,True
train_oof,4297,0,0.0,0.0,True
train_oof,4298,0,0.0,0.0,True
train_oof,4299,0,0.0,0.0,True
train_oof,4300,0,0.0,0.0,True
train_oof,4301,0,0.0,0.0,True
train_oof,4302,0,0.0,0.0,True
train_oof,4303,0,0.0,0.0,True
train_oof,4304,0,0.0,0.0,True
train_oof,4305,0,0.0,0.0,True
train_oof,4306,0,0.0,0.0,True
train_oof,4307,0,0.0,0.0,True
train_oof,4308,0,0.0,0.0,True
train_oof,4309,0,0.0,0.0,True
train_oof,4310,0,0.0,0.0,True
train_oof,4311,0,0.0,-0.0013020833333333333,True
train_oof,4312,0,0.0,0.0,True
train_oof,4313,0,0.0,0.0,True
train_oof,4314,0,0.0,0.0,True
train_oof,4315,0,0.0,0.0,True
train_oof,4316,0,,0.0,False
train_oof,4317,0,0.0,0.0,True
train_oof,4318,0,0.0,0.0,True
train_oof,4319,0,0.0,0.0,True
train_oof,4320,0,0.0,0.0,True
train_oof,4321,0,0.0,0.0,True
train_oof,4322,0,0.0,0.0,True
train_oof,4323,0,0.0,0.0,True
train_oof,4324,0,0.0,0.0,True
train_oof,4325,0,0.0,0.0,True
train_oof,4326,0,0.0,0.0,True
train_oof,4327,0,0.0,0.0,True
train_oof,4328,0,0.0,0.0,True
train_oof,4329,0,0.0,0.0,True
train_oof,4330,0,0.0,0.0,True
train_oof,4331,0,0.0,0.0,True
train_oof,4332,0,0.0,0.0,True
train_oof,4333,0,0.0,0.0,True
train_oof,4334,0,0.0,0.0,True
train_oof,4335,0,0.0,0.0,True
train_oof,4336,0,0.0,0.0,True
train_oof,4337,0,0.0,0.0,True
train_oof,4338,0,0.0,0.0,True
train_oof,4339,0,0.0,0.0,True
train_oof,4340,0,0.0,0.0,True
train_oof,4341,0,0.0,0.0,True
train_oof,4342,0,0.0,0.0,True
train_oof,4343,0,0.0,0.0,True
train_oof,4344,-2,,-2.0,False
train_oof,4345,0,0.0,0.0,True
train_oof,4346,0,0.0,0.0,True
train_oof,4347,0,0.0,0.0,True
train_oof,4348,0,0.0,0.0,True
train_oof,4349,0,0.0,0.0,True
train_oof,4350,-1,-1.0,-1.0,True
train_oof,4351,0,0.0,0.0,True
train_oof,4352,0,0.0,0.0,True
train_oof,4353,0,0.0,0.0,True
train_oof,4354,0,0.0,0.0,True
train_oof,4355,0,0.0,0.0,True
train_oof,4356,0,0.0,0.0,True
train_oof,4357,0,0.0,0.0,True
train_oof,4358,0,0.0,0.0,True
train_oof,4359,0,0.0,0.0,True
train_oof,4360,-1,-1.0,-1.0,True
train_oof,4361,-1,-1.0,-1.0,True
train_oof,4362,0,0.0,0.0,True
train_oof,4363,0,0.0,0.0,True
train_oof,4364,0,0.0,0.0,True
train_oof,4365,0,0.0,0.0,True
train_oof,4366,0,0.0,0.0,True
train_oof,4367,0,0.0,0.0,True
train_oof,4368,0,0.0,0.0,True
train_oof,4369,-1,,-1.0,False
train_oof,4370,0,0.0,0.0,True
train_oof,4371,0,0.0,0.0,True
train_oof,4372,0,0.0,0.0,True
train_oof,4373,0,0.0,0.0,True
train_oof,4374,0,0.0,0.0,True
train_oof,4375,0,0.0,0.0,True
train_oof,4376,0,0.0,0.0,True
train_oof,4377,0,0.0,0.0,True
train_oof,4378,0,0.0,0.0,True
train_oof,4379,0,0.0,0.0,True
train_oof,4380,0,0.0,0.0,True
train_oof,4381,0,0.0,0.0,True
train_oof,4382,0,0.0,0.0,True
train_oof,4383,0,0.0,0.0,True
train_oof,4384,0,0.0,0.0,True
train_oof,4385,0,0.0,0.0,True
train_oof,4386,0,0.0,-0.0003720238095238095,True
train_oof,4387,0,0.0,0.0,True
train_oof,4388,0,0.0,0.0,True
train_oof,4389,0,0.0,0.0,True
train_oof,4390,0,0.0,0.0,True
train_oof,4391,0,0.0,0.0,True
train_oof,4392,0,0.0,0.0,True
train_oof,4393,0,0.0,0.0,True
train_oof,4394,0,0.0,0.0,True
train_oof,4395,0,0.0,0.0,True
train_oof,4396,0,0.0,0.0,True
train_oof,4397,0,0.0,0.0,True
train_oof,4398,0,0.0,0.0,True
train_oof,4399,0,0.0,0.0,True
train_oof,4400,0,0.0,0.0,True
train_oof,4401,0,0.0,0.0,True
train_oof,4402,0,0.0,0.0,True
train_oof,4403,0,,-0.032366071428571425,False
train_oof,4404,0,0.0,0.0,True
train_oof,4405,0,0.0,0.0,True
train_oof,4406,0,0.0,0.0,True
train_oof,4407,0,0.0,0.0,True
train_oof,4408,0,0.0,0.0,True
train_oof,4409,0,0.0,0.0,True
train_oof,4410,0,0.0,0.0,True
train_oof,4411,0,0.0,0.0,True
train_oof,4412,0,0.0,0.0,True
train_oof,4413,0,0.0,0.0,True
train_oof,4414,0,0.0,0.0,True
train_oof,4415,0,0.0,0.0,True
train_oof,4416,0,0.0,0.0,True
train_oof,4417,0,0.0,0.0,True
train_oof,4418,0,0.0,0.0,True
train_oof,4419,0,0.0,0.0,True
train_oof,4420,0,,0.0,False
train_oof,4421,0,0.0,0.0,True
train_oof,4422,0,0.0,0.0,True
train_oof,4423,0,0.0,0.0,True
train_oof,4424,0,0.0,0.0,True
train_oof,4425,0,0.0,0.0,True
train_oof,4426,0,0.0,0.0,True
train_oof,4427,0,0.0,0.0,True
train_oof,4428,0,0.0,0.0,True
train_oof,4429,0,0.0,0.0,True
train_oof,4430,0,0.0,0.0,True
train_oof,4431,0,0.0,0.0,True
train_oof,4432,0,0.0,0.0,True
train_oof,4433,0,0.0,0.0,True
train_oof,4434,0,0.0,0.0,True
train_oof,4435,0,0.0,0.0,True
train_oof,4436,0,0.0,0.0,True
train_oof,4437,0,0.0,0.0,True
train_oof,4438,0,0.0,0.0,True
train_oof,4439,0,0.0,0.0,True
train_oof,4440,0,0.0,0.0,True
train_oof,4441,0,0.0,0.0,True
train_oof,4442,0,0.0,0.0,True
train_oof,4443,0,0.0,0.0,True
train_oof,4444,0,0.0,0.0,True
train_oof,4445,0,0.0,0.0,True
train_oof,4446,0,0.0,0.0,True
train_oof,4447,0,0.0,0.0,True
train_oof,4448,0,0.0,0.0,True
train_oof,4449,0,0.0,0.0,True
train_oof,4450,0,0.0,0.0,True
train_oof,4451,0,0.0,0.0,True
train_oof,4452,0,0.0,0.0,True
train_oof,4453,0,,0.0,False
train_oof,4454,0,0.0,0.0,True
train_oof,4455,0,0.0,0.0,True
train_oof,4456,0,0.0,0.0,True
train_oof,4457,0,0.0,0.0,True
train_oof,4458,0,0.0,0.0,True
train_oof,4459,0,0.0,0.0,True
train_oof,4460,0,,-0.009765625,False
train_oof,4461,0,0.0,0.0,True
train_oof,4462,0,0.0,0.0,True
train_oof,4463,0,0.0,0.0,True
train_oof,4464,0,0.0,0.0,True
train_oof,4465,0,0.0,0.0,True
train_oof,4466,0,0.0,0.0,True
train_oof,4467,0,0.0,0.0,True
train_oof,4468,0,0.0,0.0,True
train_oof,4469,-1,-1.0,-1.0,True
train_oof,4470,0,0.0,0.0,True
train_oof,4471,0,0.0,0.0,True
train_oof,4472,0,0.0,0.0,True
train_oof,4473,0,0.0,0.0,True
train_oof,4474,0,0.0,0.0,True
train_oof,4475,0,0.0,-4.944620253164557e-05,True
train_oof,4476,0,0.0,0.0,True
train_oof,4477,0,0.0,-0.08219401041666667,True
train_oof,4478,0,0.0,0.0,True
train_oof,4479,0,0.0,0.0,True
train_oof,4480,0,0.0,0.0,True
train_oof,4481,-1,-1.0,-1.0,True
train_oof,4482,0,0.0,0.0,True
train_oof,4483,0,0.0,0.0,True
train_oof,4484,0,0.0,0.0,True
train_oof,4485,-2,-2.0,-1.9869791666666665,True
train_oof,4486,0,0.0,0.0,True
train_oof,4487,0,0.0,0.0,True
train_oof,4488,0,0.0,0.0,True
train_oof,4489,-1,,-1.0,False
train_oof,4490,0,,0.0,False
train_oof,4491,0,0.0,0.0,True
train_oof,4492,0,0.0,0.0,True
train_oof,4493,0,0.0,0.0,True
train_oof,4494,0,0.0,0.0,True
train_oof,4495,0,0.0,0.0,True
train_oof,4496,0,0.0,0.0,True
train_oof,4497,0,0.0,0.0,True
train_oof,4498,0,0.0,0.0,True
train_oof,4499,0,0.0,0.0,True
train_oof,4500,0,0.0,0.0,True
train_oof,4501,0,0.0,0.0,True
train_oof,4502,0,0.0,0.0,True
train_oof,4503,0,0.0,0.0,True
train_oof,4504,0,0.0,0.0,True
train_oof,4505,0,0.0,0.0,True
train_oof,4506,0,0.0,0.0,True
train_oof,4507,0,0.0,0.0,True
train_oof,4508,0,0.0,0.0,True
train_oof,4509,0,0.0,0.0,True
train_oof,4510,0,0.0,0.0,True
train_oof,4511,0,0.0,0.0,True
train_oof,4512,0,0.0,0.0,True
train_oof,4513,0,0.0,0.0,True
train_oof,4514,0,0.0,0.0,True
train_oof,4515,0,0.0,0.0,True
train_oof,4516,0,0.0,0.0,True
train_oof,4517,0,0.0,0.0,True
train_oof,4518,0,0.0,0.0,True
train_oof,4519,0,0.0,0.0,True
train_oof,4520,0,0.0,0.0,True
train_oof,4521,0,0.0,0.0,True
train_oof,4522,0,0.0,-0.01171875,True
train_oof,4523,0,0.0,0.0,True
train_oof,4524,0,0.0,0.0,True
train_oof,4525,0,0.0,0.0,True
train_oof,4526,-1,-1.0,-1.0,True
train_oof,4527,0,0.0,0.0,True
train_oof,4528,0,0.0,-4.944620253164557e-05,True
train_oof,4529,0,0.0,0.0,True
train_oof,4530,0,,-0.00625,False
train_oof,4531,0,0.0,0.0,True
train_oof,4532,0,0.0,0.0,True
train_oof,4533,0,0.0,0.0,True
train_oof,4534,0,0.0,0.0,True
train_oof,4535,0,0.0,0.0,True
train_oof,4536,0,0.0,0.0,True
train_oof,4537,0,0.0,0.0,True
train_oof,4538,0,0.0,0.0,True
train_oof,4539,0,0.0,0.0,True
train_oof,4540,0,0.0,0.0,True
train_oof,4541,0,0.0,0.0,True
train_oof,4542,0,0.0,0.0,True
train_oof,4543,0,0.0,0.0,True
train_oof,4544,0,0.0,0.0,True
train_oof,4545,0,0.0,0.0,True
train_oof,4546,0,0.0,0.0,True
train_oof,4547,0,0.0,0.0,True
train_oof,4548,0,0.0,-0.007552083333333333,True
train_oof,4549,0,0.0,0.0,True
train_oof,4550,0,0.0,0.0,True
train_oof,4551,0,0.0,0.0,True
train_oof,4552,0,0.0,0.0,True
train_oof,4553,0,0.0,0.0,True
train_oof,4554,0,0.0,0.0,True
train_oof,4555,0,0.0,0.0,True
train_oof,4556,0,0.0,0.0,True
train_oof,4557,0,0.0,0.0,True
train_oof,4558,0,0.0,0.0,True
train_oof,4559,0,0.0,0.0,True
train_oof,4560,0,0.0,0.0,True
train_oof,4561,0,0.0,0.0,True
train_oof,4562,0,0.0,0.0,True
train_oof,4563,0,0.0,0.0,True
train_oof,4564,0,0.0,0.0,True
train_oof,4565,0,0.0,0.0,True
train_oof,4566,-1,-1.0,-1.0,True
train_oof,4567,0,0.0,0.0,True
train_oof,4568,0,0.0,0.0,True
train_oof,4569,0,0.0,0.0,True
train_oof,4570,0,0.0,0.0,True
train_oof,4571,0,0.0,0.0,True
train_oof,4572,0,0.0,0.0,True
train_oof,4573,0,0.0,0.0,True
train_oof,4574,0,0.0,0.0,True
train_oof,4575,0,0.0,0.0,True
train_oof,4576,0,0.0,0.0,True
train_oof,4577,0,0.0,0.0,True
train_oof,4578,0,0.0,0.0,True
train_oof,4579,0,0.0,0.0,True
train_oof,4580,-1,-1.0,-1.0,True
train_oof,4581,0,0.0,0.0,True
train_oof,4582,0,0.0,0.0,True
train_oof,4583,0,0.0,0.0,True
train_oof,4584,0,0.0,0.0,True
train_oof,4585,0,0.0,0.0,True
train_oof,4586,0,0.0,0.0,True
train_oof,4587,0,0.0,0.0,True
train_oof,4588,0,0.0,0.0,True
train_oof,4589,0,0.0,0.0,True
train_oof,4590,0,0.0,0.0,True
train_oof,4591,0,0.0,0.0,True
train_oof,4592,0,0.0,0.0,True
train_oof,4593,0,0.0,0.0,True
train_oof,4594,0,0.0,0.0,True
train_oof,4595,0,0.0,0.0,True
train_oof,4596,-1,-1.0,-1.0,True
train_oof,4597,0,0.0,0.0,True
train_oof,4598,0,0.0,0.0,True
train_oof,4599,0,0.0,0.0,True
train_oof,4600,0,0.0,0.0,True
train_oof,4601,0,0.0,0.0,True
train_oof,4602,0,0.0,0.0,True
train_oof,4603,0,0.0,0.0,True
train_oof,4604,0,0.0,0.0,True
train_oof,4605,0,0.0,0.0,True
train_oof,4606,0,0.0,0.0,True
train_oof,4607,0,0.0,0.0,True
train_oof,4608,0,0.0,0.0,True
train_oof,4609,0,0.0,0.0,True
train_oof,4610,0,0.0,0.0,True
train_oof,4611,0,0.0,0.0,True
train_oof,4612,0,0.0,0.0,True
train_oof,4613,0,0.0,0.0,True
train_oof,4614,0,0.0,0.0,True
train_oof,4615,0,0.0,0.0,True
train_oof,4616,0,0.0,0.0,True
train_oof,4617,0,0.0,0.0,True
train_oof,4618,0,0.0,0.0,True
train_oof,4619,0,0.0,0.0,True
train_oof,4620,0,0.0,0.0,True
train_oof,4621,0,0.0,-0.0007626488095238095,True
train_oof,4622,0,0.0,0.0,True
train_oof,4623,0,0.0,0.0,True
train_oof,4624,0,0.0,0.0,True
train_oof,4625,0,0.0,0.0,True
train_oof,4626,0,0.0,0.0,True
train_oof,4627,0,0.0,0.0,True
train_oof,4628,0,0.0,0.0,True
train_oof,4629,0,0.0,0.0,True
train_oof,4630,0,0.0,0.0,True
train_oof,4631,0,0.0,0.0,True
train_oof,4632,0,0.0,0.0,True
train_oof,4633,0,0.0,0.0,True
train_oof,4634,0,0.0,0.0,True
train_oof,4635,0,0.0,0.0,True
train_oof,4636,0,0.0,0.0,True
train_oof,4637,0,0.0,0.0,True
train_oof,4638,0,0.0,0.0,True
train_oof,4639,0,0.0,0.0,True
train_oof,4640,0,0.0,0.0,True
train_oof,4641,0,0.0,0.0,True
train_oof,4642,0,0.0,0.0,True
train_oof,4643,0,0.0,0.0,True
train_oof,4644,0,0.0,0.0,True
train_oof,4645,0,0.0,0.0,True
train_oof,4646,0,0.0,0.0,True
train_oof,4647,0,0.0,0.0,True
train_oof,4648,0,0.0,0.0,True
train_oof,4649,0,0.0,0.0,True
train_oof,4650,0,0.0,0.0,True
train_oof,4651,0,0.0,0.0,True
train_oof,4652,0,0.0,0.0,True
train_oof,4653,0,0.0,0.0,True
train_oof,4654,0,0.0,-4.944620253164557e-05,True
train_oof,4655,0,0.0,0.0,True
train_oof,4656,0,0.0,0.0,True
train_oof,4657,0,0.0,0.0,True
train_oof,4658,0,0.0,0.0,True
train_oof,4659,0,0.0,0.0,True
train_oof,4660,0,0.0,0.0,True
train_oof,4661,0,0.0,0.0,True
train_oof,4662,0,0.0,0.0,True
train_oof,4663,-1,-1.0,-1.0,True
train_oof,4664,0,0.0,0.0,True
train_oof,4665,0,0.0,0.0,True
train_oof,4666,0,0.0,0.0,True
train_oof,4667,0,0.0,0.0,True
train_oof,4668,0,0.0,0.0,True
train_oof,4669,0,0.0,0.0,True
train_oof,4670,0,0.0,0.0,True
train_oof,4671,0,0.0,0.0,True
train_oof,4672,0,0.0,0.0,True
train_oof,4673,0,0.0,0.0,True
train_oof,4674,0,0.0,0.0,True
train_oof,4675,0,0.0,0.0,True
train_oof,4676,0,0.0,0.0,True
train_oof,4677,0,0.0,0.0,True
train_oof,4678,0,0.0,0.0,True
train_oof,4679,0,0.0,0.0,True
train_oof,4680,-1,-1.0,-1.0,True
train_oof,4681,0,,-1.0449218750000004,False
train_oof,4682,0,0.0,0.0,True
train_oof,4683,0,0.0,0.0,True
train_oof,4684,0,0.0,0.0,True
train_oof,4685,0,0.0,0.0,True
train_oof,4686,0,0.0,0.0,True
train_oof,4687,0,0.0,0.0,True
train_oof,4688,0,0.0,0.0,True
train_oof,4689,0,0.0,0.0,True
train_oof,4690,0,0.0,0.0,True
train_oof,4691,0,0.0,0.0,True
train_oof,4692,0,0.0,0.0,True
train_oof,4693,0,0.0,0.0,True
train_oof,4694,0,0.0,0.0,True
train_oof,4695,0,0.0,0.0,True
train_oof,4696,0,0.0,0.0,True
train_oof,4697,0,0.0,0.0,True
train_oof,4698,-1,,-1.0,False
train_oof,4699,0,0.0,0.0,True
train_oof,4700,0,0.0,0.0,True
train_oof,4701,0,0.0,0.0,True
train_oof,4702,0,0.0,0.0,True
train_oof,4703,0,0.0,0.0,True
train_oof,4704,0,0.0,0.0,True
train_oof,4705,0,0.0,0.0,True
train_oof,4706,0,0.0,0.0,True
train_oof,4707,0,0.0,0.0,True
train_oof,4708,0,0.0,0.0,True
train_oof,4709,0,0.0,0.0,True
train_oof,4710,0,0.0,0.0,True
train_oof,4711,0,0.0,0.0,True
train_oof,4712,0,0.0,0.0,True
train_oof,4713,-1,-1.0,-1.0,True
train_oof,4714,0,0.0,0.0,True
train_oof,4715,0,0.0,0.0,True
train_oof,4716,0,0.0,0.0,True
train_oof,4717,0,0.0,0.0,True
train_oof,4718,0,,-0.0390625,False
train_oof,4719,0,0.0,0.0,True
train_oof,4720,0,0.0,0.0,True
train_oof,4721,0,0.0,0.0,True
train_oof,4722,0,0.0,0.0,True
train_oof,4723,0,0.0,0.0,True
train_oof,4724,0,0.0,0.0,True
train_oof,4725,0,0.0,0.0,True
train_oof,4726,0,0.0,0.0,True
train_oof,4727,0,0.0,0.0,True
train_oof,4728,0,0.0,0.0,True
train_oof,4729,0,0.0,0.0,True
train_oof,4730,0,0.0,0.0,True
train_oof,4731,0,0.0,0.0,True
train_oof,4732,0,0.0,0.0,True
train_oof,4733,0,0.0,0.0,True
train_oof,4734,0,0.0,0.0,True
train_oof,4735,0,0.0,0.0,True
train_oof,4736,0,0.0,0.0,True
train_oof,4737,0,0.0,0.0,True
train_oof,4738,0,0.0,0.0,True
train_oof,4739,0,0.0,0.0,True
train_oof,4740,0,0.0,0.0,True
train_oof,4741,0,0.0,0.0,True
train_oof,4742,0,0.0,0.0,True
train_oof,4743,0,0.0,0.0,True
train_oof,4744,0,0.0,0.0,True
train_oof,4745,0,0.0,0.0,True
train_oof,4746,0,0.0,0.0,True
train_oof,4747,0,0.0,0.0,True
train_oof,4748,0,0.0,0.0,True
train_oof,4749,0,0.0,0.0,True
train_oof,4750,0,0.0,0.0,True
train_oof,4751,-1,-1.0,-1.0,True
train_oof,4752,0,0.0,0.0,True
train_oof,4753,0,0.0,0.0,True
train_oof,4754,0,0.0,0.0,True
train_oof,4755,0,0.0,0.0,True
train_oof,4756,0,0.0,0.0,True
train_oof,4757,0,0.0,0.0,True
train_oof,4758,0,0.0,0.0,True
train_oof,4759,0,0.0,0.0,True
train_oof,4760,0,0.0,0.0,True
train_oof,4761,0,0.0,0.0,True
train_oof,4762,0,0.0,0.0,True
train_oof,4763,0,0.0,0.0,True
train_oof,4764,-2,-2.0,-2.087890625,True
train_oof,4765,0,0.0,0.0,True
train_oof,4766,0,0.0,0.0,True
train_oof,4767,0,0.0,0.0,True
train_oof,4768,0,0.0,0.0,True
train_oof,4769,0,0.0,0.0,True
train_oof,4770,0,0.0,0.0,True
train_oof,4771,0,0.0,0.0,True
train_oof,4772,0,0.0,0.0,True
train_oof,4773,0,0.0,0.0,True
train_oof,4774,0,0.0,0.0,True
train_oof,4775,0,0.0,0.0,True
train_oof,4776,0,0.0,0.0,True
train_oof,4777,0,0.0,0.0,True
train_oof,4778,0,0.0,0.0,True
train_oof,4779,0,0.0,0.0,True
train_oof,4780,0,0.0,0.0,True
train_oof,4781,0,0.0,0.0,True
train_oof,4782,0,0.0,0.0,True
train_oof,4783,0,0.0,0.0,True
train_oof,4784,0,0.0,0.0,True
train_oof,4785,0,0.0,0.0,True
train_oof,4786,0,0.0,0.0,True
train_oof,4787,0,0.0,0.0,True
train_oof,4788,0,0.0,0.0,True
train_oof,4789,0,0.0,0.0,True
train_oof,4790,0,0.0,0.0,True
train_oof,4791,0,0.0,0.0,True
train_oof,4792,-1,-1.0,-1.0,True
train_oof,4793,0,0.0,0.0,True
train_oof,4794,0,0.0,0.0,True
train_oof,4795,0,0.0,0.0,True
train_oof,4796,0,0.0,0.0,True
train_oof,4797,0,0.0,0.0,True
train_oof,4798,0,0.0,0.0,True
train_oof,4799,0,0.0,0.0,True
train_oof,4800,0,0.0,0.0,True
train_oof,4801,-1,,-1.51171875,False
train_oof,4802,0,0.0,0.0,True
train_oof,4803,-1,,-1.0,False
train_oof,4804,0,0.0,0.0,True
train_oof,4805,0,0.0,0.0,True
train_oof,4806,0,0.0,0.0,True
train_oof,4807,0,0.0,0.0,True
train_oof,4808,0,0.0,0.0,True
train_oof,4809,0,0.0,0.0,True
train_oof,4810,0,0.0,0.0,True
train_oof,4811,0,0.0,0.0,True
train_oof,4812,0,0.0,0.0,True
train_oof,4813,0,0.0,0.0,True
train_oof,4814,0,0.0,0.0,True
train_oof,4815,0,0.0,0.0,True
train_oof,4816,0,0.0,0.0,True
train_oof,4817,0,0.0,0.0,True
train_oof,4818,0,0.0,0.0,True
train_oof,4819,0,0.0,0.0,True
train_oof,4820,-1,,-1.0,False
train_oof,4821,0,0.0,0.0,True
train_oof,4822,0,0.0,0.0,True
train_oof,4823,0,0.0,0.0,True
train_oof,4824,0,0.0,0.0,True
train_oof,4825,0,0.0,0.0,True
train_oof,4826,0,0.0,0.0,True
train_oof,4827,0,0.0,0.0,True
train_oof,4828,0,0.0,0.0,True
train_oof,4829,0,0.0,0.0,True
train_oof,4830,0,0.0,0.0,True
train_oof,4831,0,0.0,0.0,True
train_oof,4832,0,0.0,0.0,True
train_oof,4833,0,0.0,0.0,True
train_oof,4834,0,0.0,0.0,True
train_oof,4835,0,0.0,0.0,True
train_oof,4836,0,0.0,0.0,True
train_oof,4837,0,0.0,0.0,True
train_oof,4838,0,0.0,0.0,True
train_oof,4839,0,0.0,0.0,True
train_oof,4840,0,0.0,0.0,True
train_oof,4841,0,0.0,0.0,True
train_oof,4842,0,0.0,0.0,True
train_oof,4843,0,0.0,0.0,True
train_oof,4844,0,0.0,0.0,True
train_oof,4845,0,0.0,0.0,True
train_oof,4846,0,0.0,0.0,True
train_oof,4847,0,0.0,0.0,True
train_oof,4848,0,0.0,0.0,True
train_oof,4849,0,,0.0,False
train_oof,4850,0,0.0,0.0,True
train_oof,4851,0,0.0,0.0,True
train_oof,4852,0,0.0,0.0,True
train_oof,4853,0,0.0,0.0,True
train_oof,4854,0,0.0,0.0,True
train_oof,4855,0,0.0,0.0,True
train_oof,4856,0,0.0,0.0,True
train_oof,4857,0,0.0,0.0,True
train_oof,4858,0,0.0,0.0,True
train_oof,4859,0,0.0,0.0,True
train_oof,4860,0,0.0,0.0,True
train_oof,4861,0,0.0,0.0,True
train_oof,4862,0,0.0,0.0,True
train_oof,4863,0,0.0,0.0,True
train_oof,4864,0,0.0,0.0,True
train_oof,4865,0,0.0,0.0,True
train_oof,4866,0,0.0,0.0,True
train_oof,4867,0,0.0,0.0,True
train_oof,4868,0,0.0,0.0,True
train_oof,4869,0,0.0,0.0,True
train_oof,4870,-2,,-1.96484375,False
train_oof,4871,0,0.0,0.0,True
train_oof,4872,0,0.0,0.0,True
train_oof,4873,0,0.0,0.0,True
train_oof,4874,0,0.0,0.0,True
train_oof,4875,0,0.0,0.0,True
train_oof,4876,0,0.0,0.0,True
train_oof,4877,0,0.0,0.0,True
train_oof,4878,0,0.0,0.0,True
train_oof,4879,0,0.0,0.0,True
train_oof,4880,0,0.0,0.0,True
train_oof,4881,0,0.0,0.0,True
train_oof,4882,-1,-1.0,-1.0,True
train_oof,4883,0,0.0,0.0,True
train_oof,4884,0,0.0,0.0,True
train_oof,4885,0,0.0,0.0,True
train_oof,4886,0,0.0,0.0,True
train_oof,4887,0,0.0,0.0,True
train_oof,4888,0,0.0,0.0,True
train_oof,4889,0,0.0,0.0,True
train_oof,4890,0,0.0,0.0,True
train_oof,4891,0,0.0,0.0,True
train_oof,4892,0,0.0,0.0,True
train_oof,4893,0,0.0,0.0,True
train_oof,4894,0,0.0,0.0,True
train_oof,4895,0,0.0,-4.944620253164557e-05,True
train_oof,4896,0,0.0,0.0,True
train_oof,4897,0,0.0,0.0,True
train_oof,4898,0,0.0,0.0,True
train_oof,4899,0,0.0,0.0,True
train_oof,4900,0,0.0,0.0,True
train_oof,4901,0,0.0,0.0,True
train_oof,4902,0,0.0,0.0,True
train_oof,4903,0,0.0,0.0,True
train_oof,4904,0,0.0,0.0,True
train_oof,4905,0,0.0,0.0,True
train_oof,4906,0,0.0,0.0,True
train_oof,4907,0,0.0,0.0,True
train_oof,4908,0,0.0,0.0,True
train_oof,4909,0,0.0,0.0,True
train_oof,4910,-1,-1.0,-1.0,True
train_oof,4911,0,0.0,0.0,True
train_oof,4912,0,0.0,0.0,True
train_oof,4913,0,0.0,0.0,True
train_oof,4914,0,0.0,0.0,True
train_oof,4915,0,0.0,0.0,True
train_oof,4916,0,0.0,0.0,True
train_oof,4917,0,0.0,0.0,True
train_oof,4918,0,0.0,0.0,True
train_oof,4919,0,0.0,0.0,True
train_oof,4920,0,0.0,0.0,True
train_oof,4921,0,0.0,0.0,True
train_oof,4922,0,0.0,0.0,True
train_oof,4923,0,0.0,0.0,True
train_oof,4924,0,0.0,0.0,True
train_oof,4925,0,0.0,0.0,True
train_oof,4926,0,0.0,0.0,True
train_oof,4927,0,0.0,0.0,True
train_oof,4928,0,0.0,0.0,True
train_oof,4929,0,0.0,0.0,True
train_oof,4930,0,0.0,0.0,True
train_oof,4931,0,0.0,0.0,True
train_oof,4932,0,0.0,0.0,True
train_oof,4933,0,0.0,0.0,True
train_oof,4934,0,0.0,0.0,True
train_oof,4935,0,0.0,0.0,True
train_oof,4936,0,0.0,0.0,True
train_oof,4937,0,0.0,0.0,True
train_oof,4938,0,0.0,0.0,True
train_oof,4939,0,0.0,0.0,True
train_oof,4940,0,0.0,0.0,True
train_oof,4941,0,0.0,0.0,True
train_oof,4942,0,0.0,0.0,True
train_oof,4943,0,0.0,0.0,True
train_oof,4944,0,0.0,0.0,True
train_oof,4945,0,0.0,0.0,True
train_oof,4946,0,0.0,0.0,True
train_oof,4947,0,0.0,0.0,True
train_oof,4948,0,0.0,0.0,True
train_oof,4949,0,0.0,0.0,True
train_oof,4950,0,0.0,0.0,True
train_oof,4951,0,0.0,0.0,True
train_oof,4952,0,0.0,0.0,True
train_oof,4953,0,0.0,0.0,True
train_oof,4954,0,0.0,0.0,True
train_oof,4955,0,0.0,0.0,True
train_oof,4956,0,0.0,0.0,True
train_oof,4957,0,0.0,0.0,True
train_oof,4958,0,0.0,0.0,True
train_oof,4959,0,0.0,0.0,True
train_oof,4960,0,0.0,0.0,True
train_oof,4961,0,0.0,0.0,True
train_oof,4962,0,0.0,0.0,True
train_oof,4963,0,0.0,0.0,True
train_oof,4964,0,0.0,0.0,True
train_oof,4965,0,0.0,0.0,True
train_oof,4966,0,0.0,0.0,True
train_oof,4967,0,0.0,0.0,True
train_oof,4968,0,0.0,0.0,True
train_oof,4969,0,0.0,0.0,True
train_oof,4970,0,0.0,0.0,True
train_oof,4971,0,0.0,0.0,True
train_oof,4972,0,0.0,0.0,True
train_oof,4973,0,0.0,0.0,True
train_oof,4974,0,0.0,0.0,True
train_oof,4975,0,0.0,0.0,True
train_oof,4976,0,0.0,0.0,True
train_oof,4977,0,0.0,0.0,True
train_oof,4978,0,0.0,0.0,True
train_oof,4979,-2,-2.0,-1.9869791666666665,True
train_oof,4980,0,0.0,0.0,True
train_oof,4981,0,0.0,0.0,True
train_oof,4982,0,0.0,0.0,True
train_oof,4983,0,0.0,0.0,True
train_oof,4984,0,0.0,0.0,True
train_oof,4985,0,0.0,0.0,True
train_oof,4986,0,0.0,0.0,True
train_oof,4987,0,0.0,0.0,True
train_oof,4988,0,0.0,0.0,True
train_oof,4989,0,0.0,0.0,True
train_oof,4990,0,0.0,0.0,True
train_oof,4991,0,0.0,0.0,True
train_oof,4992,0,0.0,0.0,True
train_oof,4993,0,0.0,0.0,True
train_oof,4994,0,0.0,0.0,True
train_oof,4995,0,0.0,0.0,True
train_oof,4996,0,0.0,0.0,True
train_oof,4997,0,0.0,0.0,True
train_oof,4998,0,0.0,0.0,True
train_oof,4999,0,0.0,0.0,True
train_oof,5000,0,0.0,0.0,True
train_oof,5001,0,0.0,0.0,True
train_oof,5002,0,0.0,0.0,True
train_oof,5003,0,0.0,0.0,True
train_oof,5004,0,0.0,0.0,True
train_oof,5005,0,0.0,0.0,True
train_oof,5006,0,0.0,0.0,True
train_oof,5007,0,0.0,0.0,True
train_oof,5008,0,,-0.17708333333333334,False
train_oof,5009,-1,,-1.0,False
train_oof,5010,0,0.0,0.0,True
train_oof,5011,0,0.0,0.0,True
train_oof,5012,0,0.0,0.0,True
train_oof,5013,0,0.0,0.0,True
train_oof,5014,0,0.0,0.0,True
train_oof,5015,0,0.0,0.0,True
train_oof,5016,0,0.0,0.0,True
train_oof,5017,0,0.0,0.0,True
train_oof,5018,0,0.0,0.0,True
train_oof,5019,0,0.0,0.0,True
train_oof,5020,0,0.0,0.0,True
train_oof,5021,0,0.0,-4.944620253164557e-05,True
train_oof,5022,0,0.0,0.0,True
train_oof,5023,0,0.0,0.0,True
train_oof,5024,0,0.0,0.0,True
train_oof,5025,0,0.0,0.0,True
train_oof,5026,0,0.0,0.0,True
train_oof,5027,0,0.0,0.0,True
train_oof,5028,0,0.0,0.0,True
train_oof,5029,0,0.0,0.0,True
train_oof,5030,0,0.0,0.0,True
train_oof,5031,0,0.0,0.0,True
train_oof,5032,0,0.0,0.0,True
train_oof,5033,0,0.0,0.0,True
train_oof,5034,0,0.0,0.0,True
train_oof,5035,0,0.0,0.0,True
train_oof,5036,0,0.0,0.0,True
train_oof,5037,0,0.0,0.0,True
train_oof,5038,0,0.0,0.0,True
train_oof,5039,0,0.0,0.0,True
train_oof,5040,0,0.0,0.0,True
train_oof,5041,0,0.0,0.0,True
train_oof,5042,0,0.0,0.0,True
train_oof,5043,0,0.0,0.0,True
train_oof,5044,0,0.0,0.0,True
train_oof,5045,0,0.0,0.0,True
train_oof,5046,0,0.0,0.0,True
train_oof,5047,0,0.0,0.0,True
train_oof,5048,0,0.0,0.0,True
train_oof,5049,0,0.0,0.0,True
train_oof,5050,-5,,-1.0559895833333335,False
train_oof,5051,0,0.0,0.0,True
train_oof,5052,0,0.0,0.0,True
train_oof,5053,0,0.0,0.0,True
train_oof,5054,0,0.0,0.0,True
train_oof,5055,0,0.0,0.0,True
train_oof,5056,0,0.0,0.0,True
train_oof,5057,0,0.0,0.0,True
train_oof,5058,0,0.0,0.0,True
train_oof,5059,0,0.0,0.0,True
train_oof,5060,0,0.0,0.0,True
train_oof,5061,0,0.0,0.0,True
train_oof,5062,0,0.0,0.0,True
train_oof,5063,0,0.0,0.0,True
train_oof,5064,-1,-1.0,-1.0,True
train_oof,5065,0,0.0,0.0,True
train_oof,5066,0,0.0,0.0,True
train_oof,5067,0,0.0,0.0,True
train_oof,5068,0,0.0,0.0,True
train_oof,5069,0,0.0,0.0,True
train_oof,5070,0,0.0,0.0,True
train_oof,5071,-1,-1.0,-1.0,True
train_oof,5072,0,0.0,0.0,True
train_oof,5073,0,0.0,0.0,True
train_oof,5074,0,0.0,0.0,True
train_oof,5075,0,0.0,0.0,True
train_oof,5076,0,0.0,0.0,True
train_oof,5077,0,0.0,0.0,True
train_oof,5078,0,0.0,0.0,True
train_oof,5079,0,0.0,0.0,True
train_oof,5080,0,0.0,0.0,True
train_oof,5081,0,0.0,0.0,True
train_oof,5082,-1,-1.0,-1.0,True
train_oof,5083,0,,0.0,False
train_oof,5084,0,0.0,0.0,True
train_oof,5085,0,0.0,0.0,True
train_oof,5086,0,0.0,0.0,True
train_oof,5087,0,0.0,0.0,True
train_oof,5088,0,0.0,0.0,True
train_oof,5089,0,0.0,0.0,True
train_oof,5090,0,0.0,0.0,True
train_oof,5091,0,,0.0,False
train_oof,5092,0,0.0,0.0,True
train_oof,5093,-2,,-1.559077380952381,False
train_oof,5094,0,0.0,0.0,True
train_oof,5095,0,0.0,0.0,True
train_oof,5096,0,0.0,0.0,True
train_oof,5097,0,0.0,0.0,True
train_oof,5098,0,0.0,0.0,True
train_oof,5099,0,0.0,0.0,True
train_oof,5100,-1,-1.0,-1.0,True
train_oof,5101,0,0.0,0.0,True
train_oof,5102,0,0.0,0.0,True
train_oof,5103,0,0.0,0.0,True
train_oof,5104,0,0.0,0.0,True
train_oof,5105,0,0.0,-4.944620253164557e-05,True
train_oof,5106,0,0.0,0.0,True
train_oof,5107,0,0.0,0.0,True
train_oof,5108,0,0.0,0.0,True
train_oof,5109,0,0.0,0.0,True
train_oof,5110,0,0.0,0.0,True
train_oof,5111,0,0.0,-0.003125,True
train_oof,5112,0,0.0,0.0,True
train_oof,5113,0,0.0,0.0,True
train_oof,5114,0,0.0,0.0,True
train_oof,5115,0,0.0,0.0,True
train_oof,5116,0,0.0,0.0,True
train_oof,5117,0,0.0,0.0,True
train_oof,5118,-1,-1.0,-1.0,True
train_oof,5119,0,0.0,0.0,True
train_oof,5120,0,0.0,0.0,True
train_oof,5121,0,0.0,0.0,True
train_oof,5122,0,0.0,0.0,True
train_oof,5123,0,0.0,-4.944620253164557e-05,True
train_oof,5124,0,0.0,0.0,True
train_oof,5125,0,0.0,0.0,True
train_oof,5126,0,0.0,0.0,True
train_oof,5127,0,0.0,0.0,True
train_oof,5128,0,0.0,0.0,True
train_oof,5129,0,0.0,-4.944620253164557e-05,True
train_oof,5130,0,0.0,0.0,True
train_oof,5131,0,0.0,0.0,True
train_oof,5132,0,0.0,0.0,True
train_oof,5133,0,0.0,0.0,True
train_oof,5134,0,0.0,0.0,True
train_oof,5135,0,0.0,0.0,True
train_oof,5136,0,0.0,0.0,True
train_oof,5137,0,0.0,0.0,True
train_oof,5138,0,0.0,0.0,True
train_oof,5139,0,0.0,0.0,True
train_oof,5140,0,0.0,0.0,True
train_oof,5141,-1,-1.0,-1.0,True
train_oof,5142,0,0.0,0.0,True
train_oof,5143,0,0.0,0.0,True
train_oof,5144,0,0.0,0.0,True
train_oof,5145,0,0.0,0.0,True
train_oof,5146,0,0.0,0.0,True
train_oof,5147,0,0.0,0.0,True
train_oof,5148,0,0.0,0.0,True
train_oof,5149,0,0.0,0.0,True
train_oof,5150,0,0.0,0.0,True
train_oof,5151,0,0.0,0.0,True
train_oof,5152,0,0.0,0.0,True
train_oof,5153,0,0.0,0.0,True
train_oof,5154,0,0.0,0.0,True
train_oof,5155,0,0.0,0.0,True
train_oof,5156,0,0.0,0.0,True
train_oof,5157,0,0.0,0.0,True
train_oof,5158,0,0.0,-0.0028645833333333336,True
train_oof,5159,0,0.0,-0.015625,True
train_oof,5160,0,0.0,0.0,True
train_oof,5161,0,0.0,0.0,True
train_oof,5162,0,0.0,0.0,True
train_oof,5163,0,0.0,0.0,True
train_oof,5164,0,0.0,0.0,True
train_oof,5165,0,0.0,0.0,True
train_oof,5166,0,0.0,0.0,True
train_oof,5167,0,,0.0,False
train_oof,5168,0,0.0,0.0,True
train_oof,5169,0,0.0,0.0,True
train_oof,5170,0,0.0,0.0,True
train_oof,5171,0,0.0,0.0,True
train_oof,5172,0,0.0,0.0,True
train_oof,5173,0,0.0,0.0,True
train_oof,5174,0,0.0,0.0,True
train_oof,5175,0,0.0,0.0,True
train_oof,5176,-1,-1.0,-1.0,True
train_oof,5177,0,0.0,0.0,True
train_oof,5178,0,0.0,0.0,True
train_oof,5179,0,0.0,0.0,True
train_oof,5180,0,0.0,0.0,True
train_oof,5181,0,0.0,0.0,True
train_oof,5182,0,0.0,0.0,True
train_oof,5183,0,0.0,0.0,True
train_oof,5184,0,0.0,0.0,True
train_oof,5185,0,0.0,0.0,True
train_oof,5186,0,0.0,0.0,True
train_oof,5187,0,0.0,0.0,True
train_oof,5188,0,0.0,0.0,True
train_oof,5189,0,0.0,0.0,True
train_oof,5190,0,0.0,0.0,True
train_oof,5191,0,0.0,0.0,True
train_oof,5192,0,0.0,0.0,True
train_oof,5193,0,0.0,0.0,True
train_oof,5194,0,0.0,0.0,True
train_oof,5195,0,0.0,0.0,True
train_oof,5196,0,0.0,0.0,True
train_oof,5197,0,0.0,0.0,True
train_oof,5198,0,0.0,0.0,True
train_oof,5199,0,0.0,0.0,True
train_oof,5200,0,0.0,0.0,True
train_oof,5201,0,0.0,0.0,True
train_oof,5202,0,0.0,0.0,True
train_oof,5203,0,0.0,0.0,True
train_oof,5204,0,0.0,0.0,True
train_oof,5205,0,0.0,0.0,True
train_oof,5206,0,0.0,0.0,True
train_oof,5207,0,0.0,0.0,True
train_oof,5208,0,0.0,0.0,True
train_oof,5209,0,0.0,0.0,True
train_oof,5210,0,0.0,0.0,True
train_oof,5211,0,0.0,0.0,True
train_oof,5212,0,0.0,0.0,True
train_oof,5213,0,,0.0,False
train_oof,5214,0,0.0,0.0,True
train_oof,5215,0,0.0,0.0,True
train_oof,5216,0,0.0,0.0,True
train_oof,5217,0,0.0,0.0,True
train_oof,5218,0,0.0,0.0,True
train_oof,5219,0,0.0,0.0,True
train_oof,5220,0,0.0,0.0,True
train_oof,5221,0,0.0,0.0,True
train_oof,5222,0,0.0,0.0,True
train_oof,5223,0,0.0,0.0,True
train_oof,5224,0,0.0,0.0,True
train_oof,5225,0,0.0,0.0,True
train_oof,5226,0,0.0,0.0,True
train_oof,5227,0,0.0,0.0,True
train_oof,5228,0,0.0,0.0,True
train_oof,5229,0,0.0,0.0,True
train_oof,5230,0,0.0,0.0,True
train_oof,5231,0,0.0,0.0,True
train_oof,5232,0,0.0,0.0,True
train_oof,5233,0,0.0,0.0,True
train_oof,5234,0,0.0,0.0,True
train_oof,5235,0,0.0,0.0,True
train_oof,5236,0,0.0,0.0,True
train_oof,5237,0,0.0,0.0,True
train_oof,5238,0,0.0,0.0,True
train_oof,5239,0,0.0,0.0,True
train_oof,5240,0,0.0,0.0,True
train_oof,5241,-1,-1.0,-1.0,True
train_oof,5242,0,0.0,0.0,True
train_oof,5243,0,0.0,0.0,True
train_oof,5244,0,0.0,0.0,True
train_oof,5245,0,0.0,0.0,True
train_oof,5246,0,0.0,0.0,True
train_oof,5247,0,0.0,0.0,True
train_oof,5248,0,0.0,0.0,True
train_oof,5249,0,0.0,0.0,True
train_oof,5250,0,0.0,0.0,True
train_oof,5251,0,0.0,0.0,True
train_oof,5252,0,0.0,0.0,True
train_oof,5253,0,0.0,0.0,True
train_oof,5254,0,0.0,0.0,True
train_oof,5255,0,0.0,0.0,True
train_oof,5256,0,0.0,0.0,True
train_oof,5257,0,,-0.015364583333333333,False
train_oof,5258,0,0.0,0.0,True
train_oof,5259,0,0.0,0.0,True
train_oof,5260,0,0.0,0.0,True
train_oof,5261,0,0.0,0.0,True
train_oof,5262,0,0.0,0.0,True
train_oof,5263,0,0.0,0.0,True
train_oof,5264,0,0.0,0.0,True
train_oof,5265,0,0.0,0.0,True
train_oof,5266,0,0.0,0.0,True
train_oof,5267,0,0.0,0.0,True
train_oof,5268,0,0.0,0.0,True
train_oof,5269,0,0.0,0.0,True
train_oof,5270,0,0.0,0.0,True
train_oof,5271,0,0.0,0.0,True
train_oof,5272,0,0.0,0.0,True
train_oof,5273,0,0.0,0.0,True
train_oof,5274,0,0.0,0.0,True
train_oof,5275,0,0.0,0.0,True
train_oof,5276,0,0.0,0.0,True
train_oof,5277,0,0.0,0.0,True
train_oof,5278,0,0.0,0.0,True
train_oof,5279,0,0.0,0.0,True
train_oof,5280,0,0.0,0.0,True
train_oof,5281,0,0.0,0.0,True
train_oof,5282,0,0.0,0.0,True
train_oof,5283,0,0.0,0.0,True
train_oof,5284,0,0.0,0.0,True
train_oof,5285,0,0.0,0.0,True
train_oof,5286,0,0.0,0.0,True
train_oof,5287,0,0.0,0.0,True
train_oof,5288,0,0.0,0.0,True
train_oof,5289,0,0.0,0.0,True
train_oof,5290,0,0.0,0.0,True
train_oof,5291,0,0.0,0.0,True
train_oof,5292,0,0.0,0.0,True
train_oof,5293,0,0.0,0.0,True
train_oof,5294,0,0.0,0.0,True
train_oof,5295,0,0.0,0.0,True
train_oof,5296,0,0.0,0.0,True
train_oof,5297,0,0.0,0.0,True
train_oof,5298,0,0.0,0.0,True
train_oof,5299,0,0.0,0.0,True
train_oof,5300,0,0.0,0.0,True
train_oof,5301,0,0.0,0.0,True
train_oof,5302,0,0.0,0.0,True
train_oof,5303,0,0.0,0.0,True
train_oof,5304,0,0.0,0.0,True
train_oof,5305,0,0.0,0.0,True
train_oof,5306,0,0.0,0.0,True
train_oof,5307,0,0.0,0.0,True
train_oof,5308,0,,0.0,False
train_oof,5309,0,0.0,0.0,True
train_oof,5310,0,0.0,0.0,True
train_oof,5311,0,0.0,0.0,True
train_oof,5312,0,0.0,0.0,True
train_oof,5313,0,0.0,0.0,True
train_oof,5314,0,0.0,0.0,True
train_oof,5315,0,0.0,0.0,True
train_oof,5316,0,0.0,0.0,True
train_oof,5317,0,0.0,0.0,True
train_oof,5318,0,0.0,0.0,True
train_oof,5319,0,0.0,0.0,True
train_oof,5320,0,0.0,0.0,True
train_oof,5321,0,,-0.016927083333333336,False
train_oof,5322,0,0.0,0.0,True
train_oof,5323,0,0.0,0.0,True
train_oof,5324,0,0.0,0.0,True
train_oof,5325,0,0.0,0.0,True
train_oof,5326,0,0.0,0.0,True
train_oof,5327,0,0.0,0.0,True
train_oof,5328,-1,-1.0,-1.0,True
train_oof,5329,0,0.0,0.0,True
train_oof,5330,0,0.0,0.0,True
train_oof,5331,0,0.0,0.0,True
train_oof,5332,0,0.0,0.0,True
train_oof,5333,0,0.0,0.0,True
train_oof,5334,0,0.0,0.0,True
train_oof,5335,0,0.0,0.0,True
train_oof,5336,0,0.0,0.0,True
train_oof,5337,0,0.0,0.0,True
train_oof,5338,0,0.0,0.0,True
train_oof,5339,0,0.0,0.0,True
train_oof,5340,0,0.0,0.0,True
train_oof,5341,0,0.0,0.0,True
train_oof,5342,0,0.0,0.0,True
train_oof,5343,0,0.0,0.0,True
train_oof,5344,0,0.0,0.0,True
train_oof,5345,0,0.0,0.0,True
train_oof,5346,0,0.0,0.0,True
train_oof,5347,0,0.0,0.0,True
train_oof,5348,0,0.0,0.0,True
train_oof,5349,0,0.0,0.0,True
train_oof,5350,0,0.0,0.0,True
train_oof,5351,0,0.0,0.0,True
train_oof,5352,0,0.0,0.0,True
train_oof,5353,0,0.0,0.0,True
train_oof,5354,0,0.0,0.0,True
train_oof,5355,0,0.0,0.0,True
train_oof,5356,0,0.0,0.0,True
train_oof,5357,0,0.0,0.0,True
train_oof,5358,0,0.0,0.0,True
train_oof,5359,0,0.0,0.0,True
train_oof,5360,0,0.0,0.0,True
train_oof,5361,0,0.0,0.0,True
train_oof,5362,0,0.0,0.0,True
train_oof,5363,0,0.0,0.0,True
train_oof,5364,0,0.0,0.0,True
train_oof,5365,0,0.0,0.0,True
train_oof,5366,0,0.0,0.0,True
train_oof,5367,0,0.0,0.0,True
train_oof,5368,0,0.0,-0.005859375,True
train_oof,5369,0,0.0,0.0,True
train_oof,5370,0,0.0,0.0,True
train_oof,5371,0,0.0,0.0,True
train_oof,5372,0,0.0,0.0,True
train_oof,5373,0,0.0,0.0,True
train_oof,5374,0,0.0,0.0,True
train_oof,5375,0,0.0,0.0,True
train_oof,5376,0,0.0,0.0,True
train_oof,5377,0,0.0,0.0,True
train_oof,5378,0,0.0,0.0,True
train_oof,5379,0,0.0,0.0,True
train_oof,5380,0,0.0,0.0,True
train_oof,5381,0,0.0,0.0,True
train_oof,5382,0,0.0,0.0,True
train_oof,5383,0,0.0,0.0,True
train_oof,5384,0,0.0,0.0,True
train_oof,5385,0,0.0,0.0,True
train_oof,5386,0,0.0,0.0,True
train_oof,5387,0,0.0,0.0,True
train_oof,5388,0,0.0,0.0,True
train_oof,5389,0,0.0,0.0,True
train_oof,5390,0,0.0,0.0,True
train_oof,5391,0,0.0,0.0,True
train_oof,5392,0,0.0,0.0,True
train_oof,5393,0,0.0,0.0,True
train_oof,5394,0,0.0,0.0,True
train_oof,5395,0,0.0,0.0,True
train_oof,5396,0,0.0,0.0,True
train_oof,5397,0,0.0,0.0,True
train_oof,5398,0,0.0,0.0,True
train_oof,5399,0,0.0,0.0,True
train_oof,5400,0,0.0,-0.19205729166666669,True
train_oof,5401,0,0.0,0.0,True
train_oof,5402,-1,-1.0,-1.0,True
train_oof,5403,0,0.0,0.0,True
train_oof,5404,0,0.0,0.0,True
train_oof,5405,0,0.0,0.0,True
train_oof,5406,0,0.0,0.0,True
train_oof,5407,0,0.0,0.0,True
train_oof,5408,0,0.0,0.0,True
train_oof,5409,0,0.0,0.0,True
train_oof,5410,0,0.0,0.0,True
train_oof,5411,0,0.0,0.0,True
train_oof,5412,0,0.0,0.0,True
train_oof,5413,0,0.0,0.0,True
train_oof,5414,0,0.0,0.0,True
train_oof,5415,0,0.0,0.0,True
train_oof,5416,0,0.0,0.0,True
train_oof,5417,0,0.0,0.0,True
train_oof,5418,0,0.0,0.0,True
train_oof,5419,0,0.0,0.0,True
train_oof,5420,0,0.0,0.0,True
train_oof,5421,0,0.0,0.0,True
train_oof,5422,0,0.0,0.0,True
train_oof,5423,0,0.0,0.0,True
train_oof,5424,0,0.0,0.0,True
train_oof,5425,0,0.0,0.0,True
train_oof,5426,0,0.0,0.0,True
train_oof,5427,0,0.0,0.0,True
train_oof,5428,0,0.0,0.0,True
train_oof,5429,0,0.0,0.0,True
train_oof,5430,0,0.0,0.0,True
train_oof,5431,0,0.0,0.0,True
train_oof,5432,0,0.0,0.0,True
train_oof,5433,0,0.0,0.0,True
train_oof,5434,0,0.0,0.0,True
train_oof,5435,0,0.0,0.0,True
train_oof,5436,0,0.0,0.0,True
train_oof,5437,0,0.0,0.0,True
train_oof,5438,0,0.0,0.0,True
train_oof,5439,0,0.0,0.0,True
train_oof,5440,0,0.0,0.0,True
train_oof,5441,0,0.0,-0.013020833333333332,True
train_oof,5442,0,0.0,0.0,True
train_oof,5443,0,0.0,0.0,True
train_oof,5444,-1,-1.0,-1.0,True
train_oof,5445,0,0.0,0.0,True
train_oof,5446,0,0.0,0.0,True
train_oof,5447,0,0.0,0.0,True
train_oof,5448,0,0.0,0.0,True
train_oof,5449,0,0.0,0.0,True
train_oof,5450,0,0.0,0.0,True
train_oof,5451,0,,0.0,False
train_oof,5452,0,0.0,0.0,True
train_oof,5453,0,0.0,0.0,True
train_oof,5454,0,0.0,0.0,True
train_oof,5455,0,0.0,0.0,True
train_oof,5456,0,0.0,0.0,True
train_oof,5457,0,0.0,0.0,True
train_oof,5458,0,0.0,0.0,True
train_oof,5459,0,0.0,0.0,True
train_oof,5460,0,0.0,0.0,True
train_oof,5461,0,0.0,0.0,True
train_oof,5462,0,0.0,0.0,True
train_oof,5463,0,0.0,0.0,True
train_oof,5464,0,0.0,0.0,True
train_oof,5465,0,0.0,0.0,True
train_oof,5466,0,0.0,0.0,True
train_oof,5467,0,0.0,0.0,True
train_oof,5468,0,0.0,0.0,True
train_oof,5469,0,0.0,0.0,True
train_oof,5470,0,0.0,0.0,True
train_oof,5471,0,0.0,0.0,True
train_oof,5472,0,0.0,0.0,True
train_oof,5473,0,0.0,0.0,True
train_oof,5474,0,0.0,0.0,True
train_oof,5475,0,0.0,0.0,True
train_oof,5476,0,0.0,0.0,True
train_oof,5477,0,0.0,0.0,True
train_oof,5478,0,0.0,0.0,True
train_oof,5479,0,0.0,-0.0016163793103448276,True
train_oof,5480,0,0.0,0.0,True
train_oof,5481,0,0.0,0.0,True
train_oof,5482,0,0.0,0.0,True
train_oof,5483,0,0.0,0.0,True
train_oof,5484,0,0.0,0.0,True
train_oof,5485,0,0.0,0.0,True
train_oof,5486,0,0.0,0.0,True
train_oof,5487,0,0.0,0.0,True
train_oof,5488,0,0.0,0.0,True
train_oof,5489,-1,-1.0,-1.0,True
train_oof,5490,0,0.0,0.0,True
train_oof,5491,0,0.0,0.0,True
train_oof,5492,0,0.0,0.0,True
train_oof,5493,0,0.0,0.0,True
train_oof,5494,0,0.0,0.0,True
train_oof,5495,0,,0.0,False
train_oof,5496,0,0.0,0.0,True
train_oof,5497,0,0.0,0.0,True
train_oof,5498,0,0.0,-0.015625,True
train_oof,5499,0,0.0,0.0,True
train_oof,5500,0,0.0,0.0,True
train_oof,5501,0,0.0,0.0,True
train_oof,5502,0,0.0,0.0,True
train_oof,5503,0,0.0,0.0,True
train_oof,5504,0,0.0,0.0,True
train_oof,5505,0,0.0,0.0,True
train_oof,5506,0,0.0,0.0,True
train_oof,5507,0,0.0,0.0,True
train_oof,5508,0,0.0,0.0,True
train_oof,5509,0,0.0,0.0,True
train_oof,5510,0,0.0,0.0,True
train_oof,5511,0,0.0,0.0,True
train_oof,5512,0,0.0,0.0,True
train_oof,5513,0,0.0,0.0,True
train_oof,5514,0,0.0,0.0,True
train_oof,5515,0,0.0,-4.944620253164557e-05,True
train_oof,5516,0,0.0,0.0,True
train_oof,5517,0,0.0,0.0,True
train_oof,5518,0,0.0,0.0,True
train_oof,5519,0,0.0,0.0,True
train_oof,5520,0,0.0,0.0,True
train_oof,5521,0,0.0,0.0,True
train_oof,5522,0,0.0,0.0,True
train_oof,5523,0,0.0,0.0,True
train_oof,5524,0,0.0,0.0,True
train_oof,5525,0,0.0,0.0,True
train_oof,5526,0,0.0,0.0,True
train_oof,5527,0,0.0,0.0,True
train_oof,5528,0,0.0,0.0,True
train_oof,5529,0,0.0,0.0,True
train_oof,5530,0,0.0,0.0,True
train_oof,5531,0,0.0,0.0,True
train_oof,5532,0,0.0,0.0,True
train_oof,5533,0,0.0,0.0,True
train_oof,5534,0,0.0,0.0,True
train_oof,5535,0,0.0,0.0,True
train_oof,5536,0,0.0,0.0,True
train_oof,5537,0,0.0,0.0,True
train_oof,5538,0,0.0,0.0,True
train_oof,5539,0,0.0,0.0,True
train_oof,5540,0,0.0,0.0,True
train_oof,5541,-1,-1.0,-1.0110677083333335,True
train_oof,5542,0,0.0,0.0,True
train_oof,5543,0,0.0,0.0,True
train_oof,5544,0,0.0,0.0,True
train_oof,5545,0,0.0,0.0,True
train_oof,5546,0,0.0,0.0,True
train_oof,5547,0,0.0,0.0,True
train_oof,5548,0,0.0,0.0,True
train_oof,5549,0,0.0,0.0,True
train_oof,5550,0,0.0,0.0,True
train_oof,5551,-1,,-0.984375,False
train_oof,5552,0,0.0,0.0,True
train_oof,5553,0,0.0,0.0,True
train_oof,5554,-1,,-1.0,False
train_oof,5555,0,0.0,0.0,True
train_oof,5556,-1,-1.0,-1.0,True
train_oof,5557,0,0.0,0.0,True
train_oof,5558,0,0.0,0.0,True
train_oof,5559,0,0.0,0.0,True
train_oof,5560,0,0.0,0.0,True
train_oof,5561,0,0.0,0.0,True
train_oof,5562,-1,-1.0,-1.0,True
train_oof,5563,0,0.0,0.0,True
train_oof,5564,0,0.0,0.0,True
train_oof,5565,0,0.0,0.0,True
train_oof,5566,0,0.0,0.0,True
train_oof,5567,0,0.0,0.0,True
train_oof,5568,0,0.0,0.0,True
train_oof,5569,0,0.0,0.0,True
train_oof,5570,0,0.0,0.0,True
train_oof,5571,0,0.0,0.0,True
train_oof,5572,0,0.0,0.0,True
train_oof,5573,0,0.0,0.0,True
train_oof,5574,0,0.0,0.0,True
train_oof,5575,0,0.0,0.0,True
train_oof,5576,0,0.0,0.0,True
train_oof,5577,0,0.0,0.0,True
train_oof,5578,0,0.0,0.0,True
train_oof,5579,0,0.0,0.0,True
train_oof,5580,0,0.0,0.0,True
train_oof,5581,0,0.0,0.0,True
train_oof,5582,0,0.0,0.0,True
train_oof,5583,0,0.0,0.0,True
train_oof,5584,0,0.0,0.0,True
train_oof,5585,-1,-1.0,-1.0,True
train_oof,5586,0,0.0,0.0,True
train_oof,5587,0,0.0,0.0,True
train_oof,5588,0,0.0,-0.016015625,True
train_oof,5589,0,0.0,0.0,True
train_oof,5590,0,0.0,0.0,True
train_oof,5591,0,0.0,0.0,True
train_oof,5592,0,0.0,0.0,True
train_oof,5593,0,0.0,0.0,True
train_oof,5594,0,0.0,-4.944620253164557e-05,True
train_oof,5595,0,0.0,0.0,True
train_oof,5596,0,0.0,0.0,True
train_oof,5597,-1,-1.0,-1.0,True
train_oof,5598,0,0.0,0.0,True
train_oof,5599,0,0.0,0.0,True
train_oof,5600,0,0.0,0.0,True
train_oof,5601,0,0.0,0.0,True
train_oof,5602,0,0.0,0.0,True
train_oof,5603,0,0.0,0.0,True
train_oof,5604,0,,0.0,False
train_oof,5605,0,0.0,0.0,True
train_oof,5606,0,0.0,0.0,True
train_oof,5607,0,0.0,0.0,True
train_oof,5608,0,0.0,0.0,True
train_oof,5609,0,0.0,0.0,True
train_oof,5610,0,0.0,0.0,True
train_oof,5611,-1,-1.0,-1.0,True
train_oof,5612,0,0.0,0.0,True
train_oof,5613,0,0.0,0.0,True
train_oof,5614,-1,-1.0,-1.0,True
train_oof,5615,0,0.0,0.0,True
train_oof,5616,0,0.0,0.0,True
train_oof,5617,0,0.0,0.0,True
train_oof,5618,0,0.0,0.0,True
train_oof,5619,0,0.0,0.0,True
train_oof,5620,0,0.0,0.0,True
train_oof,5621,0,0.0,0.0,True
train_oof,5622,0,0.0,0.0,True
train_oof,5623,0,0.0,0.0,True
train_oof,5624,0,0.0,0.0,True
train_oof,5625,0,0.0,0.0,True
train_oof,5626,0,0.0,0.0,True
train_oof,5627,0,0.0,0.0,True
train_oof,5628,0,0.0,0.0,True
train_oof,5629,0,,0.0,False
train_oof,5630,0,0.0,0.0,True
train_oof,5631,0,0.0,0.0,True
train_oof,5632,0,0.0,0.0,True
train_oof,5633,0,0.0,0.0,True
train_oof,5634,0,0.0,0.0,True
train_oof,5635,-1,,-1.0,False
train_oof,5636,0,0.0,0.0,True
train_oof,5637,0,0.0,0.0,True
train_oof,5638,0,0.0,0.0,True
train_oof,5639,0,0.0,0.0,True
train_oof,5640,0,0.0,0.0,True
train_oof,5641,0,0.0,0.0,True
train_oof,5642,0,0.0,0.0,True
train_oof,5643,0,0.0,0.0,True
train_oof,5644,0,0.0,0.0,True
train_oof,5645,0,0.0,0.0,True
train_oof,5646,0,0.0,0.0,True
train_oof,5647,0,0.0,0.0,True
train_oof,5648,0,0.0,0.0,True
train_oof,5649,0,0.0,0.0,True
train_oof,5650,0,0.0,0.0,True
train_oof,5651,0,0.0,0.0,True
train_oof,5652,0,0.0,0.0,True
train_oof,5653,0,0.0,0.0,True
train_oof,5654,0,0.0,0.0,True
train_oof,5655,0,0.0,0.0,True
train_oof,5656,0,0.0,0.0,True
train_oof,5657,0,0.0,0.0,True
train_oof,5658,0,0.0,0.0,True
train_oof,5659,0,0.0,0.0,True
train_oof,5660,0,,0.0,False
train_oof,5661,0,0.0,0.0,True
train_oof,5662,0,0.0,0.0,True
train_oof,5663,0,,0.0,False
train_oof,5664,0,0.0,0.0,True
train_oof,5665,0,0.0,0.0,True
train_oof,5666,0,0.0,0.0,True
train_oof,5667,0,0.0,0.0,True
train_oof,5668,0,0.0,0.0,True
train_oof,5669,0,0.0,0.0,True
train_oof,5670,-1,-1.0,-1.0,True
train_oof,5671,0,0.0,0.0,True
train_oof,5672,0,0.0,0.0,True
train_oof,5673,0,0.0,0.0,True
train_oof,5674,0,0.0,0.0,True
train_oof,5675,0,0.0,0.0,True
train_oof,5676,0,0.0,0.0,True
train_oof,5677,0,0.0,0.0,True
train_oof,5678,0,0.0,0.0,True
train_oof,5679,0,0.0,0.0,True
train_oof,5680,0,0.0,0.0,True
train_oof,5681,0,0.0,0.0,True
train_oof,5682,0,0.0,0.0,True
train_oof,5683,0,0.0,0.0,True
train_oof,5684,0,0.0,0.0,True
train_oof,5685,0,0.0,0.0,True
train_oof,5686,0,0.0,0.0,True
train_oof,5687,0,0.0,0.0,True
train_oof,5688,0,0.0,0.0,True
train_oof,5689,0,0.0,0.0,True
train_oof,5690,0,0.0,0.0,True
train_oof,5691,0,0.0,0.0,True
train_oof,5692,0,0.0,0.0,True
train_oof,5693,0,0.0,0.0,True
train_oof,5694,0,0.0,0.0,True
train_oof,5695,0,0.0,0.0,True
train_oof,5696,0,0.0,0.0,True
train_oof,5697,0,0.0,0.0,True
train_oof,5698,0,0.0,0.0,True
train_oof,5699,0,0.0,0.0,True
train_oof,5700,0,0.0,0.0,True
train_oof,5701,0,0.0,0.0,True
train_oof,5702,0,0.0,0.0,True
train_oof,5703,0,0.0,0.0,True
train_oof,5704,0,0.0,0.0,True
train_oof,5705,0,0.0,0.0,True
train_oof,5706,0,0.0,-0.0007626488095238095,True
train_oof,5707,0,,0.0,False
train_oof,5708,0,0.0,0.0,True
train_oof,5709,0,0.0,-0.0013020833333333333,True
train_oof,5710,0,0.0,0.0,True
train_oof,5711,0,0.0,0.0,True
train_oof,5712,0,0.0,0.0,True
train_oof,5713,0,0.0,0.0,True
train_oof,5714,0,0.0,0.0,True
train_oof,5715,0,0.0,0.0,True
train_oof,5716,0,0.0,0.0,True
train_oof,5717,0,0.0,0.0,True
train_oof,5718,0,0.0,0.0,True
train_oof,5719,0,0.0,0.0,True
train_oof,5720,0,0.0,0.0,True
train_oof,5721,0,0.0,0.0,True
train_oof,5722,0,0.0,0.0,True
train_oof,5723,0,0.0,0.0,True
train_oof,5724,0,0.0,0.0,True
train_oof,5725,-1,-1.0,-1.0,True
train_oof,5726,0,0.0,0.0,True
train_oof,5727,0,0.0,0.0,True
train_oof,5728,0,0.0,0.0,True
train_oof,5729,0,0.0,0.0,True
train_oof,5730,0,0.0,0.0,True
train_oof,5731,0,0.0,0.0,True
train_oof,5732,0,0.0,0.0,True
train_oof,5733,0,0.0,0.0,True
train_oof,5734,0,0.0,0.0,True
train_oof,5735,0,0.0,0.0,True
train_oof,5736,0,0.0,0.0,True
train_oof,5737,0,0.0,0.0,True
train_oof,5738,0,0.0,0.0,True
train_oof,5739,0,0.0,0.0,True
train_oof,5740,0,0.0,0.0,True
train_oof,5741,0,0.0,0.0,True
train_oof,5742,0,0.0,0.0,True
train_oof,5743,0,0.0,0.0,True
train_oof,5744,0,0.0,0.0,True
train_oof,5745,0,0.0,0.0,True
train_oof,5746,0,0.0,0.0,True
train_oof,5747,0,0.0,0.0,True
train_oof,5748,0,0.0,0.0,True
train_oof,5749,0,0.0,0.0,True
train_oof,5750,0,0.0,0.0,True
train_oof,5751,0,0.0,0.0,True
train_oof,5752,0,,-0.028645833333333332,False
train_oof,5753,0,0.0,0.0,True
train_oof,5754,0,0.0,0.0,True
train_oof,5755,0,0.0,0.0,True
train_oof,5756,0,0.0,0.0,True
train_oof,5757,0,0.0,0.0,True
train_oof,5758,0,0.0,0.0,True
train_oof,5759,0,0.0,0.0,True
train_oof,5760,0,0.0,0.0,True
train_oof,5761,0,0.0,0.0,True
train_oof,5762,0,0.0,0.0,True
train_oof,5763,0,0.0,0.0,True
train_oof,5764,0,0.0,0.0,True
train_oof,5765,0,0.0,0.0,True
train_oof,5766,0,0.0,0.0,True
train_oof,5767,0,0.0,0.0,True
train_oof,5768,0,0.0,0.0,True
train_oof,5769,0,0.0,0.0,True
train_oof,5770,0,0.0,0.0,True
train_oof,5771,0,0.0,0.0,True
train_oof,5772,0,0.0,0.0,True
train_oof,5773,0,0.0,0.0,True
train_oof,5774,0,0.0,0.0,True
train_oof,5775,0,0.0,0.0,True
train_oof,5776,0,0.0,0.0,True
train_oof,5777,0,0.0,0.0,True
train_oof,5778,0,0.0,0.0,True
train_oof,5779,0,0.0,0.0,True
train_oof,5780,0,0.0,0.0,True
train_oof,5781,0,0.0,0.0,True
train_oof,5782,0,0.0,0.0,True
train_oof,5783,0,0.0,0.0,True
train_oof,5784,0,0.0,0.0,True
train_oof,5785,0,0.0,0.0,True
train_oof,5786,0,0.0,0.0,True
train_oof,5787,0,0.0,0.0,True
train_oof,5788,0,0.0,0.0,True
train_oof,5789,0,,-0.024739583333333336,False
train_oof,5790,0,0.0,0.0,True
train_oof,5791,0,0.0,0.0,True
train_oof,5792,0,0.0,0.0,True
train_oof,5793,0,0.0,0.0,True
train_oof,5794,0,0.0,0.0,True
train_oof,5795,0,0.0,0.0,True
train_oof,5796,0,0.0,0.0,True
train_oof,5797,0,0.0,0.0,True
train_oof,5798,0,0.0,0.0,True
train_oof,5799,0,0.0,0.0,True
train_oof,5800,0,0.0,0.0,True
train_oof,5801,0,0.0,0.0,True
train_oof,5802,0,0.0,0.0,True
train_oof,5803,0,0.0,0.0,True
train_oof,5804,0,0.0,0.0,True
train_oof,5805,0,0.0,0.0,True
train_oof,5806,0,0.0,0.0,True
train_oof,5807,0,0.0,0.0,True
train_oof,5808,0,0.0,0.0,True
train_oof,5809,0,0.0,0.0,True
train_oof,5810,0,0.0,0.0,True
train_oof,5811,0,0.0,0.0,True
train_oof,5812,0,0.0,0.0,True
train_oof,5813,0,0.0,0.0,True
train_oof,5814,0,0.0,0.0,True
train_oof,5815,0,0.0,0.0,True
train_oof,5816,0,,-0.040364583333333336,False
train_oof,5817,0,0.0,0.0,True
train_oof,5818,0,0.0,0.0,True
train_oof,5819,0,0.0,0.0,True
train_oof,5820,0,0.0,0.0,True
train_oof,5821,0,0.0,0.0,True
train_oof,5822,0,0.0,0.0,True
train_oof,5823,0,0.0,0.0,True
train_oof,5824,0,0.0,0.0,True
train_oof,5825,0,0.0,0.0,True
train_oof,5826,0,0.0,0.0,True
train_oof,5827,0,0.0,0.0,True
train_oof,5828,0,0.0,0.0,True
train_oof,5829,-1,-1.0,-1.0,True
train_oof,5830,0,0.0,0.0,True
train_oof,5831,0,0.0,0.0,True
train_oof,5832,0,0.0,0.0,True
train_oof,5833,0,0.0,0.0,True
train_oof,5834,-1,-1.0,-1.0,True
train_oof,5835,0,0.0,0.0,True
train_oof,5836,0,0.0,0.0,True
train_oof,5837,0,0.0,0.0,True
train_oof,5838,0,0.0,0.0,True
train_oof,5839,0,0.0,0.0,True
train_oof,5840,0,0.0,0.0,True
train_oof,5841,0,0.0,0.0,True
train_oof,5842,0,0.0,0.0,True
train_oof,5843,0,0.0,0.0,True
train_oof,5844,-1,-1.0,-1.0,True
train_oof,5845,0,0.0,0.0,True
train_oof,5846,0,0.0,0.0,True
train_oof,5847,-1,,-1.0,False
train_oof,5848,0,0.0,0.0,True
train_oof,5849,0,0.0,0.0,True
train_oof,5850,0,,-0.005208333333333333,False
train_oof,5851,0,0.0,0.0,True
train_oof,5852,0,0.0,0.0,True
train_oof,5853,0,0.0,0.0,True
train_oof,5854,0,0.0,0.0,True
train_oof,5855,0,0.0,0.0,True
train_oof,5856,0,0.0,0.0,True
train_oof,5857,0,0.0,0.0,True
train_oof,5858,0,0.0,0.0,True
train_oof,5859,0,0.0,0.0,True
train_oof,5860,0,0.0,0.0,True
train_oof,5861,0,0.0,0.0,True
train_oof,5862,0,0.0,0.0,True
train_oof,5863,0,0.0,0.0,True
train_oof,5864,0,0.0,0.0,True
train_oof,5865,0,0.0,0.0,True
train_oof,5866,0,0.0,0.0,True
train_oof,5867,0,0.0,0.0,True
train_oof,5868,0,0.0,0.0,True
train_oof,5869,0,0.0,0.0,True
train_oof,5870,0,0.0,0.0,True
train_oof,5871,0,0.0,0.0,True
train_oof,5872,-1,,-1.0,False
train_oof,5873,0,0.0,0.0,True
train_oof,5874,0,0.0,0.0,True
train_oof,5875,0,0.0,0.0,True
train_oof,5876,0,0.0,0.0,True
train_oof,5877,0,0.0,0.0,True
train_oof,5878,0,0.0,0.0,True
train_oof,5879,0,0.0,0.0,True
train_oof,5880,0,0.0,0.0,True
train_oof,5881,0,,0.0,False
train_oof,5882,0,0.0,0.0,True
train_oof,5883,0,0.0,0.0,True
train_oof,5884,0,0.0,0.0,True
train_oof,5885,0,0.0,0.0,True
train_oof,5886,0,0.0,0.0,True
train_oof,5887,0,0.0,0.0,True
train_oof,5888,0,0.0,0.0,True
train_oof,5889,0,0.0,0.0,True
train_oof,5890,0,0.0,0.0,True
train_oof,5891,0,0.0,0.0,True
train_oof,5892,0,0.0,0.0,True
train_oof,5893,0,0.0,0.0,True
train_oof,5894,0,0.0,0.0,True
train_oof,5895,0,0.0,0.0,True
train_oof,5896,0,0.0,0.0,True
train_oof,5897,0,0.0,0.0,True
train_oof,5898,0,0.0,0.0,True
train_oof,5899,0,0.0,0.0,True
train_oof,5900,0,0.0,0.0,True
train_oof,5901,0,0.0,0.0,True
train_oof,5902,0,0.0,0.0,True
train_oof,5903,0,0.0,0.0,True
train_oof,5904,0,0.0,0.0,True
train_oof,5905,0,0.0,0.0,True
train_oof,5906,0,0.0,0.0,True
train_oof,5907,0,0.0,0.0,True
train_oof,5908,0,0.0,-4.944620253164557e-05,True
train_oof,5909,0,0.0,0.0,True
train_oof,5910,0,0.0,0.0,True
train_oof,5911,0,0.0,0.0,True
train_oof,5912,0,0.0,0.0,True
train_oof,5913,0,0.0,0.0,True
train_oof,5914,0,0.0,0.0,True
train_oof,5915,0,0.0,0.0,True
train_oof,5916,0,0.0,0.0,True
train_oof,5917,0,0.0,0.0,True
train_oof,5918,0,0.0,0.0,True
train_oof,5919,0,0.0,0.0,True
train_oof,5920,0,0.0,0.0,True
train_oof,5921,0,0.0,0.0,True
train_oof,5922,0,0.0,0.0,True
train_oof,5923,0,0.0,0.0,True
train_oof,5924,0,0.0,0.0,True
train_oof,5925,0,0.0,0.0,True
train_oof,5926,0,0.0,0.0,True
train_oof,5927,0,0.0,0.0,True
train_oof,5928,0,0.0,0.0,True
train_oof,5929,-1,-1.0,-1.0,True
train_oof,5930,0,0.0,0.0,True
train_oof,5931,0,0.0,0.0,True
train_oof,5932,0,0.0,0.0,True
train_oof,5933,0,0.0,0.0,True
train_oof,5934,0,,0.0,False
train_oof,5935,0,0.0,0.0,True
train_oof,5936,0,0.0,0.0,True
train_oof,5937,0,0.0,0.0,True
train_oof,5938,0,0.0,0.0,True
train_oof,5939,0,0.0,0.0,True
train_oof,5940,0,0.0,0.0,True
train_oof,5941,0,0.0,0.0,True
train_oof,5942,0,0.0,0.0,True
train_oof,5943,0,0.0,0.0,True
train_oof,5944,0,0.0,0.0,True
train_oof,5945,0,0.0,0.0,True
train_oof,5946,0,0.0,0.0,True
train_oof,5947,0,0.0,0.0,True
train_oof,5948,0,0.0,-0.0016163793103448276,True
train_oof,5949,0,0.0,0.0,True
train_oof,5950,0,0.0,0.0,True
train_oof,5951,0,0.0,0.0,True
train_oof,5952,-1,-1.0,-1.0,True
train_oof,5953,0,0.0,0.0,True
train_oof,5954,0,0.0,0.0,True
train_oof,5955,0,,0.0,False
train_oof,5956,0,0.0,0.0,True
train_oof,5957,0,0.0,0.0,True
train_oof,5958,0,0.0,0.0,True
train_oof,5959,0,0.0,0.0,True
train_oof,5960,0,0.0,0.0,True
train_oof,5961,0,0.0,0.0,True
train_oof,5962,0,0.0,0.0,True
train_oof,5963,0,0.0,0.0,True
train_oof,5964,0,0.0,0.0,True
train_oof,5965,0,0.0,0.0,True
train_oof,5966,0,0.0,0.0,True
train_oof,5967,0,0.0,0.0,True
train_oof,5968,0,0.0,0.0,True
train_oof,5969,0,0.0,0.0,True
train_oof,5970,0,0.0,0.0,True
train_oof,5971,0,0.0,0.0,True
train_oof,5972,0,0.0,0.0,True
train_oof,5973,0,0.0,0.0,True
train_oof,5974,0,0.0,0.0,True
train_oof,5975,0,0.0,0.0,True
train_oof,5976,0,0.0,0.0,True
train_oof,5977,0,0.0,0.0,True
train_oof,5978,0,0.0,0.0,True
train_oof,5979,0,0.0,0.0,True
train_oof,5980,0,0.0,0.0,True
train_oof,5981,0,,-2.091145833333333,False
train_oof,5982,0,0.0,0.0,True
train_oof,5983,0,0.0,0.0,True
train_oof,5984,0,0.0,0.0,True
train_oof,5985,0,0.0,0.0,True
train_oof,5986,0,,-0.01171875,False
train_oof,5987,0,0.0,0.0,True
train_oof,5988,0,0.0,0.0,True
train_oof,5989,0,0.0,0.0,True
train_oof,5990,0,,-0.24088541666666677,False
train_oof,5991,0,0.0,0.0,True
train_oof,5992,0,0.0,0.0,True
train_oof,5993,0,0.0,0.0,True
train_oof,5994,0,0.0,0.0,True
train_oof,5995,0,0.0,0.0,True
train_oof,5996,0,0.0,0.0,True
train_oof,5997,0,0.0,0.0,True
train_oof,5998,0,0.0,0.0,True
train_oof,5999,0,0.0,0.0,True
train_oof,6000,0,0.0,0.0,True
train_oof,6001,0,,-0.0078125,False
train_oof,6002,0,0.0,0.0,True
train_oof,6003,0,0.0,0.0,True
train_oof,6004,0,0.0,0.0,True
train_oof,6005,0,0.0,0.0,True
train_oof,6006,0,0.0,0.0,True
train_oof,6007,0,0.0,0.0,True
train_oof,6008,0,0.0,0.0,True
train_oof,6009,0,0.0,0.0,True
train_oof,6010,0,0.0,0.0,True
train_oof,6011,0,0.0,0.0,True
train_oof,6012,0,0.0,-4.944620253164557e-05,True
train_oof,6013,0,0.0,0.0,True
train_oof,6014,0,0.0,0.0,True
train_oof,6015,0,0.0,0.0,True
train_oof,6016,0,0.0,0.0,True
train_oof,6017,0,0.0,0.0,True
train_oof,6018,0,0.0,0.0,True
train_oof,6019,0,0.0,0.0,True
train_oof,6020,0,0.0,0.0,True
train_oof,6021,0,0.0,0.0,True
train_oof,6022,0,0.0,0.0,True
train_oof,6023,0,0.0,0.0,True
train_oof,6024,0,0.0,0.0,True
train_oof,6025,0,0.0,0.0,True
train_oof,6026,0,0.0,0.0,True
train_oof,6027,0,0.0,0.0,True
train_oof,6028,0,0.0,0.0,True
train_oof,6029,0,0.0,0.0,True
train_oof,6030,0,0.0,0.0,True
train_oof,6031,0,0.0,0.0,True
train_oof,6032,0,0.0,0.0,True
train_oof,6033,0,0.0,0.0,True
train_oof,6034,0,0.0,0.0,True
train_oof,6035,0,0.0,0.0,True
train_oof,6036,0,0.0,0.0,True
train_oof,6037,0,0.0,0.0,True
train_oof,6038,0,0.0,0.0,True
train_oof,6039,0,0.0,0.0,True
train_oof,6040,0,0.0,0.0,True
train_oof,6041,0,0.0,0.0,True
train_oof,6042,0,0.0,0.0,True
train_oof,6043,0,0.0,0.0,True
train_oof,6044,0,0.0,0.0,True
train_oof,6045,0,0.0,0.0,True
train_oof,6046,0,0.0,0.0,True
train_oof,6047,-1,-1.0,-1.0,True
train_oof,6048,0,0.0,0.0,True
train_oof,6049,0,0.0,0.0,True
train_oof,6050,0,0.0,0.0,True
train_oof,6051,0,0.0,0.0,True
train_oof,6052,0,0.0,0.0,True
train_oof,6053,0,0.0,0.0,True
train_oof,6054,0,0.0,0.0,True
train_oof,6055,0,0.0,0.0,True
train_oof,6056,0,0.0,0.0,True
train_oof,6057,0,0.0,0.0,True
train_oof,6058,0,0.0,0.0,True
train_oof,6059,0,0.0,0.0,True
train_oof,6060,0,0.0,0.0,True
train_oof,6061,0,0.0,0.0,True
train_oof,6062,0,0.0,0.0,True
train_oof,6063,0,0.0,0.0,True
train_oof,6064,-1,-1.0,-1.0,True
train_oof,6065,0,0.0,0.0,True
train_oof,6066,0,0.0,0.0,True
train_oof,6067,0,0.0,0.0,True
train_oof,6068,0,0.0,0.0,True
train_oof,6069,0,0.0,0.0,True
train_oof,6070,0,0.0,0.0,True
train_oof,6071,-1,-1.0,-1.0,True
train_oof,6072,0,0.0,0.0,True
train_oof,6073,0,0.0,0.0,True
train_oof,6074,0,0.0,0.0,True
train_oof,6075,0,0.0,0.0,True
train_oof,6076,0,0.0,0.0,True
train_oof,6077,0,0.0,0.0,True
train_oof,6078,0,0.0,0.0,True
train_oof,6079,0,0.0,0.0,True
train_oof,6080,0,0.0,0.0,True
train_oof,6081,0,0.0,0.0,True
train_oof,6082,0,0.0,0.0,True
train_oof,6083,0,0.0,0.0,True
train_oof,6084,0,0.0,0.0,True
train_oof,6085,0,0.0,0.0,True
train_oof,6086,0,,0.0,False
train_oof,6087,0,0.0,0.0,True
train_oof,6088,0,0.0,0.0,True
train_oof,6089,0,0.0,0.0,True
train_oof,6090,0,0.0,0.0,True
train_oof,6091,0,0.0,0.0,True
train_oof,6092,0,0.0,0.0,True
train_oof,6093,0,0.0,0.0,True
train_oof,6094,0,0.0,0.0,True
train_oof,6095,0,0.0,0.0,True
train_oof,6096,0,0.0,0.0,True
train_oof,6097,0,0.0,0.0,True
train_oof,6098,0,0.0,0.0,True
train_oof,6099,0,0.0,0.0,True
train_oof,6100,0,0.0,0.0,True
train_oof,6101,0,0.0,0.0,True
train_oof,6102,0,0.0,0.0,True
train_oof,6103,0,0.0,0.0,True
train_oof,6104,0,0.0,0.0,True
train_oof,6105,0,0.0,0.0,True
train_oof,6106,0,0.0,0.0,True
train_oof,6107,0,0.0,0.0,True
train_oof,6108,0,0.0,0.0,True
train_oof,6109,0,0.0,0.0,True
train_oof,6110,0,0.0,0.0,True
train_oof,6111,0,0.0,0.0,True
train_oof,6112,0,0.0,0.0,True
train_oof,6113,0,0.0,0.0,True
train_oof,6114,-1,-1.0,-1.34375,True
train_oof,6115,0,0.0,0.0,True
train_oof,6116,0,0.0,0.0,True
train_oof,6117,0,0.0,0.0,True
train_oof,6118,0,0.0,0.0,True
train_oof,6119,0,0.0,0.0,True
train_oof,6120,0,0.0,0.0,True
train_oof,6121,0,0.0,0.0,True
train_oof,6122,0,0.0,0.0,True
train_oof,6123,0,0.0,0.0,True
train_oof,6124,0,0.0,0.0,True
train_oof,6125,0,0.0,0.0,True
train_oof,6126,0,0.0,0.0,True
train_oof,6127,0,0.0,0.0,True
train_oof,6128,0,0.0,0.0,True
train_oof,6129,0,0.0,0.0,True
train_oof,6130,0,0.0,0.0,True
train_oof,6131,0,0.0,0.0,True
train_oof,6132,0,0.0,0.0,True
train_oof,6133,0,0.0,0.0,True
train_oof,6134,0,0.0,0.0,True
train_oof,6135,-1,-1.0,-1.0,True
train_oof,6136,0,0.0,0.0,True
train_oof,6137,0,0.0,0.0,True
train_oof,6138,0,0.0,0.0,True
train_oof,6139,0,0.0,0.0,True
train_oof,6140,0,0.0,0.0,True
train_oof,6141,0,0.0,0.0,True
train_oof,6142,-2,-2.0,-2.0,True
train_oof,6143,0,0.0,0.0,True
train_oof,6144,0,0.0,0.0,True
train_oof,6145,0,0.0,0.0,True
train_oof,6146,0,0.0,0.0,True
train_oof,6147,0,0.0,0.0,True
train_oof,6148,0,0.0,0.0,True
train_oof,6149,0,0.0,0.0,True
train_oof,6150,0,0.0,0.0,True
train_oof,6151,0,0.0,0.0,True
train_oof,6152,0,0.0,0.0,True
train_oof,6153,0,0.0,0.0,True
train_oof,6154,0,0.0,0.0,True
train_oof,6155,0,0.0,0.0,True
train_oof,6156,0,0.0,0.0,True
train_oof,6157,0,0.0,0.0,True
train_oof,6158,0,0.0,0.0,True
train_oof,6159,0,0.0,0.0,True
train_oof,6160,0,0.0,0.0,True
train_oof,6161,0,0.0,0.0,True
train_oof,6162,0,0.0,0.0,True
train_oof,6163,0,0.0,0.0,True
train_oof,6164,0,0.0,0.0,True
train_oof,6165,0,0.0,0.0,True
train_oof,6166,0,0.0,0.0,True
train_oof,6167,0,0.0,0.0,True
train_oof,6168,0,0.0,0.0,True
train_oof,6169,0,0.0,0.0,True
train_oof,6170,0,0.0,0.0,True
train_oof,6171,0,0.0,0.0,True
train_oof,6172,0,0.0,0.0,True
train_oof,6173,0,0.0,0.0,True
train_oof,6174,0,0.0,-4.944620253164557e-05,True
train_oof,6175,0,0.0,0.0,True
train_oof,6176,0,0.0,0.0,True
train_oof,6177,0,0.0,0.0,True
train_oof,6178,0,0.0,0.0,True
train_oof,6179,0,0.0,0.0,True
train_oof,6180,0,0.0,0.0,True
train_oof,6181,0,0.0,0.0,True
train_oof,6182,0,0.0,0.0,True
train_oof,6183,0,0.0,0.0,True
train_oof,6184,0,0.0,0.0,True
train_oof,6185,0,0.0,0.0,True
train_oof,6186,0,0.0,0.0,True
train_oof,6187,0,0.0,0.0,True
train_oof,6188,0,0.0,0.0,True
train_oof,6189,0,0.0,0.0,True
train_oof,6190,0,0.0,0.0,True
train_oof,6191,0,0.0,0.0,True
train_oof,6192,0,0.0,0.0,True
train_oof,6193,0,0.0,0.0,True
train_oof,6194,0,0.0,0.0,True
train_oof,6195,0,0.0,0.0,True
train_oof,6196,0,0.0,0.0,True
train_oof,6197,-1,-1.0,-1.0,True
train_oof,6198,0,0.0,0.0,True
train_oof,6199,0,0.0,0.0,True
train_oof,6200,0,0.0,0.0,True
train_oof,6201,0,0.0,0.0,True
train_oof,6202,0,0.0,0.0,True
train_oof,6203,0,0.0,-0.3282877604166667,True
train_oof,6204,0,0.0,0.0,True
train_oof,6205,0,,0.0,False
train_oof,6206,0,0.0,0.0,True
train_oof,6207,0,0.0,0.0,True
train_oof,6208,0,0.0,0.0,True
train_oof,6209,0,0.0,0.0,True
train_oof,6210,0,0.0,0.0,True
train_oof,6211,0,0.0,0.0,True
train_oof,6212,0,0.0,0.0,True
train_oof,6213,0,0.0,0.0,True
train_oof,6214,0,0.0,0.0,True
train_oof,6215,0,0.0,0.0,True
train_oof,6216,0,0.0,0.0,True
train_oof,6217,0,0.0,0.0,True
train_oof,6218,0,0.0,0.0,True
train_oof,6219,0,0.0,0.0,True
train_oof,6220,0,0.0,0.0,True
train_oof,6221,0,0.0,0.0,True
train_oof,6222,0,0.0,0.0,True
train_oof,6223,0,0.0,0.0,True
train_oof,6224,0,0.0,0.0,True
train_oof,6225,0,0.0,0.0,True
train_oof,6226,0,0.0,0.0,True
train_oof,6227,0,0.0,0.0,True
train_oof,6228,0,0.0,0.0,True
train_oof,6229,0,0.0,0.0,True
train_oof,6230,0,0.0,0.0,True
train_oof,6231,0,0.0,0.0,True
train_oof,6232,0,0.0,0.0,True
train_oof,6233,0,0.0,0.0,True
train_oof,6234,0,0.0,0.0,True
train_oof,6235,0,0.0,0.0,True
train_oof,6236,0,0.0,0.0,True
train_oof,6237,-2,,-1.226934523809524,False
train_oof,6238,0,0.0,0.0,True
train_oof,6239,0,0.0,0.0,True
train_oof,6240,0,0.0,0.0,True
train_oof,6241,0,0.0,-0.032682291666666655,True
train_oof,6242,0,0.0,0.0,True
train_oof,6243,0,0.0,0.0,True
train_oof,6244,0,0.0,0.0,True
train_oof,6245,0,0.0,0.0,True
train_oof,6246,0,0.0,0.0,True
train_oof,6247,0,0.0,0.0,True
train_oof,6248,0,0.0,0.0,True
train_oof,6249,0,0.0,0.0,True
train_oof,6250,0,0.0,0.0,True
train_oof,6251,0,0.0,0.0,True
train_oof,6252,0,0.0,0.0,True
train_oof,6253,0,0.0,0.0,True
train_oof,6254,0,0.0,0.0,True
train_oof,6255,0,0.0,0.0,True
train_oof,6256,0,0.0,0.0,True
train_oof,6257,0,0.0,0.0,True
train_oof,6258,0,0.0,0.0,True
train_oof,6259,0,0.0,0.0,True
train_oof,6260,0,0.0,0.0,True
train_oof,6261,0,0.0,0.0,True
train_oof,6262,0,0.0,0.0,True
train_oof,6263,0,0.0,0.0,True
train_oof,6264,0,0.0,0.0,True
train_oof,6265,-1,-1.0,-1.0,True
train_oof,6266,0,0.0,0.0,True
train_oof,6267,0,0.0,0.0,True
train_oof,6268,0,0.0,0.0,True
train_oof,6269,0,0.0,0.0,True
train_oof,6270,0,0.0,0.0,True
train_oof,6271,0,0.0,0.0,True
train_oof,6272,-1,-1.0,-1.0,True
train_oof,6273,0,0.0,0.0,True
train_oof,6274,0,0.0,0.0,True
train_oof,6275,0,0.0,0.0,True
train_oof,6276,0,0.0,0.0,True
train_oof,6277,0,0.0,0.0,True
train_oof,6278,0,0.0,0.0,True
train_oof,6279,0,0.0,0.0,True
train_oof,6280,0,0.0,0.0,True
train_oof,6281,0,0.0,0.0,True
train_oof,6282,0,0.0,0.0,True
train_oof,6283,0,0.0,0.0,True
train_oof,6284,0,0.0,0.0,True
train_oof,6285,0,0.0,0.0,True
train_oof,6286,0,0.0,0.0,True
train_oof,6287,0,0.0,0.0,True
train_oof,6288,0,0.0,0.0,True
train_oof,6289,0,0.0,0.0,True
train_oof,6290,0,0.0,0.0,True
train_oof,6291,0,0.0,0.0,True
train_oof,6292,0,0.0,0.0,True
train_oof,6293,0,0.0,0.0,True
train_oof,6294,0,0.0,0.0,True
train_oof,6295,0,0.0,0.0,True
train_oof,6296,0,0.0,0.0,True
train_oof,6297,0,0.0,0.0,True
train_oof,6298,0,,0.0,False
train_oof,6299,0,0.0,0.0,True
train_oof,6300,0,0.0,0.0,True
train_oof,6301,0,0.0,0.0,True
train_oof,6302,0,0.0,0.0,True
train_oof,6303,0,0.0,0.0,True
train_oof,6304,0,0.0,0.0,True
train_oof,6305,0,0.0,0.0,True
train_oof,6306,0,0.0,0.0,True
train_oof,6307,0,0.0,0.0,True
train_oof,6308,0,0.0,0.0,True
train_oof,6309,0,0.0,0.0,True
train_oof,6310,0,0.0,0.0,True
train_oof,6311,0,0.0,0.0,True
train_oof,6312,0,0.0,0.0,True
train_oof,6313,0,0.0,0.0,True
train_oof,6314,0,0.0,0.0,True
train_oof,6315,0,0.0,0.0,True
train_oof,6316,0,0.0,0.0,True
train_oof,6317,0,0.0,0.0,True
train_oof,6318,0,0.0,0.0,True
train_oof,6319,0,0.0,0.0,True
train_oof,6320,0,0.0,0.0,True
train_oof,6321,0,0.0,0.0,True
train_oof,6322,0,0.0,0.0,True
train_oof,6323,0,0.0,0.0,True
train_oof,6324,0,0.0,0.0,True
train_oof,6325,0,0.0,0.0,True
train_oof,6326,0,0.0,0.0,True
train_oof,6327,0,0.0,-0.007161458333333333,True
train_oof,6328,0,0.0,0.0,True
train_oof,6329,0,0.0,0.0,True
train_oof,6330,0,0.0,0.0,True
train_oof,6331,0,0.0,0.0,True
train_oof,6332,0,0.0,0.0,True
train_oof,6333,0,0.0,0.0,True
train_oof,6334,0,0.0,0.0,True
train_oof,6335,0,0.0,0.0,True
train_oof,6336,0,0.0,0.0,True
train_oof,6337,0,0.0,0.0,True
train_oof,6338,0,0.0,0.0,True
train_oof,6339,0,0.0,0.0,True
train_oof,6340,0,0.0,0.0,True
train_oof,6341,0,0.0,0.0,True
train_oof,6342,0,0.0,0.0,True
train_oof,6343,0,0.0,0.0,True
train_oof,6344,0,0.0,0.0,True
train_oof,6345,0,0.0,0.0,True
train_oof,6346,0,0.0,0.0,True
train_oof,6347,0,0.0,0.0,True
train_oof,6348,0,0.0,0.0,True
train_oof,6349,0,0.0,0.0,True
train_oof,6350,0,0.0,0.0,True
train_oof,6351,0,0.0,0.0,True
train_oof,6352,0,0.0,0.0,True
train_oof,6353,0,0.0,0.0,True
train_oof,6354,0,0.0,0.0,True
train_oof,6355,0,0.0,0.0,True
train_oof,6356,0,0.0,0.0,True
train_oof,6357,0,0.0,0.0,True
train_oof,6358,0,0.0,0.0,True
train_oof,6359,0,0.0,0.0,True
train_oof,6360,0,0.0,0.0,True
train_oof,6361,0,0.0,0.0,True
train_oof,6362,0,0.0,0.0,True
train_oof,6363,0,0.0,0.0,True
train_oof,6364,0,0.0,0.0,True
train_oof,6365,0,0.0,0.0,True
train_oof,6366,0,0.0,0.0,True
train_oof,6367,-1,,-1.0,False
train_oof,6368,0,0.0,0.0,True
train_oof,6369,0,0.0,0.0,True
train_oof,6370,0,0.0,0.0,True
train_oof,6371,0,0.0,0.0,True
train_oof,6372,0,0.0,0.0,True
train_oof,6373,0,0.0,0.0,True
train_oof,6374,0,0.0,0.0,True
train_oof,6375,0,0.0,0.0,True
train_oof,6376,0,0.0,0.0,True
train_oof,6377,0,0.0,0.0,True
train_oof,6378,-1,,-0.9811197916666667,False
train_oof,6379,0,0.0,0.0,True
train_oof,6380,0,0.0,0.0,True
train_oof,6381,0,0.0,0.0,True
train_oof,6382,0,0.0,0.0,True
train_oof,6383,0,0.0,0.0,True
train_oof,6384,0,0.0,0.0,True
train_oof,6385,-2,,-1.559077380952381,False
train_oof,6386,0,0.0,0.0,True
train_oof,6387,0,0.0,0.0,True
train_oof,6388,0,,0.0,False
train_oof,6389,0,0.0,0.0,True
train_oof,6390,0,0.0,0.0,True
train_oof,6391,0,0.0,0.0,True
train_oof,6392,0,0.0,0.0,True
train_oof,6393,0,0.0,0.0,True
train_oof,6394,0,0.0,0.0,True
train_oof,6395,0,0.0,0.0,True
train_oof,6396,0,0.0,0.0,True
train_oof,6397,-1,-1.0,-1.0,True
train_oof,6398,0,0.0,0.0,True
train_oof,6399,0,0.0,0.0,True
train_oof,6400,0,0.0,0.0,True
train_oof,6401,0,0.0,0.0,True
train_oof,6402,0,0.0,0.0,True
train_oof,6403,0,0.0,0.0,True
train_oof,6404,0,0.0,0.0,True
train_oof,6405,0,0.0,0.0,True
train_oof,6406,0,0.0,0.0,True
train_oof,6407,-2,-2.0,-1.7101190476190478,True
train_oof,6408,0,0.0,0.0,True
train_oof,6409,0,0.0,0.0,True
train_oof,6410,0,0.0,0.0,True
train_oof,6411,0,0.0,0.0,True
train_oof,6412,0,0.0,0.0,True
train_oof,6413,0,0.0,0.0,True
train_oof,6414,0,0.0,0.0,True
train_oof,6415,0,0.0,0.0,True
train_oof,6416,0,0.0,0.0,True
train_oof,6417,0,0.0,0.0,True
train_oof,6418,0,0.0,0.0,True
train_oof,6419,0,0.0,0.0,True
train_oof,6420,0,,0.0,False
train_oof,6421,0,0.0,0.0,True
train_oof,6422,0,0.0,0.0,True
train_oof,6423,0,0.0,0.0,True
train_oof,6424,0,0.0,0.0,True
train_oof,6425,0,0.0,0.0,True
train_oof,6426,0,0.0,0.0,True
train_oof,6427,-1,-1.0,-1.0,True
train_oof,6428,0,0.0,0.0,True
train_oof,6429,-1,-1.0,-1.0,True
train_oof,6430,0,0.0,0.0,True
train_oof,6431,0,0.0,0.0,True
train_oof,6432,0,0.0,0.0,True
train_oof,6433,0,0.0,0.0,True
train_oof,6434,0,0.0,0.0,True
train_oof,6435,0,0.0,0.0,True
train_oof,6436,0,0.0,0.0,True
train_oof,6437,0,0.0,0.0,True
train_oof,6438,0,0.0,0.0,True
train_oof,6439,0,0.0,0.0,True
train_oof,6440,0,0.0,0.0,True
train_oof,6441,-1,-1.0,-1.0,True
train_oof,6442,0,0.0,0.0,True
train_oof,6443,0,0.0,0.0,True
train_oof,6444,0,0.0,0.0,True
train_oof,6445,0,0.0,0.0,True
train_oof,6446,0,0.0,0.0,True
train_oof,6447,0,0.0,0.0,True
train_oof,6448,0,0.0,-0.01171875,True
train_oof,6449,0,0.0,0.0,True
train_oof,6450,0,0.0,0.0,True
train_oof,6451,0,0.0,0.0,True
train_oof,6452,0,0.0,0.0,True
train_oof,6453,0,0.0,0.0,True
train_oof,6454,0,0.0,0.0,True
train_oof,6455,0,0.0,0.0,True
train_oof,6456,0,0.0,0.0,True
train_oof,6457,0,0.0,0.0,True
train_oof,6458,0,0.0,0.0,True
train_oof,6459,0,0.0,0.0,True
train_oof,6460,0,0.0,0.0,True
train_oof,6461,0,0.0,0.0,True
train_oof,6462,0,0.0,0.0,True
train_oof,6463,0,0.0,0.0,True
train_oof,6464,0,0.0,0.0,True
train_oof,6465,0,0.0,0.0,True
train_oof,6466,0,0.0,0.0,True
train_oof,6467,0,0.0,0.0,True
train_oof,6468,-1,-1.0,-1.0,True
train_oof,6469,0,0.0,0.0,True
train_oof,6470,0,0.0,0.0,True
train_oof,6471,0,0.0,0.0,True
train_oof,6472,0,0.0,0.0,True
train_oof,6473,0,0.0,0.0,True
train_oof,6474,0,0.0,0.0,True
train_oof,6475,0,0.0,0.0,True
train_oof,6476,0,0.0,0.0,True
train_oof,6477,0,0.0,0.0,True
train_oof,6478,0,0.0,0.0,True
train_oof,6479,0,0.0,0.0,True
train_oof,6480,0,0.0,0.0,True
train_oof,6481,0,0.0,0.0,True
train_oof,6482,0,0.0,0.0,True
train_oof,6483,0,0.0,0.0,True
train_oof,6484,0,0.0,0.0,True
train_oof,6485,0,0.0,0.0,True
train_oof,6486,0,0.0,0.0,True
train_oof,6487,0,0.0,0.0,True
train_oof,6488,0,0.0,0.0,True
train_oof,6489,0,0.0,0.0,True
train_oof,6490,0,0.0,0.0,True
train_oof,6491,0,0.0,0.0,True
train_oof,6492,0,0.0,0.0,True
train_oof,6493,0,0.0,0.0,True
train_oof,6494,0,0.0,0.0,True
train_oof,6495,0,0.0,0.0,True
train_oof,6496,0,0.0,0.0,True
train_oof,6497,0,0.0,0.0,True
train_oof,6498,0,0.0,0.0,True
train_oof,6499,0,0.0,0.0,True
train_oof,6500,0,0.0,0.0,True
train_oof,6501,0,0.0,0.0,True
train_oof,6502,0,0.0,0.0,True
train_oof,6503,0,0.0,-0.006510416666666666,True
train_oof,6504,0,0.0,0.0,True
train_oof,6505,0,0.0,0.0,True
train_oof,6506,0,0.0,0.0,True
train_oof,6507,0,0.0,0.0,True
train_oof,6508,0,0.0,0.0,True
train_oof,6509,0,0.0,0.0,True
train_oof,6510,0,0.0,0.0,True
train_oof,6511,0,0.0,0.0,True
train_oof,6512,0,0.0,0.0,True
train_oof,6513,0,0.0,0.0,True
train_oof,6514,0,0.0,0.0,True
train_oof,6515,0,0.0,0.0,True
train_oof,6516,0,0.0,0.0,True
train_oof,6517,0,0.0,0.0,True
train_oof,6518,0,0.0,0.0,True
train_oof,6519,0,0.0,0.0,True
train_oof,6520,0,0.0,0.0,True
train_oof,6521,0,0.0,0.0,True
train_oof,6522,0,0.0,0.0,True
train_oof,6523,0,0.0,0.0,True
train_oof,6524,0,0.0,0.0,True
train_oof,6525,0,0.0,0.0,True
train_oof,6526,0,0.0,0.0,True
train_oof,6527,0,0.0,0.0,True
train_oof,6528,0,0.0,0.0,True
train_oof,6529,0,0.0,0.0,True
train_oof,6530,0,0.0,0.0,True
train_oof,6531,0,0.0,0.0,True
train_oof,6532,0,0.0,0.0,True
train_oof,6533,0,0.0,0.0,True
train_oof,6534,0,0.0,0.0,True
train_oof,6535,0,0.0,0.0,True
train_oof,6536,0,0.0,0.0,True
train_oof,6537,0,0.0,0.0,True
train_oof,6538,0,0.0,0.0,True
train_oof,6539,0,0.0,0.0,True
train_oof,6540,0,0.0,0.0,True
train_oof,6541,0,0.0,0.0,True
train_oof,6542,-1,-1.0,-1.0,True
train_oof,6543,0,0.0,0.0,True
train_oof,6544,0,0.0,0.0,True
train_oof,6545,0,0.0,0.0,True
train_oof,6546,0,0.0,0.0,True
train_oof,6547,0,0.0,0.0,True
train_oof,6548,0,0.0,0.0,True
train_oof,6549,0,0.0,0.0,True
train_oof,6550,0,0.0,0.0,True
train_oof,6551,0,0.0,0.0,True
train_oof,6552,0,0.0,0.0,True
train_oof,6553,0,0.0,0.0,True
train_oof,6554,0,0.0,0.0,True
train_oof,6555,0,0.0,0.0,True
train_oof,6556,0,0.0,0.0,True
train_oof,6557,0,0.0,0.0,True
train_oof,6558,0,0.0,0.0,True
train_oof,6559,0,0.0,0.0,True
train_oof,6560,0,0.0,0.0,True
train_oof,6561,0,0.0,0.0,True
train_oof,6562,0,0.0,0.0,True
train_oof,6563,-2,-2.0,-2.0,True
train_oof,6564,0,0.0,0.0,True
train_oof,6565,0,0.0,0.0,True
train_oof,6566,0,0.0,0.0,True
train_oof,6567,0,0.0,0.0,True
train_oof,6568,0,0.0,0.0,True
train_oof,6569,0,0.0,0.0,True
train_oof,6570,0,0.0,0.0,True
train_oof,6571,0,0.0,0.0,True
train_oof,6572,0,0.0,0.0,True
train_oof,6573,0,0.0,0.0,True
train_oof,6574,0,0.0,0.0,True
train_oof,6575,0,0.0,0.0,True
train_oof,6576,0,0.0,0.0,True
train_oof,6577,0,0.0,0.0,True
train_oof,6578,0,0.0,0.0,True
train_oof,6579,0,0.0,0.0,True
train_oof,6580,0,0.0,0.0,True
train_oof,6581,0,0.0,0.0,True
train_oof,6582,-1,,-1.0,False
train_oof,6583,0,0.0,0.0,True
train_oof,6584,0,0.0,0.0,True
train_oof,6585,0,0.0,0.0,True
train_oof,6586,0,0.0,0.0,True
train_oof,6587,-1,,-0.9921875,False
train_oof,6588,0,0.0,0.0,True
train_oof,6589,0,0.0,0.0,True
train_oof,6590,0,0.0,0.0,True
train_oof,6591,0,0.0,0.0,True
train_oof,6592,0,0.0,-4.944620253164557e-05,True
train_oof,6593,0,0.0,0.0,True
train_oof,6594,0,0.0,0.0,True
train_oof,6595,0,0.0,0.0,True
train_oof,6596,0,0.0,0.0,True
train_oof,6597,0,0.0,0.0,True
train_oof,6598,0,0.0,0.0,True
train_oof,6599,0,0.0,0.0,True
train_oof,6600,0,0.0,0.0,True
train_oof,6601,0,0.0,0.0,True
train_oof,6602,0,0.0,0.0,True
train_oof,6603,0,0.0,0.0,True
train_oof,6604,0,0.0,0.0,True
train_oof,6605,0,0.0,0.0,True
train_oof,6606,0,0.0,0.0,True
train_oof,6607,0,0.0,0.0,True
train_oof,6608,0,0.0,0.0,True
train_oof,6609,0,0.0,0.0,True
train_oof,6610,0,0.0,0.0,True
train_oof,6611,0,0.0,0.0,True
train_oof,6612,0,0.0,0.0,True
train_oof,6613,0,0.0,0.0,True
train_oof,6614,0,0.0,0.0,True
train_oof,6615,0,0.0,0.0,True
train_oof,6616,0,0.0,0.0,True
train_oof,6617,0,0.0,0.0,True
train_oof,6618,0,0.0,0.0,True
train_oof,6619,0,,-0.05859375,False
train_oof,6620,0,0.0,0.0,True
train_oof,6621,0,0.0,0.0,True
train_oof,6622,0,0.0,0.0,True
train_oof,6623,0,0.0,0.0,True
train_oof,6624,0,0.0,0.0,True
train_oof,6625,0,0.0,0.0,True
train_oof,6626,0,0.0,0.0,True
train_oof,6627,0,0.0,0.0,True
train_oof,6628,0,0.0,0.0,True
train_oof,6629,0,0.0,0.0,True
train_oof,6630,0,0.0,0.0,True
train_oof,6631,0,0.0,0.0,True
train_oof,6632,0,0.0,0.0,True
train_oof,6633,0,0.0,0.0,True
train_oof,6634,0,0.0,0.0,True
train_oof,6635,0,0.0,0.0,True
train_oof,6636,0,0.0,0.0,True
train_oof,6637,-2,,-1.234747023809524,False
train_oof,6638,0,0.0,0.0,True
train_oof,6639,0,0.0,0.0,True
train_oof,6640,0,0.0,0.0,True
train_oof,6641,0,0.0,0.0,True
train_oof,6642,0,0.0,0.0,True
train_oof,6643,0,0.0,-0.0013020833333333333,True
train_oof,6644,0,0.0,0.0,True
train_oof,6645,0,0.0,0.0,True
train_oof,6646,0,0.0,0.0,True
train_oof,6647,0,0.0,0.0,True
train_oof,6648,0,0.0,0.0,True
train_oof,6649,0,0.0,0.0,True
train_oof,6650,0,0.0,0.0,True
train_oof,6651,0,0.0,0.0,True
train_oof,6652,0,0.0,0.0,True
train_oof,6653,0,0.0,0.0,True
train_oof,6654,0,0.0,0.0,True
train_oof,6655,0,0.0,0.0,True
train_oof,6656,0,0.0,0.0,True
train_oof,6657,0,0.0,0.0,True
train_oof,6658,0,0.0,0.0,True
train_oof,6659,0,0.0,0.0,True
train_oof,6660,0,0.0,0.0,True
train_oof,6661,0,0.0,0.0,True
train_oof,6662,0,0.0,-0.0009765625,True
train_oof,6663,-1,-1.0,-1.0,True
train_oof,6664,0,0.0,0.0,True
train_oof,6665,0,0.0,0.0,True
train_oof,6666,0,0.0,0.0,True
train_oof,6667,0,0.0,0.0,True
train_oof,6668,0,0.0,0.0,True
train_oof,6669,0,0.0,0.0,True
train_oof,6670,0,0.0,0.0,True
train_oof,6671,0,0.0,0.0,True
train_oof,6672,0,0.0,0.0,True
train_oof,6673,0,0.0,0.0,True
train_oof,6674,0,0.0,0.0,True
train_oof,6675,0,0.0,0.0,True
train_oof,6676,0,0.0,0.0,True
train_oof,6677,0,0.0,0.0,True
train_oof,6678,0,0.0,0.0,True
train_oof,6679,0,0.0,0.0,True
train_oof,6680,0,0.0,0.0,True
train_oof,6681,0,0.0,0.0,True
train_oof,6682,0,0.0,0.0,True
train_oof,6683,0,0.0,0.0,True
train_oof,6684,0,0.0,0.0,True
train_oof,6685,0,0.0,0.0,True
train_oof,6686,0,0.0,0.0,True
train_oof,6687,0,0.0,0.0,True
train_oof,6688,0,0.0,0.0,True
train_oof,6689,0,0.0,0.0,True
train_oof,6690,0,0.0,0.0,True
train_oof,6691,0,0.0,0.0,True
train_oof,6692,0,0.0,0.0,True
train_oof,6693,0,0.0,0.0,True
train_oof,6694,0,0.0,0.0,True
train_oof,6695,0,0.0,0.0,True
train_oof,6696,0,0.0,0.0,True
train_oof,6697,0,0.0,0.0,True
train_oof,6698,0,0.0,0.0,True
train_oof,6699,0,0.0,0.0,True
train_oof,6700,0,0.0,0.0,True
train_oof,6701,0,,-0.080078125,False
train_oof,6702,0,0.0,0.0,True
train_oof,6703,0,0.0,0.0,True
train_oof,6704,0,0.0,0.0,True
train_oof,6705,0,0.0,0.0,True
train_oof,6706,0,0.0,0.0,True
train_oof,6707,0,0.0,0.0,True
train_oof,6708,0,0.0,-0.020345052083333336,True
train_oof,6709,0,0.0,0.0,True
train_oof,6710,0,0.0,0.0,True
train_oof,6711,0,0.0,0.0,True
train_oof,6712,0,0.0,0.0,True
train_oof,6713,-1,,-0.16015625,False
train_oof,6714,0,0.0,0.0,True
train_oof,6715,0,0.0,0.0,True
train_oof,6716,0,0.0,0.0,True
train_oof,6717,0,0.0,0.0,True
train_oof,6718,0,0.0,0.0,True
train_oof,6719,0,0.0,0.0,True
train_oof,6720,0,0.0,0.0,True
train_oof,6721,0,0.0,0.0,True
train_oof,6722,0,0.0,0.0,True
train_oof,6723,0,0.0,0.0,True
train_oof,6724,0,0.0,0.0,True
train_oof,6725,0,0.0,0.0,True
train_oof,6726,0,0.0,0.0,True
train_oof,6727,0,0.0,0.0,True
train_oof,6728,0,0.0,0.0,True
train_oof,6729,0,0.0,0.0,True
train_oof,6730,0,0.0,0.0,True
train_oof,6731,0,0.0,0.0,True
train_oof,6732,0,0.0,0.0,True
train_oof,6733,0,0.0,0.0,True
train_oof,6734,0,0.0,-0.0007626488095238095,True
train_oof,6735,0,0.0,0.0,True
train_oof,6736,0,0.0,0.0,True
train_oof,6737,0,0.0,0.0,True
train_oof,6738,0,0.0,0.0,True
train_oof,6739,0,0.0,0.0,True
train_oof,6740,0,0.0,0.0,True
train_oof,6741,0,0.0,0.0,True
train_oof,6742,0,0.0,0.0,True
train_oof,6743,0,0.0,0.0,True
train_oof,6744,0,0.0,0.0,True
train_oof,6745,0,0.0,0.0,True
train_oof,6746,0,0.0,0.0,True
train_oof,6747,0,0.0,0.0,True
train_oof,6748,0,0.0,0.0,True
train_oof,6749,0,0.0,0.0,True
train_oof,6750,0,0.0,0.0,True
train_oof,6751,0,0.0,0.0,True
train_oof,6752,0,0.0,0.0,True
train_oof,6753,0,0.0,0.0,True
train_oof,6754,0,0.0,0.0,True
train_oof,6755,0,0.0,0.0,True
train_oof,6756,0,0.0,0.0,True
train_oof,6757,0,0.0,0.0,True
train_oof,6758,0,0.0,0.0,True
train_oof,6759,0,0.0,0.0,True
train_oof,6760,0,0.0,0.0,True
train_oof,6761,0,0.0,0.0,True
train_oof,6762,0,0.0,0.0,True
train_oof,6763,0,0.0,0.0,True
train_oof,6764,0,0.0,0.0,True
train_oof,6765,0,0.0,0.0,True
train_oof,6766,0,0.0,0.0,True
train_oof,6767,0,0.0,0.0,True
train_oof,6768,0,0.0,0.0,True
train_oof,6769,0,,-0.025390624999999997,False
train_oof,6770,0,0.0,0.0,True
train_oof,6771,-1,-1.0,-1.0,True
train_oof,6772,0,0.0,0.0,True
train_oof,6773,0,0.0,0.0,True
train_oof,6774,0,0.0,0.0,True
train_oof,6775,0,0.0,0.0,True
train_oof,6776,0,0.0,0.0,True
train_oof,6777,0,0.0,0.0,True
train_oof,6778,0,0.0,0.0,True
train_oof,6779,0,0.0,0.0,True
train_oof,6780,0,0.0,0.0,True
train_oof,6781,0,0.0,0.0,True
train_oof,6782,0,0.0,0.0,True
train_oof,6783,0,0.0,0.0,True
train_oof,6784,0,0.0,0.0,True
train_oof,6785,0,0.0,0.0,True
train_oof,6786,0,0.0,0.0,True
train_oof,6787,0,0.0,0.0,True
train_oof,6788,0,0.0,0.0,True
train_oof,6789,0,0.0,0.0,True
train_oof,6790,0,0.0,0.0,True
train_oof,6791,0,0.0,0.0,True
train_oof,6792,0,0.0,0.0,True
train_oof,6793,0,0.0,0.0,True
train_oof,6794,0,0.0,0.0,True
train_oof,6795,0,0.0,0.0,True
train_oof,6796,0,0.0,0.0,True
train_oof,6797,0,0.0,0.0,True
train_oof,6798,0,0.0,0.0,True
train_oof,6799,0,0.0,0.0,True
train_oof,6800,0,0.0,0.0,True
train_oof,6801,0,0.0,0.0,True
train_oof,6802,0,0.0,0.0,True
train_oof,6803,0,0.0,0.0,True
train_oof,6804,0,0.0,0.0,True
train_oof,6805,0,0.0,0.0,True
train_oof,6806,0,0.0,0.0,True
train_oof,6807,0,0.0,0.0,True
train_oof,6808,0,0.0,0.0,True
train_oof,6809,0,0.0,0.0,True
train_oof,6810,0,0.0,0.0,True
train_oof,6811,0,0.0,0.0,True
train_oof,6812,0,0.0,0.0,True
train_oof,6813,0,0.0,0.0,True
train_oof,6814,0,0.0,0.0,True
train_oof,6815,0,0.0,0.0,True
train_oof,6816,0,0.0,0.0,True
train_oof,6817,0,0.0,0.0,True
train_oof,6818,0,0.0,0.0,True
train_oof,6819,0,0.0,0.0,True
train_oof,6820,-1,,-0.9264322916666666,False
train_oof,6821,0,0.0,0.0,True
train_oof,6822,0,0.0,0.0,True
train_oof,6823,0,0.0,0.0,True
train_oof,6824,0,0.0,0.0,True
train_oof,6825,0,0.0,0.0,True
train_oof,6826,0,0.0,0.0,True
train_oof,6827,0,0.0,0.0,True
train_oof,6828,0,0.0,0.0,True
train_oof,6829,0,0.0,0.0,True
train_oof,6830,0,0.0,0.0,True
train_oof,6831,0,0.0,0.0,True
train_oof,6832,0,0.0,0.0,True
train_oof,6833,0,0.0,0.0,True
train_oof,6834,0,0.0,0.0,True
train_oof,6835,0,0.0,0.0,True
train_oof,6836,0,0.0,0.0,True
train_oof,6837,0,0.0,0.0,True
train_oof,6838,0,0.0,0.0,True
train_oof,6839,0,0.0,0.0,True
train_oof,6840,0,0.0,0.0,True
train_oof,6841,0,0.0,0.0,True
train_oof,6842,0,0.0,0.0,True
train_oof,6843,0,0.0,0.0,True
train_oof,6844,0,0.0,0.0,True
train_oof,6845,0,0.0,0.0,True
train_oof,6846,0,0.0,0.0,True
train_oof,6847,0,0.0,0.0,True
train_oof,6848,0,0.0,0.0,True
train_oof,6849,0,0.0,0.0,True
train_oof,6850,0,0.0,0.0,True
train_oof,6851,0,0.0,0.0,True
train_oof,6852,-1,,-1.0,False
train_oof,6853,0,0.0,0.0,True
train_oof,6854,-1,-1.0,-1.0,True
train_oof,6855,0,0.0,0.0,True
train_oof,6856,0,0.0,0.0,True
train_oof,6857,0,0.0,0.0,True
train_oof,6858,0,0.0,0.0,True
train_oof,6859,0,0.0,0.0,True
train_oof,6860,0,0.0,0.0,True
train_oof,6861,0,0.0,0.0,True
train_oof,6862,0,0.0,0.0,True
train_oof,6863,0,0.0,0.0,True
train_oof,6864,-1,,-1.0,False
train_oof,6865,0,0.0,0.0,True
train_oof,6866,0,0.0,0.0,True
train_oof,6867,0,0.0,0.0,True
train_oof,6868,0,0.0,0.0,True
train_oof,6869,0,0.0,0.0,True
train_oof,6870,0,0.0,0.0,True
train_oof,6871,0,0.0,0.0,True
train_oof,6872,0,0.0,0.0,True
train_oof,6873,0,0.0,0.0,True
train_oof,6874,0,0.0,0.0,True
train_oof,6875,0,,0.0,False
train_oof,6876,0,0.0,0.0,True
train_oof,6877,0,0.0,0.0,True
train_oof,6878,0,0.0,0.0,True
train_oof,6879,0,0.0,0.0,True
train_oof,6880,0,0.0,0.0,True
train_oof,6881,0,0.0,0.0,True
train_oof,6882,0,0.0,0.0,True
train_oof,6883,0,0.0,-4.944620253164557e-05,True
train_oof,6884,0,0.0,0.0,True
train_oof,6885,0,0.0,0.0,True
train_oof,6886,-1,-1.0,-1.0,True
train_oof,6887,0,0.0,0.0,True
train_oof,6888,0,0.0,0.0,True
train_oof,6889,0,0.0,0.0,True
train_oof,6890,0,0.0,0.0,True
train_oof,6891,0,0.0,0.0,True
train_oof,6892,0,0.0,0.0,True
train_oof,6893,0,0.0,0.0,True
train_oof,6894,0,0.0,0.0,True
train_oof,6895,0,0.0,0.0,True
train_oof,6896,0,0.0,0.0,True
train_oof,6897,0,0.0,0.0,True
train_oof,6898,0,0.0,0.0,True
train_oof,6899,0,0.0,0.0,True
train_oof,6900,0,0.0,0.0,True
train_oof,6901,0,0.0,0.0,True
train_oof,6902,0,0.0,0.0,True
train_oof,6903,0,0.0,0.0,True
train_oof,6904,0,0.0,0.0,True
train_oof,6905,0,0.0,0.0,True
train_oof,6906,0,0.0,-0.00390625,True
train_oof,6907,0,0.0,0.0,True
train_oof,6908,0,0.0,0.0,True
train_oof,6909,-1,-1.0,-1.0,True
train_oof,6910,0,0.0,0.0,True
train_oof,6911,0,0.0,0.0,True
train_oof,6912,0,0.0,0.0,True
train_oof,6913,0,0.0,0.0,True
train_oof,6914,0,0.0,0.0,True
train_oof,6915,0,0.0,0.0,True
train_oof,6916,0,0.0,0.0,True
train_oof,6917,0,0.0,0.0,True
train_oof,6918,0,0.0,0.0,True
train_oof,6919,0,0.0,0.0,True
train_oof,6920,0,0.0,0.0,True
train_oof,6921,0,0.0,0.0,True
train_oof,6922,0,0.0,0.0,True
train_oof,6923,0,0.0,0.0,True
train_oof,6924,0,0.0,0.0,True
train_oof,6925,0,0.0,0.0,True
train_oof,6926,0,0.0,0.0,True
train_oof,6927,0,0.0,0.0,True
train_oof,6928,0,0.0,0.0,True
train_oof,6929,0,0.0,0.0,True
train_oof,6930,0,0.0,0.0,True
train_oof,6931,0,0.0,0.0,True
train_oof,6932,0,,-0.0375,False
train_oof,6933,0,0.0,0.0,True
train_oof,6934,0,0.0,0.0,True
train_oof,6935,0,0.0,0.0,True
train_oof,6936,0,0.0,0.0,True
train_oof,6937,0,0.0,0.0,True
train_oof,6938,0,0.0,0.0,True
train_oof,6939,0,0.0,0.0,True
train_oof,6940,-1,,-1.0096354166666668,False
train_oof,6941,0,0.0,0.0,True
train_oof,6942,0,0.0,0.0,True
train_oof,6943,0,0.0,0.0,True
train_oof,6944,0,0.0,0.0,True
train_oof,6945,0,0.0,0.0,True
train_oof,6946,0,0.0,0.0,True
train_oof,6947,0,0.0,0.0,True
train_oof,6948,0,0.0,0.0,True
train_oof,6949,0,0.0,0.0,True
train_oof,6950,0,0.0,0.0,True
train_oof,6951,0,0.0,0.0,True
train_oof,6952,0,0.0,0.0,True
train_oof,6953,0,0.0,0.0,True
train_oof,6954,0,0.0,0.0,True
train_oof,6955,0,0.0,0.0,True
train_oof,6956,0,0.0,0.0,True
train_oof,6957,0,0.0,0.0,True
train_oof,6958,0,0.0,0.0,True
train_oof,6959,0,0.0,0.0,True
train_oof,6960,0,0.0,0.0,True
train_oof,6961,0,0.0,0.0,True
train_oof,6962,0,0.0,0.0,True
train_oof,6963,0,0.0,0.0,True
train_oof,6964,0,0.0,0.0,True
train_oof,6965,0,0.0,0.0,True
train_oof,6966,0,0.0,0.0,True
train_oof,6967,0,0.0,0.0,True
train_oof,6968,0,0.0,0.0,True
train_oof,6969,0,0.0,0.0,True
train_oof,6970,0,0.0,0.0,True
train_oof,6971,0,0.0,0.0,True
train_oof,6972,0,0.0,0.0,True
train_oof,6973,0,0.0,0.0,True
train_oof,6974,0,0.0,0.0,True
train_oof,6975,0,0.0,0.0,True
train_oof,6976,0,0.0,0.0,True
train_oof,6977,0,0.0,0.0,True
train_oof,6978,0,0.0,0.0,True
train_oof,6979,0,0.0,0.0,True
train_oof,6980,0,0.0,0.0,True
train_oof,6981,0,0.0,0.0,True
train_oof,6982,0,0.0,0.0,True
train_oof,6983,0,0.0,0.0,True
train_oof,6984,0,0.0,0.0,True
train_oof,6985,0,0.0,0.0,True
train_oof,6986,0,0.0,0.0,True
train_oof,6987,0,0.0,0.0,True
train_oof,6988,0,0.0,0.0,True
train_oof,6989,0,0.0,0.0,True
train_oof,6990,0,0.0,0.0,True
train_oof,6991,0,0.0,0.0,True
train_oof,6992,0,0.0,0.0,True
train_oof,6993,0,0.0,0.0,True
train_oof,6994,0,0.0,0.0,True
train_oof,6995,0,0.0,0.0,True
train_oof,6996,0,0.0,0.0,True
train_oof,6997,0,0.0,0.0,True
train_oof,6998,0,0.0,0.0,True
train_oof,6999,0,0.0,0.0,True
train_oof,7000,0,0.0,0.0,True
train_oof,7001,0,0.0,0.0,True
train_oof,7002,0,0.0,0.0,True
train_oof,7003,0,0.0,0.0,True
train_oof,7004,0,0.0,0.0,True
train_oof,7005,0,0.0,0.0,True
train_oof,7006,0,0.0,0.0,True
train_oof,7007,0,0.0,0.0,True
train_oof,7008,0,0.0,0.0,True
train_oof,7009,0,0.0,0.0,True
train_oof,7010,0,0.0,0.0,True
train_oof,7011,-1,-1.0,-1.0,True
train_oof,7012,0,0.0,0.0,True
train_oof,7013,0,0.0,0.0,True
train_oof,7014,0,0.0,0.0,True
train_oof,7015,0,,-0.068359375,False
train_oof,7016,0,0.0,0.0,True
train_oof,7017,0,,-0.14388020833333337,False
train_oof,7018,0,0.0,0.0,True
train_oof,7019,0,0.0,0.0,True
train_oof,7020,0,0.0,0.0,True
train_oof,7021,0,0.0,0.0,True
train_oof,7022,0,0.0,0.0,True
train_oof,7023,0,0.0,0.0,True
train_oof,7024,0,0.0,0.0,True
train_oof,7025,0,0.0,0.0,True
train_oof,7026,0,0.0,0.0,True
train_oof,7027,0,0.0,0.0,True
train_oof,7028,0,0.0,0.0,True
train_oof,7029,0,0.0,-0.0625,True
train_oof,7030,0,0.0,0.0,True
train_oof,7031,0,0.0,0.0,True
train_oof,7032,0,0.0,0.0,True
train_oof,7033,0,0.0,0.0,True
train_oof,7034,0,0.0,0.0,True
train_oof,7035,0,0.0,0.0,True
train_oof,7036,0,0.0,0.0,True
train_oof,7037,0,0.0,0.0,True
train_oof,7038,0,0.0,0.0,True
train_oof,7039,0,0.0,0.0,True
train_oof,7040,0,0.0,0.0,True
train_oof,7041,0,0.0,0.0,True
train_oof,7042,0,0.0,0.0,True
train_oof,7043,0,0.0,0.0,True
train_oof,7044,0,0.0,0.0,True
train_oof,7045,0,0.0,0.0,True
train_oof,7046,0,0.0,0.0,True
train_oof,7047,0,0.0,0.0,True
train_oof,7048,0,0.0,0.0,True
train_oof,7049,0,0.0,0.0,True
train_oof,7050,0,0.0,0.0,True
train_oof,7051,0,0.0,0.0,True
train_oof,7052,0,0.0,0.0,True
train_oof,7053,0,0.0,0.0,True
train_oof,7054,0,0.0,0.0,True
train_oof,7055,0,0.0,0.0,True
train_oof,7056,0,0.0,-0.003125,True
train_oof,7057,0,0.0,0.0,True
train_oof,7058,0,0.0,0.0,True
train_oof,7059,0,0.0,0.0,True
train_oof,7060,0,0.0,0.0,True
train_oof,7061,0,0.0,0.0,True
train_oof,7062,0,0.0,0.0,True
train_oof,7063,0,0.0,0.0,True
train_oof,7064,0,0.0,0.0,True
train_oof,7065,0,0.0,0.0,True
train_oof,7066,0,0.0,0.0,True
train_oof,7067,0,0.0,0.0,True
train_oof,7068,0,0.0,0.0,True
train_oof,7069,0,0.0,0.0,True
train_oof,7070,0,0.0,0.0,True
train_oof,7071,0,0.0,-0.0013020833333333333,True
train_oof,7072,0,0.0,0.0,True
train_oof,7073,0,0.0,0.0,True
train_oof,7074,0,0.0,0.0,True
train_oof,7075,0,0.0,0.0,True
train_oof,7076,0,0.0,0.0,True
train_oof,7077,0,0.0,0.0,True
train_oof,7078,0,0.0,0.0,True
train_oof,7079,0,0.0,0.0,True
train_oof,7080,0,0.0,0.0,True
train_oof,7081,0,0.0,0.0,True
train_oof,7082,0,0.0,0.0,True
train_oof,7083,0,0.0,0.0,True
train_oof,7084,0,0.0,0.0,True
train_oof,7085,0,0.0,0.0,True
train_oof,7086,0,0.0,0.0,True
train_oof,7087,0,0.0,0.0,True
train_oof,7088,0,0.0,0.0,True
train_oof,7089,0,0.0,0.0,True
train_oof,7090,0,0.0,0.0,True
train_oof,7091,0,0.0,0.0,True
train_oof,7092,0,0.0,0.0,True
train_oof,7093,0,0.0,0.0,True
train_oof,7094,0,0.0,0.0,True
train_oof,7095,0,0.0,0.0,True
train_oof,7096,0,0.0,0.0,True
train_oof,7097,0,0.0,0.0,True
train_oof,7098,0,0.0,0.0,True
train_oof,7099,0,0.0,0.0,True
train_oof,7100,0,0.0,0.0,True
train_oof,7101,0,0.0,0.0,True
train_oof,7102,-1,-1.0,-1.0,True
train_oof,7103,-1,-1.0,-1.0,True
train_oof,7104,0,0.0,0.0,True
train_oof,7105,0,0.0,0.0,True
train_oof,7106,0,0.0,0.0,True
train_oof,7107,0,0.0,0.0,True
train_oof,7108,0,0.0,0.0,True
train_oof,7109,0,0.0,0.0,True
train_oof,7110,0,0.0,0.0,True
train_oof,7111,0,0.0,0.0,True
train_oof,7112,0,0.0,0.0,True
train_oof,7113,0,0.0,0.0,True
train_oof,7114,0,0.0,0.0,True
train_oof,7115,0,0.0,0.0,True
train_oof,7116,0,0.0,0.0,True
train_oof,7117,0,0.0,0.0,True
train_oof,7118,0,0.0,0.0,True
train_oof,7119,0,0.0,0.0,True
train_oof,7120,0,0.0,0.0,True
train_oof,7121,0,0.0,0.0,True
train_oof,7122,0,0.0,0.0,True
train_oof,7123,0,0.0,0.0,True
train_oof,7124,0,0.0,0.0,True
train_oof,7125,0,0.0,0.0,True
train_oof,7126,0,0.0,0.0,True
train_oof,7127,0,0.0,0.0,True
train_oof,7128,0,0.0,0.0,True
train_oof,7129,0,0.0,0.0,True
train_oof,7130,0,0.0,0.0,True
train_oof,7131,0,0.0,0.0,True
train_oof,7132,0,0.0,0.0,True
train_oof,7133,0,0.0,0.0,True
train_oof,7134,0,0.0,0.0,True
train_oof,7135,0,0.0,0.0,True
train_oof,7136,0,0.0,0.0,True
train_oof,7137,0,0.0,0.0,True
train_oof,7138,0,0.0,0.0,True
train_oof,7139,0,0.0,0.0,True
train_oof,7140,0,0.0,0.0,True
train_oof,7141,0,0.0,0.0,True
train_oof,7142,0,0.0,0.0,True
train_oof,7143,0,0.0,0.0,True
train_oof,7144,-1,,-1.0,False
train_oof,7145,0,0.0,0.0,True
train_oof,7146,0,0.0,0.0,True
train_oof,7147,0,0.0,0.0,True
train_oof,7148,0,0.0,0.0,True
train_oof,7149,0,,0.0,False
train_oof,7150,0,0.0,0.0,True
train_oof,7151,0,0.0,0.0,True
train_oof,7152,0,0.0,0.0,True
train_oof,7153,0,0.0,0.0,True
train_oof,7154,0,0.0,0.0,True
train_oof,7155,0,0.0,0.0,True
train_oof,7156,0,0.0,0.0,True
train_oof,7157,0,0.0,0.0,True
train_oof,7158,0,0.0,0.0,True
train_oof,7159,0,0.0,0.0,True
train_oof,7160,0,0.0,0.0,True
train_oof,7161,0,0.0,0.0,True
train_oof,7162,0,0.0,0.0,True
train_oof,7163,0,0.0,0.0,True
train_oof,7164,0,0.0,0.0,True
train_oof,7165,0,0.0,0.0,True
train_oof,7166,0,0.0,0.0,True
train_oof,7167,0,0.0,0.0,True
train_oof,7168,0,0.0,0.0,True
train_oof,7169,0,0.0,0.0,True
train_oof,7170,-1,-1.0,-1.0,True
train_oof,7171,0,0.0,0.0,True
train_oof,7172,0,0.0,0.0,True
train_oof,7173,0,0.0,0.0,True
train_oof,7174,0,0.0,0.0,True
train_oof,7175,0,0.0,0.0,True
train_oof,7176,0,0.0,0.0,True
train_oof,7177,0,0.0,0.0,True
train_oof,7178,0,0.0,0.0,True
train_oof,7179,0,0.0,0.0,True
train_oof,7180,0,0.0,0.0,True
train_oof,7181,0,0.0,0.0,True
train_oof,7182,0,0.0,0.0,True
train_oof,7183,0,0.0,0.0,True
train_oof,7184,0,0.0,0.0,True
train_oof,7185,0,0.0,-4.944620253164557e-05,True
train_oof,7186,0,0.0,0.0,True
train_oof,7187,0,0.0,0.0,True
train_oof,7188,0,0.0,0.0,True
train_oof,7189,0,0.0,0.0,True
train_oof,7190,0,0.0,0.0,True
train_oof,7191,0,0.0,0.0,True
train_oof,7192,0,0.0,0.0,True
train_oof,7193,0,0.0,0.0,True
train_oof,7194,0,0.0,0.0,True
train_oof,7195,0,0.0,0.0,True
train_oof,7196,0,0.0,0.0,True
train_oof,7197,0,0.0,0.0,True
train_oof,7198,0,0.0,0.0,True
train_oof,7199,0,0.0,0.0,True
train_oof,7200,0,0.0,0.0,True
train_oof,7201,0,0.0,0.0,True
train_oof,7202,0,0.0,0.0,True
train_oof,7203,0,0.0,0.0,True
train_oof,7204,0,0.0,0.0,True
train_oof,7205,0,0.0,0.0,True
train_oof,7206,0,0.0,0.0,True
train_oof,7207,0,0.0,0.0,True
train_oof,7208,0,0.0,0.0,True
train_oof,7209,0,0.0,0.0,True
train_oof,7210,0,0.0,0.0,True
train_oof,7211,0,0.0,0.0,True
train_oof,7212,0,0.0,0.0,True
train_oof,7213,0,0.0,0.0,True
train_oof,7214,0,0.0,0.0,True
train_oof,7215,0,0.0,0.0,True
train_oof,7216,0,0.0,0.0,True
train_oof,7217,0,0.0,0.0,True
train_oof,7218,-1,-1.0,-1.0,True
train_oof,7219,0,0.0,0.0,True
train_oof,7220,0,0.0,0.0,True
train_oof,7221,0,0.0,0.0,True
train_oof,7222,0,0.0,0.0,True
train_oof,7223,0,0.0,0.0,True
train_oof,7224,0,0.0,0.0,True
train_oof,7225,0,0.0,0.0,True
train_oof,7226,0,0.0,0.0,True
train_oof,7227,0,0.0,0.0,True
train_oof,7228,0,0.0,0.0,True
train_oof,7229,0,0.0,0.0,True
train_oof,7230,0,0.0,0.0,True
train_oof,7231,0,0.0,0.0,True
train_oof,7232,0,0.0,0.0,True
train_oof,7233,0,0.0,0.0,True
train_oof,7234,0,0.0,0.0,True
train_oof,7235,0,0.0,0.0,True
train_oof,7236,0,0.0,0.0,True
train_oof,7237,0,0.0,0.0,True
train_oof,7238,0,0.0,0.0,True
train_oof,7239,0,0.0,0.0,True
train_oof,7240,0,0.0,0.0,True
train_oof,7241,0,0.0,0.0,True
train_oof,7242,0,0.0,-0.003125,True
train_oof,7243,-1,,-0.9856770833333334,False
train_oof,7244,0,0.0,0.0,True
train_oof,7245,0,0.0,0.0,True
train_oof,7246,0,0.0,0.0,True
train_oof,7247,0,0.0,0.0,True
train_oof,7248,0,0.0,0.0,True
train_oof,7249,-1,-1.0,-1.0,True
train_oof,7250,0,0.0,0.0,True
train_oof,7251,0,0.0,0.0,True
train_oof,7252,0,0.0,0.0,True
train_oof,7253,0,0.0,0.0,True
train_oof,7254,0,0.0,0.0,True
train_oof,7255,0,0.0,0.0,True
train_oof,7256,0,0.0,0.0,True
train_oof,7257,0,0.0,0.0,True
train_oof,7258,0,0.0,0.0,True
train_oof,7259,0,0.0,0.0,True
train_oof,7260,0,0.0,0.0,True
train_oof,7261,0,0.0,0.0,True
train_oof,7262,-1,-1.0,-1.0,True
train_oof,7263,0,0.0,0.0,True
train_oof,7264,0,0.0,0.0,True
train_oof,7265,0,0.0,0.0,True
train_oof,7266,0,0.0,0.0,True
train_oof,7267,0,0.0,0.0,True
train_oof,7268,0,,-0.03984375,False
train_oof,7269,0,0.0,0.0,True
train_oof,7270,0,0.0,0.0,True
train_oof,7271,0,0.0,0.0,True
train_oof,7272,0,0.0,0.0,True
train_oof,7273,0,0.0,0.0,True
train_oof,7274,0,0.0,0.0,True
train_oof,7275,0,0.0,0.0,True
train_oof,7276,0,0.0,0.0,True
train_oof,7277,0,0.0,0.0,True
train_oof,7278,0,0.0,0.0,True
train_oof,7279,0,0.0,0.0,True
train_oof,7280,0,0.0,0.0,True
train_oof,7281,0,0.0,0.0,True
train_oof,7282,0,0.0,0.0,True
train_oof,7283,0,0.0,0.0,True
train_oof,7284,-1,-1.0,-1.0,True
train_oof,7285,0,0.0,0.0,True
train_oof,7286,0,0.0,0.0,True
train_oof,7287,0,0.0,0.0,True
train_oof,7288,0,0.0,0.0,True
train_oof,7289,0,0.0,0.0,True
train_oof,7290,0,0.0,0.0,True
train_oof,7291,0,0.0,0.0,True
train_oof,7292,0,0.0,0.0,True
train_oof,7293,0,0.0,0.0,True
train_oof,7294,0,0.0,0.0,True
train_oof,7295,0,0.0,-0.0026041666666666665,True
train_oof,7296,0,0.0,0.0,True
train_oof,7297,0,0.0,0.0,True
train_oof,7298,0,0.0,0.0,True
train_oof,7299,0,0.0,0.0,True
train_oof,7300,0,0.0,0.0,True
train_oof,7301,0,0.0,0.0,True
train_oof,7302,0,,0.0,False
train_oof,7303,0,0.0,0.0,True
train_oof,7304,0,0.0,0.0,True
train_oof,7305,0,0.0,0.0,True
train_oof,7306,0,0.0,0.0,True
train_oof,7307,0,0.0,0.0,True
train_oof,7308,0,0.0,0.0,True
train_oof,7309,0,0.0,0.0,True
train_oof,7310,0,0.0,0.0,True
train_oof,7311,0,0.0,0.0,True
train_oof,7312,0,0.0,0.0,True
train_oof,7313,0,0.0,0.0,True
train_oof,7314,0,0.0,0.0,True
train_oof,7315,0,0.0,0.0,True
train_oof,7316,0,0.0,0.0,True
train_oof,7317,0,0.0,0.0,True
train_oof,7318,0,0.0,0.0,True
train_oof,7319,0,0.0,0.0,True
train_oof,7320,0,0.0,0.0,True
train_oof,7321,0,0.0,0.0,True
train_oof,7322,0,0.0,0.0,True
train_oof,7323,0,0.0,0.0,True
train_oof,7324,0,0.0,0.0,True
train_oof,7325,0,0.0,-4.944620253164557e-05,True
train_oof,7326,0,0.0,0.0,True
train_oof,7327,0,0.0,0.0,True
train_oof,7328,0,0.0,0.0,True
train_oof,7329,0,0.0,0.0,True
train_oof,7330,0,0.0,0.0,True
train_oof,7331,0,0.0,0.0,True
train_oof,7332,0,0.0,0.0,True
train_oof,7333,0,0.0,0.0,True
train_oof,7334,0,0.0,-0.013020833333333332,True
train_oof,7335,0,0.0,0.0,True
train_oof,7336,0,0.0,0.0,True
train_oof,7337,0,0.0,0.0,True
train_oof,7338,0,0.0,0.0,True
train_oof,7339,0,0.0,0.0,True
train_oof,7340,0,0.0,0.0,True
train_oof,7341,0,0.0,0.0,True
train_oof,7342,0,0.0,0.0,True
train_oof,7343,0,0.0,0.0,True
train_oof,7344,0,0.0,0.0,True
train_oof,7345,0,0.0,-0.00390625,True
train_oof,7346,-2,,-1.4164062499999996,False
train_oof,7347,0,0.0,0.0,True
train_oof,7348,0,0.0,0.0,True
train_oof,7349,0,0.0,0.0,True
train_oof,7350,0,0.0,0.0,True
train_oof,7351,0,0.0,0.0,True
train_oof,7352,0,0.0,0.0,True
train_oof,7353,0,0.0,0.0,True
train_oof,7354,0,0.0,0.0,True
train_oof,7355,0,0.0,0.0,True
train_oof,7356,0,0.0,0.0,True
train_oof,7357,0,0.0,0.0,True
train_oof,7358,0,0.0,0.0,True
train_oof,7359,0,0.0,0.0,True
train_oof,7360,0,0.0,0.0,True
train_oof,7361,0,0.0,0.0,True
train_oof,7362,0,0.0,0.0,True
train_oof,7363,0,0.0,0.0,True
train_oof,7364,0,0.0,0.0,True
train_oof,7365,0,0.0,0.0,True
train_oof,7366,0,0.0,0.0,True
train_oof,7367,0,0.0,0.0,True
train_oof,7368,0,0.0,0.0,True
train_oof,7369,0,0.0,0.0,True
train_oof,7370,0,0.0,0.0,True
train_oof,7371,0,0.0,0.0,True
train_oof,7372,0,0.0,0.0,True
train_oof,7373,0,0.0,0.0,True
train_oof,7374,0,0.0,0.0,True
train_oof,7375,0,0.0,0.0,True
train_oof,7376,0,0.0,0.0,True
train_oof,7377,0,0.0,0.0,True
train_oof,7378,0,0.0,0.0,True
train_oof,7379,0,0.0,0.0,True
train_oof,7380,0,0.0,0.0,True
train_oof,7381,0,0.0,0.0,True
train_oof,7382,0,0.0,0.0,True
train_oof,7383,0,0.0,0.0,True
train_oof,7384,0,0.0,0.0,True
train_oof,7385,0,0.0,0.0,True
train_oof,7386,0,0.0,0.0,True
train_oof,7387,0,0.0,0.0,True
train_oof,7388,0,0.0,0.0,True
train_oof,7389,0,0.0,0.0,True
train_oof,7390,0,0.0,0.0,True
train_oof,7391,0,0.0,0.0,True
train_oof,7392,0,0.0,0.0,True
train_oof,7393,0,0.0,0.0,True
train_oof,7394,0,0.0,0.0,True
train_oof,7395,0,0.0,0.0,True
train_oof,7396,0,0.0,0.0,True
train_oof,7397,0,0.0,0.0,True
train_oof,7398,0,0.0,0.0,True
train_oof,7399,0,0.0,0.0,True
train_oof,7400,0,0.0,0.0,True
train_oof,7401,0,0.0,0.0,True
train_oof,7402,0,0.0,0.0,True
train_oof,7403,0,0.0,0.0,True
train_oof,7404,0,0.0,0.0,True
train_oof,7405,0,0.0,0.0,True
train_oof,7406,0,0.0,0.0,True
train_oof,7407,0,0.0,0.0,True
train_oof,7408,0,0.0,0.0,True
train_oof,7409,0,0.0,0.0,True
train_oof,7410,0,0.0,0.0,True
train_oof,7411,0,0.0,0.0,True
train_oof,7412,0,0.0,0.0,True
train_oof,7413,0,0.0,0.0,True
train_oof,7414,0,0.0,0.0,True
train_oof,7415,0,0.0,0.0,True
train_oof,7416,0,0.0,0.0,True
train_oof,7417,0,0.0,0.0,True
train_oof,7418,0,0.0,0.0,True
train_oof,7419,0,0.0,0.0,True
train_oof,7420,0,0.0,0.0,True
train_oof,7421,0,0.0,0.0,True
train_oof,7422,0,0.0,0.0,True
train_oof,7423,0,0.0,0.0,True
train_oof,7424,0,0.0,0.0,True
train_oof,7425,0,0.0,0.0,True
train_oof,7426,0,0.0,0.0,True
train_oof,7427,0,0.0,0.0,True
train_oof,7428,0,0.0,0.0,True
train_oof,7429,0,0.0,0.0,True
train_oof,7430,0,0.0,0.0,True
train_oof,7431,0,,0.0,False
train_oof,7432,0,0.0,0.0,True
train_oof,7433,0,0.0,0.0,True
train_oof,7434,0,0.0,0.0,True
train_oof,7435,0,0.0,0.0,True
train_oof,7436,0,0.0,0.0,True
train_oof,7437,0,0.0,0.0,True
train_oof,7438,0,0.0,0.0,True
train_oof,7439,0,0.0,0.0,True
train_oof,7440,0,0.0,0.0,True
train_oof,7441,0,0.0,0.0,True
train_oof,7442,0,0.0,0.0,True
train_oof,7443,0,0.0,0.0,True
train_oof,7444,0,0.0,0.0,True
train_oof,7445,0,0.0,0.0,True
train_oof,7446,0,0.0,0.0,True
train_oof,7447,0,0.0,0.0,True
train_oof,7448,0,0.0,0.0,True
train_oof,7449,0,0.0,0.0,True
train_oof,7450,0,0.0,0.0,True
train_oof,7451,0,0.0,0.0,True
train_oof,7452,0,0.0,0.0,True
train_oof,7453,0,0.0,0.0,True
train_oof,7454,0,0.0,0.0,True
train_oof,7455,0,0.0,0.0,True
train_oof,7456,0,0.0,0.0,True
train_oof,7457,0,0.0,0.0,True
train_oof,7458,0,0.0,0.0,True
train_oof,7459,0,0.0,0.0,True
train_oof,7460,0,0.0,0.0,True
train_oof,7461,0,0.0,0.0,True
train_oof,7462,0,0.0,0.0,True
train_oof,7463,0,0.0,0.0,True
train_oof,7464,0,0.0,0.0,True
train_oof,7465,0,0.0,0.0,True
train_oof,7466,0,0.0,0.0,True
train_oof,7467,0,0.0,0.0,True
train_oof,7468,0,0.0,0.0,True
train_oof,7469,0,0.0,0.0,True
train_oof,7470,0,0.0,0.0,True
train_oof,7471,0,0.0,0.0,True
train_oof,7472,0,0.0,0.0,True
train_oof,7473,0,0.0,0.0,True
train_oof,7474,0,0.0,0.0,True
train_oof,7475,0,0.0,0.0,True
train_oof,7476,-1,-1.0,-1.0,True
train_oof,7477,0,0.0,0.0,True
train_oof,7478,0,0.0,0.0,True
train_oof,7479,0,0.0,0.0,True
train_oof,7480,0,0.0,0.0,True
train_oof,7481,0,0.0,0.0,True
train_oof,7482,0,0.0,0.0,True
train_oof,7483,0,0.0,0.0,True
train_oof,7484,0,0.0,0.0,True
train_oof,7485,0,0.0,0.0,True
train_oof,7486,0,0.0,0.0,True
train_oof,7487,0,0.0,0.0,True
train_oof,7488,0,0.0,0.0,True
train_oof,7489,0,0.0,0.0,True
train_oof,7490,0,0.0,0.0,True
train_oof,7491,0,-1.0,-0.48833069620253117,True
train_oof,7492,0,0.0,0.0,True
train_oof,7493,0,0.0,0.0,True
train_oof,7494,0,0.0,0.0,True
train_oof,7495,0,0.0,0.0,True
train_oof,7496,0,0.0,0.0,True
train_oof,7497,0,0.0,-0.003125,True
train_oof,7498,0,0.0,0.0,True
train_oof,7499,0,0.0,0.0,True
train_oof,7500,0,0.0,0.0,True
train_oof,7501,0,0.0,0.0,True
train_oof,7502,0,0.0,0.0,True
train_oof,7503,0,0.0,0.0,True
train_oof,7504,0,0.0,0.0,True
train_oof,7505,0,0.0,0.0,True
train_oof,7506,0,0.0,0.0,True
train_oof,7507,-2,,-1.1150390625,False
train_oof,7508,0,0.0,0.0,True
train_oof,7509,0,,-0.09458705357142858,False
train_oof,7510,0,0.0,0.0,True
train_oof,7511,0,0.0,0.0,True
train_oof,7512,0,0.0,0.0,True
train_oof,7513,0,0.0,0.0,True
train_oof,7514,0,0.0,0.0,True
train_oof,7515,0,0.0,0.0,True
train_oof,7516,0,0.0,0.0,True
train_oof,7517,0,0.0,0.0,True
train_oof,7518,0,0.0,0.0,True
train_oof,7519,0,0.0,0.0,True
train_oof,7520,0,0.0,-0.00390625,True
train_oof,7521,0,0.0,0.0,True
train_oof,7522,0,0.0,0.0,True
train_oof,7523,0,0.0,0.0,True
train_oof,7524,0,0.0,0.0,True
train_oof,7525,-1,-1.0,-1.0,True
train_oof,7526,0,0.0,0.0,True
train_oof,7527,0,0.0,0.0,True
train_oof,7528,0,0.0,0.0,True
train_oof,7529,0,0.0,0.0,True
train_oof,7530,0,0.0,0.0,True
train_oof,7531,0,0.0,0.0,True
train_oof,7532,0,0.0,0.0,True
train_oof,7533,0,0.0,-0.0013020833333333333,True
train_oof,7534,0,0.0,0.0,True
train_oof,7535,0,0.0,0.0,True
train_oof,7536,0,0.0,0.0,True
train_oof,7537,0,0.0,0.0,True
train_oof,7538,0,0.0,0.0,True
train_oof,7539,0,0.0,0.0,True
train_oof,7540,0,0.0,0.0,True
train_oof,7541,0,0.0,0.0,True
train_oof,7542,0,0.0,0.0,True
train_oof,7543,-1,-1.0,-1.0,True
train_oof,7544,0,0.0,0.0,True
train_oof,7545,0,0.0,0.0,True
train_oof,7546,-1,-1.0,-1.0,True
train_oof,7547,0,0.0,0.0,True
train_oof,7548,0,0.0,0.0,True
train_oof,7549,0,0.0,0.0,True
train_oof,7550,0,0.0,0.0,True
train_oof,7551,0,0.0,0.0,True
train_oof,7552,0,0.0,0.0,True
train_oof,7553,0,0.0,0.0,True
train_oof,7554,0,0.0,0.0,True
train_oof,7555,0,0.0,0.0,True
train_oof,7556,0,0.0,0.0,True
train_oof,7557,0,0.0,0.0,True
train_oof,7558,0,0.0,0.0,True
train_oof,7559,0,0.0,0.0,True
train_oof,7560,0,0.0,0.0,True
train_oof,7561,0,0.0,0.0,True
train_oof,7562,0,0.0,0.0,True
train_oof,7563,0,0.0,0.0,True
train_oof,7564,0,0.0,0.0,True
train_oof,7565,0,0.0,0.0,True
train_oof,7566,-1,-1.0,-1.0,True
train_oof,7567,0,0.0,0.0,True
train_oof,7568,0,0.0,0.0,True
train_oof,7569,0,0.0,0.0,True
train_oof,7570,0,0.0,0.0,True
train_oof,7571,0,0.0,0.0,True
train_oof,7572,0,0.0,0.0,True
train_oof,7573,0,0.0,0.0,True
train_oof,7574,0,0.0,0.0,True
train_oof,7575,0,0.0,0.0,True
train_oof,7576,0,0.0,0.0,True
train_oof,7577,0,0.0,0.0,True
train_oof,7578,0,0.0,0.0,True
train_oof,7579,0,0.0,0.0,True
train_oof,7580,0,0.0,0.0,True
train_oof,7581,-1,-1.0,-1.0,True
train_oof,7582,0,0.0,0.0,True
train_oof,7583,0,0.0,0.0,True
train_oof,7584,0,0.0,0.0,True
train_oof,7585,0,,-0.2903645833333333,False
train_oof,7586,0,0.0,0.0,True
train_oof,7587,0,0.0,0.0,True
train_oof,7588,0,0.0,0.0,True
train_oof,7589,0,0.0,0.0,True
train_oof,7590,0,0.0,0.0,True
train_oof,7591,0,0.0,0.0,True
train_oof,7592,0,,0.0,False
train_oof,7593,-1,-1.0,-1.0,True
train_oof,7594,0,0.0,0.0,True
train_oof,7595,0,0.0,0.0,True
train_oof,7596,0,0.0,0.0,True
train_oof,7597,0,0.0,0.0,True
train_oof,7598,0,0.0,0.0,True
train_oof,7599,0,0.0,0.0,True
train_oof,7600,0,0.0,0.0,True
train_oof,7601,0,0.0,0.0,True
train_oof,7602,0,0.0,0.0,True
train_oof,7603,0,0.0,0.0,True
train_oof,7604,0,0.0,0.0,True
train_oof,7605,0,0.0,0.0,True
train_oof,7606,0,0.0,0.0,True
train_oof,7607,0,0.0,0.0,True
train_oof,7608,0,,-0.08756510416666664,False
train_oof,7609,0,0.0,0.0,True
train_oof,7610,0,0.0,0.0,True
train_oof,7611,0,0.0,0.0,True
train_oof,7612,0,0.0,0.0,True
train_oof,7613,0,0.0,0.0,True
train_oof,7614,0,0.0,0.0,True
train_oof,7615,0,0.0,0.0,True
train_oof,7616,0,0.0,0.0,True
train_oof,7617,0,0.0,0.0,True
train_oof,7618,0,0.0,0.0,True
train_oof,7619,0,0.0,0.0,True
train_oof,7620,0,0.0,0.0,True
train_oof,7621,0,0.0,0.0,True
train_oof,7622,0,0.0,0.0,True
train_oof,7623,0,0.0,0.0,True
train_oof,7624,0,0.0,0.0,True
train_oof,7625,0,0.0,0.0,True
train_oof,7626,0,0.0,0.0,True
train_oof,7627,0,0.0,0.0,True
train_oof,7628,0,0.0,0.0,True
train_oof,7629,0,0.0,0.0,True
train_oof,7630,0,0.0,0.0,True
train_oof,7631,0,0.0,0.0,True
train_oof,7632,0,0.0,0.0,True
train_oof,7633,0,0.0,0.0,True
train_oof,7634,0,0.0,0.0,True
train_oof,7635,0,0.0,0.0,True
train_oof,7636,0,0.0,0.0,True
train_oof,7637,0,0.0,0.0,True
train_oof,7638,0,0.0,0.0,True
train_oof,7639,-1,-1.0,-1.0,True
train_oof,7640,0,0.0,0.0,True
train_oof,7641,0,0.0,0.0,True
train_oof,7642,0,0.0,0.0,True
train_oof,7643,0,0.0,0.0,True
train_oof,7644,0,0.0,0.0,True
train_oof,7645,0,0.0,0.0,True
train_oof,7646,0,0.0,0.0,True
train_oof,7647,0,0.0,0.0,True
train_oof,7648,0,0.0,0.0,True
train_oof,7649,0,0.0,0.0,True
train_oof,7650,0,0.0,0.0,True
train_oof,7651,0,0.0,0.0,True
train_oof,7652,0,0.0,0.0,True
train_oof,7653,0,0.0,0.0,True
train_oof,7654,0,0.0,0.0,True
train_oof,7655,0,0.0,0.0,True
train_oof,7656,0,0.0,0.0,True
train_oof,7657,0,0.0,0.0,True
train_oof,7658,0,0.0,0.0,True
train_oof,7659,-2,,-1.96484375,False
train_oof,7660,0,,0.0,False
train_oof,7661,0,0.0,0.0,True
train_oof,7662,0,0.0,0.0,True
train_oof,7663,0,0.0,0.0,True
train_oof,7664,0,0.0,0.0,True
train_oof,7665,0,0.0,0.0,True
train_oof,7666,0,0.0,0.0,True
train_oof,7667,0,0.0,0.0,True
train_oof,7668,0,0.0,0.0,True
train_oof,7669,0,0.0,0.0,True
train_oof,7670,0,0.0,0.0,True
train_oof,7671,0,0.0,0.0,True
train_oof,7672,0,0.0,0.0,True
train_oof,7673,0,0.0,0.0,True
train_oof,7674,0,0.0,0.0,True
train_oof,7675,0,0.0,0.0,True
train_oof,7676,0,0.0,0.0,True
train_oof,7677,0,0.0,0.0,True
train_oof,7678,0,0.0,0.0,True
train_oof,7679,0,0.0,0.0,True
train_oof,7680,0,0.0,0.0,True
train_oof,7681,0,0.0,0.0,True
train_oof,7682,0,0.0,0.0,True
train_oof,7683,0,0.0,0.0,True
train_oof,7684,0,0.0,0.0,True
train_oof,7685,0,0.0,0.0,True
train_oof,7686,0,0.0,0.0,True
train_oof,7687,0,0.0,0.0,True
train_oof,7688,0,0.0,0.0,True
train_oof,7689,0,0.0,0.0,True
train_oof,7690,0,0.0,0.0,True
train_oof,7691,0,0.0,0.0,True
train_oof,7692,0,0.0,0.0,True
train_oof,7693,0,0.0,0.0,True
train_oof,7694,0,0.0,0.0,True
train_oof,7695,0,0.0,0.0,True
train_oof,7696,0,0.0,0.0,True
train_oof,7697,0,0.0,0.0,True
train_oof,7698,0,0.0,0.0,True
train_oof,7699,0,0.0,0.0,True
train_oof,7700,0,0.0,0.0,True
train_oof,7701,-1,-1.0,-1.0,True
train_oof,7702,0,0.0,0.0,True
train_oof,7703,0,0.0,0.0,True
train_oof,7704,0,0.0,0.0,True
train_oof,7705,0,0.0,0.0,True
train_oof,7706,0,0.0,0.0,True
train_oof,7707,0,0.0,0.0,True
train_oof,7708,-1,,-1.001953125,False
train_oof,7709,0,0.0,0.0,True
train_oof,7710,0,0.0,0.0,True
train_oof,7711,0,0.0,0.0,True
train_oof,7712,0,0.0,0.0,True
train_oof,7713,0,0.0,0.0,True
train_oof,7714,0,0.0,0.0,True
train_oof,7715,0,0.0,0.0,True
train_oof,7716,-2,-2.0,-1.9869791666666665,True
train_oof,7717,0,0.0,0.0,True
train_oof,7718,0,0.0,0.0,True
train_oof,7719,0,0.0,0.0,True
train_oof,7720,0,0.0,0.0,True
train_oof,7721,0,0.0,0.0,True
train_oof,7722,0,0.0,0.0,True
train_oof,7723,0,0.0,0.0,True
train_oof,7724,0,0.0,0.0,True
train_oof,7725,0,0.0,0.0,True
train_oof,7726,0,0.0,0.0,True
train_oof,7727,0,0.0,0.0,True
train_oof,7728,0,0.0,0.0,True
train_oof,7729,0,0.0,0.0,True
train_oof,7730,0,0.0,0.0,True
train_oof,7731,0,0.0,0.0,True
train_oof,7732,0,0.0,0.0,True
train_oof,7733,0,0.0,0.0,True
train_oof,7734,0,0.0,0.0,True
train_oof,7735,0,0.0,0.0,True
train_oof,7736,0,0.0,0.0,True
train_oof,7737,0,0.0,0.0,True
train_oof,7738,0,0.0,0.0,True
train_oof,7739,0,0.0,0.0,True
train_oof,7740,0,0.0,0.0,True
train_oof,7741,0,0.0,0.0,True
train_oof,7742,0,0.0,0.0,True
train_oof,7743,0,0.0,0.0,True
train_oof,7744,0,0.0,0.0,True
train_oof,7745,0,0.0,0.0,True
train_oof,7746,0,0.0,0.0,True
train_oof,7747,0,0.0,0.0,True
train_oof,7748,0,0.0,0.0,True
train_oof,7749,0,0.0,0.0,True
train_oof,7750,-2,,-2.30234375,False
train_oof,7751,0,0.0,0.0,True
train_oof,7752,0,,-0.028645833333333332,False
train_oof,7753,0,0.0,0.0,True
train_oof,7754,0,0.0,0.0,True
train_oof,7755,0,0.0,0.0,True
train_oof,7756,0,0.0,0.0,True
train_oof,7757,0,0.0,0.0,True
train_oof,7758,0,0.0,0.0,True
train_oof,7759,0,0.0,0.0,True
train_oof,7760,0,0.0,0.0,True
train_oof,7761,-1,-1.0,-1.0,True
train_oof,7762,-1,-1.0,-1.0,True
train_oof,7763,0,0.0,0.0,True
train_oof,7764,0,0.0,0.0,True
train_oof,7765,0,,0.0,False
train_oof,7766,0,0.0,0.0,True
train_oof,7767,0,0.0,0.0,True
train_oof,7768,0,0.0,0.0,True
train_oof,7769,0,0.0,0.0,True
train_oof,7770,0,0.0,0.0,True
train_oof,7771,0,0.0,0.0,True
train_oof,7772,0,0.0,0.0,True
train_oof,7773,0,0.0,0.0,True
train_oof,7774,0,0.0,0.0,True
train_oof,7775,0,0.0,0.0,True
train_oof,7776,0,0.0,0.0,True
train_oof,7777,0,0.0,0.0,True
train_oof,7778,0,0.0,0.0,True
train_oof,7779,0,0.0,0.0,True
train_oof,7780,0,0.0,0.0,True
train_oof,7781,0,0.0,0.0,True
train_oof,7782,0,0.0,0.0,True
train_oof,7783,0,0.0,0.0,True
train_oof,7784,0,0.0,0.0,True
train_oof,7785,0,,-1.6119791666666705,False
train_oof,7786,0,0.0,0.0,True
train_oof,7787,0,0.0,0.0,True
train_oof,7788,0,0.0,0.0,True
train_oof,7789,0,0.0,0.0,True
train_oof,7790,0,0.0,0.0,True
train_oof,7791,0,0.0,0.0,True
train_oof,7792,0,0.0,0.0,True
train_oof,7793,0,0.0,-0.0007626488095238095,True
train_oof,7794,0,0.0,0.0,True
train_oof,7795,0,0.0,0.0,True
train_oof,7796,0,0.0,0.0,True
train_oof,7797,0,0.0,0.0,True
train_oof,7798,0,0.0,0.0,True
train_oof,7799,0,0.0,0.0,True
train_oof,7800,0,0.0,0.0,True
train_oof,7801,0,0.0,0.0,True
train_oof,7802,0,0.0,0.0,True
train_oof,7803,0,0.0,0.0,True
train_oof,7804,-1,,-1.0,False
train_oof,7805,0,0.0,0.0,True
train_oof,7806,0,0.0,0.0,True
train_oof,7807,0,0.0,0.0,True
train_oof,7808,0,0.0,0.0,True
train_oof,7809,0,0.0,0.0,True
train_oof,7810,0,0.0,0.0,True
train_oof,7811,0,0.0,0.0,True
train_oof,7812,0,0.0,0.0,True
train_oof,7813,0,0.0,0.0,True
train_oof,7814,0,0.0,0.0,True
train_oof,7815,0,0.0,0.0,True
train_oof,7816,0,0.0,0.0,True
train_oof,7817,0,0.0,0.0,True
train_oof,7818,0,0.0,0.0,True
train_oof,7819,0,0.0,0.0,True
train_oof,7820,0,0.0,0.0,True
train_oof,7821,0,0.0,0.0,True
train_oof,7822,0,0.0,0.0,True
train_oof,7823,0,0.0,0.0,True
train_oof,7824,0,0.0,0.0,True
train_oof,7825,0,0.0,0.0,True
train_oof,7826,0,0.0,0.0,True
train_oof,7827,0,0.0,0.0,True
train_oof,7828,0,0.0,0.0,True
train_oof,7829,0,0.0,0.0,True
train_oof,7830,0,0.0,0.0,True
train_oof,7831,0,0.0,0.0,True
train_oof,7832,0,0.0,0.0,True
train_oof,7833,0,0.0,0.0,True
train_oof,7834,0,0.0,0.0,True
train_oof,7835,0,0.0,0.0,True
train_oof,7836,0,0.0,0.0,True
train_oof,7837,0,0.0,0.0,True
train_oof,7838,0,0.0,0.0,True
train_oof,7839,0,0.0,0.0,True
train_oof,7840,0,0.0,0.0,True
train_oof,7841,0,0.0,0.0,True
train_oof,7842,0,0.0,0.0,True
train_oof,7843,0,0.0,0.0,True
train_oof,7844,0,0.0,0.0,True
train_oof,7845,0,0.0,0.0,True
train_oof,7846,0,0.0,0.0,True
train_oof,7847,0,0.0,0.0,True
train_oof,7848,0,0.0,0.0,True
train_oof,7849,0,0.0,0.0,True
train_oof,7850,0,0.0,0.0,True
train_oof,7851,0,0.0,0.0,True
train_oof,7852,0,0.0,0.0,True
train_oof,7853,0,0.0,0.0,True
train_oof,7854,0,0.0,0.0,True
train_oof,7855,0,0.0,0.0,True
train_oof,7856,0,0.0,0.0,True
train_oof,7857,0,0.0,0.0,True
train_oof,7858,-1,-1.0,-1.0,True
train_oof,7859,0,0.0,0.0,True
train_oof,7860,0,0.0,0.0,True
train_oof,7861,0,0.0,0.0,True
train_oof,7862,0,0.0,0.0,True
train_oof,7863,0,0.0,0.0,True
train_oof,7864,0,0.0,0.0,True
train_oof,7865,0,0.0,0.0,True
train_oof,7866,0,0.0,0.0,True
train_oof,7867,0,0.0,0.0,True
train_oof,7868,0,0.0,0.0,True
train_oof,7869,0,0.0,0.0,True
train_oof,7870,0,0.0,0.0,True
train_oof,7871,0,0.0,0.0,True
train_oof,7872,0,0.0,0.0,True
train_oof,7873,0,0.0,0.0,True
train_oof,7874,0,0.0,0.0,True
train_oof,7875,0,0.0,0.0,True
train_oof,7876,0,0.0,0.0,True
train_oof,7877,0,0.0,0.0,True
train_oof,7878,0,0.0,0.0,True
train_oof,7879,0,0.0,0.0,True
train_oof,7880,-1,,-1.00390625,False
train_oof,7881,0,0.0,0.0,True
train_oof,7882,0,0.0,0.0,True
train_oof,7883,-1,-1.0,-1.0,True
train_oof,7884,0,0.0,0.0,True
train_oof,7885,0,0.0,0.0,True
train_oof,7886,0,0.0,0.0,True
train_oof,7887,0,0.0,0.0,True
train_oof,7888,0,0.0,0.0,True
train_oof,7889,0,,0.0,False
train_oof,7890,0,0.0,0.0,True
train_oof,7891,0,0.0,0.0,True
train_oof,7892,0,0.0,0.0,True
train_oof,7893,0,0.0,0.0,True
train_oof,7894,0,0.0,0.0,True
train_oof,7895,0,0.0,-0.19205729166666669,True
train_oof,7896,0,0.0,0.0,True
train_oof,7897,0,0.0,0.0,True
train_oof,7898,0,0.0,0.0,True
train_oof,7899,0,0.0,0.0,True
train_oof,7900,0,0.0,0.0,True
train_oof,7901,0,0.0,0.0,True
train_oof,7902,0,0.0,0.0,True
train_oof,7903,0,0.0,0.0,True
train_oof,7904,0,0.0,0.0,True
train_oof,7905,0,0.0,0.0,True
train_oof,7906,0,0.0,0.0,True
train_oof,7907,0,0.0,0.0,True
train_oof,7908,0,0.0,0.0,True
train_oof,7909,0,0.0,0.0,True
train_oof,7910,0,0.0,0.0,True
train_oof,7911,0,0.0,0.0,True
train_oof,7912,0,0.0,0.0,True
train_oof,7913,-1,,-0.984375,False
train_oof,7914,0,0.0,0.0,True
train_oof,7915,0,0.0,0.0,True
train_oof,7916,0,0.0,0.0,True
train_oof,7917,0,0.0,0.0,True
train_oof,7918,0,0.0,0.0,True
train_oof,7919,0,0.0,0.0,True
train_oof,7920,0,0.0,0.0,True
train_oof,7921,0,0.0,0.0,True
train_oof,7922,0,0.0,0.0,True
train_oof,7923,0,0.0,0.0,True
train_oof,7924,0,0.0,0.0,True
train_oof,7925,0,0.0,0.0,True
train_oof,7926,0,0.0,0.0,True
train_oof,7927,0,0.0,0.0,True
train_oof,7928,0,,0.0,False
train_oof,7929,0,0.0,0.0,True
train_oof,7930,0,0.0,0.0,True
train_oof,7931,0,0.0,0.0,True
train_oof,7932,0,0.0,0.0,True
train_oof,7933,0,0.0,0.0,True
train_oof,7934,0,0.0,0.0,True
train_oof,7935,0,0.0,0.0,True
train_oof,7936,0,0.0,-4.944620253164557e-05,True
train_oof,7937,0,0.0,0.0,True
train_oof,7938,0,0.0,0.0,True
train_oof,7939,0,0.0,0.0,True
train_oof,7940,0,0.0,0.0,True
train_oof,7941,0,0.0,0.0,True
train_oof,7942,0,0.0,0.0,True
train_oof,7943,0,0.0,0.0,True
train_oof,7944,0,0.0,0.0,True
train_oof,7945,0,0.0,0.0,True
train_oof,7946,0,0.0,0.0,True
train_oof,7947,0,0.0,0.0,True
train_oof,7948,0,0.0,0.0,True
train_oof,7949,0,0.0,0.0,True
train_oof,7950,0,0.0,0.0,True
train_oof,7951,0,0.0,0.0,True
train_oof,7952,0,0.0,0.0,True
train_oof,7953,0,0.0,0.0,True
train_oof,7954,0,0.0,0.0,True
train_oof,7955,0,0.0,0.0,True
train_oof,7956,0,0.0,0.0,True
train_oof,7957,0,0.0,0.0,True
train_oof,7958,0,0.0,0.0,True
train_oof,7959,0,0.0,0.0,True
train_oof,7960,0,0.0,0.0,True
train_oof,7961,0,0.0,0.0,True
train_oof,7962,0,0.0,0.0,True
train_oof,7963,0,0.0,0.0,True
train_oof,7964,0,0.0,0.0,True
train_oof,7965,0,0.0,0.0,True
train_oof,7966,0,0.0,0.0,True
train_oof,7967,0,0.0,0.0,True
train_oof,7968,0,0.0,0.0,True
train_oof,7969,0,0.0,0.0,True
train_oof,7970,0,0.0,0.0,True
train_oof,7971,0,0.0,0.0,True
train_oof,7972,0,0.0,0.0,True
train_oof,7973,0,0.0,0.0,True
train_oof,7974,0,0.0,0.0,True
train_oof,7975,0,0.0,0.0,True
train_oof,7976,0,0.0,0.0,True
train_oof,7977,0,0.0,0.0,True
train_oof,7978,0,0.0,0.0,True
train_oof,7979,0,0.0,0.0,True
train_oof,7980,0,0.0,0.0,True
train_oof,7981,-1,-1.0,-1.0,True
train_oof,7982,0,0.0,0.0,True
train_oof,7983,0,0.0,0.0,True
train_oof,7984,0,0.0,0.0,True
train_oof,7985,0,0.0,0.0,True
train_oof,7986,0,0.0,0.0,True
train_oof,7987,0,0.0,0.0,True
train_oof,7988,0,0.0,0.0,True
train_oof,7989,0,0.0,0.0,True
train_oof,7990,0,0.0,0.0,True
train_oof,7991,0,0.0,0.0,True
train_oof,7992,0,0.0,0.0,True
train_oof,7993,0,0.0,0.0,True
train_oof,7994,0,0.0,0.0,True
train_oof,7995,0,0.0,0.0,True
train_oof,7996,0,0.0,0.0,True
train_oof,7997,0,0.0,0.0,True
train_oof,7998,0,0.0,0.0,True
train_oof,7999,0,0.0,0.0,True
train_oof,8000,0,0.0,0.0,True
train_oof,8001,0,0.0,0.0,True
train_oof,8002,0,0.0,0.0,True
train_oof,8003,0,0.0,0.0,True
train_oof,8004,0,0.0,0.0,True
train_oof,8005,0,0.0,0.0,True
train_oof,8006,0,0.0,0.0,True
train_oof,8007,0,0.0,0.0,True
train_oof,8008,0,0.0,0.0,True
train_oof,8009,0,0.0,0.0,True
train_oof,8010,0,0.0,0.0,True
train_oof,8011,0,0.0,0.0,True
train_oof,8012,0,0.0,0.0,True
train_oof,8013,0,0.0,0.0,True
train_oof,8014,0,0.0,0.0,True
train_oof,8015,0,0.0,0.0,True
train_oof,8016,0,0.0,0.0,True
train_oof,8017,0,0.0,0.0,True
train_oof,8018,0,0.0,0.0,True
train_oof,8019,0,0.0,0.0,True
train_oof,8020,0,0.0,0.0,True
train_oof,8021,0,0.0,0.0,True
train_oof,8022,0,0.0,0.0,True
train_oof,8023,0,0.0,0.0,True
train_oof,8024,0,0.0,0.0,True
train_oof,8025,0,0.0,0.0,True
train_oof,8026,-1,,-0.998046875,False
train_oof,8027,0,0.0,0.0,True
train_oof,8028,0,0.0,0.0,True
train_oof,8029,0,0.0,0.0,True
train_oof,8030,0,0.0,0.0,True
train_oof,8031,0,0.0,0.0,True
train_oof,8032,0,0.0,0.0,True
train_oof,8033,0,0.0,0.0,True
train_oof,8034,0,0.0,0.0,True
train_oof,8035,0,0.0,0.0,True
train_oof,8036,0,0.0,0.0,True
train_oof,8037,-1,,-1.0,False
train_oof,8038,0,0.0,0.0,True
train_oof,8039,-1,-1.0,-1.0,True
train_oof,8040,0,0.0,0.0,True
train_oof,8041,0,0.0,0.0,True
train_oof,8042,0,0.0,0.0,True
train_oof,8043,0,0.0,0.0,True
train_oof,8044,0,0.0,0.0,True
train_oof,8045,0,0.0,0.0,True
train_oof,8046,0,0.0,0.0,True
train_oof,8047,0,0.0,0.0,True
train_oof,8048,0,0.0,0.0,True
train_oof,8049,0,0.0,-4.944620253164557e-05,True
train_oof,8050,-1,-1.0,-1.0,True
train_oof,8051,0,0.0,0.0,True
train_oof,8052,0,0.0,0.0,True
train_oof,8053,0,0.0,0.0,True
train_oof,8054,0,0.0,0.0,True
train_oof,8055,0,0.0,0.0,True
train_oof,8056,0,,0.0,False
train_oof,8057,0,0.0,0.0,True
train_oof,8058,0,0.0,0.0,True
train_oof,8059,0,0.0,-4.944620253164557e-05,True
train_oof,8060,0,0.0,0.0,True
train_oof,8061,0,0.0,0.0,True
train_oof,8062,0,,-0.040364583333333336,False
train_oof,8063,0,0.0,0.0,True
train_oof,8064,0,0.0,0.0,True
train_oof,8065,0,0.0,0.0,True
train_oof,8066,0,0.0,0.0,True
train_oof,8067,0,0.0,0.0,True
train_oof,8068,0,0.0,0.0,True
train_oof,8069,0,0.0,0.0,True
train_oof,8070,0,0.0,0.0,True
train_oof,8071,0,0.0,0.0,True
train_oof,8072,0,0.0,0.0,True
train_oof,8073,0,0.0,0.0,True
train_oof,8074,0,0.0,0.0,True
train_oof,8075,0,0.0,0.0,True
train_oof,8076,0,0.0,0.0,True
train_oof,8077,0,0.0,0.0,True
train_oof,8078,-1,-1.0,-1.0,True
train_oof,8079,0,0.0,0.0,True
train_oof,8080,0,0.0,0.0,True
train_oof,8081,0,0.0,0.0,True
train_oof,8082,0,0.0,0.0,True
train_oof,8083,0,0.0,0.0,True
train_oof,8084,0,0.0,0.0,True
train_oof,8085,0,0.0,0.0,True
train_oof,8086,0,0.0,0.0,True
train_oof,8087,0,0.0,0.0,True
train_oof,8088,0,0.0,0.0,True
train_oof,8089,0,0.0,0.0,True
train_oof,8090,0,0.0,0.0,True
train_oof,8091,0,0.0,-0.003125,True
train_oof,8092,0,0.0,0.0,True
train_oof,8093,0,0.0,0.0,True
train_oof,8094,0,0.0,0.0,True
train_oof,8095,0,0.0,0.0,True
train_oof,8096,0,0.0,0.0,True
train_oof,8097,0,0.0,0.0,True
train_oof,8098,0,0.0,0.0,True
train_oof,8099,0,0.0,0.0,True
train_oof,8100,0,0.0,0.0,True
train_oof,8101,-1,-1.0,-1.0,True
train_oof,8102,-1,-1.0,-1.0,True
train_oof,8103,0,0.0,0.0,True
train_oof,8104,0,0.0,0.0,True
train_oof,8105,0,0.0,0.0,True
train_oof,8106,0,0.0,0.0,True
train_oof,8107,0,0.0,0.0,True
train_oof,8108,0,0.0,0.0,True
train_oof,8109,0,0.0,0.0,True
train_oof,8110,0,0.0,0.0,True
train_oof,8111,-1,,-0.986328125,False
train_oof,8112,0,0.0,0.0,True
train_oof,8113,-1,-1.0,-1.0,True
train_oof,8114,0,0.0,0.0,True
train_oof,8115,0,0.0,0.0,True
train_oof,8116,0,0.0,0.0,True
train_oof,8117,0,0.0,0.0,True
train_oof,8118,0,0.0,0.0,True
train_oof,8119,0,0.0,-0.02734375,True
train_oof,8120,-1,-1.0,-1.0,True
train_oof,8121,0,0.0,0.0,True
train_oof,8122,0,0.0,0.0,True
train_oof,8123,0,0.0,0.0,True
train_oof,8124,0,0.0,0.0,True
train_oof,8125,0,0.0,0.0,True
train_oof,8126,0,0.0,0.0,True
train_oof,8127,-2,-2.0,-1.7101190476190478,True
train_oof,8128,0,0.0,0.0,True
train_oof,8129,0,0.0,0.0,True
train_oof,8130,0,0.0,0.0,True
train_oof,8131,0,0.0,0.0,True
train_oof,8132,0,0.0,0.0,True
train_oof,8133,0,0.0,0.0,True
train_oof,8134,0,0.0,0.0,True
train_oof,8135,0,0.0,0.0,True
train_oof,8136,0,0.0,0.0,True
train_oof,8137,-2,,-1.2721354166666665,False
train_oof,8138,0,0.0,0.0,True
train_oof,8139,0,0.0,0.0,True
train_oof,8140,0,0.0,0.0,True
train_oof,8141,0,0.0,0.0,True
train_oof,8142,0,0.0,0.0,True
train_oof,8143,0,0.0,0.0,True
train_oof,8144,0,0.0,0.0,True
train_oof,8145,0,0.0,0.0,True
train_oof,8146,0,0.0,0.0,True
train_oof,8147,0,0.0,0.0,True
train_oof,8148,0,0.0,0.0,True
train_oof,8149,0,0.0,0.0,True
train_oof,8150,0,0.0,0.0,True
train_oof,8151,0,0.0,0.0,True
train_oof,8152,0,0.0,0.0,True
train_oof,8153,0,0.0,0.0,True
train_oof,8154,0,0.0,0.0,True
train_oof,8155,0,0.0,0.0,True
train_oof,8156,0,0.0,0.0,True
train_oof,8157,0,0.0,0.0,True
train_oof,8158,0,0.0,0.0,True
train_oof,8159,0,0.0,0.0,True
train_oof,8160,-1,-1.0,-1.0,True
train_oof,8161,-1,-1.0,-1.0,True
train_oof,8162,0,0.0,0.0,True
train_oof,8163,0,0.0,0.0,True
train_oof,8164,0,0.0,0.0,True
train_oof,8165,0,0.0,0.0,True
train_oof,8166,0,0.0,0.0,True
train_oof,8167,0,0.0,0.0,True
train_oof,8168,0,0.0,0.0,True
train_oof,8169,0,0.0,0.0,True
train_oof,8170,0,0.0,0.0,True
train_oof,8171,0,0.0,0.0,True
train_oof,8172,0,0.0,0.0,True
train_oof,8173,-1,-1.0,-1.003125,True
train_oof,8174,0,0.0,0.0,True
train_oof,8175,0,0.0,0.0,True
train_oof,8176,0,0.0,0.0,True
train_oof,8177,0,0.0,0.0,True
train_oof,8178,0,0.0,0.0,True
train_oof,8179,0,0.0,0.0,True
train_oof,8180,0,0.0,0.0,True
train_oof,8181,0,0.0,0.0,True
train_oof,8182,0,0.0,0.0,True
train_oof,8183,0,0.0,0.0,True
train_oof,8184,0,0.0,0.0,True
train_oof,8185,0,0.0,0.0,True
train_oof,8186,-1,-1.0,-1.0,True
train_oof,8187,0,0.0,0.0,True
train_oof,8188,0,0.0,0.0,True
train_oof,8189,0,0.0,0.0,True
train_oof,8190,0,0.0,0.0,True
train_oof,8191,0,0.0,0.0,True
train_oof,8192,0,0.0,0.0,True
train_oof,8193,0,0.0,0.0,True
train_oof,8194,0,0.0,-4.944620253164557e-05,True
train_oof,8195,0,0.0,0.0,True
train_oof,8196,0,0.0,0.0,True
train_oof,8197,0,0.0,0.0,True
train_oof,8198,0,0.0,0.0,True
train_oof,8199,0,0.0,0.0,True
train_oof,8200,0,0.0,0.0,True
train_oof,8201,0,0.0,0.0,True
train_oof,8202,0,0.0,0.0,True
train_oof,8203,0,0.0,0.0,True
train_oof,8204,0,0.0,0.0,True
train_oof,8205,0,0.0,0.0,True
train_oof,8206,-1,-1.0,-1.0,True
train_oof,8207,0,0.0,0.0,True
train_oof,8208,0,0.0,0.0,True
train_oof,8209,0,0.0,0.0,True
train_oof,8210,0,0.0,0.0,True
train_oof,8211,0,0.0,0.0,True
train_oof,8212,0,0.0,0.0,True
train_oof,8213,0,0.0,0.0,True
train_oof,8214,0,0.0,0.0,True
train_oof,8215,0,0.0,0.0,True
train_oof,8216,0,0.0,0.0,True
train_oof,8217,0,0.0,0.0,True
train_oof,8218,0,0.0,0.0,True
train_oof,8219,0,0.0,0.0,True
train_oof,8220,0,0.0,0.0,True
train_oof,8221,0,0.0,0.0,True
train_oof,8222,-1,-1.0,-1.0,True
train_oof,8223,0,0.0,0.0,True
train_oof,8224,0,0.0,0.0,True
train_oof,8225,0,0.0,0.0,True
train_oof,8226,0,0.0,0.0,True
train_oof,8227,0,0.0,0.0,True
train_oof,8228,0,0.0,0.0,True
train_oof,8229,-1,-1.0,-1.0,True
train_oof,8230,0,0.0,0.0,True
train_oof,8231,0,0.0,0.0,True
train_oof,8232,0,0.0,0.0,True
train_oof,8233,0,0.0,0.0,True
train_oof,8234,0,0.0,0.0,True
train_oof,8235,0,0.0,0.0,True
train_oof,8236,0,0.0,0.0,True
train_oof,8237,0,0.0,0.0,True
train_oof,8238,0,0.0,0.0,True
train_oof,8239,0,0.0,-4.944620253164557e-05,True
train_oof,8240,0,0.0,0.0,True
train_oof,8241,0,0.0,0.0,True
train_oof,8242,0,0.0,0.0,True
train_oof,8243,0,0.0,0.0,True
train_oof,8244,0,0.0,0.0,True
train_oof,8245,0,0.0,0.0,True
train_oof,8246,0,0.0,0.0,True
train_oof,8247,0,0.0,0.0,True
train_oof,8248,0,0.0,0.0,True
train_oof,8249,0,0.0,0.0,True
train_oof,8250,0,0.0,0.0,True
train_oof,8251,0,0.0,0.0,True
train_oof,8252,0,0.0,0.0,True
train_oof,8253,0,0.0,0.0,True
train_oof,8254,0,0.0,0.0,True
train_oof,8255,0,0.0,0.0,True
train_oof,8256,0,0.0,0.0,True
train_oof,8257,0,0.0,0.0,True
train_oof,8258,0,0.0,0.0,True
train_oof,8259,-1,-1.0,-1.0,True
train_oof,8260,0,0.0,0.0,True
train_oof,8261,0,0.0,0.0,True
train_oof,8262,0,0.0,0.0,True
train_oof,8263,0,0.0,0.0,True
train_oof,8264,0,0.0,0.0,True
train_oof,8265,0,0.0,0.0,True
train_oof,8266,0,0.0,0.0,True
train_oof,8267,0,0.0,0.0,True
train_oof,8268,0,0.0,0.0,True
train_oof,8269,0,0.0,0.0,True
train_oof,8270,0,0.0,0.0,True
train_oof,8271,0,0.0,0.0,True
train_oof,8272,0,0.0,0.0,True
train_oof,8273,0,0.0,0.0,True
train_oof,8274,0,0.0,0.0,True
train_oof,8275,0,0.0,0.0,True
train_oof,8276,0,0.0,0.0,True
train_oof,8277,0,0.0,0.0,True
train_oof,8278,-1,-1.0,-1.0,True
train_oof,8279,0,0.0,0.0,True
train_oof,8280,0,0.0,0.0,True
train_oof,8281,0,0.0,0.0,True
train_oof,8282,0,0.0,0.0,True
train_oof,8283,0,0.0,-0.016015625,True
train_oof,8284,0,0.0,0.0,True
train_oof,8285,0,0.0,0.0,True
train_oof,8286,0,0.0,0.0,True
train_oof,8287,0,0.0,0.0,True
train_oof,8288,0,0.0,0.0,True
train_oof,8289,0,0.0,0.0,True
train_oof,8290,0,0.0,0.0,True
train_oof,8291,0,0.0,0.0,True
train_oof,8292,0,0.0,0.0,True
train_oof,8293,0,0.0,0.0,True
train_oof,8294,0,0.0,0.0,True
train_oof,8295,0,0.0,0.0,True
train_oof,8296,0,0.0,0.0,True
train_oof,8297,0,0.0,0.0,True
train_oof,8298,0,0.0,0.0,True
train_oof,8299,0,0.0,0.0,True
train_oof,8300,0,0.0,0.0,True
train_oof,8301,0,0.0,0.0,True
train_oof,8302,0,0.0,0.0,True
train_oof,8303,0,0.0,0.0,True
train_oof,8304,0,0.0,0.0,True
train_oof,8305,0,0.0,0.0,True
train_oof,8306,0,0.0,0.0,True
train_oof,8307,0,0.0,0.0,True
train_oof,8308,0,0.0,0.0,True
train_oof,8309,0,0.0,0.0,True
train_oof,8310,-1,-1.0,-1.0,True
train_oof,8311,0,0.0,0.0,True
train_oof,8312,0,0.0,0.0,True
train_oof,8313,0,0.0,0.0,True
train_oof,8314,-1,-1.0,-1.0,True
train_oof,8315,0,0.0,0.0,True
train_oof,8316,0,0.0,0.0,True
train_oof,8317,0,0.0,0.0,True
train_oof,8318,0,0.0,0.0,True
train_oof,8319,0,0.0,0.0,True
train_oof,8320,-1,-1.0,-1.0,True
train_oof,8321,0,0.0,-4.944620253164557e-05,True
train_oof,8322,0,0.0,0.0,True
train_oof,8323,-1,,-1.0,False
train_oof,8324,0,0.0,0.0,True
train_oof,8325,0,,-2.0739583333333336,False
train_oof,8326,0,0.0,0.0,True
train_oof,8327,0,0.0,0.0,True
train_oof,8328,0,0.0,0.0,True
train_oof,8329,0,0.0,0.0,True
train_oof,8330,0,0.0,0.0,True
train_oof,8331,0,0.0,0.0,True
train_oof,8332,0,,-0.035807291666666664,False
train_oof,8333,0,0.0,0.0,True
train_oof,8334,0,0.0,0.0,True
train_oof,8335,0,0.0,0.0,True
train_oof,8336,0,0.0,0.0,True
train_oof,8337,0,0.0,0.0,True
train_oof,8338,0,0.0,0.0,True
train_oof,8339,0,0.0,0.0,True
train_oof,8340,0,0.0,0.0,True
train_oof,8341,0,0.0,0.0,True
train_oof,8342,0,0.0,0.0,True
train_oof,8343,0,0.0,0.0,True
train_oof,8344,0,0.0,0.0,True
train_oof,8345,0,0.0,0.0,True
train_oof,8346,0,0.0,0.0,True
train_oof,8347,0,0.0,0.0,True
train_oof,8348,0,0.0,0.0,True
train_oof,8349,0,0.0,0.0,True
train_oof,8350,0,0.0,0.0,True
train_oof,8351,0,0.0,0.0,True
train_oof,8352,0,0.0,0.0,True
train_oof,8353,0,0.0,0.0,True
train_oof,8354,-1,,-1.0,False
train_oof,8355,0,0.0,0.0,True
train_oof,8356,0,0.0,0.0,True
train_oof,8357,0,0.0,0.0,True
train_oof,8358,0,0.0,0.0,True
train_oof,8359,0,0.0,0.0,True
train_oof,8360,0,0.0,0.0,True
train_oof,8361,0,0.0,0.0,True
train_oof,8362,0,0.0,0.0,True
train_oof,8363,0,0.0,0.0,True
train_oof,8364,-1,,-1.0,False
train_oof,8365,0,0.0,0.0,True
train_oof,8366,0,0.0,0.0,True
train_oof,8367,0,0.0,0.0,True
train_oof,8368,-1,-1.0,-1.0,True
train_oof,8369,0,0.0,0.0,True
train_oof,8370,0,0.0,0.0,True
train_oof,8371,0,0.0,0.0,True
train_oof,8372,0,0.0,0.0,True
train_oof,8373,0,0.0,0.0,True
train_oof,8374,0,,-0.4531250000000002,False
train_oof,8375,0,0.0,0.0,True
train_oof,8376,0,0.0,0.0,True
train_oof,8377,0,0.0,0.0,True
train_oof,8378,0,0.0,0.0,True
train_oof,8379,0,0.0,0.0,True
train_oof,8380,0,0.0,0.0,True
train_oof,8381,0,0.0,0.0,True
train_oof,8382,0,0.0,0.0,True
train_oof,8383,0,0.0,0.0,True
train_oof,8384,0,0.0,0.0,True
train_oof,8385,0,0.0,0.0,True
train_oof,8386,0,0.0,0.0,True
train_oof,8387,0,0.0,0.0,True
train_oof,8388,0,0.0,0.0,True
train_oof,8389,0,0.0,0.0,True
train_oof,8390,0,0.0,0.0,True
train_oof,8391,0,0.0,0.0,True
train_oof,8392,0,0.0,0.0,True
train_oof,8393,0,0.0,0.0,True
train_oof,8394,0,0.0,0.0,True
train_oof,8395,0,0.0,0.0,True
train_oof,8396,0,0.0,0.0,True
train_oof,8397,0,0.0,0.0,True
train_oof,8398,0,0.0,0.0,True
train_oof,8399,0,0.0,0.0,True
train_oof,8400,0,0.0,0.0,True
train_oof,8401,0,,0.0,False
train_oof,8402,0,0.0,0.0,True
train_oof,8403,0,0.0,0.0,True
train_oof,8404,0,0.0,0.0,True
train_oof,8405,0,0.0,0.0,True
train_oof,8406,0,0.0,0.0,True
train_oof,8407,0,0.0,0.0,True
train_oof,8408,0,0.0,0.0,True
train_oof,8409,0,0.0,0.0,True
train_oof,8410,0,0.0,0.0,True
train_oof,8411,0,0.0,0.0,True
train_oof,8412,0,0.0,0.0,True
train_oof,8413,0,0.0,0.0,True
train_oof,8414,0,0.0,0.0,True
train_oof,8415,0,0.0,0.0,True
train_oof,8416,0,0.0,0.0,True
train_oof,8417,0,0.0,-0.0016163793103448276,True
train_oof,8418,0,0.0,0.0,True
train_oof,8419,0,,-0.19856770833333334,False
train_oof,8420,0,0.0,0.0,True
train_oof,8421,0,0.0,0.0,True
train_oof,8422,0,0.0,0.0,True
train_oof,8423,0,0.0,0.0,True
train_oof,8424,0,0.0,0.0,True
train_oof,8425,0,0.0,0.0,True
train_oof,8426,0,0.0,0.0,True
train_oof,8427,0,0.0,0.0,True
train_oof,8428,0,0.0,0.0,True
train_oof,8429,0,0.0,0.0,True
train_oof,8430,0,0.0,0.0,True
train_oof,8431,0,0.0,0.0,True
train_oof,8432,0,0.0,0.0,True
train_oof,8433,0,0.0,0.0,True
train_oof,8434,0,0.0,0.0,True
train_oof,8435,0,0.0,0.0,True
train_oof,8436,0,0.0,0.0,True
train_oof,8437,0,0.0,0.0,True
train_oof,8438,0,0.0,0.0,True
train_oof,8439,-1,,-1.0,False
train_oof,8440,0,,0.0,False
train_oof,8441,0,0.0,0.0,True
train_oof,8442,0,0.0,0.0,True
train_oof,8443,0,0.0,0.0,True
train_oof,8444,0,0.0,0.0,True
train_oof,8445,0,0.0,0.0,True
train_oof,8446,-2,,-1.559077380952381,False
train_oof,8447,0,0.0,0.0,True
train_oof,8448,0,0.0,0.0,True
train_oof,8449,0,0.0,0.0,True
train_oof,8450,0,0.0,0.0,True
train_oof,8451,0,0.0,0.0,True
train_oof,8452,0,0.0,0.0,True
train_oof,8453,0,0.0,0.0,True
train_oof,8454,0,0.0,0.0,True
train_oof,8455,0,0.0,0.0,True
train_oof,8456,0,0.0,0.0,True
train_oof,8457,0,0.0,0.0,True
train_oof,8458,0,0.0,0.0,True
train_oof,8459,0,0.0,0.0,True
train_oof,8460,0,0.0,0.0,True
train_oof,8461,0,0.0,0.0,True
train_oof,8462,0,0.0,0.0,True
train_oof,8463,0,0.0,0.0,True
train_oof,8464,0,0.0,0.0,True
train_oof,8465,0,0.0,0.0,True
train_oof,8466,0,0.0,0.0,True
train_oof,8467,0,0.0,0.0,True
train_oof,8468,0,0.0,0.0,True
train_oof,8469,0,0.0,0.0,True
train_oof,8470,-1,-1.0,-1.0,True
train_oof,8471,0,0.0,0.0,True
train_oof,8472,0,0.0,0.0,True
train_oof,8473,0,0.0,0.0,True
train_oof,8474,0,0.0,0.0,True
train_oof,8475,0,0.0,0.0,True
train_oof,8476,0,0.0,0.0,True
train_oof,8477,0,0.0,0.0,True
train_oof,8478,0,0.0,0.0,True
train_oof,8479,0,0.0,0.0,True
train_oof,8480,0,0.0,0.0,True
train_oof,8481,0,0.0,0.0,True
train_oof,8482,0,0.0,0.0,True
train_oof,8483,0,0.0,0.0,True
train_oof,8484,0,0.0,0.0,True
train_oof,8485,0,0.0,0.0,True
train_oof,8486,0,0.0,0.0,True
train_oof,8487,0,0.0,0.0,True
train_oof,8488,0,0.0,0.0,True
train_oof,8489,-2,,-1.4580078125000004,False
train_oof,8490,0,0.0,0.0,True
train_oof,8491,0,0.0,0.0,True
train_oof,8492,-1,,-1.0,False
train_oof,8493,0,0.0,0.0,True
train_oof,8494,0,0.0,0.0,True
train_oof,8495,0,0.0,0.0,True
train_oof,8496,0,0.0,0.0,True
train_oof,8497,0,0.0,0.0,True
train_oof,8498,0,0.0,0.0,True
train_oof,8499,0,0.0,0.0,True
train_oof,8500,0,0.0,0.0,True
train_oof,8501,0,0.0,0.0,True
train_oof,8502,0,0.0,0.0,True
train_oof,8503,0,0.0,0.0,True
train_oof,8504,0,0.0,0.0,True
train_oof,8505,0,0.0,0.0,True
train_oof,8506,0,0.0,0.0,True
train_oof,8507,0,0.0,0.0,True
train_oof,8508,0,0.0,0.0,True
train_oof,8509,0,0.0,0.0,True
train_oof,8510,0,0.0,0.0,True
train_oof,8511,0,0.0,-0.08447265625000001,True
train_oof,8512,0,0.0,0.0,True
train_oof,8513,0,0.0,0.0,True
train_oof,8514,0,0.0,0.0,True
train_oof,8515,0,0.0,0.0,True
train_oof,8516,0,0.0,0.0,True
train_oof,8517,0,0.0,-0.01171875,True
train_oof,8518,0,0.0,0.0,True
train_oof,8519,0,0.0,0.0,True
train_oof,8520,0,0.0,0.0,True
train_oof,8521,0,0.0,0.0,True
train_oof,8522,0,0.0,0.0,True
train_oof,8523,0,0.0,0.0,True
train_oof,8524,0,0.0,0.0,True
train_oof,8525,0,0.0,0.0,True
train_oof,8526,0,0.0,0.0,True
train_oof,8527,0,0.0,0.0,True
train_oof,8528,0,0.0,0.0,True
train_oof,8529,0,0.0,0.0,True
train_oof,8530,0,0.0,0.0,True
train_oof,8531,0,0.0,0.0,True
train_oof,8532,0,0.0,0.0,True
train_oof,8533,0,0.0,0.0,True
train_oof,8534,0,0.0,0.0,True
train_oof,8535,0,0.0,0.0,True
train_oof,8536,0,0.0,0.0,True
train_oof,8537,0,0.0,0.0,True
train_oof,8538,0,0.0,0.0,True
train_oof,8539,0,0.0,0.0,True
train_oof,8540,0,0.0,0.0,True
train_oof,8541,0,0.0,0.0,True
train_oof,8542,0,0.0,0.0,True
train_oof,8543,0,0.0,0.0,True
train_oof,8544,0,0.0,0.0,True
train_oof,8545,0,0.0,0.0,True
train_oof,8546,0,0.0,0.0,True
train_oof,8547,0,0.0,0.0,True
train_oof,8548,0,0.0,0.0,True
train_oof,8549,0,0.0,0.0,True
train_oof,8550,0,0.0,0.0,True
train_oof,8551,0,0.0,0.0,True
train_oof,8552,0,0.0,0.0,True
train_oof,8553,0,0.0,0.0,True
train_oof,8554,0,0.0,0.0,True
train_oof,8555,0,0.0,0.0,True
train_oof,8556,0,0.0,0.0,True
train_oof,8557,0,0.0,0.0,True
train_oof,8558,0,0.0,0.0,True
train_oof,8559,0,0.0,0.0,True
train_oof,8560,0,0.0,0.0,True
train_oof,8561,0,0.0,0.0,True
train_oof,8562,0,0.0,0.0,True
train_oof,8563,0,0.0,-4.944620253164557e-05,True
train_oof,8564,0,0.0,0.0,True
train_oof,8565,0,0.0,0.0,True
train_oof,8566,0,0.0,0.0,True
train_oof,8567,0,0.0,0.0,True
train_oof,8568,0,0.0,0.0,True
train_oof,8569,0,0.0,0.0,True
train_oof,8570,0,0.0,0.0,True
train_oof,8571,0,0.0,0.0,True
train_oof,8572,0,0.0,0.0,True
train_oof,8573,0,0.0,0.0,True
train_oof,8574,0,0.0,0.0,True
train_oof,8575,0,0.0,0.0,True
train_oof,8576,0,0.0,0.0,True
train_oof,8577,0,0.0,0.0,True
train_oof,8578,0,0.0,0.0,True
train_oof,8579,0,0.0,0.0,True
train_oof,8580,0,0.0,0.0,True
train_oof,8581,0,0.0,0.0,True
train_oof,8582,0,0.0,0.0,True
train_oof,8583,0,0.0,0.0,True
train_oof,8584,0,0.0,0.0,True
train_oof,8585,0,0.0,0.0,True
train_oof,8586,0,0.0,0.0,True
train_oof,8587,0,0.0,-4.944620253164557e-05,True
train_oof,8588,0,0.0,0.0,True
train_oof,8589,0,0.0,0.0,True
train_oof,8590,0,0.0,0.0,True
train_oof,8591,0,0.0,0.0,True
train_oof,8592,0,0.0,0.0,True
train_oof,8593,0,0.0,0.0,True
train_oof,8594,0,0.0,0.0,True
train_oof,8595,0,0.0,0.0,True
train_oof,8596,0,,-0.0015625,False
train_oof,8597,0,0.0,0.0,True
train_oof,8598,0,0.0,0.0,True
train_oof,8599,0,0.0,0.0,True
train_oof,8600,0,0.0,0.0,True
train_oof,8601,0,0.0,0.0,True
train_oof,8602,0,0.0,0.0,True
train_oof,8603,0,0.0,0.0,True
train_oof,8604,0,0.0,0.0,True
train_oof,8605,0,0.0,0.0,True
train_oof,8606,0,0.0,0.0,True
train_oof,8607,0,0.0,0.0,True
train_oof,8608,0,0.0,0.0,True
train_oof,8609,0,0.0,0.0,True
train_oof,8610,0,0.0,0.0,True
train_oof,8611,0,0.0,0.0,True
train_oof,8612,0,0.0,0.0,True
train_oof,8613,0,0.0,0.0,True
train_oof,8614,0,0.0,0.0,True
train_oof,8615,0,0.0,0.0,True
train_oof,8616,0,0.0,0.0,True
train_oof,8617,0,0.0,0.0,True
train_oof,8618,0,0.0,0.0,True
train_oof,8619,0,0.0,0.0,True
train_oof,8620,0,0.0,0.0,True
train_oof,8621,-1,-1.0,-1.0,True
train_oof,8622,0,,0.0,False
train_oof,8623,0,0.0,0.0,True
train_oof,8624,0,0.0,0.0,True
train_oof,8625,0,0.0,0.0,True
train_oof,8626,0,0.0,0.0,True
train_oof,8627,0,0.0,0.0,True
train_oof,8628,0,0.0,0.0,True
train_oof,8629,0,0.0,0.0,True
train_oof,8630,0,0.0,0.0,True
train_oof,8631,0,0.0,0.0,True
train_oof,8632,0,0.0,0.0,True
train_oof,8633,0,0.0,0.0,True
train_oof,8634,0,0.0,0.0,True
train_oof,8635,0,0.0,0.0,True
train_oof,8636,0,0.0,0.0,True
train_oof,8637,0,0.0,0.0,True
train_oof,8638,0,0.0,0.0,True
train_oof,8639,0,0.0,0.0,True
train_oof,8640,0,0.0,0.0,True
train_oof,8641,0,0.0,0.0,True
train_oof,8642,0,0.0,0.0,True
train_oof,8643,0,0.0,0.0,True
train_oof,8644,0,0.0,0.0,True
train_oof,8645,0,0.0,0.0,True
train_oof,8646,0,0.0,0.0,True
train_oof,8647,0,0.0,0.0,True
train_oof,8648,0,0.0,0.0,True
train_oof,8649,0,0.0,0.0,True
train_oof,8650,0,0.0,0.0,True
train_oof,8651,0,0.0,0.0,True
train_oof,8652,0,0.0,0.0,True
train_oof,8653,0,0.0,0.0,True
train_oof,8654,0,0.0,0.0,True
train_oof,8655,0,0.0,0.0,True
train_oof,8656,0,0.0,0.0,True
train_oof,8657,-1,-1.0,-1.0,True
train_oof,8658,0,0.0,0.0,True
train_oof,8659,0,0.0,0.0,True
train_oof,8660,0,0.0,0.0,True
train_oof,8661,0,0.0,0.0,True
train_oof,8662,0,0.0,0.0,True
train_oof,8663,0,0.0,0.0,True
train_oof,8664,0,0.0,0.0,True
train_oof,8665,-1,,-1.0,False
train_oof,8666,0,0.0,0.0,True
train_oof,8667,0,0.0,0.0,True
train_oof,8668,0,0.0,0.0,True
train_oof,8669,0,0.0,0.0,True
train_oof,8670,0,0.0,0.0,True
train_oof,8671,0,0.0,0.0,True
train_oof,8672,0,0.0,0.0,True
train_oof,8673,0,0.0,0.0,True
train_oof,8674,0,0.0,0.0,True
train_oof,8675,0,0.0,0.0,True
train_oof,8676,0,0.0,0.0,True
train_oof,8677,0,0.0,0.0,True
train_oof,8678,0,0.0,0.0,True
train_oof,8679,0,0.0,0.0,True
train_oof,8680,0,0.0,0.0,True
train_oof,8681,0,0.0,0.0,True
train_oof,8682,0,0.0,0.0,True
train_oof,8683,0,0.0,-0.0009765625,True
train_oof,8684,0,0.0,0.0,True
train_oof,8685,0,0.0,0.0,True
train_oof,8686,0,0.0,0.0,True
train_oof,8687,0,0.0,0.0,True
train_oof,8688,0,0.0,0.0,True
train_oof,8689,0,0.0,0.0,True
train_oof,8690,0,0.0,0.0,True
train_oof,8691,0,0.0,0.0,True
train_oof,8692,0,0.0,0.0,True
train_oof,8693,0,0.0,0.0,True
train_oof,8694,0,0.0,0.0,True
train_oof,8695,0,0.0,0.0,True
train_oof,8696,0,0.0,0.0,True
train_oof,8697,0,0.0,0.0,True
train_oof,8698,0,0.0,0.0,True
train_oof,8699,0,0.0,0.0,True
train_oof,8700,0,0.0,0.0,True
train_oof,8701,0,0.0,0.0,True
train_oof,8702,0,0.0,0.0,True
train_oof,8703,0,0.0,0.0,True
train_oof,8704,0,0.0,0.0,True
train_oof,8705,0,0.0,0.0,True
train_oof,8706,0,0.0,0.0,True
train_oof,8707,0,0.0,0.0,True
train_oof,8708,0,0.0,0.0,True
train_oof,8709,0,0.0,0.0,True
train_oof,8710,0,0.0,0.0,True
train_oof,8711,0,0.0,0.0,True
train_oof,8712,0,0.0,0.0,True
train_oof,8713,0,0.0,0.0,True
train_oof,8714,0,0.0,0.0,True
train_oof,8715,0,0.0,0.0,True
train_oof,8716,0,0.0,0.0,True
train_oof,8717,0,0.0,0.0,True
train_oof,8718,0,0.0,0.0,True
train_oof,8719,0,0.0,0.0,True
train_oof,8720,0,0.0,0.0,True
train_oof,8721,0,0.0,0.0,True
train_oof,8722,0,0.0,0.0,True
train_oof,8723,0,0.0,0.0,True
train_oof,8724,-1,-1.0,-1.0,True
train_oof,8725,0,0.0,0.0,True
train_oof,8726,0,0.0,0.0,True
train_oof,8727,0,0.0,0.0,True
train_oof,8728,0,0.0,0.0,True
train_oof,8729,0,0.0,0.0,True
train_oof,8730,0,0.0,0.0,True
train_oof,8731,0,0.0,0.0,True
train_oof,8732,0,0.0,0.0,True
train_oof,8733,-1,,-1.01171875,False
train_oof,8734,0,0.0,0.0,True
train_oof,8735,0,0.0,0.0,True
train_oof,8736,0,0.0,0.0,True
train_oof,8737,0,0.0,0.0,True
train_oof,8738,0,0.0,0.0,True
train_oof,8739,-1,-1.0,-1.0,True
train_oof,8740,0,0.0,0.0,True
train_oof,8741,0,0.0,0.0,True
train_oof,8742,0,0.0,0.0,True
train_oof,8743,0,,-0.009765625,False
train_oof,8744,0,0.0,0.0,True
train_oof,8745,0,0.0,0.0,True
train_oof,8746,0,0.0,0.0,True
train_oof,8747,0,0.0,0.0,True
train_oof,8748,0,0.0,0.0,True
train_oof,8749,0,0.0,0.0,True
train_oof,8750,0,0.0,0.0,True
train_oof,8751,0,0.0,0.0,True
train_oof,8752,0,0.0,0.0,True
train_oof,8753,0,0.0,0.0,True
train_oof,8754,0,0.0,0.0,True
train_oof,8755,0,0.0,0.0,True
train_oof,8756,0,0.0,0.0,True
train_oof,8757,0,0.0,0.0,True
train_oof,8758,0,0.0,0.0,True
train_oof,8759,0,0.0,-0.00390625,True
train_oof,8760,-1,-1.0,-1.0,True
train_oof,8761,0,0.0,0.0,True
train_oof,8762,0,0.0,0.0,True
train_oof,8763,0,0.0,0.0,True
train_oof,8764,0,0.0,0.0,True
train_oof,8765,0,0.0,0.0,True
train_oof,8766,0,0.0,0.0,True
train_oof,8767,0,0.0,-4.944620253164557e-05,True
train_oof,8768,0,0.0,0.0,True
train_oof,8769,0,0.0,0.0,True
train_oof,8770,0,0.0,0.0,True
train_oof,8771,0,0.0,0.0,True
train_oof,8772,0,0.0,0.0,True
train_oof,8773,0,0.0,0.0,True
train_oof,8774,0,0.0,0.0,True
train_oof,8775,0,0.0,0.0,True
train_oof,8776,0,0.0,0.0,True
train_oof,8777,0,0.0,0.0,True
train_oof,8778,0,0.0,0.0,True
train_oof,8779,0,0.0,0.0,True
train_oof,8780,0,0.0,0.0,True
train_oof,8781,0,0.0,0.0,True
train_oof,8782,0,0.0,0.0,True
train_oof,8783,0,0.0,0.0,True
train_oof,8784,0,0.0,0.0,True
train_oof,8785,0,0.0,0.0,True
train_oof,8786,0,0.0,-4.944620253164557e-05,True
train_oof,8787,0,0.0,0.0,True
train_oof,8788,0,0.0,0.0,True
train_oof,8789,0,0.0,0.0,True
train_oof,8790,0,0.0,0.0,True
train_oof,8791,0,0.0,0.0,True
train_oof,8792,0,0.0,0.0,True
train_oof,8793,0,0.0,0.0,True
train_oof,8794,0,0.0,0.0,True
train_oof,8795,0,0.0,0.0,True
train_oof,8796,0,0.0,0.0,True
train_oof,8797,0,0.0,0.0,True
train_oof,8798,0,0.0,0.0,True
train_oof,8799,0,0.0,0.0,True
train_oof,8800,0,0.0,0.0,True
train_oof,8801,0,,-0.03515625,False
train_oof,8802,0,0.0,0.0,True
train_oof,8803,0,0.0,-0.08219401041666667,True
train_oof,8804,0,0.0,0.0,True
train_oof,8805,0,0.0,0.0,True
train_oof,8806,0,0.0,0.0,True
train_oof,8807,0,0.0,0.0,True
train_oof,8808,0,0.0,0.0,True
train_oof,8809,0,0.0,0.0,True
train_oof,8810,0,0.0,0.0,True
train_oof,8811,0,0.0,0.0,True
train_oof,8812,0,0.0,0.0,True
train_oof,8813,0,0.0,0.0,True
train_oof,8814,0,0.0,0.0,True
train_oof,8815,0,0.0,0.0,True
train_oof,8816,0,0.0,0.0,True
train_oof,8817,-1,-1.0,-1.0,True
train_oof,8818,0,0.0,0.0,True
train_oof,8819,0,0.0,0.0,True
train_oof,8820,0,0.0,0.0,True
train_oof,8821,0,0.0,0.0,True
train_oof,8822,0,0.0,0.0,True
train_oof,8823,0,0.0,0.0,True
train_oof,8824,0,0.0,0.0,True
train_oof,8825,0,0.0,0.0,True
train_oof,8826,0,0.0,0.0,True
train_oof,8827,0,0.0,0.0,True
train_oof,8828,0,0.0,0.0,True
train_oof,8829,0,0.0,0.0,True
train_oof,8830,0,0.0,0.0,True
train_oof,8831,0,0.0,0.0,True
train_oof,8832,0,0.0,0.0,True
train_oof,8833,0,0.0,0.0,True
train_oof,8834,0,0.0,0.0,True
train_oof,8835,0,0.0,0.0,True
train_oof,8836,0,0.0,0.0,True
train_oof,8837,0,0.0,0.0,True
train_oof,8838,0,0.0,0.0,True
train_oof,8839,0,0.0,0.0,True
train_oof,8840,0,0.0,0.0,True
train_oof,8841,0,0.0,0.0,True
train_oof,8842,0,0.0,0.0,True
train_oof,8843,0,0.0,-0.036272321428571425,True
train_oof,8844,0,0.0,0.0,True
train_oof,8845,0,0.0,0.0,True
train_oof,8846,0,0.0,0.0,True
train_oof,8847,0,0.0,0.0,True
train_oof,8848,0,0.0,0.0,True
train_oof,8849,0,0.0,0.0,True
train_oof,8850,0,0.0,0.0,True
train_oof,8851,0,0.0,0.0,True
train_oof,8852,0,0.0,0.0,True
train_oof,8853,0,0.0,0.0,True
train_oof,8854,0,0.0,0.0,True
train_oof,8855,0,0.0,0.0,True
train_oof,8856,0,0.0,0.0,True
train_oof,8857,0,0.0,0.0,True
train_oof,8858,-1,,-0.986328125,False
train_oof,8859,0,0.0,0.0,True
train_oof,8860,-1,-1.0,-1.0,True
train_oof,8861,0,0.0,0.0,True
train_oof,8862,0,0.0,0.0,True
train_oof,8863,0,0.0,0.0,True
train_oof,8864,0,0.0,0.0,True
train_oof,8865,0,0.0,0.0,True
train_oof,8866,0,0.0,0.0,True
train_oof,8867,0,0.0,0.0,True
train_oof,8868,0,0.0,0.0,True
train_oof,8869,0,0.0,0.0,True
train_oof,8870,0,0.0,0.0,True
train_oof,8871,0,0.0,0.0,True
train_oof,8872,0,0.0,0.0,True
train_oof,8873,0,0.0,0.0,True
train_oof,8874,0,0.0,0.0,True
train_oof,8875,0,0.0,0.0,True
train_oof,8876,0,0.0,0.0,True
train_oof,8877,0,0.0,0.0,True
train_oof,8878,0,0.0,0.0,True
train_oof,8879,0,0.0,0.0,True
train_oof,8880,0,0.0,0.0,True
train_oof,8881,0,0.0,-0.00390625,True
train_oof,8882,0,0.0,0.0,True
train_oof,8883,0,0.0,0.0,True
train_oof,8884,0,0.0,0.0,True
train_oof,8885,0,0.0,0.0,True
train_oof,8886,0,0.0,-4.944620253164557e-05,True
train_oof,8887,0,0.0,0.0,True
train_oof,8888,0,0.0,0.0,True
train_oof,8889,0,0.0,0.0,True
train_oof,8890,0,0.0,0.0,True
train_oof,8891,0,0.0,0.0,True
train_oof,8892,0,0.0,0.0,True
train_oof,8893,0,0.0,0.0,True
train_oof,8894,0,0.0,0.0,True
train_oof,8895,0,0.0,0.0,True
train_oof,8896,0,0.0,0.0,True
train_oof,8897,0,0.0,0.0,True
train_oof,8898,0,0.0,0.0,True
train_oof,8899,0,0.0,0.0,True
train_oof,8900,0,0.0,0.0,True
train_oof,8901,0,0.0,0.0,True
train_oof,8902,0,0.0,0.0,True
train_oof,8903,0,0.0,0.0,True
train_oof,8904,0,0.0,0.0,True
train_oof,8905,0,0.0,0.0,True
train_oof,8906,0,0.0,0.0,True
train_oof,8907,0,0.0,0.0,True
train_oof,8908,0,0.0,0.0,True
train_oof,8909,0,0.0,0.0,True
train_oof,8910,0,0.0,0.0,True
train_oof,8911,0,0.0,0.0,True
train_oof,8912,0,0.0,0.0,True
train_oof,8913,0,0.0,0.0,True
train_oof,8914,0,0.0,0.0,True
train_oof,8915,0,0.0,0.0,True
train_oof,8916,0,0.0,0.0,True
train_oof,8917,0,0.0,0.0,True
train_oof,8918,0,0.0,0.0,True
train_oof,8919,0,0.0,0.0,True
train_oof,8920,0,0.0,0.0,True
train_oof,8921,0,0.0,0.0,True
train_oof,8922,0,0.0,0.0,True
train_oof,8923,0,0.0,0.0,True
train_oof,8924,0,0.0,0.0,True
train_oof,8925,0,0.0,0.0,True
train_oof,8926,0,0.0,0.0,True
train_oof,8927,0,0.0,0.0,True
train_oof,8928,0,0.0,0.0,True
train_oof,8929,0,0.0,0.0,True
train_oof,8930,0,0.0,0.0,True
train_oof,8931,0,0.0,0.0,True
train_oof,8932,0,0.0,0.0,True
train_oof,8933,0,0.0,0.0,True
train_oof,8934,0,0.0,0.0,True
train_oof,8935,0,0.0,0.0,True
train_oof,8936,0,0.0,0.0,True
train_oof,8937,0,0.0,0.0,True
train_oof,8938,0,0.0,0.0,True
train_oof,8939,0,0.0,0.0,True
train_oof,8940,0,0.0,0.0,True
train_oof,8941,0,0.0,-4.944620253164557e-05,True
train_oof,8942,-1,-1.0,-1.0,True
train_oof,8943,0,0.0,0.0,True
train_oof,8944,0,0.0,0.0,True
train_oof,8945,0,0.0,0.0,True
train_oof,8946,0,0.0,0.0,True
train_oof,8947,0,0.0,0.0,True
train_oof,8948,0,0.0,0.0,True
train_oof,8949,0,0.0,0.0,True
train_oof,8950,0,0.0,0.0,True
train_oof,8951,0,0.0,0.0,True
train_oof,8952,0,0.0,0.0,True
train_oof,8953,0,0.0,0.0,True
train_oof,8954,0,0.0,0.0,True
train_oof,8955,0,0.0,0.0,True
train_oof,8956,0,0.0,0.0,True
train_oof,8957,0,0.0,0.0,True
train_oof,8958,0,0.0,0.0,True
train_oof,8959,0,0.0,0.0,True
train_oof,8960,0,0.0,0.0,True
train_oof,8961,0,0.0,0.0,True
train_oof,8962,0,0.0,0.0,True
train_oof,8963,0,0.0,0.0,True
train_oof,8964,0,0.0,0.0,True
train_oof,8965,0,0.0,0.0,True
train_oof,8966,0,0.0,0.0,True
train_oof,8967,0,0.0,0.0,True
train_oof,8968,0,0.0,0.0,True
train_oof,8969,0,0.0,0.0,True
train_oof,8970,0,0.0,0.0,True
train_oof,8971,0,0.0,0.0,True
train_oof,8972,0,0.0,0.0,True
train_oof,8973,0,0.0,0.0,True
train_oof,8974,0,0.0,0.0,True
train_oof,8975,0,0.0,0.0,True
train_oof,8976,0,0.0,0.0,True
train_oof,8977,0,0.0,0.0,True
train_oof,8978,0,0.0,0.0,True
train_oof,8979,0,0.0,0.0,True
train_oof,8980,0,0.0,0.0,True
train_oof,8981,0,0.0,0.0,True
train_oof,8982,0,0.0,0.0,True
train_oof,8983,0,0.0,0.0,True
train_oof,8984,-1,-1.0,-1.0,True
train_oof,8985,0,0.0,-0.01171875,True
train_oof,8986,0,0.0,0.0,True
train_oof,8987,0,0.0,0.0,True
train_oof,8988,0,0.0,0.0,True
train_oof,8989,0,0.0,0.0,True
train_oof,8990,0,0.0,0.0,True
train_oof,8991,0,0.0,0.0,True
train_oof,8992,0,0.0,0.0,True
train_oof,8993,0,0.0,0.0,True
train_oof,8994,0,0.0,0.0,True
train_oof,8995,0,0.0,0.0,True
train_oof,8996,0,0.0,-0.0016163793103448276,True
train_oof,8997,0,0.0,0.0,True
train_oof,8998,0,0.0,0.0,True
train_oof,8999,0,,0.0,False
train_oof,9000,0,0.0,0.0,True
train_oof,9001,0,0.0,0.0,True
train_oof,9002,0,0.0,0.0,True
train_oof,9003,0,0.0,0.0,True
train_oof,9004,0,0.0,0.0,True
train_oof,9005,0,0.0,0.0,True
train_oof,9006,0,0.0,0.0,True
train_oof,9007,0,0.0,0.0,True
train_oof,9008,0,0.0,0.0,True
train_oof,9009,0,0.0,0.0,True
train_oof,9010,0,0.0,0.0,True
train_oof,9011,0,0.0,0.0,True
train_oof,9012,0,0.0,0.0,True
train_oof,9013,0,0.0,0.0,True
train_oof,9014,0,0.0,0.0,True
train_oof,9015,0,0.0,0.0,True
train_oof,9016,0,0.0,0.0,True
train_oof,9017,0,0.0,0.0,True
train_oof,9018,0,0.0,0.0,True
train_oof,9019,0,0.0,0.0,True
train_oof,9020,0,0.0,0.0,True
train_oof,9021,0,0.0,0.0,True
train_oof,9022,0,0.0,0.0,True
train_oof,9023,0,0.0,0.0,True
train_oof,9024,-1,-1.0,-1.0,True
train_oof,9025,0,0.0,0.0,True
train_oof,9026,0,0.0,0.0,True
train_oof,9027,0,0.0,0.0,True
train_oof,9028,0,0.0,0.0,True
train_oof,9029,0,0.0,0.0,True
train_oof,9030,0,0.0,0.0,True
train_oof,9031,0,0.0,0.0,True
train_oof,9032,0,0.0,0.0,True
train_oof,9033,0,0.0,0.0,True
train_oof,9034,-1,-1.0,-1.0,True
train_oof,9035,0,0.0,0.0,True
train_oof,9036,0,0.0,0.0,True
train_oof,9037,0,0.0,0.0,True
train_oof,9038,0,0.0,0.0,True
train_oof,9039,0,0.0,0.0,True
train_oof,9040,0,0.0,0.0,True
train_oof,9041,-1,-1.0,-1.0,True
train_oof,9042,0,0.0,0.0,True
train_oof,9043,0,0.0,0.0,True
train_oof,9044,0,0.0,0.0,True
train_oof,9045,-1,-1.0,-1.04296875,True
train_oof,9046,0,0.0,0.0,True
train_oof,9047,0,0.0,0.0,True
train_oof,9048,0,0.0,0.0,True
train_oof,9049,0,0.0,0.0,True
train_oof,9050,0,0.0,0.0,True
train_oof,9051,0,0.0,0.0,True
train_oof,9052,0,0.0,0.0,True
train_oof,9053,0,0.0,0.0,True
train_oof,9054,0,0.0,0.0,True
train_oof,9055,0,0.0,0.0,True
train_oof,9056,0,0.0,0.0,True
train_oof,9057,0,0.0,0.0,True
train_oof,9058,0,0.0,0.0,True
train_oof,9059,0,0.0,0.0,True
train_oof,9060,0,0.0,0.0,True
train_oof,9061,0,0.0,0.0,True
train_oof,9062,0,0.0,0.0,True
train_oof,9063,0,0.0,0.0,True
train_oof,9064,0,0.0,0.0,True
train_oof,9065,0,0.0,0.0,True
train_oof,9066,0,0.0,0.0,True
train_oof,9067,0,0.0,0.0,True
train_oof,9068,0,0.0,0.0,True
train_oof,9069,0,0.0,-0.032682291666666655,True
train_oof,9070,0,0.0,0.0,True
train_oof,9071,0,0.0,0.0,True
train_oof,9072,0,0.0,0.0,True
train_oof,9073,0,0.0,0.0,True
train_oof,9074,0,0.0,0.0,True
train_oof,9075,0,0.0,-4.944620253164557e-05,True
train_oof,9076,0,0.0,0.0,True
train_oof,9077,0,0.0,0.0,True
train_oof,9078,0,0.0,0.0,True
train_oof,9079,0,0.0,0.0,True
train_oof,9080,0,0.0,0.0,True
train_oof,9081,0,0.0,0.0,True
train_oof,9082,0,0.0,0.0,True
train_oof,9083,0,0.0,0.0,True
train_oof,9084,0,0.0,0.0,True
train_oof,9085,0,0.0,0.0,True
train_oof,9086,0,0.0,0.0,True
train_oof,9087,0,0.0,0.0,True
train_oof,9088,0,0.0,0.0,True
train_oof,9089,0,0.0,0.0,True
train_oof,9090,0,0.0,0.0,True
train_oof,9091,0,0.0,0.0,True
train_oof,9092,0,0.0,0.0,True
train_oof,9093,0,0.0,0.0,True
train_oof,9094,0,0.0,0.0,True
train_oof,9095,0,0.0,0.0,True
train_oof,9096,0,0.0,0.0,True
train_oof,9097,0,0.0,0.0,True
train_oof,9098,0,0.0,0.0,True
train_oof,9099,0,0.0,0.0,True
train_oof,9100,-1,,-1.0,False
train_oof,9101,0,0.0,0.0,True
train_oof,9102,0,0.0,0.0,True
train_oof,9103,0,0.0,0.0,True
train_oof,9104,0,0.0,0.0,True
train_oof,9105,0,0.0,-0.0016163793103448276,True
train_oof,9106,0,0.0,0.0,True
train_oof,9107,0,0.0,0.0,True
train_oof,9108,0,0.0,0.0,True
train_oof,9109,0,0.0,0.0,True
train_oof,9110,0,0.0,0.0,True
train_oof,9111,0,0.0,0.0,True
train_oof,9112,0,0.0,0.0,True
train_oof,9113,0,0.0,0.0,True
train_oof,9114,0,0.0,0.0,True
train_oof,9115,0,0.0,0.0,True
train_oof,9116,0,0.0,0.0,True
train_oof,9117,0,0.0,0.0,True
train_oof,9118,0,0.0,0.0,True
train_oof,9119,0,0.0,0.0,True
train_oof,9120,-1,-1.0,-1.0,True
train_oof,9121,0,0.0,0.0,True
train_oof,9122,0,0.0,0.0,True
train_oof,9123,0,0.0,0.0,True
train_oof,9124,0,0.0,0.0,True
train_oof,9125,0,0.0,0.0,True
train_oof,9126,0,0.0,0.0,True
train_oof,9127,0,0.0,0.0,True
train_oof,9128,0,0.0,0.0,True
train_oof,9129,0,0.0,0.0,True
train_oof,9130,0,0.0,-4.944620253164557e-05,True
train_oof,9131,0,0.0,0.0,True
train_oof,9132,0,,-0.0013020833333333333,False
train_oof,9133,0,0.0,0.0,True
train_oof,9134,0,0.0,0.0,True
train_oof,9135,0,0.0,0.0,True
train_oof,9136,0,0.0,0.0,True
train_oof,9137,0,0.0,0.0,True
train_oof,9138,0,0.0,0.0,True
train_oof,9139,0,0.0,0.0,True
train_oof,9140,0,0.0,0.0,True
train_oof,9141,0,0.0,0.0,True
train_oof,9142,0,0.0,0.0,True
train_oof,9143,0,0.0,0.0,True
train_oof,9144,0,0.0,0.0,True
train_oof,9145,0,0.0,0.0,True
train_oof,9146,0,0.0,0.0,True
train_oof,9147,0,0.0,0.0,True
train_oof,9148,0,0.0,0.0,True
train_oof,9149,0,0.0,0.0,True
train_oof,9150,0,0.0,0.0,True
train_oof,9151,0,0.0,0.0,True
train_oof,9152,0,0.0,0.0,True
train_oof,9153,0,0.0,0.0,True
train_oof,9154,0,0.0,0.0,True
train_oof,9155,-1,-1.0,-1.0,True
train_oof,9156,0,0.0,-0.003125,True
train_oof,9157,0,0.0,0.0,True
train_oof,9158,0,0.0,0.0,True
train_oof,9159,-2,,-1.559077380952381,False
train_oof,9160,0,0.0,0.0,True
train_oof,9161,0,0.0,0.0,True
train_oof,9162,0,0.0,0.0,True
train_oof,9163,0,0.0,0.0,True
train_oof,9164,0,0.0,0.0,True
train_oof,9165,0,0.0,0.0,True
train_oof,9166,0,0.0,0.0,True
train_oof,9167,0,0.0,0.0,True
train_oof,9168,0,0.0,0.0,True
train_oof,9169,0,0.0,0.0,True
train_oof,9170,0,0.0,0.0,True
train_oof,9171,0,0.0,-0.19205729166666669,True
train_oof,9172,0,0.0,0.0,True
train_oof,9173,0,0.0,0.0,True
train_oof,9174,0,0.0,0.0,True
train_oof,9175,0,0.0,0.0,True
train_oof,9176,0,0.0,0.0,True
train_oof,9177,0,0.0,0.0,True
train_oof,9178,0,0.0,0.0,True
train_oof,9179,0,0.0,0.0,True
train_oof,9180,0,0.0,0.0,True
train_oof,9181,0,0.0,0.0,True
train_oof,9182,-1,-1.0,-1.0,True
train_oof,9183,0,0.0,0.0,True
train_oof,9184,0,0.0,0.0,True
train_oof,9185,0,0.0,0.0,True
train_oof,9186,0,0.0,0.0,True
train_oof,9187,0,0.0,-4.944620253164557e-05,True
train_oof,9188,0,0.0,0.0,True
train_oof,9189,0,0.0,0.0,True
train_oof,9190,-1,-1.0,-1.0,True
train_oof,9191,0,0.0,0.0,True
train_oof,9192,0,0.0,0.0,True
train_oof,9193,0,0.0,0.0,True
train_oof,9194,0,0.0,0.0,True
train_oof,9195,0,0.0,0.0,True
train_oof,9196,0,0.0,0.0,True
train_oof,9197,0,0.0,0.0,True
train_oof,9198,0,0.0,0.0,True
train_oof,9199,0,0.0,0.0,True
train_oof,9200,0,0.0,0.0,True
train_oof,9201,0,0.0,0.0,True
train_oof,9202,0,0.0,0.0,True
train_oof,9203,0,0.0,0.0,True
train_oof,9204,0,0.0,0.0,True
train_oof,9205,0,0.0,0.0,True
train_oof,9206,0,0.0,0.0,True
train_oof,9207,0,0.0,0.0,True
train_oof,9208,0,0.0,0.0,True
train_oof,9209,0,0.0,0.0,True
train_oof,9210,0,0.0,0.0,True
train_oof,9211,0,0.0,0.0,True
train_oof,9212,0,0.0,0.0,True
train_oof,9213,0,0.0,0.0,True
train_oof,9214,0,0.0,0.0,True
train_oof,9215,0,0.0,0.0,True
train_oof,9216,0,0.0,0.0,True
train_oof,9217,0,0.0,0.0,True
train_oof,9218,0,0.0,0.0,True
train_oof,9219,0,0.0,0.0,True
train_oof,9220,0,0.0,0.0,True
train_oof,9221,0,0.0,0.0,True
train_oof,9222,0,0.0,0.0,True
train_oof,9223,0,0.0,0.0,True
train_oof,9224,-1,,-1.0,False
train_oof,9225,0,0.0,0.0,True
train_oof,9226,0,0.0,0.0,True
train_oof,9227,0,0.0,0.0,True
train_oof,9228,0,0.0,0.0,True
train_oof,9229,0,0.0,0.0,True
train_oof,9230,0,0.0,0.0,True
train_oof,9231,0,0.0,0.0,True
train_oof,9232,0,0.0,0.0,True
train_oof,9233,0,0.0,0.0,True
train_oof,9234,0,0.0,0.0,True
train_oof,9235,0,0.0,0.0,True
train_oof,9236,0,0.0,0.0,True
train_oof,9237,0,0.0,0.0,True
train_oof,9238,0,0.0,0.0,True
train_oof,9239,0,0.0,0.0,True
train_oof,9240,0,0.0,0.0,True
train_oof,9241,0,0.0,0.0,True
train_oof,9242,0,0.0,0.0,True
train_oof,9243,0,0.0,0.0,True
train_oof,9244,0,0.0,0.0,True
train_oof,9245,-1,-1.0,-1.0,True
train_oof,9246,0,0.0,0.0,True
train_oof,9247,0,0.0,0.0,True
train_oof,9248,0,0.0,0.0,True
train_oof,9249,0,0.0,0.0,True
train_oof,9250,0,,-0.18229166666666669,False
train_oof,9251,0,0.0,0.0,True
train_oof,9252,0,0.0,0.0,True
train_oof,9253,0,0.0,0.0,True
train_oof,9254,0,0.0,0.0,True
train_oof,9255,0,0.0,0.0,True
train_oof,9256,0,0.0,0.0,True
train_oof,9257,0,0.0,0.0,True
train_oof,9258,0,0.0,0.0,True
train_oof,9259,0,0.0,0.0,True
train_oof,9260,0,0.0,0.0,True
train_oof,9261,0,0.0,0.0,True
train_oof,9262,0,0.0,0.0,True
train_oof,9263,0,0.0,0.0,True
train_oof,9264,0,0.0,0.0,True
train_oof,9265,0,0.0,0.0,True
train_oof,9266,0,0.0,0.0,True
train_oof,9267,0,0.0,0.0,True
train_oof,9268,-1,-1.0,-1.0,True
train_oof,9269,0,0.0,0.0,True
train_oof,9270,0,0.0,0.0,True
train_oof,9271,0,0.0,0.0,True
train_oof,9272,0,0.0,0.0,True
train_oof,9273,0,0.0,0.0,True
train_oof,9274,-1,-1.0,-1.0,True
train_oof,9275,-1,-1.0,-1.0,True
train_oof,9276,0,0.0,0.0,True
train_oof,9277,0,0.0,0.0,True
train_oof,9278,0,0.0,0.0,True
train_oof,9279,0,0.0,0.0,True
train_oof,9280,0,0.0,0.0,True
train_oof,9281,0,0.0,0.0,True
train_oof,9282,0,0.0,0.0,True
train_oof,9283,0,0.0,0.0,True
train_oof,9284,0,0.0,0.0,True
train_oof,9285,0,0.0,0.0,True
train_oof,9286,0,0.0,0.0,True
train_oof,9287,0,0.0,0.0,True
train_oof,9288,0,0.0,0.0,True
train_oof,9289,0,0.0,0.0,True
train_oof,9290,-1,-1.0,-1.0,True
train_oof,9291,0,0.0,0.0,True
train_oof,9292,0,0.0,0.0,True
train_oof,9293,0,0.0,0.0,True
train_oof,9294,0,0.0,0.0,True
train_oof,9295,0,0.0,0.0,True
train_oof,9296,0,0.0,0.0,True
train_oof,9297,0,0.0,0.0,True
train_oof,9298,0,0.0,0.0,True
train_oof,9299,0,0.0,0.0,True
train_oof,9300,0,0.0,0.0,True
train_oof,9301,0,0.0,0.0,True
train_oof,9302,0,0.0,0.0,True
train_oof,9303,0,0.0,0.0,True
train_oof,9304,0,0.0,0.0,True
train_oof,9305,0,0.0,0.0,True
train_oof,9306,0,0.0,0.0,True
train_oof,9307,0,0.0,0.0,True
train_oof,9308,-1,-1.0,-1.0,True
train_oof,9309,0,0.0,0.0,True
train_oof,9310,0,0.0,0.0,True
train_oof,9311,-1,-1.0,-1.0,True
train_oof,9312,0,0.0,0.0,True
train_oof,9313,0,0.0,0.0,True
train_oof,9314,0,0.0,0.0,True
train_oof,9315,0,0.0,0.0,True
train_oof,9316,0,0.0,0.0,True
train_oof,9317,0,0.0,0.0,True
train_oof,9318,0,0.0,0.0,True
train_oof,9319,0,0.0,0.0,True
train_oof,9320,0,0.0,0.0,True
train_oof,9321,0,0.0,0.0,True
train_oof,9322,0,0.0,0.0,True
train_oof,9323,0,0.0,0.0,True
train_oof,9324,0,0.0,0.0,True
train_oof,9325,0,0.0,0.0,True
train_oof,9326,0,0.0,0.0,True
train_oof,9327,0,0.0,0.0,True
train_oof,9328,0,0.0,0.0,True
train_oof,9329,0,0.0,0.0,True
train_oof,9330,0,0.0,0.0,True
train_oof,9331,0,0.0,0.0,True
train_oof,9332,0,0.0,0.0,True
train_oof,9333,0,0.0,0.0,True
train_oof,9334,0,0.0,0.0,True
train_oof,9335,0,0.0,0.0,True
train_oof,9336,0,0.0,0.0,True
train_oof,9337,0,0.0,0.0,True
train_oof,9338,0,0.0,0.0,True
train_oof,9339,0,0.0,0.0,True
train_oof,9340,0,0.0,0.0,True
train_oof,9341,0,0.0,0.0,True
train_oof,9342,0,0.0,0.0,True
train_oof,9343,0,0.0,0.0,True
train_oof,9344,0,0.0,0.0,True
train_oof,9345,0,0.0,0.0,True
train_oof,9346,0,0.0,0.0,True
train_oof,9347,0,0.0,0.0,True
train_oof,9348,0,,0.0,False
train_oof,9349,0,0.0,0.0,True
train_oof,9350,0,0.0,0.0,True
train_oof,9351,0,0.0,-0.08072916666666667,True
train_oof,9352,0,0.0,0.0,True
train_oof,9353,0,0.0,0.0,True
train_oof,9354,0,0.0,0.0,True
train_oof,9355,0,0.0,0.0,True
train_oof,9356,0,0.0,0.0,True
train_oof,9357,0,0.0,0.0,True
train_oof,9358,0,0.0,0.0,True
train_oof,9359,0,0.0,0.0,True
train_oof,9360,0,0.0,0.0,True
train_oof,9361,0,0.0,0.0,True
train_oof,9362,0,0.0,0.0,True
train_oof,9363,0,0.0,0.0,True
train_oof,9364,0,,0.0,False
train_oof,9365,0,0.0,0.0,True
train_oof,9366,0,0.0,0.0,True
train_oof,9367,0,0.0,0.0,True
train_oof,9368,0,0.0,0.0,True
train_oof,9369,0,0.0,0.0,True
train_oof,9370,0,0.0,0.0,True
train_oof,9371,0,0.0,0.0,True
train_oof,9372,0,0.0,0.0,True
train_oof,9373,0,0.0,0.0,True
train_oof,9374,0,0.0,0.0,True
train_oof,9375,0,0.0,0.0,True
train_oof,9376,0,0.0,0.0,True
train_oof,9377,0,0.0,0.0,True
train_oof,9378,0,0.0,0.0,True
train_oof,9379,0,0.0,0.0,True
train_oof,9380,0,0.0,0.0,True
train_oof,9381,0,0.0,0.0,True
train_oof,9382,0,0.0,0.0,True
train_oof,9383,0,0.0,0.0,True
train_oof,9384,0,0.0,0.0,True
train_oof,9385,0,0.0,0.0,True
train_oof,9386,0,0.0,0.0,True
train_oof,9387,0,0.0,0.0,True
train_oof,9388,0,0.0,0.0,True
train_oof,9389,0,0.0,0.0,True
train_oof,9390,0,0.0,0.0,True
train_oof,9391,-1,-1.0,-1.0,True
train_oof,9392,0,0.0,0.0,True
train_oof,9393,0,0.0,0.0,True
train_oof,9394,0,0.0,0.0,True
train_oof,9395,0,0.0,0.0,True
train_oof,9396,0,0.0,0.0,True
train_oof,9397,-1,-1.0,-1.0,True
train_oof,9398,0,0.0,0.0,True
train_oof,9399,0,0.0,0.0,True
train_oof,9400,0,0.0,0.0,True
train_oof,9401,0,0.0,0.0,True
train_oof,9402,0,0.0,0.0,True
train_oof,9403,-1,-1.0,-1.0,True
train_oof,9404,0,0.0,0.0,True
train_oof,9405,0,0.0,0.0,True
train_oof,9406,0,0.0,-0.0016163793103448276,True
train_oof,9407,0,0.0,0.0,True
train_oof,9408,0,0.0,0.0,True
train_oof,9409,0,0.0,0.0,True
train_oof,9410,0,0.0,0.0,True
train_oof,9411,0,0.0,0.0,True
train_oof,9412,0,0.0,0.0,True
train_oof,9413,0,0.0,0.0,True
train_oof,9414,0,0.0,0.0,True
train_oof,9415,0,0.0,0.0,True
train_oof,9416,0,0.0,0.0,True
train_oof,9417,0,0.0,0.0,True
train_oof,9418,0,0.0,0.0,True
train_oof,9419,-1,-1.0,-1.0,True
train_oof,9420,0,0.0,0.0,True
train_oof,9421,0,0.0,0.0,True
train_oof,9422,0,0.0,0.0,True
train_oof,9423,-1,-1.0,-1.0,True
train_oof,9424,0,0.0,0.0,True
train_oof,9425,0,0.0,0.0,True
train_oof,9426,0,0.0,0.0,True
train_oof,9427,-1,,-1.0,False
train_oof,9428,0,0.0,-4.944620253164557e-05,True
train_oof,9429,0,0.0,0.0,True
train_oof,9430,-1,-1.0,-1.0,True
train_oof,9431,0,0.0,0.0,True
train_oof,9432,0,0.0,0.0,True
train_oof,9433,0,0.0,0.0,True
train_oof,9434,0,0.0,0.0,True
train_oof,9435,0,0.0,0.0,True
train_oof,9436,0,0.0,0.0,True
train_oof,9437,0,0.0,0.0,True
train_oof,9438,0,0.0,0.0,True
train_oof,9439,0,0.0,0.0,True
train_oof,9440,0,0.0,0.0,True
train_oof,9441,0,0.0,0.0,True
train_oof,9442,0,0.0,0.0,True
train_oof,9443,0,0.0,0.0,True
train_oof,9444,0,0.0,0.0,True
train_oof,9445,0,0.0,0.0,True
train_oof,9446,0,0.0,0.0,True
train_oof,9447,0,0.0,0.0,True
train_oof,9448,0,0.0,0.0,True
train_oof,9449,0,0.0,0.0,True
train_oof,9450,0,0.0,0.0,True
train_oof,9451,0,0.0,0.0,True
train_oof,9452,0,0.0,0.0,True
train_oof,9453,0,0.0,0.0,True
train_oof,9454,0,0.0,0.0,True
train_oof,9455,0,0.0,0.0,True
train_oof,9456,0,0.0,0.0,True
train_oof,9457,0,0.0,0.0,True
train_oof,9458,0,0.0,0.0,True
train_oof,9459,0,0.0,0.0,True
train_oof,9460,0,0.0,0.0,True
train_oof,9461,0,0.0,0.0,True
train_oof,9462,0,0.0,0.0,True
train_oof,9463,0,0.0,0.0,True
train_oof,9464,0,0.0,0.0,True
train_oof,9465,0,0.0,0.0,True
train_oof,9466,0,0.0,0.0,True
train_oof,9467,0,0.0,0.0,True
train_oof,9468,0,0.0,0.0,True
train_oof,9469,0,0.0,-0.0087890625,True
train_oof,9470,0,0.0,0.0,True
train_oof,9471,0,0.0,0.0,True
train_oof,9472,0,0.0,0.0,True
train_oof,9473,0,0.0,0.0,True
train_oof,9474,0,0.0,0.0,True
train_oof,9475,0,0.0,0.0,True
train_oof,9476,0,0.0,0.0,True
train_oof,9477,0,0.0,0.0,True
train_oof,9478,0,0.0,0.0,True
train_oof,9479,0,0.0,0.0,True
train_oof,9480,0,0.0,0.0,True
train_oof,9481,0,0.0,0.0,True
train_oof,9482,0,0.0,0.0,True
train_oof,9483,0,0.0,0.0,True
train_oof,9484,0,0.0,0.0,True
train_oof,9485,0,0.0,0.0,True
train_oof,9486,0,0.0,0.0,True
train_oof,9487,0,0.0,0.0,True
train_oof,9488,0,0.0,0.0,True
train_oof,9489,0,0.0,0.0,True
train_oof,9490,0,0.0,0.0,True
train_oof,9491,0,0.0,0.0,True
train_oof,9492,-1,-1.0,-1.0,True
train_oof,9493,0,0.0,0.0,True
train_oof,9494,0,0.0,0.0,True
train_oof,9495,0,0.0,0.0,True
train_oof,9496,0,0.0,0.0,True
train_oof,9497,0,0.0,0.0,True
train_oof,9498,0,0.0,0.0,True
train_oof,9499,-1,-1.0,-1.0,True
train_oof,9500,0,0.0,0.0,True
train_oof,9501,0,0.0,0.0,True
train_oof,9502,0,0.0,0.0,True
train_oof,9503,0,0.0,0.0,True
train_oof,9504,0,0.0,0.0,True
train_oof,9505,0,0.0,0.0,True
train_oof,9506,0,0.0,0.0,True
train_oof,9507,0,0.0,0.0,True
train_oof,9508,0,0.0,0.0,True
train_oof,9509,0,0.0,0.0,True
train_oof,9510,0,0.0,0.0,True
train_oof,9511,0,0.0,0.0,True
train_oof,9512,0,0.0,0.0,True
train_oof,9513,0,0.0,0.0,True
train_oof,9514,0,0.0,0.0,True
train_oof,9515,-1,,-0.998046875,False
train_oof,9516,0,0.0,0.0,True
train_oof,9517,0,0.0,0.0,True
train_oof,9518,0,0.0,0.0,True
train_oof,9519,0,0.0,0.0,True
train_oof,9520,0,0.0,0.0,True
train_oof,9521,0,0.0,0.0,True
train_oof,9522,0,0.0,0.0,True
train_oof,9523,0,0.0,0.0,True
train_oof,9524,0,0.0,0.0,True
train_oof,9525,0,0.0,0.0,True
train_oof,9526,0,0.0,0.0,True
train_oof,9527,0,0.0,0.0,True
train_oof,9528,0,0.0,0.0,True
train_oof,9529,0,0.0,0.0,True
train_oof,9530,0,0.0,0.0,True
train_oof,9531,0,0.0,0.0,True
train_oof,9532,0,0.0,0.0,True
train_oof,9533,0,0.0,0.0,True
train_oof,9534,0,0.0,0.0,True
train_oof,9535,0,0.0,0.0,True
train_oof,9536,0,0.0,0.0,True
train_oof,9537,0,0.0,0.0,True
train_oof,9538,0,0.0,0.0,True
train_oof,9539,0,0.0,0.0,True
train_oof,9540,0,0.0,0.0,True
train_oof,9541,0,0.0,0.0,True
train_oof,9542,0,0.0,0.0,True
train_oof,9543,0,0.0,0.0,True
train_oof,9544,0,0.0,0.0,True
train_oof,9545,0,0.0,0.0,True
train_oof,9546,0,0.0,0.0,True
train_oof,9547,0,0.0,0.0,True
train_oof,9548,0,0.0,0.0,True
train_oof,9549,0,0.0,0.0,True
train_oof,9550,0,0.0,-0.015625,True
train_oof,9551,0,0.0,0.0,True
train_oof,9552,0,0.0,0.0,True
train_oof,9553,0,0.0,0.0,True
train_oof,9554,0,0.0,0.0,True
train_oof,9555,0,0.0,0.0,True
train_oof,9556,0,0.0,0.0,True
train_oof,9557,0,0.0,0.0,True
train_oof,9558,0,0.0,0.0,True
train_oof,9559,0,0.0,0.0,True
train_oof,9560,0,0.0,0.0,True
train_oof,9561,0,0.0,0.0,True
train_oof,9562,0,0.0,0.0,True
train_oof,9563,0,0.0,0.0,True
train_oof,9564,0,0.0,0.0,True
train_oof,9565,0,0.0,0.0,True
train_oof,9566,0,0.0,0.0,True
train_oof,9567,0,0.0,0.0,True
train_oof,9568,0,0.0,0.0,True
train_oof,9569,0,0.0,0.0,True
train_oof,9570,0,0.0,0.0,True
train_oof,9571,0,0.0,0.0,True
train_oof,9572,0,0.0,0.0,True
train_oof,9573,0,0.0,-0.016015625,True
train_oof,9574,0,0.0,0.0,True
train_oof,9575,0,0.0,0.0,True
train_oof,9576,0,0.0,0.0,True
train_oof,9577,0,0.0,0.0,True
train_oof,9578,0,0.0,0.0,True
train_oof,9579,0,0.0,0.0,True
train_oof,9580,0,0.0,0.0,True
train_oof,9581,0,0.0,0.0,True
train_oof,9582,0,0.0,0.0,True
train_oof,9583,0,0.0,0.0,True
train_oof,9584,0,0.0,0.0,True
train_oof,9585,0,0.0,0.0,True
train_oof,9586,0,0.0,0.0,True
train_oof,9587,0,0.0,0.0,True
train_oof,9588,0,0.0,0.0,True
train_oof,9589,0,0.0,0.0,True
train_oof,9590,0,0.0,0.0,True
train_oof,9591,0,0.0,0.0,True
train_oof,9592,0,,0.0,False
train_oof,9593,0,0.0,0.0,True
train_oof,9594,0,0.0,0.0,True
train_oof,9595,0,0.0,0.0,True
train_oof,9596,0,0.0,0.0,True
train_oof,9597,0,0.0,0.0,True
train_oof,9598,0,0.0,0.0,True
train_oof,9599,0,0.0,0.0,True
train_oof,9600,0,0.0,0.0,True
train_oof,9601,0,0.0,0.0,True
train_oof,9602,0,0.0,0.0,True
train_oof,9603,0,0.0,0.0,True
train_oof,9604,0,0.0,0.0,True
train_oof,9605,0,0.0,0.0,True
train_oof,9606,0,0.0,0.0,True
train_oof,9607,-1,,-1.041015625,False
train_oof,9608,0,0.0,0.0,True
train_oof,9609,0,0.0,0.0,True
train_oof,9610,0,0.0,0.0,True
train_oof,9611,0,0.0,0.0,True
train_oof,9612,0,0.0,0.0,True
train_oof,9613,0,0.0,0.0,True
train_oof,9614,0,0.0,0.0,True
train_oof,9615,0,0.0,0.0,True
train_oof,9616,0,0.0,0.0,True
train_oof,9617,0,0.0,0.0,True
train_oof,9618,0,0.0,0.0,True
train_oof,9619,0,0.0,0.0,True
train_oof,9620,0,0.0,0.0,True
train_oof,9621,0,0.0,0.0,True
train_oof,9622,0,0.0,0.0,True
train_oof,9623,0,0.0,0.0,True
train_oof,9624,0,0.0,0.0,True
train_oof,9625,0,0.0,0.0,True
train_oof,9626,0,0.0,0.0,True
train_oof,9627,0,0.0,0.0,True
train_oof,9628,0,0.0,0.0,True
train_oof,9629,0,0.0,0.0,True
train_oof,9630,0,0.0,0.0,True
train_oof,9631,0,0.0,0.0,True
train_oof,9632,0,0.0,0.0,True
train_oof,9633,0,0.0,0.0,True
train_oof,9634,0,0.0,0.0,True
train_oof,9635,0,0.0,0.0,True
train_oof,9636,0,0.0,0.0,True
train_oof,9637,0,0.0,0.0,True
train_oof,9638,0,0.0,0.0,True
train_oof,9639,0,0.0,0.0,True
train_oof,9640,0,0.0,0.0,True
train_oof,9641,0,0.0,0.0,True
train_oof,9642,0,0.0,0.0,True
train_oof,9643,0,0.0,0.0,True
train_oof,9644,0,0.0,0.0,True
train_oof,9645,0,0.0,0.0,True
train_oof,9646,0,0.0,0.0,True
train_oof,9647,0,0.0,0.0,True
train_oof,9648,0,0.0,0.0,True
train_oof,9649,-1,-1.0,-1.003125,True
train_oof,9650,0,0.0,0.0,True
train_oof,9651,0,0.0,0.0,True
train_oof,9652,0,0.0,0.0,True
train_oof,9653,0,0.0,0.0,True
train_oof,9654,0,0.0,0.0,True
train_oof,9655,0,0.0,0.0,True
train_oof,9656,0,0.0,0.0,True
train_oof,9657,0,0.0,0.0,True
train_oof,9658,0,0.0,0.0,True
train_oof,9659,0,0.0,0.0,True
train_oof,9660,0,0.0,0.0,True
train_oof,9661,0,0.0,0.0,True
train_oof,9662,0,0.0,0.0,True
train_oof,9663,0,0.0,0.0,True
train_oof,9664,0,0.0,0.0,True
train_oof,9665,0,0.0,0.0,True
train_oof,9666,0,0.0,0.0,True
train_oof,9667,0,0.0,0.0,True
train_oof,9668,0,0.0,0.0,True
train_oof,9669,0,0.0,0.0,True
train_oof,9670,0,0.0,0.0,True
train_oof,9671,0,0.0,0.0,True
train_oof,9672,0,0.0,0.0,True
train_oof,9673,0,0.0,0.0,True
train_oof,9674,0,0.0,0.0,True
train_oof,9675,0,0.0,0.0,True
train_oof,9676,0,0.0,0.0,True
train_oof,9677,0,0.0,0.0,True
train_oof,9678,0,0.0,0.0,True
train_oof,9679,0,0.0,0.0,True
train_oof,9680,0,0.0,0.0,True
train_oof,9681,0,0.0,0.0,True
train_oof,9682,0,0.0,0.0,True
train_oof,9683,0,0.0,0.0,True
train_oof,9684,0,0.0,0.0,True
train_oof,9685,0,0.0,0.0,True
train_oof,9686,0,0.0,0.0,True
train_oof,9687,0,0.0,0.0,True
train_oof,9688,0,0.0,0.0,True
train_oof,9689,0,0.0,0.0,True
train_oof,9690,0,0.0,0.0,True
train_oof,9691,0,0.0,0.0,True
train_oof,9692,0,0.0,0.0,True
train_oof,9693,0,0.0,0.0,True
train_oof,9694,0,0.0,0.0,True
train_oof,9695,0,0.0,0.0,True
train_oof,9696,0,0.0,0.0,True
train_oof,9697,0,0.0,-4.944620253164557e-05,True
train_oof,9698,0,0.0,0.0,True
train_oof,9699,0,0.0,0.0,True
train_oof,9700,0,0.0,0.0,True
train_oof,9701,0,0.0,0.0,True
train_oof,9702,0,0.0,0.0,True
train_oof,9703,0,0.0,0.0,True
train_oof,9704,0,0.0,0.0,True
train_oof,9705,0,0.0,0.0,True
train_oof,9706,-1,-1.0,-1.0,True
train_oof,9707,0,0.0,0.0,True
train_oof,9708,0,0.0,0.0,True
train_oof,9709,0,0.0,-0.041015625,True
train_oof,9710,0,0.0,0.0,True
train_oof,9711,0,0.0,0.0,True
train_oof,9712,0,0.0,0.0,True
train_oof,9713,0,0.0,0.0,True
train_oof,9714,0,0.0,0.0,True
train_oof,9715,0,0.0,0.0,True
train_oof,9716,0,0.0,0.0,True
train_oof,9717,0,0.0,0.0,True
train_oof,9718,0,0.0,0.0,True
train_oof,9719,0,0.0,0.0,True
train_oof,9720,0,0.0,0.0,True
train_oof,9721,0,0.0,0.0,True
train_oof,9722,0,0.0,0.0,True
train_oof,9723,0,0.0,0.0,True
train_oof,9724,0,0.0,0.0,True
train_oof,9725,0,0.0,0.0,True
train_oof,9726,0,0.0,0.0,True
train_oof,9727,0,0.0,0.0,True
train_oof,9728,0,0.0,0.0,True
train_oof,9729,0,0.0,0.0,True
train_oof,9730,0,0.0,0.0,True
train_oof,9731,0,0.0,0.0,True
train_oof,9732,0,0.0,0.0,True
train_oof,9733,0,0.0,0.0,True
train_oof,9734,0,0.0,0.0,True
train_oof,9735,0,0.0,0.0,True
train_oof,9736,0,0.0,0.0,True
train_oof,9737,-1,-1.0,-1.0,True
train_oof,9738,0,0.0,0.0,True
train_oof,9739,0,0.0,0.0,True
train_oof,9740,0,0.0,0.0,True
train_oof,9741,0,0.0,0.0,True
train_oof,9742,0,0.0,0.0,True
train_oof,9743,0,0.0,0.0,True
train_oof,9744,0,0.0,0.0,True
train_oof,9745,0,0.0,0.0,True
train_oof,9746,0,0.0,0.0,True
train_oof,9747,0,0.0,0.0,True
train_oof,9748,0,0.0,0.0,True
train_oof,9749,0,0.0,0.0,True
train_oof,9750,0,0.0,0.0,True
train_oof,9751,0,0.0,0.0,True
train_oof,9752,0,0.0,0.0,True
train_oof,9753,0,0.0,0.0,True
train_oof,9754,0,0.0,0.0,True
train_oof,9755,0,0.0,0.0,True
train_oof,9756,0,0.0,0.0,True
train_oof,9757,0,0.0,0.0,True
train_oof,9758,0,0.0,0.0,True
train_oof,9759,0,0.0,0.0,True
train_oof,9760,0,0.0,0.0,True
train_oof,9761,0,0.0,0.0,True
train_oof,9762,0,0.0,0.0,True
train_oof,9763,0,0.0,0.0,True
train_oof,9764,0,0.0,0.0,True
train_oof,9765,0,0.0,0.0,True
train_oof,9766,0,0.0,0.0,True
train_oof,9767,0,0.0,0.0,True
train_oof,9768,0,0.0,0.0,True
train_oof,9769,0,0.0,0.0,True
train_oof,9770,0,0.0,0.0,True
train_oof,9771,0,0.0,0.0,True
train_oof,9772,0,0.0,0.0,True
train_oof,9773,0,0.0,0.0,True
train_oof,9774,0,0.0,0.0,True
train_oof,9775,0,0.0,0.0,True
train_oof,9776,0,0.0,0.0,True
train_oof,9777,0,0.0,0.0,True
train_oof,9778,0,0.0,0.0,True
train_oof,9779,0,0.0,0.0,True
train_oof,9780,0,0.0,0.0,True
train_oof,9781,0,0.0,0.0,True
train_oof,9782,0,0.0,0.0,True
train_oof,9783,0,0.0,0.0,True
train_oof,9784,0,0.0,0.0,True
train_oof,9785,0,0.0,0.0,True
train_oof,9786,0,0.0,0.0,True
train_oof,9787,0,0.0,0.0,True
train_oof,9788,0,0.0,0.0,True
train_oof,9789,0,0.0,0.0,True
train_oof,9790,0,0.0,0.0,True
train_oof,9791,0,0.0,0.0,True
train_oof,9792,0,0.0,0.0,True
train_oof,9793,0,0.0,0.0,True
train_oof,9794,0,0.0,0.0,True
train_oof,9795,0,0.0,0.0,True
train_oof,9796,0,0.0,0.0,True
train_oof,9797,0,0.0,0.0,True
train_oof,9798,0,0.0,0.0,True
train_oof,9799,0,0.0,0.0,True
train_oof,9800,0,0.0,0.0,True
train_oof,9801,0,0.0,0.0,True
train_oof,9802,0,0.0,0.0,True
train_oof,9803,0,0.0,0.0,True
train_oof,9804,0,0.0,0.0,True
train_oof,9805,0,0.0,0.0,True
train_oof,9806,0,0.0,0.0,True
train_oof,9807,0,0.0,0.0,True
train_oof,9808,0,0.0,-0.0013020833333333333,True
train_oof,9809,0,0.0,0.0,True
train_oof,9810,-1,-1.0,-1.0,True
train_oof,9811,0,0.0,0.0,True
train_oof,9812,0,0.0,0.0,True
train_oof,9813,0,0.0,0.0,True
train_oof,9814,0,0.0,0.0,True
train_oof,9815,0,0.0,0.0,True
train_oof,9816,0,0.0,0.0,True
train_oof,9817,0,0.0,0.0,True
train_oof,9818,0,0.0,0.0,True
train_oof,9819,0,0.0,0.0,True
train_oof,9820,0,0.0,0.0,True
train_oof,9821,0,0.0,0.0,True
train_oof,9822,0,0.0,0.0,True
train_oof,9823,0,0.0,0.0,True
train_oof,9824,-1,-1.0,-1.0,True
train_oof,9825,0,0.0,-4.944620253164557e-05,True
train_oof,9826,0,0.0,0.0,True
train_oof,9827,0,0.0,0.0,True
train_oof,9828,0,0.0,0.0,True
train_oof,9829,0,0.0,0.0,True
train_oof,9830,0,0.0,0.0,True
train_oof,9831,0,0.0,0.0,True
train_oof,9832,0,0.0,0.0,True
train_oof,9833,0,0.0,0.0,True
train_oof,9834,0,0.0,0.0,True
train_oof,9835,0,0.0,0.0,True
train_oof,9836,0,0.0,0.0,True
train_oof,9837,0,0.0,0.0,True
train_oof,9838,-1,-1.0,-1.0,True
train_oof,9839,0,0.0,0.0,True
train_oof,9840,0,0.0,0.0,True
train_oof,9841,0,0.0,0.0,True
train_oof,9842,0,0.0,0.0,True
train_oof,9843,0,0.0,0.0,True
train_oof,9844,0,0.0,0.0,True
train_oof,9845,0,0.0,0.0,True
train_oof,9846,0,0.0,0.0,True
train_oof,9847,0,0.0,-0.00390625,True
train_oof,9848,0,0.0,0.0,True
train_oof,9849,0,0.0,0.0,True
train_oof,9850,0,0.0,0.0,True
train_oof,9851,0,0.0,0.0,True
train_oof,9852,0,0.0,0.0,True
train_oof,9853,0,0.0,0.0,True
train_oof,9854,0,0.0,0.0,True
train_oof,9855,0,0.0,-0.046875,True
train_oof,9856,0,0.0,0.0,True
train_oof,9857,0,0.0,0.0,True
train_oof,9858,0,0.0,0.0,True
train_oof,9859,0,0.0,-4.944620253164557e-05,True
train_oof,9860,0,0.0,0.0,True
train_oof,9861,0,0.0,0.0,True
train_oof,9862,0,0.0,0.0,True
train_oof,9863,0,0.0,0.0,True
train_oof,9864,-1,,-1.041015625,False
train_oof,9865,0,0.0,0.0,True
train_oof,9866,0,0.0,0.0,True
train_oof,9867,0,0.0,0.0,True
train_oof,9868,0,0.0,0.0,True
train_oof,9869,0,0.0,0.0,True
train_oof,9870,0,0.0,0.0,True
train_oof,9871,0,0.0,0.0,True
train_oof,9872,0,0.0,0.0,True
train_oof,9873,0,0.0,0.0,True
train_oof,9874,0,0.0,0.0,True
train_oof,9875,0,0.0,0.0,True
train_oof,9876,0,0.0,0.0,True
train_oof,9877,0,0.0,0.0,True
train_oof,9878,0,0.0,0.0,True
train_oof,9879,0,0.0,0.0,True
train_oof,9880,0,0.0,0.0,True
train_oof,9881,0,0.0,0.0,True
train_oof,9882,0,,0.0,False
train_oof,9883,0,0.0,0.0,True
train_oof,9884,0,0.0,0.0,True
train_oof,9885,0,0.0,0.0,True
train_oof,9886,0,0.0,0.0,True
train_oof,9887,0,0.0,0.0,True
train_oof,9888,0,0.0,0.0,True
train_oof,9889,0,0.0,0.0,True
train_oof,9890,0,0.0,0.0,True
train_oof,9891,0,0.0,0.0,True
train_oof,9892,0,0.0,0.0,True
train_oof,9893,0,0.0,0.0,True
train_oof,9894,0,0.0,0.0,True
train_oof,9895,0,0.0,0.0,True
train_oof,9896,0,0.0,0.0,True
train_oof,9897,0,0.0,0.0,True
train_oof,9898,0,0.0,0.0,True
train_oof,9899,0,,0.0,False
train_oof,9900,0,0.0,0.0,True
train_oof,9901,0,0.0,0.0,True
train_oof,9902,0,0.0,0.0,True
train_oof,9903,0,0.0,0.0,True
train_oof,9904,0,0.0,-0.041015625,True
train_oof,9905,0,0.0,0.0,True
train_oof,9906,0,0.0,0.0,True
train_oof,9907,0,0.0,0.0,True
train_oof,9908,-1,-1.0,-1.0,True
train_oof,9909,0,0.0,0.0,True
train_oof,9910,0,0.0,0.0,True
train_oof,9911,0,0.0,0.0,True
train_oof,9912,0,0.0,0.0,True
train_oof,9913,0,0.0,-1.6416015625000044,True
train_oof,9914,0,0.0,0.0,True
train_oof,9915,0,0.0,0.0,True
train_oof,9916,0,0.0,0.0,True
train_oof,9917,0,0.0,0.0,True
train_oof,9918,0,0.0,0.0,True
train_oof,9919,0,0.0,0.0,True
train_oof,9920,0,0.0,0.0,True
train_oof,9921,0,0.0,0.0,True
train_oof,9922,0,0.0,0.0,True
train_oof,9923,0,0.0,0.0,True
train_oof,9924,0,0.0,0.0,True
train_oof,9925,0,0.0,0.0,True
train_oof,9926,0,0.0,0.0,True
train_oof,9927,0,,0.0,False
train_oof,9928,0,0.0,0.0,True
train_oof,9929,0,0.0,0.0,True
train_oof,9930,0,0.0,0.0,True
train_oof,9931,0,0.0,0.0,True
train_oof,9932,0,0.0,0.0,True
train_oof,9933,0,0.0,0.0,True
train_oof,9934,0,0.0,0.0,True
train_oof,9935,0,0.0,0.0,True
train_oof,9936,0,0.0,0.0,True
train_oof,9937,0,0.0,0.0,True
train_oof,9938,0,0.0,0.0,True
train_oof,9939,0,0.0,0.0,True
train_oof,9940,0,0.0,0.0,True
train_oof,9941,0,0.0,0.0,True
train_oof,9942,0,0.0,0.0,True
train_oof,9943,0,0.0,0.0,True
train_oof,9944,-1,,-1.0,False
train_oof,9945,0,0.0,0.0,True
train_oof,9946,0,0.0,0.0,True
train_oof,9947,0,0.0,0.0,True
train_oof,9948,0,0.0,0.0,True
train_oof,9949,0,0.0,0.0,True
train_oof,9950,0,0.0,0.0,True
train_oof,9951,0,0.0,0.0,True
train_oof,9952,0,0.0,0.0,True
train_oof,9953,0,0.0,0.0,True
train_oof,9954,0,0.0,0.0,True
train_oof,9955,0,0.0,0.0,True
train_oof,9956,0,0.0,0.0,True
train_oof,9957,0,0.0,0.0,True
train_oof,9958,0,0.0,0.0,True
train_oof,9959,0,0.0,0.0,True
train_oof,9960,0,0.0,0.0,True
train_oof,9961,0,0.0,-4.944620253164557e-05,True
train_oof,9962,0,0.0,0.0,True
train_oof,9963,0,0.0,0.0,True
train_oof,9964,0,0.0,0.0,True
train_oof,9965,0,0.0,0.0,True
train_oof,9966,0,0.0,0.0,True
train_oof,9967,0,0.0,0.0,True
train_oof,9968,0,0.0,0.0,True
train_oof,9969,0,0.0,0.0,True
train_oof,9970,0,0.0,0.0,True
train_oof,9971,0,0.0,0.0,True
train_oof,9972,0,0.0,0.0,True
train_oof,9973,0,0.0,0.0,True
train_oof,9974,0,0.0,0.0,True
train_oof,9975,0,0.0,0.0,True
train_oof,9976,0,0.0,0.0,True
train_oof,9977,0,0.0,0.0,True
train_oof,9978,0,0.0,0.0,True
train_oof,9979,0,0.0,0.0,True
train_oof,9980,0,0.0,0.0,True
train_oof,9981,0,0.0,0.0,True
train_oof,9982,0,0.0,0.0,True
train_oof,9983,0,0.0,0.0,True
train_oof,9984,0,0.0,0.0,True
train_oof,9985,0,0.0,0.0,True
train_oof,9986,0,0.0,0.0,True
train_oof,9987,0,,-0.09458705357142858,False
train_oof,9988,0,0.0,0.0,True
train_oof,9989,0,0.0,0.0,True
train_oof,9990,0,0.0,-4.944620253164557e-05,True
train_oof,9991,0,0.0,0.0,True
train_oof,9992,0,0.0,0.0,True
train_oof,9993,0,0.0,0.0,True
train_oof,9994,0,0.0,0.0,True
train_oof,9995,0,0.0,0.0,True
train_oof,9996,0,0.0,0.0,True
train_oof,9997,0,0.0,0.0,True
train_oof,9998,0,0.0,0.0,True
train_oof,9999,0,0.0,0.0,True
valid,0,0,0.0,0.0,True
valid,1,0,0.0,0.0,True
valid,2,0,0.0,0.0,True
valid,3,0,0.0,0.0,True
valid,4,0,0.0,0.0,True
valid,5,0,0.0,0.0,True
valid,6,0,0.0,0.0,True
valid,7,0,0.0,0.0,True
valid,8,0,0.0,0.0,True
valid,9,0,0.0,0.0,True
valid,10,0,0.0,0.0,True
valid,11,0,0.0,0.0,True
valid,12,0,0.0,0.0,True
valid,13,0,0.0,0.0,True
valid,14,0,0.0,-0.009440104166666666,True
valid,15,0,0.0,0.0,True
valid,16,0,0.0,0.0,True
valid,17,0,,0.0,False
valid,18,0,0.0,0.0,True
valid,19,0,0.0,0.0,True
valid,20,0,0.0,0.0,True
valid,21,0,0.0,0.0,True
valid,22,0,0.0,0.0,True
valid,23,0,0.0,0.0,True
valid,24,0,0.0,0.0,True
valid,25,0,0.0,0.0,True
valid,26,0,0.0,0.0,True
valid,27,0,0.0,0.0,True
valid,28,0,0.0,0.0,True
valid,29,0,0.0,0.0,True
valid,30,0,0.0,0.0,True
valid,31,0,0.0,0.0,True
valid,32,0,0.0,0.0,True
valid,33,0,0.0,0.0,True
valid,34,0,0.0,0.0,True
valid,35,0,0.0,0.0,True
valid,36,0,0.0,0.0,True
valid,37,0,0.0,0.0,True
valid,38,0,0.0,0.0,True
valid,39,0,0.0,0.0,True
valid,40,0,0.0,0.0,True
valid,41,0,0.0,0.0,True
valid,42,0,0.0,0.0,True
valid,43,0,0.0,0.0,True
valid,44,0,0.0,0.0,True
valid,45,0,0.0,0.0,True
valid,46,0,0.0,0.0,True
valid,47,0,0.0,0.0,True
valid,48,0,0.0,0.0,True
valid,49,0,0.0,0.0,True
valid,50,-1,-1.0,-1.0,True
valid,51,0,0.0,0.0,True
valid,52,0,0.0,0.0,True
valid,53,0,0.0,0.0,True
valid,54,0,0.0,0.0,True
valid,55,0,0.0,0.0,True
valid,56,0,0.0,0.0,True
valid,57,0,0.0,0.0,True
valid,58,0,0.0,0.0,True
valid,59,0,0.0,0.0,True
valid,60,0,0.0,0.0,True
valid,61,0,0.0,0.0,True
valid,62,0,0.0,0.0,True
valid,63,0,0.0,0.0,True
valid,64,-1,-1.0,-1.0,True
valid,65,0,0.0,0.0,True
valid,66,0,0.0,0.0,True
valid,67,0,0.0,0.0,True
valid,68,0,0.0,0.0,True
valid,69,0,0.0,0.0,True
valid,70,0,0.0,0.0,True
valid,71,0,0.0,0.0,True
valid,72,0,0.0,0.0,True
valid,73,0,0.0,0.0,True
valid,74,0,0.0,0.0,True
valid,75,0,0.0,0.0,True
valid,76,-1,-1.0,-1.0,True
valid,77,0,0.0,0.0,True
valid,78,0,0.0,0.0,True
valid,79,0,0.0,0.0,True
valid,80,0,0.0,0.0,True
valid,81,0,0.0,0.0,True
valid,82,0,0.0,0.0,True
valid,83,0,0.0,0.0,True
valid,84,0,0.0,0.0,True
valid,85,0,0.0,0.0,True
valid,86,0,0.0,0.0,True
valid,87,0,0.0,0.0,True
valid,88,0,0.0,0.0,True
valid,89,0,0.0,0.0,True
valid,90,0,0.0,0.0,True
valid,91,-1,-1.0,-1.0,True
valid,92,0,0.0,0.0,True
valid,93,0,0.0,0.0,True
valid,94,0,0.0,0.0,True
valid,95,0,0.0,0.0,True
valid,96,0,0.0,0.0,True
valid,97,0,0.0,0.0,True
valid,98,0,0.0,0.0,True
valid,99,0,0.0,0.0,True
valid,100,0,0.0,0.0,True
valid,101,0,0.0,0.0,True
valid,102,0,0.0,0.0,True
valid,103,0,0.0,0.0,True
valid,104,0,0.0,0.0,True
valid,105,0,0.0,0.0,True
valid,106,0,0.0,0.0,True
valid,107,0,0.0,0.0,True
valid,108,0,0.0,0.0,True
valid,109,0,0.0,0.0,True
valid,110,0,0.0,0.0,True
valid,111,0,0.0,0.0,True
valid,112,0,0.0,0.0,True
valid,113,0,0.0,0.0,True
valid,114,0,0.0,0.0,True
valid,115,0,0.0,0.0,True
valid,116,0,0.0,0.0,True
valid,117,0,0.0,0.0,True
valid,118,0,0.0,0.0,True
valid,119,0,0.0,0.0,True
valid,120,0,0.0,0.0,True
valid,121,0,0.0,0.0,True
valid,122,0,0.0,0.0,True
valid,123,0,0.0,0.0,True
valid,124,0,0.0,0.0,True
valid,125,0,0.0,0.0,True
valid,126,0,0.0,0.0,True
valid,127,0,0.0,0.0,True
valid,128,0,0.0,0.0,True
valid,129,0,0.0,0.0,True
valid,130,0,0.0,0.0,True
valid,131,0,0.0,0.0,True
valid,132,0,0.0,0.0,True
valid,133,0,0.0,0.0,True
valid,134,0,0.0,0.0,True
valid,135,0,0.0,0.0,True
valid,136,0,0.0,0.0,True
valid,137,0,0.0,0.0,True
valid,138,0,0.0,0.0,True
valid,139,0,0.0,0.0,True
valid,140,0,0.0,0.0,True
valid,141,0,0.0,0.0,True
valid,142,-1,-1.0,-1.0,True
valid,143,0,0.0,0.0,True
valid,144,0,0.0,0.0,True
valid,145,0,0.0,0.0,True
valid,146,0,0.0,0.0,True
valid,147,0,0.0,0.0,True
valid,148,0,0.0,0.0,True
valid,149,0,0.0,0.0,True
valid,150,0,0.0,0.0,True
valid,151,0,0.0,0.0,True
valid,152,0,0.0,0.0,True
valid,153,0,0.0,0.0,True
valid,154,0,0.0,0.0,True
valid,155,0,0.0,0.0,True
valid,156,0,0.0,0.0,True
valid,157,0,0.0,0.0,True
valid,158,0,0.0,0.0,True
valid,159,0,0.0,0.0,True
valid,160,0,0.0,0.0,True
valid,161,0,0.0,0.0,True
valid,162,0,0.0,0.0,True
valid,163,0,0.0,0.0,True
valid,164,0,0.0,0.0,True
valid,165,0,0.0,0.0,True
valid,166,0,0.0,0.0,True
valid,167,0,0.0,0.0,True
valid,168,0,0.0,0.0,True
valid,169,0,0.0,0.0,True
valid,170,0,0.0,0.0,True
valid,171,0,0.0,0.0,True
valid,172,-6,-6.0,-2.9906249999999996,True
valid,173,0,0.0,0.0,True
valid,174,0,0.0,0.0,True
valid,175,0,0.0,0.0,True
valid,176,0,0.0,0.0,True
valid,177,0,0.0,0.0,True
valid,178,0,0.0,0.0,True
valid,179,0,0.0,0.0,True
valid,180,-1,-1.0,-1.0,True
valid,181,0,0.0,0.0,True
valid,182,0,0.0,0.0,True
valid,183,0,0.0,0.0,True
valid,184,0,0.0,0.0,True
valid,185,0,0.0,0.0,True
valid,186,0,0.0,0.0,True
valid,187,0,0.0,0.0,True
valid,188,0,0.0,0.0,True
valid,189,0,0.0,-0.1572265625,True
valid,190,0,0.0,0.0,True
valid,191,0,0.0,0.0,True
valid,192,0,0.0,0.0,True
valid,193,0,0.0,0.0,True
valid,194,0,0.0,0.0,True
valid,195,0,0.0,0.0,True
valid,196,0,0.0,0.0,True
valid,197,0,0.0,0.0,True
valid,198,0,0.0,0.0,True
valid,199,0,0.0,0.0,True
valid,200,-1,-1.0,-1.0,True
valid,201,0,0.0,0.0,True
valid,202,0,0.0,0.0,True
valid,203,0,0.0,0.0,True
valid,204,0,0.0,0.0,True
valid,205,0,0.0,0.0,True
valid,206,0,0.0,0.0,True
valid,207,0,0.0,0.0,True
valid,208,0,0.0,0.0,True
valid,209,0,0.0,0.0,True
valid,210,0,0.0,0.0,True
valid,211,0,0.0,0.0,True
valid,212,0,0.0,0.0,True
valid,213,0,0.0,0.0,True
valid,214,-2,,-1.316536458333332,False
valid,215,0,0.0,0.0,True
valid,216,0,0.0,0.0,True
valid,217,0,0.0,0.0,True
valid,218,0,0.0,0.0,True
valid,219,0,0.0,0.0,True
valid,220,0,0.0,0.0,True
valid,221,0,0.0,0.0,True
valid,222,0,0.0,0.0,True
valid,223,0,0.0,0.0,True
valid,224,-1,-1.0,-1.12109375,True
valid,225,0,0.0,0.0,True
valid,226,0,0.0,0.0,True
valid,227,0,0.0,0.0,True
valid,228,0,0.0,0.0,True
valid,229,-1,,-1.0,False
valid,230,-1,-1.0,-1.0,True
valid,231,0,0.0,0.0,True
valid,232,0,0.0,0.0,True
valid,233,0,0.0,0.0,True
valid,234,0,0.0,0.0,True
valid,235,0,0.0,0.0,True
valid,236,0,0.0,0.0,True
valid,237,0,0.0,0.0,True
valid,238,0,0.0,0.0,True
valid,239,-1,-1.0,-1.0,True
valid,240,0,0.0,0.0,True
valid,241,0,0.0,0.0,True
valid,242,0,0.0,0.0,True
valid,243,0,0.0,0.0,True
valid,244,0,0.0,0.0,True
valid,245,0,0.0,0.0,True
valid,246,0,0.0,0.0,True
valid,247,0,0.0,0.0,True
valid,248,0,0.0,0.0,True
valid,249,-2,,-1.48046875,False
valid,250,0,0.0,0.0,True
valid,251,0,0.0,0.0,True
valid,252,0,0.0,0.0,True
valid,253,0,0.0,0.0,True
valid,254,0,0.0,0.0,True
valid,255,0,0.0,0.0,True
valid,256,0,0.0,0.0,True
valid,257,0,0.0,0.0,True
valid,258,0,0.0,0.0,True
valid,259,0,0.0,0.0,True
valid,260,0,0.0,0.0,True
valid,261,0,0.0,0.0,True
valid,262,0,0.0,0.0,True
valid,263,0,0.0,0.0,True
valid,264,0,0.0,0.0,True
valid,265,0,0.0,0.0,True
valid,266,0,0.0,0.0,True
valid,267,-1,-1.0,-1.12109375,True
valid,268,0,0.0,0.0,True
valid,269,0,0.0,0.0,True
valid,270,0,0.0,0.0,True
valid,271,0,0.0,0.0,True
valid,272,0,0.0,0.0,True
valid,273,0,0.0,0.0,True
valid,274,0,0.0,0.0,True
valid,275,0,0.0,0.0,True
valid,276,0,0.0,0.0,True
valid,277,0,0.0,0.0,True
valid,278,0,0.0,0.0,True
valid,279,0,0.0,0.0,True
valid,280,0,0.0,0.0,True
valid,281,0,0.0,0.0,True
valid,282,0,0.0,0.0,True
valid,283,0,0.0,0.0,True
valid,284,0,0.0,0.0,True
valid,285,0,0.0,0.0,True
valid,286,0,0.0,0.0,True
valid,287,0,0.0,0.0,True
valid,288,0,0.0,0.0,True
valid,289,0,0.0,0.0,True
valid,290,0,0.0,0.0,True
valid,291,0,0.0,0.0,True
valid,292,0,0.0,0.0,True
valid,293,0,0.0,0.0,True
valid,294,0,0.0,0.0,True
valid,295,0,0.0,0.0,True
valid,296,0,0.0,0.0,True
valid,297,0,0.0,0.0,True
valid,298,0,0.0,0.0,True
valid,299,0,0.0,-0.005208333333333333,True
valid,300,0,0.0,0.0,True
valid,301,0,0.0,0.0,True
valid,302,0,0.0,0.0,True
valid,303,0,0.0,0.0,True
valid,304,0,0.0,0.0,True
valid,305,0,0.0,0.0,True
valid,306,-1,-1.0,-1.0,True
valid,307,0,0.0,0.0,True
valid,308,0,0.0,0.0,True
valid,309,0,0.0,0.0,True
valid,310,0,0.0,0.0,True
valid,311,0,0.0,0.0,True
valid,312,0,0.0,0.0,True
valid,313,0,0.0,0.0,True
valid,314,0,0.0,0.0,True
valid,315,0,0.0,0.0,True
valid,316,0,0.0,0.0,True
valid,317,0,0.0,0.0,True
valid,318,0,0.0,0.0,True
valid,319,0,0.0,0.0,True
valid,320,0,0.0,0.0,True
valid,321,0,0.0,0.0,True
valid,322,0,0.0,0.0,True
valid,323,0,0.0,0.0,True
valid,324,0,0.0,0.0,True
valid,325,0,0.0,0.0,True
valid,326,0,0.0,0.0,True
valid,327,0,0.0,0.0,True
valid,328,0,0.0,0.0,True
valid,329,0,0.0,0.0,True
valid,330,0,0.0,0.0,True
valid,331,0,0.0,0.0,True
valid,332,0,0.0,0.0,True
valid,333,0,0.0,0.0,True
valid,334,0,0.0,0.0,True
valid,335,0,0.0,0.0,True
valid,336,0,0.0,0.0,True
valid,337,0,0.0,0.0,True
valid,338,0,0.0,0.0,True
valid,339,0,0.0,0.0,True
valid,340,0,0.0,0.0,True
valid,341,0,0.0,0.0,True
valid,342,0,0.0,0.0,True
valid,343,0,0.0,0.0,True
valid,344,0,0.0,0.0,True
valid,345,0,0.0,0.0,True
valid,346,0,0.0,0.0,True
valid,347,0,0.0,0.0,True
valid,348,0,0.0,0.0,True
valid,349,0,0.0,0.0,True
valid,350,0,0.0,-0.8125,True
valid,351,0,0.0,0.0,True
valid,352,0,0.0,0.0,True
valid,353,0,0.0,0.0,True
valid,354,0,0.0,0.0,True
valid,355,0,0.0,0.0,True
valid,356,0,0.0,0.0,True
valid,357,0,0.0,0.0,True
valid,358,0,0.0,0.0,True
valid,359,0,0.0,0.0,True
valid,360,0,0.0,0.0,True
valid,361,0,0.0,-0.203125,True
valid,362,0,0.0,0.0,True
valid,363,0,0.0,0.0,True
valid,364,0,0.0,0.0,True
valid,365,0,0.0,0.0,True
valid,366,0,0.0,0.0,True
valid,367,0,0.0,0.0,True
valid,368,0,0.0,0.0,True
valid,369,0,0.0,0.0,True
valid,370,0,0.0,0.0,True
valid,371,0,0.0,0.0,True
valid,372,0,0.0,0.0,True
valid,373,0,0.0,0.0,True
valid,374,0,0.0,0.0,True
valid,375,0,0.0,0.0,True
valid,376,0,0.0,0.0,True
valid,377,0,0.0,0.0,True
valid,378,0,0.0,0.0,True
valid,379,0,0.0,0.0,True
valid,380,0,0.0,0.0,True
valid,381,0,0.0,0.0,True
valid,382,0,0.0,0.0,True
valid,383,0,0.0,0.0,True
valid,384,0,0.0,0.0,True
valid,385,0,0.0,0.0,True
valid,386,0,0.0,0.0,True
valid,387,0,0.0,0.0,True
valid,388,0,0.0,0.0,True
valid,389,0,0.0,0.0,True
valid,390,0,0.0,0.0,True
valid,391,0,0.0,0.0,True
valid,392,0,0.0,0.0,True
valid,393,-1,-1.0,-1.0,True
valid,394,0,0.0,0.0,True
valid,395,0,0.0,0.0,True
valid,396,0,0.0,0.0,True
valid,397,0,0.0,0.0,True
valid,398,0,0.0,0.0,True
valid,399,0,0.0,0.0,True
valid,400,0,0.0,0.0,True
valid,401,0,0.0,0.0,True
valid,402,0,0.0,0.0,True
valid,403,-1,,-1.029296875,False
valid,404,0,0.0,0.0,True
valid,405,0,0.0,0.0,True
valid,406,0,0.0,0.0,True
valid,407,0,0.0,0.0,True
valid,408,0,0.0,0.0,True
valid,409,0,0.0,0.0,True
valid,410,0,0.0,0.0,True
valid,411,0,0.0,0.0,True
valid,412,0,0.0,0.0,True
valid,413,0,,0.0,False
valid,414,0,0.0,0.0,True
valid,415,0,0.0,0.0,True
valid,416,0,0.0,0.0,True
valid,417,0,0.0,0.0,True
valid,418,0,0.0,0.0,True
valid,419,0,0.0,0.0,True
valid,420,0,0.0,0.0,True
valid,421,0,0.0,0.0,True
valid,422,0,0.0,0.0,True
valid,423,0,0.0,0.0,True
valid,424,0,0.0,0.0,True
valid,425,0,0.0,0.0,True
valid,426,0,0.0,0.0,True
valid,427,0,0.0,0.0,True
valid,428,0,0.0,0.0,True
valid,429,0,0.0,0.0,True
valid,430,0,0.0,0.0,True
valid,431,0,0.0,0.0,True
valid,432,0,0.0,0.0,True
valid,433,0,0.0,0.0,True
valid,434,0,0.0,0.0,True
valid,435,0,0.0,0.0,True
valid,436,0,0.0,0.0,True
valid,437,0,0.0,0.0,True
valid,438,0,0.0,0.0,True
valid,439,0,0.0,0.0,True
valid,440,0,0.0,0.0,True
valid,441,0,0.0,0.0,True
valid,442,0,0.0,0.0,True
valid,443,0,0.0,0.0,True
valid,444,0,0.0,0.0,True
valid,445,0,0.0,0.0,True
valid,446,0,0.0,0.0,True
valid,447,0,0.0,0.0,True
valid,448,0,0.0,0.0,True
valid,449,0,0.0,0.0,True
valid,450,0,0.0,0.0,True
valid,451,0,0.0,0.0,True
valid,452,0,0.0,0.0,True
valid,453,0,0.0,0.0,True
valid,454,0,0.0,0.0,True
valid,455,0,0.0,0.0,True
valid,456,0,0.0,0.0,True
valid,457,0,0.0,0.0,True
valid,458,0,0.0,0.0,True
valid,459,0,0.0,0.0,True
valid,460,0,0.0,0.0,True
valid,461,-1,-1.0,-1.0,True
valid,462,0,0.0,0.0,True
valid,463,0,0.0,0.0,True
valid,464,0,0.0,0.0,True
valid,465,0,0.0,0.0,True
valid,466,0,0.0,0.0,True
valid,467,0,0.0,0.0,True
valid,468,0,0.0,0.0,True
valid,469,0,0.0,0.0,True
valid,470,0,0.0,0.0,True
valid,471,0,0.0,0.0,True
valid,472,0,0.0,0.0,True
valid,473,0,0.0,0.0,True
valid,474,0,0.0,0.0,True
valid,475,0,0.0,0.0,True
valid,476,0,0.0,0.0,True
valid,477,0,0.0,0.0,True
valid,478,-1,,-1.0,False
valid,479,0,0.0,0.0,True
valid,480,0,0.0,0.0,True
valid,481,0,0.0,0.0,True
valid,482,0,0.0,0.0,True
valid,483,0,0.0,0.0,True
valid,484,0,0.0,0.0,True
valid,485,-1,-1.0,-1.0,True
valid,486,0,0.0,0.0,True
valid,487,0,0.0,0.0,True
valid,488,0,0.0,0.0,True
valid,489,0,0.0,0.0,True
valid,490,0,0.0,0.0,True
valid,491,0,0.0,0.0,True
valid,492,0,0.0,0.0,True
valid,493,0,0.0,0.0,True
valid,494,0,0.0,0.0,True
valid,495,0,0.0,0.0,True
valid,496,0,0.0,0.0,True
valid,497,0,0.0,0.0,True
valid,498,0,0.0,0.0,True
valid,499,0,0.0,0.0,True
valid,500,0,0.0,0.0,True
valid,501,0,0.0,0.0,True
valid,502,0,0.0,0.0,True
valid,503,0,0.0,0.0,True
valid,504,0,0.0,0.0,True
valid,505,0,0.0,0.0,True
valid,506,0,0.0,0.0,True
valid,507,0,0.0,0.0,True
valid,508,0,0.0,0.0,True
valid,509,-1,-1.0,-1.0,True
valid,510,0,0.0,0.0,True
valid,511,0,0.0,0.0,True
valid,512,0,0.0,0.0,True
valid,513,0,0.0,0.0,True
valid,514,0,0.0,0.0,True
valid,515,0,0.0,0.0,True
valid,516,0,0.0,0.0,True
valid,517,0,0.0,0.0,True
valid,518,0,0.0,0.0,True
valid,519,0,0.0,0.0,True
valid,520,0,0.0,0.0,True
valid,521,0,0.0,0.0,True
valid,522,0,0.0,0.0,True
valid,523,0,0.0,0.0,True
valid,524,0,0.0,0.0,True
valid,525,0,0.0,0.0,True
valid,526,0,0.0,0.0,True
valid,527,0,0.0,0.0,True
valid,528,-1,-1.0,-0.9946986607142857,True
valid,529,0,0.0,0.0,True
valid,530,0,0.0,0.0,True
valid,531,0,0.0,0.0,True
valid,532,0,0.0,0.0,True
valid,533,0,0.0,0.0,True
valid,534,0,0.0,0.0,True
valid,535,0,0.0,0.0,True
valid,536,0,0.0,0.0,True
valid,537,0,0.0,0.0,True
valid,538,0,0.0,0.0,True
valid,539,0,0.0,0.0,True
valid,540,0,0.0,0.0,True
valid,541,0,0.0,0.0,True
valid,542,0,0.0,0.0,True
valid,543,0,0.0,0.0,True
valid,544,0,0.0,0.0,True
valid,545,0,0.0,0.0,True
valid,546,0,0.0,0.0,True
valid,547,0,0.0,0.0,True
valid,548,0,0.0,0.0,True
valid,549,0,0.0,0.0,True
valid,550,0,0.0,0.0,True
valid,551,0,0.0,0.0,True
valid,552,0,0.0,0.0,True
valid,553,0,0.0,0.0,True
valid,554,0,0.0,0.0,True
valid,555,0,0.0,0.0,True
valid,556,0,0.0,0.0,True
valid,557,0,0.0,0.0,True
valid,558,0,0.0,0.0,True
valid,559,0,0.0,0.0,True
valid,560,0,0.0,0.0,True
valid,561,0,0.0,0.0,True
valid,562,0,0.0,0.0,True
valid,563,0,0.0,0.0,True
valid,564,0,0.0,0.0,True
valid,565,0,0.0,0.0,True
valid,566,0,0.0,0.0,True
valid,567,-1,-1.0,-1.0,True
valid,568,0,0.0,0.0,True
valid,569,0,0.0,0.0,True
valid,570,0,0.0,0.0,True
valid,571,0,0.0,0.0,True
valid,572,0,0.0,0.0,True
valid,573,0,0.0,0.0,True
valid,574,0,0.0,0.0,True
valid,575,0,0.0,0.0,True
valid,576,0,0.0,0.0,True
valid,577,0,0.0,0.0,True
valid,578,0,0.0,0.0,True
valid,579,0,0.0,0.0,True
valid,580,0,0.0,0.0,True
valid,581,0,0.0,0.0,True
valid,582,0,0.0,0.0,True
valid,583,0,0.0,0.0,True
valid,584,0,0.0,0.0,True
valid,585,0,0.0,0.0,True
valid,586,0,0.0,0.0,True
valid,587,0,0.0,0.0,True
valid,588,0,0.0,0.0,True
valid,589,0,0.0,0.0,True
valid,590,0,0.0,0.0,True
valid,591,0,0.0,0.0,True
valid,592,0,0.0,0.0,True
valid,593,0,0.0,0.0,True
valid,594,0,0.0,0.0,True
valid,595,0,0.0,0.0,True
valid,596,0,0.0,0.0,True
valid,597,0,0.0,0.0,True
valid,598,0,0.0,0.0,True
valid,599,0,0.0,0.0,True
valid,600,0,0.0,0.0,True
valid,601,0,0.0,0.0,True
valid,602,0,0.0,0.0,True
valid,603,0,0.0,0.0,True
valid,604,0,0.0,0.0,True
valid,605,0,0.0,0.0,True
valid,606,0,0.0,0.0,True
valid,607,0,0.0,0.0,True
valid,608,0,0.0,0.0,True
valid,609,0,0.0,0.0,True
valid,610,0,0.0,0.0,True
valid,611,0,0.0,0.0,True
valid,612,0,0.0,0.0,True
valid,613,0,0.0,0.0,True
valid,614,0,0.0,0.0,True
valid,615,0,0.0,0.0,True
valid,616,0,0.0,0.0,True
valid,617,0,0.0,0.0,True
valid,618,0,0.0,0.0,True
valid,619,0,0.0,0.0,True
valid,620,0,0.0,0.0,True
valid,621,0,0.0,0.0,True
valid,622,0,0.0,0.0,True
valid,623,0,0.0,0.0,True
valid,624,0,0.0,0.0,True
valid,625,0,0.0,0.0,True
valid,626,0,0.0,0.0,True
valid,627,0,0.0,0.0,True
valid,628,0,0.0,0.0,True
valid,629,0,0.0,0.0,True
valid,630,0,0.0,0.0,True
valid,631,0,0.0,0.0,True
valid,632,0,0.0,0.0,True
valid,633,-1,-1.0,-1.0,True
valid,634,0,0.0,0.0,True
valid,635,0,0.0,0.0,True
valid,636,0,0.0,0.0,True
valid,637,0,0.0,0.0,True
valid,638,0,0.0,0.0,True
valid,639,0,0.0,0.0,True
valid,640,0,0.0,0.0,True
valid,641,0,0.0,0.0,True
valid,642,0,0.0,0.0,True
valid,643,0,0.0,0.0,True
valid,644,0,0.0,0.0,True
valid,645,0,0.0,0.0,True
valid,646,0,0.0,0.0,True
valid,647,0,0.0,0.0,True
valid,648,0,0.0,0.0,True
valid,649,0,0.0,0.0,True
valid,650,0,0.0,0.0,True
valid,651,0,0.0,0.0,True
valid,652,0,0.0,0.0,True
valid,653,0,0.0,0.0,True
valid,654,0,0.0,0.0,True
valid,655,0,0.0,0.0,True
valid,656,0,0.0,0.0,True
valid,657,0,0.0,0.0,True
valid,658,0,0.0,0.0,True
valid,659,0,0.0,0.0,True
valid,660,0,0.0,0.0,True
valid,661,0,0.0,0.0,True
valid,662,0,0.0,0.0,True
valid,663,0,0.0,0.0,True
valid,664,0,0.0,0.0,True
valid,665,0,0.0,0.0,True
valid,666,0,0.0,0.0,True
valid,667,0,0.0,0.0,True
valid,668,0,0.0,0.0,True
valid,669,0,0.0,0.0,True
valid,670,0,0.0,0.0,True
valid,671,0,0.0,0.0,True
valid,672,0,0.0,0.0,True
valid,673,0,0.0,0.0,True
valid,674,0,0.0,0.0,True
valid,675,0,0.0,0.0,True
valid,676,0,0.0,0.0,True
valid,677,0,0.0,0.0,True
valid,678,0,0.0,0.0,True
valid,679,0,0.0,0.0,True
valid,680,0,0.0,0.0,True
valid,681,0,0.0,0.0,True
valid,682,0,0.0,0.0,True
valid,683,0,0.0,0.0,True
valid,684,0,0.0,0.0,True
valid,685,0,0.0,0.0,True
valid,686,0,0.0,0.0,True
valid,687,0,0.0,0.0,True
valid,688,0,0.0,0.0,True
valid,689,0,0.0,0.0,True
valid,690,0,0.0,0.0,True
valid,691,0,0.0,0.0,True
valid,692,0,0.0,0.0,True
valid,693,-1,-1.0,-1.0,True
valid,694,0,0.0,0.0,True
valid,695,0,0.0,0.0,True
valid,696,0,0.0,0.0,True
valid,697,0,0.0,0.0,True
valid,698,0,0.0,0.0,True
valid,699,0,0.0,0.0,True
valid,700,0,0.0,0.0,True
valid,701,0,0.0,0.0,True
valid,702,0,0.0,0.0,True
valid,703,0,0.0,0.0,True
valid,704,0,0.0,0.0,True
valid,705,0,0.0,0.0,True
valid,706,0,0.0,0.0,True
valid,707,0,0.0,0.0,True
valid,708,0,0.0,0.0,True
valid,709,0,0.0,0.0,True
valid,710,0,0.0,0.0,True
valid,711,0,0.0,0.0,True
valid,712,0,0.0,0.0,True
valid,713,0,0.0,0.0,True
valid,714,0,0.0,0.0,True
valid,715,0,0.0,0.0,True
valid,716,0,0.0,0.0,True
valid,717,0,0.0,0.0,True
valid,718,0,0.0,0.0,True
valid,719,0,0.0,0.0,True
valid,720,0,0.0,0.0,True
valid,721,0,0.0,0.0,True
valid,722,0,0.0,0.0,True
valid,723,0,0.0,0.0,True
valid,724,0,0.0,0.0,True
valid,725,0,0.0,0.0,True
valid,726,0,0.0,0.0,True
valid,727,0,0.0,0.0,True
valid,728,0,0.0,0.0,True
valid,729,0,0.0,0.0,True
valid,730,0,0.0,0.0,True
valid,731,0,0.0,0.0,True
valid,732,0,0.0,0.0,True
valid,733,0,0.0,0.0,True
valid,734,0,0.0,0.0,True
valid,735,0,0.0,0.0,True
valid,736,0,0.0,0.0,True
valid,737,0,0.0,0.0,True
valid,738,0,0.0,-0.001953125,True
valid,739,0,0.0,0.0,True
valid,740,0,0.0,0.0,True
valid,741,0,0.0,0.0,True
valid,742,-1,-1.0,-1.0,True
valid,743,0,0.0,0.0,True
valid,744,0,0.0,0.0,True
valid,745,0,0.0,0.0,True
valid,746,0,0.0,0.0,True
valid,747,0,0.0,0.0,True
valid,748,0,0.0,0.0,True
valid,749,0,0.0,0.0,True
valid,750,0,0.0,0.0,True
valid,751,0,0.0,0.0,True
valid,752,0,0.0,0.0,True
valid,753,-2,-2.0,-2.0,True
valid,754,0,0.0,0.0,True
valid,755,0,0.0,0.0,True
valid,756,0,0.0,0.0,True
valid,757,0,0.0,0.0,True
valid,758,0,0.0,0.0,True
valid,759,0,0.0,0.0,True
valid,760,0,0.0,-0.203125,True
valid,761,0,0.0,0.0,True
valid,762,0,0.0,0.0,True
valid,763,0,0.0,0.0,True
valid,764,0,0.0,0.0,True
valid,765,0,0.0,0.0,True
valid,766,0,0.0,0.0,True
valid,767,0,0.0,0.0,True
valid,768,0,0.0,0.0,True
valid,769,0,0.0,0.0,True
valid,770,0,0.0,0.0,True
valid,771,0,0.0,0.0,True
valid,772,0,0.0,0.0,True
valid,773,0,0.0,0.0,True
valid,774,0,0.0,0.0,True
valid,775,0,0.0,0.0,True
valid,776,-1,-1.0,-1.0,True
valid,777,0,0.0,0.0,True
valid,778,0,0.0,0.0,True
valid,779,0,0.0,0.0,True
valid,780,0,0.0,0.0,True
valid,781,0,0.0,0.0,True
valid,782,0,0.0,0.0,True
valid,783,0,0.0,0.0,True
valid,784,0,0.0,0.0,True
valid,785,0,0.0,0.0,True
valid,786,0,0.0,0.0,True
valid,787,0,0.0,0.0,True
valid,788,0,0.0,0.0,True
valid,789,0,0.0,0.0,True
valid,790,0,0.0,0.0,True
valid,791,0,0.0,0.0,True
valid,792,0,0.0,0.0,True
valid,793,0,0.0,0.0,True
valid,794,0,0.0,0.0,True
valid,795,0,0.0,0.0,True
valid,796,0,0.0,0.0,True
valid,797,0,0.0,0.0,True
valid,798,0,0.0,0.0,True
valid,799,0,0.0,0.0,True
valid,800,0,0.0,0.0,True
valid,801,0,0.0,0.0,True
valid,802,0,0.0,0.0,True
valid,803,0,0.0,0.0,True
valid,804,-1,,-1.0091145833333335,False
valid,805,0,0.0,0.0,True
valid,806,0,0.0,0.0,True
valid,807,0,0.0,0.0,True
valid,808,0,0.0,0.0,True
valid,809,0,0.0,0.0,True
valid,810,0,0.0,0.0,True
valid,811,0,0.0,0.0,True
valid,812,0,0.0,0.0,True
valid,813,0,0.0,0.0,True
valid,814,-1,-1.0,-1.0,True
valid,815,0,0.0,0.0,True
valid,816,0,0.0,0.0,True
valid,817,0,0.0,0.0,True
valid,818,0,0.0,0.0,True
valid,819,0,0.0,0.0,True
valid,820,-1,-1.0,-1.0,True
valid,821,0,0.0,0.0,True
valid,822,0,0.0,0.0,True
valid,823,0,0.0,0.0,True
valid,824,0,0.0,0.0,True
valid,825,0,0.0,0.0,True
valid,826,0,0.0,0.0,True
valid,827,0,0.0,0.0,True
valid,828,0,0.0,0.0,True
valid,829,0,0.0,0.0,True
valid,830,0,0.0,0.0,True
valid,831,0,0.0,0.0,True
valid,832,0,0.0,0.0,True
valid,833,0,0.0,0.0,True
valid,834,0,0.0,0.0,True
valid,835,0,0.0,0.0,True
valid,836,0,0.0,0.0,True
valid,837,0,0.0,0.0,True
valid,838,0,0.0,0.0,True
valid,839,0,0.0,0.0,True
valid,840,0,0.0,0.0,True
valid,841,0,0.0,0.0,True
valid,842,0,0.0,0.0,True
valid,843,0,0.0,0.0,True
valid,844,0,0.0,0.0,True
valid,845,0,0.0,0.0,True
valid,846,0,0.0,0.0,True
valid,847,0,0.0,0.0,True
valid,848,0,0.0,0.0,True
valid,849,0,0.0,0.0,True
valid,850,0,0.0,0.0,True
valid,851,0,0.0,0.0,True
valid,852,0,0.0,0.0,True
valid,853,0,0.0,0.0,True
valid,854,0,0.0,0.0,True
valid,855,0,0.0,0.0,True
valid,856,0,0.0,0.0,True
valid,857,0,0.0,0.0,True
valid,858,0,0.0,0.0,True
valid,859,0,0.0,0.0,True
valid,860,0,0.0,0.0,True
valid,861,0,0.0,0.0,True
valid,862,0,0.0,0.0,True
valid,863,0,0.0,0.0,True
valid,864,0,0.0,0.0,True
valid,865,0,0.0,0.0,True
valid,866,0,0.0,0.0,True
valid,867,0,0.0,0.0,True
valid,868,0,0.0,0.0,True
valid,869,0,0.0,0.0,True
valid,870,0,0.0,0.0,True
valid,871,0,0.0,0.0,True
valid,872,0,0.0,0.0,True
valid,873,0,0.0,0.0,True
valid,874,0,0.0,0.0,True
valid,875,0,0.0,0.0,True
valid,876,0,0.0,0.0,True
valid,877,0,0.0,0.0,True
valid,878,0,0.0,0.0,True
valid,879,0,0.0,0.0,True
valid,880,0,0.0,0.0,True
valid,881,0,0.0,0.0,True
valid,882,0,0.0,0.0,True
valid,883,0,0.0,0.0,True
valid,884,0,0.0,0.0,True
valid,885,0,0.0,0.0,True
valid,886,0,0.0,0.0,True
valid,887,0,0.0,0.0,True
valid,888,0,0.0,0.0,True
valid,889,0,0.0,0.0,True
valid,890,0,0.0,0.0,True
valid,891,0,0.0,0.0,True
valid,892,0,0.0,0.0,True
valid,893,0,0.0,0.0,True
valid,894,0,0.0,0.0,True
valid,895,0,0.0,0.0,True
valid,896,0,0.0,0.0,True
valid,897,0,0.0,0.0,True
valid,898,0,0.0,0.0,True
valid,899,0,0.0,0.0,True
valid,900,0,0.0,0.0,True
valid,901,0,0.0,0.0,True
valid,902,0,0.0,0.0,True
valid,903,0,0.0,0.0,True
valid,904,0,0.0,0.0,True
valid,905,0,0.0,0.0,True
valid,906,0,0.0,0.0,True
valid,907,-1,-1.0,-1.0,True
valid,908,0,0.0,0.0,True
valid,909,0,0.0,0.0,True
valid,910,0,0.0,0.0,True
valid,911,0,0.0,0.0,True
valid,912,0,,-0.013020833333333334,False
valid,913,0,0.0,0.0,True
valid,914,0,0.0,0.0,True
valid,915,0,0.0,0.0,True
valid,916,0,0.0,0.0,True
valid,917,0,,-0.011393229166666668,False
valid,918,0,0.0,0.0,True
valid,919,0,0.0,0.0,True
valid,920,0,0.0,0.0,True
valid,921,0,0.0,0.0,True
valid,922,0,0.0,0.0,True
valid,923,0,0.0,0.0,True
valid,924,0,0.0,0.0,True
valid,925,0,0.0,0.0,True
valid,926,-1,-1.0,-1.0,True
valid,927,0,0.0,0.0,True
valid,928,0,0.0,0.0,True
valid,929,0,0.0,0.0,True
valid,930,0,0.0,0.0,True
valid,931,0,0.0,0.0,True
valid,932,0,0.0,0.0,True
valid,933,0,0.0,0.0,True
valid,934,0,0.0,0.0,True
valid,935,-2,,-1.7858072916666667,False
valid,936,0,0.0,0.0,True
valid,937,0,0.0,0.0,True
valid,938,0,0.0,0.0,True
valid,939,0,0.0,0.0,True
valid,940,0,0.0,0.0,True
valid,941,0,0.0,0.0,True
valid,942,0,0.0,0.0,True
valid,943,0,0.0,0.0,True
valid,944,0,0.0,0.0,True
valid,945,0,0.0,0.0,True
valid,946,0,0.0,0.0,True
valid,947,0,0.0,0.0,True
valid,948,0,0.0,0.0,True
valid,949,0,0.0,0.0,True
valid,950,0,0.0,0.0,True
valid,951,0,0.0,0.0,True
valid,952,0,0.0,0.0,True
valid,953,0,0.0,0.0,True
valid,954,0,0.0,0.0,True
valid,955,0,0.0,0.0,True
valid,956,0,0.0,0.0,True
valid,957,0,0.0,0.0,True
valid,958,0,0.0,0.0,True
valid,959,0,0.0,0.0,True
valid,960,0,0.0,0.0,True
valid,961,0,0.0,0.0,True
valid,962,0,0.0,0.0,True
valid,963,0,0.0,0.0,True
valid,964,0,0.0,0.0,True
valid,965,0,0.0,0.0,True
valid,966,0,0.0,0.0,True
valid,967,0,0.0,0.0,True
valid,968,0,0.0,0.0,True
valid,969,0,0.0,0.0,True
valid,970,0,0.0,0.0,True
valid,971,0,0.0,0.0,True
valid,972,0,0.0,0.0,True
valid,973,0,0.0,0.0,True
valid,974,0,0.0,0.0,True
valid,975,0,0.0,0.0,True
valid,976,0,0.0,0.0,True
valid,977,0,0.0,0.0,True
valid,978,0,0.0,0.0,True
valid,979,0,0.0,0.0,True
valid,980,0,0.0,0.0,True
valid,981,0,0.0,0.0,True
valid,982,0,0.0,0.0,True
valid,983,0,0.0,0.0,True
valid,984,0,0.0,0.0,True
valid,985,0,0.0,0.0,True
valid,986,0,0.0,0.0,True
valid,987,0,0.0,0.0,True
valid,988,0,0.0,0.0,True
valid,989,0,0.0,0.0,True
valid,990,0,0.0,0.0,True
valid,991,0,0.0,0.0,True
valid,992,0,0.0,0.0,True
valid,993,0,0.0,0.0,True
valid,994,0,0.0,0.0,True
valid,995,0,0.0,0.0,True
valid,996,0,0.0,0.0,True
valid,997,0,0.0,0.0,True
valid,998,0,0.0,0.0,True
valid,999,0,,-0.7708333333333335,False
